customer_id,name,email,age,city,state,signup_date,number_of_orders,total_spent,average_order_value,anomaly_prediction,is_anomaly
CUST00001,Sophia Jackson,sophia.jackson@example.com,59,Houston,TX,2024-07-29,2.0,265.6,132.8,1,False
CUST00002,Noah Johnson,noah.johnson@example.com,38,Austin,TX,2024-12-22,1.0,47.61,47.61,1,False
CUST00003,Amelia Martin,amelia.martin@example.com,52,Dallas,TX,2026-04-12,1.0,63.17,63.17,1,False
CUST00004,Harper Williams,harper.williams@example.com,58,Arlington,TX,2024-03-06,1.0,106.96,106.96,1,False
CUST00005,Isabella Thomas,isabella.thomas@example.com,57,Fort Worth,TX,2025-02-06,1.0,13.87,13.87,1,False
CUST00006,Mason Wilson,mason.wilson@example.com,20,Houston,TX,2024-04-07,1.0,42.18,42.18,1,False
CUST00007,Amelia Thomas,amelia.thomas@example.com,42,Austin,TX,2023-04-11,1.0,63.08,63.08,1,False
CUST00008,Olivia Miller,olivia.miller@example.com,62,Dallas,TX,2025-11-05,2.0,96.11,48.06,1,False
CUST00009,Sophia Wilson,sophia.wilson@example.com,55,Fort Worth,TX,2023-09-01,1.0,115.4,115.4,1,False
CUST00010,Lucas Moore,lucas.moore@example.com,62,Austin,TX,2026-06-26,0.0,0.0,0.0,1,False
CUST00011,Emma Johnson,emma.johnson@example.com,72,Plano,TX,2023-04-15,2.0,99.12,49.56,1,False
CUST00012,Sophia Jones,sophia.jones@example.com,37,Arlington,TX,2024-11-24,4.0,319.59,79.9,1,False
CUST00013,Isabella Moore,isabella.moore@example.com,69,Plano,TX,2026-04-07,2.0,80.87,40.44,1,False
CUST00014,Isabella Brown,isabella.brown@example.com,61,Arlington,TX,2025-12-06,0.0,0.0,0.0,1,False
CUST00015,Mason Jackson,mason.jackson@example.com,62,Fort Worth,TX,2025-12-02,1.0,40.0,40.0,1,False
CUST00016,Olivia Johnson,olivia.johnson@example.com,51,Denton,TX,2025-03-28,2.0,99.6,49.8,1,False
CUST00017,Noah Wilson,noah.wilson@example.com,38,Plano,TX,2023-08-09,5.0,335.28,67.06,1,False
CUST00018,Mason Wilson,mason.wilson@example.com,73,Arlington,TX,2023-05-24,2.0,100.75,50.38,1,False
CUST00019,Mason Garcia,mason.garcia@example.com,72,Houston,TX,2025-06-08,1.0,91.38,91.38,1,False
CUST00020,Emma Anderson,emma.anderson@example.com,65,Fort Worth,TX,2025-11-17,1.0,68.91,68.91,1,False
CUST00021,Ethan Garcia,ethan.garcia@example.com,40,Arlington,TX,2025-02-28,0.0,0.0,0.0,1,False
CUST00022,Olivia Davis,olivia.davis@example.com,23,Dallas,TX,2024-07-06,1.0,49.55,49.55,1,False
CUST00023,Liam Garcia,liam.garcia@example.com,68,Arlington,TX,2025-04-23,3.0,204.41,68.14,1,False
CUST00024,Mason Smith,mason.smith@example.com,70,Plano,TX,2024-10-20,1.0,53.39,53.39,1,False
CUST00025,James Brown,james.brown@example.com,30,Houston,TX,2025-04-16,0.0,0.0,0.0,1,False
CUST00026,Henry Moore,henry.moore@example.com,66,Austin,TX,2025-10-15,3.0,148.91,49.64,1,False
CUST00027,Ethan Miller,ethan.miller@example.com,40,Denton,TX,2026-04-05,4.0,402.28,100.57,1,False
CUST00028,Liam Moore,liam.moore@example.com,26,Austin,TX,2025-01-20,3.0,254.16,84.72,1,False
CUST00029,James Moore,james.moore@example.com,34,Arlington,TX,2023-09-06,1.0,56.57,56.57,1,False
CUST00030,Olivia Johnson,olivia.johnson@example.com,19,Austin,TX,2025-02-13,4.0,243.27,60.82,1,False
CUST00031,Ava Wilson,ava.wilson@example.com,36,Arlington,TX,2025-02-02,2.0,116.56,58.28,1,False
CUST00032,James Davis,james.davis@example.com,36,Houston,TX,2026-02-08,2.0,71.33,35.66,1,False
CUST00033,Lucas Davis,lucas.davis@example.com,73,Austin,TX,2024-11-22,1.0,32.23,32.23,1,False
CUST00034,Ethan Miller,ethan.miller@example.com,24,Plano,TX,2025-03-30,1.0,36.34,36.34,1,False
CUST00035,Amelia Brown,amelia.brown@example.com,71,Plano,TX,2024-12-19,0.0,0.0,0.0,1,False
CUST00036,James Johnson,james.johnson@example.com,59,Dallas,TX,2023-08-22,3.0,222.0,74.0,1,False
CUST00037,Mia Williams,mia.williams@example.com,59,Arlington,TX,2023-01-24,1.0,145.41,145.41,1,False
CUST00038,Ava Thomas,ava.thomas@example.com,37,Austin,TX,2025-11-15,1.0,68.52,68.52,1,False
CUST00039,Isabella Garcia,isabella.garcia@example.com,26,Plano,TX,2025-10-02,1.0,41.02,41.02,1,False
CUST00040,Isabella Thomas,isabella.thomas@example.com,34,Frisco,TX,2024-06-05,1.0,77.85,77.85,1,False
CUST00041,Harper Thomas,harper.thomas@example.com,44,Houston,TX,2023-01-17,1.0,40.33,40.33,1,False
CUST00042,Lucas Jones,lucas.jones@example.com,64,Denton,TX,2023-09-02,1.0,62.41,62.41,1,False
CUST00043,James Thomas,james.thomas@example.com,19,Houston,TX,2024-12-18,1.0,105.67,105.67,1,False
CUST00044,James Davis,james.davis@example.com,53,Frisco,TX,2025-02-08,1.0,122.77,122.77,1,False
CUST00045,Harper Garcia,harper.garcia@example.com,36,Frisco,TX,2024-12-17,2.0,348.56,174.28,1,False
CUST00046,Henry Garcia,henry.garcia@example.com,34,Dallas,TX,2026-05-10,0.0,0.0,0.0,1,False
CUST00047,Henry Smith,henry.smith@example.com,22,Houston,TX,2026-06-25,0.0,0.0,0.0,1,False
CUST00048,Harper Brown,harper.brown@example.com,56,Houston,TX,2023-04-28,2.0,116.43,58.22,1,False
CUST00049,Henry Jones,henry.jones@example.com,35,Austin,TX,2023-01-09,1.0,13.09,13.09,1,False
CUST00050,Emma Thomas,emma.thomas@example.com,70,Arlington,TX,2024-08-20,1.0,78.64,78.64,1,False
CUST00051,James Anderson,james.anderson@example.com,71,Fort Worth,TX,2023-01-23,0.0,0.0,0.0,1,False
CUST00052,Sophia Williams,sophia.williams@example.com,24,Denton,TX,2023-08-28,1.0,26.42,26.42,1,False
CUST00053,Noah Moore,noah.moore@example.com,34,Houston,TX,2023-01-27,1.0,56.88,56.88,1,False
CUST00054,Mia Wilson,mia.wilson@example.com,56,Denton,TX,2025-09-10,0.0,0.0,0.0,1,False
CUST00055,Emma Smith,emma.smith@example.com,53,Denton,TX,2026-01-09,3.0,188.69,62.9,1,False
CUST00056,Olivia Garcia,olivia.garcia@example.com,57,Denton,TX,2023-07-18,1.0,22.33,22.33,1,False
CUST00057,Emma Garcia,emma.garcia@example.com,62,Houston,TX,2025-02-13,2.0,53.53,26.76,1,False
CUST00058,Sophia Taylor,sophia.taylor@example.com,21,Fort Worth,TX,2023-04-02,1.0,51.95,51.95,1,False
CUST00059,Olivia Jones,olivia.jones@example.com,55,Houston,TX,2025-04-30,1.0,25.54,25.54,1,False
CUST00060,Mia Thomas,mia.thomas@example.com,42,Austin,TX,2026-01-12,3.0,142.96,47.65,1,False
CUST00061,Sophia Jackson,sophia.jackson@example.com,22,Austin,TX,2023-10-27,0.0,0.0,0.0,1,False
CUST00062,Liam Jones,liam.jones@example.com,47,Fort Worth,TX,2023-10-23,0.0,0.0,0.0,1,False
CUST00063,Noah Taylor,noah.taylor@example.com,29,Plano,TX,2024-10-08,0.0,0.0,0.0,1,False
CUST00064,Mia Martin,mia.martin@example.com,21,Houston,TX,2025-09-27,3.0,194.72,64.91,1,False
CUST00065,James Moore,james.moore@example.com,41,Plano,TX,2025-12-18,0.0,0.0,0.0,1,False
CUST00066,Henry Jones,henry.jones@example.com,46,Denton,TX,2025-06-27,1.0,19.45,19.45,1,False
CUST00067,Liam Garcia,liam.garcia@example.com,26,Houston,TX,2025-05-20,1.0,637.52,637.52,-1,True
CUST00068,Lucas Davis,lucas.davis@example.com,21,Arlington,TX,2025-01-22,1.0,49.91,49.91,1,False
CUST00069,Mia Johnson,mia.johnson@example.com,68,Houston,TX,2023-12-08,2.0,128.29,64.14,1,False
CUST00070,Lucas Garcia,lucas.garcia@example.com,41,Austin,TX,2023-03-03,2.0,188.73,94.36,1,False
CUST00071,Olivia Smith,olivia.smith@example.com,31,Dallas,TX,2025-02-14,1.0,57.76,57.76,1,False
CUST00072,Liam Brown,liam.brown@example.com,22,Frisco,TX,2024-09-16,3.0,172.5,57.5,1,False
CUST00073,Noah Martin,noah.martin@example.com,35,Dallas,TX,2023-09-13,3.0,198.06,66.02,1,False
CUST00074,James Taylor,james.taylor@example.com,59,Dallas,TX,2025-04-07,2.0,139.49,69.74,1,False
CUST00075,Harper Williams,harper.williams@example.com,74,Dallas,TX,2025-10-10,0.0,0.0,0.0,1,False
CUST00076,James Wilson,james.wilson@example.com,36,Frisco,TX,2024-09-06,1.0,54.44,54.44,1,False
CUST00077,Sophia Williams,sophia.williams@example.com,29,Plano,TX,2023-09-02,3.0,156.98,52.33,1,False
CUST00078,James Jackson,james.jackson@example.com,35,Frisco,TX,2025-01-26,1.0,86.44,86.44,1,False
CUST00079,Amelia Garcia,amelia.garcia@example.com,34,Plano,TX,2025-04-03,2.0,150.33,75.16,1,False
CUST00080,Mason Smith,mason.smith@example.com,47,Frisco,TX,2025-02-18,2.0,124.58,62.29,1,False
CUST00081,Harper Thomas,harper.thomas@example.com,41,Frisco,TX,2025-01-01,0.0,0.0,0.0,1,False
CUST00082,Emma Garcia,emma.garcia@example.com,28,Houston,TX,2025-05-27,2.0,169.8,84.9,1,False
CUST00083,Henry Brown,henry.brown@example.com,52,Plano,TX,2026-05-25,1.0,357.01,357.01,-1,True
CUST00084,Ava Davis,ava.davis@example.com,40,Houston,TX,2024-05-30,0.0,0.0,0.0,1,False
CUST00085,Noah Moore,noah.moore@example.com,34,Arlington,TX,2024-04-18,3.0,280.91,93.64,1,False
CUST00086,Liam Anderson,liam.anderson@example.com,18,Houston,TX,2023-02-05,0.0,0.0,0.0,1,False
CUST00087,Mason Wilson,mason.wilson@example.com,32,Dallas,TX,2026-04-16,0.0,0.0,0.0,1,False
CUST00088,Noah Brown,noah.brown@example.com,49,Fort Worth,TX,2025-11-06,2.0,208.87,104.44,1,False
CUST00089,Liam Taylor,liam.taylor@example.com,26,Fort Worth,TX,2025-04-09,4.0,218.01,54.5,1,False
CUST00090,Henry Thomas,henry.thomas@example.com,32,Austin,TX,2025-12-07,2.0,182.11,91.06,1,False
CUST00091,Ethan Taylor,ethan.taylor@example.com,45,Austin,TX,2025-12-21,0.0,0.0,0.0,1,False
CUST00092,Ethan Garcia,ethan.garcia@example.com,41,Denton,TX,2025-12-28,3.0,208.98,69.66,1,False
CUST00093,Lucas Smith,lucas.smith@example.com,52,Houston,TX,2024-01-01,0.0,0.0,0.0,1,False
CUST00094,Noah Brown,noah.brown@example.com,39,Frisco,TX,2026-03-31,1.0,72.89,72.89,1,False
CUST00095,Ethan Miller,ethan.miller@example.com,44,Frisco,TX,2025-08-02,0.0,0.0,0.0,1,False
CUST00096,Amelia Thomas,amelia.thomas@example.com,36,Fort Worth,TX,2025-09-02,1.0,53.08,53.08,1,False
CUST00097,Harper Jackson,harper.jackson@example.com,62,Dallas,TX,2024-03-06,0.0,0.0,0.0,1,False
CUST00098,Liam Smith,liam.smith@example.com,29,Plano,TX,2025-05-08,1.0,26.08,26.08,1,False
CUST00099,Lucas Davis,lucas.davis@example.com,37,Dallas,TX,2023-08-18,1.0,53.25,53.25,1,False
CUST00100,James Thomas,james.thomas@example.com,18,Denton,TX,2024-01-05,1.0,82.69,82.69,1,False
CUST00101,Liam Taylor,liam.taylor@example.com,38,Dallas,TX,2023-06-27,3.0,126.74,42.25,1,False
CUST00102,Lucas Thomas,lucas.thomas@example.com,66,Houston,TX,2024-07-21,2.0,159.09,79.54,1,False
CUST00103,Henry Anderson,henry.anderson@example.com,62,Houston,TX,2026-05-14,2.0,69.9,34.95,1,False
CUST00104,Noah Garcia,noah.garcia@example.com,18,Arlington,TX,2025-03-03,0.0,0.0,0.0,1,False
CUST00105,Henry Jones,henry.jones@example.com,27,Denton,TX,2025-06-18,3.0,606.84,202.28,-1,True
CUST00106,Harper Taylor,harper.taylor@example.com,64,Dallas,TX,2025-09-01,0.0,0.0,0.0,1,False
CUST00107,Harper Anderson,harper.anderson@example.com,49,Frisco,TX,2023-03-23,2.0,132.25,66.12,1,False
CUST00108,Mason Jackson,mason.jackson@example.com,56,Frisco,TX,2025-04-25,1.0,68.96,68.96,1,False
CUST00109,Henry Martin,henry.martin@example.com,39,Denton,TX,2025-01-31,0.0,0.0,0.0,1,False
CUST00110,Sophia Wilson,sophia.wilson@example.com,35,Dallas,TX,2026-05-01,2.0,90.48,45.24,1,False
CUST00111,James Johnson,james.johnson@example.com,65,Houston,TX,2024-09-09,2.0,229.02,114.51,1,False
CUST00112,Mia Jones,mia.jones@example.com,63,Houston,TX,2026-04-27,3.0,339.0,113.0,1,False
CUST00113,Henry Garcia,henry.garcia@example.com,49,Arlington,TX,2026-01-02,0.0,0.0,0.0,1,False
CUST00114,Mason Miller,mason.miller@example.com,44,Arlington,TX,2025-10-30,1.0,37.4,37.4,1,False
CUST00115,Olivia Jones,olivia.jones@example.com,45,Austin,TX,2023-08-04,4.0,307.49,76.87,1,False
CUST00116,Amelia Wilson,amelia.wilson@example.com,35,Denton,TX,2023-10-17,2.0,126.96,63.48,1,False
CUST00117,Liam Smith,liam.smith@example.com,56,Fort Worth,TX,2024-03-20,1.0,32.43,32.43,1,False
CUST00118,Harper Miller,harper.miller@example.com,66,Dallas,TX,2025-07-11,3.0,141.31,47.1,1,False
CUST00119,Olivia Taylor,olivia.taylor@example.com,46,Denton,TX,2024-07-05,2.0,55.23,27.62,1,False
CUST00120,Mason Miller,mason.miller@example.com,35,Frisco,TX,2023-07-12,1.0,72.46,72.46,1,False
CUST00121,Lucas Brown,lucas.brown@example.com,61,Dallas,TX,2023-10-16,3.0,250.19,83.4,1,False
CUST00122,Mia Wilson,mia.wilson@example.com,25,Arlington,TX,2024-08-05,4.0,258.24,64.56,1,False
CUST00123,James Martin,james.martin@example.com,71,Arlington,TX,2026-03-13,0.0,0.0,0.0,1,False
CUST00124,James Thomas,james.thomas@example.com,48,Austin,TX,2025-05-06,0.0,0.0,0.0,1,False
CUST00125,James Anderson,james.anderson@example.com,51,Fort Worth,TX,2025-02-19,4.0,310.76,77.69,1,False
CUST00126,Amelia Jones,amelia.jones@example.com,24,Austin,TX,2025-06-14,2.0,100.99,50.5,1,False
CUST00127,Mia Brown,mia.brown@example.com,53,Frisco,TX,2025-07-08,2.0,71.33,35.66,1,False
CUST00128,Amelia Moore,amelia.moore@example.com,35,Fort Worth,TX,2024-07-17,3.0,224.98,74.99,1,False
CUST00129,Harper Miller,harper.miller@example.com,55,Plano,TX,2023-01-13,0.0,0.0,0.0,1,False
CUST00130,Amelia Brown,amelia.brown@example.com,26,Dallas,TX,2025-09-13,2.0,228.72,114.36,1,False
CUST00131,Ava Jackson,ava.jackson@example.com,26,Austin,TX,2023-12-06,2.0,297.05,148.52,1,False
CUST00132,Mia Williams,mia.williams@example.com,63,Arlington,TX,2025-05-14,1.0,31.16,31.16,1,False
CUST00133,Sophia Wilson,sophia.wilson@example.com,25,Austin,TX,2023-11-08,0.0,0.0,0.0,1,False
CUST00134,Mia Anderson,mia.anderson@example.com,68,Plano,TX,2025-01-02,3.0,163.43,54.48,1,False
CUST00135,Mason Davis,mason.davis@example.com,52,Austin,TX,2026-02-01,2.0,133.59,66.8,1,False
CUST00136,Ava Smith,ava.smith@example.com,35,Dallas,TX,2023-12-05,2.0,132.52,66.26,1,False
CUST00137,James Miller,james.miller@example.com,22,Plano,TX,2026-05-06,2.0,102.05,51.02,1,False
CUST00138,Mason Wilson,mason.wilson@example.com,31,Denton,TX,2023-10-27,1.0,55.19,55.19,1,False
CUST00139,Mason Davis,mason.davis@example.com,45,Denton,TX,2023-12-25,0.0,0.0,0.0,1,False
CUST00140,Harper Davis,harper.davis@example.com,47,Denton,TX,2023-06-18,3.0,216.53,72.18,1,False
CUST00141,Isabella Moore,isabella.moore@example.com,21,Arlington,TX,2026-03-18,1.0,101.89,101.89,1,False
CUST00142,Emma Garcia,emma.garcia@example.com,56,Arlington,TX,2025-01-30,2.0,113.99,57.0,1,False
CUST00143,Ava Anderson,ava.anderson@example.com,37,Denton,TX,2025-02-06,1.0,35.24,35.24,1,False
CUST00144,Mason Brown,mason.brown@example.com,42,Denton,TX,2025-09-08,2.0,174.67,87.34,1,False
CUST00145,Emma Davis,emma.davis@example.com,45,Denton,TX,2023-02-11,1.0,14.01,14.01,1,False
CUST00146,Emma Williams,emma.williams@example.com,29,Houston,TX,2023-07-21,4.0,184.96,46.24,1,False
CUST00147,Ava Moore,ava.moore@example.com,19,Denton,TX,2025-08-27,2.0,66.15,33.08,1,False
CUST00148,Isabella Wilson,isabella.wilson@example.com,60,Plano,TX,2026-06-21,1.0,48.63,48.63,1,False
CUST00149,Olivia Moore,olivia.moore@example.com,31,Houston,TX,2024-04-08,0.0,0.0,0.0,1,False
CUST00150,Lucas Johnson,lucas.johnson@example.com,39,Houston,TX,2024-03-24,1.0,226.64,226.64,1,False
CUST00151,Sophia Johnson,sophia.johnson@example.com,48,Dallas,TX,2025-07-01,2.0,150.96,75.48,1,False
CUST00152,Lucas Thomas,lucas.thomas@example.com,40,Austin,TX,2025-03-08,3.0,134.29,44.76,1,False
CUST00153,Mia Moore,mia.moore@example.com,65,Arlington,TX,2025-03-04,1.0,114.41,114.41,1,False
CUST00154,James Jackson,james.jackson@example.com,37,Arlington,TX,2024-03-12,3.0,124.75,41.58,1,False
CUST00155,Sophia Thomas,sophia.thomas@example.com,55,Austin,TX,2024-06-14,2.0,76.86,38.43,1,False
CUST00156,Mia Miller,mia.miller@example.com,72,Arlington,TX,2024-07-18,0.0,0.0,0.0,1,False
CUST00157,Mason Thomas,mason.thomas@example.com,21,Austin,TX,2025-05-21,2.0,290.47,145.24,1,False
CUST00158,James Taylor,james.taylor@example.com,32,Plano,TX,2023-08-01,1.0,12.09,12.09,1,False
CUST00159,Liam Brown,liam.brown@example.com,41,Dallas,TX,2025-08-06,2.0,120.83,60.42,1,False
CUST00160,Ava Taylor,ava.taylor@example.com,42,Denton,TX,2026-02-01,4.0,392.67,98.17,1,False
CUST00161,Sophia Davis,sophia.davis@example.com,18,Dallas,TX,2023-07-11,4.0,222.0,55.5,1,False
CUST00162,Sophia Wilson,sophia.wilson@example.com,24,Frisco,TX,2026-01-09,4.0,160.37,40.09,1,False
CUST00163,Henry Miller,henry.miller@example.com,74,Dallas,TX,2024-12-05,3.0,167.75,55.92,1,False
CUST00164,Mason Jones,mason.jones@example.com,48,Austin,TX,2024-07-02,1.0,109.13,109.13,1,False
CUST00165,Olivia Davis,olivia.davis@example.com,29,Frisco,TX,2023-06-03,4.0,225.26,56.32,1,False
CUST00166,Emma Brown,emma.brown@example.com,59,Austin,TX,2024-07-24,1.0,40.28,40.28,1,False
CUST00167,James Johnson,james.johnson@example.com,22,Denton,TX,2023-08-28,3.0,196.31,65.44,1,False
CUST00168,Mason Anderson,mason.anderson@example.com,61,Fort Worth,TX,2024-01-09,2.0,141.73,70.87,1,False
CUST00169,Ethan Jackson,ethan.jackson@example.com,67,Frisco,TX,2025-03-15,3.0,349.13,116.38,1,False
CUST00170,Isabella Thomas,isabella.thomas@example.com,59,Denton,TX,2025-03-09,1.0,59.06,59.06,1,False
CUST00171,Emma Garcia,emma.garcia@example.com,55,Denton,TX,2026-05-12,3.0,359.21,119.74,1,False
CUST00172,Ava Wilson,ava.wilson@example.com,29,Arlington,TX,2024-09-02,0.0,0.0,0.0,1,False
CUST00173,Emma Smith,emma.smith@example.com,56,Arlington,TX,2024-11-18,0.0,0.0,0.0,1,False
CUST00174,Olivia Anderson,olivia.anderson@example.com,35,Fort Worth,TX,2025-02-12,0.0,0.0,0.0,1,False
CUST00175,Harper Taylor,harper.taylor@example.com,19,Fort Worth,TX,2023-05-23,1.0,52.23,52.23,1,False
CUST00176,Henry Thomas,henry.thomas@example.com,27,Dallas,TX,2026-04-27,2.0,342.17,171.08,1,False
CUST00177,Emma Miller,emma.miller@example.com,32,Denton,TX,2023-09-29,1.0,51.27,51.27,1,False
CUST00178,Ava Taylor,ava.taylor@example.com,47,Fort Worth,TX,2024-03-01,1.0,58.3,58.3,1,False
CUST00179,Olivia Wilson,olivia.wilson@example.com,61,Austin,TX,2023-02-15,2.0,189.92,94.96,1,False
CUST00180,Lucas Taylor,lucas.taylor@example.com,34,Denton,TX,2023-04-05,0.0,0.0,0.0,1,False
CUST00181,Sophia Wilson,sophia.wilson@example.com,21,Houston,TX,2023-03-05,1.0,84.53,84.53,1,False
CUST00182,Harper Taylor,harper.taylor@example.com,24,Austin,TX,2024-02-17,2.0,199.33,99.66,1,False
CUST00183,Henry Anderson,henry.anderson@example.com,58,Frisco,TX,2025-10-29,0.0,0.0,0.0,1,False
CUST00184,Sophia Moore,sophia.moore@example.com,48,Fort Worth,TX,2024-04-03,0.0,0.0,0.0,1,False
CUST00185,Isabella Williams,isabella.williams@example.com,68,Arlington,TX,2024-04-14,1.0,75.07,75.07,1,False
CUST00186,Mia Anderson,mia.anderson@example.com,72,Austin,TX,2025-03-20,2.0,210.05,105.02,1,False
CUST00187,Harper Moore,harper.moore@example.com,56,Arlington,TX,2024-05-20,0.0,0.0,0.0,1,False
CUST00188,Harper Jones,harper.jones@example.com,72,Austin,TX,2026-01-01,3.0,145.81,48.6,1,False
CUST00189,Lucas Davis,lucas.davis@example.com,51,Arlington,TX,2023-03-25,3.0,128.75,42.92,1,False
CUST00190,Lucas Davis,lucas.davis@example.com,23,Plano,TX,2023-02-28,1.0,174.32,174.32,1,False
CUST00191,James Brown,james.brown@example.com,67,Austin,TX,2025-11-10,1.0,103.91,103.91,1,False
CUST00192,Amelia Jackson,amelia.jackson@example.com,55,Frisco,TX,2025-07-06,0.0,0.0,0.0,1,False
CUST00193,Emma Jackson,emma.jackson@example.com,62,Arlington,TX,2023-06-06,1.0,106.88,106.88,1,False
CUST00194,Harper Thomas,harper.thomas@example.com,68,Houston,TX,2024-07-29,2.0,60.71,30.36,1,False
CUST00195,Sophia Anderson,sophia.anderson@example.com,51,Frisco,TX,2025-04-16,1.0,78.86,78.86,1,False
CUST00196,Ava Anderson,ava.anderson@example.com,61,Dallas,TX,2024-11-10,2.0,67.63,33.82,1,False
CUST00197,Noah Smith,noah.smith@example.com,32,Austin,TX,2023-07-22,1.0,70.14,70.14,1,False
CUST00198,Amelia Smith,amelia.smith@example.com,31,Houston,TX,2026-02-03,0.0,0.0,0.0,1,False
CUST00199,Noah Jackson,noah.jackson@example.com,23,Dallas,TX,2026-02-19,2.0,122.57,61.28,1,False
CUST00200,Henry Brown,henry.brown@example.com,67,Austin,TX,2023-11-14,3.0,264.62,88.21,1,False
CUST00201,Olivia Garcia,olivia.garcia@example.com,54,Houston,TX,2026-04-20,2.0,103.74,51.87,1,False
CUST00202,Sophia Davis,sophia.davis@example.com,67,Houston,TX,2024-02-10,1.0,54.05,54.05,1,False
CUST00203,Sophia Garcia,sophia.garcia@example.com,49,Frisco,TX,2025-09-12,3.0,425.63,141.88,1,False
CUST00204,Amelia Thomas,amelia.thomas@example.com,20,Plano,TX,2025-08-06,2.0,50.65,25.32,1,False
CUST00205,Harper Wilson,harper.wilson@example.com,20,Houston,TX,2025-12-29,1.0,12.86,12.86,1,False
CUST00206,Isabella Jackson,isabella.jackson@example.com,39,Plano,TX,2026-03-29,2.0,125.2,62.6,1,False
CUST00207,Amelia Jackson,amelia.jackson@example.com,39,Fort Worth,TX,2026-06-17,1.0,44.76,44.76,1,False
CUST00208,Noah Wilson,noah.wilson@example.com,27,Frisco,TX,2026-03-07,1.0,40.16,40.16,1,False
CUST00209,Amelia Martin,amelia.martin@example.com,68,Denton,TX,2024-05-09,2.0,180.63,90.32,1,False
CUST00210,Sophia Johnson,sophia.johnson@example.com,20,Arlington,TX,2024-11-09,1.0,31.7,31.7,1,False
CUST00211,Isabella Taylor,isabella.taylor@example.com,29,Frisco,TX,2026-06-24,0.0,0.0,0.0,1,False
CUST00212,Emma Smith,emma.smith@example.com,46,Dallas,TX,2026-06-20,4.0,237.11,59.28,1,False
CUST00213,Ethan Johnson,ethan.johnson@example.com,65,Arlington,TX,2025-04-14,1.0,152.38,152.38,1,False
CUST00214,James Jones,james.jones@example.com,34,Arlington,TX,2023-07-13,2.0,296.95,148.48,1,False
CUST00215,Liam Brown,liam.brown@example.com,24,Denton,TX,2023-11-04,1.0,24.07,24.07,1,False
CUST00216,Lucas Brown,lucas.brown@example.com,30,Plano,TX,2024-05-20,2.0,84.08,42.04,1,False
CUST00217,Amelia Wilson,amelia.wilson@example.com,73,Denton,TX,2023-10-08,0.0,0.0,0.0,1,False
CUST00218,Henry Anderson,henry.anderson@example.com,19,Denton,TX,2024-11-05,0.0,0.0,0.0,1,False
CUST00219,Mia Davis,mia.davis@example.com,21,Arlington,TX,2025-07-21,4.0,457.87,114.47,1,False
CUST00220,Olivia Garcia,olivia.garcia@example.com,27,Houston,TX,2024-12-15,1.0,79.66,79.66,1,False
CUST00221,Ethan Smith,ethan.smith@example.com,56,Plano,TX,2024-08-30,4.0,284.1,71.02,1,False
CUST00222,James Johnson,james.johnson@example.com,41,Arlington,TX,2024-04-27,1.0,83.43,83.43,1,False
CUST00223,James Garcia,james.garcia@example.com,34,Plano,TX,2026-05-31,0.0,0.0,0.0,1,False
CUST00224,James Anderson,james.anderson@example.com,69,Fort Worth,TX,2023-04-27,1.0,66.49,66.49,1,False
CUST00225,James Johnson,james.johnson@example.com,23,Plano,TX,2025-08-25,1.0,93.69,93.69,1,False
CUST00226,Noah Jackson,noah.jackson@example.com,36,Austin,TX,2023-07-11,0.0,0.0,0.0,1,False
CUST00227,Henry Moore,henry.moore@example.com,22,Houston,TX,2025-02-26,3.0,301.05,100.35,1,False
CUST00228,Henry Taylor,henry.taylor@example.com,49,Dallas,TX,2024-09-09,2.0,297.14,148.57,1,False
CUST00229,Isabella Jones,isabella.jones@example.com,27,Austin,TX,2024-05-30,0.0,0.0,0.0,1,False
CUST00230,Lucas Martin,lucas.martin@example.com,26,Austin,TX,2023-11-03,4.0,231.05,57.76,1,False
CUST00231,Sophia Jones,sophia.jones@example.com,44,Denton,TX,2024-06-15,5.0,432.42,86.48,1,False
CUST00232,James Garcia,james.garcia@example.com,30,Denton,TX,2023-05-02,3.0,175.93,58.64,1,False
CUST00233,Mia Garcia,mia.garcia@example.com,36,Austin,TX,2024-10-10,3.0,189.84,63.28,1,False
CUST00234,Sophia Martin,sophia.martin@example.com,38,Arlington,TX,2024-08-14,0.0,0.0,0.0,1,False
CUST00235,Henry Garcia,henry.garcia@example.com,41,Plano,TX,2026-03-23,3.0,270.36,90.12,1,False
CUST00236,Ava Martin,ava.martin@example.com,55,Plano,TX,2025-05-19,0.0,0.0,0.0,1,False
CUST00237,Ava Johnson,ava.johnson@example.com,21,Frisco,TX,2026-04-07,2.0,99.68,49.84,1,False
CUST00238,Mia Martin,mia.martin@example.com,41,Arlington,TX,2023-02-28,0.0,0.0,0.0,1,False
CUST00239,Isabella Taylor,isabella.taylor@example.com,52,Houston,TX,2023-10-28,2.0,110.79,55.4,1,False
CUST00240,Henry Martin,henry.martin@example.com,20,Arlington,TX,2024-07-06,1.0,21.97,21.97,1,False
CUST00241,Mia Moore,mia.moore@example.com,21,Arlington,TX,2026-02-14,1.0,45.76,45.76,1,False
CUST00242,Noah Jackson,noah.jackson@example.com,74,Arlington,TX,2026-02-24,0.0,0.0,0.0,1,False
CUST00243,Amelia Martin,amelia.martin@example.com,54,Houston,TX,2024-02-03,1.0,71.04,71.04,1,False
CUST00244,Mia Williams,mia.williams@example.com,57,Frisco,TX,2024-05-29,2.0,68.76,34.38,1,False
CUST00245,Emma Martin,emma.martin@example.com,65,Houston,TX,2025-03-15,2.0,80.37,40.18,1,False
CUST00246,Sophia Garcia,sophia.garcia@example.com,71,Fort Worth,TX,2024-05-12,2.0,135.05,67.53,1,False
CUST00247,Ethan Moore,ethan.moore@example.com,52,Frisco,TX,2025-07-30,3.0,228.88,76.29,1,False
CUST00248,Mason Davis,mason.davis@example.com,48,Fort Worth,TX,2024-06-11,1.0,51.49,51.49,1,False
CUST00249,Isabella Thomas,isabella.thomas@example.com,73,Fort Worth,TX,2024-02-02,2.0,150.87,75.44,1,False
CUST00250,Mia Moore,mia.moore@example.com,61,Fort Worth,TX,2024-03-11,1.0,80.72,80.72,1,False
CUST00251,Henry Anderson,henry.anderson@example.com,42,Plano,TX,2025-04-19,0.0,0.0,0.0,1,False
CUST00252,Olivia Thomas,olivia.thomas@example.com,57,Austin,TX,2023-12-26,0.0,0.0,0.0,1,False
CUST00253,Ava Smith,ava.smith@example.com,30,Austin,TX,2026-02-26,1.0,128.53,128.53,1,False
CUST00254,Emma Smith,emma.smith@example.com,21,Fort Worth,TX,2025-05-13,2.0,129.66,64.83,1,False
CUST00255,Lucas Anderson,lucas.anderson@example.com,63,Fort Worth,TX,2024-09-25,2.0,78.94,39.47,1,False
CUST00256,James Moore,james.moore@example.com,31,Dallas,TX,2026-06-18,4.0,129.94,32.48,1,False
CUST00257,Mason Johnson,mason.johnson@example.com,30,Denton,TX,2026-05-30,2.0,263.98,131.99,1,False
CUST00258,Harper Anderson,harper.anderson@example.com,44,Austin,TX,2023-08-02,2.0,163.16,81.58,1,False
CUST00259,Isabella Jackson,isabella.jackson@example.com,23,Denton,TX,2025-07-04,1.0,114.17,114.17,1,False
CUST00260,Ethan Thomas,ethan.thomas@example.com,34,Denton,TX,2024-08-14,3.0,122.84,40.95,1,False
CUST00261,Mason Thomas,mason.thomas@example.com,53,Dallas,TX,2023-05-15,3.0,319.8,106.6,1,False
CUST00262,Mia Garcia,mia.garcia@example.com,57,Denton,TX,2025-01-23,1.0,57.13,57.13,1,False
CUST00263,Noah Wilson,noah.wilson@example.com,66,Frisco,TX,2024-01-21,2.0,153.92,76.96,1,False
CUST00264,Ava Brown,ava.brown@example.com,52,Dallas,TX,2026-04-27,3.0,384.39,128.13,1,False
CUST00265,Henry Williams,henry.williams@example.com,34,Denton,TX,2024-01-24,1.0,198.11,198.11,1,False
CUST00266,Ava Thomas,ava.thomas@example.com,58,Denton,TX,2025-01-13,1.0,65.71,65.71,1,False
CUST00267,Lucas Davis,lucas.davis@example.com,19,Arlington,TX,2024-12-04,1.0,56.58,56.58,1,False
CUST00268,Noah Anderson,noah.anderson@example.com,74,Denton,TX,2025-07-13,2.0,61.87,30.94,1,False
CUST00269,James Taylor,james.taylor@example.com,30,Plano,TX,2025-02-11,3.0,463.65,154.55,1,False
CUST00270,Henry Martin,henry.martin@example.com,69,Frisco,TX,2026-02-10,2.0,123.91,61.96,1,False
CUST00271,Sophia Wilson,sophia.wilson@example.com,19,Houston,TX,2025-05-13,2.0,249.43,124.72,1,False
CUST00272,Liam Thomas,liam.thomas@example.com,69,Austin,TX,2025-11-25,0.0,0.0,0.0,1,False
CUST00273,Emma Anderson,emma.anderson@example.com,45,Fort Worth,TX,2023-03-20,0.0,0.0,0.0,1,False
CUST00274,Ava Jones,ava.jones@example.com,60,Denton,TX,2024-11-04,0.0,0.0,0.0,1,False
CUST00275,Olivia Wilson,olivia.wilson@example.com,43,Frisco,TX,2023-11-08,2.0,285.98,142.99,1,False
CUST00276,Ava Johnson,ava.johnson@example.com,39,Fort Worth,TX,2023-07-23,0.0,0.0,0.0,1,False
CUST00277,Mason Williams,mason.williams@example.com,64,Houston,TX,2025-09-11,0.0,0.0,0.0,1,False
CUST00278,Ava Miller,ava.miller@example.com,60,Frisco,TX,2023-01-17,1.0,88.86,88.86,1,False
CUST00279,Isabella Miller,isabella.miller@example.com,72,Austin,TX,2024-04-20,2.0,154.02,77.01,1,False
CUST00280,Ava Garcia,ava.garcia@example.com,20,Frisco,TX,2025-10-13,1.0,89.39,89.39,1,False
CUST00281,Liam Garcia,liam.garcia@example.com,52,Fort Worth,TX,2023-07-29,1.0,75.03,75.03,1,False
CUST00282,Liam Johnson,liam.johnson@example.com,29,Fort Worth,TX,2024-05-13,0.0,0.0,0.0,1,False
CUST00283,James Taylor,james.taylor@example.com,41,Arlington,TX,2024-03-04,0.0,0.0,0.0,1,False
CUST00284,Ethan Garcia,ethan.garcia@example.com,22,Denton,TX,2026-01-06,1.0,128.52,128.52,1,False
CUST00285,Sophia Brown,sophia.brown@example.com,37,Dallas,TX,2026-01-08,2.0,80.42,40.21,1,False
CUST00286,Olivia Thomas,olivia.thomas@example.com,56,Frisco,TX,2023-02-27,0.0,0.0,0.0,1,False
CUST00287,Ava Williams,ava.williams@example.com,56,Fort Worth,TX,2026-05-16,1.0,138.86,138.86,1,False
CUST00288,Ava Moore,ava.moore@example.com,30,Plano,TX,2026-03-04,1.0,34.02,34.02,1,False
CUST00289,Emma Anderson,emma.anderson@example.com,58,Austin,TX,2025-09-20,0.0,0.0,0.0,1,False
CUST00290,Henry Moore,henry.moore@example.com,74,Plano,TX,2024-06-05,1.0,107.44,107.44,1,False
CUST00291,Liam Johnson,liam.johnson@example.com,70,Houston,TX,2024-08-03,1.0,24.99,24.99,1,False
CUST00292,Olivia Smith,olivia.smith@example.com,62,Frisco,TX,2025-06-17,3.0,189.67,63.22,1,False
CUST00293,James Anderson,james.anderson@example.com,29,Arlington,TX,2026-01-11,1.0,45.3,45.3,1,False
CUST00294,Lucas Anderson,lucas.anderson@example.com,30,Austin,TX,2024-09-12,3.0,200.3,66.77,1,False
CUST00295,Ethan Jones,ethan.jones@example.com,73,Arlington,TX,2025-12-03,1.0,71.66,71.66,1,False
CUST00296,Sophia Johnson,sophia.johnson@example.com,27,Dallas,TX,2025-08-23,2.0,140.49,70.24,1,False
CUST00297,Noah Johnson,noah.johnson@example.com,50,Fort Worth,TX,2025-06-28,0.0,0.0,0.0,1,False
CUST00298,Sophia Miller,sophia.miller@example.com,74,Denton,TX,2024-05-07,0.0,0.0,0.0,1,False
CUST00299,Isabella Davis,isabella.davis@example.com,57,Austin,TX,2024-05-13,2.0,51.13,25.56,1,False
CUST00300,Mason Moore,mason.moore@example.com,71,Houston,TX,2025-11-07,2.0,253.64,126.82,1,False
CUST00301,Isabella Taylor,isabella.taylor@example.com,33,Denton,TX,2024-08-27,2.0,168.76,84.38,1,False
CUST00302,Ava Davis,ava.davis@example.com,62,Frisco,TX,2025-08-05,2.0,251.07,125.54,1,False
CUST00303,Harper Martin,harper.martin@example.com,52,Dallas,TX,2023-10-21,0.0,0.0,0.0,1,False
CUST00304,Ethan Brown,ethan.brown@example.com,20,Dallas,TX,2026-03-17,3.0,179.4,59.8,1,False
CUST00305,Mason Jackson,mason.jackson@example.com,73,Arlington,TX,2023-06-21,0.0,0.0,0.0,1,False
CUST00306,Olivia Martin,olivia.martin@example.com,22,Dallas,TX,2024-06-14,3.0,227.18,75.73,1,False
CUST00307,Noah Smith,noah.smith@example.com,43,Austin,TX,2026-02-17,1.0,120.99,120.99,1,False
CUST00308,Liam Anderson,liam.anderson@example.com,28,Arlington,TX,2023-03-07,1.0,113.64,113.64,1,False
CUST00309,Ethan Miller,ethan.miller@example.com,24,Denton,TX,2023-05-21,2.0,106.49,53.24,1,False
CUST00310,Ethan Smith,ethan.smith@example.com,70,Dallas,TX,2024-03-21,0.0,0.0,0.0,1,False
CUST00311,Isabella Anderson,isabella.anderson@example.com,73,Frisco,TX,2023-07-08,1.0,106.33,106.33,1,False
CUST00312,Harper Brown,harper.brown@example.com,27,Denton,TX,2023-06-07,2.0,88.59,44.3,1,False
CUST00313,Ava Davis,ava.davis@example.com,59,Houston,TX,2024-10-31,2.0,471.06,235.53,-1,True
CUST00314,Mia Johnson,mia.johnson@example.com,69,Frisco,TX,2023-09-03,3.0,146.68,48.89,1,False
CUST00315,James Garcia,james.garcia@example.com,51,Plano,TX,2025-05-05,1.0,69.41,69.41,1,False
CUST00316,Isabella Moore,isabella.moore@example.com,20,Austin,TX,2025-08-01,5.0,418.87,83.77,-1,True
CUST00317,Ethan Garcia,ethan.garcia@example.com,25,Houston,TX,2025-01-17,0.0,0.0,0.0,1,False
CUST00318,Amelia Thomas,amelia.thomas@example.com,48,Houston,TX,2025-11-22,3.0,188.55,62.85,1,False
CUST00319,Emma Wilson,emma.wilson@example.com,28,Arlington,TX,2023-11-26,0.0,0.0,0.0,1,False
CUST00320,Noah Jones,noah.jones@example.com,62,Fort Worth,TX,2024-05-26,1.0,85.91,85.91,1,False
CUST00321,James Taylor,james.taylor@example.com,24,Arlington,TX,2025-04-29,0.0,0.0,0.0,1,False
CUST00322,Isabella Brown,isabella.brown@example.com,62,Austin,TX,2025-12-30,1.0,159.57,159.57,1,False
CUST00323,Noah Jones,noah.jones@example.com,19,Austin,TX,2023-03-20,1.0,164.88,164.88,1,False
CUST00324,Emma Thomas,emma.thomas@example.com,23,Arlington,TX,2023-06-18,1.0,143.89,143.89,1,False
CUST00325,Lucas Thomas,lucas.thomas@example.com,58,Fort Worth,TX,2025-03-20,3.0,198.06,66.02,1,False
CUST00326,Emma Taylor,emma.taylor@example.com,49,Frisco,TX,2025-09-09,0.0,0.0,0.0,1,False
CUST00327,Harper Jackson,harper.jackson@example.com,37,Arlington,TX,2023-06-29,1.0,16.16,16.16,1,False
CUST00328,Emma Anderson,emma.anderson@example.com,74,Austin,TX,2023-09-17,2.0,110.57,55.28,1,False
CUST00329,Noah Jones,noah.jones@example.com,51,Fort Worth,TX,2025-10-25,0.0,0.0,0.0,1,False
CUST00330,Sophia Davis,sophia.davis@example.com,67,Austin,TX,2023-10-24,0.0,0.0,0.0,1,False
CUST00331,Noah Taylor,noah.taylor@example.com,33,Fort Worth,TX,2024-09-11,0.0,0.0,0.0,1,False
CUST00332,Mia Thomas,mia.thomas@example.com,42,Fort Worth,TX,2025-05-04,2.0,112.66,56.33,1,False
CUST00333,Ava Davis,ava.davis@example.com,29,Denton,TX,2023-12-26,2.0,287.57,143.78,1,False
CUST00334,Mason Johnson,mason.johnson@example.com,24,Arlington,TX,2023-04-27,3.0,228.91,76.3,1,False
CUST00335,Sophia Miller,sophia.miller@example.com,56,Arlington,TX,2023-12-23,2.0,161.06,80.53,1,False
CUST00336,Liam Davis,liam.davis@example.com,34,Arlington,TX,2025-08-14,0.0,0.0,0.0,1,False
CUST00337,Mason Anderson,mason.anderson@example.com,62,Fort Worth,TX,2024-03-14,1.0,128.54,128.54,1,False
CUST00338,Ava Garcia,ava.garcia@example.com,28,Fort Worth,TX,2026-04-26,2.0,191.47,95.74,1,False
CUST00339,Isabella Jones,isabella.jones@example.com,23,Austin,TX,2026-02-12,2.0,199.1,99.55,1,False
CUST00340,James Anderson,james.anderson@example.com,40,Houston,TX,2026-06-13,0.0,0.0,0.0,1,False
CUST00341,Mia Wilson,mia.wilson@example.com,44,Arlington,TX,2024-06-05,1.0,24.07,24.07,1,False
CUST00342,Mia Moore,mia.moore@example.com,63,Denton,TX,2023-07-18,3.0,284.26,94.75,1,False
CUST00343,Liam Williams,liam.williams@example.com,23,Plano,TX,2025-12-09,1.0,67.07,67.07,1,False
CUST00344,Sophia Thomas,sophia.thomas@example.com,55,Austin,TX,2026-03-11,0.0,0.0,0.0,1,False
CUST00345,Harper Moore,harper.moore@example.com,19,Austin,TX,2024-10-31,0.0,0.0,0.0,1,False
CUST00346,Henry Moore,henry.moore@example.com,39,Dallas,TX,2025-11-19,1.0,34.97,34.97,1,False
CUST00347,Lucas Taylor,lucas.taylor@example.com,37,Arlington,TX,2026-01-10,0.0,0.0,0.0,1,False
CUST00348,Emma Brown,emma.brown@example.com,42,Frisco,TX,2023-01-31,0.0,0.0,0.0,1,False
CUST00349,Sophia Wilson,sophia.wilson@example.com,32,Austin,TX,2025-10-04,2.0,67.81,33.9,1,False
CUST00350,James Garcia,james.garcia@example.com,66,Dallas,TX,2023-11-29,0.0,0.0,0.0,1,False
CUST00351,Lucas Davis,lucas.davis@example.com,46,Plano,TX,2024-10-21,3.0,177.35,59.12,1,False
CUST00352,Mia Miller,mia.miller@example.com,25,Denton,TX,2023-06-26,2.0,258.15,129.07,1,False
CUST00353,Noah Anderson,noah.anderson@example.com,54,Plano,TX,2024-01-05,1.0,173.2,173.2,1,False
CUST00354,James Johnson,james.johnson@example.com,66,Frisco,TX,2024-06-30,1.0,67.8,67.8,1,False
CUST00355,Ava Williams,ava.williams@example.com,69,Arlington,TX,2024-06-18,1.0,46.05,46.05,1,False
CUST00356,Liam Smith,liam.smith@example.com,50,Fort Worth,TX,2026-02-03,1.0,51.21,51.21,1,False
CUST00357,Ava Wilson,ava.wilson@example.com,39,Dallas,TX,2023-04-07,2.0,267.32,133.66,1,False
CUST00358,Henry Moore,henry.moore@example.com,67,Fort Worth,TX,2023-08-18,2.0,73.09,36.54,1,False
CUST00359,James Miller,james.miller@example.com,64,Plano,TX,2023-08-15,0.0,0.0,0.0,1,False
CUST00360,Olivia Smith,olivia.smith@example.com,22,Plano,TX,2024-01-06,2.0,304.31,152.16,1,False
CUST00361,Olivia Williams,olivia.williams@example.com,56,Houston,TX,2026-01-28,0.0,0.0,0.0,1,False
CUST00362,Isabella Brown,isabella.brown@example.com,35,Houston,TX,2023-02-24,0.0,0.0,0.0,1,False
CUST00363,Sophia Brown,sophia.brown@example.com,55,Denton,TX,2026-05-03,1.0,151.59,151.59,1,False
CUST00364,Mia Jones,mia.jones@example.com,71,Frisco,TX,2024-02-28,2.0,97.36,48.68,1,False
CUST00365,Mia Martin,mia.martin@example.com,70,Houston,TX,2023-11-11,1.0,56.72,56.72,1,False
CUST00366,Emma Williams,emma.williams@example.com,54,Houston,TX,2026-02-25,0.0,0.0,0.0,1,False
CUST00367,Emma Williams,emma.williams@example.com,47,Frisco,TX,2023-02-01,0.0,0.0,0.0,1,False
CUST00368,Emma Smith,emma.smith@example.com,68,Austin,TX,2023-04-03,2.0,116.9,58.45,1,False
CUST00369,Noah Miller,noah.miller@example.com,48,Houston,TX,2024-06-02,1.0,160.65,160.65,1,False
CUST00370,Mason Anderson,mason.anderson@example.com,27,Austin,TX,2025-05-02,1.0,22.66,22.66,1,False
CUST00371,Ethan Taylor,ethan.taylor@example.com,32,Austin,TX,2026-05-28,1.0,14.29,14.29,1,False
CUST00372,Mason Martin,mason.martin@example.com,59,Arlington,TX,2025-01-21,1.0,31.15,31.15,1,False
CUST00373,Ava Smith,ava.smith@example.com,65,Austin,TX,2026-02-03,2.0,141.35,70.68,1,False
CUST00374,Mason Johnson,mason.johnson@example.com,61,Austin,TX,2024-02-20,2.0,150.46,75.23,1,False
CUST00375,Noah Moore,noah.moore@example.com,35,Houston,TX,2024-07-10,1.0,61.35,61.35,1,False
CUST00376,Isabella Brown,isabella.brown@example.com,40,Austin,TX,2024-01-01,1.0,39.94,39.94,1,False
CUST00377,Ava Moore,ava.moore@example.com,50,Fort Worth,TX,2024-08-21,1.0,29.1,29.1,1,False
CUST00378,Mason Brown,mason.brown@example.com,33,Frisco,TX,2023-11-27,1.0,70.73,70.73,1,False
CUST00379,Noah Jones,noah.jones@example.com,71,Houston,TX,2024-11-19,2.0,96.08,48.04,1,False
CUST00380,Ethan Anderson,ethan.anderson@example.com,55,Frisco,TX,2023-01-11,3.0,215.03,71.68,1,False
CUST00381,Mason Johnson,mason.johnson@example.com,52,Dallas,TX,2025-03-28,3.0,190.03,63.34,1,False
CUST00382,Noah Brown,noah.brown@example.com,51,Houston,TX,2024-02-23,2.0,218.18,109.09,1,False
CUST00383,Henry Smith,henry.smith@example.com,45,Austin,TX,2026-02-19,3.0,176.37,58.79,1,False
CUST00384,Emma Johnson,emma.johnson@example.com,19,Fort Worth,TX,2025-06-29,1.0,156.08,156.08,1,False
CUST00385,Henry Smith,henry.smith@example.com,47,Frisco,TX,2026-06-12,1.0,69.23,69.23,1,False
CUST00386,Mia Taylor,mia.taylor@example.com,30,Houston,TX,2023-12-14,2.0,141.26,70.63,1,False
CUST00387,Emma Taylor,emma.taylor@example.com,58,Fort Worth,TX,2025-08-15,1.0,34.8,34.8,1,False
CUST00388,Mia Moore,mia.moore@example.com,33,Frisco,TX,2024-02-16,2.0,92.48,46.24,1,False
CUST00389,Amelia Brown,amelia.brown@example.com,22,Dallas,TX,2026-06-01,1.0,62.2,62.2,1,False
CUST00390,Liam Brown,liam.brown@example.com,72,Plano,TX,2023-06-02,1.0,45.66,45.66,1,False
CUST00391,Henry Miller,henry.miller@example.com,45,Denton,TX,2026-05-20,2.0,157.95,78.97,1,False
CUST00392,Liam Taylor,liam.taylor@example.com,70,Denton,TX,2023-04-02,3.0,166.39,55.46,1,False
CUST00393,Liam Anderson,liam.anderson@example.com,56,Dallas,TX,2023-11-27,1.0,196.92,196.92,1,False
CUST00394,Ethan Anderson,ethan.anderson@example.com,62,Plano,TX,2025-08-12,4.0,221.63,55.41,1,False
CUST00395,Emma Wilson,emma.wilson@example.com,37,Arlington,TX,2025-08-27,2.0,119.07,59.54,1,False
CUST00396,Amelia Wilson,amelia.wilson@example.com,41,Plano,TX,2024-07-07,0.0,0.0,0.0,1,False
CUST00397,Mia Jones,mia.jones@example.com,44,Arlington,TX,2025-07-18,1.0,31.63,31.63,1,False
CUST00398,Noah Taylor,noah.taylor@example.com,47,Houston,TX,2026-06-05,3.0,195.5,65.17,1,False
CUST00399,Ava Smith,ava.smith@example.com,62,Arlington,TX,2023-07-13,1.0,21.55,21.55,1,False
CUST00400,Noah Smith,noah.smith@example.com,44,Denton,TX,2024-06-13,1.0,31.0,31.0,1,False
CUST00401,Ava Garcia,ava.garcia@example.com,43,Denton,TX,2025-04-24,0.0,0.0,0.0,1,False
CUST00402,Henry Johnson,henry.johnson@example.com,24,Fort Worth,TX,2026-06-20,1.0,578.43,578.43,-1,True
CUST00403,Olivia Davis,olivia.davis@example.com,59,Arlington,TX,2024-09-30,0.0,0.0,0.0,1,False
CUST00404,Noah Moore,noah.moore@example.com,64,Fort Worth,TX,2024-04-22,0.0,0.0,0.0,1,False
CUST00405,Mason Wilson,mason.wilson@example.com,70,Denton,TX,2024-04-24,0.0,0.0,0.0,1,False
CUST00406,Mason Moore,mason.moore@example.com,55,Frisco,TX,2023-10-15,3.0,119.46,39.82,1,False
CUST00407,Sophia Brown,sophia.brown@example.com,22,Frisco,TX,2024-11-28,1.0,57.5,57.5,1,False
CUST00408,Emma Jones,emma.jones@example.com,40,Plano,TX,2024-11-25,2.0,179.56,89.78,1,False
CUST00409,Ava Anderson,ava.anderson@example.com,45,Plano,TX,2024-06-23,1.0,75.3,75.3,1,False
CUST00410,Ava Davis,ava.davis@example.com,51,Plano,TX,2023-11-26,3.0,124.0,41.33,1,False
CUST00411,James Williams,james.williams@example.com,70,Arlington,TX,2024-04-14,1.0,200.39,200.39,1,False
CUST00412,Isabella Jones,isabella.jones@example.com,32,Plano,TX,2025-04-28,2.0,62.5,31.25,1,False
CUST00413,Emma Williams,emma.williams@example.com,49,Arlington,TX,2024-06-17,1.0,90.31,90.31,1,False
CUST00414,Ethan Thomas,ethan.thomas@example.com,43,Arlington,TX,2024-04-11,2.0,131.22,65.61,1,False
CUST00415,Sophia Taylor,sophia.taylor@example.com,65,Austin,TX,2025-09-03,0.0,0.0,0.0,1,False
CUST00416,Ethan Williams,ethan.williams@example.com,48,Austin,TX,2024-02-24,1.0,30.88,30.88,1,False
CUST00417,Henry Williams,henry.williams@example.com,36,Arlington,TX,2026-02-19,1.0,84.96,84.96,1,False
CUST00418,Henry Moore,henry.moore@example.com,26,Frisco,TX,2025-01-31,0.0,0.0,0.0,1,False
CUST00419,Ethan Thomas,ethan.thomas@example.com,46,Fort Worth,TX,2025-10-02,2.0,182.4,91.2,1,False
CUST00420,Ethan Miller,ethan.miller@example.com,71,Denton,TX,2025-06-09,3.0,421.6,140.53,1,False
CUST00421,Amelia Jackson,amelia.jackson@example.com,68,Denton,TX,2023-11-04,2.0,534.57,267.29,-1,True
CUST00422,Emma Miller,emma.miller@example.com,56,Houston,TX,2025-07-12,2.0,161.44,80.72,1,False
CUST00423,Ethan Miller,ethan.miller@example.com,21,Dallas,TX,2023-11-30,2.0,117.78,58.89,1,False
CUST00424,Mason Taylor,mason.taylor@example.com,20,Austin,TX,2025-08-11,1.0,126.6,126.6,1,False
CUST00425,Isabella Davis,isabella.davis@example.com,73,Arlington,TX,2025-10-18,2.0,83.74,41.87,1,False
CUST00426,Isabella Jones,isabella.jones@example.com,46,Dallas,TX,2025-02-27,1.0,54.76,54.76,1,False
CUST00427,Liam Jones,liam.jones@example.com,69,Austin,TX,2025-04-11,1.0,100.83,100.83,1,False
CUST00428,Olivia Martin,olivia.martin@example.com,28,Houston,TX,2025-04-23,2.0,311.4,155.7,1,False
CUST00429,Henry Brown,henry.brown@example.com,50,Denton,TX,2023-09-07,0.0,0.0,0.0,1,False
CUST00430,Ava Miller,ava.miller@example.com,55,Fort Worth,TX,2026-01-23,1.0,79.83,79.83,1,False
CUST00431,James Taylor,james.taylor@example.com,28,Arlington,TX,2023-07-03,1.0,19.96,19.96,1,False
CUST00432,Harper Brown,harper.brown@example.com,44,Houston,TX,2025-03-09,2.0,202.36,101.18,1,False
CUST00433,Ava Jackson,ava.jackson@example.com,50,Denton,TX,2023-07-05,3.0,238.64,79.55,1,False
CUST00434,Olivia Johnson,olivia.johnson@example.com,38,Frisco,TX,2025-12-28,0.0,0.0,0.0,1,False
CUST00435,James Brown,james.brown@example.com,56,Austin,TX,2025-04-17,0.0,0.0,0.0,1,False
CUST00436,Amelia Moore,amelia.moore@example.com,48,Arlington,TX,2024-09-18,1.0,43.27,43.27,1,False
CUST00437,Emma Moore,emma.moore@example.com,55,Dallas,TX,2025-05-08,2.0,131.53,65.76,1,False
CUST00438,Noah Davis,noah.davis@example.com,63,Frisco,TX,2023-01-08,4.0,388.14,97.04,1,False
CUST00439,Emma Wilson,emma.wilson@example.com,19,Denton,TX,2025-02-21,2.0,51.41,25.7,1,False
CUST00440,Ava Williams,ava.williams@example.com,44,Frisco,TX,2025-02-13,0.0,0.0,0.0,1,False
CUST00441,Ava Miller,ava.miller@example.com,53,Plano,TX,2025-10-03,1.0,101.2,101.2,1,False
CUST00442,James Martin,james.martin@example.com,28,Fort Worth,TX,2024-11-07,1.0,38.98,38.98,1,False
CUST00443,James Thomas,james.thomas@example.com,64,Denton,TX,2026-01-11,1.0,39.08,39.08,1,False
CUST00444,Henry Martin,henry.martin@example.com,35,Frisco,TX,2023-07-30,4.0,241.36,60.34,1,False
CUST00445,Amelia Wilson,amelia.wilson@example.com,18,Austin,TX,2024-05-04,1.0,36.55,36.55,1,False
CUST00446,Henry Anderson,henry.anderson@example.com,52,Fort Worth,TX,2024-09-30,3.0,318.73,106.24,1,False
CUST00447,Olivia Brown,olivia.brown@example.com,52,Arlington,TX,2023-07-10,1.0,41.83,41.83,1,False
CUST00448,Ethan Taylor,ethan.taylor@example.com,48,Plano,TX,2024-11-01,1.0,46.2,46.2,1,False
CUST00449,Emma Jackson,emma.jackson@example.com,45,Denton,TX,2025-04-22,3.0,233.32,77.77,1,False
CUST00450,James Williams,james.williams@example.com,56,Houston,TX,2023-12-01,2.0,84.4,42.2,1,False
CUST00451,Mia Jones,mia.jones@example.com,18,Fort Worth,TX,2026-01-15,1.0,19.75,19.75,1,False
CUST00452,Olivia Smith,olivia.smith@example.com,42,Dallas,TX,2024-08-01,3.0,270.4,90.13,1,False
CUST00453,Mason Williams,mason.williams@example.com,60,Austin,TX,2023-03-03,2.0,116.05,58.02,1,False
CUST00454,Amelia Jackson,amelia.jackson@example.com,55,Denton,TX,2024-01-22,2.0,129.47,64.74,1,False
CUST00455,Ava Davis,ava.davis@example.com,37,Dallas,TX,2026-03-15,1.0,48.47,48.47,1,False
CUST00456,Henry Anderson,henry.anderson@example.com,20,Fort Worth,TX,2023-06-02,1.0,57.78,57.78,1,False
CUST00457,Olivia Davis,olivia.davis@example.com,68,Denton,TX,2024-09-10,0.0,0.0,0.0,1,False
CUST00458,Harper Jackson,harper.jackson@example.com,19,Plano,TX,2024-11-28,0.0,0.0,0.0,1,False
CUST00459,Emma Moore,emma.moore@example.com,35,Houston,TX,2023-06-27,1.0,150.14,150.14,1,False
CUST00460,James Brown,james.brown@example.com,61,Houston,TX,2025-04-26,5.0,236.31,47.26,1,False
CUST00461,Ava Johnson,ava.johnson@example.com,27,Dallas,TX,2024-05-01,2.0,103.46,51.73,1,False
CUST00462,Noah Moore,noah.moore@example.com,22,Arlington,TX,2026-06-24,2.0,174.28,87.14,1,False
CUST00463,Harper Davis,harper.davis@example.com,26,Arlington,TX,2024-05-14,1.0,80.45,80.45,1,False
CUST00464,Amelia Davis,amelia.davis@example.com,19,Plano,TX,2024-06-24,1.0,49.4,49.4,1,False
CUST00465,Olivia Taylor,olivia.taylor@example.com,51,Houston,TX,2023-01-13,3.0,481.91,160.64,1,False
CUST00466,Sophia Brown,sophia.brown@example.com,55,Dallas,TX,2023-05-31,0.0,0.0,0.0,1,False
CUST00467,Ava Williams,ava.williams@example.com,48,Dallas,TX,2025-12-09,2.0,48.48,24.24,1,False
CUST00468,Emma Johnson,emma.johnson@example.com,27,Denton,TX,2026-05-23,1.0,26.31,26.31,1,False
CUST00469,Liam Wilson,liam.wilson@example.com,67,Denton,TX,2025-09-17,0.0,0.0,0.0,1,False
CUST00470,Mia Smith,mia.smith@example.com,29,Dallas,TX,2024-10-05,1.0,116.94,116.94,1,False
CUST00471,Lucas Miller,lucas.miller@example.com,53,Denton,TX,2024-01-07,1.0,124.9,124.9,1,False
CUST00472,Harper Jones,harper.jones@example.com,71,Fort Worth,TX,2026-02-10,1.0,22.65,22.65,1,False
CUST00473,Ethan Davis,ethan.davis@example.com,38,Denton,TX,2023-09-09,0.0,0.0,0.0,1,False
CUST00474,Lucas Brown,lucas.brown@example.com,66,Plano,TX,2023-02-22,2.0,188.72,94.36,1,False
CUST00475,Emma Miller,emma.miller@example.com,64,Arlington,TX,2026-02-27,3.0,191.71,63.9,1,False
CUST00476,Mason Moore,mason.moore@example.com,23,Arlington,TX,2023-07-12,0.0,0.0,0.0,1,False
CUST00477,Henry Jones,henry.jones@example.com,65,Fort Worth,TX,2024-08-13,1.0,30.42,30.42,1,False
CUST00478,Mason Jackson,mason.jackson@example.com,66,Austin,TX,2025-12-16,0.0,0.0,0.0,1,False
CUST00479,Liam Martin,liam.martin@example.com,20,Fort Worth,TX,2023-04-07,5.0,401.22,80.24,1,False
CUST00480,Harper Jones,harper.jones@example.com,27,Plano,TX,2023-07-17,1.0,32.72,32.72,1,False
CUST00481,Ethan Martin,ethan.martin@example.com,22,Dallas,TX,2023-05-27,1.0,28.86,28.86,1,False
CUST00482,Sophia Wilson,sophia.wilson@example.com,63,Fort Worth,TX,2024-12-23,0.0,0.0,0.0,1,False
CUST00483,Liam Wilson,liam.wilson@example.com,43,Dallas,TX,2024-11-14,1.0,705.24,705.24,-1,True
CUST00484,Harper Moore,harper.moore@example.com,38,Plano,TX,2025-11-01,1.0,75.15,75.15,1,False
CUST00485,Isabella Wilson,isabella.wilson@example.com,62,Frisco,TX,2023-11-29,3.0,285.24,95.08,1,False
CUST00486,Lucas Thomas,lucas.thomas@example.com,43,Plano,TX,2026-05-28,0.0,0.0,0.0,1,False
CUST00487,Liam Garcia,liam.garcia@example.com,55,Houston,TX,2024-05-26,0.0,0.0,0.0,1,False
CUST00488,Lucas Garcia,lucas.garcia@example.com,61,Dallas,TX,2023-06-21,1.0,92.2,92.2,1,False
CUST00489,Ava Jones,ava.jones@example.com,43,Arlington,TX,2026-04-04,3.0,100.48,33.49,1,False
CUST00490,Mason Wilson,mason.wilson@example.com,25,Fort Worth,TX,2026-04-08,2.0,176.17,88.08,1,False
CUST00491,Ava Taylor,ava.taylor@example.com,22,Frisco,TX,2024-07-17,2.0,90.57,45.28,1,False
CUST00492,Mia Davis,mia.davis@example.com,32,Plano,TX,2024-05-26,0.0,0.0,0.0,1,False
CUST00493,Isabella Miller,isabella.miller@example.com,33,Dallas,TX,2026-04-27,1.0,97.62,97.62,1,False
CUST00494,Ethan Miller,ethan.miller@example.com,18,Frisco,TX,2026-02-17,3.0,159.54,53.18,1,False
CUST00495,Sophia Garcia,sophia.garcia@example.com,33,Austin,TX,2023-04-15,0.0,0.0,0.0,1,False
CUST00496,Amelia Jones,amelia.jones@example.com,54,Houston,TX,2024-11-04,2.0,110.46,55.23,1,False
CUST00497,Lucas Moore,lucas.moore@example.com,20,Austin,TX,2025-03-17,4.0,163.71,40.93,1,False
CUST00498,Sophia Brown,sophia.brown@example.com,69,Plano,TX,2025-11-30,3.0,231.19,77.06,1,False
CUST00499,Lucas Williams,lucas.williams@example.com,64,Austin,TX,2025-06-07,0.0,0.0,0.0,1,False
CUST00500,Emma Williams,emma.williams@example.com,48,Austin,TX,2025-05-25,0.0,0.0,0.0,1,False
CUST00501,Liam Garcia,liam.garcia@example.com,30,Houston,TX,2024-11-07,3.0,420.53,140.18,1,False
CUST00502,Mia Jackson,mia.jackson@example.com,73,Houston,TX,2023-11-17,1.0,71.14,71.14,1,False
CUST00503,Mason Brown,mason.brown@example.com,33,Denton,TX,2023-12-01,1.0,17.59,17.59,1,False
CUST00504,Amelia Thomas,amelia.thomas@example.com,72,Houston,TX,2026-03-29,1.0,20.86,20.86,1,False
CUST00505,James Thomas,james.thomas@example.com,60,Frisco,TX,2023-09-21,3.0,171.1,57.03,1,False
CUST00506,Lucas Garcia,lucas.garcia@example.com,38,Denton,TX,2025-05-14,1.0,80.56,80.56,1,False
CUST00507,Sophia Williams,sophia.williams@example.com,19,Houston,TX,2023-12-18,3.0,167.15,55.72,1,False
CUST00508,Mia Jackson,mia.jackson@example.com,71,Austin,TX,2026-05-18,2.0,87.95,43.98,1,False
CUST00509,Noah Brown,noah.brown@example.com,44,Arlington,TX,2024-11-06,3.0,164.91,54.97,1,False
CUST00510,Amelia Jackson,amelia.jackson@example.com,55,Arlington,TX,2025-07-07,1.0,17.64,17.64,1,False
CUST00511,Noah Wilson,noah.wilson@example.com,43,Denton,TX,2023-01-05,2.0,155.14,77.57,1,False
CUST00512,Ava Jones,ava.jones@example.com,55,Houston,TX,2023-02-03,0.0,0.0,0.0,1,False
CUST00513,Mason Moore,mason.moore@example.com,63,Frisco,TX,2026-03-14,0.0,0.0,0.0,1,False
CUST00514,Henry Miller,henry.miller@example.com,42,Fort Worth,TX,2023-12-17,2.0,110.82,55.41,1,False
CUST00515,Henry Taylor,henry.taylor@example.com,28,Dallas,TX,2024-08-05,0.0,0.0,0.0,1,False
CUST00516,James Johnson,james.johnson@example.com,25,Plano,TX,2024-04-09,1.0,113.39,113.39,1,False
CUST00517,Emma Martin,emma.martin@example.com,25,Frisco,TX,2023-12-14,1.0,70.78,70.78,1,False
CUST00518,Sophia Martin,sophia.martin@example.com,50,Fort Worth,TX,2023-05-05,1.0,77.23,77.23,1,False
CUST00519,Harper Jones,harper.jones@example.com,70,Plano,TX,2023-12-23,5.0,242.72,48.54,1,False
CUST00520,James Wilson,james.wilson@example.com,24,Fort Worth,TX,2024-06-10,1.0,85.27,85.27,1,False
CUST00521,Liam Anderson,liam.anderson@example.com,55,Fort Worth,TX,2024-05-12,1.0,17.88,17.88,1,False
CUST00522,Liam Williams,liam.williams@example.com,38,Denton,TX,2026-03-22,1.0,50.43,50.43,1,False
CUST00523,Sophia Martin,sophia.martin@example.com,25,Arlington,TX,2023-02-22,2.0,122.57,61.28,1,False
CUST00524,Harper Wilson,harper.wilson@example.com,68,Dallas,TX,2023-05-29,2.0,147.68,73.84,1,False
CUST00525,Ethan Martin,ethan.martin@example.com,71,Fort Worth,TX,2024-05-17,3.0,276.48,92.16,1,False
CUST00526,Emma Anderson,emma.anderson@example.com,38,Houston,TX,2025-05-19,2.0,68.59,34.3,1,False
CUST00527,Mia Jackson,mia.jackson@example.com,73,Plano,TX,2023-08-07,1.0,13.56,13.56,1,False
CUST00528,Lucas Garcia,lucas.garcia@example.com,37,Frisco,TX,2024-03-27,1.0,5.84,5.84,1,False
CUST00529,Harper Brown,harper.brown@example.com,25,Arlington,TX,2023-03-24,2.0,163.35,81.68,1,False
CUST00530,Henry Miller,henry.miller@example.com,63,Plano,TX,2026-05-26,4.0,537.83,134.46,-1,True
CUST00531,Amelia Davis,amelia.davis@example.com,48,Denton,TX,2025-01-07,2.0,188.01,94.0,1,False
CUST00532,Ethan Garcia,ethan.garcia@example.com,67,Houston,TX,2024-06-10,4.0,304.09,76.02,1,False
CUST00533,Lucas Jones,lucas.jones@example.com,74,Houston,TX,2024-02-08,0.0,0.0,0.0,1,False
CUST00534,Lucas Garcia,lucas.garcia@example.com,46,Fort Worth,TX,2023-10-17,3.0,289.3,96.43,1,False
CUST00535,Ethan Jones,ethan.jones@example.com,65,Houston,TX,2024-02-24,1.0,22.96,22.96,1,False
CUST00536,Ava Davis,ava.davis@example.com,26,Dallas,TX,2023-12-05,0.0,0.0,0.0,1,False
CUST00537,Noah Smith,noah.smith@example.com,32,Denton,TX,2025-02-15,0.0,0.0,0.0,1,False
CUST00538,Lucas Anderson,lucas.anderson@example.com,47,Houston,TX,2024-12-11,4.0,406.94,101.74,1,False
CUST00539,Ethan Miller,ethan.miller@example.com,43,Fort Worth,TX,2025-09-13,2.0,134.86,67.43,1,False
CUST00540,Harper Jackson,harper.jackson@example.com,27,Plano,TX,2025-08-16,3.0,289.43,96.48,1,False
CUST00541,Ethan Taylor,ethan.taylor@example.com,46,Denton,TX,2026-05-15,1.0,133.96,133.96,1,False
CUST00542,Isabella Taylor,isabella.taylor@example.com,71,Houston,TX,2024-11-16,1.0,89.91,89.91,1,False
CUST00543,James Anderson,james.anderson@example.com,33,Arlington,TX,2025-11-25,5.0,361.01,72.2,1,False
CUST00544,Olivia Johnson,olivia.johnson@example.com,53,Denton,TX,2024-01-08,1.0,80.51,80.51,1,False
CUST00545,Ava Jackson,ava.jackson@example.com,37,Denton,TX,2025-09-20,3.0,167.63,55.88,1,False
CUST00546,Mason Martin,mason.martin@example.com,62,Frisco,TX,2024-06-14,2.0,133.75,66.88,1,False
CUST00547,Olivia Wilson,olivia.wilson@example.com,71,Arlington,TX,2025-07-12,2.0,177.58,88.79,1,False
CUST00548,James Smith,james.smith@example.com,54,Arlington,TX,2023-01-23,3.0,318.03,106.01,1,False
CUST00549,James Anderson,james.anderson@example.com,39,Plano,TX,2023-04-14,1.0,102.15,102.15,1,False
CUST00550,James Taylor,james.taylor@example.com,24,Austin,TX,2023-08-29,0.0,0.0,0.0,1,False
CUST00551,Olivia Garcia,olivia.garcia@example.com,40,Frisco,TX,2025-10-01,0.0,0.0,0.0,1,False
CUST00552,Sophia Wilson,sophia.wilson@example.com,58,Arlington,TX,2025-06-21,3.0,120.26,40.09,1,False
CUST00553,Noah Smith,noah.smith@example.com,57,Arlington,TX,2026-06-30,2.0,95.42,47.71,1,False
CUST00554,Ethan Brown,ethan.brown@example.com,46,Austin,TX,2026-03-11,1.0,179.72,179.72,1,False
CUST00555,Amelia Brown,amelia.brown@example.com,33,Plano,TX,2025-03-24,3.0,204.46,68.15,1,False
CUST00556,Noah Jackson,noah.jackson@example.com,55,Frisco,TX,2024-10-16,1.0,58.01,58.01,1,False
CUST00557,Henry Wilson,henry.wilson@example.com,45,Arlington,TX,2025-02-21,0.0,0.0,0.0,1,False
CUST00558,Harper Anderson,harper.anderson@example.com,65,Fort Worth,TX,2023-11-03,3.0,261.35,87.12,1,False
CUST00559,Emma Jones,emma.jones@example.com,55,Plano,TX,2023-01-08,1.0,150.3,150.3,1,False
CUST00560,Sophia Jones,sophia.jones@example.com,48,Frisco,TX,2025-12-28,2.0,149.28,74.64,1,False
CUST00561,Mason Garcia,mason.garcia@example.com,31,Arlington,TX,2024-07-28,5.0,593.1,118.62,-1,True
CUST00562,Noah Smith,noah.smith@example.com,70,Arlington,TX,2025-12-27,2.0,250.75,125.38,1,False
CUST00563,Amelia Smith,amelia.smith@example.com,50,Austin,TX,2025-06-30,0.0,0.0,0.0,1,False
CUST00564,Liam Jackson,liam.jackson@example.com,74,Frisco,TX,2024-06-01,1.0,155.62,155.62,1,False
CUST00565,James Wilson,james.wilson@example.com,26,Fort Worth,TX,2026-02-16,1.0,47.82,47.82,1,False
CUST00566,Lucas Williams,lucas.williams@example.com,74,Plano,TX,2025-11-20,1.0,128.32,128.32,1,False
CUST00567,Henry Brown,henry.brown@example.com,44,Houston,TX,2024-04-27,0.0,0.0,0.0,1,False
CUST00568,Emma Smith,emma.smith@example.com,41,Dallas,TX,2023-07-26,3.0,197.33,65.78,1,False
CUST00569,Ava Wilson,ava.wilson@example.com,30,Fort Worth,TX,2024-10-30,1.0,430.34,430.34,-1,True
CUST00570,Mason Jackson,mason.jackson@example.com,43,Houston,TX,2024-08-01,2.0,144.98,72.49,1,False
CUST00571,Harper Davis,harper.davis@example.com,46,Fort Worth,TX,2024-01-22,0.0,0.0,0.0,1,False
CUST00572,Emma Johnson,emma.johnson@example.com,68,Frisco,TX,2024-02-16,1.0,72.1,72.1,1,False
CUST00573,James Davis,james.davis@example.com,66,Houston,TX,2025-06-09,3.0,135.4,45.13,1,False
CUST00574,Lucas Jackson,lucas.jackson@example.com,60,Frisco,TX,2025-06-24,0.0,0.0,0.0,1,False
CUST00575,Sophia Miller,sophia.miller@example.com,45,Houston,TX,2025-08-20,4.0,380.58,95.14,1,False
CUST00576,Lucas Anderson,lucas.anderson@example.com,45,Fort Worth,TX,2025-08-22,3.0,194.66,64.89,1,False
CUST00577,Olivia Garcia,olivia.garcia@example.com,25,Austin,TX,2023-05-20,1.0,80.83,80.83,1,False
CUST00578,Lucas Smith,lucas.smith@example.com,40,Fort Worth,TX,2023-10-27,1.0,42.13,42.13,1,False
CUST00579,Olivia Jackson,olivia.jackson@example.com,46,Frisco,TX,2025-11-02,1.0,306.7,306.7,-1,True
CUST00580,Henry Miller,henry.miller@example.com,22,Fort Worth,TX,2024-10-25,1.0,100.35,100.35,1,False
CUST00581,Sophia Taylor,sophia.taylor@example.com,59,Denton,TX,2025-04-04,0.0,0.0,0.0,1,False
CUST00582,Harper Miller,harper.miller@example.com,24,Denton,TX,2024-02-04,1.0,16.5,16.5,1,False
CUST00583,Mia Moore,mia.moore@example.com,59,Houston,TX,2025-09-18,0.0,0.0,0.0,1,False
CUST00584,James Martin,james.martin@example.com,53,Denton,TX,2026-02-06,3.0,256.59,85.53,1,False
CUST00585,Olivia Wilson,olivia.wilson@example.com,58,Dallas,TX,2023-05-29,0.0,0.0,0.0,1,False
CUST00586,Ava Smith,ava.smith@example.com,44,Houston,TX,2023-11-03,0.0,0.0,0.0,1,False
CUST00587,Lucas Johnson,lucas.johnson@example.com,63,Denton,TX,2025-12-19,2.0,224.9,112.45,1,False
CUST00588,Lucas Anderson,lucas.anderson@example.com,19,Arlington,TX,2024-03-10,0.0,0.0,0.0,1,False
CUST00589,Ava Wilson,ava.wilson@example.com,42,Fort Worth,TX,2023-01-21,0.0,0.0,0.0,1,False
CUST00590,Harper Moore,harper.moore@example.com,26,Plano,TX,2025-05-24,2.0,77.31,38.66,1,False
CUST00591,Liam Wilson,liam.wilson@example.com,70,Fort Worth,TX,2024-01-17,1.0,113.26,113.26,1,False
CUST00592,Henry Moore,henry.moore@example.com,44,Denton,TX,2023-09-02,1.0,58.29,58.29,1,False
CUST00593,Ethan Garcia,ethan.garcia@example.com,18,Austin,TX,2026-01-01,1.0,193.52,193.52,1,False
CUST00594,Mia Garcia,mia.garcia@example.com,40,Frisco,TX,2026-01-04,3.0,288.67,96.22,1,False
CUST00595,Mason Brown,mason.brown@example.com,27,Plano,TX,2024-11-28,0.0,0.0,0.0,1,False
CUST00596,Amelia Brown,amelia.brown@example.com,59,Houston,TX,2024-08-12,2.0,154.37,77.18,1,False
CUST00597,Olivia Jones,olivia.jones@example.com,69,Austin,TX,2024-01-25,0.0,0.0,0.0,1,False
CUST00598,Ava Williams,ava.williams@example.com,42,Fort Worth,TX,2024-07-21,1.0,80.9,80.9,1,False
CUST00599,Amelia Smith,amelia.smith@example.com,71,Denton,TX,2023-09-16,1.0,53.65,53.65,1,False
CUST00600,Sophia Jackson,sophia.jackson@example.com,20,Houston,TX,2024-03-01,5.0,525.26,105.05,-1,True
CUST00601,Harper Smith,harper.smith@example.com,23,Houston,TX,2025-10-26,3.0,187.11,62.37,1,False
CUST00602,Olivia Thomas,olivia.thomas@example.com,23,Arlington,TX,2023-01-06,3.0,121.96,40.65,1,False
CUST00603,Ethan Jackson,ethan.jackson@example.com,70,Arlington,TX,2023-07-10,4.0,227.54,56.88,1,False
CUST00604,Amelia Moore,amelia.moore@example.com,19,Denton,TX,2023-05-28,1.0,85.39,85.39,1,False
CUST00605,Sophia Miller,sophia.miller@example.com,35,Denton,TX,2024-02-09,3.0,322.68,107.56,1,False
CUST00606,Emma Smith,emma.smith@example.com,40,Dallas,TX,2023-09-15,2.0,369.46,184.73,1,False
CUST00607,James Smith,james.smith@example.com,19,Arlington,TX,2024-12-30,1.0,81.96,81.96,1,False
CUST00608,Lucas Williams,lucas.williams@example.com,29,Frisco,TX,2023-03-31,2.0,77.62,38.81,1,False
CUST00609,Emma Taylor,emma.taylor@example.com,39,Plano,TX,2025-04-03,0.0,0.0,0.0,1,False
CUST00610,Olivia Jackson,olivia.jackson@example.com,54,Houston,TX,2023-01-10,0.0,0.0,0.0,1,False
CUST00611,Ethan Brown,ethan.brown@example.com,37,Arlington,TX,2026-01-15,2.0,58.69,29.34,1,False
CUST00612,Mia Brown,mia.brown@example.com,56,Denton,TX,2025-04-17,2.0,84.82,42.41,1,False
CUST00613,Amelia Johnson,amelia.johnson@example.com,41,Dallas,TX,2026-03-20,2.0,54.21,27.1,1,False
CUST00614,Henry Smith,henry.smith@example.com,65,Denton,TX,2025-09-14,0.0,0.0,0.0,1,False
CUST00615,James Williams,james.williams@example.com,37,Denton,TX,2024-09-16,1.0,35.21,35.21,1,False
CUST00616,Olivia Anderson,olivia.anderson@example.com,18,Denton,TX,2023-01-30,1.0,64.89,64.89,1,False
CUST00617,Harper Brown,harper.brown@example.com,18,Fort Worth,TX,2023-05-08,1.0,28.5,28.5,1,False
CUST00618,Ava Williams,ava.williams@example.com,34,Plano,TX,2026-01-06,3.0,154.48,51.49,1,False
CUST00619,Henry Davis,henry.davis@example.com,18,Arlington,TX,2024-02-25,1.0,29.76,29.76,1,False
CUST00620,Henry Martin,henry.martin@example.com,70,Houston,TX,2025-12-14,1.0,169.72,169.72,1,False
CUST00621,Henry Taylor,henry.taylor@example.com,69,Fort Worth,TX,2023-11-01,6.0,245.28,40.88,-1,True
CUST00622,Noah Smith,noah.smith@example.com,62,Denton,TX,2024-06-29,0.0,0.0,0.0,1,False
CUST00623,Olivia Martin,olivia.martin@example.com,47,Frisco,TX,2026-02-02,1.0,43.03,43.03,1,False
CUST00624,James Johnson,james.johnson@example.com,58,Houston,TX,2026-04-10,4.0,364.12,91.03,1,False
CUST00625,Lucas Moore,lucas.moore@example.com,64,Fort Worth,TX,2023-01-22,0.0,0.0,0.0,1,False
CUST00626,Lucas Miller,lucas.miller@example.com,20,Frisco,TX,2024-01-26,1.0,96.69,96.69,1,False
CUST00627,Olivia Brown,olivia.brown@example.com,63,Frisco,TX,2024-09-08,0.0,0.0,0.0,1,False
CUST00628,Sophia Davis,sophia.davis@example.com,72,Plano,TX,2023-05-29,1.0,284.48,284.48,-1,True
CUST00629,Noah Anderson,noah.anderson@example.com,28,Houston,TX,2023-10-26,2.0,346.33,173.16,1,False
CUST00630,Ava Moore,ava.moore@example.com,41,Arlington,TX,2023-06-21,2.0,134.99,67.5,1,False
CUST00631,Henry Williams,henry.williams@example.com,39,Arlington,TX,2023-02-16,0.0,0.0,0.0,1,False
CUST00632,Henry Garcia,henry.garcia@example.com,61,Dallas,TX,2024-09-17,0.0,0.0,0.0,1,False
CUST00633,Olivia Wilson,olivia.wilson@example.com,62,Fort Worth,TX,2023-07-26,0.0,0.0,0.0,1,False
CUST00634,Sophia Smith,sophia.smith@example.com,43,Dallas,TX,2024-03-28,2.0,97.83,48.92,1,False
CUST00635,Lucas Smith,lucas.smith@example.com,30,Austin,TX,2025-07-13,1.0,45.45,45.45,1,False
CUST00636,Lucas Davis,lucas.davis@example.com,18,Arlington,TX,2025-01-23,2.0,98.77,49.39,1,False
CUST00637,Ethan Williams,ethan.williams@example.com,41,Fort Worth,TX,2024-12-08,3.0,246.22,82.07,1,False
CUST00638,Olivia Jones,olivia.jones@example.com,27,Plano,TX,2025-10-05,1.0,44.18,44.18,1,False
CUST00639,Noah Smith,noah.smith@example.com,52,Dallas,TX,2024-11-06,4.0,525.31,131.33,1,False
CUST00640,Liam Jones,liam.jones@example.com,41,Plano,TX,2026-04-14,0.0,0.0,0.0,1,False
CUST00641,Noah Anderson,noah.anderson@example.com,45,Plano,TX,2025-05-04,2.0,191.81,95.9,1,False
CUST00642,Harper Garcia,harper.garcia@example.com,53,Denton,TX,2025-02-21,3.0,223.16,74.39,1,False
CUST00643,Lucas Davis,lucas.davis@example.com,33,Denton,TX,2026-02-07,1.0,81.53,81.53,1,False
CUST00644,Lucas Moore,lucas.moore@example.com,57,Plano,TX,2024-11-14,3.0,238.68,79.56,1,False
CUST00645,Emma Martin,emma.martin@example.com,33,Dallas,TX,2025-08-20,1.0,46.81,46.81,1,False
CUST00646,Lucas Williams,lucas.williams@example.com,34,Denton,TX,2025-05-13,4.0,245.55,61.39,1,False
CUST00647,Ava Williams,ava.williams@example.com,68,Austin,TX,2026-05-10,0.0,0.0,0.0,1,False
CUST00648,Mason Thomas,mason.thomas@example.com,71,Frisco,TX,2023-06-17,2.0,200.53,100.26,1,False
CUST00649,Olivia Anderson,olivia.anderson@example.com,32,Frisco,TX,2023-03-27,2.0,61.9,30.95,1,False
CUST00650,Amelia Anderson,amelia.anderson@example.com,33,Denton,TX,2025-04-28,0.0,0.0,0.0,1,False
CUST00651,Noah Taylor,noah.taylor@example.com,32,Dallas,TX,2025-12-10,2.0,266.11,133.06,1,False
CUST00652,Mason Wilson,mason.wilson@example.com,74,Frisco,TX,2026-02-09,1.0,150.07,150.07,1,False
CUST00653,Sophia Brown,sophia.brown@example.com,51,Houston,TX,2024-03-17,1.0,94.35,94.35,1,False
CUST00654,Liam Jackson,liam.jackson@example.com,28,Frisco,TX,2023-09-28,0.0,0.0,0.0,1,False
CUST00655,Ava Brown,ava.brown@example.com,18,Arlington,TX,2023-12-10,0.0,0.0,0.0,1,False
CUST00656,James Thomas,james.thomas@example.com,32,Dallas,TX,2026-04-21,2.0,178.67,89.34,1,False
CUST00657,Isabella Miller,isabella.miller@example.com,43,Denton,TX,2024-05-17,1.0,65.92,65.92,1,False
CUST00658,Noah Johnson,noah.johnson@example.com,68,Denton,TX,2025-10-30,1.0,105.69,105.69,1,False
CUST00659,Mason Davis,mason.davis@example.com,21,Frisco,TX,2024-05-08,2.0,106.67,53.34,1,False
CUST00660,James Garcia,james.garcia@example.com,60,Dallas,TX,2026-06-11,0.0,0.0,0.0,1,False
CUST00661,Liam Williams,liam.williams@example.com,22,Austin,TX,2023-09-01,4.0,360.64,90.16,1,False
CUST00662,Emma Wilson,emma.wilson@example.com,52,Houston,TX,2023-09-24,3.0,172.47,57.49,1,False
CUST00663,James Jones,james.jones@example.com,30,Denton,TX,2025-06-11,2.0,76.36,38.18,1,False
CUST00664,Ava Davis,ava.davis@example.com,27,Dallas,TX,2023-07-20,2.0,55.71,27.85,1,False
CUST00665,Ava Miller,ava.miller@example.com,28,Denton,TX,2023-08-27,1.0,26.66,26.66,1,False
CUST00666,Amelia Martin,amelia.martin@example.com,35,Denton,TX,2025-07-03,2.0,267.7,133.85,1,False
CUST00667,Emma Davis,emma.davis@example.com,51,Arlington,TX,2025-08-26,0.0,0.0,0.0,1,False
CUST00668,Isabella Miller,isabella.miller@example.com,56,Frisco,TX,2024-04-28,0.0,0.0,0.0,1,False
CUST00669,Olivia Williams,olivia.williams@example.com,58,Arlington,TX,2023-09-03,0.0,0.0,0.0,1,False
CUST00670,James Johnson,james.johnson@example.com,59,Frisco,TX,2025-10-28,0.0,0.0,0.0,1,False
CUST00671,Emma Miller,emma.miller@example.com,67,Denton,TX,2023-06-01,1.0,38.94,38.94,1,False
CUST00672,Ava Williams,ava.williams@example.com,40,Dallas,TX,2023-07-30,2.0,110.37,55.18,1,False
CUST00673,Ava Williams,ava.williams@example.com,24,Plano,TX,2024-01-02,1.0,81.11,81.11,1,False
CUST00674,Mason Johnson,mason.johnson@example.com,56,Frisco,TX,2025-08-01,1.0,38.43,38.43,1,False
CUST00675,Lucas Brown,lucas.brown@example.com,20,Plano,TX,2023-03-27,1.0,55.87,55.87,1,False
CUST00676,Isabella Davis,isabella.davis@example.com,29,Houston,TX,2025-12-14,3.0,230.45,76.82,1,False
CUST00677,James Thomas,james.thomas@example.com,24,Arlington,TX,2024-03-21,1.0,81.88,81.88,1,False
CUST00678,Amelia Smith,amelia.smith@example.com,66,Plano,TX,2024-09-11,2.0,98.58,49.29,1,False
CUST00679,Amelia Smith,amelia.smith@example.com,43,Arlington,TX,2023-10-31,2.0,122.43,61.22,1,False
CUST00680,James Thomas,james.thomas@example.com,50,Frisco,TX,2023-05-12,0.0,0.0,0.0,1,False
CUST00681,Harper Martin,harper.martin@example.com,54,Frisco,TX,2025-06-22,2.0,164.87,82.44,1,False
CUST00682,Henry Jones,henry.jones@example.com,65,Houston,TX,2025-09-14,1.0,54.84,54.84,1,False
CUST00683,Liam Anderson,liam.anderson@example.com,32,Frisco,TX,2026-05-06,1.0,81.4,81.4,1,False
CUST00684,Amelia Jones,amelia.jones@example.com,19,Denton,TX,2023-02-16,2.0,114.43,57.22,1,False
CUST00685,Emma Anderson,emma.anderson@example.com,58,Houston,TX,2025-01-26,1.0,31.02,31.02,1,False
CUST00686,Liam Thomas,liam.thomas@example.com,24,Plano,TX,2026-05-11,1.0,59.49,59.49,1,False
CUST00687,Emma Smith,emma.smith@example.com,49,Frisco,TX,2024-11-20,1.0,49.4,49.4,1,False
CUST00688,Sophia Garcia,sophia.garcia@example.com,21,Dallas,TX,2025-11-13,0.0,0.0,0.0,1,False
CUST00689,Ava Smith,ava.smith@example.com,37,Fort Worth,TX,2024-11-17,1.0,47.7,47.7,1,False
CUST00690,Lucas Jones,lucas.jones@example.com,67,Austin,TX,2025-02-24,2.0,191.04,95.52,1,False
CUST00691,Mason Wilson,mason.wilson@example.com,70,Denton,TX,2023-12-06,1.0,42.55,42.55,1,False
CUST00692,Amelia Thomas,amelia.thomas@example.com,53,Fort Worth,TX,2024-02-16,2.0,203.61,101.8,1,False
CUST00693,Lucas Martin,lucas.martin@example.com,49,Fort Worth,TX,2023-10-13,0.0,0.0,0.0,1,False
CUST00694,Lucas Jones,lucas.jones@example.com,45,Arlington,TX,2026-01-14,3.0,147.37,49.12,1,False
CUST00695,Lucas Garcia,lucas.garcia@example.com,30,Denton,TX,2025-04-29,4.0,462.83,115.71,1,False
CUST00696,Henry Davis,henry.davis@example.com,18,Denton,TX,2024-03-05,1.0,48.52,48.52,1,False
CUST00697,Liam Anderson,liam.anderson@example.com,73,Houston,TX,2023-01-31,1.0,78.86,78.86,1,False
CUST00698,Emma Smith,emma.smith@example.com,52,Arlington,TX,2024-08-25,2.0,96.88,48.44,1,False
CUST00699,Mia Martin,mia.martin@example.com,65,Plano,TX,2024-03-15,3.0,289.57,96.52,1,False
CUST00700,Sophia Johnson,sophia.johnson@example.com,47,Austin,TX,2025-09-11,1.0,66.93,66.93,1,False
CUST00701,Noah Wilson,noah.wilson@example.com,71,Plano,TX,2024-02-16,1.0,35.45,35.45,1,False
CUST00702,Lucas Williams,lucas.williams@example.com,53,Dallas,TX,2024-06-11,1.0,98.58,98.58,1,False
CUST00703,Olivia Garcia,olivia.garcia@example.com,74,Austin,TX,2023-11-06,2.0,201.46,100.73,1,False
CUST00704,Liam Jones,liam.jones@example.com,72,Arlington,TX,2025-08-06,3.0,132.71,44.24,1,False
CUST00705,Amelia Anderson,amelia.anderson@example.com,42,Frisco,TX,2024-11-04,1.0,52.34,52.34,1,False
CUST00706,Isabella Johnson,isabella.johnson@example.com,33,Frisco,TX,2024-03-12,1.0,32.15,32.15,1,False
CUST00707,Amelia Martin,amelia.martin@example.com,36,Arlington,TX,2024-12-04,2.0,110.29,55.14,1,False
CUST00708,Mason Jackson,mason.jackson@example.com,18,Plano,TX,2024-10-24,2.0,89.45,44.72,1,False
CUST00709,Noah Miller,noah.miller@example.com,22,Arlington,TX,2023-12-31,0.0,0.0,0.0,1,False
CUST00710,Mia Brown,mia.brown@example.com,68,Arlington,TX,2025-07-11,1.0,109.36,109.36,1,False
CUST00711,Olivia Smith,olivia.smith@example.com,39,Fort Worth,TX,2023-04-23,3.0,86.08,28.69,1,False
CUST00712,Amelia Moore,amelia.moore@example.com,41,Dallas,TX,2023-06-25,0.0,0.0,0.0,1,False
CUST00713,Mia Brown,mia.brown@example.com,60,Denton,TX,2026-03-18,1.0,57.27,57.27,1,False
CUST00714,Noah Garcia,noah.garcia@example.com,62,Frisco,TX,2026-04-16,0.0,0.0,0.0,1,False
CUST00715,Lucas Miller,lucas.miller@example.com,69,Fort Worth,TX,2025-07-24,3.0,263.07,87.69,1,False
CUST00716,Olivia Jackson,olivia.jackson@example.com,54,Arlington,TX,2024-01-17,3.0,263.59,87.86,1,False
CUST00717,Mia Miller,mia.miller@example.com,70,Houston,TX,2026-05-31,2.0,157.2,78.6,1,False
CUST00718,Mason Martin,mason.martin@example.com,53,Fort Worth,TX,2026-04-27,0.0,0.0,0.0,1,False
CUST00719,Emma Miller,emma.miller@example.com,53,Arlington,TX,2023-11-02,3.0,310.8,103.6,1,False
CUST00720,Ava Williams,ava.williams@example.com,21,Frisco,TX,2024-08-24,0.0,0.0,0.0,1,False
CUST00721,Emma Garcia,emma.garcia@example.com,53,Denton,TX,2023-12-09,0.0,0.0,0.0,1,False
CUST00722,Noah Moore,noah.moore@example.com,69,Arlington,TX,2023-06-05,4.0,117.3,29.32,1,False
CUST00723,Liam Davis,liam.davis@example.com,70,Dallas,TX,2024-12-12,1.0,314.71,314.71,-1,True
CUST00724,Ava Brown,ava.brown@example.com,35,Plano,TX,2025-12-14,1.0,112.04,112.04,1,False
CUST00725,Sophia Moore,sophia.moore@example.com,67,Austin,TX,2026-05-08,0.0,0.0,0.0,1,False
CUST00726,Mason Davis,mason.davis@example.com,33,Fort Worth,TX,2024-02-07,0.0,0.0,0.0,1,False
CUST00727,Sophia Johnson,sophia.johnson@example.com,58,Fort Worth,TX,2024-09-05,1.0,59.9,59.9,1,False
CUST00728,Henry Jackson,henry.jackson@example.com,35,Fort Worth,TX,2025-03-07,1.0,184.93,184.93,1,False
CUST00729,Olivia Taylor,olivia.taylor@example.com,39,Arlington,TX,2024-09-14,1.0,23.9,23.9,1,False
CUST00730,James Wilson,james.wilson@example.com,19,Denton,TX,2024-08-25,1.0,61.96,61.96,1,False
CUST00731,Ava Wilson,ava.wilson@example.com,38,Dallas,TX,2023-06-26,1.0,69.45,69.45,1,False
CUST00732,Sophia Davis,sophia.davis@example.com,53,Denton,TX,2024-03-24,1.0,48.16,48.16,1,False
CUST00733,Amelia Taylor,amelia.taylor@example.com,61,Arlington,TX,2025-01-12,3.0,151.86,50.62,1,False
CUST00734,Sophia Martin,sophia.martin@example.com,56,Arlington,TX,2023-10-28,2.0,110.44,55.22,1,False
CUST00735,Mia Moore,mia.moore@example.com,64,Plano,TX,2024-12-07,1.0,57.39,57.39,1,False
CUST00736,Emma Taylor,emma.taylor@example.com,56,Houston,TX,2023-11-03,0.0,0.0,0.0,1,False
CUST00737,Mia Smith,mia.smith@example.com,46,Dallas,TX,2025-01-20,1.0,38.19,38.19,1,False
CUST00738,Henry Johnson,henry.johnson@example.com,71,Fort Worth,TX,2025-05-18,1.0,66.11,66.11,1,False
CUST00739,Ava Garcia,ava.garcia@example.com,43,Austin,TX,2023-08-02,1.0,53.51,53.51,1,False
CUST00740,Ava Taylor,ava.taylor@example.com,38,Fort Worth,TX,2024-04-27,0.0,0.0,0.0,1,False
CUST00741,Henry Jones,henry.jones@example.com,34,Denton,TX,2025-12-26,1.0,101.27,101.27,1,False
CUST00742,Noah Thomas,noah.thomas@example.com,33,Arlington,TX,2023-05-13,3.0,168.36,56.12,1,False
CUST00743,Mia Martin,mia.martin@example.com,48,Dallas,TX,2024-05-26,0.0,0.0,0.0,1,False
CUST00744,Ethan Wilson,ethan.wilson@example.com,68,Frisco,TX,2023-07-30,2.0,174.93,87.46,1,False
CUST00745,Amelia Jones,amelia.jones@example.com,26,Dallas,TX,2025-09-14,0.0,0.0,0.0,1,False
CUST00746,Isabella Johnson,isabella.johnson@example.com,48,Dallas,TX,2025-09-13,0.0,0.0,0.0,1,False
CUST00747,Emma Taylor,emma.taylor@example.com,31,Houston,TX,2024-12-17,1.0,112.12,112.12,1,False
CUST00748,Ava Brown,ava.brown@example.com,66,Fort Worth,TX,2023-09-10,1.0,46.12,46.12,1,False
CUST00749,Noah Wilson,noah.wilson@example.com,54,Houston,TX,2023-02-07,0.0,0.0,0.0,1,False
CUST00750,James Smith,james.smith@example.com,19,Frisco,TX,2025-12-02,1.0,164.1,164.1,1,False
CUST00751,Amelia Anderson,amelia.anderson@example.com,69,Frisco,TX,2024-09-20,0.0,0.0,0.0,1,False
CUST00752,Mia Smith,mia.smith@example.com,65,Plano,TX,2025-09-13,1.0,150.59,150.59,1,False
CUST00753,Emma Thomas,emma.thomas@example.com,63,Denton,TX,2023-02-15,1.0,129.91,129.91,1,False
CUST00754,James Miller,james.miller@example.com,31,Austin,TX,2023-11-01,1.0,84.38,84.38,1,False
CUST00755,Mia Anderson,mia.anderson@example.com,50,Plano,TX,2023-08-21,2.0,141.76,70.88,1,False
CUST00756,Sophia Williams,sophia.williams@example.com,52,Arlington,TX,2023-09-02,3.0,274.61,91.54,1,False
CUST00757,James Taylor,james.taylor@example.com,56,Houston,TX,2025-01-29,1.0,224.52,224.52,1,False
CUST00758,Henry Johnson,henry.johnson@example.com,64,Houston,TX,2025-04-18,1.0,39.67,39.67,1,False
CUST00759,Harper Wilson,harper.wilson@example.com,68,Plano,TX,2023-06-07,0.0,0.0,0.0,1,False
CUST00760,Noah Williams,noah.williams@example.com,37,Arlington,TX,2025-10-21,2.0,115.87,57.94,1,False
CUST00761,Emma Johnson,emma.johnson@example.com,19,Dallas,TX,2023-08-05,1.0,130.58,130.58,1,False
CUST00762,Lucas Thomas,lucas.thomas@example.com,68,Arlington,TX,2025-07-16,1.0,94.2,94.2,1,False
CUST00763,Harper Davis,harper.davis@example.com,58,Fort Worth,TX,2024-05-21,2.0,196.59,98.3,1,False
CUST00764,Olivia Taylor,olivia.taylor@example.com,36,Plano,TX,2025-01-30,2.0,296.81,148.4,1,False
CUST00765,Olivia Garcia,olivia.garcia@example.com,54,Denton,TX,2025-06-22,2.0,66.68,33.34,1,False
CUST00766,Emma Garcia,emma.garcia@example.com,35,Arlington,TX,2024-08-03,1.0,103.68,103.68,1,False
CUST00767,James Taylor,james.taylor@example.com,33,Dallas,TX,2025-11-19,1.0,30.91,30.91,1,False
CUST00768,Mia Anderson,mia.anderson@example.com,21,Arlington,TX,2024-09-18,3.0,325.77,108.59,1,False
CUST00769,Noah Miller,noah.miller@example.com,29,Houston,TX,2024-06-03,0.0,0.0,0.0,1,False
CUST00770,Isabella Miller,isabella.miller@example.com,46,Austin,TX,2023-10-02,0.0,0.0,0.0,1,False
CUST00771,Olivia Anderson,olivia.anderson@example.com,24,Houston,TX,2024-05-06,1.0,115.25,115.25,1,False
CUST00772,Noah Moore,noah.moore@example.com,31,Denton,TX,2025-04-06,2.0,120.84,60.42,1,False
CUST00773,Olivia Jackson,olivia.jackson@example.com,72,Frisco,TX,2025-08-08,0.0,0.0,0.0,1,False
CUST00774,Sophia Garcia,sophia.garcia@example.com,29,Austin,TX,2025-07-14,2.0,169.91,84.96,1,False
CUST00775,Mia Brown,mia.brown@example.com,52,Frisco,TX,2025-04-26,3.0,168.57,56.19,1,False
CUST00776,Sophia Anderson,sophia.anderson@example.com,22,Arlington,TX,2025-11-25,3.0,308.1,102.7,1,False
CUST00777,Amelia Wilson,amelia.wilson@example.com,34,Fort Worth,TX,2025-12-03,0.0,0.0,0.0,1,False
CUST00778,Olivia Garcia,olivia.garcia@example.com,59,Denton,TX,2026-03-24,0.0,0.0,0.0,1,False
CUST00779,Lucas Brown,lucas.brown@example.com,49,Arlington,TX,2026-01-05,3.0,129.54,43.18,1,False
CUST00780,Lucas Thomas,lucas.thomas@example.com,27,Dallas,TX,2023-02-08,0.0,0.0,0.0,1,False
CUST00781,Sophia Williams,sophia.williams@example.com,60,Arlington,TX,2023-08-27,2.0,148.57,74.28,1,False
CUST00782,Henry Brown,henry.brown@example.com,34,Austin,TX,2025-11-02,1.0,67.58,67.58,1,False
CUST00783,Harper Williams,harper.williams@example.com,22,Houston,TX,2023-05-02,2.0,47.7,23.85,1,False
CUST00784,Lucas Jackson,lucas.jackson@example.com,62,Fort Worth,TX,2023-05-24,2.0,131.41,65.7,1,False
CUST00785,Olivia Johnson,olivia.johnson@example.com,59,Frisco,TX,2024-11-14,0.0,0.0,0.0,1,False
CUST00786,Emma Martin,emma.martin@example.com,26,Arlington,TX,2024-03-30,2.0,378.93,189.46,1,False
CUST00787,Sophia Jones,sophia.jones@example.com,66,Arlington,TX,2024-01-03,0.0,0.0,0.0,1,False
CUST00788,Amelia Johnson,amelia.johnson@example.com,50,Houston,TX,2025-01-28,3.0,213.25,71.08,1,False
CUST00789,Isabella Garcia,isabella.garcia@example.com,53,Fort Worth,TX,2023-09-04,0.0,0.0,0.0,1,False
CUST00790,Isabella Williams,isabella.williams@example.com,53,Plano,TX,2025-07-11,2.0,108.13,54.06,1,False
CUST00791,Liam Garcia,liam.garcia@example.com,35,Frisco,TX,2025-12-04,2.0,309.8,154.9,1,False
CUST00792,Harper Jackson,harper.jackson@example.com,26,Arlington,TX,2025-02-03,1.0,100.33,100.33,1,False
CUST00793,James Anderson,james.anderson@example.com,74,Arlington,TX,2024-01-10,1.0,119.79,119.79,1,False
CUST00794,Mia Taylor,mia.taylor@example.com,46,Plano,TX,2023-07-26,1.0,91.92,91.92,1,False
CUST00795,Lucas Wilson,lucas.wilson@example.com,67,Frisco,TX,2024-06-02,2.0,146.6,73.3,1,False
CUST00796,Lucas Smith,lucas.smith@example.com,31,Austin,TX,2023-08-30,2.0,98.89,49.44,1,False
CUST00797,James Garcia,james.garcia@example.com,42,Austin,TX,2026-02-11,0.0,0.0,0.0,1,False
CUST00798,Ava Wilson,ava.wilson@example.com,32,Denton,TX,2025-03-29,5.0,442.78,88.56,1,False
CUST00799,Amelia Anderson,amelia.anderson@example.com,23,Denton,TX,2023-10-29,1.0,39.18,39.18,1,False
CUST00800,Ethan Brown,ethan.brown@example.com,73,Dallas,TX,2026-01-24,0.0,0.0,0.0,1,False
CUST00801,Sophia Anderson,sophia.anderson@example.com,59,Houston,TX,2024-12-01,2.0,83.32,41.66,1,False
CUST00802,Henry Thomas,henry.thomas@example.com,46,Fort Worth,TX,2023-10-15,1.0,48.41,48.41,1,False
CUST00803,Amelia Johnson,amelia.johnson@example.com,32,Arlington,TX,2023-06-03,1.0,68.54,68.54,1,False
CUST00804,Mason Moore,mason.moore@example.com,46,Frisco,TX,2024-02-27,2.0,137.08,68.54,1,False
CUST00805,Lucas Brown,lucas.brown@example.com,21,Arlington,TX,2025-04-29,3.0,139.45,46.48,1,False
CUST00806,Mia Smith,mia.smith@example.com,35,Denton,TX,2023-02-19,4.0,328.03,82.01,1,False
CUST00807,Liam Williams,liam.williams@example.com,67,Dallas,TX,2026-05-15,2.0,109.83,54.92,1,False
CUST00808,Isabella Taylor,isabella.taylor@example.com,74,Frisco,TX,2024-07-17,1.0,48.31,48.31,1,False
CUST00809,Lucas Wilson,lucas.wilson@example.com,66,Frisco,TX,2025-05-03,3.0,169.48,56.49,1,False
CUST00810,Liam Taylor,liam.taylor@example.com,61,Arlington,TX,2025-06-01,2.0,73.94,36.97,1,False
CUST00811,Olivia Jones,olivia.jones@example.com,56,Houston,TX,2024-10-23,2.0,125.03,62.52,1,False
CUST00812,Amelia Jackson,amelia.jackson@example.com,33,Dallas,TX,2024-07-18,1.0,26.17,26.17,1,False
CUST00813,Olivia Anderson,olivia.anderson@example.com,28,Houston,TX,2023-08-01,1.0,93.22,93.22,1,False
CUST00814,Ethan Garcia,ethan.garcia@example.com,31,Dallas,TX,2025-12-25,2.0,116.79,58.4,1,False
CUST00815,Emma Williams,emma.williams@example.com,20,Arlington,TX,2026-06-09,1.0,121.48,121.48,1,False
CUST00816,Mason Jones,mason.jones@example.com,68,Dallas,TX,2025-03-21,1.0,112.3,112.3,1,False
CUST00817,Amelia Anderson,amelia.anderson@example.com,67,Austin,TX,2025-04-29,1.0,28.4,28.4,1,False
CUST00818,Ava Davis,ava.davis@example.com,59,Frisco,TX,2026-03-06,0.0,0.0,0.0,1,False
CUST00819,Ethan Garcia,ethan.garcia@example.com,55,Fort Worth,TX,2025-05-30,0.0,0.0,0.0,1,False
CUST00820,Noah Brown,noah.brown@example.com,62,Arlington,TX,2025-12-24,1.0,30.96,30.96,1,False
CUST00821,Ava Johnson,ava.johnson@example.com,59,Plano,TX,2026-03-01,1.0,24.71,24.71,1,False
CUST00822,Harper Martin,harper.martin@example.com,35,Fort Worth,TX,2023-11-30,0.0,0.0,0.0,1,False
CUST00823,Sophia Wilson,sophia.wilson@example.com,37,Arlington,TX,2023-02-01,4.0,213.78,53.44,1,False
CUST00824,Mia Moore,mia.moore@example.com,65,Fort Worth,TX,2025-05-17,1.0,81.99,81.99,1,False
CUST00825,Amelia Thomas,amelia.thomas@example.com,42,Austin,TX,2025-06-16,1.0,88.35,88.35,1,False
CUST00826,Noah Smith,noah.smith@example.com,74,Fort Worth,TX,2026-06-20,3.0,211.3,70.43,1,False
CUST00827,Noah Smith,noah.smith@example.com,55,Dallas,TX,2026-04-30,1.0,117.13,117.13,1,False
CUST00828,Ethan Moore,ethan.moore@example.com,30,Denton,TX,2026-03-11,3.0,233.76,77.92,1,False
CUST00829,James Brown,james.brown@example.com,21,Fort Worth,TX,2024-08-23,0.0,0.0,0.0,1,False
CUST00830,Harper Miller,harper.miller@example.com,72,Arlington,TX,2025-09-14,2.0,143.52,71.76,1,False
CUST00831,Emma Smith,emma.smith@example.com,31,Plano,TX,2026-04-29,2.0,169.09,84.54,1,False
CUST00832,Amelia Wilson,amelia.wilson@example.com,50,Plano,TX,2026-03-18,1.0,102.94,102.94,1,False
CUST00833,James Brown,james.brown@example.com,45,Denton,TX,2024-08-21,1.0,101.99,101.99,1,False
CUST00834,Ethan Williams,ethan.williams@example.com,69,Houston,TX,2024-06-03,3.0,188.87,62.96,1,False
CUST00835,Sophia Smith,sophia.smith@example.com,54,Denton,TX,2025-05-18,3.0,260.99,87.0,1,False
CUST00836,Isabella Taylor,isabella.taylor@example.com,25,Frisco,TX,2023-01-16,2.0,176.53,88.26,1,False
CUST00837,Lucas Brown,lucas.brown@example.com,61,Fort Worth,TX,2026-02-03,1.0,91.77,91.77,1,False
CUST00838,Lucas Wilson,lucas.wilson@example.com,51,Plano,TX,2023-10-10,2.0,180.13,90.06,1,False
CUST00839,Emma Moore,emma.moore@example.com,61,Denton,TX,2026-02-01,0.0,0.0,0.0,1,False
CUST00840,Sophia Martin,sophia.martin@example.com,22,Fort Worth,TX,2023-12-27,0.0,0.0,0.0,1,False
CUST00841,Henry Taylor,henry.taylor@example.com,71,Frisco,TX,2025-11-24,2.0,164.62,82.31,1,False
CUST00842,Emma Garcia,emma.garcia@example.com,22,Plano,TX,2023-04-23,4.0,249.77,62.44,1,False
CUST00843,Amelia Garcia,amelia.garcia@example.com,48,Frisco,TX,2023-11-04,0.0,0.0,0.0,1,False
CUST00844,Amelia Smith,amelia.smith@example.com,62,Fort Worth,TX,2025-08-16,0.0,0.0,0.0,1,False
CUST00845,Liam Taylor,liam.taylor@example.com,26,Arlington,TX,2025-12-12,2.0,92.14,46.07,1,False
CUST00846,James Johnson,james.johnson@example.com,59,Fort Worth,TX,2026-01-09,3.0,125.9,41.97,1,False
CUST00847,Henry Anderson,henry.anderson@example.com,49,Denton,TX,2025-04-13,0.0,0.0,0.0,1,False
CUST00848,Lucas Garcia,lucas.garcia@example.com,50,Frisco,TX,2023-08-30,0.0,0.0,0.0,1,False
CUST00849,Noah Johnson,noah.johnson@example.com,20,Arlington,TX,2023-01-31,1.0,54.21,54.21,1,False
CUST00850,James Williams,james.williams@example.com,47,Arlington,TX,2024-12-04,0.0,0.0,0.0,1,False
CUST00851,Mason Brown,mason.brown@example.com,67,Houston,TX,2025-05-18,3.0,184.1,61.37,1,False
CUST00852,Amelia Anderson,amelia.anderson@example.com,29,Plano,TX,2023-08-21,1.0,80.24,80.24,1,False
CUST00853,Harper Jones,harper.jones@example.com,46,Dallas,TX,2025-11-23,1.0,199.5,199.5,1,False
CUST00854,Mia Jackson,mia.jackson@example.com,20,Arlington,TX,2026-06-20,2.0,126.78,63.39,1,False
CUST00855,Sophia Wilson,sophia.wilson@example.com,43,Frisco,TX,2025-08-08,3.0,178.06,59.35,1,False
CUST00856,Ava Thomas,ava.thomas@example.com,74,Plano,TX,2023-02-28,1.0,205.64,205.64,1,False
CUST00857,Emma Jackson,emma.jackson@example.com,47,Austin,TX,2025-02-09,2.0,226.57,113.28,1,False
CUST00858,Amelia Jackson,amelia.jackson@example.com,26,Fort Worth,TX,2026-01-06,1.0,20.98,20.98,1,False
CUST00859,James Brown,james.brown@example.com,43,Denton,TX,2024-12-18,1.0,59.68,59.68,1,False
CUST00860,Henry Moore,henry.moore@example.com,19,Frisco,TX,2023-10-29,1.0,88.89,88.89,1,False
CUST00861,Mia Anderson,mia.anderson@example.com,20,Austin,TX,2025-03-13,3.0,253.68,84.56,1,False
CUST00862,Harper Wilson,harper.wilson@example.com,63,Frisco,TX,2025-06-15,0.0,0.0,0.0,1,False
CUST00863,James Anderson,james.anderson@example.com,21,Fort Worth,TX,2023-04-22,0.0,0.0,0.0,1,False
CUST00864,Ava Taylor,ava.taylor@example.com,42,Houston,TX,2023-11-13,0.0,0.0,0.0,1,False
CUST00865,Mia Williams,mia.williams@example.com,68,Frisco,TX,2026-03-14,3.0,146.62,48.87,1,False
CUST00866,Mason Davis,mason.davis@example.com,30,Arlington,TX,2024-10-29,0.0,0.0,0.0,1,False
CUST00867,Ava Thomas,ava.thomas@example.com,56,Dallas,TX,2024-11-20,1.0,110.25,110.25,1,False
CUST00868,Ethan Smith,ethan.smith@example.com,61,Arlington,TX,2023-01-18,0.0,0.0,0.0,1,False
CUST00869,Olivia Anderson,olivia.anderson@example.com,52,Fort Worth,TX,2026-03-24,1.0,54.03,54.03,1,False
CUST00870,Ethan Wilson,ethan.wilson@example.com,72,Frisco,TX,2025-02-16,1.0,53.3,53.3,1,False
CUST00871,Lucas Wilson,lucas.wilson@example.com,40,Dallas,TX,2023-12-26,1.0,91.11,91.11,1,False
CUST00872,James Taylor,james.taylor@example.com,26,Arlington,TX,2023-11-28,2.0,93.88,46.94,1,False
CUST00873,Amelia Johnson,amelia.johnson@example.com,19,Dallas,TX,2024-06-11,2.0,86.49,43.24,1,False
CUST00874,Amelia Brown,amelia.brown@example.com,71,Denton,TX,2023-01-12,2.0,176.41,88.2,1,False
CUST00875,Amelia Moore,amelia.moore@example.com,58,Fort Worth,TX,2026-01-03,0.0,0.0,0.0,1,False
CUST00876,Harper Davis,harper.davis@example.com,61,Houston,TX,2023-07-31,5.0,418.73,83.75,1,False
CUST00877,Olivia Miller,olivia.miller@example.com,48,Houston,TX,2024-10-02,1.0,16.79,16.79,1,False
CUST00878,Ethan Smith,ethan.smith@example.com,61,Frisco,TX,2023-10-10,2.0,104.1,52.05,1,False
CUST00879,Olivia Jones,olivia.jones@example.com,64,Arlington,TX,2026-05-03,1.0,109.74,109.74,1,False
CUST00880,Isabella Miller,isabella.miller@example.com,19,Austin,TX,2025-02-18,1.0,283.6,283.6,-1,True
CUST00881,James Jackson,james.jackson@example.com,49,Fort Worth,TX,2025-11-19,4.0,252.01,63.0,1,False
CUST00882,Olivia Brown,olivia.brown@example.com,35,Arlington,TX,2025-10-29,2.0,220.83,110.42,1,False
CUST00883,Noah Jackson,noah.jackson@example.com,30,Arlington,TX,2024-11-07,1.0,56.76,56.76,1,False
CUST00884,Emma Jackson,emma.jackson@example.com,63,Houston,TX,2024-12-05,0.0,0.0,0.0,1,False
CUST00885,Emma Smith,emma.smith@example.com,22,Frisco,TX,2024-03-01,0.0,0.0,0.0,1,False
CUST00886,Noah Wilson,noah.wilson@example.com,59,Dallas,TX,2024-08-13,0.0,0.0,0.0,1,False
CUST00887,Mia Martin,mia.martin@example.com,61,Fort Worth,TX,2023-04-01,1.0,85.47,85.47,1,False
CUST00888,Liam Jones,liam.jones@example.com,27,Denton,TX,2024-03-31,1.0,164.02,164.02,1,False
CUST00889,Harper Anderson,harper.anderson@example.com,73,Dallas,TX,2024-03-19,0.0,0.0,0.0,1,False
CUST00890,Mia Johnson,mia.johnson@example.com,60,Plano,TX,2023-03-20,1.0,21.69,21.69,1,False
CUST00891,Ava Davis,ava.davis@example.com,42,Plano,TX,2025-07-15,1.0,30.66,30.66,1,False
CUST00892,Henry Anderson,henry.anderson@example.com,51,Fort Worth,TX,2023-04-13,1.0,194.21,194.21,1,False
CUST00893,Harper Moore,harper.moore@example.com,54,Frisco,TX,2024-09-14,2.0,59.38,29.69,1,False
CUST00894,Harper Johnson,harper.johnson@example.com,47,Austin,TX,2025-09-16,2.0,102.27,51.14,1,False
CUST00895,Ava Williams,ava.williams@example.com,24,Plano,TX,2026-06-24,2.0,221.77,110.88,1,False
CUST00896,Olivia Martin,olivia.martin@example.com,23,Houston,TX,2023-08-22,4.0,356.04,89.01,1,False
CUST00897,Ethan Taylor,ethan.taylor@example.com,71,Austin,TX,2024-10-05,0.0,0.0,0.0,1,False
CUST00898,Ethan Smith,ethan.smith@example.com,72,Arlington,TX,2026-06-12,4.0,305.36,76.34,1,False
CUST00899,Emma Anderson,emma.anderson@example.com,20,Plano,TX,2025-02-28,0.0,0.0,0.0,1,False
CUST00900,Sophia Johnson,sophia.johnson@example.com,30,Houston,TX,2024-01-22,0.0,0.0,0.0,1,False
CUST00901,Mia Martin,mia.martin@example.com,20,Arlington,TX,2025-04-26,3.0,237.67,79.22,1,False
CUST00902,Isabella Miller,isabella.miller@example.com,43,Austin,TX,2023-02-07,0.0,0.0,0.0,1,False
CUST00903,James Taylor,james.taylor@example.com,74,Fort Worth,TX,2026-03-30,2.0,363.26,181.63,1,False
CUST00904,Lucas Johnson,lucas.johnson@example.com,41,Arlington,TX,2026-02-14,2.0,72.59,36.3,1,False
CUST00905,Mason Garcia,mason.garcia@example.com,70,Dallas,TX,2023-08-29,1.0,43.27,43.27,1,False
CUST00906,Ethan Jackson,ethan.jackson@example.com,23,Fort Worth,TX,2025-11-15,3.0,129.25,43.08,1,False
CUST00907,James Williams,james.williams@example.com,60,Fort Worth,TX,2024-07-15,3.0,172.03,57.34,1,False
CUST00908,Mason Brown,mason.brown@example.com,66,Austin,TX,2025-03-16,2.0,176.33,88.16,1,False
CUST00909,James Anderson,james.anderson@example.com,59,Austin,TX,2023-10-25,1.0,153.19,153.19,1,False
CUST00910,Olivia Jackson,olivia.jackson@example.com,29,Houston,TX,2025-03-15,2.0,331.52,165.76,1,False
CUST00911,Mason Moore,mason.moore@example.com,66,Houston,TX,2023-06-03,2.0,122.31,61.16,1,False
CUST00912,Lucas Davis,lucas.davis@example.com,53,Dallas,TX,2025-01-01,0.0,0.0,0.0,1,False
CUST00913,James Martin,james.martin@example.com,19,Fort Worth,TX,2024-04-12,1.0,24.8,24.8,1,False
CUST00914,Noah Williams,noah.williams@example.com,28,Denton,TX,2023-02-18,2.0,168.81,84.4,1,False
CUST00915,Lucas Taylor,lucas.taylor@example.com,56,Frisco,TX,2023-02-15,1.0,150.3,150.3,1,False
CUST00916,Mason Garcia,mason.garcia@example.com,51,Dallas,TX,2025-02-18,1.0,152.35,152.35,1,False
CUST00917,Lucas Smith,lucas.smith@example.com,43,Dallas,TX,2023-03-23,1.0,88.05,88.05,1,False
CUST00918,James Miller,james.miller@example.com,35,Frisco,TX,2025-12-03,3.0,299.76,99.92,1,False
CUST00919,Liam Davis,liam.davis@example.com,38,Frisco,TX,2025-08-12,1.0,20.57,20.57,1,False
CUST00920,James Anderson,james.anderson@example.com,53,Frisco,TX,2023-09-30,2.0,225.93,112.96,1,False
CUST00921,James Martin,james.martin@example.com,57,Austin,TX,2024-01-29,1.0,43.87,43.87,1,False
CUST00922,Olivia Davis,olivia.davis@example.com,69,Dallas,TX,2025-02-28,3.0,253.5,84.5,1,False
CUST00923,Mia Williams,mia.williams@example.com,63,Dallas,TX,2024-08-17,1.0,31.43,31.43,1,False
CUST00924,Noah Martin,noah.martin@example.com,61,Arlington,TX,2023-02-27,1.0,141.52,141.52,1,False
CUST00925,Isabella Taylor,isabella.taylor@example.com,39,Frisco,TX,2024-07-18,1.0,55.48,55.48,1,False
CUST00926,Ethan Smith,ethan.smith@example.com,70,Frisco,TX,2023-01-01,1.0,45.48,45.48,1,False
CUST00927,Harper Wilson,harper.wilson@example.com,47,Houston,TX,2023-08-04,0.0,0.0,0.0,1,False
CUST00928,Ava Moore,ava.moore@example.com,67,Houston,TX,2026-06-05,2.0,103.23,51.62,1,False
CUST00929,Mia Garcia,mia.garcia@example.com,60,Fort Worth,TX,2025-02-04,0.0,0.0,0.0,1,False
CUST00930,Ava Anderson,ava.anderson@example.com,47,Houston,TX,2024-11-01,2.0,275.32,137.66,1,False
CUST00931,Olivia Wilson,olivia.wilson@example.com,25,Plano,TX,2024-05-25,2.0,367.82,183.91,1,False
CUST00932,Noah Miller,noah.miller@example.com,51,Fort Worth,TX,2025-07-03,2.0,46.81,23.4,1,False
CUST00933,Amelia Smith,amelia.smith@example.com,74,Denton,TX,2023-04-05,0.0,0.0,0.0,1,False
CUST00934,James Thomas,james.thomas@example.com,64,Frisco,TX,2024-05-07,1.0,36.13,36.13,1,False
CUST00935,Amelia Thomas,amelia.thomas@example.com,26,Arlington,TX,2025-02-03,0.0,0.0,0.0,1,False
CUST00936,Amelia Smith,amelia.smith@example.com,68,Houston,TX,2025-10-18,1.0,100.34,100.34,1,False
CUST00937,Henry Garcia,henry.garcia@example.com,37,Arlington,TX,2023-05-30,0.0,0.0,0.0,1,False
CUST00938,Emma Jones,emma.jones@example.com,57,Houston,TX,2025-11-12,2.0,187.74,93.87,1,False
CUST00939,Amelia Wilson,amelia.wilson@example.com,42,Houston,TX,2025-01-25,1.0,87.74,87.74,1,False
CUST00940,Ethan Johnson,ethan.johnson@example.com,36,Arlington,TX,2026-05-23,1.0,161.1,161.1,1,False
CUST00941,Liam Davis,liam.davis@example.com,22,Dallas,TX,2024-02-03,1.0,13.31,13.31,1,False
CUST00942,Emma Anderson,emma.anderson@example.com,28,Dallas,TX,2024-02-14,2.0,119.65,59.82,1,False
CUST00943,Olivia Jones,olivia.jones@example.com,32,Dallas,TX,2023-05-11,2.0,249.35,124.68,1,False
CUST00944,Harper Johnson,harper.johnson@example.com,25,Plano,TX,2025-05-04,0.0,0.0,0.0,1,False
CUST00945,Mia Moore,mia.moore@example.com,36,Dallas,TX,2023-05-28,1.0,49.85,49.85,1,False
CUST00946,Liam Taylor,liam.taylor@example.com,40,Houston,TX,2024-01-16,3.0,226.67,75.56,1,False
CUST00947,Lucas Anderson,lucas.anderson@example.com,44,Frisco,TX,2026-02-06,2.0,94.84,47.42,1,False
CUST00948,Mason Anderson,mason.anderson@example.com,57,Austin,TX,2024-07-05,0.0,0.0,0.0,1,False
CUST00949,Henry Thomas,henry.thomas@example.com,49,Arlington,TX,2026-02-18,3.0,207.69,69.23,1,False
CUST00950,Liam Garcia,liam.garcia@example.com,43,Frisco,TX,2023-10-22,2.0,206.15,103.07,1,False
CUST00951,Isabella Taylor,isabella.taylor@example.com,44,Austin,TX,2026-02-17,2.0,101.52,50.76,1,False
CUST00952,Amelia Davis,amelia.davis@example.com,36,Frisco,TX,2024-03-31,1.0,61.46,61.46,1,False
CUST00953,Olivia Brown,olivia.brown@example.com,67,Plano,TX,2023-06-18,2.0,352.41,176.2,1,False
CUST00954,Sophia Johnson,sophia.johnson@example.com,59,Austin,TX,2024-12-10,0.0,0.0,0.0,1,False
CUST00955,Mason Thomas,mason.thomas@example.com,46,Denton,TX,2026-03-12,2.0,306.4,153.2,1,False
CUST00956,Ava Anderson,ava.anderson@example.com,56,Fort Worth,TX,2023-02-06,1.0,130.85,130.85,1,False
CUST00957,Ethan Jones,ethan.jones@example.com,58,Dallas,TX,2023-08-19,2.0,158.22,79.11,1,False
CUST00958,Ava Jackson,ava.jackson@example.com,50,Denton,TX,2023-09-11,1.0,165.68,165.68,1,False
CUST00959,Liam Thomas,liam.thomas@example.com,36,Plano,TX,2023-11-25,0.0,0.0,0.0,1,False
CUST00960,Harper Johnson,harper.johnson@example.com,54,Frisco,TX,2025-09-06,3.0,144.95,48.32,1,False
CUST00961,Ava Johnson,ava.johnson@example.com,36,Houston,TX,2023-01-10,4.0,196.88,49.22,1,False
CUST00962,Isabella Jackson,isabella.jackson@example.com,50,Dallas,TX,2024-03-21,0.0,0.0,0.0,1,False
CUST00963,Olivia Garcia,olivia.garcia@example.com,64,Denton,TX,2025-07-10,1.0,35.26,35.26,1,False
CUST00964,Lucas Anderson,lucas.anderson@example.com,33,Dallas,TX,2025-04-15,2.0,75.14,37.57,1,False
CUST00965,Harper Taylor,harper.taylor@example.com,40,Austin,TX,2026-06-07,1.0,48.05,48.05,1,False
CUST00966,Mia Wilson,mia.wilson@example.com,24,Fort Worth,TX,2023-03-19,2.0,204.17,102.08,1,False
CUST00967,Ethan Moore,ethan.moore@example.com,43,Dallas,TX,2023-07-12,1.0,42.8,42.8,1,False
CUST00968,Isabella Brown,isabella.brown@example.com,49,Frisco,TX,2024-02-05,0.0,0.0,0.0,1,False
CUST00969,Isabella Garcia,isabella.garcia@example.com,29,Frisco,TX,2023-04-19,2.0,230.84,115.42,1,False
CUST00970,Ava Miller,ava.miller@example.com,25,Arlington,TX,2025-03-02,4.0,409.61,102.4,1,False
CUST00971,Amelia Moore,amelia.moore@example.com,22,Arlington,TX,2023-09-20,0.0,0.0,0.0,1,False
CUST00972,Ava Anderson,ava.anderson@example.com,59,Dallas,TX,2023-11-25,0.0,0.0,0.0,1,False
CUST00973,Liam Garcia,liam.garcia@example.com,45,Austin,TX,2023-12-29,1.0,164.18,164.18,1,False
CUST00974,Mia Davis,mia.davis@example.com,70,Austin,TX,2023-09-16,0.0,0.0,0.0,1,False
CUST00975,Emma Brown,emma.brown@example.com,22,Houston,TX,2023-03-26,0.0,0.0,0.0,1,False
CUST00976,Harper Thomas,harper.thomas@example.com,66,Plano,TX,2023-11-04,3.0,319.12,106.37,1,False
CUST00977,Ava Jackson,ava.jackson@example.com,43,Plano,TX,2023-09-19,2.0,111.16,55.58,1,False
CUST00978,Olivia Smith,olivia.smith@example.com,22,Denton,TX,2025-03-07,0.0,0.0,0.0,1,False
CUST00979,Sophia Miller,sophia.miller@example.com,39,Plano,TX,2024-09-22,0.0,0.0,0.0,1,False
CUST00980,Ethan Williams,ethan.williams@example.com,32,Fort Worth,TX,2024-11-10,0.0,0.0,0.0,1,False
CUST00981,James Martin,james.martin@example.com,30,Austin,TX,2025-05-14,1.0,171.2,171.2,1,False
CUST00982,Ava Garcia,ava.garcia@example.com,45,Houston,TX,2026-06-28,3.0,197.05,65.68,1,False
CUST00983,Olivia Johnson,olivia.johnson@example.com,50,Arlington,TX,2023-11-20,1.0,71.02,71.02,1,False
CUST00984,Harper Wilson,harper.wilson@example.com,60,Frisco,TX,2025-07-13,4.0,414.36,103.59,1,False
CUST00985,Olivia Smith,olivia.smith@example.com,40,Plano,TX,2026-06-06,6.0,434.36,72.39,-1,True
CUST00986,Ethan Garcia,ethan.garcia@example.com,50,Arlington,TX,2024-12-27,0.0,0.0,0.0,1,False
CUST00987,Emma Garcia,emma.garcia@example.com,60,Arlington,TX,2026-06-14,0.0,0.0,0.0,1,False
CUST00988,Olivia Jones,olivia.jones@example.com,35,Dallas,TX,2025-09-04,2.0,239.37,119.68,1,False
CUST00989,Sophia Moore,sophia.moore@example.com,67,Fort Worth,TX,2023-08-05,1.0,47.9,47.9,1,False
CUST00990,Olivia Jones,olivia.jones@example.com,70,Houston,TX,2026-06-23,2.0,105.42,52.71,1,False
CUST00991,Olivia Smith,olivia.smith@example.com,47,Fort Worth,TX,2024-03-23,2.0,174.22,87.11,1,False
CUST00992,Olivia Taylor,olivia.taylor@example.com,43,Dallas,TX,2023-11-15,3.0,124.35,41.45,1,False
CUST00993,Lucas Thomas,lucas.thomas@example.com,33,Houston,TX,2025-09-20,3.0,304.17,101.39,1,False
CUST00994,Lucas Jones,lucas.jones@example.com,30,Houston,TX,2023-02-06,2.0,356.27,178.14,1,False
CUST00995,Emma Johnson,emma.johnson@example.com,56,Austin,TX,2024-12-31,0.0,0.0,0.0,1,False
CUST00996,Ava Miller,ava.miller@example.com,50,Fort Worth,TX,2025-10-07,1.0,39.64,39.64,1,False
CUST00997,Olivia Williams,olivia.williams@example.com,43,Fort Worth,TX,2025-11-23,2.0,220.54,110.27,1,False
CUST00998,Henry Moore,henry.moore@example.com,65,Austin,TX,2023-02-08,3.0,246.6,82.2,1,False
CUST00999,Mia Jackson,mia.jackson@example.com,18,Denton,TX,2023-07-28,2.0,138.36,69.18,1,False
CUST01000,Henry Brown,henry.brown@example.com,66,Arlington,TX,2025-04-09,1.0,57.33,57.33,1,False
CUST01001,Ava Williams,ava.williams@example.com,55,Dallas,TX,2025-05-05,0.0,0.0,0.0,1,False
CUST01002,Emma Williams,emma.williams@example.com,19,Fort Worth,TX,2026-03-21,2.0,39.67,19.84,1,False
CUST01003,Amelia Brown,amelia.brown@example.com,66,Austin,TX,2025-06-17,1.0,45.12,45.12,1,False
CUST01004,Amelia Jones,amelia.jones@example.com,23,Frisco,TX,2026-05-07,1.0,158.89,158.89,1,False
CUST01005,Noah Smith,noah.smith@example.com,63,Denton,TX,2024-08-23,3.0,122.59,40.86,1,False
CUST01006,Henry Brown,henry.brown@example.com,67,Houston,TX,2025-01-29,1.0,152.62,152.62,1,False
CUST01007,Ava Thomas,ava.thomas@example.com,55,Plano,TX,2026-01-07,2.0,110.67,55.33,1,False
CUST01008,Ava Thomas,ava.thomas@example.com,59,Frisco,TX,2024-03-09,1.0,50.08,50.08,1,False
CUST01009,Mason Anderson,mason.anderson@example.com,41,Austin,TX,2025-04-21,1.0,29.66,29.66,1,False
CUST01010,Liam Davis,liam.davis@example.com,35,Plano,TX,2023-02-01,4.0,258.8,64.7,1,False
CUST01011,James Taylor,james.taylor@example.com,44,Arlington,TX,2026-01-15,1.0,218.76,218.76,1,False
CUST01012,Harper Miller,harper.miller@example.com,58,Dallas,TX,2024-01-28,0.0,0.0,0.0,1,False
CUST01013,Mason Wilson,mason.wilson@example.com,25,Plano,TX,2026-06-21,1.0,13.52,13.52,1,False
CUST01014,Sophia Jones,sophia.jones@example.com,45,Denton,TX,2026-06-09,0.0,0.0,0.0,1,False
CUST01015,Lucas Moore,lucas.moore@example.com,27,Arlington,TX,2025-06-28,2.0,67.69,33.84,1,False
CUST01016,Lucas Jackson,lucas.jackson@example.com,34,Plano,TX,2023-07-11,1.0,61.01,61.01,1,False
CUST01017,Liam Taylor,liam.taylor@example.com,72,Houston,TX,2023-09-27,2.0,81.43,40.71,1,False
CUST01018,Ethan Brown,ethan.brown@example.com,46,Houston,TX,2025-01-07,1.0,24.41,24.41,1,False
CUST01019,Ethan Davis,ethan.davis@example.com,23,Denton,TX,2023-03-18,3.0,123.1,41.03,1,False
CUST01020,Emma Wilson,emma.wilson@example.com,31,Houston,TX,2025-01-04,1.0,65.87,65.87,1,False
CUST01021,Isabella Moore,isabella.moore@example.com,39,Houston,TX,2025-06-02,2.0,123.46,61.73,1,False
CUST01022,Liam Miller,liam.miller@example.com,71,Austin,TX,2026-04-05,1.0,66.04,66.04,1,False
CUST01023,James Martin,james.martin@example.com,23,Houston,TX,2023-10-11,1.0,23.19,23.19,1,False
CUST01024,Ava Miller,ava.miller@example.com,43,Frisco,TX,2026-01-17,0.0,0.0,0.0,1,False
CUST01025,Ethan Jones,ethan.jones@example.com,56,Houston,TX,2024-06-27,2.0,67.37,33.68,1,False
CUST01026,James Brown,james.brown@example.com,29,Frisco,TX,2024-10-10,1.0,164.18,164.18,1,False
CUST01027,Olivia Martin,olivia.martin@example.com,52,Austin,TX,2026-03-25,2.0,131.62,65.81,1,False
CUST01028,Henry Taylor,henry.taylor@example.com,31,Houston,TX,2023-09-07,1.0,104.78,104.78,1,False
CUST01029,Henry Smith,henry.smith@example.com,39,Denton,TX,2023-04-05,3.0,99.61,33.2,1,False
CUST01030,Isabella Taylor,isabella.taylor@example.com,68,Arlington,TX,2023-01-17,3.0,240.54,80.18,1,False
CUST01031,Mia Taylor,mia.taylor@example.com,40,Denton,TX,2023-04-27,2.0,288.44,144.22,1,False
CUST01032,Ava Miller,ava.miller@example.com,65,Arlington,TX,2025-09-09,0.0,0.0,0.0,1,False
CUST01033,Harper Smith,harper.smith@example.com,24,Fort Worth,TX,2023-11-29,0.0,0.0,0.0,1,False
CUST01034,Harper Smith,harper.smith@example.com,57,Arlington,TX,2026-01-08,0.0,0.0,0.0,1,False
CUST01035,Sophia Jones,sophia.jones@example.com,67,Dallas,TX,2024-10-07,1.0,37.0,37.0,1,False
CUST01036,Harper Moore,harper.moore@example.com,42,Dallas,TX,2026-05-11,0.0,0.0,0.0,1,False
CUST01037,Olivia Wilson,olivia.wilson@example.com,30,Dallas,TX,2023-04-26,1.0,39.65,39.65,1,False
CUST01038,Olivia Garcia,olivia.garcia@example.com,38,Austin,TX,2025-08-20,4.0,297.2,74.3,1,False
CUST01039,Henry Williams,henry.williams@example.com,58,Denton,TX,2026-05-28,0.0,0.0,0.0,1,False
CUST01040,Liam Moore,liam.moore@example.com,27,Arlington,TX,2026-06-30,4.0,334.83,83.71,1,False
CUST01041,Isabella Williams,isabella.williams@example.com,70,Denton,TX,2026-04-07,1.0,25.08,25.08,1,False
CUST01042,Emma Miller,emma.miller@example.com,72,Frisco,TX,2025-04-26,2.0,69.17,34.58,1,False
CUST01043,Sophia Garcia,sophia.garcia@example.com,26,Dallas,TX,2023-11-12,5.0,309.91,61.98,1,False
CUST01044,Ethan Wilson,ethan.wilson@example.com,32,Fort Worth,TX,2025-03-20,0.0,0.0,0.0,1,False
CUST01045,James Garcia,james.garcia@example.com,69,Austin,TX,2024-01-07,2.0,50.02,25.01,1,False
CUST01046,Liam Jones,liam.jones@example.com,19,Fort Worth,TX,2025-01-29,0.0,0.0,0.0,1,False
CUST01047,Ethan Taylor,ethan.taylor@example.com,42,Arlington,TX,2025-05-26,2.0,134.96,67.48,1,False
CUST01048,Liam Miller,liam.miller@example.com,30,Houston,TX,2025-09-03,3.0,452.25,150.75,1,False
CUST01049,Liam Smith,liam.smith@example.com,51,Fort Worth,TX,2023-06-05,1.0,49.45,49.45,1,False
CUST01050,Liam Thomas,liam.thomas@example.com,68,Houston,TX,2024-09-05,2.0,87.04,43.52,1,False
CUST01051,Henry Miller,henry.miller@example.com,51,Austin,TX,2025-11-02,2.0,173.4,86.7,1,False
CUST01052,Harper Williams,harper.williams@example.com,52,Fort Worth,TX,2024-05-22,0.0,0.0,0.0,1,False
CUST01053,Isabella Martin,isabella.martin@example.com,55,Fort Worth,TX,2024-04-09,2.0,218.21,109.1,1,False
CUST01054,Emma Wilson,emma.wilson@example.com,20,Plano,TX,2025-02-21,0.0,0.0,0.0,1,False
CUST01055,Harper Jackson,harper.jackson@example.com,59,Austin,TX,2025-03-14,1.0,42.79,42.79,1,False
CUST01056,Liam Garcia,liam.garcia@example.com,73,Austin,TX,2023-08-08,1.0,61.48,61.48,1,False
CUST01057,Noah Wilson,noah.wilson@example.com,23,Dallas,TX,2023-01-15,5.0,227.9,45.58,1,False
CUST01058,Mia Moore,mia.moore@example.com,72,Arlington,TX,2023-04-27,1.0,64.87,64.87,1,False
CUST01059,Ethan Jackson,ethan.jackson@example.com,65,Fort Worth,TX,2023-11-27,3.0,162.64,54.21,1,False
CUST01060,Ava Jones,ava.jones@example.com,66,Denton,TX,2023-02-25,4.0,296.37,74.09,1,False
CUST01061,Mason Miller,mason.miller@example.com,36,Fort Worth,TX,2026-03-01,3.0,152.77,50.92,1,False
CUST01062,Harper Moore,harper.moore@example.com,20,Frisco,TX,2026-06-03,2.0,211.65,105.82,1,False
CUST01063,James Martin,james.martin@example.com,35,Austin,TX,2023-11-04,0.0,0.0,0.0,1,False
CUST01064,Henry Brown,henry.brown@example.com,56,Denton,TX,2023-08-10,2.0,66.85,33.42,1,False
CUST01065,Sophia Jackson,sophia.jackson@example.com,26,Austin,TX,2026-04-11,0.0,0.0,0.0,1,False
CUST01066,Lucas Miller,lucas.miller@example.com,69,Arlington,TX,2025-03-07,3.0,398.24,132.75,1,False
CUST01067,Emma Moore,emma.moore@example.com,29,Austin,TX,2026-03-26,3.0,321.78,107.26,1,False
CUST01068,Ava Smith,ava.smith@example.com,22,Houston,TX,2023-05-31,6.0,426.98,71.16,-1,True
CUST01069,Olivia Miller,olivia.miller@example.com,20,Houston,TX,2026-04-16,1.0,51.23,51.23,1,False
CUST01070,Amelia Davis,amelia.davis@example.com,28,Plano,TX,2023-04-22,2.0,117.8,58.9,1,False
CUST01071,Noah Jones,noah.jones@example.com,74,Houston,TX,2024-11-13,3.0,247.54,82.51,1,False
CUST01072,Lucas Johnson,lucas.johnson@example.com,47,Houston,TX,2026-03-07,1.0,45.68,45.68,1,False
CUST01073,Mason Jones,mason.jones@example.com,21,Arlington,TX,2026-06-10,0.0,0.0,0.0,1,False
CUST01074,Ava Garcia,ava.garcia@example.com,22,Fort Worth,TX,2023-11-28,2.0,104.16,52.08,1,False
CUST01075,Lucas Thomas,lucas.thomas@example.com,18,Houston,TX,2025-06-11,3.0,398.71,132.9,1,False
CUST01076,Ava Johnson,ava.johnson@example.com,44,Denton,TX,2023-06-10,2.0,193.52,96.76,1,False
CUST01077,James Martin,james.martin@example.com,45,Plano,TX,2023-10-05,5.0,617.83,123.57,-1,True
CUST01078,Noah Garcia,noah.garcia@example.com,46,Austin,TX,2025-06-15,0.0,0.0,0.0,1,False
CUST01079,Mason Garcia,mason.garcia@example.com,35,Houston,TX,2024-05-11,0.0,0.0,0.0,1,False
CUST01080,Olivia Smith,olivia.smith@example.com,29,Plano,TX,2024-10-16,0.0,0.0,0.0,1,False
CUST01081,Liam Martin,liam.martin@example.com,30,Arlington,TX,2025-11-25,3.0,125.97,41.99,1,False
CUST01082,Ethan Smith,ethan.smith@example.com,58,Frisco,TX,2023-10-30,0.0,0.0,0.0,1,False
CUST01083,Olivia Martin,olivia.martin@example.com,19,Frisco,TX,2024-03-13,1.0,67.27,67.27,1,False
CUST01084,Liam Anderson,liam.anderson@example.com,54,Frisco,TX,2024-12-26,2.0,181.83,90.92,1,False
CUST01085,Amelia Taylor,amelia.taylor@example.com,62,Austin,TX,2025-11-21,2.0,71.04,35.52,1,False
CUST01086,Henry Williams,henry.williams@example.com,33,Plano,TX,2023-07-05,1.0,48.84,48.84,1,False
CUST01087,Isabella Martin,isabella.martin@example.com,65,Houston,TX,2026-04-12,1.0,101.0,101.0,1,False
CUST01088,Isabella Taylor,isabella.taylor@example.com,41,Fort Worth,TX,2024-11-03,3.0,167.99,56.0,1,False
CUST01089,Isabella Taylor,isabella.taylor@example.com,52,Austin,TX,2026-06-27,1.0,25.0,25.0,1,False
CUST01090,Emma Jackson,emma.jackson@example.com,39,Austin,TX,2025-09-27,2.0,106.44,53.22,1,False
CUST01091,Harper Thomas,harper.thomas@example.com,53,Frisco,TX,2023-10-06,1.0,62.64,62.64,1,False
CUST01092,Mia Williams,mia.williams@example.com,28,Fort Worth,TX,2024-11-13,1.0,66.98,66.98,1,False
CUST01093,Sophia Brown,sophia.brown@example.com,72,Frisco,TX,2025-10-22,1.0,29.74,29.74,1,False
CUST01094,Sophia Johnson,sophia.johnson@example.com,63,Austin,TX,2026-05-02,3.0,150.84,50.28,1,False
CUST01095,Harper Wilson,harper.wilson@example.com,46,Houston,TX,2026-04-04,0.0,0.0,0.0,1,False
CUST01096,Isabella Taylor,isabella.taylor@example.com,52,Frisco,TX,2025-10-07,1.0,43.04,43.04,1,False
CUST01097,Ethan Thomas,ethan.thomas@example.com,65,Frisco,TX,2025-07-13,1.0,167.55,167.55,1,False
CUST01098,Mason Anderson,mason.anderson@example.com,71,Denton,TX,2026-02-07,0.0,0.0,0.0,1,False
CUST01099,Noah Martin,noah.martin@example.com,32,Frisco,TX,2024-01-15,2.0,97.53,48.76,1,False
CUST01100,Mason Miller,mason.miller@example.com,48,Austin,TX,2025-04-14,1.0,129.57,129.57,1,False
CUST01101,Noah Miller,noah.miller@example.com,59,Houston,TX,2025-09-25,1.0,148.6,148.6,1,False
CUST01102,Mason Jackson,mason.jackson@example.com,58,Fort Worth,TX,2023-10-12,2.0,131.14,65.57,1,False
CUST01103,Mia Garcia,mia.garcia@example.com,60,Dallas,TX,2024-02-25,1.0,112.5,112.5,1,False
CUST01104,Emma Jackson,emma.jackson@example.com,33,Fort Worth,TX,2023-04-23,1.0,108.86,108.86,1,False
CUST01105,Emma Williams,emma.williams@example.com,27,Houston,TX,2025-10-14,0.0,0.0,0.0,1,False
CUST01106,Isabella Garcia,isabella.garcia@example.com,66,Arlington,TX,2023-08-16,2.0,130.32,65.16,1,False
CUST01107,Amelia Jackson,amelia.jackson@example.com,49,Frisco,TX,2024-06-11,2.0,78.52,39.26,1,False
CUST01108,Liam Martin,liam.martin@example.com,68,Fort Worth,TX,2024-05-10,1.0,77.01,77.01,1,False
CUST01109,Amelia Thomas,amelia.thomas@example.com,19,Arlington,TX,2023-01-31,2.0,72.13,36.06,1,False
CUST01110,Lucas Davis,lucas.davis@example.com,41,Arlington,TX,2023-06-11,1.0,57.75,57.75,1,False
CUST01111,Emma Davis,emma.davis@example.com,40,Houston,TX,2024-12-05,1.0,17.66,17.66,1,False
CUST01112,Emma Anderson,emma.anderson@example.com,19,Houston,TX,2024-12-22,1.0,101.1,101.1,1,False
CUST01113,Olivia Moore,olivia.moore@example.com,55,Denton,TX,2024-03-21,5.0,525.81,105.16,-1,True
CUST01114,Olivia Wilson,olivia.wilson@example.com,48,Frisco,TX,2025-01-13,1.0,50.03,50.03,1,False
CUST01115,Liam Jackson,liam.jackson@example.com,68,Dallas,TX,2024-03-02,2.0,322.08,161.04,1,False
CUST01116,James Smith,james.smith@example.com,57,Plano,TX,2024-05-18,2.0,157.14,78.57,1,False
CUST01117,Lucas Martin,lucas.martin@example.com,43,Austin,TX,2024-12-21,2.0,93.13,46.56,1,False
CUST01118,Amelia Smith,amelia.smith@example.com,46,Fort Worth,TX,2024-11-14,3.0,195.48,65.16,1,False
CUST01119,Ethan Williams,ethan.williams@example.com,20,Houston,TX,2024-08-04,2.0,111.41,55.7,1,False
CUST01120,Olivia Williams,olivia.williams@example.com,31,Fort Worth,TX,2025-11-23,2.0,160.66,80.33,1,False
CUST01121,Ethan Taylor,ethan.taylor@example.com,42,Plano,TX,2025-01-05,0.0,0.0,0.0,1,False
CUST01122,Ava Davis,ava.davis@example.com,65,Plano,TX,2024-11-21,0.0,0.0,0.0,1,False
CUST01123,Olivia Jackson,olivia.jackson@example.com,18,Frisco,TX,2025-01-27,2.0,221.67,110.84,1,False
CUST01124,Mia Taylor,mia.taylor@example.com,70,Arlington,TX,2025-01-23,3.0,274.31,91.44,1,False
CUST01125,James Smith,james.smith@example.com,20,Frisco,TX,2023-01-24,1.0,122.19,122.19,1,False
CUST01126,Lucas Moore,lucas.moore@example.com,71,Austin,TX,2026-05-24,1.0,46.77,46.77,1,False
CUST01127,Henry Johnson,henry.johnson@example.com,43,Dallas,TX,2023-02-24,0.0,0.0,0.0,1,False
CUST01128,Liam Johnson,liam.johnson@example.com,35,Fort Worth,TX,2025-11-15,3.0,318.61,106.2,1,False
CUST01129,Ava Williams,ava.williams@example.com,26,Austin,TX,2025-03-14,2.0,234.57,117.28,1,False
CUST01130,Henry Moore,henry.moore@example.com,55,Denton,TX,2023-11-23,2.0,170.46,85.23,1,False
CUST01131,Lucas Garcia,lucas.garcia@example.com,40,Dallas,TX,2025-08-27,0.0,0.0,0.0,1,False
CUST01132,Amelia Smith,amelia.smith@example.com,38,Fort Worth,TX,2023-07-05,2.0,144.58,72.29,1,False
CUST01133,Isabella Johnson,isabella.johnson@example.com,74,Austin,TX,2024-05-09,2.0,157.31,78.66,1,False
CUST01134,Mia Moore,mia.moore@example.com,18,Houston,TX,2025-11-01,2.0,209.79,104.9,1,False
CUST01135,Lucas Jackson,lucas.jackson@example.com,38,Fort Worth,TX,2024-03-09,0.0,0.0,0.0,1,False
CUST01136,Mia Moore,mia.moore@example.com,44,Austin,TX,2023-07-27,0.0,0.0,0.0,1,False
CUST01137,Harper Smith,harper.smith@example.com,59,Plano,TX,2023-05-13,1.0,122.49,122.49,1,False
CUST01138,Mia Jones,mia.jones@example.com,23,Dallas,TX,2026-05-04,1.0,48.53,48.53,1,False
CUST01139,Ethan Moore,ethan.moore@example.com,72,Austin,TX,2024-01-04,1.0,103.47,103.47,1,False
CUST01140,Harper Moore,harper.moore@example.com,61,Houston,TX,2026-01-31,1.0,27.43,27.43,1,False
CUST01141,Mason Miller,mason.miller@example.com,53,Frisco,TX,2026-04-21,3.0,116.32,38.77,1,False
CUST01142,Henry Davis,henry.davis@example.com,45,Fort Worth,TX,2024-02-27,0.0,0.0,0.0,1,False
CUST01143,Isabella Taylor,isabella.taylor@example.com,62,Denton,TX,2025-10-29,4.0,231.37,57.84,1,False
CUST01144,Harper Smith,harper.smith@example.com,34,Fort Worth,TX,2023-09-01,0.0,0.0,0.0,1,False
CUST01145,Amelia Miller,amelia.miller@example.com,57,Fort Worth,TX,2025-02-20,1.0,77.02,77.02,1,False
CUST01146,Ava Moore,ava.moore@example.com,69,Houston,TX,2024-09-15,2.0,120.9,60.45,1,False
CUST01147,Lucas Jones,lucas.jones@example.com,20,Dallas,TX,2024-07-20,1.0,553.31,553.31,-1,True
CUST01148,Noah Taylor,noah.taylor@example.com,29,Fort Worth,TX,2024-06-10,1.0,27.49,27.49,1,False
CUST01149,Ava Smith,ava.smith@example.com,56,Dallas,TX,2023-02-06,3.0,146.01,48.67,1,False
CUST01150,Mason Williams,mason.williams@example.com,29,Austin,TX,2023-06-27,2.0,185.71,92.86,1,False
CUST01151,Ava Miller,ava.miller@example.com,19,Plano,TX,2024-09-30,0.0,0.0,0.0,1,False
CUST01152,Emma Taylor,emma.taylor@example.com,73,Denton,TX,2025-05-01,0.0,0.0,0.0,1,False
CUST01153,Amelia Smith,amelia.smith@example.com,63,Plano,TX,2023-03-13,3.0,225.59,75.2,1,False
CUST01154,Noah Miller,noah.miller@example.com,39,Dallas,TX,2023-12-18,2.0,117.51,58.76,1,False
CUST01155,Harper Jones,harper.jones@example.com,40,Dallas,TX,2024-09-14,2.0,137.5,68.75,1,False
CUST01156,Harper Smith,harper.smith@example.com,47,Plano,TX,2026-03-18,3.0,246.49,82.16,1,False
CUST01157,Harper Smith,harper.smith@example.com,22,Fort Worth,TX,2023-04-15,0.0,0.0,0.0,1,False
CUST01158,Mason Martin,mason.martin@example.com,26,Arlington,TX,2023-08-09,0.0,0.0,0.0,1,False
CUST01159,Ethan Smith,ethan.smith@example.com,38,Arlington,TX,2025-05-12,2.0,90.5,45.25,1,False
CUST01160,Henry Anderson,henry.anderson@example.com,28,Houston,TX,2024-06-01,0.0,0.0,0.0,1,False
CUST01161,Lucas Wilson,lucas.wilson@example.com,22,Denton,TX,2023-10-26,0.0,0.0,0.0,1,False
CUST01162,James Anderson,james.anderson@example.com,52,Frisco,TX,2025-05-10,1.0,128.54,128.54,1,False
CUST01163,Sophia Moore,sophia.moore@example.com,44,Plano,TX,2023-02-11,0.0,0.0,0.0,1,False
CUST01164,Henry Williams,henry.williams@example.com,66,Plano,TX,2025-02-09,0.0,0.0,0.0,1,False
CUST01165,Mason Jackson,mason.jackson@example.com,19,Houston,TX,2025-06-15,2.0,213.11,106.56,1,False
CUST01166,Liam Moore,liam.moore@example.com,41,Denton,TX,2024-05-06,1.0,147.42,147.42,1,False
CUST01167,Amelia Jones,amelia.jones@example.com,48,Arlington,TX,2025-12-06,2.0,152.57,76.28,1,False
CUST01168,Lucas Anderson,lucas.anderson@example.com,50,Austin,TX,2023-03-26,2.0,186.73,93.36,1,False
CUST01169,Henry Taylor,henry.taylor@example.com,56,Fort Worth,TX,2025-12-17,0.0,0.0,0.0,1,False
CUST01170,Isabella Thomas,isabella.thomas@example.com,47,Fort Worth,TX,2025-09-17,3.0,402.76,134.25,1,False
CUST01171,Mason Wilson,mason.wilson@example.com,63,Austin,TX,2024-12-11,0.0,0.0,0.0,1,False
CUST01172,Emma Garcia,emma.garcia@example.com,54,Austin,TX,2023-07-28,3.0,155.46,51.82,1,False
CUST01173,Sophia Thomas,sophia.thomas@example.com,68,Denton,TX,2026-06-25,4.0,154.0,38.5,1,False
CUST01174,Emma Wilson,emma.wilson@example.com,45,Arlington,TX,2026-05-19,2.0,181.02,90.51,1,False
CUST01175,Harper Davis,harper.davis@example.com,48,Houston,TX,2023-02-08,0.0,0.0,0.0,1,False
CUST01176,Sophia Davis,sophia.davis@example.com,28,Austin,TX,2026-06-29,1.0,257.0,257.0,1,False
CUST01177,Henry Smith,henry.smith@example.com,40,Houston,TX,2025-07-14,3.0,513.93,171.31,1,False
CUST01178,Isabella Moore,isabella.moore@example.com,74,Denton,TX,2025-01-31,3.0,264.74,88.25,1,False
CUST01179,Harper Wilson,harper.wilson@example.com,19,Frisco,TX,2025-08-03,1.0,41.89,41.89,1,False
CUST01180,James Garcia,james.garcia@example.com,57,Dallas,TX,2023-02-21,2.0,99.21,49.6,1,False
CUST01181,Amelia Wilson,amelia.wilson@example.com,58,Fort Worth,TX,2024-01-09,3.0,82.62,27.54,1,False
CUST01182,Liam Williams,liam.williams@example.com,44,Arlington,TX,2025-07-19,1.0,41.15,41.15,1,False
CUST01183,Lucas Thomas,lucas.thomas@example.com,52,Fort Worth,TX,2023-06-05,1.0,25.32,25.32,1,False
CUST01184,Ethan Williams,ethan.williams@example.com,19,Arlington,TX,2026-01-18,3.0,224.08,74.69,1,False
CUST01185,Emma Garcia,emma.garcia@example.com,56,Denton,TX,2024-11-09,0.0,0.0,0.0,1,False
CUST01186,Emma Wilson,emma.wilson@example.com,54,Dallas,TX,2023-12-17,1.0,14.5,14.5,1,False
CUST01187,Harper Miller,harper.miller@example.com,38,Fort Worth,TX,2023-03-10,2.0,173.02,86.51,1,False
CUST01188,Mia Martin,mia.martin@example.com,22,Dallas,TX,2026-04-01,0.0,0.0,0.0,1,False
CUST01189,Sophia Moore,sophia.moore@example.com,69,Denton,TX,2026-06-19,2.0,308.39,154.2,1,False
CUST01190,Olivia Williams,olivia.williams@example.com,62,Arlington,TX,2025-12-11,1.0,16.98,16.98,1,False
CUST01191,James Williams,james.williams@example.com,38,Austin,TX,2024-10-15,2.0,34.74,17.37,1,False
CUST01192,Lucas Johnson,lucas.johnson@example.com,46,Frisco,TX,2023-03-04,2.0,213.62,106.81,1,False
CUST01193,Sophia Wilson,sophia.wilson@example.com,37,Fort Worth,TX,2024-05-23,1.0,67.84,67.84,1,False
CUST01194,Mia Moore,mia.moore@example.com,55,Dallas,TX,2023-10-19,1.0,77.15,77.15,1,False
CUST01195,Ava Jackson,ava.jackson@example.com,37,Plano,TX,2026-01-19,3.0,437.24,145.75,1,False
CUST01196,Sophia Williams,sophia.williams@example.com,67,Fort Worth,TX,2025-03-31,3.0,125.85,41.95,1,False
CUST01197,Ethan Anderson,ethan.anderson@example.com,42,Fort Worth,TX,2023-05-30,3.0,359.91,119.97,1,False
CUST01198,Lucas Jones,lucas.jones@example.com,19,Fort Worth,TX,2025-05-30,1.0,47.17,47.17,1,False
CUST01199,Henry Martin,henry.martin@example.com,74,Houston,TX,2026-02-13,2.0,47.65,23.83,1,False
CUST01200,James Martin,james.martin@example.com,49,Dallas,TX,2024-12-04,3.0,178.85,59.62,1,False
CUST01201,Mia Wilson,mia.wilson@example.com,43,Dallas,TX,2024-05-30,1.0,241.6,241.6,1,False
CUST01202,Ava Davis,ava.davis@example.com,23,Fort Worth,TX,2026-06-18,3.0,268.62,89.54,1,False
CUST01203,Amelia Johnson,amelia.johnson@example.com,58,Denton,TX,2023-01-30,3.0,83.64,27.88,1,False
CUST01204,Noah Williams,noah.williams@example.com,74,Denton,TX,2026-03-12,2.0,196.16,98.08,1,False
CUST01205,Mia Johnson,mia.johnson@example.com,20,Austin,TX,2023-11-22,1.0,21.21,21.21,1,False
CUST01206,Noah Davis,noah.davis@example.com,50,Fort Worth,TX,2025-08-06,2.0,222.29,111.15,1,False
CUST01207,Lucas Garcia,lucas.garcia@example.com,18,Houston,TX,2023-01-16,1.0,58.94,58.94,1,False
CUST01208,Emma Garcia,emma.garcia@example.com,68,Arlington,TX,2023-04-21,2.0,112.31,56.16,1,False
CUST01209,Mia Thomas,mia.thomas@example.com,22,Houston,TX,2025-05-21,1.0,65.04,65.04,1,False
CUST01210,Amelia Jackson,amelia.jackson@example.com,30,Denton,TX,2024-12-13,0.0,0.0,0.0,1,False
CUST01211,Liam Wilson,liam.wilson@example.com,36,Austin,TX,2023-04-17,0.0,0.0,0.0,1,False
CUST01212,Harper Davis,harper.davis@example.com,29,Denton,TX,2024-01-14,0.0,0.0,0.0,1,False
CUST01213,Noah Brown,noah.brown@example.com,65,Denton,TX,2023-06-11,1.0,64.07,64.07,1,False
CUST01214,Harper Jackson,harper.jackson@example.com,42,Denton,TX,2023-10-10,1.0,32.67,32.67,1,False
CUST01215,Ethan Thomas,ethan.thomas@example.com,74,Fort Worth,TX,2023-09-26,1.0,23.23,23.23,1,False
CUST01216,Liam Brown,liam.brown@example.com,68,Denton,TX,2024-04-28,1.0,22.17,22.17,1,False
CUST01217,Harper Wilson,harper.wilson@example.com,52,Dallas,TX,2024-10-28,2.0,304.58,152.29,1,False
CUST01218,Mason Smith,mason.smith@example.com,29,Frisco,TX,2026-01-01,0.0,0.0,0.0,1,False
CUST01219,Mason Moore,mason.moore@example.com,47,Plano,TX,2026-05-05,3.0,117.91,39.3,1,False
CUST01220,Ava Johnson,ava.johnson@example.com,22,Fort Worth,TX,2026-06-20,1.0,67.21,67.21,1,False
CUST01221,James Johnson,james.johnson@example.com,51,Austin,TX,2024-08-20,3.0,209.5,69.83,1,False
CUST01222,Emma Moore,emma.moore@example.com,39,Dallas,TX,2025-03-09,3.0,220.39,73.46,1,False
CUST01223,Lucas Moore,lucas.moore@example.com,56,Houston,TX,2025-03-08,1.0,51.99,51.99,1,False
CUST01224,Mia Garcia,mia.garcia@example.com,30,Denton,TX,2026-03-18,2.0,55.68,27.84,1,False
CUST01225,Olivia Jackson,olivia.jackson@example.com,74,Arlington,TX,2024-01-25,1.0,101.71,101.71,1,False
CUST01226,Ethan Brown,ethan.brown@example.com,64,Arlington,TX,2024-02-20,1.0,60.73,60.73,1,False
CUST01227,Noah Moore,noah.moore@example.com,71,Frisco,TX,2024-03-01,1.0,37.01,37.01,1,False
CUST01228,Lucas Anderson,lucas.anderson@example.com,20,Fort Worth,TX,2025-09-23,1.0,28.89,28.89,1,False
CUST01229,Liam Taylor,liam.taylor@example.com,70,Houston,TX,2026-05-25,1.0,48.79,48.79,1,False
CUST01230,Isabella Moore,isabella.moore@example.com,37,Frisco,TX,2025-05-16,0.0,0.0,0.0,1,False
CUST01231,Mason Williams,mason.williams@example.com,48,Plano,TX,2023-03-27,1.0,38.87,38.87,1,False
CUST01232,Isabella Williams,isabella.williams@example.com,22,Plano,TX,2026-05-24,1.0,39.1,39.1,1,False
CUST01233,Amelia Williams,amelia.williams@example.com,41,Frisco,TX,2024-02-27,1.0,108.42,108.42,1,False
CUST01234,Ethan Garcia,ethan.garcia@example.com,57,Austin,TX,2023-04-28,0.0,0.0,0.0,1,False
CUST01235,Olivia Martin,olivia.martin@example.com,71,Arlington,TX,2025-08-16,1.0,61.91,61.91,1,False
CUST01236,Mia Davis,mia.davis@example.com,50,Houston,TX,2025-05-31,4.0,149.07,37.27,1,False
CUST01237,Ava Anderson,ava.anderson@example.com,25,Fort Worth,TX,2025-09-18,0.0,0.0,0.0,1,False
CUST01238,Olivia Miller,olivia.miller@example.com,41,Denton,TX,2024-02-19,0.0,0.0,0.0,1,False
CUST01239,Ethan Martin,ethan.martin@example.com,67,Dallas,TX,2024-08-21,3.0,109.47,36.49,1,False
CUST01240,Olivia Brown,olivia.brown@example.com,37,Fort Worth,TX,2023-02-09,1.0,23.63,23.63,1,False
CUST01241,Ethan Anderson,ethan.anderson@example.com,33,Fort Worth,TX,2026-03-30,0.0,0.0,0.0,1,False
CUST01242,Ethan Thomas,ethan.thomas@example.com,67,Houston,TX,2024-12-03,2.0,203.49,101.74,1,False
CUST01243,Sophia Brown,sophia.brown@example.com,69,Arlington,TX,2024-06-20,0.0,0.0,0.0,1,False
CUST01244,Noah Anderson,noah.anderson@example.com,29,Houston,TX,2024-02-24,0.0,0.0,0.0,1,False
CUST01245,Henry Taylor,henry.taylor@example.com,30,Dallas,TX,2024-10-25,0.0,0.0,0.0,1,False
CUST01246,Isabella Jackson,isabella.jackson@example.com,62,Frisco,TX,2023-04-05,0.0,0.0,0.0,1,False
CUST01247,Henry Anderson,henry.anderson@example.com,59,Houston,TX,2025-08-30,1.0,175.68,175.68,1,False
CUST01248,Henry Anderson,henry.anderson@example.com,56,Austin,TX,2024-10-11,0.0,0.0,0.0,1,False
CUST01249,Henry Martin,henry.martin@example.com,42,Fort Worth,TX,2023-10-15,0.0,0.0,0.0,1,False
CUST01250,Harper Anderson,harper.anderson@example.com,63,Arlington,TX,2024-02-16,1.0,174.42,174.42,1,False
CUST01251,Mason Johnson,mason.johnson@example.com,49,Denton,TX,2024-02-04,1.0,98.03,98.03,1,False
CUST01252,Sophia Martin,sophia.martin@example.com,41,Plano,TX,2024-06-11,2.0,86.35,43.18,1,False
CUST01253,Mia Smith,mia.smith@example.com,65,Dallas,TX,2025-11-07,0.0,0.0,0.0,1,False
CUST01254,Sophia Wilson,sophia.wilson@example.com,64,Plano,TX,2023-05-16,0.0,0.0,0.0,1,False
CUST01255,Emma Thomas,emma.thomas@example.com,61,Fort Worth,TX,2025-01-28,0.0,0.0,0.0,1,False
CUST01256,Emma Jackson,emma.jackson@example.com,26,Houston,TX,2026-06-25,1.0,32.64,32.64,1,False
CUST01257,Harper Thomas,harper.thomas@example.com,57,Plano,TX,2025-04-22,3.0,249.02,83.01,1,False
CUST01258,Mason Johnson,mason.johnson@example.com,67,Austin,TX,2024-12-10,2.0,132.76,66.38,1,False
CUST01259,Olivia Moore,olivia.moore@example.com,40,Houston,TX,2025-10-21,2.0,102.54,51.27,1,False
CUST01260,Noah Davis,noah.davis@example.com,67,Fort Worth,TX,2024-01-16,1.0,56.86,56.86,1,False
CUST01261,Mason Jackson,mason.jackson@example.com,30,Plano,TX,2024-05-23,2.0,145.33,72.67,1,False
CUST01262,Harper Wilson,harper.wilson@example.com,49,Denton,TX,2025-03-16,3.0,226.87,75.62,1,False
CUST01263,Ethan Brown,ethan.brown@example.com,67,Frisco,TX,2024-04-20,4.0,293.9,73.47,1,False
CUST01264,Liam Davis,liam.davis@example.com,32,Dallas,TX,2025-08-11,3.0,200.05,66.68,1,False
CUST01265,Noah Wilson,noah.wilson@example.com,53,Plano,TX,2025-04-28,3.0,118.73,39.58,1,False
CUST01266,James Taylor,james.taylor@example.com,66,Denton,TX,2025-06-15,0.0,0.0,0.0,1,False
CUST01267,Isabella Taylor,isabella.taylor@example.com,22,Frisco,TX,2023-02-01,1.0,57.09,57.09,1,False
CUST01268,Noah Jones,noah.jones@example.com,39,Frisco,TX,2023-04-28,2.0,146.46,73.23,1,False
CUST01269,Harper Moore,harper.moore@example.com,33,Plano,TX,2026-04-22,3.0,218.57,72.86,1,False
CUST01270,Ethan Martin,ethan.martin@example.com,58,Arlington,TX,2023-07-10,2.0,92.46,46.23,1,False
CUST01271,Ethan Miller,ethan.miller@example.com,27,Plano,TX,2023-03-15,0.0,0.0,0.0,1,False
CUST01272,Ava Taylor,ava.taylor@example.com,41,Fort Worth,TX,2024-09-14,2.0,291.44,145.72,1,False
CUST01273,Henry Brown,henry.brown@example.com,35,Frisco,TX,2026-01-31,2.0,254.73,127.36,1,False
CUST01274,Mason Smith,mason.smith@example.com,66,Dallas,TX,2025-05-20,1.0,60.45,60.45,1,False
CUST01275,Ethan Williams,ethan.williams@example.com,35,Fort Worth,TX,2024-08-08,3.0,237.32,79.11,1,False
CUST01276,Emma Jones,emma.jones@example.com,24,Austin,TX,2024-02-24,1.0,183.77,183.77,1,False
CUST01277,Henry Williams,henry.williams@example.com,21,Houston,TX,2024-04-17,1.0,53.73,53.73,1,False
CUST01278,Mia Thomas,mia.thomas@example.com,43,Plano,TX,2023-04-24,2.0,176.81,88.4,1,False
CUST01279,Liam Moore,liam.moore@example.com,22,Arlington,TX,2023-11-26,0.0,0.0,0.0,1,False
CUST01280,Harper Anderson,harper.anderson@example.com,72,Dallas,TX,2023-12-05,1.0,25.67,25.67,1,False
CUST01281,Isabella Miller,isabella.miller@example.com,33,Arlington,TX,2023-08-26,3.0,143.54,47.85,1,False
CUST01282,Mason Thomas,mason.thomas@example.com,52,Arlington,TX,2026-04-11,0.0,0.0,0.0,1,False
CUST01283,Lucas Wilson,lucas.wilson@example.com,43,Arlington,TX,2023-03-20,0.0,0.0,0.0,1,False
CUST01284,Emma Jackson,emma.jackson@example.com,35,Plano,TX,2024-04-08,0.0,0.0,0.0,1,False
CUST01285,Amelia Thomas,amelia.thomas@example.com,46,Dallas,TX,2024-08-27,3.0,184.99,61.66,1,False
CUST01286,James Garcia,james.garcia@example.com,40,Dallas,TX,2024-07-15,1.0,218.04,218.04,1,False
CUST01287,Olivia Moore,olivia.moore@example.com,70,Frisco,TX,2023-10-12,1.0,38.68,38.68,1,False
CUST01288,Ethan Taylor,ethan.taylor@example.com,31,Arlington,TX,2023-08-11,2.0,67.45,33.72,1,False
CUST01289,Lucas Smith,lucas.smith@example.com,32,Frisco,TX,2024-08-15,0.0,0.0,0.0,1,False
CUST01290,Ethan Miller,ethan.miller@example.com,66,Frisco,TX,2024-01-08,1.0,90.98,90.98,1,False
CUST01291,Noah Jackson,noah.jackson@example.com,50,Houston,TX,2026-06-10,3.0,173.21,57.74,1,False
CUST01292,Emma Williams,emma.williams@example.com,42,Plano,TX,2025-06-29,0.0,0.0,0.0,1,False
CUST01293,Noah Jones,noah.jones@example.com,38,Plano,TX,2025-04-07,2.0,97.69,48.84,1,False
CUST01294,Ava Taylor,ava.taylor@example.com,34,Fort Worth,TX,2023-08-24,2.0,144.34,72.17,1,False
CUST01295,Noah Brown,noah.brown@example.com,40,Denton,TX,2024-11-01,0.0,0.0,0.0,1,False
CUST01296,Ava Taylor,ava.taylor@example.com,74,Frisco,TX,2025-04-07,2.0,126.18,63.09,1,False
CUST01297,James Jones,james.jones@example.com,60,Plano,TX,2025-02-01,0.0,0.0,0.0,1,False
CUST01298,Harper Jones,harper.jones@example.com,34,Arlington,TX,2024-01-15,0.0,0.0,0.0,1,False
CUST01299,Ava Garcia,ava.garcia@example.com,31,Denton,TX,2025-03-04,0.0,0.0,0.0,1,False
CUST01300,Lucas Martin,lucas.martin@example.com,46,Austin,TX,2024-09-05,2.0,191.96,95.98,1,False
CUST01301,Henry Taylor,henry.taylor@example.com,37,Arlington,TX,2024-07-16,0.0,0.0,0.0,1,False
CUST01302,Ethan Thomas,ethan.thomas@example.com,47,Dallas,TX,2024-02-24,0.0,0.0,0.0,1,False
CUST01303,Olivia Taylor,olivia.taylor@example.com,36,Plano,TX,2023-02-21,0.0,0.0,0.0,1,False
CUST01304,Henry Moore,henry.moore@example.com,70,Denton,TX,2025-03-29,2.0,195.15,97.58,1,False
CUST01305,Isabella Moore,isabella.moore@example.com,56,Plano,TX,2023-07-24,0.0,0.0,0.0,1,False
CUST01306,Harper Anderson,harper.anderson@example.com,73,Fort Worth,TX,2025-09-27,0.0,0.0,0.0,1,False
CUST01307,Noah Garcia,noah.garcia@example.com,30,Frisco,TX,2024-12-31,2.0,150.67,75.34,1,False
CUST01308,Amelia Davis,amelia.davis@example.com,35,Austin,TX,2023-09-14,1.0,51.72,51.72,1,False
CUST01309,Isabella Davis,isabella.davis@example.com,40,Plano,TX,2023-07-04,1.0,20.49,20.49,1,False
CUST01310,Emma Anderson,emma.anderson@example.com,63,Fort Worth,TX,2023-05-25,1.0,42.07,42.07,1,False
CUST01311,Ava Wilson,ava.wilson@example.com,50,Fort Worth,TX,2025-11-03,3.0,289.58,96.53,1,False
CUST01312,Ethan Davis,ethan.davis@example.com,56,Austin,TX,2023-09-03,0.0,0.0,0.0,1,False
CUST01313,Liam Moore,liam.moore@example.com,57,Arlington,TX,2023-07-06,2.0,197.9,98.95,1,False
CUST01314,Mason Anderson,mason.anderson@example.com,35,Arlington,TX,2025-05-15,1.0,69.51,69.51,1,False
CUST01315,Lucas Johnson,lucas.johnson@example.com,26,Arlington,TX,2023-02-09,0.0,0.0,0.0,1,False
CUST01316,Olivia Martin,olivia.martin@example.com,50,Houston,TX,2024-08-23,2.0,109.19,54.6,1,False
CUST01317,Sophia Martin,sophia.martin@example.com,49,Frisco,TX,2025-08-19,0.0,0.0,0.0,1,False
CUST01318,Lucas Thomas,lucas.thomas@example.com,71,Denton,TX,2025-09-12,2.0,94.98,47.49,1,False
CUST01319,James Taylor,james.taylor@example.com,34,Frisco,TX,2023-01-09,0.0,0.0,0.0,1,False
CUST01320,Liam Thomas,liam.thomas@example.com,36,Arlington,TX,2023-12-16,0.0,0.0,0.0,1,False
CUST01321,Amelia Anderson,amelia.anderson@example.com,44,Austin,TX,2023-03-25,0.0,0.0,0.0,1,False
CUST01322,Mason Jackson,mason.jackson@example.com,23,Houston,TX,2024-06-16,1.0,33.49,33.49,1,False
CUST01323,Liam Smith,liam.smith@example.com,52,Frisco,TX,2025-09-15,3.0,352.58,117.53,1,False
CUST01324,Noah Taylor,noah.taylor@example.com,73,Arlington,TX,2023-12-24,0.0,0.0,0.0,1,False
CUST01325,Ava Johnson,ava.johnson@example.com,54,Houston,TX,2024-01-13,0.0,0.0,0.0,1,False
CUST01326,Harper Johnson,harper.johnson@example.com,51,Denton,TX,2023-06-21,3.0,262.33,87.44,1,False
CUST01327,Olivia Thomas,olivia.thomas@example.com,37,Austin,TX,2025-11-14,1.0,194.18,194.18,1,False
CUST01328,Mia Williams,mia.williams@example.com,42,Arlington,TX,2024-01-28,0.0,0.0,0.0,1,False
CUST01329,Ava Taylor,ava.taylor@example.com,21,Denton,TX,2026-01-31,1.0,58.96,58.96,1,False
CUST01330,Mia Miller,mia.miller@example.com,27,Dallas,TX,2024-12-02,0.0,0.0,0.0,1,False
CUST01331,Isabella Johnson,isabella.johnson@example.com,27,Denton,TX,2026-06-13,2.0,58.27,29.14,1,False
CUST01332,Harper Martin,harper.martin@example.com,41,Plano,TX,2024-07-02,0.0,0.0,0.0,1,False
CUST01333,Mason Smith,mason.smith@example.com,38,Austin,TX,2025-02-22,3.0,340.32,113.44,1,False
CUST01334,Ethan Martin,ethan.martin@example.com,28,Denton,TX,2023-11-28,4.0,204.24,51.06,1,False
CUST01335,Sophia Garcia,sophia.garcia@example.com,44,Denton,TX,2025-03-04,1.0,142.74,142.74,1,False
CUST01336,Emma Wilson,emma.wilson@example.com,33,Fort Worth,TX,2024-10-10,1.0,173.62,173.62,1,False
CUST01337,Henry Jackson,henry.jackson@example.com,43,Fort Worth,TX,2025-09-09,2.0,121.7,60.85,1,False
CUST01338,Harper Williams,harper.williams@example.com,47,Denton,TX,2025-11-18,0.0,0.0,0.0,1,False
CUST01339,Ava Garcia,ava.garcia@example.com,66,Denton,TX,2024-06-26,2.0,118.11,59.06,1,False
CUST01340,Olivia Williams,olivia.williams@example.com,33,Austin,TX,2025-11-08,1.0,59.25,59.25,1,False
CUST01341,Henry Martin,henry.martin@example.com,24,Fort Worth,TX,2026-03-17,1.0,152.02,152.02,1,False
CUST01342,James Moore,james.moore@example.com,33,Frisco,TX,2024-05-05,4.0,331.48,82.87,1,False
CUST01343,James Smith,james.smith@example.com,52,Austin,TX,2023-10-10,0.0,0.0,0.0,1,False
CUST01344,Liam Martin,liam.martin@example.com,33,Dallas,TX,2025-05-11,0.0,0.0,0.0,1,False
CUST01345,Henry Moore,henry.moore@example.com,57,Austin,TX,2023-04-23,1.0,193.09,193.09,1,False
CUST01346,Olivia Thomas,olivia.thomas@example.com,29,Arlington,TX,2025-05-11,1.0,58.57,58.57,1,False
CUST01347,Mason Jones,mason.jones@example.com,52,Arlington,TX,2024-09-01,0.0,0.0,0.0,1,False
CUST01348,Isabella Taylor,isabella.taylor@example.com,66,Houston,TX,2024-05-22,3.0,184.86,61.62,1,False
CUST01349,Mia Martin,mia.martin@example.com,38,Fort Worth,TX,2024-04-10,1.0,40.17,40.17,1,False
CUST01350,Liam Moore,liam.moore@example.com,67,Denton,TX,2025-04-03,0.0,0.0,0.0,1,False
CUST01351,James Anderson,james.anderson@example.com,60,Plano,TX,2024-08-31,3.0,139.33,46.44,1,False
CUST01352,Emma Brown,emma.brown@example.com,53,Fort Worth,TX,2026-01-26,1.0,89.28,89.28,1,False
CUST01353,Emma Miller,emma.miller@example.com,65,Frisco,TX,2023-10-17,2.0,210.34,105.17,1,False
CUST01354,Ava Garcia,ava.garcia@example.com,34,Austin,TX,2025-05-17,1.0,145.0,145.0,1,False
CUST01355,Mason Taylor,mason.taylor@example.com,49,Plano,TX,2026-03-25,2.0,68.13,34.06,1,False
CUST01356,Ethan Miller,ethan.miller@example.com,58,Plano,TX,2025-02-20,3.0,126.68,42.23,1,False
CUST01357,James Jones,james.jones@example.com,23,Denton,TX,2023-06-11,3.0,286.51,95.5,1,False
CUST01358,Amelia Jackson,amelia.jackson@example.com,41,Denton,TX,2024-09-15,1.0,57.8,57.8,1,False
CUST01359,Mason Jackson,mason.jackson@example.com,44,Fort Worth,TX,2024-12-17,2.0,226.82,113.41,1,False
CUST01360,Isabella Brown,isabella.brown@example.com,37,Plano,TX,2026-01-25,1.0,102.02,102.02,1,False
CUST01361,Mia Miller,mia.miller@example.com,42,Plano,TX,2024-07-20,4.0,174.73,43.68,1,False
CUST01362,Olivia Miller,olivia.miller@example.com,19,Arlington,TX,2025-09-20,0.0,0.0,0.0,1,False
CUST01363,Henry Garcia,henry.garcia@example.com,26,Dallas,TX,2026-02-14,2.0,111.66,55.83,1,False
CUST01364,James Davis,james.davis@example.com,45,Denton,TX,2026-04-27,3.0,531.33,177.11,-1,True
CUST01365,Henry Brown,henry.brown@example.com,70,Austin,TX,2024-08-18,2.0,76.16,38.08,1,False
CUST01366,Emma Taylor,emma.taylor@example.com,55,Fort Worth,TX,2026-04-18,4.0,203.52,50.88,1,False
CUST01367,Olivia Jones,olivia.jones@example.com,20,Denton,TX,2026-04-19,4.0,399.72,99.93,1,False
CUST01368,Olivia Brown,olivia.brown@example.com,37,Arlington,TX,2025-08-16,1.0,15.87,15.87,1,False
CUST01369,Olivia Thomas,olivia.thomas@example.com,23,Frisco,TX,2025-10-09,3.0,219.56,73.19,1,False
CUST01370,Emma Smith,emma.smith@example.com,56,Denton,TX,2024-04-19,0.0,0.0,0.0,1,False
CUST01371,Isabella Thomas,isabella.thomas@example.com,50,Frisco,TX,2024-09-09,1.0,118.78,118.78,1,False
CUST01372,Henry Davis,henry.davis@example.com,72,Houston,TX,2024-10-02,3.0,167.78,55.93,1,False
CUST01373,Lucas Smith,lucas.smith@example.com,18,Plano,TX,2023-09-19,0.0,0.0,0.0,1,False
CUST01374,Henry Jones,henry.jones@example.com,54,Plano,TX,2023-06-11,1.0,34.1,34.1,1,False
CUST01375,Noah Jackson,noah.jackson@example.com,23,Fort Worth,TX,2023-06-30,1.0,144.1,144.1,1,False
CUST01376,Mia Garcia,mia.garcia@example.com,62,Dallas,TX,2024-12-25,2.0,135.18,67.59,1,False
CUST01377,Amelia Garcia,amelia.garcia@example.com,51,Dallas,TX,2024-04-13,1.0,65.99,65.99,1,False
CUST01378,Lucas Moore,lucas.moore@example.com,64,Fort Worth,TX,2023-01-21,0.0,0.0,0.0,1,False
CUST01379,Mia Jones,mia.jones@example.com,32,Fort Worth,TX,2023-09-17,1.0,26.54,26.54,1,False
CUST01380,Liam Williams,liam.williams@example.com,62,Arlington,TX,2024-04-10,1.0,30.84,30.84,1,False
CUST01381,Mason Jackson,mason.jackson@example.com,43,Frisco,TX,2026-02-13,3.0,166.3,55.43,1,False
CUST01382,Mason Jones,mason.jones@example.com,74,Fort Worth,TX,2024-06-20,1.0,24.14,24.14,1,False
CUST01383,Sophia Thomas,sophia.thomas@example.com,31,Frisco,TX,2025-08-09,3.0,165.88,55.29,1,False
CUST01384,Mason Davis,mason.davis@example.com,71,Denton,TX,2025-02-04,5.0,419.28,83.86,-1,True
CUST01385,Henry Martin,henry.martin@example.com,24,Denton,TX,2025-08-16,2.0,160.55,80.28,1,False
CUST01386,Emma Johnson,emma.johnson@example.com,63,Houston,TX,2025-07-22,2.0,114.21,57.1,1,False
CUST01387,Amelia Garcia,amelia.garcia@example.com,48,Frisco,TX,2025-04-30,2.0,87.05,43.53,1,False
CUST01388,Ethan Wilson,ethan.wilson@example.com,41,Arlington,TX,2026-04-06,3.0,193.87,64.62,1,False
CUST01389,Ava Davis,ava.davis@example.com,48,Denton,TX,2024-06-16,1.0,188.96,188.96,1,False
CUST01390,Sophia Martin,sophia.martin@example.com,46,Plano,TX,2023-01-15,0.0,0.0,0.0,1,False
CUST01391,Harper Anderson,harper.anderson@example.com,59,Plano,TX,2023-02-19,0.0,0.0,0.0,1,False
CUST01392,Harper Davis,harper.davis@example.com,49,Denton,TX,2025-09-25,2.0,52.63,26.32,1,False
CUST01393,Ava Davis,ava.davis@example.com,34,Denton,TX,2023-10-31,1.0,61.37,61.37,1,False
CUST01394,Mia Jackson,mia.jackson@example.com,31,Denton,TX,2024-02-20,2.0,157.34,78.67,1,False
CUST01395,Ava Moore,ava.moore@example.com,57,Frisco,TX,2023-11-01,3.0,169.93,56.64,1,False
CUST01396,Ava Miller,ava.miller@example.com,53,Plano,TX,2023-07-15,0.0,0.0,0.0,1,False
CUST01397,Harper Davis,harper.davis@example.com,65,Plano,TX,2025-03-23,0.0,0.0,0.0,1,False
CUST01398,Sophia Moore,sophia.moore@example.com,41,Austin,TX,2025-03-10,2.0,118.97,59.48,1,False
CUST01399,Liam Garcia,liam.garcia@example.com,62,Denton,TX,2024-01-23,0.0,0.0,0.0,1,False
CUST01400,Henry Johnson,henry.johnson@example.com,71,Houston,TX,2025-01-26,1.0,108.38,108.38,1,False
CUST01401,Olivia Johnson,olivia.johnson@example.com,44,Denton,TX,2024-03-30,3.0,330.37,110.12,1,False
CUST01402,Mason Davis,mason.davis@example.com,42,Arlington,TX,2024-12-13,1.0,79.8,79.8,1,False
CUST01403,Mason Anderson,mason.anderson@example.com,49,Arlington,TX,2024-12-05,0.0,0.0,0.0,1,False
CUST01404,Emma Smith,emma.smith@example.com,69,Plano,TX,2025-04-27,2.0,299.3,149.65,1,False
CUST01405,Sophia Garcia,sophia.garcia@example.com,35,Denton,TX,2026-02-24,1.0,80.25,80.25,1,False
CUST01406,Emma Moore,emma.moore@example.com,63,Dallas,TX,2023-06-24,3.0,148.32,49.44,1,False
CUST01407,Ethan Garcia,ethan.garcia@example.com,35,Arlington,TX,2026-03-03,0.0,0.0,0.0,1,False
CUST01408,Ethan Anderson,ethan.anderson@example.com,54,Denton,TX,2025-12-25,1.0,18.83,18.83,1,False
CUST01409,Emma Brown,emma.brown@example.com,43,Houston,TX,2023-10-06,1.0,152.32,152.32,1,False
CUST01410,Sophia Thomas,sophia.thomas@example.com,26,Fort Worth,TX,2025-01-27,0.0,0.0,0.0,1,False
CUST01411,Emma Anderson,emma.anderson@example.com,52,Denton,TX,2023-12-29,1.0,11.17,11.17,1,False
CUST01412,Mason Moore,mason.moore@example.com,25,Houston,TX,2023-06-20,4.0,198.28,49.57,1,False
CUST01413,Lucas Jackson,lucas.jackson@example.com,37,Plano,TX,2025-12-10,1.0,114.44,114.44,1,False
CUST01414,Noah Anderson,noah.anderson@example.com,71,Plano,TX,2024-10-26,2.0,155.32,77.66,1,False
CUST01415,Harper Moore,harper.moore@example.com,59,Austin,TX,2024-08-14,0.0,0.0,0.0,1,False
CUST01416,Harper Taylor,harper.taylor@example.com,39,Frisco,TX,2025-07-19,1.0,59.99,59.99,1,False
CUST01417,Amelia Williams,amelia.williams@example.com,36,Arlington,TX,2026-03-14,1.0,47.43,47.43,1,False
CUST01418,Ava Moore,ava.moore@example.com,47,Frisco,TX,2023-10-01,5.0,590.63,118.13,-1,True
CUST01419,Noah Anderson,noah.anderson@example.com,70,Denton,TX,2026-03-24,2.0,71.19,35.6,1,False
CUST01420,Henry Williams,henry.williams@example.com,45,Frisco,TX,2024-05-22,2.0,117.12,58.56,1,False
CUST01421,Sophia Jackson,sophia.jackson@example.com,52,Arlington,TX,2023-12-29,2.0,69.16,34.58,1,False
CUST01422,Isabella Jackson,isabella.jackson@example.com,60,Arlington,TX,2025-04-27,0.0,0.0,0.0,1,False
CUST01423,Noah Moore,noah.moore@example.com,28,Denton,TX,2024-10-16,1.0,64.44,64.44,1,False
CUST01424,Amelia Moore,amelia.moore@example.com,48,Plano,TX,2023-10-25,1.0,39.55,39.55,1,False
CUST01425,Ethan Smith,ethan.smith@example.com,66,Arlington,TX,2024-05-08,1.0,23.72,23.72,1,False
CUST01426,Mia Williams,mia.williams@example.com,65,Dallas,TX,2024-06-29,0.0,0.0,0.0,1,False
CUST01427,Ava Brown,ava.brown@example.com,56,Dallas,TX,2023-10-31,0.0,0.0,0.0,1,False
CUST01428,Amelia Anderson,amelia.anderson@example.com,53,Fort Worth,TX,2025-06-22,1.0,84.66,84.66,1,False
CUST01429,Olivia Anderson,olivia.anderson@example.com,47,Arlington,TX,2023-08-27,2.0,210.41,105.2,1,False
CUST01430,Isabella Jones,isabella.jones@example.com,40,Austin,TX,2024-10-11,3.0,521.03,173.68,1,False
CUST01431,Sophia Williams,sophia.williams@example.com,36,Fort Worth,TX,2025-06-02,0.0,0.0,0.0,1,False
CUST01432,Ava Garcia,ava.garcia@example.com,29,Plano,TX,2026-04-14,0.0,0.0,0.0,1,False
CUST01433,Henry Anderson,henry.anderson@example.com,32,Arlington,TX,2024-02-14,1.0,252.19,252.19,1,False
CUST01434,Noah Martin,noah.martin@example.com,48,Dallas,TX,2024-12-26,0.0,0.0,0.0,1,False
CUST01435,Ethan Jackson,ethan.jackson@example.com,60,Austin,TX,2025-11-12,2.0,57.29,28.65,1,False
CUST01436,Liam Thomas,liam.thomas@example.com,54,Denton,TX,2023-11-14,1.0,210.0,210.0,1,False
CUST01437,Lucas Jones,lucas.jones@example.com,54,Fort Worth,TX,2024-06-08,2.0,119.38,59.69,1,False
CUST01438,Olivia Williams,olivia.williams@example.com,32,Austin,TX,2025-06-23,3.0,333.76,111.25,1,False
CUST01439,Isabella Garcia,isabella.garcia@example.com,46,Arlington,TX,2025-10-20,1.0,21.59,21.59,1,False
CUST01440,Lucas Garcia,lucas.garcia@example.com,67,Houston,TX,2024-09-11,1.0,52.46,52.46,1,False
CUST01441,Ava Jackson,ava.jackson@example.com,60,Austin,TX,2025-08-10,2.0,105.28,52.64,1,False
CUST01442,Ethan Martin,ethan.martin@example.com,43,Austin,TX,2026-06-06,1.0,43.49,43.49,1,False
CUST01443,Ethan Davis,ethan.davis@example.com,61,Plano,TX,2026-02-05,0.0,0.0,0.0,1,False
CUST01444,Amelia Johnson,amelia.johnson@example.com,19,Dallas,TX,2025-03-11,2.0,69.28,34.64,1,False
CUST01445,Harper Smith,harper.smith@example.com,37,Denton,TX,2025-07-04,1.0,32.04,32.04,1,False
CUST01446,Harper Brown,harper.brown@example.com,32,Arlington,TX,2026-04-14,1.0,72.68,72.68,1,False
CUST01447,Noah Miller,noah.miller@example.com,69,Austin,TX,2023-11-16,1.0,30.09,30.09,1,False
CUST01448,Amelia Jackson,amelia.jackson@example.com,21,Arlington,TX,2025-05-25,2.0,83.44,41.72,1,False
CUST01449,Mason Anderson,mason.anderson@example.com,39,Dallas,TX,2023-11-25,1.0,52.95,52.95,1,False
CUST01450,Noah Taylor,noah.taylor@example.com,67,Plano,TX,2025-01-22,0.0,0.0,0.0,1,False
CUST01451,Mason Williams,mason.williams@example.com,55,Arlington,TX,2024-10-18,1.0,101.9,101.9,1,False
CUST01452,Harper Williams,harper.williams@example.com,40,Frisco,TX,2025-11-03,0.0,0.0,0.0,1,False
CUST01453,Amelia Jones,amelia.jones@example.com,43,Dallas,TX,2023-03-12,2.0,80.26,40.13,1,False
CUST01454,Mason Jones,mason.jones@example.com,68,Dallas,TX,2025-04-06,0.0,0.0,0.0,1,False
CUST01455,Olivia Moore,olivia.moore@example.com,28,Denton,TX,2026-05-03,2.0,98.13,49.06,1,False
CUST01456,Amelia Taylor,amelia.taylor@example.com,45,Fort Worth,TX,2025-05-14,0.0,0.0,0.0,1,False
CUST01457,Harper Williams,harper.williams@example.com,73,Plano,TX,2025-07-16,3.0,268.59,89.53,1,False
CUST01458,Noah Wilson,noah.wilson@example.com,19,Plano,TX,2023-04-16,0.0,0.0,0.0,1,False
CUST01459,James Brown,james.brown@example.com,25,Denton,TX,2025-02-08,1.0,85.22,85.22,1,False
CUST01460,Amelia Moore,amelia.moore@example.com,46,Frisco,TX,2025-06-11,3.0,212.63,70.88,1,False
CUST01461,Liam Moore,liam.moore@example.com,28,Arlington,TX,2023-07-15,1.0,68.16,68.16,1,False
CUST01462,Isabella Jackson,isabella.jackson@example.com,54,Houston,TX,2023-05-25,0.0,0.0,0.0,1,False
CUST01463,Harper Williams,harper.williams@example.com,35,Frisco,TX,2024-04-15,1.0,25.43,25.43,1,False
CUST01464,Emma Anderson,emma.anderson@example.com,72,Fort Worth,TX,2023-08-04,2.0,158.05,79.03,1,False
CUST01465,Emma Johnson,emma.johnson@example.com,67,Plano,TX,2026-01-21,1.0,82.82,82.82,1,False
CUST01466,Noah Taylor,noah.taylor@example.com,31,Dallas,TX,2023-09-17,4.0,518.52,129.63,1,False
CUST01467,Noah Moore,noah.moore@example.com,71,Plano,TX,2025-07-22,3.0,219.79,73.26,1,False
CUST01468,Lucas Anderson,lucas.anderson@example.com,27,Frisco,TX,2024-07-28,0.0,0.0,0.0,1,False
CUST01469,Isabella Wilson,isabella.wilson@example.com,52,Houston,TX,2023-10-12,4.0,389.96,97.49,1,False
CUST01470,Isabella Brown,isabella.brown@example.com,26,Austin,TX,2024-04-28,0.0,0.0,0.0,1,False
CUST01471,Olivia Williams,olivia.williams@example.com,52,Austin,TX,2024-01-07,3.0,191.22,63.74,1,False
CUST01472,Noah Miller,noah.miller@example.com,28,Denton,TX,2023-03-11,2.0,197.37,98.68,1,False
CUST01473,Isabella Davis,isabella.davis@example.com,61,Plano,TX,2024-01-14,0.0,0.0,0.0,1,False
CUST01474,Henry Anderson,henry.anderson@example.com,29,Plano,TX,2023-10-29,0.0,0.0,0.0,1,False
CUST01475,Lucas Martin,lucas.martin@example.com,20,Fort Worth,TX,2023-09-12,2.0,125.88,62.94,1,False
CUST01476,Mason Johnson,mason.johnson@example.com,70,Plano,TX,2025-08-01,1.0,40.31,40.31,1,False
CUST01477,Ethan Miller,ethan.miller@example.com,56,Houston,TX,2024-11-22,2.0,78.36,39.18,1,False
CUST01478,Ethan Thomas,ethan.thomas@example.com,31,Plano,TX,2025-04-13,1.0,185.95,185.95,1,False
CUST01479,Mason Jones,mason.jones@example.com,73,Arlington,TX,2024-12-17,2.0,115.66,57.83,1,False
CUST01480,Sophia Jackson,sophia.jackson@example.com,45,Frisco,TX,2024-02-28,2.0,110.22,55.11,1,False
CUST01481,Harper Anderson,harper.anderson@example.com,28,Denton,TX,2023-08-01,1.0,55.93,55.93,1,False
CUST01482,Lucas Jones,lucas.jones@example.com,56,Houston,TX,2023-04-10,0.0,0.0,0.0,1,False
CUST01483,Henry Williams,henry.williams@example.com,42,Fort Worth,TX,2026-02-09,2.0,125.76,62.88,1,False
CUST01484,Isabella Jones,isabella.jones@example.com,38,Arlington,TX,2023-11-04,0.0,0.0,0.0,1,False
CUST01485,James Thomas,james.thomas@example.com,27,Arlington,TX,2024-11-08,1.0,58.4,58.4,1,False
CUST01486,Lucas Johnson,lucas.johnson@example.com,60,Frisco,TX,2024-04-19,3.0,387.24,129.08,1,False
CUST01487,Amelia Brown,amelia.brown@example.com,32,Austin,TX,2023-04-22,0.0,0.0,0.0,1,False
CUST01488,Mason Garcia,mason.garcia@example.com,36,Houston,TX,2026-01-15,0.0,0.0,0.0,1,False
CUST01489,Henry Smith,henry.smith@example.com,65,Frisco,TX,2023-07-02,0.0,0.0,0.0,1,False
CUST01490,Liam Taylor,liam.taylor@example.com,39,Arlington,TX,2024-08-19,2.0,135.43,67.72,1,False
CUST01491,Mia Brown,mia.brown@example.com,38,Fort Worth,TX,2023-06-14,0.0,0.0,0.0,1,False
CUST01492,Ava Garcia,ava.garcia@example.com,69,Frisco,TX,2025-03-25,1.0,20.31,20.31,1,False
CUST01493,Harper Wilson,harper.wilson@example.com,61,Austin,TX,2023-03-31,2.0,116.65,58.32,1,False
CUST01494,Mason Martin,mason.martin@example.com,49,Arlington,TX,2024-03-30,2.0,115.28,57.64,1,False
CUST01495,James Anderson,james.anderson@example.com,67,Frisco,TX,2023-08-26,1.0,33.56,33.56,1,False
CUST01496,Isabella Anderson,isabella.anderson@example.com,40,Houston,TX,2024-06-17,0.0,0.0,0.0,1,False
CUST01497,James Moore,james.moore@example.com,30,Austin,TX,2024-12-27,3.0,392.99,131.0,1,False
CUST01498,James Johnson,james.johnson@example.com,22,Houston,TX,2023-02-27,3.0,295.58,98.53,1,False
CUST01499,Noah Anderson,noah.anderson@example.com,21,Houston,TX,2024-06-25,1.0,41.68,41.68,1,False
CUST01500,Noah Miller,noah.miller@example.com,45,Houston,TX,2025-10-18,3.0,114.14,38.05,1,False
CUST01501,Olivia Garcia,olivia.garcia@example.com,31,Frisco,TX,2024-09-09,1.0,52.91,52.91,1,False
CUST01502,Mason Johnson,mason.johnson@example.com,25,Austin,TX,2024-02-06,1.0,50.22,50.22,1,False
CUST01503,Olivia Davis,olivia.davis@example.com,26,Frisco,TX,2025-10-02,1.0,178.02,178.02,1,False
CUST01504,Mason Miller,mason.miller@example.com,74,Frisco,TX,2025-04-21,0.0,0.0,0.0,1,False
CUST01505,Harper Anderson,harper.anderson@example.com,68,Frisco,TX,2025-04-18,1.0,18.45,18.45,1,False
CUST01506,Lucas Jones,lucas.jones@example.com,52,Arlington,TX,2024-06-02,0.0,0.0,0.0,1,False
CUST01507,Ava Thomas,ava.thomas@example.com,54,Plano,TX,2023-07-16,1.0,186.52,186.52,1,False
CUST01508,James Jones,james.jones@example.com,38,Dallas,TX,2023-02-15,4.0,169.67,42.42,1,False
CUST01509,Harper Miller,harper.miller@example.com,35,Arlington,TX,2024-06-13,2.0,184.1,92.05,1,False
CUST01510,Lucas Wilson,lucas.wilson@example.com,50,Austin,TX,2025-09-26,0.0,0.0,0.0,1,False
CUST01511,Mia Anderson,mia.anderson@example.com,25,Dallas,TX,2025-02-14,3.0,194.06,64.69,1,False
CUST01512,Ethan Jackson,ethan.jackson@example.com,68,Dallas,TX,2023-03-15,1.0,53.85,53.85,1,False
CUST01513,Emma Wilson,emma.wilson@example.com,66,Dallas,TX,2023-12-01,3.0,152.65,50.88,1,False
CUST01514,Amelia Wilson,amelia.wilson@example.com,34,Plano,TX,2024-09-24,2.0,190.98,95.49,1,False
CUST01515,Henry Garcia,henry.garcia@example.com,60,Frisco,TX,2024-11-18,4.0,255.52,63.88,1,False
CUST01516,Mason Taylor,mason.taylor@example.com,48,Denton,TX,2024-07-28,2.0,169.4,84.7,1,False
CUST01517,Mia Garcia,mia.garcia@example.com,51,Fort Worth,TX,2023-10-23,1.0,106.73,106.73,1,False
CUST01518,Ethan Williams,ethan.williams@example.com,23,Austin,TX,2026-01-12,2.0,96.46,48.23,1,False
CUST01519,Isabella Smith,isabella.smith@example.com,39,Denton,TX,2025-11-04,0.0,0.0,0.0,1,False
CUST01520,Sophia Miller,sophia.miller@example.com,31,Plano,TX,2026-03-03,2.0,239.65,119.82,1,False
CUST01521,Ava Brown,ava.brown@example.com,20,Plano,TX,2024-04-22,0.0,0.0,0.0,1,False
CUST01522,Henry Smith,henry.smith@example.com,29,Fort Worth,TX,2024-09-24,1.0,59.88,59.88,1,False
CUST01523,Olivia Jackson,olivia.jackson@example.com,53,Dallas,TX,2023-11-15,4.0,379.35,94.84,1,False
CUST01524,Olivia Davis,olivia.davis@example.com,29,Frisco,TX,2024-04-23,1.0,66.84,66.84,1,False
CUST01525,Lucas Thomas,lucas.thomas@example.com,62,Fort Worth,TX,2024-01-03,0.0,0.0,0.0,1,False
CUST01526,Henry Garcia,henry.garcia@example.com,19,Denton,TX,2024-01-02,3.0,140.69,46.9,1,False
CUST01527,Noah Garcia,noah.garcia@example.com,19,Denton,TX,2024-01-13,3.0,248.06,82.69,1,False
CUST01528,Ethan Johnson,ethan.johnson@example.com,32,Fort Worth,TX,2024-04-07,1.0,54.66,54.66,1,False
CUST01529,Sophia Jackson,sophia.jackson@example.com,40,Plano,TX,2023-01-13,0.0,0.0,0.0,1,False
CUST01530,Mia Smith,mia.smith@example.com,46,Austin,TX,2024-06-19,0.0,0.0,0.0,1,False
CUST01531,Ava Moore,ava.moore@example.com,34,Houston,TX,2026-04-06,1.0,90.99,90.99,1,False
CUST01532,Harper Martin,harper.martin@example.com,49,Frisco,TX,2023-09-27,1.0,83.76,83.76,1,False
CUST01533,Ethan Martin,ethan.martin@example.com,24,Denton,TX,2025-12-29,1.0,84.24,84.24,1,False
CUST01534,Sophia Johnson,sophia.johnson@example.com,47,Denton,TX,2024-01-11,0.0,0.0,0.0,1,False
CUST01535,Emma Brown,emma.brown@example.com,45,Fort Worth,TX,2026-01-17,3.0,230.72,76.91,1,False
CUST01536,Mason Johnson,mason.johnson@example.com,31,Frisco,TX,2023-09-14,2.0,93.4,46.7,1,False
CUST01537,Harper Smith,harper.smith@example.com,61,Fort Worth,TX,2023-08-05,0.0,0.0,0.0,1,False
CUST01538,Olivia Miller,olivia.miller@example.com,47,Dallas,TX,2024-03-25,1.0,47.36,47.36,1,False
CUST01539,Harper Anderson,harper.anderson@example.com,34,Frisco,TX,2025-06-12,2.0,135.75,67.88,1,False
CUST01540,Mia Anderson,mia.anderson@example.com,49,Dallas,TX,2026-03-10,0.0,0.0,0.0,1,False
CUST01541,Olivia Jackson,olivia.jackson@example.com,63,Denton,TX,2026-03-30,3.0,298.94,99.65,1,False
CUST01542,Mia Thomas,mia.thomas@example.com,23,Plano,TX,2023-02-01,1.0,21.27,21.27,1,False
CUST01543,Lucas Davis,lucas.davis@example.com,68,Dallas,TX,2026-03-21,1.0,41.94,41.94,1,False
CUST01544,Noah Garcia,noah.garcia@example.com,41,Frisco,TX,2024-09-01,3.0,337.36,112.45,1,False
CUST01545,Mia Brown,mia.brown@example.com,23,Arlington,TX,2025-07-05,0.0,0.0,0.0,1,False
CUST01546,Olivia Martin,olivia.martin@example.com,44,Frisco,TX,2024-06-25,3.0,156.0,52.0,1,False
CUST01547,Lucas Garcia,lucas.garcia@example.com,35,Fort Worth,TX,2023-05-28,2.0,140.28,70.14,1,False
CUST01548,Mia Williams,mia.williams@example.com,41,Dallas,TX,2024-10-17,1.0,52.28,52.28,1,False
CUST01549,Emma Thomas,emma.thomas@example.com,54,Austin,TX,2023-03-08,1.0,49.06,49.06,1,False
CUST01550,Harper Davis,harper.davis@example.com,73,Arlington,TX,2024-07-23,2.0,122.22,61.11,1,False
CUST01551,Noah Taylor,noah.taylor@example.com,41,Plano,TX,2025-01-17,1.0,90.9,90.9,1,False
CUST01552,Mia Martin,mia.martin@example.com,55,Houston,TX,2024-03-18,2.0,251.65,125.82,1,False
CUST01553,Lucas Moore,lucas.moore@example.com,51,Fort Worth,TX,2025-06-15,3.0,238.55,79.52,1,False
CUST01554,Isabella Moore,isabella.moore@example.com,57,Fort Worth,TX,2024-02-03,1.0,59.12,59.12,1,False
CUST01555,Ethan Johnson,ethan.johnson@example.com,64,Austin,TX,2026-02-25,2.0,102.98,51.49,1,False
CUST01556,Liam Jones,liam.jones@example.com,32,Houston,TX,2024-04-26,2.0,620.4,310.2,-1,True
CUST01557,Sophia Smith,sophia.smith@example.com,28,Denton,TX,2025-08-05,0.0,0.0,0.0,1,False
CUST01558,Liam Garcia,liam.garcia@example.com,39,Houston,TX,2023-07-05,1.0,96.96,96.96,1,False
CUST01559,Isabella Johnson,isabella.johnson@example.com,71,Plano,TX,2023-06-18,1.0,61.71,61.71,1,False
CUST01560,Liam Brown,liam.brown@example.com,41,Plano,TX,2024-05-21,2.0,149.63,74.82,1,False
CUST01561,Isabella Garcia,isabella.garcia@example.com,18,Arlington,TX,2024-06-04,2.0,80.78,40.39,1,False
CUST01562,Ava Taylor,ava.taylor@example.com,35,Denton,TX,2023-06-10,4.0,200.39,50.1,1,False
CUST01563,Isabella Anderson,isabella.anderson@example.com,61,Fort Worth,TX,2023-12-06,1.0,63.15,63.15,1,False
CUST01564,Isabella Davis,isabella.davis@example.com,29,Dallas,TX,2026-02-03,3.0,94.73,31.58,1,False
CUST01565,James Thomas,james.thomas@example.com,74,Plano,TX,2024-12-04,3.0,324.27,108.09,1,False
CUST01566,Isabella Davis,isabella.davis@example.com,60,Austin,TX,2026-03-22,0.0,0.0,0.0,1,False
CUST01567,Emma Anderson,emma.anderson@example.com,45,Austin,TX,2025-04-02,0.0,0.0,0.0,1,False
CUST01568,Ethan Garcia,ethan.garcia@example.com,57,Austin,TX,2025-02-23,0.0,0.0,0.0,1,False
CUST01569,Mason Brown,mason.brown@example.com,24,Frisco,TX,2026-03-18,2.0,114.96,57.48,1,False
CUST01570,Mia Davis,mia.davis@example.com,40,Denton,TX,2026-04-26,2.0,187.16,93.58,1,False
CUST01571,Sophia Moore,sophia.moore@example.com,38,Denton,TX,2023-05-11,1.0,160.36,160.36,1,False
CUST01572,Noah Davis,noah.davis@example.com,51,Plano,TX,2024-05-30,0.0,0.0,0.0,1,False
CUST01573,Ethan Taylor,ethan.taylor@example.com,28,Plano,TX,2024-06-19,0.0,0.0,0.0,1,False
CUST01574,Olivia Martin,olivia.martin@example.com,39,Austin,TX,2025-01-10,4.0,182.16,45.54,1,False
CUST01575,Mason Smith,mason.smith@example.com,59,Denton,TX,2025-02-19,2.0,292.1,146.05,1,False
CUST01576,Ava Brown,ava.brown@example.com,52,Denton,TX,2024-08-10,2.0,97.59,48.8,1,False
CUST01577,Ava Brown,ava.brown@example.com,69,Plano,TX,2024-12-26,1.0,38.87,38.87,1,False
CUST01578,Amelia Miller,amelia.miller@example.com,46,Frisco,TX,2025-07-31,1.0,58.56,58.56,1,False
CUST01579,Harper Martin,harper.martin@example.com,59,Dallas,TX,2025-09-23,2.0,287.94,143.97,1,False
CUST01580,Isabella Martin,isabella.martin@example.com,45,Dallas,TX,2024-01-11,2.0,137.6,68.8,1,False
CUST01581,Ethan Anderson,ethan.anderson@example.com,35,Arlington,TX,2026-03-27,1.0,61.77,61.77,1,False
CUST01582,Lucas Miller,lucas.miller@example.com,31,Denton,TX,2023-07-23,3.0,146.64,48.88,1,False
CUST01583,James Moore,james.moore@example.com,35,Fort Worth,TX,2025-09-15,1.0,38.68,38.68,1,False
CUST01584,Liam Anderson,liam.anderson@example.com,45,Dallas,TX,2024-10-22,1.0,13.9,13.9,1,False
CUST01585,Olivia Jackson,olivia.jackson@example.com,41,Arlington,TX,2023-03-16,2.0,30.98,15.49,1,False
CUST01586,Ava Davis,ava.davis@example.com,25,Houston,TX,2025-01-10,1.0,19.49,19.49,1,False
CUST01587,Sophia Anderson,sophia.anderson@example.com,59,Fort Worth,TX,2023-10-31,3.0,447.42,149.14,1,False
CUST01588,Ava Jones,ava.jones@example.com,71,Denton,TX,2025-12-21,1.0,46.29,46.29,1,False
CUST01589,Noah Miller,noah.miller@example.com,62,Dallas,TX,2024-07-23,0.0,0.0,0.0,1,False
CUST01590,Mia Davis,mia.davis@example.com,70,Frisco,TX,2025-02-24,2.0,177.83,88.92,1,False
CUST01591,Ava Jackson,ava.jackson@example.com,25,Houston,TX,2026-02-05,0.0,0.0,0.0,1,False
CUST01592,Noah Wilson,noah.wilson@example.com,21,Arlington,TX,2026-04-25,2.0,238.52,119.26,1,False
CUST01593,Ethan Williams,ethan.williams@example.com,44,Dallas,TX,2025-09-13,1.0,43.05,43.05,1,False
CUST01594,Ethan Williams,ethan.williams@example.com,53,Denton,TX,2023-08-17,1.0,108.12,108.12,1,False
CUST01595,James Brown,james.brown@example.com,22,Dallas,TX,2025-12-07,1.0,40.77,40.77,1,False
CUST01596,Harper Jones,harper.jones@example.com,50,Plano,TX,2023-09-25,4.0,239.43,59.86,1,False
CUST01597,Amelia Taylor,amelia.taylor@example.com,66,Houston,TX,2024-12-27,3.0,124.26,41.42,1,False
CUST01598,Mason Smith,mason.smith@example.com,51,Dallas,TX,2025-03-12,1.0,215.84,215.84,1,False
CUST01599,Ava Jackson,ava.jackson@example.com,47,Austin,TX,2023-09-11,2.0,64.9,32.45,1,False
CUST01600,Sophia Jackson,sophia.jackson@example.com,25,Frisco,TX,2025-08-14,1.0,30.99,30.99,1,False
CUST01601,Ava Miller,ava.miller@example.com,56,Plano,TX,2025-05-19,2.0,127.49,63.74,1,False
CUST01602,Amelia Wilson,amelia.wilson@example.com,64,Plano,TX,2023-03-28,1.0,182.59,182.59,1,False
CUST01603,Henry Davis,henry.davis@example.com,43,Dallas,TX,2026-04-19,3.0,155.82,51.94,1,False
CUST01604,Sophia Jackson,sophia.jackson@example.com,74,Frisco,TX,2025-11-14,0.0,0.0,0.0,1,False
CUST01605,Emma Jackson,emma.jackson@example.com,54,Plano,TX,2023-08-10,3.0,118.44,39.48,1,False
CUST01606,Isabella Jones,isabella.jones@example.com,51,Fort Worth,TX,2025-09-16,6.0,408.95,68.16,-1,True
CUST01607,Mason Martin,mason.martin@example.com,24,Houston,TX,2024-02-01,1.0,24.11,24.11,1,False
CUST01608,Emma Martin,emma.martin@example.com,57,Fort Worth,TX,2025-07-26,1.0,271.91,271.91,1,False
CUST01609,Henry Brown,henry.brown@example.com,45,Arlington,TX,2024-05-25,1.0,135.17,135.17,1,False
CUST01610,Henry Thomas,henry.thomas@example.com,56,Fort Worth,TX,2024-07-14,1.0,25.85,25.85,1,False
CUST01611,Amelia Miller,amelia.miller@example.com,56,Frisco,TX,2025-04-25,6.0,695.02,115.84,-1,True
CUST01612,Ava Jones,ava.jones@example.com,45,Austin,TX,2024-03-15,2.0,131.56,65.78,1,False
CUST01613,Amelia Miller,amelia.miller@example.com,31,Plano,TX,2026-04-13,2.0,53.42,26.71,1,False
CUST01614,Amelia Thomas,amelia.thomas@example.com,70,Frisco,TX,2023-11-07,2.0,68.83,34.42,1,False
CUST01615,Henry Smith,henry.smith@example.com,67,Plano,TX,2023-02-04,2.0,72.18,36.09,1,False
CUST01616,Mason Smith,mason.smith@example.com,55,Denton,TX,2023-08-05,2.0,64.51,32.25,1,False
CUST01617,Emma Taylor,emma.taylor@example.com,21,Austin,TX,2024-12-21,0.0,0.0,0.0,1,False
CUST01618,Liam Martin,liam.martin@example.com,59,Plano,TX,2025-10-12,0.0,0.0,0.0,1,False
CUST01619,Ava Moore,ava.moore@example.com,35,Fort Worth,TX,2024-06-02,1.0,140.33,140.33,1,False
CUST01620,Henry Williams,henry.williams@example.com,61,Denton,TX,2023-09-26,1.0,89.58,89.58,1,False
CUST01621,Emma Martin,emma.martin@example.com,65,Denton,TX,2024-09-29,2.0,128.63,64.32,1,False
CUST01622,Harper Anderson,harper.anderson@example.com,42,Arlington,TX,2024-04-19,0.0,0.0,0.0,1,False
CUST01623,Liam Johnson,liam.johnson@example.com,24,Denton,TX,2023-03-31,1.0,19.29,19.29,1,False
CUST01624,Liam Johnson,liam.johnson@example.com,55,Denton,TX,2025-12-01,2.0,171.92,85.96,1,False
CUST01625,Ethan Miller,ethan.miller@example.com,45,Dallas,TX,2026-05-10,2.0,130.17,65.08,1,False
CUST01626,James Thomas,james.thomas@example.com,22,Austin,TX,2025-09-08,2.0,100.76,50.38,1,False
CUST01627,Ava Taylor,ava.taylor@example.com,20,Fort Worth,TX,2023-10-15,2.0,214.82,107.41,1,False
CUST01628,Liam Johnson,liam.johnson@example.com,61,Frisco,TX,2024-04-25,4.0,244.27,61.07,1,False
CUST01629,Henry Anderson,henry.anderson@example.com,48,Fort Worth,TX,2024-09-28,0.0,0.0,0.0,1,False
CUST01630,Ethan Brown,ethan.brown@example.com,64,Fort Worth,TX,2024-05-15,2.0,73.32,36.66,1,False
CUST01631,Emma Johnson,emma.johnson@example.com,59,Dallas,TX,2023-02-21,2.0,125.6,62.8,1,False
CUST01632,Harper Garcia,harper.garcia@example.com,37,Houston,TX,2023-04-13,2.0,246.97,123.48,1,False
CUST01633,Noah Davis,noah.davis@example.com,36,Plano,TX,2024-11-29,0.0,0.0,0.0,1,False
CUST01634,Ava Taylor,ava.taylor@example.com,65,Plano,TX,2026-05-13,1.0,71.67,71.67,1,False
CUST01635,Mason Brown,mason.brown@example.com,28,Frisco,TX,2025-11-03,2.0,224.35,112.18,1,False
CUST01636,Amelia Jackson,amelia.jackson@example.com,57,Denton,TX,2024-04-14,2.0,85.47,42.74,1,False
CUST01637,Sophia Jones,sophia.jones@example.com,20,Arlington,TX,2024-03-02,1.0,49.36,49.36,1,False
CUST01638,Sophia Brown,sophia.brown@example.com,40,Frisco,TX,2023-04-20,1.0,57.39,57.39,1,False
CUST01639,Emma Williams,emma.williams@example.com,24,Houston,TX,2024-05-29,1.0,80.18,80.18,1,False
CUST01640,Lucas Jones,lucas.jones@example.com,40,Plano,TX,2023-03-09,2.0,57.4,28.7,1,False
CUST01641,Lucas Martin,lucas.martin@example.com,24,Arlington,TX,2026-06-23,1.0,27.64,27.64,1,False
CUST01642,Emma Wilson,emma.wilson@example.com,63,Frisco,TX,2024-01-24,0.0,0.0,0.0,1,False
CUST01643,Henry Davis,henry.davis@example.com,51,Arlington,TX,2023-11-04,2.0,249.99,125.0,1,False
CUST01644,Liam Davis,liam.davis@example.com,59,Fort Worth,TX,2025-12-25,1.0,58.74,58.74,1,False
CUST01645,James Davis,james.davis@example.com,36,Austin,TX,2024-04-04,1.0,48.08,48.08,1,False
CUST01646,Ava Thomas,ava.thomas@example.com,26,Fort Worth,TX,2023-12-13,0.0,0.0,0.0,1,False
CUST01647,Sophia Davis,sophia.davis@example.com,65,Dallas,TX,2023-11-21,4.0,267.78,66.94,1,False
CUST01648,Sophia Miller,sophia.miller@example.com,68,Denton,TX,2024-10-28,1.0,47.65,47.65,1,False
CUST01649,James Davis,james.davis@example.com,35,Plano,TX,2025-11-22,2.0,206.54,103.27,1,False
CUST01650,Liam Anderson,liam.anderson@example.com,58,Arlington,TX,2023-03-09,3.0,226.82,75.61,1,False
CUST01651,Sophia Martin,sophia.martin@example.com,65,Frisco,TX,2023-07-06,2.0,116.87,58.44,1,False
CUST01652,Amelia Davis,amelia.davis@example.com,62,Denton,TX,2023-07-11,1.0,25.3,25.3,1,False
CUST01653,Mason Moore,mason.moore@example.com,59,Austin,TX,2026-05-21,4.0,213.1,53.28,1,False
CUST01654,Ava Martin,ava.martin@example.com,42,Frisco,TX,2024-03-03,0.0,0.0,0.0,1,False
CUST01655,Mia Davis,mia.davis@example.com,69,Plano,TX,2026-02-05,5.0,605.17,121.03,-1,True
CUST01656,Sophia Thomas,sophia.thomas@example.com,31,Arlington,TX,2026-06-17,1.0,94.51,94.51,1,False
CUST01657,Emma Taylor,emma.taylor@example.com,61,Arlington,TX,2023-08-04,1.0,130.61,130.61,1,False
CUST01658,Mason Miller,mason.miller@example.com,42,Fort Worth,TX,2023-06-26,3.0,263.64,87.88,1,False
CUST01659,Sophia Thomas,sophia.thomas@example.com,36,Austin,TX,2024-07-14,1.0,62.97,62.97,1,False
CUST01660,Isabella Smith,isabella.smith@example.com,56,Austin,TX,2025-05-30,2.0,133.23,66.62,1,False
CUST01661,Harper Brown,harper.brown@example.com,72,Plano,TX,2024-09-17,0.0,0.0,0.0,1,False
CUST01662,Amelia Moore,amelia.moore@example.com,32,Arlington,TX,2024-08-29,0.0,0.0,0.0,1,False
CUST01663,Mason Moore,mason.moore@example.com,33,Denton,TX,2023-06-28,2.0,154.02,77.01,1,False
CUST01664,Ethan Brown,ethan.brown@example.com,44,Austin,TX,2024-01-30,1.0,126.91,126.91,1,False
CUST01665,Mia Jones,mia.jones@example.com,57,Austin,TX,2026-03-14,0.0,0.0,0.0,1,False
CUST01666,Harper Taylor,harper.taylor@example.com,27,Frisco,TX,2025-05-25,4.0,310.24,77.56,1,False
CUST01667,Olivia Garcia,olivia.garcia@example.com,21,Plano,TX,2025-08-19,4.0,211.52,52.88,1,False
CUST01668,Emma Brown,emma.brown@example.com,68,Fort Worth,TX,2023-07-17,0.0,0.0,0.0,1,False
CUST01669,Emma Jackson,emma.jackson@example.com,36,Frisco,TX,2025-08-26,0.0,0.0,0.0,1,False
CUST01670,Ava Johnson,ava.johnson@example.com,45,Frisco,TX,2026-01-12,0.0,0.0,0.0,1,False
CUST01671,James Garcia,james.garcia@example.com,38,Houston,TX,2024-10-30,0.0,0.0,0.0,1,False
CUST01672,Harper Jackson,harper.jackson@example.com,64,Dallas,TX,2026-01-13,1.0,139.51,139.51,1,False
CUST01673,Mason Davis,mason.davis@example.com,31,Houston,TX,2024-04-01,3.0,365.54,121.85,1,False
CUST01674,Liam Jackson,liam.jackson@example.com,50,Austin,TX,2026-06-30,0.0,0.0,0.0,1,False
CUST01675,Emma Davis,emma.davis@example.com,65,Arlington,TX,2023-03-13,5.0,382.87,76.57,1,False
CUST01676,Mason Miller,mason.miller@example.com,27,Dallas,TX,2023-08-11,1.0,46.43,46.43,1,False
CUST01677,Henry Garcia,henry.garcia@example.com,36,Dallas,TX,2023-10-03,1.0,87.36,87.36,1,False
CUST01678,Mason Johnson,mason.johnson@example.com,47,Arlington,TX,2026-06-23,1.0,43.11,43.11,1,False
CUST01679,Henry Jackson,henry.jackson@example.com,39,Dallas,TX,2024-07-26,2.0,108.8,54.4,1,False
CUST01680,Isabella Miller,isabella.miller@example.com,20,Arlington,TX,2025-07-12,1.0,127.49,127.49,1,False
CUST01681,Noah Anderson,noah.anderson@example.com,54,Dallas,TX,2024-04-15,3.0,150.62,50.21,1,False
CUST01682,Noah Thomas,noah.thomas@example.com,58,Frisco,TX,2024-03-29,1.0,90.06,90.06,1,False
CUST01683,Olivia Martin,olivia.martin@example.com,35,Denton,TX,2025-08-26,2.0,227.7,113.85,1,False
CUST01684,Ethan Martin,ethan.martin@example.com,28,Plano,TX,2023-01-07,3.0,392.9,130.97,1,False
CUST01685,Olivia Jones,olivia.jones@example.com,65,Plano,TX,2023-07-07,2.0,84.76,42.38,1,False
CUST01686,Henry Garcia,henry.garcia@example.com,19,Houston,TX,2023-01-04,2.0,74.79,37.4,1,False
CUST01687,Harper Taylor,harper.taylor@example.com,29,Frisco,TX,2025-06-25,3.0,251.92,83.97,1,False
CUST01688,Sophia Davis,sophia.davis@example.com,71,Dallas,TX,2026-02-22,2.0,194.71,97.35,1,False
CUST01689,Liam Martin,liam.martin@example.com,23,Fort Worth,TX,2025-11-04,3.0,187.83,62.61,1,False
CUST01690,Sophia Davis,sophia.davis@example.com,60,Arlington,TX,2025-08-17,0.0,0.0,0.0,1,False
CUST01691,Lucas Williams,lucas.williams@example.com,57,Frisco,TX,2024-06-08,1.0,69.31,69.31,1,False
CUST01692,Sophia Thomas,sophia.thomas@example.com,61,Dallas,TX,2024-09-21,1.0,31.08,31.08,1,False
CUST01693,Ava Thomas,ava.thomas@example.com,46,Plano,TX,2026-06-17,1.0,22.71,22.71,1,False
CUST01694,Sophia Martin,sophia.martin@example.com,47,Plano,TX,2025-02-13,2.0,137.99,69.0,1,False
CUST01695,Olivia Miller,olivia.miller@example.com,19,Arlington,TX,2023-12-26,1.0,117.9,117.9,1,False
CUST01696,Emma Smith,emma.smith@example.com,26,Fort Worth,TX,2024-06-01,0.0,0.0,0.0,1,False
CUST01697,Amelia Smith,amelia.smith@example.com,64,Dallas,TX,2026-06-08,0.0,0.0,0.0,1,False
CUST01698,Emma Miller,emma.miller@example.com,19,Dallas,TX,2025-11-19,0.0,0.0,0.0,1,False
CUST01699,Noah Jackson,noah.jackson@example.com,46,Fort Worth,TX,2025-07-09,0.0,0.0,0.0,1,False
CUST01700,Amelia Jackson,amelia.jackson@example.com,50,Fort Worth,TX,2026-03-25,0.0,0.0,0.0,1,False
CUST01701,James Taylor,james.taylor@example.com,27,Fort Worth,TX,2025-05-01,1.0,41.21,41.21,1,False
CUST01702,Liam Wilson,liam.wilson@example.com,51,Plano,TX,2025-07-23,2.0,216.8,108.4,1,False
CUST01703,Liam Miller,liam.miller@example.com,61,Arlington,TX,2025-06-19,3.0,107.29,35.76,1,False
CUST01704,Ava Taylor,ava.taylor@example.com,72,Frisco,TX,2024-02-03,2.0,54.44,27.22,1,False
CUST01705,Harper Jones,harper.jones@example.com,25,Denton,TX,2026-05-03,2.0,121.69,60.84,1,False
CUST01706,Olivia Davis,olivia.davis@example.com,54,Fort Worth,TX,2023-06-17,1.0,48.41,48.41,1,False
CUST01707,Noah Johnson,noah.johnson@example.com,71,Arlington,TX,2024-01-12,1.0,67.78,67.78,1,False
CUST01708,Isabella Wilson,isabella.wilson@example.com,50,Houston,TX,2026-06-21,1.0,20.61,20.61,1,False
CUST01709,Lucas Garcia,lucas.garcia@example.com,64,Dallas,TX,2024-08-29,0.0,0.0,0.0,1,False
CUST01710,Harper Moore,harper.moore@example.com,23,Dallas,TX,2025-10-07,1.0,192.44,192.44,1,False
CUST01711,Liam Wilson,liam.wilson@example.com,61,Denton,TX,2024-08-11,1.0,84.86,84.86,1,False
CUST01712,Emma Johnson,emma.johnson@example.com,57,Denton,TX,2026-04-09,1.0,11.56,11.56,1,False
CUST01713,Sophia Williams,sophia.williams@example.com,62,Austin,TX,2026-05-15,2.0,61.91,30.96,1,False
CUST01714,Sophia Thomas,sophia.thomas@example.com,36,Houston,TX,2026-03-23,3.0,201.8,67.27,1,False
CUST01715,James Davis,james.davis@example.com,49,Frisco,TX,2023-02-17,1.0,140.3,140.3,1,False
CUST01716,Noah Smith,noah.smith@example.com,44,Denton,TX,2025-10-21,1.0,52.27,52.27,1,False
CUST01717,Olivia Jackson,olivia.jackson@example.com,18,Fort Worth,TX,2026-02-04,1.0,43.04,43.04,1,False
CUST01718,Olivia Taylor,olivia.taylor@example.com,60,Fort Worth,TX,2023-06-22,2.0,172.97,86.48,1,False
CUST01719,Ethan Jackson,ethan.jackson@example.com,69,Frisco,TX,2024-05-20,1.0,61.97,61.97,1,False
CUST01720,Henry Jackson,henry.jackson@example.com,50,Plano,TX,2026-02-27,3.0,271.65,90.55,1,False
CUST01721,Mia Jackson,mia.jackson@example.com,57,Houston,TX,2024-02-02,3.0,245.13,81.71,1,False
CUST01722,Liam Miller,liam.miller@example.com,49,Fort Worth,TX,2023-10-21,1.0,90.3,90.3,1,False
CUST01723,Olivia Miller,olivia.miller@example.com,22,Denton,TX,2024-07-05,3.0,213.31,71.1,1,False
CUST01724,James Moore,james.moore@example.com,34,Austin,TX,2025-04-29,0.0,0.0,0.0,1,False
CUST01725,Emma Smith,emma.smith@example.com,25,Arlington,TX,2025-11-05,2.0,154.32,77.16,1,False
CUST01726,Noah Wilson,noah.wilson@example.com,74,Dallas,TX,2025-06-03,4.0,303.22,75.81,1,False
CUST01727,Lucas Davis,lucas.davis@example.com,59,Houston,TX,2025-09-30,1.0,114.28,114.28,1,False
CUST01728,Ethan Brown,ethan.brown@example.com,51,Dallas,TX,2026-05-11,0.0,0.0,0.0,1,False
CUST01729,James Taylor,james.taylor@example.com,26,Arlington,TX,2023-05-14,0.0,0.0,0.0,1,False
CUST01730,Mason Anderson,mason.anderson@example.com,73,Houston,TX,2025-02-09,3.0,381.05,127.02,1,False
CUST01731,Ava Jones,ava.jones@example.com,40,Denton,TX,2024-05-22,2.0,150.15,75.07,1,False
CUST01732,Lucas Johnson,lucas.johnson@example.com,52,Arlington,TX,2025-12-25,0.0,0.0,0.0,1,False
CUST01733,Henry Moore,henry.moore@example.com,67,Fort Worth,TX,2024-04-24,2.0,187.06,93.53,1,False
CUST01734,Mason Wilson,mason.wilson@example.com,24,Frisco,TX,2025-05-12,0.0,0.0,0.0,1,False
CUST01735,Isabella Jackson,isabella.jackson@example.com,32,Fort Worth,TX,2024-04-03,0.0,0.0,0.0,1,False
CUST01736,Henry Thomas,henry.thomas@example.com,70,Denton,TX,2024-09-17,1.0,211.23,211.23,1,False
CUST01737,Sophia Thomas,sophia.thomas@example.com,71,Frisco,TX,2023-06-08,0.0,0.0,0.0,1,False
CUST01738,Ava Garcia,ava.garcia@example.com,37,Fort Worth,TX,2023-06-10,3.0,418.22,139.41,1,False
CUST01739,Liam Williams,liam.williams@example.com,67,Arlington,TX,2025-07-28,2.0,118.3,59.15,1,False
CUST01740,Emma Thomas,emma.thomas@example.com,42,Arlington,TX,2023-06-04,1.0,214.37,214.37,1,False
CUST01741,Ava Miller,ava.miller@example.com,20,Arlington,TX,2024-04-30,1.0,38.64,38.64,1,False
CUST01742,Henry Wilson,henry.wilson@example.com,72,Dallas,TX,2024-03-07,1.0,148.45,148.45,1,False
CUST01743,Mia Williams,mia.williams@example.com,63,Denton,TX,2025-11-16,1.0,26.31,26.31,1,False
CUST01744,Mason Johnson,mason.johnson@example.com,41,Arlington,TX,2025-09-30,1.0,8.61,8.61,1,False
CUST01745,Liam Miller,liam.miller@example.com,51,Fort Worth,TX,2025-11-01,1.0,155.56,155.56,1,False
CUST01746,Amelia Miller,amelia.miller@example.com,63,Austin,TX,2023-03-08,1.0,17.87,17.87,1,False
CUST01747,Mia Brown,mia.brown@example.com,39,Denton,TX,2024-06-25,2.0,80.04,40.02,1,False
CUST01748,Sophia Anderson,sophia.anderson@example.com,28,Arlington,TX,2023-04-06,4.0,224.09,56.02,1,False
CUST01749,Mia Wilson,mia.wilson@example.com,65,Austin,TX,2023-08-03,2.0,378.96,189.48,1,False
CUST01750,Ethan Martin,ethan.martin@example.com,25,Frisco,TX,2023-07-13,2.0,199.99,100.0,1,False
CUST01751,Ethan Davis,ethan.davis@example.com,56,Fort Worth,TX,2025-06-03,1.0,24.62,24.62,1,False
CUST01752,Isabella Moore,isabella.moore@example.com,60,Arlington,TX,2023-02-08,1.0,37.5,37.5,1,False
CUST01753,Henry Moore,henry.moore@example.com,52,Dallas,TX,2025-07-27,1.0,72.29,72.29,1,False
CUST01754,Noah Smith,noah.smith@example.com,66,Dallas,TX,2025-07-27,3.0,231.15,77.05,1,False
CUST01755,Lucas Smith,lucas.smith@example.com,63,Frisco,TX,2023-07-25,1.0,39.36,39.36,1,False
CUST01756,Lucas Jones,lucas.jones@example.com,55,Austin,TX,2025-07-30,0.0,0.0,0.0,1,False
CUST01757,Amelia Garcia,amelia.garcia@example.com,25,Plano,TX,2024-07-08,3.0,200.93,66.98,1,False
CUST01758,Amelia Williams,amelia.williams@example.com,71,Dallas,TX,2024-04-28,4.0,224.19,56.05,1,False
CUST01759,Liam Moore,liam.moore@example.com,54,Denton,TX,2025-02-09,0.0,0.0,0.0,1,False
CUST01760,Sophia Wilson,sophia.wilson@example.com,44,Dallas,TX,2023-09-06,0.0,0.0,0.0,1,False
CUST01761,Olivia Thomas,olivia.thomas@example.com,45,Dallas,TX,2026-01-02,2.0,128.24,64.12,1,False
CUST01762,Isabella Taylor,isabella.taylor@example.com,57,Fort Worth,TX,2024-01-08,1.0,102.5,102.5,1,False
CUST01763,Ethan Martin,ethan.martin@example.com,51,Dallas,TX,2025-05-28,1.0,35.85,35.85,1,False
CUST01764,Liam Jackson,liam.jackson@example.com,49,Houston,TX,2025-04-14,0.0,0.0,0.0,1,False
CUST01765,Olivia Garcia,olivia.garcia@example.com,32,Arlington,TX,2025-05-20,1.0,83.83,83.83,1,False
CUST01766,Lucas Brown,lucas.brown@example.com,61,Frisco,TX,2024-12-02,1.0,87.12,87.12,1,False
CUST01767,Noah Thomas,noah.thomas@example.com,34,Dallas,TX,2023-05-18,2.0,86.98,43.49,1,False
CUST01768,Mia Miller,mia.miller@example.com,50,Plano,TX,2025-08-05,3.0,140.33,46.78,1,False
CUST01769,Ethan Davis,ethan.davis@example.com,64,Denton,TX,2024-04-01,0.0,0.0,0.0,1,False
CUST01770,Liam Wilson,liam.wilson@example.com,63,Plano,TX,2025-03-24,1.0,121.86,121.86,1,False
CUST01771,Ava Moore,ava.moore@example.com,69,Dallas,TX,2025-04-02,0.0,0.0,0.0,1,False
CUST01772,Olivia Anderson,olivia.anderson@example.com,71,Dallas,TX,2025-07-30,2.0,77.03,38.52,1,False
CUST01773,Mia Garcia,mia.garcia@example.com,33,Houston,TX,2024-03-19,1.0,413.06,413.06,-1,True
CUST01774,Ethan Jackson,ethan.jackson@example.com,46,Dallas,TX,2023-12-19,1.0,60.99,60.99,1,False
CUST01775,Lucas Garcia,lucas.garcia@example.com,26,Dallas,TX,2025-09-22,0.0,0.0,0.0,1,False
CUST01776,James Davis,james.davis@example.com,50,Arlington,TX,2025-03-04,0.0,0.0,0.0,1,False
CUST01777,Sophia Thomas,sophia.thomas@example.com,66,Plano,TX,2024-02-15,0.0,0.0,0.0,1,False
CUST01778,Olivia Jones,olivia.jones@example.com,46,Houston,TX,2024-11-08,1.0,37.53,37.53,1,False
CUST01779,Lucas Martin,lucas.martin@example.com,30,Plano,TX,2024-03-28,3.0,237.46,79.15,1,False
CUST01780,Ethan Williams,ethan.williams@example.com,38,Houston,TX,2024-02-23,0.0,0.0,0.0,1,False
CUST01781,Olivia Thomas,olivia.thomas@example.com,38,Plano,TX,2024-03-25,1.0,160.61,160.61,1,False
CUST01782,Isabella Williams,isabella.williams@example.com,22,Dallas,TX,2025-09-21,2.0,224.17,112.08,1,False
CUST01783,Mia Moore,mia.moore@example.com,27,Plano,TX,2026-02-12,1.0,69.89,69.89,1,False
CUST01784,Harper Garcia,harper.garcia@example.com,23,Plano,TX,2023-02-20,3.0,202.04,67.35,1,False
CUST01785,Ethan Johnson,ethan.johnson@example.com,73,Houston,TX,2023-07-29,0.0,0.0,0.0,1,False
CUST01786,Isabella Garcia,isabella.garcia@example.com,68,Frisco,TX,2025-06-06,1.0,48.88,48.88,1,False
CUST01787,Mason Moore,mason.moore@example.com,74,Austin,TX,2025-09-24,0.0,0.0,0.0,1,False
CUST01788,Liam Garcia,liam.garcia@example.com,30,Houston,TX,2025-09-19,5.0,293.95,58.79,1,False
CUST01789,James Davis,james.davis@example.com,18,Houston,TX,2025-04-29,1.0,104.44,104.44,1,False
CUST01790,Amelia Miller,amelia.miller@example.com,37,Houston,TX,2024-09-18,2.0,189.83,94.92,1,False
CUST01791,Mia Davis,mia.davis@example.com,74,Fort Worth,TX,2024-11-09,2.0,217.27,108.64,1,False
CUST01792,Olivia Martin,olivia.martin@example.com,64,Frisco,TX,2025-02-15,0.0,0.0,0.0,1,False
CUST01793,Sophia Wilson,sophia.wilson@example.com,63,Fort Worth,TX,2026-06-04,1.0,32.57,32.57,1,False
CUST01794,Lucas Garcia,lucas.garcia@example.com,25,Fort Worth,TX,2024-10-24,0.0,0.0,0.0,1,False
CUST01795,Amelia Martin,amelia.martin@example.com,27,Houston,TX,2023-09-25,1.0,68.27,68.27,1,False
CUST01796,Ava Williams,ava.williams@example.com,26,Austin,TX,2023-04-26,0.0,0.0,0.0,1,False
CUST01797,Lucas Taylor,lucas.taylor@example.com,66,Houston,TX,2025-01-23,1.0,35.32,35.32,1,False
CUST01798,Olivia Williams,olivia.williams@example.com,58,Dallas,TX,2025-11-29,1.0,49.39,49.39,1,False
CUST01799,James Anderson,james.anderson@example.com,20,Austin,TX,2023-07-01,2.0,182.59,91.3,1,False
CUST01800,Henry Thomas,henry.thomas@example.com,28,Fort Worth,TX,2026-05-17,2.0,82.51,41.26,1,False
CUST01801,Lucas Smith,lucas.smith@example.com,29,Denton,TX,2025-06-21,2.0,104.57,52.28,1,False
CUST01802,Henry Anderson,henry.anderson@example.com,27,Plano,TX,2026-02-16,0.0,0.0,0.0,1,False
CUST01803,Liam Jackson,liam.jackson@example.com,42,Plano,TX,2025-08-03,3.0,260.42,86.81,1,False
CUST01804,James Moore,james.moore@example.com,66,Frisco,TX,2023-09-15,0.0,0.0,0.0,1,False
CUST01805,Ethan Jackson,ethan.jackson@example.com,66,Denton,TX,2024-05-23,2.0,124.2,62.1,1,False
CUST01806,Isabella Jones,isabella.jones@example.com,42,Arlington,TX,2023-04-02,0.0,0.0,0.0,1,False
CUST01807,Ava Martin,ava.martin@example.com,28,Frisco,TX,2026-03-30,2.0,440.47,220.24,1,False
CUST01808,Emma Brown,emma.brown@example.com,71,Austin,TX,2023-05-29,0.0,0.0,0.0,1,False
CUST01809,Olivia Wilson,olivia.wilson@example.com,53,Fort Worth,TX,2023-04-27,1.0,53.97,53.97,1,False
CUST01810,Noah Jackson,noah.jackson@example.com,56,Austin,TX,2024-04-02,2.0,137.88,68.94,1,False
CUST01811,Emma Wilson,emma.wilson@example.com,70,Austin,TX,2024-07-18,1.0,92.93,92.93,1,False
CUST01812,Lucas Jackson,lucas.jackson@example.com,43,Plano,TX,2025-03-24,1.0,10.61,10.61,1,False
CUST01813,Amelia Martin,amelia.martin@example.com,31,Houston,TX,2023-02-14,1.0,123.48,123.48,1,False
CUST01814,Olivia Jones,olivia.jones@example.com,56,Dallas,TX,2025-02-12,3.0,181.56,60.52,1,False
CUST01815,Isabella Taylor,isabella.taylor@example.com,73,Arlington,TX,2023-08-22,2.0,245.17,122.58,1,False
CUST01816,Mason Brown,mason.brown@example.com,57,Fort Worth,TX,2023-07-16,1.0,13.4,13.4,1,False
CUST01817,Isabella Miller,isabella.miller@example.com,18,Austin,TX,2023-01-25,1.0,57.24,57.24,1,False
CUST01818,Noah Jackson,noah.jackson@example.com,73,Arlington,TX,2024-01-30,1.0,138.08,138.08,1,False
CUST01819,Ava Garcia,ava.garcia@example.com,71,Austin,TX,2024-12-14,3.0,85.36,28.45,1,False
CUST01820,Isabella Brown,isabella.brown@example.com,21,Denton,TX,2025-11-25,2.0,159.71,79.85,1,False
CUST01821,Sophia Moore,sophia.moore@example.com,47,Plano,TX,2023-08-11,3.0,326.95,108.98,1,False
CUST01822,Mason Moore,mason.moore@example.com,29,Dallas,TX,2025-05-13,2.0,100.35,50.18,1,False
CUST01823,Emma Jackson,emma.jackson@example.com,73,Plano,TX,2024-06-13,2.0,172.47,86.24,1,False
CUST01824,Ethan Taylor,ethan.taylor@example.com,52,Arlington,TX,2026-04-26,2.0,77.43,38.72,1,False
CUST01825,Liam Johnson,liam.johnson@example.com,30,Fort Worth,TX,2023-09-14,1.0,123.6,123.6,1,False
CUST01826,Sophia Smith,sophia.smith@example.com,69,Austin,TX,2024-10-15,2.0,163.62,81.81,1,False
CUST01827,Harper Brown,harper.brown@example.com,48,Dallas,TX,2026-03-05,1.0,44.79,44.79,1,False
CUST01828,Mason Brown,mason.brown@example.com,55,Denton,TX,2024-08-13,4.0,259.78,64.94,1,False
CUST01829,Ethan Moore,ethan.moore@example.com,60,Plano,TX,2024-03-19,1.0,55.7,55.7,1,False
CUST01830,Ethan Smith,ethan.smith@example.com,40,Denton,TX,2024-02-22,1.0,46.36,46.36,1,False
CUST01831,Olivia Garcia,olivia.garcia@example.com,21,Arlington,TX,2024-07-27,0.0,0.0,0.0,1,False
CUST01832,Mason Brown,mason.brown@example.com,69,Plano,TX,2023-05-09,4.0,209.42,52.36,1,False
CUST01833,Ava Smith,ava.smith@example.com,33,Austin,TX,2025-10-07,1.0,47.9,47.9,1,False
CUST01834,Lucas Smith,lucas.smith@example.com,24,Austin,TX,2023-12-07,2.0,171.11,85.56,1,False
CUST01835,Noah Jackson,noah.jackson@example.com,39,Denton,TX,2025-03-20,1.0,71.32,71.32,1,False
CUST01836,Harper Moore,harper.moore@example.com,46,Fort Worth,TX,2025-09-18,2.0,88.79,44.4,1,False
CUST01837,Noah Smith,noah.smith@example.com,28,Dallas,TX,2023-04-10,0.0,0.0,0.0,1,False
CUST01838,Emma Davis,emma.davis@example.com,73,Houston,TX,2023-02-08,1.0,59.32,59.32,1,False
CUST01839,Emma Taylor,emma.taylor@example.com,50,Plano,TX,2023-09-20,1.0,157.5,157.5,1,False
CUST01840,Noah Davis,noah.davis@example.com,46,Austin,TX,2023-05-30,2.0,144.04,72.02,1,False
CUST01841,Isabella Johnson,isabella.johnson@example.com,56,Arlington,TX,2024-11-20,2.0,124.26,62.13,1,False
CUST01842,Ava Anderson,ava.anderson@example.com,29,Plano,TX,2025-03-23,0.0,0.0,0.0,1,False
CUST01843,Henry Moore,henry.moore@example.com,24,Fort Worth,TX,2026-02-17,1.0,35.38,35.38,1,False
CUST01844,Isabella Miller,isabella.miller@example.com,72,Fort Worth,TX,2023-08-07,2.0,250.3,125.15,1,False
CUST01845,Amelia Martin,amelia.martin@example.com,56,Austin,TX,2025-06-24,2.0,206.04,103.02,1,False
CUST01846,Isabella Davis,isabella.davis@example.com,59,Austin,TX,2026-02-20,1.0,42.53,42.53,1,False
CUST01847,Liam Davis,liam.davis@example.com,65,Denton,TX,2023-09-01,1.0,33.17,33.17,1,False
CUST01848,Mia Anderson,mia.anderson@example.com,43,Austin,TX,2025-06-04,0.0,0.0,0.0,1,False
CUST01849,Lucas Taylor,lucas.taylor@example.com,57,Denton,TX,2024-08-09,1.0,79.46,79.46,1,False
CUST01850,Liam Jackson,liam.jackson@example.com,26,Frisco,TX,2024-06-01,2.0,175.19,87.6,1,False
CUST01851,Olivia Anderson,olivia.anderson@example.com,58,Houston,TX,2025-11-10,1.0,26.91,26.91,1,False
CUST01852,Mia Moore,mia.moore@example.com,51,Austin,TX,2023-07-09,2.0,231.84,115.92,1,False
CUST01853,Mia Miller,mia.miller@example.com,62,Plano,TX,2026-06-02,1.0,34.35,34.35,1,False
CUST01854,Mason Jones,mason.jones@example.com,30,Plano,TX,2025-07-03,0.0,0.0,0.0,1,False
CUST01855,Ava Smith,ava.smith@example.com,72,Denton,TX,2024-09-06,2.0,114.43,57.22,1,False
CUST01856,Ava Thomas,ava.thomas@example.com,72,Frisco,TX,2025-05-05,3.0,256.37,85.46,1,False
CUST01857,Mia Wilson,mia.wilson@example.com,53,Frisco,TX,2024-04-10,1.0,75.94,75.94,1,False
CUST01858,Amelia Moore,amelia.moore@example.com,42,Dallas,TX,2023-04-09,1.0,46.03,46.03,1,False
CUST01859,Isabella Miller,isabella.miller@example.com,41,Arlington,TX,2025-04-09,1.0,58.35,58.35,1,False
CUST01860,Mason Johnson,mason.johnson@example.com,61,Austin,TX,2025-09-23,1.0,179.17,179.17,1,False
CUST01861,Lucas Garcia,lucas.garcia@example.com,34,Denton,TX,2026-01-11,0.0,0.0,0.0,1,False
CUST01862,Mia Johnson,mia.johnson@example.com,19,Plano,TX,2023-02-25,0.0,0.0,0.0,1,False
CUST01863,Sophia Jackson,sophia.jackson@example.com,30,Frisco,TX,2025-11-11,2.0,179.53,89.76,1,False
CUST01864,Emma Smith,emma.smith@example.com,48,Plano,TX,2024-08-02,3.0,263.15,87.72,1,False
CUST01865,Emma Martin,emma.martin@example.com,46,Plano,TX,2023-07-04,3.0,365.16,121.72,1,False
CUST01866,Liam Miller,liam.miller@example.com,67,Frisco,TX,2024-06-05,2.0,222.65,111.32,1,False
CUST01867,Olivia Moore,olivia.moore@example.com,45,Houston,TX,2023-09-21,0.0,0.0,0.0,1,False
CUST01868,James Johnson,james.johnson@example.com,44,Frisco,TX,2026-06-02,0.0,0.0,0.0,1,False
CUST01869,James Moore,james.moore@example.com,32,Frisco,TX,2025-11-27,1.0,46.17,46.17,1,False
CUST01870,Emma Martin,emma.martin@example.com,48,Arlington,TX,2025-09-29,0.0,0.0,0.0,1,False
CUST01871,Henry Martin,henry.martin@example.com,57,Denton,TX,2023-05-03,2.0,143.02,71.51,1,False
CUST01872,Ethan Johnson,ethan.johnson@example.com,32,Denton,TX,2026-03-25,3.0,104.18,34.73,1,False
CUST01873,Liam Moore,liam.moore@example.com,50,Frisco,TX,2023-10-28,1.0,75.94,75.94,1,False
CUST01874,James Anderson,james.anderson@example.com,37,Fort Worth,TX,2025-04-12,1.0,32.07,32.07,1,False
CUST01875,Emma Jones,emma.jones@example.com,59,Denton,TX,2025-12-26,1.0,33.51,33.51,1,False
CUST01876,Olivia Martin,olivia.martin@example.com,29,Denton,TX,2024-10-06,3.0,207.76,69.25,1,False
CUST01877,James Jones,james.jones@example.com,54,Denton,TX,2025-05-23,2.0,152.43,76.22,1,False
CUST01878,Isabella Miller,isabella.miller@example.com,26,Frisco,TX,2024-01-29,1.0,145.73,145.73,1,False
CUST01879,Isabella Smith,isabella.smith@example.com,40,Plano,TX,2024-10-22,2.0,123.92,61.96,1,False
CUST01880,Ava Davis,ava.davis@example.com,25,Austin,TX,2026-02-28,2.0,147.03,73.52,1,False
CUST01881,Amelia Williams,amelia.williams@example.com,49,Plano,TX,2023-03-10,2.0,212.32,106.16,1,False
CUST01882,Ava Brown,ava.brown@example.com,65,Arlington,TX,2025-01-31,0.0,0.0,0.0,1,False
CUST01883,Lucas Jackson,lucas.jackson@example.com,31,Fort Worth,TX,2023-11-16,1.0,26.97,26.97,1,False
CUST01884,Mia Wilson,mia.wilson@example.com,44,Frisco,TX,2023-06-26,0.0,0.0,0.0,1,False
CUST01885,Sophia Brown,sophia.brown@example.com,42,Houston,TX,2024-08-06,1.0,59.39,59.39,1,False
CUST01886,Ava Taylor,ava.taylor@example.com,30,Dallas,TX,2026-03-29,2.0,85.51,42.76,1,False
CUST01887,Harper Thomas,harper.thomas@example.com,72,Frisco,TX,2024-08-04,4.0,254.86,63.72,1,False
CUST01888,James Jackson,james.jackson@example.com,38,Austin,TX,2026-03-04,1.0,45.5,45.5,1,False
CUST01889,Henry Jones,henry.jones@example.com,62,Dallas,TX,2023-04-21,0.0,0.0,0.0,1,False
CUST01890,Mason Miller,mason.miller@example.com,48,Houston,TX,2025-09-25,1.0,28.51,28.51,1,False
CUST01891,Emma Brown,emma.brown@example.com,54,Arlington,TX,2025-01-27,6.0,395.48,65.91,-1,True
CUST01892,Mason Martin,mason.martin@example.com,65,Arlington,TX,2023-10-10,2.0,280.23,140.12,1,False
CUST01893,Harper Smith,harper.smith@example.com,60,Houston,TX,2023-07-13,4.0,219.41,54.85,1,False
CUST01894,Olivia Wilson,olivia.wilson@example.com,71,Plano,TX,2025-08-24,3.0,288.67,96.22,1,False
CUST01895,Ava Brown,ava.brown@example.com,22,Houston,TX,2025-12-06,2.0,161.94,80.97,1,False
CUST01896,Sophia Wilson,sophia.wilson@example.com,30,Denton,TX,2025-09-04,0.0,0.0,0.0,1,False
CUST01897,Olivia Garcia,olivia.garcia@example.com,45,Denton,TX,2023-12-08,2.0,297.05,148.52,1,False
CUST01898,Ethan Jackson,ethan.jackson@example.com,60,Frisco,TX,2026-06-19,1.0,144.22,144.22,1,False
CUST01899,Ethan Smith,ethan.smith@example.com,42,Austin,TX,2024-06-05,2.0,100.19,50.1,1,False
CUST01900,Mason Thomas,mason.thomas@example.com,68,Denton,TX,2025-03-11,0.0,0.0,0.0,1,False
CUST01901,Mia Williams,mia.williams@example.com,52,Fort Worth,TX,2025-06-21,0.0,0.0,0.0,1,False
CUST01902,Liam Anderson,liam.anderson@example.com,64,Frisco,TX,2023-05-11,3.0,329.72,109.91,1,False
CUST01903,Mia Johnson,mia.johnson@example.com,56,Frisco,TX,2025-03-24,1.0,239.49,239.49,1,False
CUST01904,James Wilson,james.wilson@example.com,24,Frisco,TX,2023-03-02,2.0,152.72,76.36,1,False
CUST01905,Harper Jackson,harper.jackson@example.com,55,Dallas,TX,2023-06-13,3.0,219.03,73.01,1,False
CUST01906,Isabella Thomas,isabella.thomas@example.com,49,Dallas,TX,2023-09-29,1.0,112.49,112.49,1,False
CUST01907,Lucas Smith,lucas.smith@example.com,20,Arlington,TX,2023-05-13,0.0,0.0,0.0,1,False
CUST01908,Mia Moore,mia.moore@example.com,62,Frisco,TX,2026-06-21,2.0,123.03,61.52,1,False
CUST01909,Amelia Martin,amelia.martin@example.com,56,Plano,TX,2025-09-24,0.0,0.0,0.0,1,False
CUST01910,Lucas Wilson,lucas.wilson@example.com,54,Denton,TX,2023-02-07,1.0,63.58,63.58,1,False
CUST01911,Harper Wilson,harper.wilson@example.com,72,Arlington,TX,2024-09-08,0.0,0.0,0.0,1,False
CUST01912,Lucas Davis,lucas.davis@example.com,67,Austin,TX,2024-04-18,2.0,261.62,130.81,1,False
CUST01913,Sophia Davis,sophia.davis@example.com,39,Houston,TX,2023-02-28,0.0,0.0,0.0,1,False
CUST01914,Ava Anderson,ava.anderson@example.com,25,Dallas,TX,2024-08-11,2.0,127.56,63.78,1,False
CUST01915,Sophia Martin,sophia.martin@example.com,34,Frisco,TX,2024-05-13,3.0,328.3,109.43,1,False
CUST01916,Lucas Thomas,lucas.thomas@example.com,69,Austin,TX,2026-05-26,1.0,75.54,75.54,1,False
CUST01917,Olivia Smith,olivia.smith@example.com,44,Arlington,TX,2024-07-20,0.0,0.0,0.0,1,False
CUST01918,Ethan Anderson,ethan.anderson@example.com,50,Arlington,TX,2024-07-20,2.0,181.11,90.56,1,False
CUST01919,Lucas Davis,lucas.davis@example.com,63,Dallas,TX,2026-02-26,2.0,237.29,118.65,1,False
CUST01920,Sophia Taylor,sophia.taylor@example.com,34,Arlington,TX,2025-06-22,0.0,0.0,0.0,1,False
CUST01921,Henry Martin,henry.martin@example.com,59,Plano,TX,2024-01-18,1.0,47.52,47.52,1,False
CUST01922,Harper Williams,harper.williams@example.com,29,Arlington,TX,2023-03-26,3.0,621.75,207.25,-1,True
CUST01923,Olivia Anderson,olivia.anderson@example.com,65,Fort Worth,TX,2024-09-18,2.0,103.99,52.0,1,False
CUST01924,Sophia Miller,sophia.miller@example.com,63,Denton,TX,2025-04-05,0.0,0.0,0.0,1,False
CUST01925,Mia Anderson,mia.anderson@example.com,44,Houston,TX,2023-10-20,4.0,121.11,30.28,1,False
CUST01926,Emma Jackson,emma.jackson@example.com,65,Arlington,TX,2025-12-08,2.0,165.99,83.0,1,False
CUST01927,Mason Smith,mason.smith@example.com,25,Denton,TX,2025-12-26,0.0,0.0,0.0,1,False
CUST01928,Liam Smith,liam.smith@example.com,40,Denton,TX,2025-02-25,1.0,21.84,21.84,1,False
CUST01929,Isabella Taylor,isabella.taylor@example.com,59,Fort Worth,TX,2023-05-09,0.0,0.0,0.0,1,False
CUST01930,Sophia Moore,sophia.moore@example.com,66,Austin,TX,2023-01-29,1.0,49.04,49.04,1,False
CUST01931,Amelia Jones,amelia.jones@example.com,46,Arlington,TX,2026-02-16,1.0,49.45,49.45,1,False
CUST01932,Liam Jones,liam.jones@example.com,67,Plano,TX,2024-11-22,1.0,149.88,149.88,1,False
CUST01933,Harper Davis,harper.davis@example.com,37,Austin,TX,2023-05-13,3.0,157.64,52.55,1,False
CUST01934,Henry Miller,henry.miller@example.com,33,Denton,TX,2026-04-23,2.0,138.4,69.2,1,False
CUST01935,Noah Davis,noah.davis@example.com,34,Denton,TX,2024-10-07,4.0,154.84,38.71,1,False
CUST01936,Sophia Garcia,sophia.garcia@example.com,33,Frisco,TX,2024-11-19,1.0,241.69,241.69,1,False
CUST01937,Emma Garcia,emma.garcia@example.com,36,Arlington,TX,2024-06-17,1.0,123.52,123.52,1,False
CUST01938,Liam Johnson,liam.johnson@example.com,73,Dallas,TX,2026-06-18,1.0,64.89,64.89,1,False
CUST01939,Isabella Garcia,isabella.garcia@example.com,73,Fort Worth,TX,2024-05-30,2.0,119.25,59.62,1,False
CUST01940,Lucas Jones,lucas.jones@example.com,25,Fort Worth,TX,2025-08-17,2.0,134.9,67.45,1,False
CUST01941,Sophia Moore,sophia.moore@example.com,55,Dallas,TX,2023-06-14,0.0,0.0,0.0,1,False
CUST01942,Ava Williams,ava.williams@example.com,55,Houston,TX,2025-07-15,0.0,0.0,0.0,1,False
CUST01943,Henry Garcia,henry.garcia@example.com,70,Denton,TX,2025-07-21,0.0,0.0,0.0,1,False
CUST01944,Harper Davis,harper.davis@example.com,46,Frisco,TX,2024-07-10,1.0,124.02,124.02,1,False
CUST01945,Mason Wilson,mason.wilson@example.com,58,Plano,TX,2026-05-26,3.0,207.7,69.23,1,False
CUST01946,Emma Smith,emma.smith@example.com,53,Fort Worth,TX,2024-11-10,2.0,303.6,151.8,1,False
CUST01947,James Williams,james.williams@example.com,43,Austin,TX,2025-09-19,1.0,21.32,21.32,1,False
CUST01948,James Williams,james.williams@example.com,48,Denton,TX,2025-10-25,2.0,113.15,56.58,1,False
CUST01949,Amelia Anderson,amelia.anderson@example.com,61,Plano,TX,2025-01-26,3.0,121.13,40.38,1,False
CUST01950,Liam Davis,liam.davis@example.com,29,Fort Worth,TX,2026-01-09,1.0,64.18,64.18,1,False
CUST01951,Emma Smith,emma.smith@example.com,72,Frisco,TX,2026-06-24,1.0,51.89,51.89,1,False
CUST01952,Olivia Jones,olivia.jones@example.com,34,Houston,TX,2025-05-04,2.0,109.16,54.58,1,False
CUST01953,Isabella Williams,isabella.williams@example.com,32,Frisco,TX,2024-05-07,1.0,47.27,47.27,1,False
CUST01954,Mason Johnson,mason.johnson@example.com,26,Austin,TX,2024-10-10,0.0,0.0,0.0,1,False
CUST01955,Lucas Jackson,lucas.jackson@example.com,56,Frisco,TX,2025-09-18,0.0,0.0,0.0,1,False
CUST01956,Sophia Davis,sophia.davis@example.com,59,Plano,TX,2024-09-19,2.0,85.77,42.89,1,False
CUST01957,Sophia Williams,sophia.williams@example.com,65,Denton,TX,2024-09-16,0.0,0.0,0.0,1,False
CUST01958,James Miller,james.miller@example.com,29,Austin,TX,2024-06-26,1.0,51.84,51.84,1,False
CUST01959,Sophia Thomas,sophia.thomas@example.com,49,Denton,TX,2023-01-07,1.0,33.64,33.64,1,False
CUST01960,Harper Anderson,harper.anderson@example.com,42,Dallas,TX,2025-08-11,1.0,180.27,180.27,1,False
CUST01961,Mason Smith,mason.smith@example.com,56,Arlington,TX,2024-05-29,1.0,117.32,117.32,1,False
CUST01962,Ava Garcia,ava.garcia@example.com,35,Dallas,TX,2025-01-24,3.0,325.15,108.38,1,False
CUST01963,Noah Williams,noah.williams@example.com,32,Plano,TX,2023-03-14,0.0,0.0,0.0,1,False
CUST01964,Amelia Davis,amelia.davis@example.com,49,Arlington,TX,2023-01-10,2.0,80.79,40.39,1,False
CUST01965,Ethan Garcia,ethan.garcia@example.com,23,Dallas,TX,2024-07-15,3.0,258.0,86.0,1,False
CUST01966,Mia Thomas,mia.thomas@example.com,61,Arlington,TX,2023-05-02,0.0,0.0,0.0,1,False
CUST01967,Amelia Johnson,amelia.johnson@example.com,60,Fort Worth,TX,2024-11-17,1.0,57.2,57.2,1,False
CUST01968,Liam Garcia,liam.garcia@example.com,69,Frisco,TX,2024-05-27,1.0,37.09,37.09,1,False
CUST01969,Ava Miller,ava.miller@example.com,52,Austin,TX,2025-09-16,5.0,325.26,65.05,1,False
CUST01970,Amelia Jones,amelia.jones@example.com,51,Arlington,TX,2024-03-16,1.0,107.64,107.64,1,False
CUST01971,Lucas Williams,lucas.williams@example.com,55,Fort Worth,TX,2025-11-27,2.0,160.08,80.04,1,False
CUST01972,James Brown,james.brown@example.com,73,Frisco,TX,2024-12-02,4.0,503.61,125.9,-1,True
CUST01973,Henry Brown,henry.brown@example.com,71,Frisco,TX,2024-08-13,1.0,34.08,34.08,1,False
CUST01974,Liam Garcia,liam.garcia@example.com,74,Houston,TX,2026-04-22,3.0,265.93,88.64,1,False
CUST01975,Sophia Taylor,sophia.taylor@example.com,22,Denton,TX,2023-03-08,1.0,147.78,147.78,1,False
CUST01976,Emma Smith,emma.smith@example.com,35,Dallas,TX,2023-01-17,0.0,0.0,0.0,1,False
CUST01977,Lucas Anderson,lucas.anderson@example.com,33,Houston,TX,2024-01-03,5.0,491.06,98.21,-1,True
CUST01978,Liam Brown,liam.brown@example.com,25,Denton,TX,2025-06-22,2.0,124.23,62.12,1,False
CUST01979,Henry Taylor,henry.taylor@example.com,42,Denton,TX,2024-12-21,2.0,292.11,146.05,1,False
CUST01980,Isabella Moore,isabella.moore@example.com,49,Plano,TX,2025-08-15,1.0,44.47,44.47,1,False
CUST01981,Sophia Brown,sophia.brown@example.com,43,Fort Worth,TX,2025-06-26,1.0,60.43,60.43,1,False
CUST01982,Amelia Taylor,amelia.taylor@example.com,69,Houston,TX,2025-09-15,0.0,0.0,0.0,1,False
CUST01983,Amelia Smith,amelia.smith@example.com,39,Houston,TX,2024-04-17,3.0,161.26,53.75,1,False
CUST01984,Liam Wilson,liam.wilson@example.com,48,Denton,TX,2023-04-25,0.0,0.0,0.0,1,False
CUST01985,Emma Brown,emma.brown@example.com,60,Frisco,TX,2023-04-10,1.0,105.64,105.64,1,False
CUST01986,Isabella Miller,isabella.miller@example.com,27,Fort Worth,TX,2024-03-13,1.0,76.11,76.11,1,False
CUST01987,Sophia Thomas,sophia.thomas@example.com,73,Frisco,TX,2023-12-15,3.0,114.01,38.0,1,False
CUST01988,Henry Martin,henry.martin@example.com,74,Austin,TX,2023-05-19,0.0,0.0,0.0,1,False
CUST01989,Noah Williams,noah.williams@example.com,29,Arlington,TX,2025-04-07,3.0,252.25,84.08,1,False
CUST01990,Amelia Taylor,amelia.taylor@example.com,70,Plano,TX,2023-11-20,1.0,158.84,158.84,1,False
CUST01991,Henry Thomas,henry.thomas@example.com,45,Plano,TX,2025-04-25,1.0,46.97,46.97,1,False
CUST01992,Ava Williams,ava.williams@example.com,23,Dallas,TX,2023-10-21,2.0,190.72,95.36,1,False
CUST01993,Amelia Martin,amelia.martin@example.com,37,Frisco,TX,2025-08-25,0.0,0.0,0.0,1,False
CUST01994,Henry Davis,henry.davis@example.com,22,Arlington,TX,2023-03-15,1.0,23.0,23.0,1,False
CUST01995,Olivia Davis,olivia.davis@example.com,40,Denton,TX,2024-04-28,1.0,47.94,47.94,1,False
CUST01996,James Anderson,james.anderson@example.com,26,Dallas,TX,2023-01-16,0.0,0.0,0.0,1,False
CUST01997,Mia Thomas,mia.thomas@example.com,46,Plano,TX,2025-03-03,2.0,310.11,155.06,1,False
CUST01998,Mason Smith,mason.smith@example.com,33,Arlington,TX,2024-05-30,0.0,0.0,0.0,1,False
CUST01999,James Taylor,james.taylor@example.com,71,Houston,TX,2025-07-13,0.0,0.0,0.0,1,False
CUST02000,Harper Johnson,harper.johnson@example.com,63,Austin,TX,2026-02-24,2.0,105.17,52.58,1,False
CUST02001,Mia Davis,mia.davis@example.com,39,Denton,TX,2025-04-03,0.0,0.0,0.0,1,False
CUST02002,Lucas Smith,lucas.smith@example.com,25,Houston,TX,2024-06-01,2.0,224.14,112.07,1,False
CUST02003,Henry Jackson,henry.jackson@example.com,37,Austin,TX,2023-05-09,1.0,205.4,205.4,1,False
CUST02004,Mia Thomas,mia.thomas@example.com,68,Denton,TX,2024-05-25,1.0,177.84,177.84,1,False
CUST02005,Harper Davis,harper.davis@example.com,31,Frisco,TX,2024-02-27,1.0,28.52,28.52,1,False
CUST02006,Sophia Davis,sophia.davis@example.com,56,Fort Worth,TX,2024-01-20,1.0,23.84,23.84,1,False
CUST02007,Noah Johnson,noah.johnson@example.com,54,Dallas,TX,2023-08-20,2.0,199.83,99.92,1,False
CUST02008,Olivia Brown,olivia.brown@example.com,67,Dallas,TX,2025-08-16,4.0,326.84,81.71,1,False
CUST02009,Ava Garcia,ava.garcia@example.com,51,Fort Worth,TX,2025-04-04,3.0,269.43,89.81,1,False
CUST02010,Henry Thomas,henry.thomas@example.com,28,Arlington,TX,2026-05-03,2.0,172.35,86.18,1,False
CUST02011,Ava Anderson,ava.anderson@example.com,71,Fort Worth,TX,2023-03-06,1.0,26.75,26.75,1,False
CUST02012,Emma Wilson,emma.wilson@example.com,57,Frisco,TX,2025-04-12,1.0,226.67,226.67,1,False
CUST02013,Amelia Jackson,amelia.jackson@example.com,50,Plano,TX,2024-09-06,1.0,76.7,76.7,1,False
CUST02014,Henry Davis,henry.davis@example.com,48,Fort Worth,TX,2026-06-01,4.0,227.35,56.84,1,False
CUST02015,Mason Thomas,mason.thomas@example.com,71,Austin,TX,2025-03-11,2.0,114.65,57.32,1,False
CUST02016,Henry Jackson,henry.jackson@example.com,61,Plano,TX,2023-10-05,2.0,323.47,161.74,1,False
CUST02017,Liam Davis,liam.davis@example.com,51,Fort Worth,TX,2024-01-01,2.0,498.82,249.41,-1,True
CUST02018,Noah Miller,noah.miller@example.com,67,Dallas,TX,2024-05-30,3.0,137.15,45.72,1,False
CUST02019,Liam Martin,liam.martin@example.com,24,Houston,TX,2026-05-23,0.0,0.0,0.0,1,False
CUST02020,Henry Moore,henry.moore@example.com,66,Austin,TX,2024-03-14,2.0,147.7,73.85,1,False
CUST02021,Olivia Wilson,olivia.wilson@example.com,71,Frisco,TX,2024-03-03,3.0,252.71,84.24,1,False
CUST02022,Mia Jackson,mia.jackson@example.com,40,Austin,TX,2024-12-29,7.0,581.49,83.07,-1,True
CUST02023,Ava Johnson,ava.johnson@example.com,63,Denton,TX,2024-01-31,3.0,190.12,63.37,1,False
CUST02024,Olivia Williams,olivia.williams@example.com,73,Arlington,TX,2026-05-17,2.0,225.53,112.76,1,False
CUST02025,Henry Taylor,henry.taylor@example.com,24,Houston,TX,2024-08-08,3.0,224.31,74.77,1,False
CUST02026,Harper Davis,harper.davis@example.com,71,Austin,TX,2026-06-04,2.0,74.96,37.48,1,False
CUST02027,Mia Martin,mia.martin@example.com,42,Denton,TX,2024-01-10,2.0,114.53,57.26,1,False
CUST02028,Harper Garcia,harper.garcia@example.com,20,Fort Worth,TX,2025-08-05,1.0,128.51,128.51,1,False
CUST02029,Ava Taylor,ava.taylor@example.com,55,Austin,TX,2023-04-03,2.0,131.09,65.54,1,False
CUST02030,Mia Wilson,mia.wilson@example.com,37,Austin,TX,2023-11-17,1.0,39.32,39.32,1,False
CUST02031,Mason Taylor,mason.taylor@example.com,51,Austin,TX,2025-10-30,0.0,0.0,0.0,1,False
CUST02032,Noah Brown,noah.brown@example.com,66,Arlington,TX,2025-07-02,1.0,52.61,52.61,1,False
CUST02033,James Davis,james.davis@example.com,61,Austin,TX,2025-07-05,0.0,0.0,0.0,1,False
CUST02034,Isabella Taylor,isabella.taylor@example.com,61,Austin,TX,2023-04-05,2.0,324.28,162.14,1,False
CUST02035,Lucas Williams,lucas.williams@example.com,47,Arlington,TX,2025-08-16,1.0,80.07,80.07,1,False
CUST02036,Olivia Williams,olivia.williams@example.com,34,Denton,TX,2026-02-04,3.0,116.58,38.86,1,False
CUST02037,Amelia Davis,amelia.davis@example.com,27,Plano,TX,2023-03-12,4.0,213.93,53.48,1,False
CUST02038,Olivia Jones,olivia.jones@example.com,52,Houston,TX,2024-10-25,0.0,0.0,0.0,1,False
CUST02039,Isabella Williams,isabella.williams@example.com,37,Denton,TX,2025-08-26,2.0,119.2,59.6,1,False
CUST02040,James Taylor,james.taylor@example.com,35,Frisco,TX,2024-08-09,2.0,101.85,50.92,1,False
CUST02041,Ethan Anderson,ethan.anderson@example.com,62,Plano,TX,2024-12-27,2.0,88.14,44.07,1,False
CUST02042,Sophia Smith,sophia.smith@example.com,61,Dallas,TX,2024-01-03,2.0,184.59,92.29,1,False
CUST02043,Mason Jackson,mason.jackson@example.com,44,Arlington,TX,2023-02-20,5.0,282.36,56.47,1,False
CUST02044,Harper Williams,harper.williams@example.com,66,Arlington,TX,2026-03-12,1.0,162.47,162.47,1,False
CUST02045,Henry Thomas,henry.thomas@example.com,53,Austin,TX,2025-09-14,5.0,376.18,75.24,1,False
CUST02046,Mason Wilson,mason.wilson@example.com,40,Austin,TX,2026-04-05,2.0,255.05,127.52,1,False
CUST02047,Isabella Jones,isabella.jones@example.com,49,Frisco,TX,2023-09-17,2.0,170.9,85.45,1,False
CUST02048,Henry Thomas,henry.thomas@example.com,27,Dallas,TX,2026-04-30,4.0,339.58,84.9,1,False
CUST02049,Amelia Taylor,amelia.taylor@example.com,28,Austin,TX,2026-05-10,1.0,68.37,68.37,1,False
CUST02050,Liam Jackson,liam.jackson@example.com,55,Fort Worth,TX,2026-04-23,0.0,0.0,0.0,1,False
CUST02051,Mia Johnson,mia.johnson@example.com,23,Austin,TX,2023-06-07,0.0,0.0,0.0,1,False
CUST02052,Sophia Miller,sophia.miller@example.com,58,Austin,TX,2023-04-09,4.0,274.4,68.6,1,False
CUST02053,Noah Jackson,noah.jackson@example.com,64,Fort Worth,TX,2023-08-29,3.0,170.97,56.99,1,False
CUST02054,Noah Johnson,noah.johnson@example.com,51,Dallas,TX,2023-07-21,3.0,118.84,39.61,1,False
CUST02055,Isabella Brown,isabella.brown@example.com,53,Fort Worth,TX,2024-09-25,4.0,328.29,82.07,1,False
CUST02056,Mason Thomas,mason.thomas@example.com,54,Arlington,TX,2026-01-24,1.0,85.46,85.46,1,False
CUST02057,Noah Miller,noah.miller@example.com,34,Fort Worth,TX,2025-01-15,0.0,0.0,0.0,1,False
CUST02058,Amelia Brown,amelia.brown@example.com,57,Houston,TX,2024-05-04,2.0,52.32,26.16,1,False
CUST02059,Harper Miller,harper.miller@example.com,57,Arlington,TX,2024-08-01,1.0,66.53,66.53,1,False
CUST02060,Ethan Miller,ethan.miller@example.com,71,Austin,TX,2026-05-26,1.0,74.98,74.98,1,False
CUST02061,Olivia Smith,olivia.smith@example.com,29,Frisco,TX,2024-06-10,2.0,86.36,43.18,1,False
CUST02062,Emma Garcia,emma.garcia@example.com,38,Arlington,TX,2023-09-30,2.0,337.27,168.64,1,False
CUST02063,Amelia Wilson,amelia.wilson@example.com,57,Dallas,TX,2026-05-27,0.0,0.0,0.0,1,False
CUST02064,Henry Johnson,henry.johnson@example.com,36,Dallas,TX,2025-02-24,1.0,42.74,42.74,1,False
CUST02065,Lucas Martin,lucas.martin@example.com,20,Fort Worth,TX,2024-03-28,2.0,122.11,61.06,1,False
CUST02066,Isabella Williams,isabella.williams@example.com,35,Arlington,TX,2026-03-21,3.0,212.05,70.68,1,False
CUST02067,Liam Taylor,liam.taylor@example.com,70,Austin,TX,2023-12-13,0.0,0.0,0.0,1,False
CUST02068,Mia Jones,mia.jones@example.com,68,Dallas,TX,2025-03-26,1.0,18.7,18.7,1,False
CUST02069,Lucas Wilson,lucas.wilson@example.com,36,Plano,TX,2024-02-18,2.0,99.58,49.79,1,False
CUST02070,Mia Brown,mia.brown@example.com,64,Austin,TX,2024-03-06,1.0,17.48,17.48,1,False
CUST02071,Ava Smith,ava.smith@example.com,23,Plano,TX,2024-01-14,2.0,166.12,83.06,1,False
CUST02072,Lucas Brown,lucas.brown@example.com,33,Houston,TX,2025-09-24,0.0,0.0,0.0,1,False
CUST02073,Emma Garcia,emma.garcia@example.com,25,Plano,TX,2025-06-13,5.0,449.74,89.95,-1,True
CUST02074,Mason Jones,mason.jones@example.com,65,Denton,TX,2024-03-03,2.0,213.07,106.54,1,False
CUST02075,Ethan Martin,ethan.martin@example.com,35,Dallas,TX,2026-01-12,2.0,124.19,62.1,1,False
CUST02076,Olivia Moore,olivia.moore@example.com,69,Fort Worth,TX,2023-07-11,2.0,288.63,144.32,1,False
CUST02077,Olivia Smith,olivia.smith@example.com,65,Houston,TX,2023-02-10,0.0,0.0,0.0,1,False
CUST02078,Ethan Brown,ethan.brown@example.com,60,Arlington,TX,2023-05-16,1.0,25.08,25.08,1,False
CUST02079,Harper Garcia,harper.garcia@example.com,56,Austin,TX,2023-04-16,5.0,303.92,60.78,1,False
CUST02080,Sophia Moore,sophia.moore@example.com,66,Dallas,TX,2024-06-02,2.0,126.56,63.28,1,False
CUST02081,Ava Jackson,ava.jackson@example.com,66,Houston,TX,2025-03-24,1.0,55.87,55.87,1,False
CUST02082,Mia Taylor,mia.taylor@example.com,29,Houston,TX,2023-05-06,1.0,62.66,62.66,1,False
CUST02083,Emma Taylor,emma.taylor@example.com,62,Denton,TX,2024-02-04,3.0,408.94,136.31,1,False
CUST02084,Noah Martin,noah.martin@example.com,27,Dallas,TX,2023-03-20,4.0,167.36,41.84,1,False
CUST02085,Lucas Brown,lucas.brown@example.com,24,Arlington,TX,2024-01-24,2.0,144.56,72.28,1,False
CUST02086,Ava Jackson,ava.jackson@example.com,63,Arlington,TX,2023-03-15,1.0,118.13,118.13,1,False
CUST02087,Amelia Martin,amelia.martin@example.com,72,Fort Worth,TX,2025-10-25,3.0,173.36,57.79,1,False
CUST02088,Isabella Wilson,isabella.wilson@example.com,18,Frisco,TX,2023-03-23,1.0,43.96,43.96,1,False
CUST02089,Lucas Jones,lucas.jones@example.com,66,Plano,TX,2025-02-14,1.0,58.11,58.11,1,False
CUST02090,Emma Davis,emma.davis@example.com,53,Arlington,TX,2025-09-17,2.0,137.5,68.75,1,False
CUST02091,Liam Wilson,liam.wilson@example.com,38,Denton,TX,2023-10-05,2.0,90.6,45.3,1,False
CUST02092,Liam Taylor,liam.taylor@example.com,54,Fort Worth,TX,2025-04-19,2.0,106.0,53.0,1,False
CUST02093,Henry Jones,henry.jones@example.com,69,Plano,TX,2023-08-12,0.0,0.0,0.0,1,False
CUST02094,Ava Garcia,ava.garcia@example.com,41,Houston,TX,2025-12-27,2.0,261.48,130.74,1,False
CUST02095,Mason Smith,mason.smith@example.com,72,Dallas,TX,2024-08-28,2.0,102.14,51.07,1,False
CUST02096,Emma Anderson,emma.anderson@example.com,42,Arlington,TX,2023-01-19,0.0,0.0,0.0,1,False
CUST02097,Emma Thomas,emma.thomas@example.com,24,Fort Worth,TX,2024-10-01,3.0,184.0,61.33,1,False
CUST02098,Ethan Jackson,ethan.jackson@example.com,59,Houston,TX,2023-04-07,0.0,0.0,0.0,1,False
CUST02099,Amelia Miller,amelia.miller@example.com,34,Arlington,TX,2025-12-11,0.0,0.0,0.0,1,False
CUST02100,Mason Brown,mason.brown@example.com,46,Austin,TX,2023-06-24,2.0,143.19,71.6,1,False
CUST02101,Amelia Anderson,amelia.anderson@example.com,47,Frisco,TX,2026-02-12,1.0,77.0,77.0,1,False
CUST02102,Harper Johnson,harper.johnson@example.com,24,Houston,TX,2023-12-14,0.0,0.0,0.0,1,False
CUST02103,Mia Jones,mia.jones@example.com,50,Denton,TX,2023-01-01,2.0,52.67,26.34,1,False
CUST02104,Mia Thomas,mia.thomas@example.com,24,Denton,TX,2023-03-04,1.0,56.22,56.22,1,False
CUST02105,Noah Williams,noah.williams@example.com,41,Arlington,TX,2023-08-14,1.0,27.63,27.63,1,False
CUST02106,Henry Garcia,henry.garcia@example.com,28,Denton,TX,2024-02-27,2.0,64.46,32.23,1,False
CUST02107,Olivia Davis,olivia.davis@example.com,26,Houston,TX,2025-11-08,1.0,46.88,46.88,1,False
CUST02108,Liam Miller,liam.miller@example.com,29,Dallas,TX,2023-01-31,1.0,109.66,109.66,1,False
CUST02109,Isabella Williams,isabella.williams@example.com,52,Dallas,TX,2025-04-24,1.0,28.24,28.24,1,False
CUST02110,Mia Davis,mia.davis@example.com,21,Frisco,TX,2024-09-24,2.0,145.52,72.76,1,False
CUST02111,Mason Johnson,mason.johnson@example.com,53,Dallas,TX,2023-01-24,1.0,79.63,79.63,1,False
CUST02112,Emma Taylor,emma.taylor@example.com,45,Plano,TX,2025-04-16,0.0,0.0,0.0,1,False
CUST02113,Isabella Wilson,isabella.wilson@example.com,74,Austin,TX,2025-09-09,0.0,0.0,0.0,1,False
CUST02114,James Brown,james.brown@example.com,30,Dallas,TX,2026-05-19,2.0,571.5,285.75,-1,True
CUST02115,Amelia Smith,amelia.smith@example.com,40,Denton,TX,2023-06-10,1.0,31.37,31.37,1,False
CUST02116,Mia Davis,mia.davis@example.com,36,Austin,TX,2023-04-24,2.0,357.13,178.56,1,False
CUST02117,Emma Miller,emma.miller@example.com,59,Dallas,TX,2024-05-18,0.0,0.0,0.0,1,False
CUST02118,Mia Anderson,mia.anderson@example.com,54,Plano,TX,2025-08-12,1.0,51.7,51.7,1,False
CUST02119,Liam Moore,liam.moore@example.com,56,Denton,TX,2026-05-28,0.0,0.0,0.0,1,False
CUST02120,James Jones,james.jones@example.com,41,Houston,TX,2023-12-23,0.0,0.0,0.0,1,False
CUST02121,Lucas Taylor,lucas.taylor@example.com,33,Arlington,TX,2023-06-18,1.0,46.36,46.36,1,False
CUST02122,Mia Moore,mia.moore@example.com,50,Arlington,TX,2025-08-26,1.0,14.17,14.17,1,False
CUST02123,Harper Jones,harper.jones@example.com,29,Dallas,TX,2023-08-30,1.0,48.76,48.76,1,False
CUST02124,Mason Miller,mason.miller@example.com,51,Arlington,TX,2023-05-19,0.0,0.0,0.0,1,False
CUST02125,Mia Jones,mia.jones@example.com,24,Dallas,TX,2023-04-07,2.0,79.43,39.72,1,False
CUST02126,Olivia Davis,olivia.davis@example.com,28,Dallas,TX,2023-05-27,0.0,0.0,0.0,1,False
CUST02127,Isabella Anderson,isabella.anderson@example.com,48,Denton,TX,2026-04-20,1.0,82.5,82.5,1,False
CUST02128,Isabella Moore,isabella.moore@example.com,46,Frisco,TX,2025-12-16,4.0,393.25,98.31,1,False
CUST02129,Liam Garcia,liam.garcia@example.com,30,Fort Worth,TX,2025-12-01,1.0,107.81,107.81,1,False
CUST02130,Mason Moore,mason.moore@example.com,48,Fort Worth,TX,2025-05-15,2.0,173.02,86.51,1,False
CUST02131,James Jones,james.jones@example.com,19,Frisco,TX,2024-06-26,1.0,120.38,120.38,1,False
CUST02132,Harper Wilson,harper.wilson@example.com,56,Fort Worth,TX,2024-11-22,2.0,195.14,97.57,1,False
CUST02133,Ethan Anderson,ethan.anderson@example.com,32,Austin,TX,2025-10-22,0.0,0.0,0.0,1,False
CUST02134,Mason Johnson,mason.johnson@example.com,74,Fort Worth,TX,2026-03-07,1.0,67.28,67.28,1,False
CUST02135,Isabella Smith,isabella.smith@example.com,28,Dallas,TX,2025-06-22,5.0,238.71,47.74,1,False
CUST02136,Olivia Davis,olivia.davis@example.com,51,Plano,TX,2024-12-30,0.0,0.0,0.0,1,False
CUST02137,Lucas Thomas,lucas.thomas@example.com,56,Plano,TX,2026-05-30,2.0,86.21,43.1,1,False
CUST02138,Liam Williams,liam.williams@example.com,21,Houston,TX,2023-11-27,2.0,346.72,173.36,1,False
CUST02139,Ethan Martin,ethan.martin@example.com,28,Denton,TX,2024-09-08,0.0,0.0,0.0,1,False
CUST02140,Olivia Anderson,olivia.anderson@example.com,46,Fort Worth,TX,2024-02-08,2.0,169.56,84.78,1,False
CUST02141,James Thomas,james.thomas@example.com,19,Plano,TX,2024-05-22,3.0,319.05,106.35,1,False
CUST02142,Amelia Thomas,amelia.thomas@example.com,33,Fort Worth,TX,2026-02-24,2.0,239.73,119.86,1,False
CUST02143,James Thomas,james.thomas@example.com,56,Denton,TX,2025-11-04,3.0,356.11,118.7,1,False
CUST02144,Olivia Miller,olivia.miller@example.com,30,Houston,TX,2023-08-14,1.0,60.42,60.42,1,False
CUST02145,Amelia Taylor,amelia.taylor@example.com,54,Plano,TX,2025-09-10,1.0,31.89,31.89,1,False
CUST02146,Ava Moore,ava.moore@example.com,34,Dallas,TX,2025-05-14,1.0,55.45,55.45,1,False
CUST02147,Liam Anderson,liam.anderson@example.com,38,Austin,TX,2026-02-02,0.0,0.0,0.0,1,False
CUST02148,Mason Davis,mason.davis@example.com,61,Frisco,TX,2025-01-14,2.0,74.34,37.17,1,False
CUST02149,Amelia Jackson,amelia.jackson@example.com,36,Frisco,TX,2024-05-07,1.0,148.29,148.29,1,False
CUST02150,Henry Moore,henry.moore@example.com,24,Frisco,TX,2023-11-15,1.0,153.95,153.95,1,False
CUST02151,Amelia Moore,amelia.moore@example.com,55,Fort Worth,TX,2026-05-27,1.0,66.8,66.8,1,False
CUST02152,Emma Garcia,emma.garcia@example.com,25,Plano,TX,2025-02-11,4.0,398.03,99.51,1,False
CUST02153,Lucas Thomas,lucas.thomas@example.com,30,Denton,TX,2024-03-27,1.0,77.43,77.43,1,False
CUST02154,Emma Taylor,emma.taylor@example.com,54,Denton,TX,2025-08-01,1.0,35.63,35.63,1,False
CUST02155,Mason Martin,mason.martin@example.com,19,Plano,TX,2025-04-27,3.0,396.69,132.23,1,False
CUST02156,Mason Wilson,mason.wilson@example.com,58,Houston,TX,2025-10-13,0.0,0.0,0.0,1,False
CUST02157,Liam Miller,liam.miller@example.com,28,Dallas,TX,2026-04-28,1.0,14.44,14.44,1,False
CUST02158,Mason Jackson,mason.jackson@example.com,41,Arlington,TX,2025-06-02,3.0,280.4,93.47,1,False
CUST02159,Isabella Taylor,isabella.taylor@example.com,23,Plano,TX,2024-02-23,0.0,0.0,0.0,1,False
CUST02160,Amelia Jones,amelia.jones@example.com,43,Austin,TX,2025-05-14,0.0,0.0,0.0,1,False
CUST02161,Amelia Davis,amelia.davis@example.com,24,Houston,TX,2025-02-27,1.0,39.91,39.91,1,False
CUST02162,Ava Jackson,ava.jackson@example.com,74,Plano,TX,2024-05-09,4.0,408.51,102.13,1,False
CUST02163,Ethan Johnson,ethan.johnson@example.com,56,Plano,TX,2025-11-28,0.0,0.0,0.0,1,False
CUST02164,Mason Miller,mason.miller@example.com,36,Houston,TX,2023-06-11,0.0,0.0,0.0,1,False
CUST02165,Emma Jackson,emma.jackson@example.com,23,Houston,TX,2023-05-01,0.0,0.0,0.0,1,False
CUST02166,Mason Brown,mason.brown@example.com,60,Fort Worth,TX,2024-02-03,2.0,99.82,49.91,1,False
CUST02167,James Wilson,james.wilson@example.com,46,Plano,TX,2024-12-28,1.0,54.32,54.32,1,False
CUST02168,Ava Thomas,ava.thomas@example.com,60,Arlington,TX,2024-07-14,1.0,61.39,61.39,1,False
CUST02169,Isabella Smith,isabella.smith@example.com,56,Austin,TX,2024-08-26,1.0,46.71,46.71,1,False
CUST02170,Isabella Miller,isabella.miller@example.com,19,Dallas,TX,2026-02-26,0.0,0.0,0.0,1,False
CUST02171,Mia Garcia,mia.garcia@example.com,36,Dallas,TX,2024-06-23,3.0,200.42,66.81,1,False
CUST02172,Amelia Davis,amelia.davis@example.com,21,Arlington,TX,2023-12-22,1.0,93.32,93.32,1,False
CUST02173,Isabella Jones,isabella.jones@example.com,23,Denton,TX,2024-10-21,1.0,42.4,42.4,1,False
CUST02174,Amelia Jackson,amelia.jackson@example.com,66,Houston,TX,2024-03-07,2.0,94.57,47.28,1,False
CUST02175,Mia Smith,mia.smith@example.com,74,Houston,TX,2025-12-24,0.0,0.0,0.0,1,False
CUST02176,Olivia Smith,olivia.smith@example.com,54,Denton,TX,2026-05-26,1.0,131.91,131.91,1,False
CUST02177,Lucas Wilson,lucas.wilson@example.com,45,Houston,TX,2024-07-16,2.0,379.28,189.64,1,False
CUST02178,Noah Jackson,noah.jackson@example.com,47,Denton,TX,2025-03-27,0.0,0.0,0.0,1,False
CUST02179,Harper Taylor,harper.taylor@example.com,24,Plano,TX,2026-01-02,0.0,0.0,0.0,1,False
CUST02180,Isabella Garcia,isabella.garcia@example.com,26,Denton,TX,2024-12-11,1.0,122.34,122.34,1,False
CUST02181,Ethan Taylor,ethan.taylor@example.com,42,Houston,TX,2026-04-30,2.0,66.08,33.04,1,False
CUST02182,James Jones,james.jones@example.com,50,Houston,TX,2026-04-27,1.0,89.09,89.09,1,False
CUST02183,Sophia Jackson,sophia.jackson@example.com,18,Plano,TX,2023-01-12,0.0,0.0,0.0,1,False
CUST02184,Olivia Smith,olivia.smith@example.com,68,Denton,TX,2023-08-27,0.0,0.0,0.0,1,False
CUST02185,Isabella Garcia,isabella.garcia@example.com,23,Plano,TX,2024-03-28,3.0,169.34,56.45,1,False
CUST02186,Amelia Garcia,amelia.garcia@example.com,35,Arlington,TX,2024-01-18,2.0,211.57,105.78,1,False
CUST02187,Lucas Williams,lucas.williams@example.com,27,Fort Worth,TX,2025-02-20,0.0,0.0,0.0,1,False
CUST02188,Mia Moore,mia.moore@example.com,45,Plano,TX,2023-02-17,4.0,133.66,33.42,1,False
CUST02189,Emma Davis,emma.davis@example.com,28,Austin,TX,2023-11-13,0.0,0.0,0.0,1,False
CUST02190,Harper Martin,harper.martin@example.com,50,Houston,TX,2023-07-28,0.0,0.0,0.0,1,False
CUST02191,Sophia Jackson,sophia.jackson@example.com,18,Fort Worth,TX,2026-02-16,3.0,180.25,60.08,1,False
CUST02192,Lucas Smith,lucas.smith@example.com,30,Dallas,TX,2024-07-30,1.0,64.59,64.59,1,False
CUST02193,Lucas Smith,lucas.smith@example.com,54,Arlington,TX,2023-11-11,1.0,93.14,93.14,1,False
CUST02194,Isabella Garcia,isabella.garcia@example.com,37,Denton,TX,2025-01-23,2.0,298.37,149.18,1,False
CUST02195,Olivia Taylor,olivia.taylor@example.com,18,Fort Worth,TX,2025-11-25,2.0,106.99,53.5,1,False
CUST02196,Henry Moore,henry.moore@example.com,69,Plano,TX,2025-07-03,3.0,241.06,80.35,1,False
CUST02197,Sophia Smith,sophia.smith@example.com,20,Houston,TX,2025-01-24,1.0,137.55,137.55,1,False
CUST02198,Harper Garcia,harper.garcia@example.com,35,Houston,TX,2024-07-07,0.0,0.0,0.0,1,False
CUST02199,Liam Smith,liam.smith@example.com,58,Houston,TX,2024-02-07,4.0,198.35,49.59,1,False
CUST02200,Noah Martin,noah.martin@example.com,31,Fort Worth,TX,2026-02-04,0.0,0.0,0.0,1,False
CUST02201,Liam Moore,liam.moore@example.com,48,Houston,TX,2023-02-08,2.0,114.18,57.09,1,False
CUST02202,Henry Garcia,henry.garcia@example.com,44,Plano,TX,2024-08-03,1.0,47.41,47.41,1,False
CUST02203,Amelia Williams,amelia.williams@example.com,34,Denton,TX,2023-06-29,1.0,91.11,91.11,1,False
CUST02204,Amelia Martin,amelia.martin@example.com,72,Fort Worth,TX,2023-01-12,0.0,0.0,0.0,1,False
CUST02205,James Martin,james.martin@example.com,63,Houston,TX,2025-07-31,2.0,60.58,30.29,1,False
CUST02206,Sophia Jackson,sophia.jackson@example.com,46,Dallas,TX,2024-07-01,4.0,504.89,126.22,1,False
CUST02207,Liam Davis,liam.davis@example.com,53,Dallas,TX,2026-02-23,1.0,31.52,31.52,1,False
CUST02208,Amelia Moore,amelia.moore@example.com,54,Austin,TX,2023-03-04,2.0,190.3,95.15,1,False
CUST02209,Henry Jackson,henry.jackson@example.com,43,Houston,TX,2025-04-23,1.0,99.89,99.89,1,False
CUST02210,Isabella Garcia,isabella.garcia@example.com,70,Houston,TX,2026-01-10,0.0,0.0,0.0,1,False
CUST02211,Ava Moore,ava.moore@example.com,34,Fort Worth,TX,2025-10-05,1.0,72.17,72.17,1,False
CUST02212,Mia Anderson,mia.anderson@example.com,39,Fort Worth,TX,2023-02-03,1.0,82.65,82.65,1,False
CUST02213,Ava Moore,ava.moore@example.com,42,Frisco,TX,2025-01-21,2.0,169.32,84.66,1,False
CUST02214,Mason Smith,mason.smith@example.com,19,Denton,TX,2023-02-18,0.0,0.0,0.0,1,False
CUST02215,Harper Jackson,harper.jackson@example.com,72,Houston,TX,2024-10-19,0.0,0.0,0.0,1,False
CUST02216,Liam Jones,liam.jones@example.com,39,Austin,TX,2024-12-01,1.0,132.45,132.45,1,False
CUST02217,James Davis,james.davis@example.com,22,Denton,TX,2025-12-16,2.0,153.19,76.6,1,False
CUST02218,Mason Williams,mason.williams@example.com,21,Houston,TX,2023-04-19,0.0,0.0,0.0,1,False
CUST02219,Amelia Thomas,amelia.thomas@example.com,53,Denton,TX,2025-09-11,1.0,107.58,107.58,1,False
CUST02220,Emma Garcia,emma.garcia@example.com,23,Plano,TX,2023-01-24,1.0,39.63,39.63,1,False
CUST02221,Ethan Jones,ethan.jones@example.com,69,Fort Worth,TX,2023-08-09,1.0,57.64,57.64,1,False
CUST02222,Emma Garcia,emma.garcia@example.com,38,Houston,TX,2023-11-11,3.0,261.2,87.07,1,False
CUST02223,Henry Taylor,henry.taylor@example.com,30,Denton,TX,2023-10-21,3.0,101.98,33.99,1,False
CUST02224,Sophia Smith,sophia.smith@example.com,71,Fort Worth,TX,2025-10-30,1.0,28.89,28.89,1,False
CUST02225,Lucas Miller,lucas.miller@example.com,54,Houston,TX,2025-10-16,2.0,155.87,77.94,1,False
CUST02226,Mia Wilson,mia.wilson@example.com,72,Arlington,TX,2025-10-14,2.0,135.98,67.99,1,False
CUST02227,Liam Johnson,liam.johnson@example.com,42,Fort Worth,TX,2024-09-29,1.0,89.53,89.53,1,False
CUST02228,Harper Taylor,harper.taylor@example.com,43,Denton,TX,2023-09-24,1.0,48.99,48.99,1,False
CUST02229,James Jackson,james.jackson@example.com,72,Austin,TX,2023-03-29,1.0,12.33,12.33,1,False
CUST02230,James Jones,james.jones@example.com,56,Arlington,TX,2024-03-30,1.0,14.07,14.07,1,False
CUST02231,Harper Taylor,harper.taylor@example.com,37,Plano,TX,2026-03-17,3.0,502.61,167.54,1,False
CUST02232,Henry Brown,henry.brown@example.com,50,Houston,TX,2025-01-26,0.0,0.0,0.0,1,False
CUST02233,Olivia Garcia,olivia.garcia@example.com,31,Frisco,TX,2024-03-06,1.0,52.33,52.33,1,False
CUST02234,Amelia Garcia,amelia.garcia@example.com,73,Plano,TX,2025-06-29,4.0,370.14,92.54,1,False
CUST02235,Ethan Anderson,ethan.anderson@example.com,53,Fort Worth,TX,2023-08-30,0.0,0.0,0.0,1,False
CUST02236,Noah Johnson,noah.johnson@example.com,34,Arlington,TX,2024-12-02,1.0,38.12,38.12,1,False
CUST02237,Noah Johnson,noah.johnson@example.com,38,Plano,TX,2025-06-20,1.0,39.86,39.86,1,False
CUST02238,Noah Brown,noah.brown@example.com,63,Austin,TX,2025-01-10,2.0,208.93,104.46,1,False
CUST02239,Liam Smith,liam.smith@example.com,33,Frisco,TX,2023-03-07,0.0,0.0,0.0,1,False
CUST02240,Noah Wilson,noah.wilson@example.com,63,Fort Worth,TX,2025-08-29,1.0,97.27,97.27,1,False
CUST02241,Isabella Martin,isabella.martin@example.com,33,Arlington,TX,2024-01-13,2.0,127.35,63.68,1,False
CUST02242,Ava Martin,ava.martin@example.com,73,Plano,TX,2024-01-23,2.0,125.19,62.6,1,False
CUST02243,James Moore,james.moore@example.com,37,Arlington,TX,2025-02-19,0.0,0.0,0.0,1,False
CUST02244,Ethan Miller,ethan.miller@example.com,46,Arlington,TX,2023-07-28,1.0,81.63,81.63,1,False
CUST02245,Ava Thomas,ava.thomas@example.com,45,Plano,TX,2023-01-16,2.0,160.38,80.19,1,False
CUST02246,Lucas Miller,lucas.miller@example.com,25,Dallas,TX,2025-09-12,1.0,21.66,21.66,1,False
CUST02247,Ethan Jackson,ethan.jackson@example.com,41,Houston,TX,2026-05-28,0.0,0.0,0.0,1,False
CUST02248,Ava Williams,ava.williams@example.com,20,Denton,TX,2024-01-02,0.0,0.0,0.0,1,False
CUST02249,Ethan Jackson,ethan.jackson@example.com,42,Fort Worth,TX,2025-02-18,3.0,335.96,111.99,1,False
CUST02250,Lucas Anderson,lucas.anderson@example.com,36,Fort Worth,TX,2026-06-06,0.0,0.0,0.0,1,False
CUST02251,Mason Jackson,mason.jackson@example.com,50,Frisco,TX,2024-03-15,2.0,215.39,107.7,1,False
CUST02252,Isabella Thomas,isabella.thomas@example.com,19,Frisco,TX,2024-11-20,3.0,113.44,37.81,1,False
CUST02253,Liam Williams,liam.williams@example.com,32,Frisco,TX,2025-11-25,1.0,40.09,40.09,1,False
CUST02254,Liam Smith,liam.smith@example.com,39,Fort Worth,TX,2025-04-26,1.0,26.07,26.07,1,False
CUST02255,Henry Williams,henry.williams@example.com,27,Arlington,TX,2024-02-26,1.0,77.6,77.6,1,False
CUST02256,Harper Williams,harper.williams@example.com,35,Frisco,TX,2026-04-27,2.0,68.52,34.26,1,False
CUST02257,Amelia Brown,amelia.brown@example.com,39,Plano,TX,2026-04-16,2.0,144.81,72.4,1,False
CUST02258,James Brown,james.brown@example.com,63,Houston,TX,2024-08-30,1.0,21.03,21.03,1,False
CUST02259,Noah Williams,noah.williams@example.com,66,Austin,TX,2023-01-20,4.0,448.1,112.02,1,False
CUST02260,Isabella Taylor,isabella.taylor@example.com,44,Fort Worth,TX,2024-11-06,0.0,0.0,0.0,1,False
CUST02261,Emma Thomas,emma.thomas@example.com,30,Plano,TX,2024-01-17,2.0,231.83,115.92,1,False
CUST02262,Noah Davis,noah.davis@example.com,50,Houston,TX,2024-08-31,0.0,0.0,0.0,1,False
CUST02263,Amelia Davis,amelia.davis@example.com,22,Houston,TX,2023-05-23,2.0,128.33,64.16,1,False
CUST02264,James Moore,james.moore@example.com,43,Dallas,TX,2023-03-03,3.0,223.83,74.61,1,False
CUST02265,Sophia Moore,sophia.moore@example.com,30,Denton,TX,2026-06-19,2.0,120.83,60.42,1,False
CUST02266,Amelia Smith,amelia.smith@example.com,44,Plano,TX,2023-08-26,0.0,0.0,0.0,1,False
CUST02267,Isabella Miller,isabella.miller@example.com,74,Fort Worth,TX,2026-02-28,1.0,42.23,42.23,1,False
CUST02268,Ava Anderson,ava.anderson@example.com,31,Frisco,TX,2026-02-20,4.0,231.98,58.0,1,False
CUST02269,Ethan Johnson,ethan.johnson@example.com,41,Arlington,TX,2025-07-15,1.0,82.49,82.49,1,False
CUST02270,Harper Smith,harper.smith@example.com,20,Frisco,TX,2023-12-08,2.0,277.5,138.75,1,False
CUST02271,Harper Williams,harper.williams@example.com,64,Houston,TX,2024-03-30,4.0,358.45,89.61,1,False
CUST02272,Emma Brown,emma.brown@example.com,68,Houston,TX,2026-05-06,0.0,0.0,0.0,1,False
CUST02273,Isabella Moore,isabella.moore@example.com,66,Austin,TX,2023-10-09,5.0,262.78,52.56,1,False
CUST02274,Lucas Garcia,lucas.garcia@example.com,47,Frisco,TX,2025-06-04,0.0,0.0,0.0,1,False
CUST02275,Sophia Taylor,sophia.taylor@example.com,52,Denton,TX,2025-10-21,1.0,183.75,183.75,1,False
CUST02276,Lucas Martin,lucas.martin@example.com,65,Denton,TX,2024-12-23,2.0,242.14,121.07,1,False
CUST02277,Liam Jones,liam.jones@example.com,31,Dallas,TX,2026-05-20,2.0,186.57,93.28,1,False
CUST02278,Henry Jackson,henry.jackson@example.com,29,Denton,TX,2023-03-28,1.0,54.95,54.95,1,False
CUST02279,Liam Jackson,liam.jackson@example.com,45,Houston,TX,2024-10-26,2.0,71.26,35.63,1,False
CUST02280,Amelia Martin,amelia.martin@example.com,61,Houston,TX,2025-05-11,1.0,54.72,54.72,1,False
CUST02281,Noah Brown,noah.brown@example.com,46,Denton,TX,2023-03-02,2.0,71.53,35.76,1,False
CUST02282,Ava Davis,ava.davis@example.com,60,Arlington,TX,2025-03-07,2.0,161.26,80.63,1,False
CUST02283,Emma Anderson,emma.anderson@example.com,34,Arlington,TX,2023-04-05,0.0,0.0,0.0,1,False
CUST02284,Amelia Thomas,amelia.thomas@example.com,57,Denton,TX,2025-02-24,1.0,114.28,114.28,1,False
CUST02285,Mia Martin,mia.martin@example.com,66,Austin,TX,2026-03-16,0.0,0.0,0.0,1,False
CUST02286,Sophia Brown,sophia.brown@example.com,38,Plano,TX,2026-06-23,0.0,0.0,0.0,1,False
CUST02287,Harper Moore,harper.moore@example.com,74,Austin,TX,2025-08-18,2.0,198.73,99.36,1,False
CUST02288,Sophia Taylor,sophia.taylor@example.com,40,Austin,TX,2023-10-24,2.0,66.52,33.26,1,False
CUST02289,Amelia Thomas,amelia.thomas@example.com,37,Denton,TX,2026-02-20,1.0,172.33,172.33,1,False
CUST02290,Amelia Moore,amelia.moore@example.com,28,Arlington,TX,2024-11-24,0.0,0.0,0.0,1,False
CUST02291,Isabella Johnson,isabella.johnson@example.com,74,Frisco,TX,2024-02-03,1.0,261.73,261.73,-1,True
CUST02292,Noah Jackson,noah.jackson@example.com,74,Frisco,TX,2025-08-03,1.0,134.29,134.29,1,False
CUST02293,Liam Williams,liam.williams@example.com,51,Denton,TX,2026-06-08,1.0,60.36,60.36,1,False
CUST02294,Harper Garcia,harper.garcia@example.com,27,Frisco,TX,2024-06-17,2.0,74.27,37.14,1,False
CUST02295,Henry Davis,henry.davis@example.com,27,Plano,TX,2024-02-06,3.0,359.01,119.67,1,False
CUST02296,Noah Davis,noah.davis@example.com,60,Arlington,TX,2023-05-10,1.0,23.97,23.97,1,False
CUST02297,Ethan Jackson,ethan.jackson@example.com,23,Denton,TX,2023-10-19,0.0,0.0,0.0,1,False
CUST02298,Isabella Anderson,isabella.anderson@example.com,53,Dallas,TX,2023-10-03,1.0,60.82,60.82,1,False
CUST02299,Isabella Jackson,isabella.jackson@example.com,41,Fort Worth,TX,2025-06-30,1.0,33.91,33.91,1,False
CUST02300,Emma Wilson,emma.wilson@example.com,29,Fort Worth,TX,2025-07-14,1.0,107.9,107.9,1,False
CUST02301,Ava Miller,ava.miller@example.com,60,Denton,TX,2023-02-24,0.0,0.0,0.0,1,False
CUST02302,Henry Moore,henry.moore@example.com,72,Denton,TX,2025-01-08,1.0,128.5,128.5,1,False
CUST02303,James Johnson,james.johnson@example.com,40,Dallas,TX,2025-11-15,2.0,95.53,47.76,1,False
CUST02304,Mason Davis,mason.davis@example.com,44,Frisco,TX,2025-02-03,1.0,18.68,18.68,1,False
CUST02305,James Miller,james.miller@example.com,74,Fort Worth,TX,2026-05-05,1.0,29.66,29.66,1,False
CUST02306,Amelia Davis,amelia.davis@example.com,62,Plano,TX,2024-10-03,0.0,0.0,0.0,1,False
CUST02307,Olivia Thomas,olivia.thomas@example.com,54,Denton,TX,2026-06-20,1.0,78.31,78.31,1,False
CUST02308,Harper Williams,harper.williams@example.com,23,Arlington,TX,2024-12-24,1.0,28.88,28.88,1,False
CUST02309,Olivia Miller,olivia.miller@example.com,18,Fort Worth,TX,2026-04-28,0.0,0.0,0.0,1,False
CUST02310,Isabella Taylor,isabella.taylor@example.com,23,Plano,TX,2025-03-12,3.0,254.48,84.83,1,False
CUST02311,Noah Moore,noah.moore@example.com,67,Arlington,TX,2025-01-07,2.0,248.77,124.38,1,False
CUST02312,Ethan Wilson,ethan.wilson@example.com,39,Denton,TX,2025-01-27,0.0,0.0,0.0,1,False
CUST02313,Emma Williams,emma.williams@example.com,58,Plano,TX,2024-07-20,1.0,69.08,69.08,1,False
CUST02314,Mia Martin,mia.martin@example.com,41,Dallas,TX,2023-12-06,1.0,77.96,77.96,1,False
CUST02315,Olivia Taylor,olivia.taylor@example.com,42,Denton,TX,2023-06-02,1.0,57.67,57.67,1,False
CUST02316,Emma Garcia,emma.garcia@example.com,32,Austin,TX,2025-09-30,0.0,0.0,0.0,1,False
CUST02317,Isabella Johnson,isabella.johnson@example.com,43,Dallas,TX,2024-03-02,2.0,190.04,95.02,1,False
CUST02318,Ava Johnson,ava.johnson@example.com,25,Fort Worth,TX,2025-09-29,1.0,179.48,179.48,1,False
CUST02319,Lucas Jones,lucas.jones@example.com,68,Arlington,TX,2023-07-23,0.0,0.0,0.0,1,False
CUST02320,James Jones,james.jones@example.com,41,Plano,TX,2026-02-09,2.0,212.19,106.1,1,False
CUST02321,Ethan Moore,ethan.moore@example.com,65,Fort Worth,TX,2023-11-21,5.0,444.67,88.93,1,False
CUST02322,Harper Miller,harper.miller@example.com,55,Fort Worth,TX,2025-08-07,0.0,0.0,0.0,1,False
CUST02323,Liam Thomas,liam.thomas@example.com,23,Denton,TX,2025-08-08,0.0,0.0,0.0,1,False
CUST02324,Amelia Johnson,amelia.johnson@example.com,71,Austin,TX,2025-07-27,1.0,43.58,43.58,1,False
CUST02325,Emma Anderson,emma.anderson@example.com,52,Frisco,TX,2025-08-14,0.0,0.0,0.0,1,False
CUST02326,Ava Martin,ava.martin@example.com,59,Fort Worth,TX,2025-06-12,1.0,101.32,101.32,1,False
CUST02327,Mia Moore,mia.moore@example.com,18,Austin,TX,2024-03-10,1.0,19.94,19.94,1,False
CUST02328,Mason Miller,mason.miller@example.com,63,Arlington,TX,2024-01-06,4.0,539.12,134.78,-1,True
CUST02329,James Jones,james.jones@example.com,53,Arlington,TX,2025-07-21,0.0,0.0,0.0,1,False
CUST02330,Liam Martin,liam.martin@example.com,29,Plano,TX,2023-09-06,1.0,122.52,122.52,1,False
CUST02331,Harper Garcia,harper.garcia@example.com,55,Frisco,TX,2025-06-09,1.0,69.73,69.73,1,False
CUST02332,James Davis,james.davis@example.com,28,Austin,TX,2023-06-30,1.0,255.58,255.58,1,False
CUST02333,Isabella Taylor,isabella.taylor@example.com,29,Dallas,TX,2024-12-03,1.0,46.35,46.35,1,False
CUST02334,Mason Moore,mason.moore@example.com,59,Arlington,TX,2025-09-25,5.0,510.42,102.08,-1,True
CUST02335,James Martin,james.martin@example.com,67,Denton,TX,2023-03-19,1.0,56.89,56.89,1,False
CUST02336,Henry Thomas,henry.thomas@example.com,56,Frisco,TX,2025-07-07,2.0,74.84,37.42,1,False
CUST02337,Mia Brown,mia.brown@example.com,24,Plano,TX,2025-06-03,1.0,49.19,49.19,1,False
CUST02338,Ava Moore,ava.moore@example.com,28,Dallas,TX,2023-12-02,1.0,78.28,78.28,1,False
CUST02339,Amelia Miller,amelia.miller@example.com,53,Arlington,TX,2023-02-19,0.0,0.0,0.0,1,False
CUST02340,Olivia Garcia,olivia.garcia@example.com,69,Arlington,TX,2023-03-26,1.0,17.66,17.66,1,False
CUST02341,Mason Taylor,mason.taylor@example.com,48,Plano,TX,2024-11-25,2.0,109.38,54.69,1,False
CUST02342,Harper Johnson,harper.johnson@example.com,50,Plano,TX,2023-01-04,1.0,28.47,28.47,1,False
CUST02343,Isabella Jackson,isabella.jackson@example.com,30,Houston,TX,2025-09-19,0.0,0.0,0.0,1,False
CUST02344,Henry Davis,henry.davis@example.com,35,Denton,TX,2023-11-13,3.0,382.92,127.64,1,False
CUST02345,Liam Taylor,liam.taylor@example.com,58,Fort Worth,TX,2026-02-08,0.0,0.0,0.0,1,False
CUST02346,Noah Wilson,noah.wilson@example.com,73,Fort Worth,TX,2025-02-01,2.0,97.39,48.7,1,False
CUST02347,Sophia Jones,sophia.jones@example.com,41,Dallas,TX,2026-03-02,2.0,241.53,120.76,1,False
CUST02348,Emma Taylor,emma.taylor@example.com,26,Fort Worth,TX,2024-09-03,2.0,83.91,41.96,1,False
CUST02349,Amelia Brown,amelia.brown@example.com,48,Dallas,TX,2025-10-01,0.0,0.0,0.0,1,False
CUST02350,James Garcia,james.garcia@example.com,72,Frisco,TX,2025-07-02,3.0,287.94,95.98,1,False
CUST02351,Olivia Davis,olivia.davis@example.com,58,Arlington,TX,2025-03-09,1.0,55.94,55.94,1,False
CUST02352,Mason Anderson,mason.anderson@example.com,27,Houston,TX,2023-04-29,3.0,119.26,39.75,1,False
CUST02353,James Jackson,james.jackson@example.com,19,Houston,TX,2023-12-16,2.0,263.7,131.85,1,False
CUST02354,Lucas Williams,lucas.williams@example.com,55,Denton,TX,2025-07-05,2.0,226.07,113.04,1,False
CUST02355,Emma Taylor,emma.taylor@example.com,32,Denton,TX,2024-11-17,2.0,153.99,77.0,1,False
CUST02356,Noah Anderson,noah.anderson@example.com,20,Arlington,TX,2024-06-25,1.0,69.19,69.19,1,False
CUST02357,Henry Anderson,henry.anderson@example.com,60,Plano,TX,2025-12-14,2.0,159.57,79.78,1,False
CUST02358,Harper Smith,harper.smith@example.com,48,Denton,TX,2023-12-27,0.0,0.0,0.0,1,False
CUST02359,Mia Brown,mia.brown@example.com,23,Denton,TX,2024-12-08,3.0,202.43,67.48,1,False
CUST02360,Henry Jackson,henry.jackson@example.com,20,Austin,TX,2024-11-15,2.0,149.51,74.76,1,False
CUST02361,Henry Brown,henry.brown@example.com,73,Austin,TX,2023-11-26,1.0,16.45,16.45,1,False
CUST02362,Sophia Smith,sophia.smith@example.com,28,Fort Worth,TX,2023-08-07,1.0,86.14,86.14,1,False
CUST02363,Ava Wilson,ava.wilson@example.com,32,Plano,TX,2023-07-27,0.0,0.0,0.0,1,False
CUST02364,Henry Williams,henry.williams@example.com,62,Dallas,TX,2025-04-24,1.0,29.34,29.34,1,False
CUST02365,James Jones,james.jones@example.com,69,Frisco,TX,2023-03-26,0.0,0.0,0.0,1,False
CUST02366,Noah Garcia,noah.garcia@example.com,45,Houston,TX,2024-11-15,3.0,279.64,93.21,1,False
CUST02367,Noah Davis,noah.davis@example.com,27,Fort Worth,TX,2023-09-02,1.0,114.61,114.61,1,False
CUST02368,Mia Garcia,mia.garcia@example.com,55,Denton,TX,2025-05-21,3.0,432.3,144.1,1,False
CUST02369,Ethan Williams,ethan.williams@example.com,64,Arlington,TX,2025-10-19,1.0,60.34,60.34,1,False
CUST02370,Mia Garcia,mia.garcia@example.com,74,Plano,TX,2026-05-20,1.0,26.43,26.43,1,False
CUST02371,James Smith,james.smith@example.com,67,Denton,TX,2024-08-18,3.0,141.12,47.04,1,False
CUST02372,Harper Brown,harper.brown@example.com,67,Houston,TX,2024-11-15,1.0,45.41,45.41,1,False
CUST02373,Ethan Garcia,ethan.garcia@example.com,24,Dallas,TX,2026-04-21,1.0,54.38,54.38,1,False
CUST02374,Ethan Miller,ethan.miller@example.com,32,Dallas,TX,2026-03-02,1.0,21.69,21.69,1,False
CUST02375,Olivia Anderson,olivia.anderson@example.com,35,Austin,TX,2025-10-10,2.0,101.79,50.9,1,False
CUST02376,Olivia Moore,olivia.moore@example.com,35,Fort Worth,TX,2025-10-10,3.0,179.34,59.78,1,False
CUST02377,Liam Anderson,liam.anderson@example.com,69,Denton,TX,2023-12-16,4.0,427.26,106.82,1,False
CUST02378,Mason Taylor,mason.taylor@example.com,58,Arlington,TX,2023-10-09,0.0,0.0,0.0,1,False
CUST02379,Mason Williams,mason.williams@example.com,41,Houston,TX,2023-10-20,1.0,41.6,41.6,1,False
CUST02380,Isabella Wilson,isabella.wilson@example.com,19,Denton,TX,2026-05-05,1.0,38.68,38.68,1,False
CUST02381,Amelia Thomas,amelia.thomas@example.com,57,Frisco,TX,2025-09-10,2.0,183.46,91.73,1,False
CUST02382,Ava Thomas,ava.thomas@example.com,37,Dallas,TX,2023-01-20,1.0,157.32,157.32,1,False
CUST02383,Mason Miller,mason.miller@example.com,51,Denton,TX,2025-01-28,1.0,69.74,69.74,1,False
CUST02384,Olivia Martin,olivia.martin@example.com,60,Houston,TX,2024-02-09,2.0,107.32,53.66,1,False
CUST02385,Liam Smith,liam.smith@example.com,43,Arlington,TX,2026-02-12,2.0,156.2,78.1,1,False
CUST02386,Henry Johnson,henry.johnson@example.com,24,Houston,TX,2024-12-01,2.0,337.38,168.69,1,False
CUST02387,Liam Smith,liam.smith@example.com,55,Fort Worth,TX,2025-09-06,2.0,127.55,63.78,1,False
CUST02388,Henry Anderson,henry.anderson@example.com,47,Austin,TX,2023-01-26,1.0,20.68,20.68,1,False
CUST02389,Harper Wilson,harper.wilson@example.com,59,Houston,TX,2024-07-19,2.0,293.2,146.6,1,False
CUST02390,Harper Wilson,harper.wilson@example.com,22,Plano,TX,2024-01-30,2.0,172.5,86.25,1,False
CUST02391,Ethan Miller,ethan.miller@example.com,28,Denton,TX,2025-09-27,5.0,323.95,64.79,1,False
CUST02392,Isabella Taylor,isabella.taylor@example.com,18,Austin,TX,2024-06-06,0.0,0.0,0.0,1,False
CUST02393,Amelia Williams,amelia.williams@example.com,51,Arlington,TX,2025-05-11,4.0,482.69,120.67,1,False
CUST02394,Mia Moore,mia.moore@example.com,73,Austin,TX,2026-01-11,0.0,0.0,0.0,1,False
CUST02395,Ava Jackson,ava.jackson@example.com,18,Houston,TX,2025-03-12,2.0,81.5,40.75,1,False
CUST02396,James Jones,james.jones@example.com,36,Houston,TX,2024-07-03,3.0,390.02,130.01,1,False
CUST02397,Ethan Jackson,ethan.jackson@example.com,19,Plano,TX,2023-03-28,0.0,0.0,0.0,1,False
CUST02398,Mia Brown,mia.brown@example.com,38,Dallas,TX,2025-04-12,3.0,282.74,94.25,1,False
CUST02399,Mason Miller,mason.miller@example.com,37,Denton,TX,2024-01-22,2.0,211.19,105.6,1,False
CUST02400,Isabella Martin,isabella.martin@example.com,40,Plano,TX,2025-08-20,0.0,0.0,0.0,1,False
CUST02401,Ethan Wilson,ethan.wilson@example.com,38,Houston,TX,2024-10-29,1.0,47.73,47.73,1,False
CUST02402,Emma Thomas,emma.thomas@example.com,41,Frisco,TX,2023-10-13,0.0,0.0,0.0,1,False
CUST02403,Mason Johnson,mason.johnson@example.com,21,Austin,TX,2024-11-28,1.0,117.06,117.06,1,False
CUST02404,Mia Moore,mia.moore@example.com,29,Plano,TX,2025-08-22,1.0,41.09,41.09,1,False
CUST02405,Ava Davis,ava.davis@example.com,39,Plano,TX,2024-01-04,2.0,126.91,63.46,1,False
CUST02406,James Jackson,james.jackson@example.com,37,Denton,TX,2024-10-16,0.0,0.0,0.0,1,False
CUST02407,Mia Wilson,mia.wilson@example.com,35,Frisco,TX,2024-10-15,0.0,0.0,0.0,1,False
CUST02408,Henry Taylor,henry.taylor@example.com,18,Frisco,TX,2024-11-27,2.0,76.16,38.08,1,False
CUST02409,Harper Martin,harper.martin@example.com,47,Frisco,TX,2025-10-20,0.0,0.0,0.0,1,False
CUST02410,Ethan Taylor,ethan.taylor@example.com,50,Denton,TX,2025-07-03,1.0,15.73,15.73,1,False
CUST02411,Ethan Wilson,ethan.wilson@example.com,41,Dallas,TX,2023-10-15,1.0,58.36,58.36,1,False
CUST02412,James Martin,james.martin@example.com,31,Houston,TX,2023-04-05,1.0,89.77,89.77,1,False
CUST02413,Noah Taylor,noah.taylor@example.com,53,Houston,TX,2024-10-30,2.0,88.52,44.26,1,False
CUST02414,Ava Martin,ava.martin@example.com,22,Arlington,TX,2023-02-10,1.0,88.2,88.2,1,False
CUST02415,Lucas Miller,lucas.miller@example.com,28,Denton,TX,2023-11-27,4.0,168.6,42.15,1,False
CUST02416,Mason Jackson,mason.jackson@example.com,41,Dallas,TX,2026-03-24,1.0,45.32,45.32,1,False
CUST02417,Liam Wilson,liam.wilson@example.com,48,Arlington,TX,2024-05-18,0.0,0.0,0.0,1,False
CUST02418,James Wilson,james.wilson@example.com,72,Arlington,TX,2023-10-02,1.0,47.17,47.17,1,False
CUST02419,Ava Martin,ava.martin@example.com,30,Arlington,TX,2023-06-28,0.0,0.0,0.0,1,False
CUST02420,Liam Williams,liam.williams@example.com,33,Denton,TX,2023-05-17,1.0,67.45,67.45,1,False
CUST02421,Ava Brown,ava.brown@example.com,41,Fort Worth,TX,2025-02-05,1.0,70.18,70.18,1,False
CUST02422,Ava Johnson,ava.johnson@example.com,30,Arlington,TX,2025-09-14,2.0,153.99,77.0,1,False
CUST02423,Mia Taylor,mia.taylor@example.com,41,Plano,TX,2026-04-18,6.0,501.82,83.64,-1,True
CUST02424,Amelia Williams,amelia.williams@example.com,71,Austin,TX,2026-04-20,2.0,144.2,72.1,1,False
CUST02425,Henry Anderson,henry.anderson@example.com,43,Plano,TX,2023-08-31,2.0,92.06,46.03,1,False
CUST02426,Ava Anderson,ava.anderson@example.com,19,Plano,TX,2026-01-24,0.0,0.0,0.0,1,False
CUST02427,Amelia Jones,amelia.jones@example.com,33,Houston,TX,2023-07-16,1.0,16.09,16.09,1,False
CUST02428,Noah Jones,noah.jones@example.com,55,Fort Worth,TX,2024-06-09,2.0,254.14,127.07,1,False
CUST02429,Lucas Garcia,lucas.garcia@example.com,63,Denton,TX,2024-09-23,3.0,289.38,96.46,1,False
CUST02430,Ethan Moore,ethan.moore@example.com,18,Arlington,TX,2024-02-12,1.0,34.4,34.4,1,False
CUST02431,Sophia Miller,sophia.miller@example.com,66,Houston,TX,2026-04-09,3.0,249.86,83.29,1,False
CUST02432,Liam Miller,liam.miller@example.com,28,Dallas,TX,2024-11-21,3.0,169.35,56.45,1,False
CUST02433,Ethan Smith,ethan.smith@example.com,68,Dallas,TX,2023-06-19,2.0,199.3,99.65,1,False
CUST02434,Sophia Martin,sophia.martin@example.com,52,Denton,TX,2023-06-08,1.0,52.88,52.88,1,False
CUST02435,Lucas Johnson,lucas.johnson@example.com,60,Houston,TX,2024-03-22,4.0,497.56,124.39,1,False
CUST02436,Henry Thomas,henry.thomas@example.com,46,Austin,TX,2025-10-14,3.0,279.15,93.05,1,False
CUST02437,Lucas Wilson,lucas.wilson@example.com,54,Denton,TX,2026-01-10,3.0,146.81,48.94,1,False
CUST02438,Liam Taylor,liam.taylor@example.com,34,Houston,TX,2025-12-16,0.0,0.0,0.0,1,False
CUST02439,Harper Johnson,harper.johnson@example.com,71,Houston,TX,2023-04-22,2.0,105.82,52.91,1,False
CUST02440,Liam Garcia,liam.garcia@example.com,56,Fort Worth,TX,2023-02-17,2.0,135.75,67.88,1,False
CUST02441,Lucas Anderson,lucas.anderson@example.com,59,Denton,TX,2024-01-11,2.0,73.29,36.65,1,False
CUST02442,Sophia Anderson,sophia.anderson@example.com,45,Dallas,TX,2025-04-07,1.0,98.06,98.06,1,False
CUST02443,James Smith,james.smith@example.com,46,Dallas,TX,2023-02-02,1.0,36.18,36.18,1,False
CUST02444,Ava Williams,ava.williams@example.com,60,Arlington,TX,2024-05-18,0.0,0.0,0.0,1,False
CUST02445,Mason Johnson,mason.johnson@example.com,20,Plano,TX,2024-09-18,2.0,216.76,108.38,1,False
CUST02446,Isabella Williams,isabella.williams@example.com,69,Denton,TX,2025-10-23,1.0,73.12,73.12,1,False
CUST02447,Amelia Jones,amelia.jones@example.com,27,Houston,TX,2023-02-11,5.0,251.82,50.36,1,False
CUST02448,Emma Anderson,emma.anderson@example.com,59,Denton,TX,2023-01-09,0.0,0.0,0.0,1,False
CUST02449,Isabella Taylor,isabella.taylor@example.com,31,Houston,TX,2025-09-26,2.0,77.0,38.5,1,False
CUST02450,Ethan Garcia,ethan.garcia@example.com,29,Austin,TX,2025-03-29,4.0,547.33,136.83,-1,True
CUST02451,Mia Wilson,mia.wilson@example.com,64,Denton,TX,2024-10-18,1.0,184.21,184.21,1,False
CUST02452,Ethan Thomas,ethan.thomas@example.com,59,Frisco,TX,2026-03-11,2.0,98.38,49.19,1,False
CUST02453,Mia Anderson,mia.anderson@example.com,47,Frisco,TX,2025-02-28,1.0,86.33,86.33,1,False
CUST02454,Sophia Jackson,sophia.jackson@example.com,49,Dallas,TX,2025-11-16,2.0,124.74,62.37,1,False
CUST02455,Harper Jackson,harper.jackson@example.com,49,Austin,TX,2025-12-02,0.0,0.0,0.0,1,False
CUST02456,Mia Taylor,mia.taylor@example.com,59,Fort Worth,TX,2026-02-28,1.0,38.86,38.86,1,False
CUST02457,Liam Thomas,liam.thomas@example.com,49,Arlington,TX,2026-05-24,2.0,138.51,69.26,1,False
CUST02458,James Thomas,james.thomas@example.com,43,Austin,TX,2024-08-20,1.0,30.45,30.45,1,False
CUST02459,Mason Moore,mason.moore@example.com,68,Dallas,TX,2025-07-24,0.0,0.0,0.0,1,False
CUST02460,Mason Brown,mason.brown@example.com,18,Fort Worth,TX,2026-06-23,1.0,41.87,41.87,1,False
CUST02461,Liam Miller,liam.miller@example.com,73,Houston,TX,2025-10-08,2.0,88.06,44.03,1,False
CUST02462,James Garcia,james.garcia@example.com,59,Fort Worth,TX,2023-01-21,2.0,150.01,75.0,1,False
CUST02463,Henry Johnson,henry.johnson@example.com,19,Plano,TX,2025-09-25,0.0,0.0,0.0,1,False
CUST02464,Noah Taylor,noah.taylor@example.com,34,Denton,TX,2024-04-01,3.0,227.69,75.9,1,False
CUST02465,Henry Anderson,henry.anderson@example.com,47,Austin,TX,2025-10-10,0.0,0.0,0.0,1,False
CUST02466,Harper Anderson,harper.anderson@example.com,73,Dallas,TX,2023-09-22,1.0,68.35,68.35,1,False
CUST02467,Isabella Anderson,isabella.anderson@example.com,56,Austin,TX,2023-07-03,2.0,192.47,96.24,1,False
CUST02468,Harper Jackson,harper.jackson@example.com,24,Houston,TX,2023-08-15,1.0,209.35,209.35,1,False
CUST02469,Sophia Jackson,sophia.jackson@example.com,69,Frisco,TX,2026-06-23,3.0,111.87,37.29,1,False
CUST02470,Isabella Davis,isabella.davis@example.com,44,Houston,TX,2026-01-01,2.0,302.32,151.16,1,False
CUST02471,Noah Miller,noah.miller@example.com,26,Dallas,TX,2026-03-19,1.0,29.66,29.66,1,False
CUST02472,Noah Jackson,noah.jackson@example.com,39,Plano,TX,2025-12-28,1.0,130.78,130.78,1,False
CUST02473,Ethan Jackson,ethan.jackson@example.com,51,Arlington,TX,2025-08-26,3.0,313.1,104.37,1,False
CUST02474,Lucas Miller,lucas.miller@example.com,63,Denton,TX,2025-03-15,2.0,86.9,43.45,1,False
CUST02475,Ethan Martin,ethan.martin@example.com,66,Denton,TX,2026-06-07,1.0,112.86,112.86,1,False
CUST02476,Lucas Jackson,lucas.jackson@example.com,18,Fort Worth,TX,2024-12-23,1.0,25.5,25.5,1,False
CUST02477,Harper Davis,harper.davis@example.com,26,Fort Worth,TX,2025-12-31,1.0,71.3,71.3,1,False
CUST02478,Emma Thomas,emma.thomas@example.com,37,Houston,TX,2025-09-28,0.0,0.0,0.0,1,False
CUST02479,Harper Thomas,harper.thomas@example.com,70,Austin,TX,2025-05-24,2.0,361.7,180.85,1,False
CUST02480,Mia Moore,mia.moore@example.com,36,Frisco,TX,2023-03-25,3.0,106.15,35.38,1,False
CUST02481,James Martin,james.martin@example.com,53,Austin,TX,2025-01-09,1.0,121.16,121.16,1,False
CUST02482,Lucas Anderson,lucas.anderson@example.com,57,Plano,TX,2023-08-11,3.0,259.24,86.41,1,False
CUST02483,Henry Smith,henry.smith@example.com,62,Arlington,TX,2025-03-03,2.0,152.09,76.04,1,False
CUST02484,Isabella Jackson,isabella.jackson@example.com,21,Denton,TX,2025-01-02,1.0,79.65,79.65,1,False
CUST02485,Liam Moore,liam.moore@example.com,26,Austin,TX,2026-05-24,1.0,111.79,111.79,1,False
CUST02486,Ethan Smith,ethan.smith@example.com,58,Denton,TX,2026-06-08,1.0,26.82,26.82,1,False
CUST02487,James Davis,james.davis@example.com,39,Fort Worth,TX,2024-02-09,2.0,217.38,108.69,1,False
CUST02488,Sophia Brown,sophia.brown@example.com,35,Denton,TX,2026-04-07,0.0,0.0,0.0,1,False
CUST02489,James Jones,james.jones@example.com,29,Frisco,TX,2023-11-25,0.0,0.0,0.0,1,False
CUST02490,Amelia Davis,amelia.davis@example.com,59,Denton,TX,2024-03-01,2.0,114.54,57.27,1,False
CUST02491,Mia Jones,mia.jones@example.com,60,Austin,TX,2025-02-08,0.0,0.0,0.0,1,False
CUST02492,Amelia Taylor,amelia.taylor@example.com,56,Frisco,TX,2026-05-04,3.0,164.26,54.75,1,False
CUST02493,Emma Brown,emma.brown@example.com,26,Denton,TX,2024-08-30,3.0,192.94,64.31,1,False
CUST02494,Lucas Thomas,lucas.thomas@example.com,23,Arlington,TX,2024-06-09,3.0,175.64,58.55,1,False
CUST02495,Emma Garcia,emma.garcia@example.com,36,Fort Worth,TX,2024-09-16,1.0,93.24,93.24,1,False
CUST02496,Sophia Moore,sophia.moore@example.com,65,Denton,TX,2023-03-18,1.0,123.12,123.12,1,False
CUST02497,Henry Jackson,henry.jackson@example.com,64,Frisco,TX,2025-07-08,1.0,94.2,94.2,1,False
CUST02498,Noah Thomas,noah.thomas@example.com,24,Austin,TX,2025-08-03,1.0,79.75,79.75,1,False
CUST02499,Amelia Jones,amelia.jones@example.com,33,Fort Worth,TX,2024-04-10,3.0,211.7,70.57,1,False
CUST02500,Mason Martin,mason.martin@example.com,22,Houston,TX,2026-03-29,0.0,0.0,0.0,1,False
CUST02501,Amelia Miller,amelia.miller@example.com,33,Houston,TX,2024-05-06,1.0,149.11,149.11,1,False
CUST02502,Sophia Martin,sophia.martin@example.com,18,Plano,TX,2023-11-09,1.0,115.89,115.89,1,False
CUST02503,Olivia Taylor,olivia.taylor@example.com,68,Houston,TX,2026-03-30,0.0,0.0,0.0,1,False
CUST02504,Sophia Miller,sophia.miller@example.com,54,Austin,TX,2023-11-04,4.0,309.55,77.39,1,False
CUST02505,Emma Moore,emma.moore@example.com,56,Arlington,TX,2026-03-15,2.0,91.74,45.87,1,False
CUST02506,James Brown,james.brown@example.com,36,Fort Worth,TX,2024-11-21,2.0,270.36,135.18,1,False
CUST02507,Liam Thomas,liam.thomas@example.com,71,Frisco,TX,2023-03-30,1.0,231.47,231.47,1,False
CUST02508,Ethan Moore,ethan.moore@example.com,54,Dallas,TX,2025-01-04,0.0,0.0,0.0,1,False
CUST02509,Liam Jones,liam.jones@example.com,34,Houston,TX,2025-02-16,4.0,146.04,36.51,1,False
CUST02510,Emma Moore,emma.moore@example.com,43,Houston,TX,2025-01-20,2.0,116.76,58.38,1,False
CUST02511,Ethan Williams,ethan.williams@example.com,39,Dallas,TX,2024-01-06,2.0,39.12,19.56,1,False
CUST02512,Olivia Jackson,olivia.jackson@example.com,25,Frisco,TX,2024-03-26,5.0,258.99,51.8,1,False
CUST02513,Mason Brown,mason.brown@example.com,50,Frisco,TX,2023-06-16,0.0,0.0,0.0,1,False
CUST02514,Mia Jackson,mia.jackson@example.com,19,Dallas,TX,2024-01-27,3.0,302.42,100.81,1,False
CUST02515,Isabella Martin,isabella.martin@example.com,47,Frisco,TX,2025-01-05,1.0,21.41,21.41,1,False
CUST02516,Emma Brown,emma.brown@example.com,64,Austin,TX,2024-05-05,1.0,66.98,66.98,1,False
CUST02517,James Williams,james.williams@example.com,37,Frisco,TX,2025-07-13,2.0,237.35,118.68,1,False
CUST02518,Lucas Moore,lucas.moore@example.com,35,Fort Worth,TX,2026-03-19,0.0,0.0,0.0,1,False
CUST02519,Emma Taylor,emma.taylor@example.com,60,Frisco,TX,2025-12-02,1.0,70.37,70.37,1,False
CUST02520,Emma Jones,emma.jones@example.com,74,Denton,TX,2025-08-02,2.0,80.2,40.1,1,False
CUST02521,Amelia Jones,amelia.jones@example.com,27,Denton,TX,2023-01-29,1.0,77.53,77.53,1,False
CUST02522,Amelia Anderson,amelia.anderson@example.com,41,Houston,TX,2025-11-20,3.0,158.44,52.81,1,False
CUST02523,Ethan Miller,ethan.miller@example.com,73,Arlington,TX,2024-11-23,2.0,92.12,46.06,1,False
CUST02524,Harper Brown,harper.brown@example.com,21,Austin,TX,2023-05-08,1.0,57.37,57.37,1,False
CUST02525,Harper Moore,harper.moore@example.com,54,Austin,TX,2025-02-05,2.0,159.68,79.84,1,False
CUST02526,Ava Brown,ava.brown@example.com,21,Frisco,TX,2024-03-16,1.0,82.56,82.56,1,False
CUST02527,Sophia Wilson,sophia.wilson@example.com,30,Arlington,TX,2025-05-18,1.0,179.61,179.61,1,False
CUST02528,James Garcia,james.garcia@example.com,42,Arlington,TX,2024-06-07,3.0,321.01,107.0,1,False
CUST02529,Ava Jackson,ava.jackson@example.com,30,Plano,TX,2025-01-29,1.0,38.34,38.34,1,False
CUST02530,Henry Brown,henry.brown@example.com,35,Arlington,TX,2023-04-20,2.0,110.19,55.1,1,False
CUST02531,Olivia Johnson,olivia.johnson@example.com,41,Frisco,TX,2026-06-22,1.0,15.66,15.66,1,False
CUST02532,Harper Garcia,harper.garcia@example.com,19,Frisco,TX,2023-06-12,0.0,0.0,0.0,1,False
CUST02533,Lucas Johnson,lucas.johnson@example.com,65,Dallas,TX,2024-07-13,1.0,229.04,229.04,1,False
CUST02534,Amelia Jones,amelia.jones@example.com,50,Houston,TX,2024-02-03,3.0,260.81,86.94,1,False
CUST02535,Mason Garcia,mason.garcia@example.com,36,Denton,TX,2024-08-05,0.0,0.0,0.0,1,False
CUST02536,Noah Brown,noah.brown@example.com,26,Plano,TX,2024-02-03,2.0,166.11,83.06,1,False
CUST02537,Olivia Martin,olivia.martin@example.com,45,Frisco,TX,2023-08-27,3.0,181.79,60.6,1,False
CUST02538,Noah Moore,noah.moore@example.com,52,Dallas,TX,2025-11-21,0.0,0.0,0.0,1,False
CUST02539,James Williams,james.williams@example.com,74,Plano,TX,2026-02-20,3.0,359.5,119.83,1,False
CUST02540,James Miller,james.miller@example.com,56,Houston,TX,2023-04-20,1.0,57.78,57.78,1,False
CUST02541,Henry Johnson,henry.johnson@example.com,27,Plano,TX,2023-10-27,1.0,45.97,45.97,1,False
CUST02542,Noah Moore,noah.moore@example.com,18,Dallas,TX,2025-09-28,0.0,0.0,0.0,1,False
CUST02543,James Anderson,james.anderson@example.com,59,Fort Worth,TX,2025-02-02,1.0,98.29,98.29,1,False
CUST02544,Mason Martin,mason.martin@example.com,38,Denton,TX,2023-09-06,0.0,0.0,0.0,1,False
CUST02545,Liam Garcia,liam.garcia@example.com,26,Frisco,TX,2024-06-04,4.0,235.12,58.78,1,False
CUST02546,Ava Moore,ava.moore@example.com,64,Denton,TX,2023-02-03,3.0,104.36,34.79,1,False
CUST02547,Emma Brown,emma.brown@example.com,32,Houston,TX,2023-08-16,4.0,279.35,69.84,1,False
CUST02548,Mia Garcia,mia.garcia@example.com,52,Austin,TX,2024-08-07,2.0,146.28,73.14,1,False
CUST02549,Noah Brown,noah.brown@example.com,74,Houston,TX,2025-08-15,2.0,129.96,64.98,1,False
CUST02550,Lucas Brown,lucas.brown@example.com,22,Houston,TX,2025-03-23,0.0,0.0,0.0,1,False
CUST02551,Olivia Jackson,olivia.jackson@example.com,58,Houston,TX,2024-12-24,3.0,211.2,70.4,1,False
CUST02552,Liam Brown,liam.brown@example.com,39,Fort Worth,TX,2024-08-06,1.0,25.7,25.7,1,False
CUST02553,Noah Wilson,noah.wilson@example.com,58,Frisco,TX,2024-07-23,1.0,207.68,207.68,1,False
CUST02554,Liam Miller,liam.miller@example.com,40,Dallas,TX,2023-08-08,1.0,62.35,62.35,1,False
CUST02555,Harper Williams,harper.williams@example.com,24,Frisco,TX,2025-02-25,0.0,0.0,0.0,1,False
CUST02556,Liam Williams,liam.williams@example.com,73,Austin,TX,2024-06-11,1.0,62.54,62.54,1,False
CUST02557,Noah Garcia,noah.garcia@example.com,40,Dallas,TX,2023-03-16,3.0,277.31,92.44,1,False
CUST02558,Ethan Garcia,ethan.garcia@example.com,61,Plano,TX,2023-05-16,1.0,172.05,172.05,1,False
CUST02559,Sophia Brown,sophia.brown@example.com,42,Plano,TX,2023-03-15,0.0,0.0,0.0,1,False
CUST02560,Lucas Jackson,lucas.jackson@example.com,44,Plano,TX,2023-09-11,1.0,26.17,26.17,1,False
CUST02561,Emma Jackson,emma.jackson@example.com,58,Dallas,TX,2025-11-07,2.0,80.92,40.46,1,False
CUST02562,Emma Wilson,emma.wilson@example.com,23,Arlington,TX,2025-10-18,0.0,0.0,0.0,1,False
CUST02563,Lucas Brown,lucas.brown@example.com,72,Fort Worth,TX,2025-12-02,4.0,209.76,52.44,1,False
CUST02564,Ethan Wilson,ethan.wilson@example.com,51,Arlington,TX,2023-02-19,0.0,0.0,0.0,1,False
CUST02565,Amelia Brown,amelia.brown@example.com,26,Frisco,TX,2024-05-29,1.0,53.86,53.86,1,False
CUST02566,James Johnson,james.johnson@example.com,66,Plano,TX,2025-01-13,1.0,14.2,14.2,1,False
CUST02567,Emma Johnson,emma.johnson@example.com,50,Fort Worth,TX,2024-12-31,0.0,0.0,0.0,1,False
CUST02568,Amelia Jones,amelia.jones@example.com,68,Dallas,TX,2024-07-24,1.0,44.1,44.1,1,False
CUST02569,Liam Brown,liam.brown@example.com,23,Plano,TX,2024-07-29,3.0,151.0,50.33,1,False
CUST02570,Mason Miller,mason.miller@example.com,54,Dallas,TX,2026-03-11,2.0,141.6,70.8,1,False
CUST02571,Olivia Martin,olivia.martin@example.com,48,Fort Worth,TX,2025-06-21,2.0,96.08,48.04,1,False
CUST02572,Harper Anderson,harper.anderson@example.com,51,Dallas,TX,2023-07-21,1.0,64.83,64.83,1,False
CUST02573,Ava Jones,ava.jones@example.com,58,Dallas,TX,2023-07-26,0.0,0.0,0.0,1,False
CUST02574,Emma Garcia,emma.garcia@example.com,46,Austin,TX,2024-02-19,2.0,116.34,58.17,1,False
CUST02575,Lucas Taylor,lucas.taylor@example.com,31,Frisco,TX,2023-08-09,1.0,79.29,79.29,1,False
CUST02576,Mason Brown,mason.brown@example.com,53,Arlington,TX,2025-01-27,4.0,183.57,45.89,1,False
CUST02577,Noah Moore,noah.moore@example.com,53,Denton,TX,2026-01-09,3.0,227.16,75.72,1,False
CUST02578,Henry Thomas,henry.thomas@example.com,70,Arlington,TX,2025-02-01,1.0,36.08,36.08,1,False
CUST02579,Sophia Johnson,sophia.johnson@example.com,32,Arlington,TX,2024-07-16,1.0,28.46,28.46,1,False
CUST02580,Lucas Moore,lucas.moore@example.com,25,Houston,TX,2024-01-04,1.0,165.84,165.84,1,False
CUST02581,James Taylor,james.taylor@example.com,43,Austin,TX,2025-06-14,2.0,96.15,48.08,1,False
CUST02582,Henry Wilson,henry.wilson@example.com,53,Denton,TX,2023-07-23,2.0,375.36,187.68,1,False
CUST02583,Henry Taylor,henry.taylor@example.com,65,Plano,TX,2025-11-14,3.0,294.89,98.3,1,False
CUST02584,Liam Jackson,liam.jackson@example.com,38,Plano,TX,2025-08-14,0.0,0.0,0.0,1,False
CUST02585,Sophia Miller,sophia.miller@example.com,45,Plano,TX,2023-03-10,2.0,296.74,148.37,1,False
CUST02586,Olivia Brown,olivia.brown@example.com,21,Arlington,TX,2024-05-30,1.0,16.93,16.93,1,False
CUST02587,Olivia Williams,olivia.williams@example.com,33,Frisco,TX,2023-08-28,1.0,43.68,43.68,1,False
CUST02588,Ethan Taylor,ethan.taylor@example.com,39,Arlington,TX,2023-12-27,2.0,363.03,181.52,1,False
CUST02589,Amelia Martin,amelia.martin@example.com,29,Denton,TX,2025-11-20,4.0,300.17,75.04,1,False
CUST02590,Mia Jackson,mia.jackson@example.com,33,Frisco,TX,2024-12-07,6.0,734.26,122.38,-1,True
CUST02591,Henry Williams,henry.williams@example.com,68,Austin,TX,2024-11-20,2.0,266.48,133.24,1,False
CUST02592,Ethan Wilson,ethan.wilson@example.com,57,Frisco,TX,2024-10-18,0.0,0.0,0.0,1,False
CUST02593,James Jones,james.jones@example.com,55,Denton,TX,2023-12-10,2.0,115.53,57.76,1,False
CUST02594,Amelia Moore,amelia.moore@example.com,59,Dallas,TX,2024-06-19,1.0,40.75,40.75,1,False
CUST02595,Harper Jackson,harper.jackson@example.com,54,Arlington,TX,2023-12-21,7.0,242.41,34.63,-1,True
CUST02596,Henry Williams,henry.williams@example.com,46,Plano,TX,2025-07-16,2.0,162.1,81.05,1,False
CUST02597,Mason Jackson,mason.jackson@example.com,35,Dallas,TX,2025-09-09,1.0,112.47,112.47,1,False
CUST02598,Sophia Jones,sophia.jones@example.com,27,Arlington,TX,2023-04-15,0.0,0.0,0.0,1,False
CUST02599,Mia Johnson,mia.johnson@example.com,59,Fort Worth,TX,2025-08-19,2.0,71.07,35.53,1,False
CUST02600,Noah Anderson,noah.anderson@example.com,56,Houston,TX,2024-06-10,1.0,51.47,51.47,1,False
CUST02601,Liam Brown,liam.brown@example.com,35,Arlington,TX,2024-05-18,4.0,179.68,44.92,1,False
CUST02602,Sophia Taylor,sophia.taylor@example.com,18,Fort Worth,TX,2026-01-13,2.0,123.9,61.95,1,False
CUST02603,Ethan Johnson,ethan.johnson@example.com,56,Denton,TX,2025-07-19,4.0,409.92,102.48,1,False
CUST02604,Ava Johnson,ava.johnson@example.com,38,Austin,TX,2024-12-09,1.0,107.56,107.56,1,False
CUST02605,Isabella Thomas,isabella.thomas@example.com,18,Fort Worth,TX,2023-08-23,3.0,168.36,56.12,1,False
CUST02606,Mia Davis,mia.davis@example.com,32,Austin,TX,2025-10-26,4.0,362.45,90.61,1,False
CUST02607,Mia Smith,mia.smith@example.com,21,Arlington,TX,2024-05-08,2.0,78.67,39.34,1,False
CUST02608,James Martin,james.martin@example.com,37,Austin,TX,2025-05-27,3.0,257.44,85.81,1,False
CUST02609,Liam Miller,liam.miller@example.com,27,Fort Worth,TX,2026-05-08,0.0,0.0,0.0,1,False
CUST02610,Emma Jones,emma.jones@example.com,40,Frisco,TX,2025-08-24,1.0,91.23,91.23,1,False
CUST02611,Olivia Jackson,olivia.jackson@example.com,58,Houston,TX,2025-08-23,2.0,244.73,122.36,1,False
CUST02612,Olivia Anderson,olivia.anderson@example.com,51,Dallas,TX,2025-08-21,2.0,104.41,52.2,1,False
CUST02613,Harper Davis,harper.davis@example.com,63,Dallas,TX,2025-06-15,4.0,303.09,75.77,1,False
CUST02614,Ava Smith,ava.smith@example.com,65,Houston,TX,2023-08-05,3.0,334.76,111.59,1,False
CUST02615,Mason Anderson,mason.anderson@example.com,50,Plano,TX,2024-09-14,1.0,79.31,79.31,1,False
CUST02616,James Miller,james.miller@example.com,51,Dallas,TX,2023-12-19,1.0,81.82,81.82,1,False
CUST02617,Mason Jones,mason.jones@example.com,56,Denton,TX,2024-11-22,1.0,51.42,51.42,1,False
CUST02618,Noah Brown,noah.brown@example.com,27,Arlington,TX,2024-11-05,2.0,349.81,174.9,1,False
CUST02619,Amelia Miller,amelia.miller@example.com,71,Plano,TX,2024-09-22,2.0,199.8,99.9,1,False
CUST02620,Sophia Taylor,sophia.taylor@example.com,37,Arlington,TX,2023-11-21,3.0,131.32,43.77,1,False
CUST02621,Harper Jackson,harper.jackson@example.com,18,Fort Worth,TX,2025-06-19,4.0,279.09,69.77,1,False
CUST02622,Harper Johnson,harper.johnson@example.com,30,Denton,TX,2026-06-05,1.0,184.8,184.8,1,False
CUST02623,Isabella Thomas,isabella.thomas@example.com,18,Fort Worth,TX,2026-03-14,0.0,0.0,0.0,1,False
CUST02624,Lucas Jackson,lucas.jackson@example.com,22,Plano,TX,2023-11-04,3.0,154.17,51.39,1,False
CUST02625,Emma Smith,emma.smith@example.com,33,Plano,TX,2024-10-15,0.0,0.0,0.0,1,False
CUST02626,Ethan Smith,ethan.smith@example.com,32,Denton,TX,2023-10-12,1.0,22.06,22.06,1,False
CUST02627,Henry Anderson,henry.anderson@example.com,66,Denton,TX,2024-01-27,1.0,28.42,28.42,1,False
CUST02628,Lucas Thomas,lucas.thomas@example.com,45,Plano,TX,2023-12-26,0.0,0.0,0.0,1,False
CUST02629,Amelia Smith,amelia.smith@example.com,48,Plano,TX,2025-02-07,2.0,145.81,72.9,1,False
CUST02630,Lucas Jackson,lucas.jackson@example.com,40,Austin,TX,2025-03-07,0.0,0.0,0.0,1,False
CUST02631,James Thomas,james.thomas@example.com,65,Frisco,TX,2025-07-20,0.0,0.0,0.0,1,False
CUST02632,Henry Jones,henry.jones@example.com,62,Plano,TX,2023-06-14,1.0,96.33,96.33,1,False
CUST02633,Mia Taylor,mia.taylor@example.com,60,Denton,TX,2025-01-02,0.0,0.0,0.0,1,False
CUST02634,Ava Miller,ava.miller@example.com,34,Frisco,TX,2024-08-03,1.0,30.82,30.82,1,False
CUST02635,Olivia Johnson,olivia.johnson@example.com,66,Plano,TX,2025-03-31,2.0,157.39,78.69,1,False
CUST02636,Noah Taylor,noah.taylor@example.com,51,Fort Worth,TX,2026-06-01,0.0,0.0,0.0,1,False
CUST02637,Mason Davis,mason.davis@example.com,30,Arlington,TX,2023-05-04,0.0,0.0,0.0,1,False
CUST02638,Isabella Brown,isabella.brown@example.com,31,Frisco,TX,2023-12-10,0.0,0.0,0.0,1,False
CUST02639,James Thomas,james.thomas@example.com,28,Fort Worth,TX,2024-06-07,0.0,0.0,0.0,1,False
CUST02640,Ava Williams,ava.williams@example.com,45,Dallas,TX,2025-12-11,1.0,133.09,133.09,1,False
CUST02641,Mia Taylor,mia.taylor@example.com,59,Denton,TX,2023-05-09,4.0,234.75,58.69,1,False
CUST02642,Ethan Anderson,ethan.anderson@example.com,49,Austin,TX,2026-03-04,2.0,56.92,28.46,1,False
CUST02643,Noah Davis,noah.davis@example.com,52,Austin,TX,2024-10-18,2.0,65.45,32.72,1,False
CUST02644,James Johnson,james.johnson@example.com,48,Arlington,TX,2026-02-24,1.0,73.41,73.41,1,False
CUST02645,Mia Anderson,mia.anderson@example.com,34,Plano,TX,2025-01-07,1.0,82.79,82.79,1,False
CUST02646,Isabella Anderson,isabella.anderson@example.com,64,Fort Worth,TX,2025-07-27,0.0,0.0,0.0,1,False
CUST02647,Olivia Moore,olivia.moore@example.com,26,Dallas,TX,2023-03-12,1.0,82.18,82.18,1,False
CUST02648,Harper Williams,harper.williams@example.com,27,Fort Worth,TX,2023-09-30,3.0,332.2,110.73,1,False
CUST02649,Olivia Thomas,olivia.thomas@example.com,25,Denton,TX,2026-04-25,3.0,124.79,41.6,1,False
CUST02650,James Williams,james.williams@example.com,38,Denton,TX,2025-10-23,0.0,0.0,0.0,1,False
CUST02651,Olivia Taylor,olivia.taylor@example.com,30,Plano,TX,2023-01-22,1.0,49.67,49.67,1,False
CUST02652,Ava Anderson,ava.anderson@example.com,67,Plano,TX,2023-06-15,1.0,186.38,186.38,1,False
CUST02653,Ava Smith,ava.smith@example.com,22,Denton,TX,2025-05-24,0.0,0.0,0.0,1,False
CUST02654,Mason Garcia,mason.garcia@example.com,23,Houston,TX,2024-05-12,2.0,153.75,76.88,1,False
CUST02655,James Johnson,james.johnson@example.com,47,Denton,TX,2024-03-09,2.0,76.37,38.18,1,False
CUST02656,Mason Smith,mason.smith@example.com,48,Fort Worth,TX,2025-01-27,4.0,233.51,58.38,1,False
CUST02657,James Johnson,james.johnson@example.com,34,Arlington,TX,2023-08-22,1.0,38.68,38.68,1,False
CUST02658,Harper Thomas,harper.thomas@example.com,28,Fort Worth,TX,2025-04-16,0.0,0.0,0.0,1,False
CUST02659,Harper Garcia,harper.garcia@example.com,37,Austin,TX,2024-10-24,1.0,74.87,74.87,1,False
CUST02660,Ethan Martin,ethan.martin@example.com,65,Dallas,TX,2024-12-25,1.0,196.74,196.74,1,False
CUST02661,James Brown,james.brown@example.com,26,Frisco,TX,2024-01-11,0.0,0.0,0.0,1,False
CUST02662,Isabella Garcia,isabella.garcia@example.com,19,Arlington,TX,2024-12-30,2.0,189.81,94.9,1,False
CUST02663,Amelia Thomas,amelia.thomas@example.com,54,Houston,TX,2026-06-23,3.0,101.94,33.98,1,False
CUST02664,Noah Wilson,noah.wilson@example.com,18,Dallas,TX,2023-10-30,0.0,0.0,0.0,1,False
CUST02665,Liam Moore,liam.moore@example.com,21,Dallas,TX,2024-02-09,2.0,103.25,51.62,1,False
CUST02666,Henry Taylor,henry.taylor@example.com,53,Frisco,TX,2024-12-08,1.0,37.35,37.35,1,False
CUST02667,Liam Thomas,liam.thomas@example.com,71,Austin,TX,2025-07-05,0.0,0.0,0.0,1,False
CUST02668,Mia Taylor,mia.taylor@example.com,42,Austin,TX,2023-01-21,1.0,47.03,47.03,1,False
CUST02669,Harper Davis,harper.davis@example.com,20,Austin,TX,2023-09-14,1.0,33.38,33.38,1,False
CUST02670,Olivia Smith,olivia.smith@example.com,26,Arlington,TX,2024-02-03,0.0,0.0,0.0,1,False
CUST02671,Noah Moore,noah.moore@example.com,39,Fort Worth,TX,2023-02-20,1.0,26.68,26.68,1,False
CUST02672,Lucas Davis,lucas.davis@example.com,40,Dallas,TX,2024-03-22,2.0,113.36,56.68,1,False
CUST02673,Amelia Wilson,amelia.wilson@example.com,29,Fort Worth,TX,2025-04-06,0.0,0.0,0.0,1,False
CUST02674,Ava Garcia,ava.garcia@example.com,27,Fort Worth,TX,2024-08-17,2.0,103.35,51.68,1,False
CUST02675,Sophia Taylor,sophia.taylor@example.com,51,Austin,TX,2025-03-28,2.0,243.2,121.6,1,False
CUST02676,Emma Jackson,emma.jackson@example.com,60,Fort Worth,TX,2024-09-27,1.0,97.48,97.48,1,False
CUST02677,Ethan Jones,ethan.jones@example.com,27,Dallas,TX,2025-12-08,2.0,109.09,54.54,1,False
CUST02678,Olivia Garcia,olivia.garcia@example.com,47,Dallas,TX,2026-02-15,1.0,144.32,144.32,1,False
CUST02679,Olivia Moore,olivia.moore@example.com,39,Plano,TX,2025-02-13,1.0,178.88,178.88,1,False
CUST02680,Isabella Garcia,isabella.garcia@example.com,23,Houston,TX,2025-08-30,3.0,213.47,71.16,1,False
CUST02681,Olivia Wilson,olivia.wilson@example.com,67,Arlington,TX,2024-02-01,1.0,36.17,36.17,1,False
CUST02682,Ava Brown,ava.brown@example.com,19,Fort Worth,TX,2024-11-13,0.0,0.0,0.0,1,False
CUST02683,Ava Johnson,ava.johnson@example.com,47,Arlington,TX,2025-11-16,1.0,65.12,65.12,1,False
CUST02684,Emma Anderson,emma.anderson@example.com,19,Arlington,TX,2024-12-11,1.0,17.9,17.9,1,False
CUST02685,Henry Anderson,henry.anderson@example.com,49,Arlington,TX,2026-01-25,2.0,121.03,60.52,1,False
CUST02686,James Wilson,james.wilson@example.com,59,Frisco,TX,2024-06-12,1.0,90.44,90.44,1,False
CUST02687,Lucas Johnson,lucas.johnson@example.com,33,Denton,TX,2024-11-15,2.0,115.82,57.91,1,False
CUST02688,Noah Taylor,noah.taylor@example.com,29,Plano,TX,2024-09-04,3.0,184.53,61.51,1,False
CUST02689,Olivia Wilson,olivia.wilson@example.com,18,Arlington,TX,2023-07-05,0.0,0.0,0.0,1,False
CUST02690,Liam Johnson,liam.johnson@example.com,70,Denton,TX,2024-11-26,0.0,0.0,0.0,1,False
CUST02691,Mason Thomas,mason.thomas@example.com,25,Denton,TX,2023-08-03,1.0,21.69,21.69,1,False
CUST02692,Isabella Davis,isabella.davis@example.com,65,Plano,TX,2026-06-28,1.0,26.58,26.58,1,False
CUST02693,Isabella Wilson,isabella.wilson@example.com,67,Dallas,TX,2023-08-04,0.0,0.0,0.0,1,False
CUST02694,Henry Thomas,henry.thomas@example.com,30,Frisco,TX,2023-01-29,1.0,58.72,58.72,1,False
CUST02695,Liam Taylor,liam.taylor@example.com,32,Fort Worth,TX,2023-04-12,3.0,362.69,120.9,1,False
CUST02696,Mia Wilson,mia.wilson@example.com,70,Plano,TX,2023-05-03,0.0,0.0,0.0,1,False
CUST02697,Liam Taylor,liam.taylor@example.com,61,Houston,TX,2023-02-23,2.0,227.74,113.87,1,False
CUST02698,Amelia Wilson,amelia.wilson@example.com,25,Denton,TX,2026-02-14,0.0,0.0,0.0,1,False
CUST02699,Mia Johnson,mia.johnson@example.com,27,Arlington,TX,2024-09-07,2.0,216.58,108.29,1,False
CUST02700,Sophia Brown,sophia.brown@example.com,63,Denton,TX,2024-07-10,1.0,43.03,43.03,1,False
CUST02701,Harper Miller,harper.miller@example.com,22,Frisco,TX,2023-04-24,2.0,98.63,49.32,1,False
CUST02702,Mason Thomas,mason.thomas@example.com,67,Houston,TX,2025-05-04,2.0,170.37,85.18,1,False
CUST02703,Harper Johnson,harper.johnson@example.com,36,Dallas,TX,2024-11-06,3.0,188.64,62.88,1,False
CUST02704,Isabella Smith,isabella.smith@example.com,64,Dallas,TX,2025-09-03,2.0,157.45,78.72,1,False
CUST02705,Liam Williams,liam.williams@example.com,55,Austin,TX,2024-12-01,4.0,186.81,46.7,1,False
CUST02706,Sophia Thomas,sophia.thomas@example.com,28,Arlington,TX,2026-05-03,2.0,131.73,65.87,1,False
CUST02707,James Brown,james.brown@example.com,70,Austin,TX,2023-10-19,1.0,32.07,32.07,1,False
CUST02708,Ethan Davis,ethan.davis@example.com,60,Frisco,TX,2023-09-18,3.0,361.99,120.66,1,False
CUST02709,Noah Garcia,noah.garcia@example.com,37,Houston,TX,2026-05-15,4.0,186.03,46.51,1,False
CUST02710,Sophia Anderson,sophia.anderson@example.com,37,Denton,TX,2024-07-17,2.0,330.3,165.15,1,False
CUST02711,Henry Johnson,henry.johnson@example.com,38,Fort Worth,TX,2023-02-18,1.0,51.38,51.38,1,False
CUST02712,Amelia Jackson,amelia.jackson@example.com,35,Austin,TX,2025-10-26,3.0,229.2,76.4,1,False
CUST02713,Noah Wilson,noah.wilson@example.com,74,Dallas,TX,2024-01-14,1.0,99.54,99.54,1,False
CUST02714,Liam Martin,liam.martin@example.com,67,Arlington,TX,2023-08-12,2.0,222.15,111.08,1,False
CUST02715,Lucas Johnson,lucas.johnson@example.com,27,Denton,TX,2025-11-12,4.0,292.37,73.09,1,False
CUST02716,James Moore,james.moore@example.com,51,Houston,TX,2025-10-04,0.0,0.0,0.0,1,False
CUST02717,Sophia Jackson,sophia.jackson@example.com,43,Plano,TX,2024-10-18,0.0,0.0,0.0,1,False
CUST02718,Mason Thomas,mason.thomas@example.com,47,Frisco,TX,2023-04-20,2.0,212.83,106.42,1,False
CUST02719,Liam Jones,liam.jones@example.com,26,Frisco,TX,2024-12-24,2.0,93.04,46.52,1,False
CUST02720,Olivia Thomas,olivia.thomas@example.com,63,Dallas,TX,2024-07-06,2.0,149.19,74.6,1,False
CUST02721,Ava Brown,ava.brown@example.com,68,Plano,TX,2026-04-10,3.0,307.76,102.59,1,False
CUST02722,Sophia Moore,sophia.moore@example.com,48,Frisco,TX,2025-10-02,1.0,40.31,40.31,1,False
CUST02723,Mason Miller,mason.miller@example.com,59,Fort Worth,TX,2024-11-28,2.0,193.68,96.84,1,False
CUST02724,Amelia Davis,amelia.davis@example.com,72,Denton,TX,2024-12-26,0.0,0.0,0.0,1,False
CUST02725,Ethan Jones,ethan.jones@example.com,21,Arlington,TX,2023-11-02,0.0,0.0,0.0,1,False
CUST02726,Olivia Taylor,olivia.taylor@example.com,23,Denton,TX,2025-08-16,2.0,184.92,92.46,1,False
CUST02727,Harper Martin,harper.martin@example.com,31,Fort Worth,TX,2025-08-11,1.0,31.21,31.21,1,False
CUST02728,Ethan Martin,ethan.martin@example.com,21,Frisco,TX,2026-03-20,4.0,472.64,118.16,1,False
CUST02729,Harper Jones,harper.jones@example.com,43,Fort Worth,TX,2024-09-12,2.0,61.05,30.52,1,False
CUST02730,Liam Johnson,liam.johnson@example.com,64,Denton,TX,2024-09-21,1.0,100.44,100.44,1,False
CUST02731,Ava Davis,ava.davis@example.com,65,Frisco,TX,2025-05-26,0.0,0.0,0.0,1,False
CUST02732,Sophia Martin,sophia.martin@example.com,56,Arlington,TX,2024-07-09,2.0,299.92,149.96,1,False
CUST02733,Sophia Johnson,sophia.johnson@example.com,34,Arlington,TX,2023-03-08,2.0,76.6,38.3,1,False
CUST02734,Lucas Taylor,lucas.taylor@example.com,36,Plano,TX,2026-03-25,1.0,135.72,135.72,1,False
CUST02735,Isabella Thomas,isabella.thomas@example.com,68,Fort Worth,TX,2025-04-14,2.0,155.61,77.81,1,False
CUST02736,Lucas Garcia,lucas.garcia@example.com,66,Houston,TX,2023-07-25,1.0,71.64,71.64,1,False
CUST02737,Henry Davis,henry.davis@example.com,23,Plano,TX,2025-02-24,1.0,103.42,103.42,1,False
CUST02738,Liam Garcia,liam.garcia@example.com,46,Arlington,TX,2023-06-04,1.0,131.37,131.37,1,False
CUST02739,Liam Brown,liam.brown@example.com,28,Dallas,TX,2026-01-02,0.0,0.0,0.0,1,False
CUST02740,Ava Moore,ava.moore@example.com,33,Frisco,TX,2025-12-08,0.0,0.0,0.0,1,False
CUST02741,Lucas Brown,lucas.brown@example.com,47,Plano,TX,2025-02-21,3.0,104.85,34.95,1,False
CUST02742,Mason Garcia,mason.garcia@example.com,42,Austin,TX,2024-08-07,3.0,166.24,55.41,1,False
CUST02743,Harper Martin,harper.martin@example.com,57,Houston,TX,2024-12-08,1.0,29.36,29.36,1,False
CUST02744,Mason Jackson,mason.jackson@example.com,28,Frisco,TX,2023-06-28,0.0,0.0,0.0,1,False
CUST02745,Ava Moore,ava.moore@example.com,24,Plano,TX,2025-12-07,0.0,0.0,0.0,1,False
CUST02746,James Brown,james.brown@example.com,43,Arlington,TX,2025-12-31,3.0,110.22,36.74,1,False
CUST02747,Isabella Davis,isabella.davis@example.com,73,Denton,TX,2023-04-23,2.0,96.24,48.12,1,False
CUST02748,Mason Wilson,mason.wilson@example.com,39,Arlington,TX,2025-01-26,1.0,59.23,59.23,1,False
CUST02749,Mia Smith,mia.smith@example.com,42,Houston,TX,2025-06-15,1.0,42.05,42.05,1,False
CUST02750,Henry Moore,henry.moore@example.com,36,Austin,TX,2025-03-31,1.0,74.46,74.46,1,False
CUST02751,Noah Brown,noah.brown@example.com,48,Plano,TX,2023-06-08,3.0,294.04,98.01,1,False
CUST02752,Ava Brown,ava.brown@example.com,43,Denton,TX,2025-02-24,6.0,669.06,111.51,-1,True
CUST02753,Ava Johnson,ava.johnson@example.com,59,Plano,TX,2025-11-19,2.0,380.82,190.41,1,False
CUST02754,Emma Garcia,emma.garcia@example.com,58,Fort Worth,TX,2026-01-25,1.0,33.41,33.41,1,False
CUST02755,Harper Williams,harper.williams@example.com,53,Dallas,TX,2023-09-08,0.0,0.0,0.0,1,False
CUST02756,Henry Miller,henry.miller@example.com,40,Arlington,TX,2026-01-20,2.0,124.42,62.21,1,False
CUST02757,Olivia Moore,olivia.moore@example.com,64,Plano,TX,2023-04-23,0.0,0.0,0.0,1,False
CUST02758,Olivia Anderson,olivia.anderson@example.com,30,Plano,TX,2023-09-16,0.0,0.0,0.0,1,False
CUST02759,Mia Anderson,mia.anderson@example.com,42,Frisco,TX,2023-04-17,0.0,0.0,0.0,1,False
CUST02760,Lucas Jones,lucas.jones@example.com,19,Frisco,TX,2024-07-28,0.0,0.0,0.0,1,False
CUST02761,Henry Brown,henry.brown@example.com,19,Plano,TX,2025-09-17,1.0,9.69,9.69,1,False
CUST02762,James Jones,james.jones@example.com,33,Austin,TX,2026-05-07,0.0,0.0,0.0,1,False
CUST02763,Liam Davis,liam.davis@example.com,26,Dallas,TX,2024-03-02,3.0,123.42,41.14,1,False
CUST02764,Liam Williams,liam.williams@example.com,45,Plano,TX,2025-05-08,1.0,96.82,96.82,1,False
CUST02765,Ethan Martin,ethan.martin@example.com,30,Houston,TX,2025-07-06,2.0,63.23,31.62,1,False
CUST02766,Harper Miller,harper.miller@example.com,52,Arlington,TX,2026-02-17,5.0,577.71,115.54,-1,True
CUST02767,Mia Jackson,mia.jackson@example.com,58,Fort Worth,TX,2024-09-18,1.0,172.18,172.18,1,False
CUST02768,Ava Martin,ava.martin@example.com,30,Frisco,TX,2024-04-19,1.0,86.72,86.72,1,False
CUST02769,Mia Garcia,mia.garcia@example.com,48,Houston,TX,2024-07-05,4.0,185.07,46.27,1,False
CUST02770,Mia Thomas,mia.thomas@example.com,38,Arlington,TX,2023-12-10,5.0,300.23,60.05,1,False
CUST02771,Amelia Smith,amelia.smith@example.com,49,Denton,TX,2024-09-19,1.0,111.76,111.76,1,False
CUST02772,Mia Moore,mia.moore@example.com,71,Frisco,TX,2023-05-16,2.0,64.43,32.21,1,False
CUST02773,Olivia Miller,olivia.miller@example.com,51,Austin,TX,2023-10-04,0.0,0.0,0.0,1,False
CUST02774,Amelia Martin,amelia.martin@example.com,25,Frisco,TX,2023-01-31,2.0,271.81,135.9,1,False
CUST02775,Harper Moore,harper.moore@example.com,58,Dallas,TX,2023-09-04,0.0,0.0,0.0,1,False
CUST02776,Mia Miller,mia.miller@example.com,65,Dallas,TX,2024-02-15,1.0,45.83,45.83,1,False
CUST02777,Isabella Martin,isabella.martin@example.com,19,Arlington,TX,2023-01-27,1.0,149.08,149.08,1,False
CUST02778,Noah Jackson,noah.jackson@example.com,55,Houston,TX,2023-03-14,1.0,61.12,61.12,1,False
CUST02779,Liam Thomas,liam.thomas@example.com,49,Fort Worth,TX,2026-01-25,1.0,26.96,26.96,1,False
CUST02780,Amelia Smith,amelia.smith@example.com,71,Austin,TX,2024-11-03,1.0,30.24,30.24,1,False
CUST02781,Ethan Wilson,ethan.wilson@example.com,57,Arlington,TX,2024-04-20,1.0,37.96,37.96,1,False
CUST02782,Henry Garcia,henry.garcia@example.com,45,Denton,TX,2023-10-14,1.0,56.38,56.38,1,False
CUST02783,Noah Jackson,noah.jackson@example.com,54,Austin,TX,2023-07-31,2.0,340.73,170.36,1,False
CUST02784,Ethan Thomas,ethan.thomas@example.com,58,Dallas,TX,2026-01-04,0.0,0.0,0.0,1,False
CUST02785,Emma Johnson,emma.johnson@example.com,18,Plano,TX,2024-02-05,0.0,0.0,0.0,1,False
CUST02786,Ethan Jones,ethan.jones@example.com,58,Plano,TX,2024-10-16,3.0,176.27,58.76,1,False
CUST02787,Liam Moore,liam.moore@example.com,27,Fort Worth,TX,2025-11-23,1.0,84.48,84.48,1,False
CUST02788,Liam Anderson,liam.anderson@example.com,72,Austin,TX,2024-05-12,0.0,0.0,0.0,1,False
CUST02789,Amelia Brown,amelia.brown@example.com,21,Arlington,TX,2025-04-27,2.0,181.96,90.98,1,False
CUST02790,Mia Miller,mia.miller@example.com,52,Fort Worth,TX,2023-04-08,1.0,198.82,198.82,1,False
CUST02791,Sophia Davis,sophia.davis@example.com,27,Frisco,TX,2024-01-01,1.0,102.41,102.41,1,False
CUST02792,Emma Anderson,emma.anderson@example.com,64,Frisco,TX,2024-04-07,0.0,0.0,0.0,1,False
CUST02793,Amelia Martin,amelia.martin@example.com,28,Denton,TX,2023-01-28,1.0,84.91,84.91,1,False
CUST02794,Isabella Jackson,isabella.jackson@example.com,31,Houston,TX,2024-12-13,3.0,141.15,47.05,1,False
CUST02795,Ava Anderson,ava.anderson@example.com,55,Plano,TX,2023-09-30,1.0,49.22,49.22,1,False
CUST02796,Mason Smith,mason.smith@example.com,29,Arlington,TX,2025-04-05,3.0,222.56,74.19,1,False
CUST02797,Henry Jones,henry.jones@example.com,62,Austin,TX,2026-02-24,4.0,422.33,105.58,1,False
CUST02798,Ethan Jackson,ethan.jackson@example.com,34,Fort Worth,TX,2023-07-21,2.0,441.53,220.76,1,False
CUST02799,Sophia Williams,sophia.williams@example.com,33,Arlington,TX,2024-03-25,2.0,206.07,103.04,1,False
CUST02800,Mia Smith,mia.smith@example.com,52,Fort Worth,TX,2026-01-16,0.0,0.0,0.0,1,False
CUST02801,Olivia Thomas,olivia.thomas@example.com,19,Fort Worth,TX,2023-01-19,0.0,0.0,0.0,1,False
CUST02802,Harper Williams,harper.williams@example.com,28,Fort Worth,TX,2026-02-04,2.0,131.7,65.85,1,False
CUST02803,Ava Martin,ava.martin@example.com,58,Austin,TX,2023-11-07,3.0,150.09,50.03,1,False
CUST02804,James Garcia,james.garcia@example.com,20,Arlington,TX,2024-02-16,1.0,105.29,105.29,1,False
CUST02805,Lucas Martin,lucas.martin@example.com,46,Dallas,TX,2025-01-11,1.0,78.19,78.19,1,False
CUST02806,Sophia Miller,sophia.miller@example.com,35,Dallas,TX,2024-09-15,2.0,81.7,40.85,1,False
CUST02807,Harper Davis,harper.davis@example.com,37,Austin,TX,2025-01-01,1.0,71.55,71.55,1,False
CUST02808,Olivia Moore,olivia.moore@example.com,64,Frisco,TX,2024-09-26,3.0,263.98,87.99,1,False
CUST02809,Emma Anderson,emma.anderson@example.com,31,Austin,TX,2024-05-12,3.0,168.27,56.09,1,False
CUST02810,James Brown,james.brown@example.com,51,Plano,TX,2023-09-01,1.0,50.95,50.95,1,False
CUST02811,Amelia Williams,amelia.williams@example.com,66,Fort Worth,TX,2024-11-20,1.0,74.04,74.04,1,False
CUST02812,Mia Jones,mia.jones@example.com,71,Arlington,TX,2024-07-30,2.0,135.15,67.58,1,False
CUST02813,Ava Wilson,ava.wilson@example.com,48,Arlington,TX,2024-05-29,6.0,595.77,99.3,-1,True
CUST02814,Ava Moore,ava.moore@example.com,57,Houston,TX,2023-07-26,1.0,80.55,80.55,1,False
CUST02815,Ava Garcia,ava.garcia@example.com,59,Houston,TX,2025-08-05,0.0,0.0,0.0,1,False
CUST02816,Emma Jackson,emma.jackson@example.com,35,Denton,TX,2024-01-29,8.0,550.67,68.83,-1,True
CUST02817,James Wilson,james.wilson@example.com,47,Dallas,TX,2025-11-10,0.0,0.0,0.0,1,False
CUST02818,Ethan Jackson,ethan.jackson@example.com,42,Houston,TX,2024-12-18,2.0,171.37,85.68,1,False
CUST02819,Lucas Garcia,lucas.garcia@example.com,36,Houston,TX,2023-07-21,1.0,13.99,13.99,1,False
CUST02820,Isabella Johnson,isabella.johnson@example.com,25,Dallas,TX,2023-04-30,2.0,167.45,83.72,1,False
CUST02821,Emma Moore,emma.moore@example.com,45,Plano,TX,2024-01-24,1.0,162.92,162.92,1,False
CUST02822,Mason Jones,mason.jones@example.com,25,Frisco,TX,2023-08-22,2.0,149.71,74.86,1,False
CUST02823,Henry Thomas,henry.thomas@example.com,48,Dallas,TX,2024-08-24,1.0,90.17,90.17,1,False
CUST02824,Henry Anderson,henry.anderson@example.com,20,Frisco,TX,2024-12-12,0.0,0.0,0.0,1,False
CUST02825,Lucas Wilson,lucas.wilson@example.com,20,Denton,TX,2025-09-08,2.0,186.06,93.03,1,False
CUST02826,Liam Davis,liam.davis@example.com,61,Houston,TX,2026-04-18,1.0,67.76,67.76,1,False
CUST02827,Henry Miller,henry.miller@example.com,39,Arlington,TX,2025-05-06,1.0,77.3,77.3,1,False
CUST02828,Mia Smith,mia.smith@example.com,34,Houston,TX,2023-03-17,1.0,106.58,106.58,1,False
CUST02829,Emma Brown,emma.brown@example.com,53,Fort Worth,TX,2024-10-10,1.0,96.18,96.18,1,False
CUST02830,Olivia Thomas,olivia.thomas@example.com,34,Denton,TX,2024-10-11,0.0,0.0,0.0,1,False
CUST02831,Lucas Miller,lucas.miller@example.com,31,Frisco,TX,2024-05-10,1.0,19.91,19.91,1,False
CUST02832,Mason Anderson,mason.anderson@example.com,68,Frisco,TX,2026-05-09,1.0,88.11,88.11,1,False
CUST02833,Liam Miller,liam.miller@example.com,26,Fort Worth,TX,2025-04-09,0.0,0.0,0.0,1,False
CUST02834,Ethan Jackson,ethan.jackson@example.com,47,Fort Worth,TX,2024-04-27,1.0,105.4,105.4,1,False
CUST02835,James Garcia,james.garcia@example.com,38,Plano,TX,2026-05-27,1.0,48.91,48.91,1,False
CUST02836,Olivia Davis,olivia.davis@example.com,29,Austin,TX,2025-12-19,0.0,0.0,0.0,1,False
CUST02837,Amelia Anderson,amelia.anderson@example.com,54,Fort Worth,TX,2025-09-17,1.0,22.76,22.76,1,False
CUST02838,Lucas Moore,lucas.moore@example.com,49,Frisco,TX,2024-09-10,1.0,14.8,14.8,1,False
CUST02839,Mia Garcia,mia.garcia@example.com,28,Arlington,TX,2024-07-03,3.0,129.78,43.26,1,False
CUST02840,James Taylor,james.taylor@example.com,37,Frisco,TX,2024-10-07,1.0,15.18,15.18,1,False
CUST02841,Olivia Williams,olivia.williams@example.com,52,Frisco,TX,2026-05-29,2.0,133.31,66.66,1,False
CUST02842,Liam Brown,liam.brown@example.com,70,Plano,TX,2024-05-16,2.0,196.6,98.3,1,False
CUST02843,Olivia Martin,olivia.martin@example.com,64,Austin,TX,2026-03-02,0.0,0.0,0.0,1,False
CUST02844,Harper Williams,harper.williams@example.com,63,Austin,TX,2025-04-25,2.0,77.67,38.84,1,False
CUST02845,James Smith,james.smith@example.com,28,Fort Worth,TX,2023-02-22,2.0,76.66,38.33,1,False
CUST02846,Noah Jackson,noah.jackson@example.com,69,Denton,TX,2024-03-25,0.0,0.0,0.0,1,False
CUST02847,Harper Taylor,harper.taylor@example.com,25,Houston,TX,2023-03-03,2.0,219.95,109.98,1,False
CUST02848,Isabella Jones,isabella.jones@example.com,21,Frisco,TX,2025-11-12,2.0,112.9,56.45,1,False
CUST02849,Sophia Jackson,sophia.jackson@example.com,44,Dallas,TX,2023-02-13,3.0,184.6,61.53,1,False
CUST02850,Ethan Smith,ethan.smith@example.com,61,Houston,TX,2025-03-30,2.0,55.98,27.99,1,False
CUST02851,Henry Smith,henry.smith@example.com,57,Houston,TX,2024-10-20,1.0,66.78,66.78,1,False
CUST02852,Liam Johnson,liam.johnson@example.com,55,Austin,TX,2024-12-28,1.0,122.48,122.48,1,False
CUST02853,James Moore,james.moore@example.com,64,Austin,TX,2025-05-01,2.0,186.37,93.18,1,False
CUST02854,Isabella Brown,isabella.brown@example.com,47,Plano,TX,2023-02-16,5.0,510.97,102.19,-1,True
CUST02855,Isabella Garcia,isabella.garcia@example.com,61,Plano,TX,2025-03-30,0.0,0.0,0.0,1,False
CUST02856,Amelia Davis,amelia.davis@example.com,65,Austin,TX,2025-11-13,2.0,163.41,81.7,1,False
CUST02857,Olivia Moore,olivia.moore@example.com,65,Arlington,TX,2023-03-30,2.0,129.52,64.76,1,False
CUST02858,Sophia Williams,sophia.williams@example.com,44,Arlington,TX,2026-04-12,1.0,338.22,338.22,-1,True
CUST02859,Isabella Smith,isabella.smith@example.com,38,Dallas,TX,2026-02-16,0.0,0.0,0.0,1,False
CUST02860,Sophia Williams,sophia.williams@example.com,69,Austin,TX,2025-01-04,3.0,184.58,61.53,1,False
CUST02861,Harper Thomas,harper.thomas@example.com,37,Fort Worth,TX,2023-06-27,1.0,114.56,114.56,1,False
CUST02862,Olivia Williams,olivia.williams@example.com,21,Plano,TX,2025-10-15,0.0,0.0,0.0,1,False
CUST02863,James Jones,james.jones@example.com,28,Austin,TX,2025-12-18,1.0,274.21,274.21,1,False
CUST02864,Harper Anderson,harper.anderson@example.com,30,Arlington,TX,2025-06-19,4.0,146.34,36.58,1,False
CUST02865,Mia Thomas,mia.thomas@example.com,26,Austin,TX,2024-03-13,2.0,78.82,39.41,1,False
CUST02866,Noah Thomas,noah.thomas@example.com,21,Arlington,TX,2024-03-01,3.0,801.43,267.14,-1,True
CUST02867,Isabella Brown,isabella.brown@example.com,29,Austin,TX,2025-08-25,3.0,220.42,73.47,1,False
CUST02868,Emma Moore,emma.moore@example.com,26,Frisco,TX,2024-04-30,1.0,14.68,14.68,1,False
CUST02869,Harper Brown,harper.brown@example.com,30,Fort Worth,TX,2026-04-23,0.0,0.0,0.0,1,False
CUST02870,Noah Wilson,noah.wilson@example.com,65,Denton,TX,2024-04-04,0.0,0.0,0.0,1,False
CUST02871,Olivia Miller,olivia.miller@example.com,43,Dallas,TX,2025-07-09,0.0,0.0,0.0,1,False
CUST02872,Amelia Brown,amelia.brown@example.com,55,Frisco,TX,2026-01-30,2.0,232.09,116.04,1,False
CUST02873,Ethan Williams,ethan.williams@example.com,59,Fort Worth,TX,2025-11-04,0.0,0.0,0.0,1,False
CUST02874,Emma Garcia,emma.garcia@example.com,30,Arlington,TX,2025-01-17,1.0,47.26,47.26,1,False
CUST02875,Liam Williams,liam.williams@example.com,56,Plano,TX,2023-02-20,0.0,0.0,0.0,1,False
CUST02876,Henry Garcia,henry.garcia@example.com,45,Plano,TX,2023-11-05,1.0,21.22,21.22,1,False
CUST02877,Amelia Anderson,amelia.anderson@example.com,36,Houston,TX,2025-11-23,2.0,99.02,49.51,1,False
CUST02878,Noah Moore,noah.moore@example.com,41,Fort Worth,TX,2025-10-01,0.0,0.0,0.0,1,False
CUST02879,Olivia Anderson,olivia.anderson@example.com,36,Austin,TX,2024-09-26,1.0,46.99,46.99,1,False
CUST02880,Noah Moore,noah.moore@example.com,66,Dallas,TX,2023-07-24,0.0,0.0,0.0,1,False
CUST02881,Henry Moore,henry.moore@example.com,30,Austin,TX,2025-01-09,0.0,0.0,0.0,1,False
CUST02882,Isabella Thomas,isabella.thomas@example.com,30,Austin,TX,2025-12-29,1.0,79.68,79.68,1,False
CUST02883,Amelia Wilson,amelia.wilson@example.com,45,Fort Worth,TX,2026-06-07,2.0,141.46,70.73,1,False
CUST02884,Harper Garcia,harper.garcia@example.com,70,Denton,TX,2024-06-16,4.0,208.87,52.22,1,False
CUST02885,James Thomas,james.thomas@example.com,19,Dallas,TX,2023-04-18,2.0,101.51,50.76,1,False
CUST02886,Emma Brown,emma.brown@example.com,27,Houston,TX,2025-05-25,0.0,0.0,0.0,1,False
CUST02887,Mason Jackson,mason.jackson@example.com,39,Frisco,TX,2026-06-18,1.0,44.66,44.66,1,False
CUST02888,Lucas Jones,lucas.jones@example.com,30,Austin,TX,2023-09-08,3.0,173.35,57.78,1,False
CUST02889,Noah Moore,noah.moore@example.com,26,Dallas,TX,2023-05-15,1.0,67.79,67.79,1,False
CUST02890,Henry Garcia,henry.garcia@example.com,50,Houston,TX,2026-01-18,1.0,67.3,67.3,1,False
CUST02891,Liam Anderson,liam.anderson@example.com,31,Frisco,TX,2024-11-19,0.0,0.0,0.0,1,False
CUST02892,Liam Williams,liam.williams@example.com,65,Austin,TX,2024-02-11,2.0,173.61,86.8,1,False
CUST02893,Ava Davis,ava.davis@example.com,37,Dallas,TX,2023-04-12,0.0,0.0,0.0,1,False
CUST02894,Amelia Brown,amelia.brown@example.com,32,Frisco,TX,2024-11-23,1.0,61.56,61.56,1,False
CUST02895,Noah Davis,noah.davis@example.com,49,Fort Worth,TX,2026-03-15,3.0,230.52,76.84,1,False
CUST02896,Lucas Taylor,lucas.taylor@example.com,50,Denton,TX,2024-02-08,0.0,0.0,0.0,1,False
CUST02897,Mia Taylor,mia.taylor@example.com,34,Plano,TX,2025-03-24,1.0,109.73,109.73,1,False
CUST02898,Henry Williams,henry.williams@example.com,41,Plano,TX,2025-10-22,1.0,38.01,38.01,1,False
CUST02899,Isabella Taylor,isabella.taylor@example.com,47,Austin,TX,2026-02-16,2.0,113.31,56.66,1,False
CUST02900,Sophia Miller,sophia.miller@example.com,30,Austin,TX,2025-05-04,1.0,54.07,54.07,1,False
CUST02901,Harper Anderson,harper.anderson@example.com,64,Frisco,TX,2026-04-29,1.0,106.92,106.92,1,False
CUST02902,James Moore,james.moore@example.com,65,Dallas,TX,2025-10-23,4.0,125.48,31.37,1,False
CUST02903,Lucas Thomas,lucas.thomas@example.com,33,Plano,TX,2025-07-30,1.0,112.73,112.73,1,False
CUST02904,Sophia Wilson,sophia.wilson@example.com,19,Austin,TX,2025-10-17,1.0,51.36,51.36,1,False
CUST02905,Amelia Brown,amelia.brown@example.com,34,Houston,TX,2023-06-26,1.0,20.6,20.6,1,False
CUST02906,Harper Davis,harper.davis@example.com,49,Austin,TX,2025-05-22,2.0,148.98,74.49,1,False
CUST02907,Sophia Williams,sophia.williams@example.com,60,Plano,TX,2024-04-21,2.0,231.41,115.7,1,False
CUST02908,Harper Miller,harper.miller@example.com,25,Arlington,TX,2024-02-02,0.0,0.0,0.0,1,False
CUST02909,Mason Williams,mason.williams@example.com,69,Denton,TX,2023-08-08,1.0,152.87,152.87,1,False
CUST02910,Ava Thomas,ava.thomas@example.com,20,Plano,TX,2023-06-22,1.0,57.52,57.52,1,False
CUST02911,Lucas Jackson,lucas.jackson@example.com,29,Houston,TX,2025-01-05,4.0,184.82,46.2,1,False
CUST02912,Amelia Jackson,amelia.jackson@example.com,37,Dallas,TX,2024-05-16,4.0,282.33,70.58,1,False
CUST02913,Lucas Miller,lucas.miller@example.com,33,Houston,TX,2025-01-30,2.0,82.82,41.41,1,False
CUST02914,Mason Martin,mason.martin@example.com,31,Arlington,TX,2023-05-11,0.0,0.0,0.0,1,False
CUST02915,Noah Anderson,noah.anderson@example.com,33,Arlington,TX,2026-02-10,0.0,0.0,0.0,1,False
CUST02916,Noah Taylor,noah.taylor@example.com,70,Austin,TX,2025-03-08,0.0,0.0,0.0,1,False
CUST02917,Noah Taylor,noah.taylor@example.com,66,Austin,TX,2025-03-09,1.0,246.57,246.57,1,False
CUST02918,Ethan Anderson,ethan.anderson@example.com,60,Plano,TX,2025-07-18,3.0,284.86,94.95,1,False
CUST02919,Sophia Anderson,sophia.anderson@example.com,66,Fort Worth,TX,2024-12-23,1.0,14.43,14.43,1,False
CUST02920,Ethan Garcia,ethan.garcia@example.com,68,Denton,TX,2025-11-09,1.0,51.49,51.49,1,False
CUST02921,Ava Johnson,ava.johnson@example.com,71,Houston,TX,2023-08-03,1.0,70.33,70.33,1,False
CUST02922,James Anderson,james.anderson@example.com,50,Plano,TX,2026-06-28,2.0,83.33,41.66,1,False
CUST02923,Mason Williams,mason.williams@example.com,47,Fort Worth,TX,2024-05-02,1.0,98.62,98.62,1,False
CUST02924,Amelia Garcia,amelia.garcia@example.com,29,Plano,TX,2026-05-02,3.0,175.17,58.39,1,False
CUST02925,Lucas Martin,lucas.martin@example.com,32,Denton,TX,2023-11-09,2.0,171.0,85.5,1,False
CUST02926,Harper Brown,harper.brown@example.com,35,Denton,TX,2023-03-20,3.0,145.44,48.48,1,False
CUST02927,Isabella Garcia,isabella.garcia@example.com,45,Arlington,TX,2023-06-29,1.0,55.26,55.26,1,False
CUST02928,Amelia Smith,amelia.smith@example.com,40,Austin,TX,2025-09-30,1.0,48.04,48.04,1,False
CUST02929,Sophia Taylor,sophia.taylor@example.com,31,Austin,TX,2024-11-05,0.0,0.0,0.0,1,False
CUST02930,Ethan Thomas,ethan.thomas@example.com,47,Denton,TX,2023-01-14,1.0,107.04,107.04,1,False
CUST02931,Ethan Smith,ethan.smith@example.com,50,Plano,TX,2025-05-08,2.0,25.88,12.94,1,False
CUST02932,Olivia Williams,olivia.williams@example.com,62,Denton,TX,2023-09-03,2.0,62.14,31.07,1,False
CUST02933,Ethan Davis,ethan.davis@example.com,32,Austin,TX,2025-11-03,0.0,0.0,0.0,1,False
CUST02934,James Davis,james.davis@example.com,24,Dallas,TX,2023-04-09,4.0,277.73,69.43,1,False
CUST02935,Mia Anderson,mia.anderson@example.com,32,Plano,TX,2023-02-02,1.0,80.85,80.85,1,False
CUST02936,Lucas Brown,lucas.brown@example.com,69,Arlington,TX,2023-09-14,0.0,0.0,0.0,1,False
CUST02937,Mia Garcia,mia.garcia@example.com,59,Frisco,TX,2023-02-03,4.0,394.93,98.73,1,False
CUST02938,Harper Jackson,harper.jackson@example.com,63,Plano,TX,2023-01-19,2.0,135.17,67.58,1,False
CUST02939,Lucas Davis,lucas.davis@example.com,55,Plano,TX,2024-08-11,2.0,205.35,102.68,1,False
CUST02940,Mason Miller,mason.miller@example.com,63,Austin,TX,2023-05-17,3.0,177.13,59.04,1,False
CUST02941,Lucas Anderson,lucas.anderson@example.com,73,Arlington,TX,2023-12-25,2.0,113.36,56.68,1,False
CUST02942,Mia Miller,mia.miller@example.com,74,Plano,TX,2025-01-23,1.0,32.21,32.21,1,False
CUST02943,Amelia Moore,amelia.moore@example.com,71,Austin,TX,2026-02-13,2.0,65.96,32.98,1,False
CUST02944,Lucas Brown,lucas.brown@example.com,61,Denton,TX,2024-02-08,1.0,99.4,99.4,1,False
CUST02945,Mason Wilson,mason.wilson@example.com,28,Houston,TX,2026-05-10,2.0,101.52,50.76,1,False
CUST02946,Mason Thomas,mason.thomas@example.com,46,Arlington,TX,2023-09-07,2.0,83.4,41.7,1,False
CUST02947,Ava Taylor,ava.taylor@example.com,48,Fort Worth,TX,2024-03-21,1.0,28.35,28.35,1,False
CUST02948,Lucas Garcia,lucas.garcia@example.com,42,Dallas,TX,2025-08-11,1.0,70.42,70.42,1,False
CUST02949,Isabella Martin,isabella.martin@example.com,69,Fort Worth,TX,2023-10-05,2.0,155.54,77.77,1,False
CUST02950,Olivia Thomas,olivia.thomas@example.com,71,Frisco,TX,2023-04-22,0.0,0.0,0.0,1,False
CUST02951,Noah Anderson,noah.anderson@example.com,41,Denton,TX,2025-01-15,1.0,52.13,52.13,1,False
CUST02952,Liam Williams,liam.williams@example.com,74,Arlington,TX,2024-11-18,0.0,0.0,0.0,1,False
CUST02953,Mason Jones,mason.jones@example.com,36,Plano,TX,2024-01-27,0.0,0.0,0.0,1,False
CUST02954,Emma Jones,emma.jones@example.com,19,Austin,TX,2025-08-26,0.0,0.0,0.0,1,False
CUST02955,Noah Martin,noah.martin@example.com,39,Frisco,TX,2023-05-23,1.0,18.32,18.32,1,False
CUST02956,James Jones,james.jones@example.com,37,Arlington,TX,2025-11-21,1.0,88.75,88.75,1,False
CUST02957,Sophia Davis,sophia.davis@example.com,50,Dallas,TX,2023-06-30,0.0,0.0,0.0,1,False
CUST02958,Lucas Wilson,lucas.wilson@example.com,25,Arlington,TX,2024-08-01,2.0,102.68,51.34,1,False
CUST02959,Mia Moore,mia.moore@example.com,42,Frisco,TX,2025-03-08,2.0,139.92,69.96,1,False
CUST02960,Liam Wilson,liam.wilson@example.com,63,Austin,TX,2023-09-26,3.0,243.66,81.22,1,False
CUST02961,Emma Moore,emma.moore@example.com,26,Fort Worth,TX,2026-06-13,1.0,47.12,47.12,1,False
CUST02962,Noah Garcia,noah.garcia@example.com,51,Houston,TX,2024-07-06,0.0,0.0,0.0,1,False
CUST02963,Lucas Garcia,lucas.garcia@example.com,74,Fort Worth,TX,2024-09-24,3.0,171.58,57.19,1,False
CUST02964,Ava Wilson,ava.wilson@example.com,40,Austin,TX,2023-10-02,3.0,376.53,125.51,1,False
CUST02965,Sophia Brown,sophia.brown@example.com,22,Frisco,TX,2025-01-12,3.0,163.83,54.61,1,False
CUST02966,Liam Garcia,liam.garcia@example.com,72,Austin,TX,2023-03-27,2.0,163.1,81.55,1,False
CUST02967,Olivia Brown,olivia.brown@example.com,42,Denton,TX,2025-12-22,0.0,0.0,0.0,1,False
CUST02968,Harper Anderson,harper.anderson@example.com,25,Dallas,TX,2024-02-08,4.0,196.73,49.18,1,False
CUST02969,Ava Smith,ava.smith@example.com,33,Arlington,TX,2023-07-11,1.0,80.86,80.86,1,False
CUST02970,Emma Miller,emma.miller@example.com,71,Denton,TX,2025-11-20,1.0,137.78,137.78,1,False
CUST02971,James Martin,james.martin@example.com,65,Arlington,TX,2023-04-17,1.0,78.54,78.54,1,False
CUST02972,Liam Taylor,liam.taylor@example.com,62,Fort Worth,TX,2024-09-13,1.0,10.8,10.8,1,False
CUST02973,Ava Anderson,ava.anderson@example.com,69,Frisco,TX,2023-10-03,1.0,72.46,72.46,1,False
CUST02974,Sophia Thomas,sophia.thomas@example.com,32,Houston,TX,2024-10-12,1.0,78.41,78.41,1,False
CUST02975,Olivia Garcia,olivia.garcia@example.com,18,Houston,TX,2024-07-09,2.0,141.57,70.78,1,False
CUST02976,Ava Wilson,ava.wilson@example.com,39,Dallas,TX,2026-01-10,2.0,88.99,44.5,1,False
CUST02977,Ethan Miller,ethan.miller@example.com,20,Austin,TX,2025-12-23,2.0,122.93,61.46,1,False
CUST02978,Olivia Moore,olivia.moore@example.com,55,Dallas,TX,2024-07-20,4.0,350.73,87.68,1,False
CUST02979,Harper Miller,harper.miller@example.com,71,Arlington,TX,2024-08-08,4.0,197.45,49.36,1,False
CUST02980,Emma Johnson,emma.johnson@example.com,31,Plano,TX,2025-06-03,1.0,20.58,20.58,1,False
CUST02981,James Thomas,james.thomas@example.com,53,Plano,TX,2023-05-09,0.0,0.0,0.0,1,False
CUST02982,Sophia Anderson,sophia.anderson@example.com,35,Plano,TX,2023-09-13,3.0,151.8,50.6,1,False
CUST02983,Isabella Jackson,isabella.jackson@example.com,64,Austin,TX,2025-07-22,0.0,0.0,0.0,1,False
CUST02984,Lucas Wilson,lucas.wilson@example.com,58,Dallas,TX,2023-08-19,3.0,382.89,127.63,1,False
CUST02985,Mia Taylor,mia.taylor@example.com,35,Denton,TX,2026-03-06,3.0,241.08,80.36,1,False
CUST02986,Henry Wilson,henry.wilson@example.com,20,Frisco,TX,2025-05-12,1.0,198.08,198.08,1,False
CUST02987,Amelia Garcia,amelia.garcia@example.com,27,Fort Worth,TX,2023-12-21,1.0,129.21,129.21,1,False
CUST02988,Amelia Moore,amelia.moore@example.com,66,Arlington,TX,2023-05-26,5.0,543.42,108.68,-1,True
CUST02989,Mia Williams,mia.williams@example.com,56,Plano,TX,2025-11-22,4.0,374.07,93.52,1,False
CUST02990,Henry Smith,henry.smith@example.com,64,Frisco,TX,2023-09-17,0.0,0.0,0.0,1,False
CUST02991,Mia Brown,mia.brown@example.com,18,Houston,TX,2023-03-28,0.0,0.0,0.0,1,False
CUST02992,Liam Martin,liam.martin@example.com,44,Denton,TX,2025-04-22,1.0,67.23,67.23,1,False
CUST02993,Emma Martin,emma.martin@example.com,74,Dallas,TX,2023-09-22,0.0,0.0,0.0,1,False
CUST02994,Sophia Williams,sophia.williams@example.com,44,Arlington,TX,2024-01-27,2.0,84.55,42.28,1,False
CUST02995,Olivia Martin,olivia.martin@example.com,28,Arlington,TX,2023-08-20,0.0,0.0,0.0,1,False
CUST02996,Liam Thomas,liam.thomas@example.com,66,Houston,TX,2025-06-19,2.0,113.1,56.55,1,False
CUST02997,Emma Smith,emma.smith@example.com,22,Denton,TX,2024-08-10,1.0,56.13,56.13,1,False
CUST02998,Lucas Williams,lucas.williams@example.com,24,Houston,TX,2024-03-22,0.0,0.0,0.0,1,False
CUST02999,Ethan Martin,ethan.martin@example.com,36,Houston,TX,2026-02-26,2.0,120.25,60.12,1,False
CUST03000,Amelia Martin,amelia.martin@example.com,74,Plano,TX,2026-01-17,1.0,33.93,33.93,1,False
CUST03001,Sophia Brown,sophia.brown@example.com,73,Denton,TX,2024-04-10,0.0,0.0,0.0,1,False
CUST03002,Mia Moore,mia.moore@example.com,46,Plano,TX,2025-07-22,0.0,0.0,0.0,1,False
CUST03003,Ava Moore,ava.moore@example.com,32,Dallas,TX,2026-04-08,3.0,101.32,33.77,1,False
CUST03004,Isabella Jackson,isabella.jackson@example.com,52,Houston,TX,2023-05-08,1.0,54.41,54.41,1,False
CUST03005,Sophia Martin,sophia.martin@example.com,64,Fort Worth,TX,2026-04-12,1.0,86.09,86.09,1,False
CUST03006,Mason Davis,mason.davis@example.com,54,Arlington,TX,2025-11-15,2.0,124.87,62.44,1,False
CUST03007,James Wilson,james.wilson@example.com,72,Denton,TX,2024-07-26,3.0,232.91,77.64,1,False
CUST03008,Henry Williams,henry.williams@example.com,29,Houston,TX,2024-05-25,2.0,125.56,62.78,1,False
CUST03009,Emma Garcia,emma.garcia@example.com,47,Denton,TX,2024-05-02,1.0,22.53,22.53,1,False
CUST03010,Noah Taylor,noah.taylor@example.com,37,Arlington,TX,2025-06-09,1.0,116.45,116.45,1,False
CUST03011,Lucas Anderson,lucas.anderson@example.com,54,Austin,TX,2024-08-01,2.0,218.53,109.26,1,False
CUST03012,Ethan Jackson,ethan.jackson@example.com,20,Frisco,TX,2025-08-07,0.0,0.0,0.0,1,False
CUST03013,Lucas Jones,lucas.jones@example.com,26,Austin,TX,2024-02-10,6.0,435.45,72.58,-1,True
CUST03014,Sophia Garcia,sophia.garcia@example.com,58,Houston,TX,2025-11-15,2.0,289.32,144.66,1,False
CUST03015,Amelia Brown,amelia.brown@example.com,56,Arlington,TX,2026-01-11,1.0,100.98,100.98,1,False
CUST03016,Henry Taylor,henry.taylor@example.com,43,Frisco,TX,2023-12-30,1.0,26.03,26.03,1,False
CUST03017,Noah Garcia,noah.garcia@example.com,19,Austin,TX,2025-12-19,0.0,0.0,0.0,1,False
CUST03018,Mason Miller,mason.miller@example.com,40,Houston,TX,2024-07-04,4.0,334.99,83.75,1,False
CUST03019,Olivia Wilson,olivia.wilson@example.com,40,Arlington,TX,2023-10-19,0.0,0.0,0.0,1,False
CUST03020,Ava Taylor,ava.taylor@example.com,38,Houston,TX,2025-02-27,2.0,82.08,41.04,1,False
CUST03021,Noah Miller,noah.miller@example.com,33,Plano,TX,2025-03-26,0.0,0.0,0.0,1,False
CUST03022,Emma Garcia,emma.garcia@example.com,26,Arlington,TX,2023-07-10,1.0,72.07,72.07,1,False
CUST03023,Mia Smith,mia.smith@example.com,30,Austin,TX,2024-04-05,0.0,0.0,0.0,1,False
CUST03024,Mason Johnson,mason.johnson@example.com,45,Houston,TX,2024-10-25,1.0,24.78,24.78,1,False
CUST03025,Ava Smith,ava.smith@example.com,44,Denton,TX,2023-08-21,1.0,135.52,135.52,1,False
CUST03026,Isabella Wilson,isabella.wilson@example.com,68,Austin,TX,2024-04-18,1.0,21.56,21.56,1,False
CUST03027,Ethan Taylor,ethan.taylor@example.com,69,Houston,TX,2024-10-19,1.0,38.2,38.2,1,False
CUST03028,Mia Taylor,mia.taylor@example.com,34,Denton,TX,2023-09-28,2.0,82.51,41.26,1,False
CUST03029,Sophia Wilson,sophia.wilson@example.com,55,Denton,TX,2026-03-03,1.0,48.74,48.74,1,False
CUST03030,Noah Miller,noah.miller@example.com,53,Dallas,TX,2023-06-20,0.0,0.0,0.0,1,False
CUST03031,Amelia Moore,amelia.moore@example.com,18,Denton,TX,2023-01-28,0.0,0.0,0.0,1,False
CUST03032,Ava Johnson,ava.johnson@example.com,35,Austin,TX,2023-05-16,0.0,0.0,0.0,1,False
CUST03033,James Garcia,james.garcia@example.com,68,Austin,TX,2025-07-13,0.0,0.0,0.0,1,False
CUST03034,Liam Anderson,liam.anderson@example.com,26,Fort Worth,TX,2024-02-09,2.0,131.96,65.98,1,False
CUST03035,James Brown,james.brown@example.com,30,Frisco,TX,2025-09-03,1.0,47.42,47.42,1,False
CUST03036,Olivia Smith,olivia.smith@example.com,57,Plano,TX,2025-06-06,3.0,81.43,27.14,1,False
CUST03037,James Smith,james.smith@example.com,72,Austin,TX,2026-06-18,0.0,0.0,0.0,1,False
CUST03038,Isabella Thomas,isabella.thomas@example.com,62,Arlington,TX,2025-05-05,0.0,0.0,0.0,1,False
CUST03039,Olivia Jones,olivia.jones@example.com,32,Frisco,TX,2024-03-19,1.0,51.81,51.81,1,False
CUST03040,Mason Thomas,mason.thomas@example.com,60,Denton,TX,2024-03-09,3.0,156.64,52.21,1,False
CUST03041,Ethan Johnson,ethan.johnson@example.com,61,Houston,TX,2026-06-05,1.0,64.4,64.4,1,False
CUST03042,Mason Brown,mason.brown@example.com,63,Dallas,TX,2024-05-23,3.0,198.47,66.16,1,False
CUST03043,Liam Smith,liam.smith@example.com,21,Arlington,TX,2023-02-03,2.0,148.78,74.39,1,False
CUST03044,Emma Brown,emma.brown@example.com,50,Frisco,TX,2025-10-22,3.0,300.4,100.13,1,False
CUST03045,Ethan Anderson,ethan.anderson@example.com,41,Arlington,TX,2023-12-28,1.0,69.72,69.72,1,False
CUST03046,James Garcia,james.garcia@example.com,53,Arlington,TX,2026-05-03,4.0,630.47,157.62,-1,True
CUST03047,Amelia Taylor,amelia.taylor@example.com,68,Arlington,TX,2024-08-28,0.0,0.0,0.0,1,False
CUST03048,Lucas Brown,lucas.brown@example.com,58,Frisco,TX,2024-12-16,1.0,34.4,34.4,1,False
CUST03049,Emma Smith,emma.smith@example.com,27,Dallas,TX,2023-09-07,0.0,0.0,0.0,1,False
CUST03050,Ethan Miller,ethan.miller@example.com,53,Denton,TX,2023-05-27,0.0,0.0,0.0,1,False
CUST03051,Ethan Martin,ethan.martin@example.com,37,Fort Worth,TX,2023-12-14,3.0,290.95,96.98,1,False
CUST03052,Liam Johnson,liam.johnson@example.com,58,Plano,TX,2024-02-03,0.0,0.0,0.0,1,False
CUST03053,Sophia Wilson,sophia.wilson@example.com,62,Denton,TX,2026-04-14,1.0,68.27,68.27,1,False
CUST03054,James Moore,james.moore@example.com,61,Austin,TX,2023-05-05,1.0,65.98,65.98,1,False
CUST03055,Liam Williams,liam.williams@example.com,28,Frisco,TX,2025-02-01,0.0,0.0,0.0,1,False
CUST03056,Ethan Davis,ethan.davis@example.com,29,Arlington,TX,2024-02-02,2.0,152.69,76.34,1,False
CUST03057,Ava Moore,ava.moore@example.com,35,Denton,TX,2023-05-11,0.0,0.0,0.0,1,False
CUST03058,Emma Davis,emma.davis@example.com,47,Austin,TX,2024-08-27,1.0,30.86,30.86,1,False
CUST03059,Liam Williams,liam.williams@example.com,61,Frisco,TX,2025-06-10,0.0,0.0,0.0,1,False
CUST03060,Sophia Brown,sophia.brown@example.com,65,Austin,TX,2025-04-01,2.0,80.52,40.26,1,False
CUST03061,Henry Johnson,henry.johnson@example.com,54,Arlington,TX,2025-06-20,4.0,193.8,48.45,1,False
CUST03062,Noah Brown,noah.brown@example.com,37,Fort Worth,TX,2025-08-02,0.0,0.0,0.0,1,False
CUST03063,Mason Anderson,mason.anderson@example.com,42,Frisco,TX,2025-01-01,3.0,274.76,91.59,1,False
CUST03064,Ethan Anderson,ethan.anderson@example.com,29,Austin,TX,2023-11-30,1.0,71.05,71.05,1,False
CUST03065,James Anderson,james.anderson@example.com,38,Houston,TX,2025-11-09,2.0,275.81,137.9,1,False
CUST03066,Lucas Martin,lucas.martin@example.com,42,Austin,TX,2023-07-24,2.0,119.85,59.92,1,False
CUST03067,Noah Wilson,noah.wilson@example.com,28,Plano,TX,2025-08-13,1.0,53.09,53.09,1,False
CUST03068,Olivia Johnson,olivia.johnson@example.com,26,Arlington,TX,2023-12-21,2.0,133.89,66.94,1,False
CUST03069,Amelia Thomas,amelia.thomas@example.com,67,Dallas,TX,2026-04-11,1.0,46.1,46.1,1,False
CUST03070,Amelia Thomas,amelia.thomas@example.com,42,Austin,TX,2026-04-27,1.0,47.67,47.67,1,False
CUST03071,Harper Moore,harper.moore@example.com,52,Fort Worth,TX,2025-04-03,0.0,0.0,0.0,1,False
CUST03072,Harper Williams,harper.williams@example.com,69,Houston,TX,2025-10-22,1.0,80.61,80.61,1,False
CUST03073,Mia Jackson,mia.jackson@example.com,49,Houston,TX,2025-07-29,3.0,202.34,67.45,1,False
CUST03074,Sophia Anderson,sophia.anderson@example.com,66,Dallas,TX,2023-06-17,1.0,68.66,68.66,1,False
CUST03075,Lucas Anderson,lucas.anderson@example.com,31,Denton,TX,2024-01-03,1.0,107.88,107.88,1,False
CUST03076,Henry Jackson,henry.jackson@example.com,18,Plano,TX,2024-06-19,2.0,93.72,46.86,1,False
CUST03077,Henry Brown,henry.brown@example.com,34,Dallas,TX,2025-08-20,1.0,87.95,87.95,1,False
CUST03078,Mia Jones,mia.jones@example.com,42,Plano,TX,2024-08-02,0.0,0.0,0.0,1,False
CUST03079,Sophia Smith,sophia.smith@example.com,25,Austin,TX,2025-08-07,2.0,210.36,105.18,1,False
CUST03080,James Miller,james.miller@example.com,22,Arlington,TX,2023-07-26,3.0,176.18,58.73,1,False
CUST03081,Ava Martin,ava.martin@example.com,22,Fort Worth,TX,2025-12-08,3.0,204.7,68.23,1,False
CUST03082,James Taylor,james.taylor@example.com,58,Houston,TX,2024-06-27,1.0,81.91,81.91,1,False
CUST03083,Mason Miller,mason.miller@example.com,52,Dallas,TX,2023-05-09,2.0,154.36,77.18,1,False
CUST03084,Noah Wilson,noah.wilson@example.com,36,Fort Worth,TX,2024-09-05,2.0,398.53,199.26,1,False
CUST03085,Emma Brown,emma.brown@example.com,40,Plano,TX,2023-02-04,3.0,201.55,67.18,1,False
CUST03086,Henry Martin,henry.martin@example.com,26,Arlington,TX,2025-03-29,1.0,39.13,39.13,1,False
CUST03087,Amelia Martin,amelia.martin@example.com,71,Houston,TX,2023-07-18,1.0,32.41,32.41,1,False
CUST03088,Sophia Garcia,sophia.garcia@example.com,47,Houston,TX,2023-03-18,4.0,225.58,56.4,1,False
CUST03089,James Anderson,james.anderson@example.com,67,Plano,TX,2024-01-04,3.0,148.49,49.5,1,False
CUST03090,Emma Johnson,emma.johnson@example.com,33,Arlington,TX,2025-04-12,0.0,0.0,0.0,1,False
CUST03091,Mason Thomas,mason.thomas@example.com,50,Houston,TX,2024-06-09,2.0,130.05,65.02,1,False
CUST03092,Ethan Thomas,ethan.thomas@example.com,19,Arlington,TX,2023-12-15,1.0,19.32,19.32,1,False
CUST03093,Olivia Martin,olivia.martin@example.com,31,Houston,TX,2024-05-20,1.0,44.66,44.66,1,False
CUST03094,Noah Brown,noah.brown@example.com,63,Austin,TX,2024-10-04,2.0,115.16,57.58,1,False
CUST03095,Mason Johnson,mason.johnson@example.com,18,Plano,TX,2023-08-26,3.0,171.34,57.11,1,False
CUST03096,Mason Taylor,mason.taylor@example.com,43,Arlington,TX,2023-05-18,1.0,35.14,35.14,1,False
CUST03097,James Jones,james.jones@example.com,42,Fort Worth,TX,2026-05-09,1.0,50.22,50.22,1,False
CUST03098,Ava Jackson,ava.jackson@example.com,33,Denton,TX,2026-03-11,6.0,446.51,74.42,-1,True
CUST03099,Mia Miller,mia.miller@example.com,32,Austin,TX,2024-09-03,0.0,0.0,0.0,1,False
CUST03100,Henry Moore,henry.moore@example.com,43,Frisco,TX,2024-11-10,3.0,160.27,53.42,1,False
CUST03101,Olivia Smith,olivia.smith@example.com,64,Fort Worth,TX,2025-04-18,1.0,19.98,19.98,1,False
CUST03102,Noah Jackson,noah.jackson@example.com,61,Plano,TX,2025-07-26,2.0,216.58,108.29,1,False
CUST03103,Ethan Taylor,ethan.taylor@example.com,33,Houston,TX,2023-12-21,1.0,38.88,38.88,1,False
CUST03104,Ethan Taylor,ethan.taylor@example.com,31,Frisco,TX,2024-07-31,4.0,141.85,35.46,1,False
CUST03105,Liam Miller,liam.miller@example.com,46,Fort Worth,TX,2025-04-26,0.0,0.0,0.0,1,False
CUST03106,Mason Taylor,mason.taylor@example.com,41,Austin,TX,2024-07-12,0.0,0.0,0.0,1,False
CUST03107,Sophia Moore,sophia.moore@example.com,64,Frisco,TX,2025-04-28,1.0,36.08,36.08,1,False
CUST03108,Ava Garcia,ava.garcia@example.com,72,Frisco,TX,2026-06-08,1.0,112.68,112.68,1,False
CUST03109,Olivia Garcia,olivia.garcia@example.com,32,Arlington,TX,2026-03-15,1.0,89.62,89.62,1,False
CUST03110,James Thomas,james.thomas@example.com,36,Dallas,TX,2026-03-21,1.0,80.99,80.99,1,False
CUST03111,Ethan Davis,ethan.davis@example.com,25,Fort Worth,TX,2023-05-20,2.0,96.85,48.42,1,False
CUST03112,Noah Davis,noah.davis@example.com,51,Dallas,TX,2024-10-24,1.0,21.21,21.21,1,False
CUST03113,Liam Garcia,liam.garcia@example.com,19,Plano,TX,2023-01-21,0.0,0.0,0.0,1,False
CUST03114,Amelia Williams,amelia.williams@example.com,44,Fort Worth,TX,2023-03-05,1.0,49.39,49.39,1,False
CUST03115,Henry Jones,henry.jones@example.com,27,Fort Worth,TX,2026-05-26,0.0,0.0,0.0,1,False
CUST03116,Noah Johnson,noah.johnson@example.com,52,Arlington,TX,2025-12-31,0.0,0.0,0.0,1,False
CUST03117,Ava Jackson,ava.jackson@example.com,40,Houston,TX,2025-09-16,3.0,198.75,66.25,1,False
CUST03118,Sophia Martin,sophia.martin@example.com,66,Austin,TX,2023-06-11,0.0,0.0,0.0,1,False
CUST03119,Liam Jones,liam.jones@example.com,25,Austin,TX,2023-05-10,0.0,0.0,0.0,1,False
CUST03120,Amelia Martin,amelia.martin@example.com,45,Austin,TX,2024-08-03,2.0,184.43,92.22,1,False
CUST03121,Liam Wilson,liam.wilson@example.com,40,Denton,TX,2023-08-13,4.0,454.62,113.66,1,False
CUST03122,Mia Taylor,mia.taylor@example.com,21,Plano,TX,2024-08-02,2.0,108.39,54.2,1,False
CUST03123,Olivia Smith,olivia.smith@example.com,31,Frisco,TX,2025-09-09,1.0,26.23,26.23,1,False
CUST03124,Liam Taylor,liam.taylor@example.com,70,Houston,TX,2025-10-01,4.0,401.28,100.32,1,False
CUST03125,Isabella Jones,isabella.jones@example.com,59,Dallas,TX,2023-04-17,2.0,100.07,50.04,1,False
CUST03126,Mia Thomas,mia.thomas@example.com,46,Austin,TX,2024-09-12,2.0,344.8,172.4,1,False
CUST03127,Mia Garcia,mia.garcia@example.com,18,Denton,TX,2025-04-19,3.0,118.44,39.48,1,False
CUST03128,Ava Martin,ava.martin@example.com,21,Dallas,TX,2026-01-31,1.0,43.14,43.14,1,False
CUST03129,Isabella Anderson,isabella.anderson@example.com,49,Houston,TX,2026-03-10,1.0,110.63,110.63,1,False
CUST03130,Emma Miller,emma.miller@example.com,50,Plano,TX,2024-07-30,1.0,47.61,47.61,1,False
CUST03131,Noah Wilson,noah.wilson@example.com,66,Houston,TX,2026-03-03,1.0,43.6,43.6,1,False
CUST03132,Henry Garcia,henry.garcia@example.com,43,Arlington,TX,2023-07-18,1.0,27.53,27.53,1,False
CUST03133,Sophia Jones,sophia.jones@example.com,34,Frisco,TX,2024-05-24,2.0,128.6,64.3,1,False
CUST03134,Lucas Thomas,lucas.thomas@example.com,56,Austin,TX,2024-10-28,3.0,221.03,73.68,1,False
CUST03135,Noah Miller,noah.miller@example.com,40,Plano,TX,2023-03-20,2.0,121.81,60.9,1,False
CUST03136,Liam Moore,liam.moore@example.com,49,Arlington,TX,2025-06-12,2.0,44.22,22.11,1,False
CUST03137,Sophia Smith,sophia.smith@example.com,69,Austin,TX,2024-05-26,1.0,99.23,99.23,1,False
CUST03138,Ethan Anderson,ethan.anderson@example.com,32,Houston,TX,2023-09-07,2.0,132.41,66.2,1,False
CUST03139,Emma Martin,emma.martin@example.com,30,Houston,TX,2025-06-07,1.0,31.55,31.55,1,False
CUST03140,Ethan Jones,ethan.jones@example.com,19,Denton,TX,2025-10-20,2.0,82.6,41.3,1,False
CUST03141,Isabella Jackson,isabella.jackson@example.com,36,Fort Worth,TX,2024-08-21,4.0,533.94,133.49,1,False
CUST03142,Harper Johnson,harper.johnson@example.com,41,Fort Worth,TX,2025-01-22,4.0,312.76,78.19,1,False
CUST03143,Ethan Brown,ethan.brown@example.com,62,Houston,TX,2024-08-22,3.0,236.2,78.73,1,False
CUST03144,James Miller,james.miller@example.com,41,Houston,TX,2025-09-01,0.0,0.0,0.0,1,False
CUST03145,Olivia Jones,olivia.jones@example.com,28,Dallas,TX,2024-04-27,1.0,41.87,41.87,1,False
CUST03146,Noah Thomas,noah.thomas@example.com,39,Denton,TX,2025-04-15,1.0,52.89,52.89,1,False
CUST03147,Lucas Garcia,lucas.garcia@example.com,32,Frisco,TX,2023-06-21,3.0,219.06,73.02,1,False
CUST03148,James Johnson,james.johnson@example.com,27,Dallas,TX,2025-05-18,4.0,284.54,71.14,1,False
CUST03149,Harper Williams,harper.williams@example.com,58,Frisco,TX,2023-01-17,0.0,0.0,0.0,1,False
CUST03150,Ava Miller,ava.miller@example.com,44,Arlington,TX,2024-01-29,0.0,0.0,0.0,1,False
CUST03151,Lucas Anderson,lucas.anderson@example.com,26,Fort Worth,TX,2026-05-27,1.0,124.63,124.63,1,False
CUST03152,Ethan Johnson,ethan.johnson@example.com,69,Fort Worth,TX,2023-08-22,1.0,21.28,21.28,1,False
CUST03153,Liam Thomas,liam.thomas@example.com,45,Denton,TX,2023-09-05,2.0,139.33,69.66,1,False
CUST03154,Amelia Garcia,amelia.garcia@example.com,18,Houston,TX,2023-02-21,0.0,0.0,0.0,1,False
CUST03155,Emma Jones,emma.jones@example.com,34,Houston,TX,2023-01-15,0.0,0.0,0.0,1,False
CUST03156,Henry Taylor,henry.taylor@example.com,48,Arlington,TX,2024-03-16,0.0,0.0,0.0,1,False
CUST03157,Mason Smith,mason.smith@example.com,61,Plano,TX,2026-02-09,0.0,0.0,0.0,1,False
CUST03158,Lucas Thomas,lucas.thomas@example.com,27,Plano,TX,2024-11-26,2.0,149.71,74.86,1,False
CUST03159,Henry Anderson,henry.anderson@example.com,54,Denton,TX,2023-01-07,1.0,99.06,99.06,1,False
CUST03160,Henry Jackson,henry.jackson@example.com,46,Plano,TX,2025-04-05,5.0,385.94,77.19,1,False
CUST03161,Ethan Taylor,ethan.taylor@example.com,35,Fort Worth,TX,2026-06-22,2.0,47.33,23.66,1,False
CUST03162,Emma Anderson,emma.anderson@example.com,64,Dallas,TX,2026-02-03,1.0,39.35,39.35,1,False
CUST03163,Sophia Brown,sophia.brown@example.com,55,Plano,TX,2025-11-02,2.0,355.25,177.62,1,False
CUST03164,Noah Anderson,noah.anderson@example.com,56,Austin,TX,2026-03-15,2.0,117.95,58.98,1,False
CUST03165,Henry Johnson,henry.johnson@example.com,66,Denton,TX,2024-04-22,4.0,307.81,76.95,1,False
CUST03166,Mia Brown,mia.brown@example.com,23,Arlington,TX,2024-09-22,0.0,0.0,0.0,1,False
CUST03167,Harper Smith,harper.smith@example.com,57,Plano,TX,2024-12-15,3.0,210.7,70.23,1,False
CUST03168,Olivia Johnson,olivia.johnson@example.com,29,Austin,TX,2023-04-25,2.0,127.61,63.8,1,False
CUST03169,Emma Moore,emma.moore@example.com,70,Plano,TX,2024-05-23,1.0,62.54,62.54,1,False
CUST03170,Liam Davis,liam.davis@example.com,31,Dallas,TX,2026-03-21,2.0,152.89,76.44,1,False
CUST03171,Isabella Garcia,isabella.garcia@example.com,61,Dallas,TX,2023-02-26,0.0,0.0,0.0,1,False
CUST03172,Liam Johnson,liam.johnson@example.com,72,Plano,TX,2024-01-17,0.0,0.0,0.0,1,False
CUST03173,Emma Thomas,emma.thomas@example.com,27,Denton,TX,2026-03-26,3.0,234.4,78.13,1,False
CUST03174,Liam Jackson,liam.jackson@example.com,71,Denton,TX,2025-08-09,3.0,243.03,81.01,1,False
CUST03175,Henry Garcia,henry.garcia@example.com,37,Austin,TX,2026-03-02,3.0,186.2,62.07,1,False
CUST03176,Noah Taylor,noah.taylor@example.com,32,Arlington,TX,2026-04-01,1.0,98.9,98.9,1,False
CUST03177,Liam Wilson,liam.wilson@example.com,48,Austin,TX,2023-10-02,6.0,946.41,157.73,-1,True
CUST03178,Lucas Miller,lucas.miller@example.com,24,Arlington,TX,2026-01-05,2.0,103.26,51.63,1,False
CUST03179,Mia Wilson,mia.wilson@example.com,58,Plano,TX,2023-02-13,3.0,82.07,27.36,1,False
CUST03180,Liam Jones,liam.jones@example.com,27,Arlington,TX,2024-12-18,3.0,457.1,152.37,1,False
CUST03181,Mia Miller,mia.miller@example.com,27,Houston,TX,2023-11-14,1.0,143.02,143.02,1,False
CUST03182,Amelia Anderson,amelia.anderson@example.com,65,Fort Worth,TX,2024-06-17,1.0,64.36,64.36,1,False
CUST03183,Ethan Jackson,ethan.jackson@example.com,56,Frisco,TX,2026-03-23,3.0,167.98,55.99,1,False
CUST03184,Ava Martin,ava.martin@example.com,45,Fort Worth,TX,2023-08-25,0.0,0.0,0.0,1,False
CUST03185,Noah Miller,noah.miller@example.com,47,Dallas,TX,2025-06-11,1.0,77.59,77.59,1,False
CUST03186,Harper Thomas,harper.thomas@example.com,54,Houston,TX,2024-05-31,2.0,96.66,48.33,1,False
CUST03187,Henry Thomas,henry.thomas@example.com,72,Fort Worth,TX,2026-05-29,2.0,107.96,53.98,1,False
CUST03188,Ava Williams,ava.williams@example.com,20,Plano,TX,2026-04-15,1.0,100.91,100.91,1,False
CUST03189,Henry Miller,henry.miller@example.com,67,Arlington,TX,2026-05-28,3.0,334.38,111.46,1,False
CUST03190,Ethan Smith,ethan.smith@example.com,60,Arlington,TX,2023-02-07,1.0,16.71,16.71,1,False
CUST03191,Henry Wilson,henry.wilson@example.com,32,Austin,TX,2024-10-15,0.0,0.0,0.0,1,False
CUST03192,Amelia Taylor,amelia.taylor@example.com,38,Austin,TX,2025-01-16,1.0,89.69,89.69,1,False
CUST03193,Noah Moore,noah.moore@example.com,69,Denton,TX,2026-05-11,1.0,27.88,27.88,1,False
CUST03194,Emma Garcia,emma.garcia@example.com,54,Arlington,TX,2025-04-20,1.0,18.25,18.25,1,False
CUST03195,Emma Jones,emma.jones@example.com,73,Denton,TX,2024-03-23,0.0,0.0,0.0,1,False
CUST03196,Mia Miller,mia.miller@example.com,29,Plano,TX,2024-11-14,3.0,202.85,67.62,1,False
CUST03197,Ethan Jones,ethan.jones@example.com,21,Arlington,TX,2023-05-05,3.0,278.99,93.0,1,False
CUST03198,Mia Taylor,mia.taylor@example.com,64,Austin,TX,2025-12-24,3.0,235.47,78.49,1,False
CUST03199,Amelia Jones,amelia.jones@example.com,26,Fort Worth,TX,2025-03-03,4.0,461.95,115.49,1,False
CUST03200,Olivia Anderson,olivia.anderson@example.com,56,Denton,TX,2025-02-22,4.0,627.72,156.93,-1,True
CUST03201,Liam Taylor,liam.taylor@example.com,59,Denton,TX,2026-06-21,1.0,226.74,226.74,1,False
CUST03202,Mason Anderson,mason.anderson@example.com,45,Dallas,TX,2023-08-14,1.0,30.48,30.48,1,False
CUST03203,Olivia Miller,olivia.miller@example.com,40,Austin,TX,2024-04-09,1.0,25.45,25.45,1,False
CUST03204,Liam Taylor,liam.taylor@example.com,62,Plano,TX,2024-10-04,0.0,0.0,0.0,1,False
CUST03205,Noah Jackson,noah.jackson@example.com,57,Denton,TX,2023-10-20,0.0,0.0,0.0,1,False
CUST03206,Mia Miller,mia.miller@example.com,61,Fort Worth,TX,2024-12-21,2.0,84.29,42.14,1,False
CUST03207,Harper Moore,harper.moore@example.com,39,Fort Worth,TX,2025-01-25,2.0,229.31,114.66,1,False
CUST03208,Noah Anderson,noah.anderson@example.com,41,Fort Worth,TX,2023-06-15,3.0,179.38,59.79,1,False
CUST03209,Amelia Jackson,amelia.jackson@example.com,68,Houston,TX,2025-02-07,0.0,0.0,0.0,1,False
CUST03210,James Williams,james.williams@example.com,43,Houston,TX,2026-05-26,1.0,39.55,39.55,1,False
CUST03211,James Williams,james.williams@example.com,47,Frisco,TX,2025-10-03,2.0,143.04,71.52,1,False
CUST03212,James Taylor,james.taylor@example.com,50,Fort Worth,TX,2025-05-20,2.0,99.86,49.93,1,False
CUST03213,Amelia Thomas,amelia.thomas@example.com,33,Denton,TX,2025-12-11,3.0,244.3,81.43,1,False
CUST03214,Harper Moore,harper.moore@example.com,39,Plano,TX,2024-07-20,2.0,103.13,51.56,1,False
CUST03215,Henry Jackson,henry.jackson@example.com,66,Arlington,TX,2025-11-03,2.0,236.18,118.09,1,False
CUST03216,Noah Williams,noah.williams@example.com,74,Plano,TX,2024-08-24,0.0,0.0,0.0,1,False
CUST03217,Liam Garcia,liam.garcia@example.com,67,Houston,TX,2026-01-17,3.0,239.88,79.96,1,False
CUST03218,Amelia Thomas,amelia.thomas@example.com,60,Austin,TX,2025-06-23,2.0,296.08,148.04,1,False
CUST03219,James Jackson,james.jackson@example.com,35,Denton,TX,2023-02-10,0.0,0.0,0.0,1,False
CUST03220,Harper Garcia,harper.garcia@example.com,24,Frisco,TX,2026-03-07,1.0,52.03,52.03,1,False
CUST03221,Ethan Moore,ethan.moore@example.com,67,Houston,TX,2025-10-26,0.0,0.0,0.0,1,False
CUST03222,Amelia Moore,amelia.moore@example.com,43,Arlington,TX,2023-08-30,0.0,0.0,0.0,1,False
CUST03223,Isabella Williams,isabella.williams@example.com,25,Dallas,TX,2023-06-11,1.0,150.56,150.56,1,False
CUST03224,Henry Williams,henry.williams@example.com,23,Frisco,TX,2025-10-15,2.0,175.93,87.96,1,False
CUST03225,Liam Davis,liam.davis@example.com,47,Houston,TX,2024-11-22,0.0,0.0,0.0,1,False
CUST03226,James Davis,james.davis@example.com,56,Plano,TX,2025-03-19,1.0,42.29,42.29,1,False
CUST03227,Sophia Miller,sophia.miller@example.com,40,Frisco,TX,2025-09-05,2.0,107.87,53.94,1,False
CUST03228,Emma Taylor,emma.taylor@example.com,49,Denton,TX,2024-06-01,1.0,82.8,82.8,1,False
CUST03229,Harper Brown,harper.brown@example.com,39,Plano,TX,2025-06-16,3.0,296.45,98.82,1,False
CUST03230,Emma Jackson,emma.jackson@example.com,59,Fort Worth,TX,2025-02-21,2.0,186.54,93.27,1,False
CUST03231,Olivia Brown,olivia.brown@example.com,60,Fort Worth,TX,2025-02-22,0.0,0.0,0.0,1,False
CUST03232,Emma Williams,emma.williams@example.com,74,Fort Worth,TX,2026-03-25,2.0,57.81,28.9,1,False
CUST03233,Liam Jones,liam.jones@example.com,62,Frisco,TX,2023-03-26,1.0,75.08,75.08,1,False
CUST03234,Lucas Williams,lucas.williams@example.com,26,Dallas,TX,2025-10-30,1.0,84.92,84.92,1,False
CUST03235,Mia Moore,mia.moore@example.com,48,Arlington,TX,2023-05-18,2.0,189.49,94.74,1,False
CUST03236,Liam Davis,liam.davis@example.com,24,Denton,TX,2025-01-23,0.0,0.0,0.0,1,False
CUST03237,Henry Miller,henry.miller@example.com,26,Frisco,TX,2025-06-24,0.0,0.0,0.0,1,False
CUST03238,Isabella Moore,isabella.moore@example.com,30,Austin,TX,2024-12-13,2.0,194.9,97.45,1,False
CUST03239,Liam Williams,liam.williams@example.com,20,Denton,TX,2023-06-05,2.0,97.18,48.59,1,False
CUST03240,Amelia Wilson,amelia.wilson@example.com,52,Plano,TX,2024-02-12,1.0,29.78,29.78,1,False
CUST03241,Harper Thomas,harper.thomas@example.com,50,Plano,TX,2025-02-25,1.0,91.1,91.1,1,False
CUST03242,Mason Martin,mason.martin@example.com,38,Frisco,TX,2026-06-02,2.0,371.45,185.72,1,False
CUST03243,Harper Moore,harper.moore@example.com,48,Frisco,TX,2024-08-02,0.0,0.0,0.0,1,False
CUST03244,Mia Jones,mia.jones@example.com,69,Arlington,TX,2026-04-22,1.0,63.74,63.74,1,False
CUST03245,Sophia Wilson,sophia.wilson@example.com,51,Dallas,TX,2026-05-03,1.0,67.45,67.45,1,False
CUST03246,Emma Miller,emma.miller@example.com,49,Frisco,TX,2024-07-07,2.0,67.43,33.71,1,False
CUST03247,Mia Jackson,mia.jackson@example.com,74,Fort Worth,TX,2024-01-31,2.0,155.59,77.8,1,False
CUST03248,Emma Miller,emma.miller@example.com,52,Arlington,TX,2026-03-03,2.0,108.32,54.16,1,False
CUST03249,Olivia Garcia,olivia.garcia@example.com,32,Austin,TX,2025-03-20,1.0,99.68,99.68,1,False
CUST03250,Mia Johnson,mia.johnson@example.com,73,Fort Worth,TX,2025-08-19,1.0,68.35,68.35,1,False
CUST03251,James Wilson,james.wilson@example.com,49,Austin,TX,2024-06-25,4.0,171.49,42.87,1,False
CUST03252,Henry Garcia,henry.garcia@example.com,23,Houston,TX,2025-10-29,3.0,132.0,44.0,1,False
CUST03253,Henry Davis,henry.davis@example.com,62,Austin,TX,2025-09-13,0.0,0.0,0.0,1,False
CUST03254,Emma Smith,emma.smith@example.com,38,Fort Worth,TX,2023-06-19,3.0,154.04,51.35,1,False
CUST03255,Sophia Jones,sophia.jones@example.com,50,Houston,TX,2023-10-17,1.0,49.88,49.88,1,False
CUST03256,James Thomas,james.thomas@example.com,49,Fort Worth,TX,2026-04-06,2.0,78.5,39.25,1,False
CUST03257,Ava Smith,ava.smith@example.com,69,Plano,TX,2026-03-14,3.0,240.95,80.32,1,False
CUST03258,Noah Taylor,noah.taylor@example.com,36,Fort Worth,TX,2025-01-09,0.0,0.0,0.0,1,False
CUST03259,Noah Anderson,noah.anderson@example.com,50,Houston,TX,2024-08-10,0.0,0.0,0.0,1,False
CUST03260,Sophia Martin,sophia.martin@example.com,45,Austin,TX,2025-01-04,2.0,123.02,61.51,1,False
CUST03261,Mason Davis,mason.davis@example.com,48,Plano,TX,2024-04-01,2.0,232.12,116.06,1,False
CUST03262,Ava Davis,ava.davis@example.com,38,Dallas,TX,2024-12-01,2.0,137.34,68.67,1,False
CUST03263,Olivia Smith,olivia.smith@example.com,71,Dallas,TX,2025-09-05,3.0,261.52,87.17,1,False
CUST03264,Sophia Wilson,sophia.wilson@example.com,51,Denton,TX,2023-02-15,1.0,48.41,48.41,1,False
CUST03265,James Johnson,james.johnson@example.com,32,Dallas,TX,2025-11-06,4.0,280.25,70.06,1,False
CUST03266,Noah Thomas,noah.thomas@example.com,31,Dallas,TX,2026-02-20,1.0,38.28,38.28,1,False
CUST03267,Amelia Wilson,amelia.wilson@example.com,36,Arlington,TX,2023-08-19,2.0,139.49,69.74,1,False
CUST03268,Noah Smith,noah.smith@example.com,60,Dallas,TX,2025-08-07,1.0,224.5,224.5,1,False
CUST03269,Noah Thomas,noah.thomas@example.com,32,Houston,TX,2024-09-28,1.0,146.02,146.02,1,False
CUST03270,James Taylor,james.taylor@example.com,23,Frisco,TX,2023-04-22,0.0,0.0,0.0,1,False
CUST03271,Ethan Martin,ethan.martin@example.com,69,Dallas,TX,2024-08-15,2.0,161.37,80.68,1,False
CUST03272,Sophia Martin,sophia.martin@example.com,26,Fort Worth,TX,2026-06-23,1.0,202.82,202.82,1,False
CUST03273,Liam Wilson,liam.wilson@example.com,54,Frisco,TX,2025-05-08,0.0,0.0,0.0,1,False
CUST03274,Harper Brown,harper.brown@example.com,37,Dallas,TX,2024-01-26,3.0,326.25,108.75,1,False
CUST03275,Olivia Wilson,olivia.wilson@example.com,51,Frisco,TX,2024-01-27,3.0,158.4,52.8,1,False
CUST03276,Noah Miller,noah.miller@example.com,55,Austin,TX,2023-11-24,1.0,17.92,17.92,1,False
CUST03277,Harper Anderson,harper.anderson@example.com,43,Houston,TX,2026-05-23,1.0,54.34,54.34,1,False
CUST03278,Henry Garcia,henry.garcia@example.com,35,Houston,TX,2025-01-16,2.0,252.7,126.35,1,False
CUST03279,Amelia Jackson,amelia.jackson@example.com,45,Denton,TX,2024-01-02,2.0,161.07,80.54,1,False
CUST03280,Emma Jones,emma.jones@example.com,72,Frisco,TX,2023-03-23,1.0,123.05,123.05,1,False
CUST03281,Sophia Anderson,sophia.anderson@example.com,68,Denton,TX,2025-03-16,1.0,54.02,54.02,1,False
CUST03282,Isabella Wilson,isabella.wilson@example.com,26,Plano,TX,2025-04-01,2.0,332.17,166.08,1,False
CUST03283,James Johnson,james.johnson@example.com,49,Arlington,TX,2026-01-04,0.0,0.0,0.0,1,False
CUST03284,Ethan Martin,ethan.martin@example.com,70,Fort Worth,TX,2025-08-09,1.0,34.26,34.26,1,False
CUST03285,Henry Moore,henry.moore@example.com,73,Frisco,TX,2024-01-07,1.0,16.63,16.63,1,False
CUST03286,Sophia Anderson,sophia.anderson@example.com,23,Houston,TX,2023-09-21,1.0,21.15,21.15,1,False
CUST03287,Olivia Martin,olivia.martin@example.com,31,Denton,TX,2023-04-20,1.0,42.18,42.18,1,False
CUST03288,Amelia Thomas,amelia.thomas@example.com,45,Austin,TX,2023-11-03,3.0,321.07,107.02,1,False
CUST03289,Ethan Johnson,ethan.johnson@example.com,41,Dallas,TX,2026-05-08,1.0,28.07,28.07,1,False
CUST03290,Olivia Anderson,olivia.anderson@example.com,30,Houston,TX,2023-08-14,2.0,136.98,68.49,1,False
CUST03291,Henry Thomas,henry.thomas@example.com,60,Austin,TX,2023-07-04,1.0,97.36,97.36,1,False
CUST03292,Sophia Jackson,sophia.jackson@example.com,29,Dallas,TX,2025-08-21,0.0,0.0,0.0,1,False
CUST03293,Liam Wilson,liam.wilson@example.com,68,Arlington,TX,2023-01-31,0.0,0.0,0.0,1,False
CUST03294,Henry Thomas,henry.thomas@example.com,36,Houston,TX,2024-09-05,2.0,42.96,21.48,1,False
CUST03295,Isabella Williams,isabella.williams@example.com,38,Denton,TX,2023-04-09,5.0,476.78,95.36,-1,True
CUST03296,Olivia Davis,olivia.davis@example.com,44,Houston,TX,2025-03-21,0.0,0.0,0.0,1,False
CUST03297,Ethan Anderson,ethan.anderson@example.com,36,Frisco,TX,2024-10-13,2.0,131.95,65.97,1,False
CUST03298,Ethan Jackson,ethan.jackson@example.com,41,Frisco,TX,2025-03-24,2.0,108.95,54.47,1,False
CUST03299,Harper Wilson,harper.wilson@example.com,43,Austin,TX,2025-10-16,2.0,31.69,15.84,1,False
CUST03300,Olivia Davis,olivia.davis@example.com,62,Denton,TX,2025-09-04,1.0,56.12,56.12,1,False
CUST03301,Lucas Brown,lucas.brown@example.com,45,Plano,TX,2023-03-29,2.0,141.34,70.67,1,False
CUST03302,Sophia Thomas,sophia.thomas@example.com,63,Frisco,TX,2025-12-22,1.0,144.94,144.94,1,False
CUST03303,Lucas Smith,lucas.smith@example.com,73,Fort Worth,TX,2025-07-10,2.0,116.36,58.18,1,False
CUST03304,Mason Brown,mason.brown@example.com,35,Arlington,TX,2024-08-08,2.0,128.28,64.14,1,False
CUST03305,Sophia Martin,sophia.martin@example.com,61,Fort Worth,TX,2025-03-28,1.0,60.71,60.71,1,False
CUST03306,Olivia Wilson,olivia.wilson@example.com,53,Houston,TX,2025-07-20,1.0,54.23,54.23,1,False
CUST03307,Ava Johnson,ava.johnson@example.com,59,Fort Worth,TX,2025-03-07,4.0,201.92,50.48,1,False
CUST03308,Amelia Williams,amelia.williams@example.com,46,Dallas,TX,2025-10-15,0.0,0.0,0.0,1,False
CUST03309,Olivia Taylor,olivia.taylor@example.com,34,Arlington,TX,2025-10-09,1.0,27.73,27.73,1,False
CUST03310,Lucas Davis,lucas.davis@example.com,21,Fort Worth,TX,2025-08-30,2.0,236.67,118.34,1,False
CUST03311,Liam Garcia,liam.garcia@example.com,61,Dallas,TX,2024-09-24,4.0,328.08,82.02,1,False
CUST03312,Amelia Davis,amelia.davis@example.com,62,Austin,TX,2023-12-12,4.0,803.81,200.95,-1,True
CUST03313,Olivia Miller,olivia.miller@example.com,46,Fort Worth,TX,2024-12-24,1.0,38.19,38.19,1,False
CUST03314,Olivia Martin,olivia.martin@example.com,21,Arlington,TX,2025-06-19,4.0,350.76,87.69,1,False
CUST03315,Liam Moore,liam.moore@example.com,27,Dallas,TX,2026-01-06,1.0,24.76,24.76,1,False
CUST03316,Olivia Moore,olivia.moore@example.com,42,Fort Worth,TX,2025-11-03,3.0,96.27,32.09,1,False
CUST03317,Amelia Jones,amelia.jones@example.com,48,Austin,TX,2023-05-16,2.0,174.66,87.33,1,False
CUST03318,Noah Wilson,noah.wilson@example.com,20,Fort Worth,TX,2024-02-01,0.0,0.0,0.0,1,False
CUST03319,Ava Brown,ava.brown@example.com,64,Dallas,TX,2025-03-02,4.0,259.56,64.89,1,False
CUST03320,Emma Garcia,emma.garcia@example.com,19,Fort Worth,TX,2023-03-20,3.0,79.26,26.42,1,False
CUST03321,Ava Johnson,ava.johnson@example.com,74,Arlington,TX,2024-12-05,1.0,19.76,19.76,1,False
CUST03322,James Jackson,james.jackson@example.com,42,Houston,TX,2025-09-08,3.0,116.96,38.99,1,False
CUST03323,Isabella Johnson,isabella.johnson@example.com,66,Denton,TX,2026-06-19,2.0,140.45,70.22,1,False
CUST03324,Harper Johnson,harper.johnson@example.com,23,Denton,TX,2025-12-10,4.0,252.3,63.08,1,False
CUST03325,Olivia Taylor,olivia.taylor@example.com,43,Dallas,TX,2025-01-13,2.0,252.32,126.16,1,False
CUST03326,Noah Miller,noah.miller@example.com,25,Dallas,TX,2024-01-19,0.0,0.0,0.0,1,False
CUST03327,Sophia Moore,sophia.moore@example.com,52,Dallas,TX,2024-01-10,0.0,0.0,0.0,1,False
CUST03328,Olivia Johnson,olivia.johnson@example.com,44,Dallas,TX,2023-07-25,1.0,83.68,83.68,1,False
CUST03329,Lucas Jackson,lucas.jackson@example.com,42,Fort Worth,TX,2024-05-03,2.0,71.47,35.74,1,False
CUST03330,Henry Jackson,henry.jackson@example.com,35,Arlington,TX,2025-05-30,2.0,229.3,114.65,1,False
CUST03331,Noah Thomas,noah.thomas@example.com,71,Denton,TX,2024-09-23,2.0,282.32,141.16,1,False
CUST03332,Liam Jackson,liam.jackson@example.com,18,Austin,TX,2024-08-14,5.0,256.35,51.27,-1,True
CUST03333,Noah Moore,noah.moore@example.com,65,Denton,TX,2025-12-01,1.0,40.73,40.73,1,False
CUST03334,James Johnson,james.johnson@example.com,56,Arlington,TX,2024-06-16,1.0,60.58,60.58,1,False
CUST03335,Liam Jackson,liam.jackson@example.com,20,Dallas,TX,2024-06-05,1.0,22.54,22.54,1,False
CUST03336,Mason Wilson,mason.wilson@example.com,72,Plano,TX,2025-04-04,0.0,0.0,0.0,1,False
CUST03337,Emma Miller,emma.miller@example.com,21,Fort Worth,TX,2026-03-22,3.0,272.9,90.97,1,False
CUST03338,Mia Anderson,mia.anderson@example.com,58,Plano,TX,2024-08-20,1.0,133.18,133.18,1,False
CUST03339,Amelia Williams,amelia.williams@example.com,54,Fort Worth,TX,2023-04-23,1.0,27.01,27.01,1,False
CUST03340,Noah Williams,noah.williams@example.com,68,Dallas,TX,2026-02-09,0.0,0.0,0.0,1,False
CUST03341,Amelia Miller,amelia.miller@example.com,32,Fort Worth,TX,2026-04-13,2.0,94.23,47.12,1,False
CUST03342,Ethan Jones,ethan.jones@example.com,25,Dallas,TX,2025-01-03,1.0,90.06,90.06,1,False
CUST03343,Lucas Taylor,lucas.taylor@example.com,55,Arlington,TX,2026-05-29,0.0,0.0,0.0,1,False
CUST03344,Olivia Martin,olivia.martin@example.com,67,Frisco,TX,2026-04-09,3.0,319.97,106.66,1,False
CUST03345,Lucas Martin,lucas.martin@example.com,36,Houston,TX,2023-11-14,1.0,229.59,229.59,1,False
CUST03346,Amelia Garcia,amelia.garcia@example.com,73,Fort Worth,TX,2025-09-22,3.0,154.46,51.49,1,False
CUST03347,Ava Moore,ava.moore@example.com,64,Dallas,TX,2023-08-01,3.0,311.81,103.94,1,False
CUST03348,Mia Thomas,mia.thomas@example.com,43,Plano,TX,2023-09-10,1.0,113.49,113.49,1,False
CUST03349,Ava Davis,ava.davis@example.com,56,Dallas,TX,2023-05-04,2.0,143.2,71.6,1,False
CUST03350,Mason Wilson,mason.wilson@example.com,27,Plano,TX,2026-05-21,1.0,345.53,345.53,-1,True
CUST03351,Mia Smith,mia.smith@example.com,55,Denton,TX,2024-09-15,3.0,130.78,43.59,1,False
CUST03352,Mia Williams,mia.williams@example.com,31,Fort Worth,TX,2026-01-13,2.0,68.89,34.44,1,False
CUST03353,Ava Anderson,ava.anderson@example.com,66,Austin,TX,2025-12-24,5.0,325.57,65.11,1,False
CUST03354,Liam Miller,liam.miller@example.com,58,Plano,TX,2026-06-20,1.0,163.5,163.5,1,False
CUST03355,James Garcia,james.garcia@example.com,36,Dallas,TX,2025-06-16,1.0,110.93,110.93,1,False
CUST03356,Amelia Miller,amelia.miller@example.com,47,Fort Worth,TX,2026-03-06,2.0,266.28,133.14,1,False
CUST03357,Ava Davis,ava.davis@example.com,22,Dallas,TX,2023-09-04,0.0,0.0,0.0,1,False
CUST03358,Lucas Garcia,lucas.garcia@example.com,72,Austin,TX,2024-03-16,2.0,83.34,41.67,1,False
CUST03359,Liam Williams,liam.williams@example.com,48,Houston,TX,2023-02-14,0.0,0.0,0.0,1,False
CUST03360,Lucas Johnson,lucas.johnson@example.com,24,Frisco,TX,2024-10-19,2.0,74.35,37.17,1,False
CUST03361,James Thomas,james.thomas@example.com,36,Frisco,TX,2025-05-29,1.0,96.11,96.11,1,False
CUST03362,Mason Miller,mason.miller@example.com,48,Austin,TX,2025-10-13,3.0,85.85,28.62,1,False
CUST03363,Olivia Thomas,olivia.thomas@example.com,69,Arlington,TX,2024-07-07,3.0,142.25,47.42,1,False
CUST03364,James Thomas,james.thomas@example.com,56,Fort Worth,TX,2025-03-19,1.0,121.25,121.25,1,False
CUST03365,Isabella Thomas,isabella.thomas@example.com,41,Austin,TX,2025-08-28,1.0,159.73,159.73,1,False
CUST03366,Sophia Anderson,sophia.anderson@example.com,51,Houston,TX,2026-01-17,1.0,27.11,27.11,1,False
CUST03367,Liam Smith,liam.smith@example.com,74,Dallas,TX,2024-12-30,4.0,215.66,53.92,1,False
CUST03368,Mason Williams,mason.williams@example.com,40,Fort Worth,TX,2025-10-17,5.0,285.09,57.02,1,False
CUST03369,Isabella Thomas,isabella.thomas@example.com,65,Denton,TX,2025-08-11,3.0,86.49,28.83,1,False
CUST03370,Ethan Anderson,ethan.anderson@example.com,62,Plano,TX,2026-06-05,3.0,268.33,89.44,1,False
CUST03371,Mason Brown,mason.brown@example.com,57,Austin,TX,2025-12-26,0.0,0.0,0.0,1,False
CUST03372,Ava Moore,ava.moore@example.com,23,Denton,TX,2026-06-28,3.0,308.55,102.85,1,False
CUST03373,Harper Martin,harper.martin@example.com,55,Denton,TX,2025-11-30,1.0,221.17,221.17,1,False
CUST03374,Ava Smith,ava.smith@example.com,58,Houston,TX,2023-04-09,2.0,84.17,42.08,1,False
CUST03375,James Jones,james.jones@example.com,53,Denton,TX,2025-05-21,3.0,189.81,63.27,1,False
CUST03376,Sophia Taylor,sophia.taylor@example.com,44,Austin,TX,2023-10-28,1.0,92.35,92.35,1,False
CUST03377,Mason Williams,mason.williams@example.com,28,Arlington,TX,2026-05-07,0.0,0.0,0.0,1,False
CUST03378,Amelia Johnson,amelia.johnson@example.com,22,Frisco,TX,2024-05-02,0.0,0.0,0.0,1,False
CUST03379,Emma Jackson,emma.jackson@example.com,74,Frisco,TX,2026-02-03,1.0,45.58,45.58,1,False
CUST03380,Olivia Williams,olivia.williams@example.com,34,Fort Worth,TX,2025-10-01,1.0,190.5,190.5,1,False
CUST03381,James Davis,james.davis@example.com,69,Dallas,TX,2024-04-21,2.0,141.57,70.78,1,False
CUST03382,Ava Garcia,ava.garcia@example.com,24,Houston,TX,2026-02-19,4.0,224.1,56.03,1,False
CUST03383,Sophia Moore,sophia.moore@example.com,44,Austin,TX,2026-01-05,1.0,46.71,46.71,1,False
CUST03384,Olivia Martin,olivia.martin@example.com,64,Fort Worth,TX,2026-02-09,2.0,276.12,138.06,1,False
CUST03385,Mason Miller,mason.miller@example.com,74,Austin,TX,2025-05-10,3.0,264.33,88.11,1,False
CUST03386,Amelia Thomas,amelia.thomas@example.com,32,Fort Worth,TX,2025-03-19,3.0,94.15,31.38,1,False
CUST03387,Mason Garcia,mason.garcia@example.com,63,Frisco,TX,2024-06-01,1.0,52.38,52.38,1,False
CUST03388,Mia Garcia,mia.garcia@example.com,30,Denton,TX,2026-05-05,3.0,196.24,65.41,1,False
CUST03389,Sophia Thomas,sophia.thomas@example.com,28,Arlington,TX,2026-01-26,1.0,26.47,26.47,1,False
CUST03390,Isabella Williams,isabella.williams@example.com,62,Austin,TX,2024-04-03,3.0,149.94,49.98,1,False
CUST03391,Ava Thomas,ava.thomas@example.com,43,Arlington,TX,2023-08-18,3.0,565.57,188.52,-1,True
CUST03392,Amelia Moore,amelia.moore@example.com,39,Plano,TX,2026-04-06,0.0,0.0,0.0,1,False
CUST03393,Emma Martin,emma.martin@example.com,45,Plano,TX,2023-01-08,3.0,282.61,94.2,1,False
CUST03394,Mason Davis,mason.davis@example.com,41,Denton,TX,2026-04-10,1.0,33.12,33.12,1,False
CUST03395,Emma Thomas,emma.thomas@example.com,46,Frisco,TX,2023-07-14,0.0,0.0,0.0,1,False
CUST03396,Mason Miller,mason.miller@example.com,26,Houston,TX,2025-11-08,0.0,0.0,0.0,1,False
CUST03397,Ava Miller,ava.miller@example.com,59,Arlington,TX,2023-12-20,1.0,22.25,22.25,1,False
CUST03398,Olivia Garcia,olivia.garcia@example.com,21,Fort Worth,TX,2025-12-08,3.0,152.1,50.7,1,False
CUST03399,Noah Jones,noah.jones@example.com,66,Houston,TX,2024-04-08,0.0,0.0,0.0,1,False
CUST03400,Olivia Taylor,olivia.taylor@example.com,63,Austin,TX,2023-12-22,1.0,130.09,130.09,1,False
CUST03401,Mason Davis,mason.davis@example.com,73,Austin,TX,2025-04-29,2.0,132.35,66.18,1,False
CUST03402,Lucas Jones,lucas.jones@example.com,35,Fort Worth,TX,2025-08-31,1.0,53.89,53.89,1,False
CUST03403,Harper Wilson,harper.wilson@example.com,60,Dallas,TX,2026-03-27,1.0,20.0,20.0,1,False
CUST03404,Henry Wilson,henry.wilson@example.com,33,Denton,TX,2023-03-07,2.0,120.88,60.44,1,False
CUST03405,Noah Smith,noah.smith@example.com,50,Dallas,TX,2025-05-08,2.0,60.62,30.31,1,False
CUST03406,Isabella Garcia,isabella.garcia@example.com,46,Denton,TX,2024-07-24,2.0,71.51,35.75,1,False
CUST03407,Noah Miller,noah.miller@example.com,56,Austin,TX,2023-11-04,4.0,115.09,28.77,1,False
CUST03408,Harper Williams,harper.williams@example.com,27,Denton,TX,2025-02-21,1.0,87.55,87.55,1,False
CUST03409,Emma Miller,emma.miller@example.com,26,Frisco,TX,2023-05-01,0.0,0.0,0.0,1,False
CUST03410,Sophia Anderson,sophia.anderson@example.com,48,Frisco,TX,2025-02-04,2.0,123.78,61.89,1,False
CUST03411,Emma Anderson,emma.anderson@example.com,45,Fort Worth,TX,2025-02-11,3.0,275.74,91.91,1,False
CUST03412,James Miller,james.miller@example.com,74,Dallas,TX,2023-04-06,4.0,251.09,62.77,1,False
CUST03413,Emma Martin,emma.martin@example.com,20,Arlington,TX,2026-02-11,1.0,108.99,108.99,1,False
CUST03414,Isabella Moore,isabella.moore@example.com,71,Austin,TX,2025-09-13,1.0,141.15,141.15,1,False
CUST03415,Lucas Anderson,lucas.anderson@example.com,72,Plano,TX,2024-06-23,1.0,87.84,87.84,1,False
CUST03416,Olivia Johnson,olivia.johnson@example.com,31,Arlington,TX,2023-01-02,2.0,130.27,65.14,1,False
CUST03417,Olivia Miller,olivia.miller@example.com,42,Fort Worth,TX,2026-05-20,1.0,40.74,40.74,1,False
CUST03418,Henry Jackson,henry.jackson@example.com,32,Plano,TX,2024-08-02,2.0,138.54,69.27,1,False
CUST03419,Ethan Smith,ethan.smith@example.com,19,Arlington,TX,2023-11-29,2.0,122.84,61.42,1,False
CUST03420,Mason Jones,mason.jones@example.com,41,Dallas,TX,2025-11-13,4.0,218.5,54.62,1,False
CUST03421,Lucas Wilson,lucas.wilson@example.com,31,Denton,TX,2025-01-11,3.0,183.65,61.22,1,False
CUST03422,Ethan Miller,ethan.miller@example.com,65,Frisco,TX,2024-05-20,3.0,73.67,24.56,1,False
CUST03423,Harper Miller,harper.miller@example.com,24,Dallas,TX,2025-09-26,2.0,261.96,130.98,1,False
CUST03424,James Anderson,james.anderson@example.com,53,Plano,TX,2026-04-14,1.0,41.44,41.44,1,False
CUST03425,Ava Moore,ava.moore@example.com,67,Denton,TX,2025-01-02,3.0,346.8,115.6,1,False
CUST03426,Harper Thomas,harper.thomas@example.com,41,Denton,TX,2024-05-28,0.0,0.0,0.0,1,False
CUST03427,Mason Johnson,mason.johnson@example.com,44,Denton,TX,2025-06-13,1.0,84.66,84.66,1,False
CUST03428,Mason Davis,mason.davis@example.com,54,Houston,TX,2023-12-27,0.0,0.0,0.0,1,False
CUST03429,Mia Williams,mia.williams@example.com,55,Frisco,TX,2023-10-01,4.0,242.64,60.66,1,False
CUST03430,Mia Jackson,mia.jackson@example.com,47,Austin,TX,2023-06-26,2.0,86.23,43.12,1,False
CUST03431,Liam Davis,liam.davis@example.com,44,Plano,TX,2026-04-24,0.0,0.0,0.0,1,False
CUST03432,Harper Williams,harper.williams@example.com,56,Fort Worth,TX,2024-06-10,1.0,46.15,46.15,1,False
CUST03433,Liam Taylor,liam.taylor@example.com,32,Austin,TX,2025-07-01,4.0,248.9,62.22,1,False
CUST03434,Emma Miller,emma.miller@example.com,43,Arlington,TX,2023-10-06,1.0,42.94,42.94,1,False
CUST03435,Ava Johnson,ava.johnson@example.com,18,Frisco,TX,2024-12-06,1.0,95.31,95.31,1,False
CUST03436,Noah Brown,noah.brown@example.com,73,Fort Worth,TX,2026-05-06,3.0,239.77,79.92,1,False
CUST03437,Henry Anderson,henry.anderson@example.com,21,Fort Worth,TX,2023-03-05,0.0,0.0,0.0,1,False
CUST03438,Noah Garcia,noah.garcia@example.com,46,Dallas,TX,2023-10-17,1.0,82.73,82.73,1,False
CUST03439,Henry Anderson,henry.anderson@example.com,74,Arlington,TX,2023-01-18,2.0,360.3,180.15,1,False
CUST03440,Mia Wilson,mia.wilson@example.com,18,Dallas,TX,2023-03-05,1.0,40.91,40.91,1,False
CUST03441,Mia Jones,mia.jones@example.com,60,Dallas,TX,2023-11-26,0.0,0.0,0.0,1,False
CUST03442,Mia Moore,mia.moore@example.com,67,Denton,TX,2025-02-01,0.0,0.0,0.0,1,False
CUST03443,Lucas Wilson,lucas.wilson@example.com,63,Frisco,TX,2025-11-06,0.0,0.0,0.0,1,False
CUST03444,Sophia Jackson,sophia.jackson@example.com,39,Houston,TX,2024-03-18,2.0,41.75,20.88,1,False
CUST03445,Henry Jones,henry.jones@example.com,28,Dallas,TX,2023-05-21,0.0,0.0,0.0,1,False
CUST03446,Harper Taylor,harper.taylor@example.com,27,Austin,TX,2024-03-19,1.0,39.65,39.65,1,False
CUST03447,Liam Davis,liam.davis@example.com,34,Fort Worth,TX,2024-05-10,1.0,19.35,19.35,1,False
CUST03448,Lucas Moore,lucas.moore@example.com,53,Frisco,TX,2024-03-01,2.0,165.92,82.96,1,False
CUST03449,Olivia Moore,olivia.moore@example.com,73,Dallas,TX,2026-06-22,0.0,0.0,0.0,1,False
CUST03450,Noah Smith,noah.smith@example.com,64,Plano,TX,2024-03-25,1.0,165.69,165.69,1,False
CUST03451,James Miller,james.miller@example.com,43,Austin,TX,2023-12-17,1.0,114.82,114.82,1,False
CUST03452,Isabella Brown,isabella.brown@example.com,65,Arlington,TX,2024-08-21,0.0,0.0,0.0,1,False
CUST03453,Mason Jones,mason.jones@example.com,38,Fort Worth,TX,2024-12-11,4.0,362.55,90.64,1,False
CUST03454,Liam Garcia,liam.garcia@example.com,30,Frisco,TX,2025-05-19,0.0,0.0,0.0,1,False
CUST03455,Ethan Jones,ethan.jones@example.com,26,Plano,TX,2026-03-30,3.0,222.25,74.08,1,False
CUST03456,Amelia Thomas,amelia.thomas@example.com,28,Frisco,TX,2026-03-09,0.0,0.0,0.0,1,False
CUST03457,Olivia Smith,olivia.smith@example.com,28,Frisco,TX,2024-01-28,1.0,24.98,24.98,1,False
CUST03458,Harper Thomas,harper.thomas@example.com,23,Plano,TX,2025-04-21,0.0,0.0,0.0,1,False
CUST03459,James Wilson,james.wilson@example.com,18,Arlington,TX,2024-02-05,1.0,21.84,21.84,1,False
CUST03460,Liam Johnson,liam.johnson@example.com,71,Plano,TX,2023-02-19,2.0,201.89,100.94,1,False
CUST03461,Isabella Wilson,isabella.wilson@example.com,23,Austin,TX,2025-01-13,2.0,161.79,80.9,1,False
CUST03462,Lucas Taylor,lucas.taylor@example.com,30,Denton,TX,2025-06-24,1.0,88.16,88.16,1,False
CUST03463,Harper Johnson,harper.johnson@example.com,39,Frisco,TX,2025-11-01,0.0,0.0,0.0,1,False
CUST03464,Ava Wilson,ava.wilson@example.com,73,Arlington,TX,2025-09-17,1.0,44.28,44.28,1,False
CUST03465,Mason Garcia,mason.garcia@example.com,48,Frisco,TX,2025-11-04,2.0,100.09,50.04,1,False
CUST03466,Liam Anderson,liam.anderson@example.com,39,Plano,TX,2023-01-28,0.0,0.0,0.0,1,False
CUST03467,Sophia Wilson,sophia.wilson@example.com,54,Arlington,TX,2024-01-23,0.0,0.0,0.0,1,False
CUST03468,Mia Moore,mia.moore@example.com,64,Arlington,TX,2025-04-12,2.0,159.93,79.96,1,False
CUST03469,Mia Garcia,mia.garcia@example.com,44,Dallas,TX,2023-09-07,2.0,54.9,27.45,1,False
CUST03470,Mason Garcia,mason.garcia@example.com,67,Dallas,TX,2023-04-08,1.0,48.68,48.68,1,False
CUST03471,Isabella Moore,isabella.moore@example.com,69,Denton,TX,2025-11-28,2.0,302.75,151.38,1,False
CUST03472,Henry Anderson,henry.anderson@example.com,31,Dallas,TX,2025-11-27,0.0,0.0,0.0,1,False
CUST03473,James Martin,james.martin@example.com,64,Plano,TX,2023-06-28,2.0,62.9,31.45,1,False
CUST03474,Lucas Johnson,lucas.johnson@example.com,22,Fort Worth,TX,2025-06-10,1.0,57.27,57.27,1,False
CUST03475,Mia Davis,mia.davis@example.com,53,Austin,TX,2025-01-19,2.0,74.46,37.23,1,False
CUST03476,Liam Williams,liam.williams@example.com,49,Plano,TX,2026-04-02,1.0,69.69,69.69,1,False
CUST03477,Ethan Miller,ethan.miller@example.com,51,Frisco,TX,2024-03-28,0.0,0.0,0.0,1,False
CUST03478,Noah Jones,noah.jones@example.com,24,Dallas,TX,2023-04-07,2.0,90.01,45.0,1,False
CUST03479,Henry Williams,henry.williams@example.com,59,Arlington,TX,2023-11-05,2.0,318.95,159.48,1,False
CUST03480,Noah Smith,noah.smith@example.com,65,Plano,TX,2023-09-19,0.0,0.0,0.0,1,False
CUST03481,Olivia Davis,olivia.davis@example.com,27,Arlington,TX,2023-10-20,3.0,394.04,131.35,1,False
CUST03482,James Williams,james.williams@example.com,67,Denton,TX,2023-09-06,3.0,949.71,316.57,-1,True
CUST03483,Emma Johnson,emma.johnson@example.com,34,Frisco,TX,2023-09-02,2.0,406.99,203.5,1,False
CUST03484,Henry Smith,henry.smith@example.com,47,Arlington,TX,2023-09-08,1.0,198.28,198.28,1,False
CUST03485,Ava Brown,ava.brown@example.com,38,Arlington,TX,2023-05-03,1.0,24.26,24.26,1,False
CUST03486,Mason Moore,mason.moore@example.com,30,Denton,TX,2023-11-21,2.0,117.02,58.51,1,False
CUST03487,Olivia Davis,olivia.davis@example.com,18,Houston,TX,2025-09-12,4.0,350.91,87.73,1,False
CUST03488,Emma Moore,emma.moore@example.com,18,Fort Worth,TX,2024-05-15,3.0,177.31,59.1,1,False
CUST03489,Lucas Williams,lucas.williams@example.com,64,Austin,TX,2024-11-17,1.0,51.75,51.75,1,False
CUST03490,Henry Martin,henry.martin@example.com,50,Austin,TX,2025-12-25,1.0,45.64,45.64,1,False
CUST03491,Sophia Smith,sophia.smith@example.com,55,Dallas,TX,2025-04-15,0.0,0.0,0.0,1,False
CUST03492,Sophia Brown,sophia.brown@example.com,42,Houston,TX,2023-02-28,2.0,89.4,44.7,1,False
CUST03493,Ava Wilson,ava.wilson@example.com,43,Plano,TX,2024-12-31,2.0,107.59,53.8,1,False
CUST03494,James Moore,james.moore@example.com,30,Denton,TX,2023-09-23,3.0,327.98,109.33,1,False
CUST03495,Mia Smith,mia.smith@example.com,45,Plano,TX,2023-08-24,2.0,284.36,142.18,1,False
CUST03496,Harper Thomas,harper.thomas@example.com,50,Austin,TX,2025-06-16,1.0,75.54,75.54,1,False
CUST03497,Liam Martin,liam.martin@example.com,54,Fort Worth,TX,2023-08-06,2.0,209.05,104.52,1,False
CUST03498,Olivia Anderson,olivia.anderson@example.com,58,Arlington,TX,2025-09-01,0.0,0.0,0.0,1,False
CUST03499,Amelia Johnson,amelia.johnson@example.com,47,Frisco,TX,2024-08-11,4.0,170.67,42.67,1,False
CUST03500,Henry Wilson,henry.wilson@example.com,74,Dallas,TX,2025-07-05,3.0,85.07,28.36,1,False
CUST03501,Olivia Johnson,olivia.johnson@example.com,66,Fort Worth,TX,2025-07-06,1.0,323.21,323.21,-1,True
CUST03502,Henry Moore,henry.moore@example.com,65,Austin,TX,2026-02-07,6.0,382.88,63.81,-1,True
CUST03503,Mason Williams,mason.williams@example.com,25,Houston,TX,2023-12-19,1.0,36.51,36.51,1,False
CUST03504,Henry Miller,henry.miller@example.com,66,Dallas,TX,2023-04-01,1.0,65.73,65.73,1,False
CUST03505,Mason Williams,mason.williams@example.com,64,Denton,TX,2024-12-02,2.0,169.67,84.84,1,False
CUST03506,Henry Wilson,henry.wilson@example.com,73,Austin,TX,2023-03-14,2.0,209.48,104.74,1,False
CUST03507,Sophia Garcia,sophia.garcia@example.com,18,Plano,TX,2024-11-15,3.0,327.88,109.29,1,False
CUST03508,Sophia Williams,sophia.williams@example.com,29,Dallas,TX,2024-12-22,2.0,216.29,108.15,1,False
CUST03509,James Wilson,james.wilson@example.com,22,Denton,TX,2026-05-06,1.0,60.16,60.16,1,False
CUST03510,Isabella Smith,isabella.smith@example.com,41,Austin,TX,2025-08-15,1.0,51.81,51.81,1,False
CUST03511,Ethan Taylor,ethan.taylor@example.com,23,Plano,TX,2025-11-21,1.0,89.08,89.08,1,False
CUST03512,Ethan Williams,ethan.williams@example.com,42,Frisco,TX,2024-10-09,2.0,102.51,51.26,1,False
CUST03513,Isabella Smith,isabella.smith@example.com,18,Plano,TX,2025-01-29,1.0,96.19,96.19,1,False
CUST03514,Mia Johnson,mia.johnson@example.com,42,Arlington,TX,2025-05-20,1.0,33.28,33.28,1,False
CUST03515,Ethan Thomas,ethan.thomas@example.com,18,Denton,TX,2023-05-23,1.0,139.71,139.71,1,False
CUST03516,James Davis,james.davis@example.com,49,Denton,TX,2025-08-06,2.0,90.73,45.36,1,False
CUST03517,Amelia Miller,amelia.miller@example.com,59,Houston,TX,2023-02-13,0.0,0.0,0.0,1,False
CUST03518,Amelia Johnson,amelia.johnson@example.com,59,Denton,TX,2023-02-01,2.0,81.48,40.74,1,False
CUST03519,Liam Johnson,liam.johnson@example.com,20,Arlington,TX,2023-01-28,1.0,5.74,5.74,1,False
CUST03520,Liam Wilson,liam.wilson@example.com,66,Austin,TX,2025-10-16,0.0,0.0,0.0,1,False
CUST03521,Amelia Moore,amelia.moore@example.com,36,Frisco,TX,2024-02-27,2.0,189.95,94.98,1,False
CUST03522,Olivia Moore,olivia.moore@example.com,60,Fort Worth,TX,2024-05-05,1.0,100.85,100.85,1,False
CUST03523,Harper Garcia,harper.garcia@example.com,46,Frisco,TX,2023-06-09,0.0,0.0,0.0,1,False
CUST03524,Noah Jones,noah.jones@example.com,67,Frisco,TX,2025-04-24,1.0,88.56,88.56,1,False
CUST03525,Isabella Taylor,isabella.taylor@example.com,19,Denton,TX,2026-05-15,1.0,41.49,41.49,1,False
CUST03526,Liam Garcia,liam.garcia@example.com,26,Frisco,TX,2023-01-18,2.0,111.4,55.7,1,False
CUST03527,Harper Wilson,harper.wilson@example.com,73,Denton,TX,2026-01-31,0.0,0.0,0.0,1,False
CUST03528,Harper Anderson,harper.anderson@example.com,34,Arlington,TX,2024-11-02,2.0,279.43,139.72,1,False
CUST03529,Emma Miller,emma.miller@example.com,63,Fort Worth,TX,2023-08-20,4.0,582.3,145.58,-1,True
CUST03530,Sophia Jackson,sophia.jackson@example.com,53,Plano,TX,2024-02-28,1.0,64.2,64.2,1,False
CUST03531,Mason Taylor,mason.taylor@example.com,34,Denton,TX,2025-06-22,3.0,185.47,61.82,1,False
CUST03532,James Taylor,james.taylor@example.com,66,Austin,TX,2025-01-24,1.0,34.97,34.97,1,False
CUST03533,Amelia Martin,amelia.martin@example.com,29,Houston,TX,2025-04-16,4.0,142.37,35.59,1,False
CUST03534,Ethan Wilson,ethan.wilson@example.com,37,Fort Worth,TX,2025-06-12,2.0,219.51,109.76,1,False
CUST03535,Isabella Brown,isabella.brown@example.com,67,Austin,TX,2023-08-27,3.0,178.26,59.42,1,False
CUST03536,Olivia Johnson,olivia.johnson@example.com,20,Denton,TX,2023-05-29,2.0,168.35,84.18,1,False
CUST03537,Amelia Thomas,amelia.thomas@example.com,60,Fort Worth,TX,2024-09-14,1.0,73.38,73.38,1,False
CUST03538,Ava Davis,ava.davis@example.com,74,Denton,TX,2023-01-17,3.0,197.21,65.74,1,False
CUST03539,Mason Brown,mason.brown@example.com,67,Arlington,TX,2025-07-02,0.0,0.0,0.0,1,False
CUST03540,Emma Moore,emma.moore@example.com,21,Austin,TX,2023-08-14,1.0,65.74,65.74,1,False
CUST03541,Harper Wilson,harper.wilson@example.com,34,Arlington,TX,2024-10-13,1.0,25.23,25.23,1,False
CUST03542,Ethan Jackson,ethan.jackson@example.com,67,Dallas,TX,2023-09-17,2.0,211.25,105.62,1,False
CUST03543,Emma Jackson,emma.jackson@example.com,54,Austin,TX,2024-11-04,0.0,0.0,0.0,1,False
CUST03544,Sophia Brown,sophia.brown@example.com,63,Fort Worth,TX,2023-06-23,2.0,107.38,53.69,1,False
CUST03545,Amelia Jackson,amelia.jackson@example.com,59,Dallas,TX,2023-07-24,2.0,91.79,45.9,1,False
CUST03546,Henry Davis,henry.davis@example.com,32,Arlington,TX,2024-02-19,1.0,32.57,32.57,1,False
CUST03547,Sophia Wilson,sophia.wilson@example.com,50,Arlington,TX,2026-03-22,0.0,0.0,0.0,1,False
CUST03548,James Moore,james.moore@example.com,33,Fort Worth,TX,2026-01-31,2.0,156.89,78.44,1,False
CUST03549,Harper Wilson,harper.wilson@example.com,28,Dallas,TX,2025-03-02,0.0,0.0,0.0,1,False
CUST03550,Mia Taylor,mia.taylor@example.com,72,Frisco,TX,2025-12-24,1.0,36.66,36.66,1,False
CUST03551,Olivia Brown,olivia.brown@example.com,37,Plano,TX,2026-02-14,1.0,33.14,33.14,1,False
CUST03552,Harper Smith,harper.smith@example.com,55,Houston,TX,2026-03-25,0.0,0.0,0.0,1,False
CUST03553,Mason Jackson,mason.jackson@example.com,41,Fort Worth,TX,2026-01-10,2.0,582.72,291.36,-1,True
CUST03554,Lucas Williams,lucas.williams@example.com,71,Arlington,TX,2024-06-01,2.0,131.37,65.68,1,False
CUST03555,Lucas Wilson,lucas.wilson@example.com,33,Austin,TX,2025-12-26,3.0,131.37,43.79,1,False
CUST03556,Mason Brown,mason.brown@example.com,47,Dallas,TX,2026-06-15,0.0,0.0,0.0,1,False
CUST03557,Ava Jones,ava.jones@example.com,51,Denton,TX,2025-09-05,1.0,49.93,49.93,1,False
CUST03558,James Miller,james.miller@example.com,18,Plano,TX,2025-10-06,0.0,0.0,0.0,1,False
CUST03559,Olivia Jones,olivia.jones@example.com,41,Houston,TX,2024-08-12,4.0,253.58,63.4,1,False
CUST03560,Emma Brown,emma.brown@example.com,41,Austin,TX,2023-03-08,1.0,43.3,43.3,1,False
CUST03561,Ava Jackson,ava.jackson@example.com,26,Dallas,TX,2026-04-14,4.0,396.81,99.2,1,False
CUST03562,Noah Johnson,noah.johnson@example.com,39,Plano,TX,2024-11-14,2.0,349.98,174.99,1,False
CUST03563,Mason Jackson,mason.jackson@example.com,29,Fort Worth,TX,2023-03-04,2.0,104.04,52.02,1,False
CUST03564,Emma Johnson,emma.johnson@example.com,34,Denton,TX,2025-03-24,0.0,0.0,0.0,1,False
CUST03565,Lucas Moore,lucas.moore@example.com,42,Plano,TX,2024-02-07,0.0,0.0,0.0,1,False
CUST03566,Liam Moore,liam.moore@example.com,45,Fort Worth,TX,2023-07-11,0.0,0.0,0.0,1,False
CUST03567,Isabella Brown,isabella.brown@example.com,32,Denton,TX,2023-03-12,2.0,246.9,123.45,1,False
CUST03568,Mia Taylor,mia.taylor@example.com,47,Denton,TX,2025-05-27,5.0,438.24,87.65,1,False
CUST03569,Lucas Moore,lucas.moore@example.com,68,Frisco,TX,2025-01-10,1.0,33.81,33.81,1,False
CUST03570,Olivia Taylor,olivia.taylor@example.com,44,Dallas,TX,2025-08-03,1.0,20.88,20.88,1,False
CUST03571,Henry Moore,henry.moore@example.com,39,Denton,TX,2025-12-22,2.0,201.8,100.9,1,False
CUST03572,Sophia Jackson,sophia.jackson@example.com,27,Plano,TX,2023-09-02,4.0,438.71,109.68,1,False
CUST03573,Isabella Wilson,isabella.wilson@example.com,48,Denton,TX,2024-06-02,2.0,91.95,45.97,1,False
CUST03574,Isabella Davis,isabella.davis@example.com,44,Houston,TX,2024-01-28,1.0,68.32,68.32,1,False
CUST03575,Liam Williams,liam.williams@example.com,29,Plano,TX,2025-02-10,4.0,296.18,74.04,1,False
CUST03576,Mia Jackson,mia.jackson@example.com,63,Dallas,TX,2026-04-15,2.0,142.14,71.07,1,False
CUST03577,Amelia Martin,amelia.martin@example.com,48,Austin,TX,2026-05-12,2.0,124.77,62.39,1,False
CUST03578,Mia Wilson,mia.wilson@example.com,49,Austin,TX,2025-06-29,1.0,237.95,237.95,1,False
CUST03579,Noah Martin,noah.martin@example.com,49,Plano,TX,2026-02-25,2.0,123.33,61.66,1,False
CUST03580,Noah Jones,noah.jones@example.com,58,Plano,TX,2026-05-03,0.0,0.0,0.0,1,False
CUST03581,Ethan Anderson,ethan.anderson@example.com,62,Fort Worth,TX,2026-05-02,0.0,0.0,0.0,1,False
CUST03582,Lucas Williams,lucas.williams@example.com,52,Dallas,TX,2023-07-03,2.0,218.52,109.26,1,False
CUST03583,Lucas Jones,lucas.jones@example.com,70,Fort Worth,TX,2023-09-04,1.0,55.83,55.83,1,False
CUST03584,Lucas Moore,lucas.moore@example.com,63,Houston,TX,2023-11-20,2.0,96.58,48.29,1,False
CUST03585,Ethan Taylor,ethan.taylor@example.com,38,Frisco,TX,2023-06-09,3.0,164.5,54.83,1,False
CUST03586,James Moore,james.moore@example.com,27,Austin,TX,2024-12-06,2.0,108.38,54.19,1,False
CUST03587,Ava Brown,ava.brown@example.com,33,Denton,TX,2024-09-13,1.0,49.33,49.33,1,False
CUST03588,Henry Davis,henry.davis@example.com,24,Denton,TX,2025-07-13,0.0,0.0,0.0,1,False
CUST03589,Henry Moore,henry.moore@example.com,21,Arlington,TX,2023-03-07,1.0,68.52,68.52,1,False
CUST03590,Mia Thomas,mia.thomas@example.com,44,Arlington,TX,2025-07-18,2.0,135.95,67.97,1,False
CUST03591,Liam Jones,liam.jones@example.com,69,Dallas,TX,2023-09-11,2.0,55.96,27.98,1,False
CUST03592,Olivia Taylor,olivia.taylor@example.com,72,Denton,TX,2023-10-10,1.0,25.15,25.15,1,False
CUST03593,Mia Thomas,mia.thomas@example.com,42,Dallas,TX,2025-12-19,1.0,44.47,44.47,1,False
CUST03594,Noah Davis,noah.davis@example.com,48,Arlington,TX,2023-04-28,1.0,19.76,19.76,1,False
CUST03595,Isabella Wilson,isabella.wilson@example.com,28,Dallas,TX,2024-02-27,0.0,0.0,0.0,1,False
CUST03596,Emma Brown,emma.brown@example.com,65,Austin,TX,2024-07-09,2.0,211.22,105.61,1,False
CUST03597,Harper Miller,harper.miller@example.com,37,Houston,TX,2023-02-05,2.0,121.31,60.66,1,False
CUST03598,Sophia Johnson,sophia.johnson@example.com,53,Houston,TX,2024-06-14,2.0,78.54,39.27,1,False
CUST03599,Ethan Garcia,ethan.garcia@example.com,71,Denton,TX,2023-04-01,1.0,85.57,85.57,1,False
CUST03600,Mason Davis,mason.davis@example.com,71,Fort Worth,TX,2026-05-25,1.0,20.41,20.41,1,False
CUST03601,Emma Thomas,emma.thomas@example.com,72,Austin,TX,2023-04-08,3.0,150.87,50.29,1,False
CUST03602,Olivia Miller,olivia.miller@example.com,34,Frisco,TX,2024-06-14,1.0,54.62,54.62,1,False
CUST03603,Lucas Miller,lucas.miller@example.com,62,Dallas,TX,2024-06-21,3.0,190.34,63.45,1,False
CUST03604,Noah Davis,noah.davis@example.com,28,Dallas,TX,2025-11-17,0.0,0.0,0.0,1,False
CUST03605,Harper Miller,harper.miller@example.com,47,Denton,TX,2026-05-31,2.0,116.16,58.08,1,False
CUST03606,Amelia Jones,amelia.jones@example.com,52,Frisco,TX,2023-03-21,0.0,0.0,0.0,1,False
CUST03607,Noah Miller,noah.miller@example.com,58,Fort Worth,TX,2024-07-16,3.0,109.08,36.36,1,False
CUST03608,Noah Moore,noah.moore@example.com,55,Fort Worth,TX,2024-09-05,1.0,74.99,74.99,1,False
CUST03609,Lucas Martin,lucas.martin@example.com,39,Dallas,TX,2023-06-25,2.0,300.03,150.01,1,False
CUST03610,Mason Taylor,mason.taylor@example.com,70,Dallas,TX,2024-06-05,2.0,74.96,37.48,1,False
CUST03611,Ethan Williams,ethan.williams@example.com,60,Frisco,TX,2024-02-27,0.0,0.0,0.0,1,False
CUST03612,Emma Jones,emma.jones@example.com,65,Denton,TX,2026-01-28,2.0,132.54,66.27,1,False
CUST03613,Lucas Miller,lucas.miller@example.com,68,Austin,TX,2024-07-29,4.0,201.38,50.34,1,False
CUST03614,Olivia Jackson,olivia.jackson@example.com,44,Frisco,TX,2024-06-14,2.0,68.01,34.01,1,False
CUST03615,Ethan Wilson,ethan.wilson@example.com,54,Fort Worth,TX,2023-11-28,1.0,47.2,47.2,1,False
CUST03616,Olivia Jackson,olivia.jackson@example.com,63,Frisco,TX,2024-10-14,0.0,0.0,0.0,1,False
CUST03617,Ethan Johnson,ethan.johnson@example.com,66,Frisco,TX,2025-01-09,1.0,123.06,123.06,1,False
CUST03618,Mason Brown,mason.brown@example.com,52,Frisco,TX,2026-01-17,2.0,154.26,77.13,1,False
CUST03619,Sophia Thomas,sophia.thomas@example.com,21,Austin,TX,2024-05-25,1.0,39.2,39.2,1,False
CUST03620,Olivia Miller,olivia.miller@example.com,33,Plano,TX,2023-02-11,0.0,0.0,0.0,1,False
CUST03621,Lucas Smith,lucas.smith@example.com,33,Dallas,TX,2025-06-03,1.0,69.05,69.05,1,False
CUST03622,Ethan Moore,ethan.moore@example.com,38,Arlington,TX,2023-03-22,2.0,92.7,46.35,1,False
CUST03623,Henry Johnson,henry.johnson@example.com,43,Denton,TX,2024-02-06,1.0,66.83,66.83,1,False
CUST03624,Noah Wilson,noah.wilson@example.com,74,Frisco,TX,2023-04-17,2.0,81.46,40.73,1,False
CUST03625,James Moore,james.moore@example.com,53,Denton,TX,2026-02-08,3.0,255.0,85.0,1,False
CUST03626,Mia Taylor,mia.taylor@example.com,36,Arlington,TX,2026-05-22,3.0,324.31,108.1,1,False
CUST03627,Amelia Miller,amelia.miller@example.com,34,Plano,TX,2024-05-20,0.0,0.0,0.0,1,False
CUST03628,Noah Thomas,noah.thomas@example.com,62,Dallas,TX,2026-02-18,1.0,53.55,53.55,1,False
CUST03629,Ava Taylor,ava.taylor@example.com,43,Fort Worth,TX,2026-03-03,1.0,56.5,56.5,1,False
CUST03630,Sophia Miller,sophia.miller@example.com,39,Arlington,TX,2024-12-20,2.0,62.83,31.42,1,False
CUST03631,Sophia Garcia,sophia.garcia@example.com,72,Denton,TX,2023-09-14,1.0,83.05,83.05,1,False
CUST03632,Noah Williams,noah.williams@example.com,73,Denton,TX,2025-08-11,2.0,83.8,41.9,1,False
CUST03633,Amelia Taylor,amelia.taylor@example.com,45,Denton,TX,2026-04-18,2.0,48.01,24.0,1,False
CUST03634,Henry Williams,henry.williams@example.com,18,Fort Worth,TX,2025-07-21,2.0,82.75,41.38,1,False
CUST03635,Emma Johnson,emma.johnson@example.com,61,Arlington,TX,2025-12-07,4.0,283.13,70.78,1,False
CUST03636,Mason Anderson,mason.anderson@example.com,53,Denton,TX,2025-06-15,0.0,0.0,0.0,1,False
CUST03637,Olivia Garcia,olivia.garcia@example.com,60,Fort Worth,TX,2023-01-19,0.0,0.0,0.0,1,False
CUST03638,Lucas Brown,lucas.brown@example.com,54,Frisco,TX,2025-12-05,3.0,265.0,88.33,1,False
CUST03639,Sophia Jones,sophia.jones@example.com,19,Denton,TX,2024-03-26,4.0,170.11,42.53,1,False
CUST03640,Noah Williams,noah.williams@example.com,34,Arlington,TX,2025-06-16,1.0,115.86,115.86,1,False
CUST03641,Noah Garcia,noah.garcia@example.com,57,Fort Worth,TX,2025-12-15,0.0,0.0,0.0,1,False
CUST03642,Mason Anderson,mason.anderson@example.com,55,Plano,TX,2025-01-10,2.0,112.96,56.48,1,False
CUST03643,Henry Thomas,henry.thomas@example.com,38,Austin,TX,2026-01-20,2.0,151.0,75.5,1,False
CUST03644,Mason Williams,mason.williams@example.com,26,Fort Worth,TX,2023-03-23,0.0,0.0,0.0,1,False
CUST03645,Liam Martin,liam.martin@example.com,30,Austin,TX,2025-01-06,0.0,0.0,0.0,1,False
CUST03646,Henry Jackson,henry.jackson@example.com,28,Austin,TX,2023-03-20,1.0,27.29,27.29,1,False
CUST03647,Liam Martin,liam.martin@example.com,33,Dallas,TX,2023-10-10,1.0,53.15,53.15,1,False
CUST03648,Emma Davis,emma.davis@example.com,33,Frisco,TX,2025-09-23,0.0,0.0,0.0,1,False
CUST03649,Harper Wilson,harper.wilson@example.com,19,Plano,TX,2023-06-09,5.0,652.67,130.53,-1,True
CUST03650,James Brown,james.brown@example.com,59,Austin,TX,2026-03-25,3.0,172.03,57.34,1,False
CUST03651,James Jackson,james.jackson@example.com,61,Houston,TX,2025-06-06,1.0,46.8,46.8,1,False
CUST03652,Emma Wilson,emma.wilson@example.com,25,Frisco,TX,2024-04-12,1.0,68.3,68.3,1,False
CUST03653,Ava Thomas,ava.thomas@example.com,60,Austin,TX,2025-05-02,0.0,0.0,0.0,1,False
CUST03654,Harper Miller,harper.miller@example.com,59,Fort Worth,TX,2024-04-06,0.0,0.0,0.0,1,False
CUST03655,Henry Williams,henry.williams@example.com,30,Austin,TX,2025-05-03,3.0,185.51,61.84,1,False
CUST03656,Emma Miller,emma.miller@example.com,74,Fort Worth,TX,2023-04-27,3.0,215.37,71.79,1,False
CUST03657,Ethan Martin,ethan.martin@example.com,34,Denton,TX,2023-12-30,3.0,209.5,69.83,1,False
CUST03658,Mason Smith,mason.smith@example.com,56,Fort Worth,TX,2024-04-10,0.0,0.0,0.0,1,False
CUST03659,Amelia Williams,amelia.williams@example.com,41,Houston,TX,2023-07-03,4.0,280.87,70.22,1,False
CUST03660,James Garcia,james.garcia@example.com,20,Austin,TX,2024-10-21,3.0,218.84,72.95,1,False
CUST03661,Henry Brown,henry.brown@example.com,47,Austin,TX,2026-04-04,1.0,66.79,66.79,1,False
CUST03662,Lucas Miller,lucas.miller@example.com,69,Arlington,TX,2023-03-16,1.0,39.47,39.47,1,False
CUST03663,Ethan Martin,ethan.martin@example.com,30,Frisco,TX,2025-04-05,2.0,43.15,21.58,1,False
CUST03664,Olivia Williams,olivia.williams@example.com,36,Arlington,TX,2024-05-17,0.0,0.0,0.0,1,False
CUST03665,Harper Smith,harper.smith@example.com,24,Dallas,TX,2025-03-05,0.0,0.0,0.0,1,False
CUST03666,Noah Wilson,noah.wilson@example.com,26,Fort Worth,TX,2024-08-09,4.0,320.4,80.1,1,False
CUST03667,Emma Jackson,emma.jackson@example.com,36,Houston,TX,2024-10-17,2.0,157.79,78.9,1,False
CUST03668,Amelia Garcia,amelia.garcia@example.com,62,Arlington,TX,2024-11-30,1.0,43.89,43.89,1,False
CUST03669,Noah Davis,noah.davis@example.com,71,Austin,TX,2024-09-26,2.0,117.33,58.67,1,False
CUST03670,Henry Williams,henry.williams@example.com,57,Dallas,TX,2025-04-23,4.0,356.12,89.03,1,False
CUST03671,Sophia Davis,sophia.davis@example.com,39,Houston,TX,2026-06-28,1.0,42.47,42.47,1,False
CUST03672,Ava Johnson,ava.johnson@example.com,35,Plano,TX,2025-04-14,2.0,89.52,44.76,1,False
CUST03673,Sophia Thomas,sophia.thomas@example.com,40,Austin,TX,2026-02-27,2.0,222.93,111.46,1,False
CUST03674,Ava Brown,ava.brown@example.com,19,Austin,TX,2025-02-02,1.0,33.64,33.64,1,False
CUST03675,Liam Williams,liam.williams@example.com,67,Denton,TX,2023-12-24,0.0,0.0,0.0,1,False
CUST03676,Harper Taylor,harper.taylor@example.com,67,Plano,TX,2024-11-22,1.0,51.36,51.36,1,False
CUST03677,Noah Smith,noah.smith@example.com,28,Fort Worth,TX,2024-09-13,1.0,109.89,109.89,1,False
CUST03678,Ava Jackson,ava.jackson@example.com,48,Fort Worth,TX,2024-04-26,3.0,93.25,31.08,1,False
CUST03679,Isabella Moore,isabella.moore@example.com,50,Arlington,TX,2025-09-06,3.0,323.22,107.74,1,False
CUST03680,James Moore,james.moore@example.com,31,Arlington,TX,2026-01-06,2.0,133.36,66.68,1,False
CUST03681,Isabella Miller,isabella.miller@example.com,33,Austin,TX,2025-09-04,0.0,0.0,0.0,1,False
CUST03682,Harper Anderson,harper.anderson@example.com,28,Frisco,TX,2023-10-17,0.0,0.0,0.0,1,False
CUST03683,Isabella Taylor,isabella.taylor@example.com,50,Austin,TX,2025-01-21,2.0,119.92,59.96,1,False
CUST03684,Mia Johnson,mia.johnson@example.com,24,Arlington,TX,2023-01-23,4.0,305.25,76.31,1,False
CUST03685,James Brown,james.brown@example.com,48,Plano,TX,2025-03-16,1.0,61.08,61.08,1,False
CUST03686,Ethan Wilson,ethan.wilson@example.com,65,Arlington,TX,2023-06-21,0.0,0.0,0.0,1,False
CUST03687,Amelia Garcia,amelia.garcia@example.com,63,Austin,TX,2025-04-14,3.0,301.01,100.34,1,False
CUST03688,Ava Davis,ava.davis@example.com,64,Houston,TX,2023-11-14,1.0,68.93,68.93,1,False
CUST03689,Ava Johnson,ava.johnson@example.com,31,Austin,TX,2025-06-26,0.0,0.0,0.0,1,False
CUST03690,Ethan Miller,ethan.miller@example.com,45,Houston,TX,2025-03-08,3.0,267.81,89.27,1,False
CUST03691,Noah Garcia,noah.garcia@example.com,70,Houston,TX,2025-09-17,4.0,324.78,81.19,1,False
CUST03692,Noah Moore,noah.moore@example.com,60,Austin,TX,2025-05-04,2.0,49.14,24.57,1,False
CUST03693,Harper Martin,harper.martin@example.com,33,Frisco,TX,2026-05-01,0.0,0.0,0.0,1,False
CUST03694,Isabella Wilson,isabella.wilson@example.com,36,Frisco,TX,2024-11-11,1.0,82.11,82.11,1,False
CUST03695,Harper Miller,harper.miller@example.com,34,Dallas,TX,2025-07-04,1.0,54.09,54.09,1,False
CUST03696,Ethan Smith,ethan.smith@example.com,43,Arlington,TX,2026-02-15,1.0,71.03,71.03,1,False
CUST03697,Harper Martin,harper.martin@example.com,23,Frisco,TX,2025-10-26,1.0,214.96,214.96,1,False
CUST03698,Henry Davis,henry.davis@example.com,60,Fort Worth,TX,2025-04-22,2.0,155.28,77.64,1,False
CUST03699,James Anderson,james.anderson@example.com,66,Austin,TX,2024-04-27,0.0,0.0,0.0,1,False
CUST03700,Isabella Taylor,isabella.taylor@example.com,26,Houston,TX,2023-05-12,4.0,181.61,45.4,1,False
CUST03701,Sophia Jackson,sophia.jackson@example.com,67,Austin,TX,2026-01-21,0.0,0.0,0.0,1,False
CUST03702,Mia Williams,mia.williams@example.com,34,Arlington,TX,2025-05-10,1.0,213.21,213.21,1,False
CUST03703,Lucas Martin,lucas.martin@example.com,48,Plano,TX,2023-10-21,2.0,38.51,19.26,1,False
CUST03704,Olivia Johnson,olivia.johnson@example.com,29,Frisco,TX,2024-10-02,2.0,86.39,43.2,1,False
CUST03705,Mia Thomas,mia.thomas@example.com,40,Frisco,TX,2025-09-26,2.0,148.67,74.34,1,False
CUST03706,Noah Williams,noah.williams@example.com,71,Frisco,TX,2024-01-27,1.0,68.13,68.13,1,False
CUST03707,Amelia Anderson,amelia.anderson@example.com,71,Houston,TX,2023-09-06,1.0,21.63,21.63,1,False
CUST03708,Lucas Garcia,lucas.garcia@example.com,22,Fort Worth,TX,2024-12-03,2.0,158.28,79.14,1,False
CUST03709,Liam Moore,liam.moore@example.com,60,Denton,TX,2026-03-12,2.0,296.96,148.48,1,False
CUST03710,Emma Martin,emma.martin@example.com,53,Fort Worth,TX,2026-06-14,2.0,123.19,61.6,1,False
CUST03711,Amelia Williams,amelia.williams@example.com,53,Frisco,TX,2023-10-14,1.0,44.42,44.42,1,False
CUST03712,Isabella Taylor,isabella.taylor@example.com,20,Fort Worth,TX,2023-10-04,2.0,230.72,115.36,1,False
CUST03713,Ava Jones,ava.jones@example.com,41,Plano,TX,2024-01-22,2.0,138.72,69.36,1,False
CUST03714,Henry Garcia,henry.garcia@example.com,72,Frisco,TX,2024-03-25,0.0,0.0,0.0,1,False
CUST03715,Henry Davis,henry.davis@example.com,74,Dallas,TX,2023-10-18,0.0,0.0,0.0,1,False
CUST03716,Ethan Miller,ethan.miller@example.com,34,Houston,TX,2026-04-07,1.0,60.89,60.89,1,False
CUST03717,Amelia Martin,amelia.martin@example.com,56,Plano,TX,2024-03-18,2.0,281.56,140.78,1,False
CUST03718,Ethan Anderson,ethan.anderson@example.com,43,Denton,TX,2024-10-17,3.0,210.85,70.28,1,False
CUST03719,Ava Davis,ava.davis@example.com,21,Houston,TX,2026-04-22,1.0,140.27,140.27,1,False
CUST03720,Isabella Williams,isabella.williams@example.com,72,Denton,TX,2025-12-04,0.0,0.0,0.0,1,False
CUST03721,Amelia Brown,amelia.brown@example.com,62,Frisco,TX,2025-04-06,0.0,0.0,0.0,1,False
CUST03722,Emma Garcia,emma.garcia@example.com,29,Plano,TX,2024-04-20,3.0,62.22,20.74,1,False
CUST03723,Olivia Anderson,olivia.anderson@example.com,18,Frisco,TX,2023-09-10,5.0,201.98,40.4,-1,True
CUST03724,Emma Miller,emma.miller@example.com,38,Denton,TX,2023-10-16,3.0,158.32,52.77,1,False
CUST03725,Lucas Wilson,lucas.wilson@example.com,36,Denton,TX,2026-05-20,2.0,87.06,43.53,1,False
CUST03726,Emma Moore,emma.moore@example.com,38,Plano,TX,2025-09-26,2.0,96.5,48.25,1,False
CUST03727,Henry Smith,henry.smith@example.com,69,Frisco,TX,2023-01-21,2.0,102.66,51.33,1,False
CUST03728,Lucas Moore,lucas.moore@example.com,35,Dallas,TX,2023-11-12,3.0,303.86,101.29,1,False
CUST03729,Emma Jackson,emma.jackson@example.com,60,Houston,TX,2024-07-17,3.0,240.09,80.03,1,False
CUST03730,Olivia Davis,olivia.davis@example.com,69,Plano,TX,2026-06-10,2.0,69.48,34.74,1,False
CUST03731,Amelia Davis,amelia.davis@example.com,20,Dallas,TX,2023-05-03,2.0,240.21,120.1,1,False
CUST03732,Olivia Garcia,olivia.garcia@example.com,66,Austin,TX,2025-05-23,1.0,119.22,119.22,1,False
CUST03733,Noah Brown,noah.brown@example.com,61,Frisco,TX,2025-08-17,0.0,0.0,0.0,1,False
CUST03734,Ava Williams,ava.williams@example.com,49,Arlington,TX,2023-08-02,2.0,115.66,57.83,1,False
CUST03735,Olivia Anderson,olivia.anderson@example.com,27,Plano,TX,2025-04-18,2.0,124.51,62.26,1,False
CUST03736,Lucas Williams,lucas.williams@example.com,57,Fort Worth,TX,2024-10-08,2.0,59.59,29.8,1,False
CUST03737,Olivia Garcia,olivia.garcia@example.com,32,Dallas,TX,2025-08-25,4.0,375.77,93.94,1,False
CUST03738,Noah Moore,noah.moore@example.com,22,Dallas,TX,2024-12-30,2.0,28.48,14.24,1,False
CUST03739,Ethan Davis,ethan.davis@example.com,21,Plano,TX,2024-08-22,0.0,0.0,0.0,1,False
CUST03740,Lucas Miller,lucas.miller@example.com,45,Denton,TX,2025-03-02,2.0,160.01,80.0,1,False
CUST03741,Noah Anderson,noah.anderson@example.com,70,Dallas,TX,2023-02-09,2.0,188.33,94.16,1,False
CUST03742,Henry Smith,henry.smith@example.com,69,Austin,TX,2025-01-21,0.0,0.0,0.0,1,False
CUST03743,Sophia Anderson,sophia.anderson@example.com,68,Dallas,TX,2025-07-31,0.0,0.0,0.0,1,False
CUST03744,Sophia Garcia,sophia.garcia@example.com,70,Arlington,TX,2024-10-09,2.0,62.95,31.48,1,False
CUST03745,Liam Miller,liam.miller@example.com,21,Arlington,TX,2023-07-01,0.0,0.0,0.0,1,False
CUST03746,Emma Thomas,emma.thomas@example.com,32,Denton,TX,2023-09-22,3.0,86.99,29.0,1,False
CUST03747,Ava Miller,ava.miller@example.com,34,Frisco,TX,2025-02-09,0.0,0.0,0.0,1,False
CUST03748,Mason Wilson,mason.wilson@example.com,61,Frisco,TX,2025-05-12,2.0,575.97,287.98,-1,True
CUST03749,Mia Anderson,mia.anderson@example.com,20,Denton,TX,2024-03-07,4.0,345.85,86.46,1,False
CUST03750,Noah Anderson,noah.anderson@example.com,27,Fort Worth,TX,2026-05-04,3.0,204.84,68.28,1,False
CUST03751,Ethan Taylor,ethan.taylor@example.com,64,Austin,TX,2024-05-23,3.0,208.26,69.42,1,False
CUST03752,Mia Jones,mia.jones@example.com,59,Arlington,TX,2024-03-22,3.0,95.49,31.83,1,False
CUST03753,Ethan Smith,ethan.smith@example.com,73,Denton,TX,2024-06-11,0.0,0.0,0.0,1,False
CUST03754,Henry Johnson,henry.johnson@example.com,40,Plano,TX,2026-05-10,2.0,136.38,68.19,1,False
CUST03755,James Jackson,james.jackson@example.com,35,Houston,TX,2025-05-24,2.0,176.67,88.34,1,False
CUST03756,James Brown,james.brown@example.com,18,Houston,TX,2026-03-02,1.0,27.95,27.95,1,False
CUST03757,James Jones,james.jones@example.com,52,Houston,TX,2026-03-08,1.0,135.83,135.83,1,False
CUST03758,Mia Wilson,mia.wilson@example.com,70,Frisco,TX,2024-10-30,1.0,73.45,73.45,1,False
CUST03759,Harper Anderson,harper.anderson@example.com,48,Plano,TX,2025-04-26,2.0,290.43,145.22,1,False
CUST03760,Noah Jackson,noah.jackson@example.com,61,Dallas,TX,2023-03-11,1.0,108.91,108.91,1,False
CUST03761,Mason Smith,mason.smith@example.com,18,Plano,TX,2025-03-26,0.0,0.0,0.0,1,False
CUST03762,Mia Williams,mia.williams@example.com,20,Dallas,TX,2025-11-04,1.0,304.68,304.68,-1,True
CUST03763,Noah Jones,noah.jones@example.com,20,Houston,TX,2026-05-20,2.0,232.43,116.22,1,False
CUST03764,Olivia Williams,olivia.williams@example.com,54,Fort Worth,TX,2025-12-19,4.0,487.01,121.75,1,False
CUST03765,Henry Brown,henry.brown@example.com,36,Fort Worth,TX,2026-06-29,1.0,397.66,397.66,-1,True
CUST03766,Mason Jackson,mason.jackson@example.com,46,Denton,TX,2024-03-21,1.0,99.67,99.67,1,False
CUST03767,James Martin,james.martin@example.com,42,Dallas,TX,2025-10-22,1.0,146.41,146.41,1,False
CUST03768,Lucas Williams,lucas.williams@example.com,50,Houston,TX,2023-01-19,0.0,0.0,0.0,1,False
CUST03769,Henry Brown,henry.brown@example.com,53,Plano,TX,2024-07-14,2.0,54.56,27.28,1,False
CUST03770,Ethan Martin,ethan.martin@example.com,46,Fort Worth,TX,2026-01-06,2.0,149.88,74.94,1,False
CUST03771,James Jackson,james.jackson@example.com,43,Dallas,TX,2024-04-16,0.0,0.0,0.0,1,False
CUST03772,Sophia Moore,sophia.moore@example.com,21,Denton,TX,2023-01-28,3.0,279.07,93.02,1,False
CUST03773,Emma Moore,emma.moore@example.com,66,Plano,TX,2024-07-13,1.0,35.81,35.81,1,False
CUST03774,Sophia Jackson,sophia.jackson@example.com,31,Houston,TX,2024-08-30,1.0,98.65,98.65,1,False
CUST03775,James Jackson,james.jackson@example.com,67,Austin,TX,2026-04-03,1.0,221.81,221.81,1,False
CUST03776,Henry Smith,henry.smith@example.com,44,Houston,TX,2024-04-02,0.0,0.0,0.0,1,False
CUST03777,Mason Thomas,mason.thomas@example.com,50,Frisco,TX,2025-08-02,0.0,0.0,0.0,1,False
CUST03778,Lucas Davis,lucas.davis@example.com,39,Houston,TX,2026-04-14,4.0,207.67,51.92,1,False
CUST03779,Ethan Brown,ethan.brown@example.com,65,Denton,TX,2025-09-10,4.0,200.61,50.15,1,False
CUST03780,Harper Miller,harper.miller@example.com,20,Plano,TX,2025-05-17,3.0,329.86,109.95,1,False
CUST03781,Lucas Johnson,lucas.johnson@example.com,40,Denton,TX,2025-10-12,1.0,18.76,18.76,1,False
CUST03782,Mia Johnson,mia.johnson@example.com,38,Plano,TX,2023-01-29,1.0,33.71,33.71,1,False
CUST03783,Amelia Garcia,amelia.garcia@example.com,58,Arlington,TX,2024-10-30,1.0,83.82,83.82,1,False
CUST03784,Ethan Martin,ethan.martin@example.com,40,Arlington,TX,2025-04-05,2.0,73.52,36.76,1,False
CUST03785,James Johnson,james.johnson@example.com,21,Plano,TX,2025-03-26,2.0,105.27,52.64,1,False
CUST03786,Mia Jackson,mia.jackson@example.com,38,Plano,TX,2023-10-06,0.0,0.0,0.0,1,False
CUST03787,Amelia Jackson,amelia.jackson@example.com,54,Austin,TX,2023-10-10,1.0,21.76,21.76,1,False
CUST03788,Noah Garcia,noah.garcia@example.com,60,Austin,TX,2025-09-29,1.0,132.8,132.8,1,False
CUST03789,Mason Anderson,mason.anderson@example.com,48,Houston,TX,2023-11-01,0.0,0.0,0.0,1,False
CUST03790,Isabella Jackson,isabella.jackson@example.com,38,Denton,TX,2024-11-24,1.0,350.19,350.19,-1,True
CUST03791,Noah Johnson,noah.johnson@example.com,43,Frisco,TX,2023-04-19,1.0,133.13,133.13,1,False
CUST03792,Liam Brown,liam.brown@example.com,58,Denton,TX,2023-11-20,0.0,0.0,0.0,1,False
CUST03793,Lucas Miller,lucas.miller@example.com,52,Fort Worth,TX,2026-05-14,0.0,0.0,0.0,1,False
CUST03794,Isabella Davis,isabella.davis@example.com,55,Denton,TX,2026-06-11,0.0,0.0,0.0,1,False
CUST03795,Mia Jackson,mia.jackson@example.com,41,Frisco,TX,2024-04-02,3.0,243.04,81.01,1,False
CUST03796,Olivia Williams,olivia.williams@example.com,28,Austin,TX,2026-04-25,0.0,0.0,0.0,1,False
CUST03797,Noah Martin,noah.martin@example.com,58,Houston,TX,2024-04-26,2.0,128.65,64.32,1,False
CUST03798,Liam Jackson,liam.jackson@example.com,46,Frisco,TX,2025-07-10,0.0,0.0,0.0,1,False
CUST03799,Ava Moore,ava.moore@example.com,64,Denton,TX,2024-06-03,0.0,0.0,0.0,1,False
CUST03800,Isabella Wilson,isabella.wilson@example.com,72,Dallas,TX,2025-12-12,2.0,141.16,70.58,1,False
CUST03801,Sophia Johnson,sophia.johnson@example.com,20,Arlington,TX,2026-05-07,2.0,76.63,38.32,1,False
CUST03802,Ethan Davis,ethan.davis@example.com,18,Frisco,TX,2024-01-26,1.0,42.49,42.49,1,False
CUST03803,Harper Davis,harper.davis@example.com,69,Fort Worth,TX,2025-02-09,1.0,232.15,232.15,1,False
CUST03804,Harper Moore,harper.moore@example.com,71,Houston,TX,2025-07-01,0.0,0.0,0.0,1,False
CUST03805,Liam Martin,liam.martin@example.com,36,Frisco,TX,2026-04-10,3.0,237.76,79.25,1,False
CUST03806,Mason Brown,mason.brown@example.com,63,Plano,TX,2023-03-27,1.0,32.03,32.03,1,False
CUST03807,Isabella Smith,isabella.smith@example.com,66,Denton,TX,2024-07-11,2.0,196.31,98.16,1,False
CUST03808,Noah Moore,noah.moore@example.com,39,Dallas,TX,2025-05-07,3.0,195.21,65.07,1,False
CUST03809,Mason Smith,mason.smith@example.com,31,Arlington,TX,2026-04-24,1.0,74.04,74.04,1,False
CUST03810,Harper Johnson,harper.johnson@example.com,66,Dallas,TX,2026-03-25,3.0,158.08,52.69,1,False
CUST03811,Sophia Martin,sophia.martin@example.com,74,Houston,TX,2024-10-27,3.0,213.55,71.18,1,False
CUST03812,Olivia Jackson,olivia.jackson@example.com,31,Denton,TX,2026-02-27,4.0,471.49,117.87,1,False
CUST03813,Lucas Thomas,lucas.thomas@example.com,61,Austin,TX,2025-04-22,3.0,236.1,78.7,1,False
CUST03814,Lucas Martin,lucas.martin@example.com,33,Arlington,TX,2026-01-09,2.0,190.97,95.48,1,False
CUST03815,James Wilson,james.wilson@example.com,50,Denton,TX,2023-10-22,1.0,231.68,231.68,1,False
CUST03816,Mason Moore,mason.moore@example.com,30,Dallas,TX,2023-09-26,0.0,0.0,0.0,1,False
CUST03817,Henry Johnson,henry.johnson@example.com,55,Austin,TX,2024-10-06,2.0,109.73,54.86,1,False
CUST03818,Mia Johnson,mia.johnson@example.com,66,Fort Worth,TX,2024-06-18,2.0,185.98,92.99,1,False
CUST03819,Olivia Garcia,olivia.garcia@example.com,29,Houston,TX,2023-03-29,0.0,0.0,0.0,1,False
CUST03820,Lucas Miller,lucas.miller@example.com,72,Houston,TX,2025-07-13,1.0,14.76,14.76,1,False
CUST03821,Olivia Moore,olivia.moore@example.com,68,Arlington,TX,2023-04-21,0.0,0.0,0.0,1,False
CUST03822,Liam Miller,liam.miller@example.com,55,Dallas,TX,2024-08-06,1.0,28.03,28.03,1,False
CUST03823,Olivia Jackson,olivia.jackson@example.com,56,Fort Worth,TX,2026-03-23,4.0,460.17,115.04,1,False
CUST03824,Emma Moore,emma.moore@example.com,50,Plano,TX,2025-02-07,2.0,198.7,99.35,1,False
CUST03825,Sophia Wilson,sophia.wilson@example.com,50,Arlington,TX,2026-03-25,1.0,79.05,79.05,1,False
CUST03826,Lucas Garcia,lucas.garcia@example.com,46,Denton,TX,2023-08-26,4.0,377.5,94.38,1,False
CUST03827,Olivia Martin,olivia.martin@example.com,22,Plano,TX,2023-11-30,2.0,162.94,81.47,1,False
CUST03828,Mason Davis,mason.davis@example.com,23,Arlington,TX,2023-04-16,1.0,23.15,23.15,1,False
CUST03829,Ava Anderson,ava.anderson@example.com,48,Dallas,TX,2024-01-17,1.0,58.99,58.99,1,False
CUST03830,Emma Garcia,emma.garcia@example.com,33,Fort Worth,TX,2024-11-19,1.0,38.74,38.74,1,False
CUST03831,Emma Johnson,emma.johnson@example.com,48,Dallas,TX,2023-09-18,2.0,95.03,47.52,1,False
CUST03832,Mia Smith,mia.smith@example.com,42,Houston,TX,2024-10-16,1.0,37.38,37.38,1,False
CUST03833,Olivia Jones,olivia.jones@example.com,65,Plano,TX,2025-03-30,0.0,0.0,0.0,1,False
CUST03834,James Martin,james.martin@example.com,63,Austin,TX,2024-12-09,0.0,0.0,0.0,1,False
CUST03835,Mia Wilson,mia.wilson@example.com,50,Frisco,TX,2024-04-20,1.0,23.5,23.5,1,False
CUST03836,Amelia Davis,amelia.davis@example.com,30,Denton,TX,2026-06-02,2.0,157.7,78.85,1,False
CUST03837,Mia Martin,mia.martin@example.com,69,Houston,TX,2025-06-25,0.0,0.0,0.0,1,False
CUST03838,Ava Moore,ava.moore@example.com,27,Houston,TX,2024-07-08,2.0,96.81,48.4,1,False
CUST03839,Liam Brown,liam.brown@example.com,41,Plano,TX,2024-10-24,0.0,0.0,0.0,1,False
CUST03840,Olivia Jones,olivia.jones@example.com,27,Denton,TX,2024-07-28,0.0,0.0,0.0,1,False
CUST03841,Noah Moore,noah.moore@example.com,58,Arlington,TX,2024-10-03,1.0,68.74,68.74,1,False
CUST03842,Harper Jones,harper.jones@example.com,48,Houston,TX,2024-04-07,0.0,0.0,0.0,1,False
CUST03843,Lucas Garcia,lucas.garcia@example.com,30,Frisco,TX,2025-05-04,2.0,116.47,58.24,1,False
CUST03844,Mia Williams,mia.williams@example.com,20,Fort Worth,TX,2026-05-22,1.0,94.86,94.86,1,False
CUST03845,Sophia Jones,sophia.jones@example.com,67,Houston,TX,2024-08-07,4.0,243.3,60.82,1,False
CUST03846,Ethan Johnson,ethan.johnson@example.com,69,Fort Worth,TX,2025-07-31,1.0,48.84,48.84,1,False
CUST03847,Sophia Taylor,sophia.taylor@example.com,51,Dallas,TX,2024-09-07,1.0,34.4,34.4,1,False
CUST03848,Ava Smith,ava.smith@example.com,66,Denton,TX,2023-06-07,1.0,45.93,45.93,1,False
CUST03849,Ava Anderson,ava.anderson@example.com,45,Arlington,TX,2023-09-29,2.0,138.61,69.31,1,False
CUST03850,Mason Smith,mason.smith@example.com,36,Fort Worth,TX,2026-06-15,2.0,213.37,106.68,1,False
CUST03851,Amelia Taylor,amelia.taylor@example.com,40,Houston,TX,2024-10-31,2.0,107.44,53.72,1,False
CUST03852,Amelia Miller,amelia.miller@example.com,62,Arlington,TX,2024-09-12,2.0,220.4,110.2,1,False
CUST03853,Liam Johnson,liam.johnson@example.com,49,Frisco,TX,2024-06-04,1.0,47.14,47.14,1,False
CUST03854,James Brown,james.brown@example.com,30,Arlington,TX,2023-02-28,2.0,123.6,61.8,1,False
CUST03855,Lucas Jones,lucas.jones@example.com,50,Fort Worth,TX,2024-12-04,3.0,129.75,43.25,1,False
CUST03856,Isabella Miller,isabella.miller@example.com,51,Denton,TX,2024-10-09,0.0,0.0,0.0,1,False
CUST03857,Mia Johnson,mia.johnson@example.com,50,Fort Worth,TX,2026-06-28,1.0,25.47,25.47,1,False
CUST03858,Sophia Martin,sophia.martin@example.com,73,Austin,TX,2025-06-09,1.0,42.79,42.79,1,False
CUST03859,Ethan Garcia,ethan.garcia@example.com,22,Austin,TX,2024-03-11,0.0,0.0,0.0,1,False
CUST03860,Ava Smith,ava.smith@example.com,73,Arlington,TX,2023-05-26,1.0,39.45,39.45,1,False
CUST03861,Ava Miller,ava.miller@example.com,20,Plano,TX,2025-05-08,4.0,306.24,76.56,1,False
CUST03862,Liam Wilson,liam.wilson@example.com,24,Denton,TX,2025-09-04,0.0,0.0,0.0,1,False
CUST03863,Ethan Jones,ethan.jones@example.com,41,Plano,TX,2023-09-02,2.0,197.69,98.84,1,False
CUST03864,Henry Jones,henry.jones@example.com,39,Austin,TX,2023-10-28,1.0,36.79,36.79,1,False
CUST03865,Ethan Brown,ethan.brown@example.com,62,Houston,TX,2024-03-13,1.0,68.46,68.46,1,False
CUST03866,Liam Williams,liam.williams@example.com,40,Dallas,TX,2025-05-17,4.0,307.64,76.91,1,False
CUST03867,Ava Wilson,ava.wilson@example.com,47,Arlington,TX,2023-04-10,1.0,22.51,22.51,1,False
CUST03868,Lucas Jones,lucas.jones@example.com,35,Dallas,TX,2024-12-25,1.0,51.75,51.75,1,False
CUST03869,Olivia Davis,olivia.davis@example.com,49,Austin,TX,2025-03-24,2.0,766.0,383.0,-1,True
CUST03870,Olivia Wilson,olivia.wilson@example.com,73,Fort Worth,TX,2024-04-24,1.0,71.8,71.8,1,False
CUST03871,Liam Jones,liam.jones@example.com,70,Frisco,TX,2024-02-19,3.0,161.06,53.69,1,False
CUST03872,Ethan Taylor,ethan.taylor@example.com,24,Arlington,TX,2023-06-14,3.0,647.59,215.86,-1,True
CUST03873,Mia Wilson,mia.wilson@example.com,50,Austin,TX,2025-08-31,0.0,0.0,0.0,1,False
CUST03874,Liam Johnson,liam.johnson@example.com,22,Denton,TX,2026-02-18,0.0,0.0,0.0,1,False
CUST03875,Lucas Wilson,lucas.wilson@example.com,66,Houston,TX,2023-03-29,3.0,253.79,84.6,1,False
CUST03876,Liam Anderson,liam.anderson@example.com,45,Frisco,TX,2026-05-25,0.0,0.0,0.0,1,False
CUST03877,Emma Brown,emma.brown@example.com,25,Arlington,TX,2024-07-26,3.0,195.62,65.21,1,False
CUST03878,Amelia Garcia,amelia.garcia@example.com,32,Arlington,TX,2025-03-24,2.0,48.58,24.29,1,False
CUST03879,Sophia Garcia,sophia.garcia@example.com,69,Denton,TX,2023-06-28,2.0,122.39,61.2,1,False
CUST03880,Ethan Garcia,ethan.garcia@example.com,21,Plano,TX,2023-06-12,3.0,139.43,46.48,1,False
CUST03881,James Johnson,james.johnson@example.com,51,Fort Worth,TX,2024-08-15,0.0,0.0,0.0,1,False
CUST03882,Mason Miller,mason.miller@example.com,22,Arlington,TX,2025-10-02,1.0,151.17,151.17,1,False
CUST03883,Harper Moore,harper.moore@example.com,50,Fort Worth,TX,2026-04-08,0.0,0.0,0.0,1,False
CUST03884,Mason Garcia,mason.garcia@example.com,74,Austin,TX,2023-10-28,1.0,300.15,300.15,-1,True
CUST03885,Ethan Anderson,ethan.anderson@example.com,22,Houston,TX,2024-01-09,3.0,249.94,83.31,1,False
CUST03886,James Martin,james.martin@example.com,55,Frisco,TX,2024-12-08,2.0,143.57,71.78,1,False
CUST03887,Isabella Smith,isabella.smith@example.com,51,Frisco,TX,2023-07-22,1.0,86.71,86.71,1,False
CUST03888,Lucas Johnson,lucas.johnson@example.com,43,Houston,TX,2023-02-16,2.0,115.16,57.58,1,False
CUST03889,Emma Miller,emma.miller@example.com,18,Arlington,TX,2024-04-07,3.0,183.33,61.11,1,False
CUST03890,Emma Smith,emma.smith@example.com,21,Arlington,TX,2024-02-12,1.0,24.54,24.54,1,False
CUST03891,Harper Jackson,harper.jackson@example.com,56,Austin,TX,2026-05-02,0.0,0.0,0.0,1,False
CUST03892,Ava Smith,ava.smith@example.com,71,Plano,TX,2024-03-02,0.0,0.0,0.0,1,False
CUST03893,Sophia Smith,sophia.smith@example.com,43,Plano,TX,2025-07-18,1.0,57.08,57.08,1,False
CUST03894,Olivia Davis,olivia.davis@example.com,50,Plano,TX,2023-11-13,2.0,149.73,74.87,1,False
CUST03895,Noah Brown,noah.brown@example.com,50,Fort Worth,TX,2024-02-25,2.0,172.94,86.47,1,False
CUST03896,Lucas Brown,lucas.brown@example.com,25,Plano,TX,2023-09-20,0.0,0.0,0.0,1,False
CUST03897,Harper Moore,harper.moore@example.com,37,Houston,TX,2023-06-15,0.0,0.0,0.0,1,False
CUST03898,Noah Johnson,noah.johnson@example.com,33,Frisco,TX,2024-03-03,3.0,156.53,52.18,1,False
CUST03899,Henry Anderson,henry.anderson@example.com,38,Frisco,TX,2024-02-01,0.0,0.0,0.0,1,False
CUST03900,Noah Anderson,noah.anderson@example.com,62,Fort Worth,TX,2026-05-24,1.0,44.46,44.46,1,False
CUST03901,Ethan Anderson,ethan.anderson@example.com,72,Austin,TX,2025-03-06,0.0,0.0,0.0,1,False
CUST03902,Harper Smith,harper.smith@example.com,73,Houston,TX,2023-04-17,3.0,191.04,63.68,1,False
CUST03903,Mason Thomas,mason.thomas@example.com,43,Frisco,TX,2023-04-08,0.0,0.0,0.0,1,False
CUST03904,Mason Taylor,mason.taylor@example.com,40,Houston,TX,2026-06-07,2.0,337.14,168.57,1,False
CUST03905,Olivia Wilson,olivia.wilson@example.com,35,Frisco,TX,2023-02-12,1.0,24.47,24.47,1,False
CUST03906,Harper Miller,harper.miller@example.com,48,Dallas,TX,2023-08-30,0.0,0.0,0.0,1,False
CUST03907,Ethan Brown,ethan.brown@example.com,69,Austin,TX,2023-04-05,1.0,500.24,500.24,-1,True
CUST03908,Noah Thomas,noah.thomas@example.com,59,Austin,TX,2023-07-07,2.0,189.82,94.91,1,False
CUST03909,James Garcia,james.garcia@example.com,29,Denton,TX,2024-01-20,1.0,86.79,86.79,1,False
CUST03910,Henry Martin,henry.martin@example.com,18,Dallas,TX,2025-03-29,1.0,87.13,87.13,1,False
CUST03911,Isabella Johnson,isabella.johnson@example.com,59,Fort Worth,TX,2026-04-05,2.0,205.82,102.91,1,False
CUST03912,Amelia Miller,amelia.miller@example.com,26,Frisco,TX,2026-02-22,4.0,536.95,134.24,-1,True
CUST03913,Mia Johnson,mia.johnson@example.com,20,Denton,TX,2023-03-28,0.0,0.0,0.0,1,False
CUST03914,Mason Taylor,mason.taylor@example.com,68,Frisco,TX,2024-05-03,0.0,0.0,0.0,1,False
CUST03915,Lucas Davis,lucas.davis@example.com,43,Frisco,TX,2023-08-14,2.0,81.78,40.89,1,False
CUST03916,James Davis,james.davis@example.com,26,Plano,TX,2023-12-11,1.0,71.36,71.36,1,False
CUST03917,Lucas Smith,lucas.smith@example.com,59,Plano,TX,2024-06-01,0.0,0.0,0.0,1,False
CUST03918,Ava Moore,ava.moore@example.com,68,Plano,TX,2025-11-20,1.0,146.15,146.15,1,False
CUST03919,Harper Davis,harper.davis@example.com,33,Plano,TX,2023-10-23,2.0,139.84,69.92,1,False
CUST03920,Liam Johnson,liam.johnson@example.com,41,Plano,TX,2024-02-18,3.0,176.04,58.68,1,False
CUST03921,Mia Garcia,mia.garcia@example.com,67,Dallas,TX,2023-05-15,2.0,140.19,70.1,1,False
CUST03922,Mason Moore,mason.moore@example.com,31,Austin,TX,2024-06-08,3.0,232.05,77.35,1,False
CUST03923,Henry Smith,henry.smith@example.com,20,Fort Worth,TX,2025-10-05,2.0,177.88,88.94,1,False
CUST03924,Emma Jones,emma.jones@example.com,51,Houston,TX,2023-01-04,3.0,122.55,40.85,1,False
CUST03925,Mason Anderson,mason.anderson@example.com,50,Plano,TX,2023-06-27,1.0,29.32,29.32,1,False
CUST03926,James Miller,james.miller@example.com,67,Dallas,TX,2025-01-15,0.0,0.0,0.0,1,False
CUST03927,Ava Moore,ava.moore@example.com,41,Denton,TX,2023-09-16,0.0,0.0,0.0,1,False
CUST03928,Lucas Taylor,lucas.taylor@example.com,26,Denton,TX,2024-10-13,0.0,0.0,0.0,1,False
CUST03929,Noah Smith,noah.smith@example.com,30,Frisco,TX,2025-12-24,0.0,0.0,0.0,1,False
CUST03930,Emma Jackson,emma.jackson@example.com,19,Fort Worth,TX,2025-11-06,0.0,0.0,0.0,1,False
CUST03931,Ethan Johnson,ethan.johnson@example.com,24,Denton,TX,2026-05-08,2.0,37.33,18.66,1,False
CUST03932,Sophia Miller,sophia.miller@example.com,65,Fort Worth,TX,2024-06-27,0.0,0.0,0.0,1,False
CUST03933,Noah Garcia,noah.garcia@example.com,38,Fort Worth,TX,2026-05-20,3.0,179.4,59.8,1,False
CUST03934,Sophia Williams,sophia.williams@example.com,36,Dallas,TX,2024-03-10,1.0,75.85,75.85,1,False
CUST03935,Mia Martin,mia.martin@example.com,42,Houston,TX,2023-10-17,3.0,247.22,82.41,1,False
CUST03936,Isabella Taylor,isabella.taylor@example.com,64,Plano,TX,2025-03-13,1.0,24.86,24.86,1,False
CUST03937,Liam Johnson,liam.johnson@example.com,39,Fort Worth,TX,2024-04-27,3.0,147.88,49.29,1,False
CUST03938,Isabella Taylor,isabella.taylor@example.com,28,Dallas,TX,2023-08-22,2.0,74.8,37.4,1,False
CUST03939,Emma Brown,emma.brown@example.com,50,Frisco,TX,2024-02-12,2.0,163.46,81.73,1,False
CUST03940,Olivia Williams,olivia.williams@example.com,49,Austin,TX,2024-11-24,1.0,86.54,86.54,1,False
CUST03941,Emma Miller,emma.miller@example.com,38,Frisco,TX,2026-03-15,1.0,64.86,64.86,1,False
CUST03942,Isabella Davis,isabella.davis@example.com,56,Dallas,TX,2024-07-15,2.0,310.52,155.26,1,False
CUST03943,Mason Johnson,mason.johnson@example.com,37,Dallas,TX,2024-03-05,1.0,100.87,100.87,1,False
CUST03944,James Taylor,james.taylor@example.com,25,Dallas,TX,2024-03-07,1.0,22.39,22.39,1,False
CUST03945,Lucas Miller,lucas.miller@example.com,59,Fort Worth,TX,2024-05-11,0.0,0.0,0.0,1,False
CUST03946,Mason Davis,mason.davis@example.com,54,Dallas,TX,2025-09-09,1.0,10.88,10.88,1,False
CUST03947,Mason Garcia,mason.garcia@example.com,26,Austin,TX,2026-01-17,3.0,231.96,77.32,1,False
CUST03948,James Garcia,james.garcia@example.com,42,Fort Worth,TX,2025-09-23,1.0,38.62,38.62,1,False
CUST03949,James Taylor,james.taylor@example.com,42,Frisco,TX,2025-06-15,0.0,0.0,0.0,1,False
CUST03950,Mia Smith,mia.smith@example.com,50,Austin,TX,2025-04-06,0.0,0.0,0.0,1,False
CUST03951,Noah Brown,noah.brown@example.com,19,Denton,TX,2026-06-18,3.0,304.43,101.48,1,False
CUST03952,Olivia Martin,olivia.martin@example.com,36,Arlington,TX,2025-02-16,2.0,186.79,93.4,1,False
CUST03953,Olivia Smith,olivia.smith@example.com,63,Frisco,TX,2023-08-11,1.0,40.5,40.5,1,False
CUST03954,Mason Brown,mason.brown@example.com,37,Dallas,TX,2024-04-12,2.0,157.98,78.99,1,False
CUST03955,Sophia Johnson,sophia.johnson@example.com,59,Plano,TX,2024-07-22,0.0,0.0,0.0,1,False
CUST03956,Mia Anderson,mia.anderson@example.com,58,Plano,TX,2024-01-10,2.0,114.46,57.23,1,False
CUST03957,Harper Moore,harper.moore@example.com,59,Fort Worth,TX,2026-02-09,2.0,229.24,114.62,1,False
CUST03958,Harper Jones,harper.jones@example.com,46,Plano,TX,2024-06-10,2.0,336.75,168.38,1,False
CUST03959,Henry Taylor,henry.taylor@example.com,23,Frisco,TX,2024-02-16,2.0,166.32,83.16,1,False
CUST03960,Mason Martin,mason.martin@example.com,34,Fort Worth,TX,2023-09-26,3.0,293.77,97.92,1,False
CUST03961,Liam Wilson,liam.wilson@example.com,42,Frisco,TX,2024-09-17,3.0,187.28,62.43,1,False
CUST03962,Lucas Anderson,lucas.anderson@example.com,55,Dallas,TX,2026-06-29,1.0,40.81,40.81,1,False
CUST03963,James Jackson,james.jackson@example.com,21,Houston,TX,2025-10-08,0.0,0.0,0.0,1,False
CUST03964,Noah Thomas,noah.thomas@example.com,47,Houston,TX,2024-03-25,3.0,391.84,130.61,1,False
CUST03965,Ethan Taylor,ethan.taylor@example.com,37,Austin,TX,2025-03-12,1.0,249.71,249.71,1,False
CUST03966,James Williams,james.williams@example.com,20,Dallas,TX,2025-04-01,1.0,37.52,37.52,1,False
CUST03967,Liam Davis,liam.davis@example.com,40,Plano,TX,2023-09-12,1.0,186.57,186.57,1,False
CUST03968,Sophia Williams,sophia.williams@example.com,68,Dallas,TX,2023-05-06,4.0,198.72,49.68,1,False
CUST03969,Emma Garcia,emma.garcia@example.com,35,Arlington,TX,2025-01-31,2.0,54.37,27.18,1,False
CUST03970,Amelia Brown,amelia.brown@example.com,43,Houston,TX,2025-03-09,3.0,204.1,68.03,1,False
CUST03971,Emma Davis,emma.davis@example.com,73,Plano,TX,2024-07-18,2.0,167.41,83.7,1,False
CUST03972,Isabella Anderson,isabella.anderson@example.com,53,Frisco,TX,2024-03-31,1.0,49.37,49.37,1,False
CUST03973,Liam Garcia,liam.garcia@example.com,25,Frisco,TX,2025-12-26,4.0,347.95,86.99,1,False
CUST03974,Isabella Davis,isabella.davis@example.com,34,Houston,TX,2025-12-25,1.0,68.26,68.26,1,False
CUST03975,Mason Smith,mason.smith@example.com,48,Dallas,TX,2025-06-30,0.0,0.0,0.0,1,False
CUST03976,Ethan Garcia,ethan.garcia@example.com,54,Plano,TX,2025-05-11,2.0,107.96,53.98,1,False
CUST03977,Ava Smith,ava.smith@example.com,62,Austin,TX,2024-09-08,1.0,72.87,72.87,1,False
CUST03978,James Smith,james.smith@example.com,74,Frisco,TX,2024-02-04,1.0,50.14,50.14,1,False
CUST03979,Ava Davis,ava.davis@example.com,50,Dallas,TX,2023-10-14,3.0,98.3,32.77,1,False
CUST03980,Sophia Jackson,sophia.jackson@example.com,44,Austin,TX,2023-07-05,0.0,0.0,0.0,1,False
CUST03981,Mason Miller,mason.miller@example.com,62,Denton,TX,2023-10-11,2.0,180.29,90.14,1,False
CUST03982,Olivia Williams,olivia.williams@example.com,21,Plano,TX,2024-10-11,2.0,236.13,118.06,1,False
CUST03983,James Garcia,james.garcia@example.com,39,Houston,TX,2024-11-21,2.0,239.66,119.83,1,False
CUST03984,Isabella Jackson,isabella.jackson@example.com,43,Denton,TX,2023-08-25,0.0,0.0,0.0,1,False
CUST03985,Olivia Wilson,olivia.wilson@example.com,49,Arlington,TX,2025-11-07,1.0,11.68,11.68,1,False
CUST03986,Noah Miller,noah.miller@example.com,41,Denton,TX,2025-03-25,2.0,70.77,35.38,1,False
CUST03987,Henry Thomas,henry.thomas@example.com,63,Fort Worth,TX,2025-07-16,0.0,0.0,0.0,1,False
CUST03988,Ethan Williams,ethan.williams@example.com,52,Houston,TX,2024-02-18,1.0,19.95,19.95,1,False
CUST03989,Henry Martin,henry.martin@example.com,54,Austin,TX,2023-01-09,1.0,15.49,15.49,1,False
CUST03990,Ethan Martin,ethan.martin@example.com,49,Dallas,TX,2024-02-24,1.0,69.68,69.68,1,False
CUST03991,Emma Moore,emma.moore@example.com,24,Denton,TX,2023-01-29,0.0,0.0,0.0,1,False
CUST03992,Mia Garcia,mia.garcia@example.com,50,Frisco,TX,2023-12-14,3.0,165.08,55.03,1,False
CUST03993,James Anderson,james.anderson@example.com,48,Plano,TX,2024-10-22,2.0,102.16,51.08,1,False
CUST03994,Isabella Brown,isabella.brown@example.com,72,Denton,TX,2024-07-29,2.0,66.94,33.47,1,False
CUST03995,Henry Martin,henry.martin@example.com,29,Houston,TX,2024-03-25,3.0,832.52,277.51,-1,True
CUST03996,Sophia Moore,sophia.moore@example.com,28,Frisco,TX,2024-01-15,2.0,54.78,27.39,1,False
CUST03997,Ava Williams,ava.williams@example.com,41,Frisco,TX,2024-11-29,2.0,137.92,68.96,1,False
CUST03998,Harper Wilson,harper.wilson@example.com,25,Arlington,TX,2024-01-01,2.0,99.19,49.6,1,False
CUST03999,Amelia Taylor,amelia.taylor@example.com,49,Plano,TX,2026-06-04,0.0,0.0,0.0,1,False
CUST04000,Sophia Johnson,sophia.johnson@example.com,74,Denton,TX,2026-02-15,0.0,0.0,0.0,1,False
CUST04001,Olivia Smith,olivia.smith@example.com,55,Austin,TX,2024-02-16,0.0,0.0,0.0,1,False
CUST04002,Olivia Jackson,olivia.jackson@example.com,39,Plano,TX,2025-08-08,2.0,147.59,73.8,1,False
CUST04003,Henry Martin,henry.martin@example.com,51,Denton,TX,2023-12-22,1.0,29.42,29.42,1,False
CUST04004,Amelia Johnson,amelia.johnson@example.com,36,Plano,TX,2023-09-11,3.0,208.64,69.55,1,False
CUST04005,Liam Miller,liam.miller@example.com,69,Dallas,TX,2024-12-27,1.0,67.73,67.73,1,False
CUST04006,Noah Taylor,noah.taylor@example.com,37,Fort Worth,TX,2024-11-11,2.0,122.1,61.05,1,False
CUST04007,James Smith,james.smith@example.com,73,Denton,TX,2026-01-09,1.0,90.15,90.15,1,False
CUST04008,Ethan Garcia,ethan.garcia@example.com,31,Frisco,TX,2025-12-05,3.0,230.41,76.8,1,False
CUST04009,Lucas Martin,lucas.martin@example.com,50,Austin,TX,2025-12-08,1.0,118.75,118.75,1,False
CUST04010,Harper Miller,harper.miller@example.com,27,Denton,TX,2025-03-20,1.0,95.28,95.28,1,False
CUST04011,Isabella Wilson,isabella.wilson@example.com,33,Denton,TX,2024-04-17,2.0,114.54,57.27,1,False
CUST04012,Sophia Jackson,sophia.jackson@example.com,21,Dallas,TX,2024-02-20,0.0,0.0,0.0,1,False
CUST04013,Isabella Martin,isabella.martin@example.com,44,Frisco,TX,2025-09-05,1.0,95.59,95.59,1,False
CUST04014,Olivia Davis,olivia.davis@example.com,45,Fort Worth,TX,2024-08-22,1.0,41.12,41.12,1,False
CUST04015,Mia Garcia,mia.garcia@example.com,60,Dallas,TX,2026-02-18,6.0,269.27,44.88,1,False
CUST04016,Emma Williams,emma.williams@example.com,33,Fort Worth,TX,2025-10-23,3.0,381.67,127.22,1,False
CUST04017,Ava Davis,ava.davis@example.com,69,Fort Worth,TX,2024-04-04,0.0,0.0,0.0,1,False
CUST04018,Noah Miller,noah.miller@example.com,50,Fort Worth,TX,2026-06-04,2.0,167.36,83.68,1,False
CUST04019,Mia Williams,mia.williams@example.com,65,Dallas,TX,2023-03-20,1.0,57.44,57.44,1,False
CUST04020,Noah Wilson,noah.wilson@example.com,36,Plano,TX,2025-02-13,2.0,209.76,104.88,1,False
CUST04021,Liam Thomas,liam.thomas@example.com,38,Denton,TX,2025-12-30,2.0,377.46,188.73,1,False
CUST04022,Lucas Johnson,lucas.johnson@example.com,39,Fort Worth,TX,2025-06-14,3.0,152.66,50.89,1,False
CUST04023,Henry Williams,henry.williams@example.com,26,Plano,TX,2026-05-05,2.0,118.16,59.08,1,False
CUST04024,Henry Johnson,henry.johnson@example.com,26,Denton,TX,2023-02-27,0.0,0.0,0.0,1,False
CUST04025,Olivia Moore,olivia.moore@example.com,26,Frisco,TX,2024-09-15,1.0,123.86,123.86,1,False
CUST04026,Emma Smith,emma.smith@example.com,44,Denton,TX,2023-02-17,4.0,361.11,90.28,1,False
CUST04027,Amelia Brown,amelia.brown@example.com,34,Frisco,TX,2026-04-23,3.0,120.63,40.21,1,False
CUST04028,James Jones,james.jones@example.com,61,Austin,TX,2025-04-18,4.0,448.66,112.16,1,False
CUST04029,Amelia Moore,amelia.moore@example.com,74,Arlington,TX,2023-06-14,2.0,228.03,114.02,1,False
CUST04030,Mia Garcia,mia.garcia@example.com,62,Plano,TX,2023-11-26,1.0,132.57,132.57,1,False
CUST04031,Noah Jones,noah.jones@example.com,25,Denton,TX,2026-02-18,4.0,205.73,51.43,1,False
CUST04032,Ethan Smith,ethan.smith@example.com,33,Frisco,TX,2023-08-01,1.0,20.16,20.16,1,False
CUST04033,Liam Williams,liam.williams@example.com,35,Arlington,TX,2024-05-21,1.0,74.99,74.99,1,False
CUST04034,Ethan Smith,ethan.smith@example.com,50,Fort Worth,TX,2025-07-04,0.0,0.0,0.0,1,False
CUST04035,Emma Anderson,emma.anderson@example.com,18,Arlington,TX,2025-03-11,1.0,71.01,71.01,1,False
CUST04036,James Jones,james.jones@example.com,29,Arlington,TX,2023-06-17,1.0,269.27,269.27,1,False
CUST04037,James Jones,james.jones@example.com,23,Fort Worth,TX,2025-09-21,4.0,289.52,72.38,1,False
CUST04038,Mia Thomas,mia.thomas@example.com,58,Plano,TX,2025-04-09,1.0,52.43,52.43,1,False
CUST04039,Isabella Anderson,isabella.anderson@example.com,72,Denton,TX,2025-09-22,2.0,88.36,44.18,1,False
CUST04040,Liam Moore,liam.moore@example.com,22,Fort Worth,TX,2025-09-13,3.0,126.04,42.01,1,False
CUST04041,Harper Garcia,harper.garcia@example.com,33,Austin,TX,2025-02-25,2.0,155.76,77.88,1,False
CUST04042,James Davis,james.davis@example.com,35,Houston,TX,2024-03-02,0.0,0.0,0.0,1,False
CUST04043,James Taylor,james.taylor@example.com,66,Denton,TX,2026-05-29,1.0,136.5,136.5,1,False
CUST04044,Mia Thomas,mia.thomas@example.com,35,Dallas,TX,2025-10-12,1.0,42.61,42.61,1,False
CUST04045,Olivia Smith,olivia.smith@example.com,18,Fort Worth,TX,2025-10-30,3.0,193.77,64.59,1,False
CUST04046,Mason Brown,mason.brown@example.com,36,Fort Worth,TX,2026-02-17,2.0,184.1,92.05,1,False
CUST04047,Liam Taylor,liam.taylor@example.com,71,Arlington,TX,2026-06-24,0.0,0.0,0.0,1,False
CUST04048,Ethan Anderson,ethan.anderson@example.com,25,Austin,TX,2026-05-29,1.0,84.97,84.97,1,False
CUST04049,Emma Smith,emma.smith@example.com,20,Frisco,TX,2025-02-11,1.0,29.19,29.19,1,False
CUST04050,James Wilson,james.wilson@example.com,42,Frisco,TX,2025-12-17,1.0,48.91,48.91,1,False
CUST04051,James Anderson,james.anderson@example.com,22,Arlington,TX,2026-02-25,0.0,0.0,0.0,1,False
CUST04052,Henry Miller,henry.miller@example.com,72,Plano,TX,2024-12-17,0.0,0.0,0.0,1,False
CUST04053,Lucas Miller,lucas.miller@example.com,57,Denton,TX,2023-03-27,3.0,219.92,73.31,1,False
CUST04054,Olivia Thomas,olivia.thomas@example.com,36,Fort Worth,TX,2023-04-14,5.0,282.95,56.59,1,False
CUST04055,James Jones,james.jones@example.com,35,Denton,TX,2023-05-23,2.0,177.45,88.72,1,False
CUST04056,Mason Miller,mason.miller@example.com,67,Denton,TX,2023-07-24,2.0,169.44,84.72,1,False
CUST04057,Lucas Thomas,lucas.thomas@example.com,70,Fort Worth,TX,2024-10-02,0.0,0.0,0.0,1,False
CUST04058,Henry Jackson,henry.jackson@example.com,48,Arlington,TX,2025-11-27,3.0,318.3,106.1,1,False
CUST04059,Ava Johnson,ava.johnson@example.com,50,Denton,TX,2025-12-11,1.0,42.81,42.81,1,False
CUST04060,Olivia Martin,olivia.martin@example.com,64,Fort Worth,TX,2023-01-01,2.0,362.76,181.38,1,False
CUST04061,Emma Moore,emma.moore@example.com,35,Plano,TX,2023-01-11,1.0,311.84,311.84,-1,True
CUST04062,Noah Brown,noah.brown@example.com,74,Denton,TX,2025-01-16,2.0,178.88,89.44,1,False
CUST04063,Liam Martin,liam.martin@example.com,56,Houston,TX,2026-05-22,0.0,0.0,0.0,1,False
CUST04064,Mia Martin,mia.martin@example.com,33,Dallas,TX,2025-08-13,4.0,601.15,150.29,-1,True
CUST04065,Emma Miller,emma.miller@example.com,33,Dallas,TX,2025-01-24,4.0,223.96,55.99,1,False
CUST04066,Harper Williams,harper.williams@example.com,64,Dallas,TX,2024-06-01,1.0,117.31,117.31,1,False
CUST04067,Liam Johnson,liam.johnson@example.com,55,Houston,TX,2025-10-28,1.0,93.64,93.64,1,False
CUST04068,Lucas Taylor,lucas.taylor@example.com,58,Fort Worth,TX,2023-01-05,5.0,446.91,89.38,1,False
CUST04069,Isabella Johnson,isabella.johnson@example.com,24,Arlington,TX,2024-11-24,4.0,123.53,30.88,1,False
CUST04070,Mia Moore,mia.moore@example.com,31,Frisco,TX,2023-04-22,1.0,72.63,72.63,1,False
CUST04071,Sophia Smith,sophia.smith@example.com,60,Austin,TX,2025-09-30,0.0,0.0,0.0,1,False
CUST04072,Ethan Jones,ethan.jones@example.com,70,Fort Worth,TX,2023-09-30,1.0,42.47,42.47,1,False
CUST04073,Ava Thomas,ava.thomas@example.com,65,Houston,TX,2024-02-26,3.0,137.59,45.86,1,False
CUST04074,Olivia Garcia,olivia.garcia@example.com,42,Denton,TX,2023-09-22,2.0,235.13,117.56,1,False
CUST04075,James Garcia,james.garcia@example.com,49,Plano,TX,2023-07-31,0.0,0.0,0.0,1,False
CUST04076,Isabella Wilson,isabella.wilson@example.com,55,Houston,TX,2026-01-06,2.0,158.08,79.04,1,False
CUST04077,Henry Brown,henry.brown@example.com,39,Denton,TX,2025-02-20,2.0,68.53,34.26,1,False
CUST04078,Harper Smith,harper.smith@example.com,33,Frisco,TX,2024-10-27,1.0,43.69,43.69,1,False
CUST04079,Isabella Garcia,isabella.garcia@example.com,69,Dallas,TX,2026-05-29,4.0,95.43,23.86,1,False
CUST04080,Emma Jackson,emma.jackson@example.com,46,Fort Worth,TX,2024-01-04,1.0,51.21,51.21,1,False
CUST04081,Ava Jones,ava.jones@example.com,33,Frisco,TX,2025-08-15,3.0,157.51,52.5,1,False
CUST04082,Noah Taylor,noah.taylor@example.com,29,Dallas,TX,2023-12-13,0.0,0.0,0.0,1,False
CUST04083,Amelia Garcia,amelia.garcia@example.com,34,Austin,TX,2023-01-25,1.0,24.53,24.53,1,False
CUST04084,Liam Williams,liam.williams@example.com,54,Denton,TX,2025-09-02,1.0,52.92,52.92,1,False
CUST04085,Liam Johnson,liam.johnson@example.com,44,Denton,TX,2024-02-21,2.0,405.07,202.54,1,False
CUST04086,Emma Garcia,emma.garcia@example.com,42,Plano,TX,2024-05-29,4.0,190.93,47.73,1,False
CUST04087,Mason Moore,mason.moore@example.com,30,Dallas,TX,2023-08-03,0.0,0.0,0.0,1,False
CUST04088,Mason Smith,mason.smith@example.com,25,Austin,TX,2026-02-09,0.0,0.0,0.0,1,False
CUST04089,James Miller,james.miller@example.com,73,Denton,TX,2025-08-11,2.0,119.99,60.0,1,False
CUST04090,Harper Miller,harper.miller@example.com,22,Houston,TX,2025-07-02,0.0,0.0,0.0,1,False
CUST04091,Sophia Taylor,sophia.taylor@example.com,29,Dallas,TX,2024-03-03,1.0,63.32,63.32,1,False
CUST04092,Ethan Moore,ethan.moore@example.com,58,Dallas,TX,2025-01-02,0.0,0.0,0.0,1,False
CUST04093,Mia Miller,mia.miller@example.com,20,Arlington,TX,2024-11-29,1.0,292.1,292.1,-1,True
CUST04094,Noah Jackson,noah.jackson@example.com,52,Plano,TX,2023-08-04,1.0,51.9,51.9,1,False
CUST04095,James Thomas,james.thomas@example.com,50,Plano,TX,2024-02-17,2.0,230.7,115.35,1,False
CUST04096,Ava Anderson,ava.anderson@example.com,74,Frisco,TX,2024-01-15,0.0,0.0,0.0,1,False
CUST04097,Mason Taylor,mason.taylor@example.com,39,Houston,TX,2023-08-20,1.0,31.01,31.01,1,False
CUST04098,Sophia Smith,sophia.smith@example.com,67,Arlington,TX,2025-04-14,2.0,148.34,74.17,1,False
CUST04099,Sophia Jackson,sophia.jackson@example.com,73,Frisco,TX,2023-09-15,0.0,0.0,0.0,1,False
CUST04100,Harper Brown,harper.brown@example.com,61,Austin,TX,2024-02-07,2.0,168.45,84.22,1,False
CUST04101,Emma Moore,emma.moore@example.com,26,Frisco,TX,2024-02-28,3.0,252.69,84.23,1,False
CUST04102,Noah Miller,noah.miller@example.com,58,Austin,TX,2025-02-08,2.0,93.28,46.64,1,False
CUST04103,Lucas Anderson,lucas.anderson@example.com,35,Houston,TX,2023-03-06,1.0,25.43,25.43,1,False
CUST04104,Mia Wilson,mia.wilson@example.com,67,Denton,TX,2023-07-09,0.0,0.0,0.0,1,False
CUST04105,Harper Jones,harper.jones@example.com,46,Plano,TX,2025-08-07,2.0,199.2,99.6,1,False
CUST04106,Ethan Moore,ethan.moore@example.com,56,Denton,TX,2023-06-22,1.0,175.28,175.28,1,False
CUST04107,Harper Johnson,harper.johnson@example.com,44,Austin,TX,2025-01-28,3.0,83.82,27.94,1,False
CUST04108,Harper Miller,harper.miller@example.com,53,Houston,TX,2024-09-19,1.0,15.95,15.95,1,False
CUST04109,Olivia Taylor,olivia.taylor@example.com,62,Denton,TX,2024-07-14,0.0,0.0,0.0,1,False
CUST04110,Emma Smith,emma.smith@example.com,34,Frisco,TX,2026-06-04,0.0,0.0,0.0,1,False
CUST04111,Mia Miller,mia.miller@example.com,73,Austin,TX,2025-09-27,1.0,25.52,25.52,1,False
CUST04112,Olivia Garcia,olivia.garcia@example.com,51,Fort Worth,TX,2024-02-05,1.0,103.93,103.93,1,False
CUST04113,Olivia Miller,olivia.miller@example.com,63,Dallas,TX,2024-09-29,1.0,36.71,36.71,1,False
CUST04114,Henry Martin,henry.martin@example.com,20,Frisco,TX,2025-08-06,2.0,131.31,65.66,1,False
CUST04115,Noah Moore,noah.moore@example.com,22,Plano,TX,2023-08-01,3.0,145.15,48.38,1,False
CUST04116,Henry Taylor,henry.taylor@example.com,31,Denton,TX,2023-02-22,2.0,152.85,76.42,1,False
CUST04117,Noah Williams,noah.williams@example.com,20,Frisco,TX,2024-09-15,1.0,29.73,29.73,1,False
CUST04118,James Jackson,james.jackson@example.com,40,Fort Worth,TX,2025-01-21,2.0,140.45,70.22,1,False
CUST04119,Ava Williams,ava.williams@example.com,56,Houston,TX,2024-10-23,2.0,210.05,105.02,1,False
CUST04120,Sophia Miller,sophia.miller@example.com,47,Houston,TX,2023-05-19,2.0,203.11,101.56,1,False
CUST04121,Mia Moore,mia.moore@example.com,67,Frisco,TX,2024-02-22,3.0,313.47,104.49,1,False
CUST04122,Emma Johnson,emma.johnson@example.com,62,Fort Worth,TX,2023-05-23,1.0,33.66,33.66,1,False
CUST04123,James Smith,james.smith@example.com,40,Denton,TX,2024-05-23,4.0,220.68,55.17,1,False
CUST04124,Amelia Wilson,amelia.wilson@example.com,44,Frisco,TX,2024-10-11,0.0,0.0,0.0,1,False
CUST04125,Harper Wilson,harper.wilson@example.com,71,Dallas,TX,2024-04-30,1.0,34.74,34.74,1,False
CUST04126,Liam Miller,liam.miller@example.com,27,Dallas,TX,2025-09-18,1.0,105.33,105.33,1,False
CUST04127,Emma Miller,emma.miller@example.com,42,Arlington,TX,2024-06-26,0.0,0.0,0.0,1,False
CUST04128,Ava Williams,ava.williams@example.com,30,Austin,TX,2023-10-20,3.0,302.15,100.72,1,False
CUST04129,Ethan Taylor,ethan.taylor@example.com,33,Arlington,TX,2024-11-01,3.0,277.18,92.39,1,False
CUST04130,Isabella Jackson,isabella.jackson@example.com,58,Denton,TX,2025-04-17,1.0,121.07,121.07,1,False
CUST04131,Isabella Johnson,isabella.johnson@example.com,51,Dallas,TX,2025-11-03,2.0,114.91,57.46,1,False
CUST04132,Sophia Anderson,sophia.anderson@example.com,72,Fort Worth,TX,2024-09-25,1.0,37.91,37.91,1,False
CUST04133,Isabella Miller,isabella.miller@example.com,54,Austin,TX,2023-09-29,1.0,118.71,118.71,1,False
CUST04134,Isabella Wilson,isabella.wilson@example.com,39,Denton,TX,2025-11-14,3.0,515.0,171.67,1,False
CUST04135,Liam Smith,liam.smith@example.com,34,Fort Worth,TX,2023-11-18,1.0,62.91,62.91,1,False
CUST04136,Mason Moore,mason.moore@example.com,40,Denton,TX,2025-03-16,1.0,63.82,63.82,1,False
CUST04137,Henry Martin,henry.martin@example.com,71,Arlington,TX,2026-01-31,1.0,236.17,236.17,1,False
CUST04138,Ethan Brown,ethan.brown@example.com,53,Houston,TX,2025-06-01,2.0,100.64,50.32,1,False
CUST04139,Henry Garcia,henry.garcia@example.com,66,Fort Worth,TX,2025-11-29,3.0,215.92,71.97,1,False
CUST04140,Noah Miller,noah.miller@example.com,26,Arlington,TX,2023-08-23,1.0,24.12,24.12,1,False
CUST04141,Olivia Taylor,olivia.taylor@example.com,69,Arlington,TX,2025-04-11,2.0,305.02,152.51,1,False
CUST04142,Mason Miller,mason.miller@example.com,19,Arlington,TX,2026-01-17,2.0,212.89,106.44,1,False
CUST04143,Henry Taylor,henry.taylor@example.com,49,Houston,TX,2026-01-28,2.0,130.6,65.3,1,False
CUST04144,Emma Johnson,emma.johnson@example.com,73,Houston,TX,2023-05-24,1.0,40.57,40.57,1,False
CUST04145,Emma Martin,emma.martin@example.com,67,Frisco,TX,2026-01-10,1.0,74.08,74.08,1,False
CUST04146,Henry Brown,henry.brown@example.com,70,Houston,TX,2024-08-11,2.0,96.45,48.22,1,False
CUST04147,Harper Jones,harper.jones@example.com,39,Austin,TX,2023-08-17,1.0,40.21,40.21,1,False
CUST04148,Henry Martin,henry.martin@example.com,60,Houston,TX,2026-05-05,1.0,26.98,26.98,1,False
CUST04149,Isabella Thomas,isabella.thomas@example.com,30,Houston,TX,2023-10-01,3.0,151.74,50.58,1,False
CUST04150,Noah Smith,noah.smith@example.com,25,Houston,TX,2024-08-12,3.0,160.1,53.37,1,False
CUST04151,Ava Smith,ava.smith@example.com,18,Denton,TX,2024-10-14,3.0,305.1,101.7,1,False
CUST04152,Mia Taylor,mia.taylor@example.com,34,Fort Worth,TX,2024-08-05,3.0,194.02,64.67,1,False
CUST04153,Mason Williams,mason.williams@example.com,29,Houston,TX,2025-08-25,0.0,0.0,0.0,1,False
CUST04154,Mason Jackson,mason.jackson@example.com,21,Austin,TX,2024-01-07,0.0,0.0,0.0,1,False
CUST04155,Henry Jackson,henry.jackson@example.com,70,Denton,TX,2026-01-08,1.0,99.05,99.05,1,False
CUST04156,Lucas Taylor,lucas.taylor@example.com,30,Arlington,TX,2026-06-12,0.0,0.0,0.0,1,False
CUST04157,Ethan Williams,ethan.williams@example.com,48,Fort Worth,TX,2025-03-29,0.0,0.0,0.0,1,False
CUST04158,Sophia Thomas,sophia.thomas@example.com,58,Dallas,TX,2024-07-25,1.0,144.17,144.17,1,False
CUST04159,Ethan Davis,ethan.davis@example.com,24,Denton,TX,2024-06-28,3.0,213.65,71.22,1,False
CUST04160,Mia Wilson,mia.wilson@example.com,40,Houston,TX,2023-05-07,1.0,10.28,10.28,1,False
CUST04161,Emma Jackson,emma.jackson@example.com,41,Denton,TX,2025-01-02,0.0,0.0,0.0,1,False
CUST04162,Henry Martin,henry.martin@example.com,22,Frisco,TX,2024-02-21,2.0,40.55,20.27,1,False
CUST04163,Emma Anderson,emma.anderson@example.com,22,Frisco,TX,2024-09-29,1.0,89.9,89.9,1,False
CUST04164,Emma Thomas,emma.thomas@example.com,34,Denton,TX,2023-02-10,0.0,0.0,0.0,1,False
CUST04165,Lucas Smith,lucas.smith@example.com,47,Arlington,TX,2025-02-25,0.0,0.0,0.0,1,False
CUST04166,Emma Martin,emma.martin@example.com,26,Arlington,TX,2023-10-24,1.0,37.54,37.54,1,False
CUST04167,Mia Anderson,mia.anderson@example.com,23,Fort Worth,TX,2023-02-11,0.0,0.0,0.0,1,False
CUST04168,James Johnson,james.johnson@example.com,42,Frisco,TX,2024-09-23,0.0,0.0,0.0,1,False
CUST04169,Noah Taylor,noah.taylor@example.com,36,Dallas,TX,2023-02-02,0.0,0.0,0.0,1,False
CUST04170,Amelia Johnson,amelia.johnson@example.com,33,Plano,TX,2024-10-26,0.0,0.0,0.0,1,False
CUST04171,Sophia Jackson,sophia.jackson@example.com,38,Frisco,TX,2026-01-18,0.0,0.0,0.0,1,False
CUST04172,Henry Brown,henry.brown@example.com,19,Denton,TX,2024-09-07,1.0,28.37,28.37,1,False
CUST04173,Harper Johnson,harper.johnson@example.com,27,Frisco,TX,2025-08-05,0.0,0.0,0.0,1,False
CUST04174,Mia Miller,mia.miller@example.com,33,Austin,TX,2023-06-09,1.0,78.87,78.87,1,False
CUST04175,Isabella Moore,isabella.moore@example.com,54,Plano,TX,2024-04-02,4.0,231.79,57.95,1,False
CUST04176,James Jackson,james.jackson@example.com,32,Arlington,TX,2024-02-03,2.0,150.41,75.2,1,False
CUST04177,Sophia Wilson,sophia.wilson@example.com,30,Plano,TX,2026-01-19,2.0,220.85,110.43,1,False
CUST04178,Mia Miller,mia.miller@example.com,30,Frisco,TX,2024-08-03,3.0,174.04,58.01,1,False
CUST04179,James Thomas,james.thomas@example.com,49,Arlington,TX,2023-08-08,1.0,387.04,387.04,-1,True
CUST04180,Emma Garcia,emma.garcia@example.com,62,Plano,TX,2024-01-14,2.0,421.88,210.94,1,False
CUST04181,Harper Jackson,harper.jackson@example.com,64,Arlington,TX,2025-07-18,0.0,0.0,0.0,1,False
CUST04182,Noah Taylor,noah.taylor@example.com,63,Arlington,TX,2025-08-21,2.0,117.86,58.93,1,False
CUST04183,Henry Smith,henry.smith@example.com,25,Fort Worth,TX,2026-03-15,3.0,253.73,84.58,1,False
CUST04184,Mason Anderson,mason.anderson@example.com,60,Dallas,TX,2023-08-21,1.0,117.42,117.42,1,False
CUST04185,Ethan Taylor,ethan.taylor@example.com,35,Arlington,TX,2025-07-10,2.0,111.02,55.51,1,False
CUST04186,Olivia Wilson,olivia.wilson@example.com,73,Austin,TX,2023-08-22,1.0,87.97,87.97,1,False
CUST04187,Amelia Jones,amelia.jones@example.com,53,Frisco,TX,2024-12-26,0.0,0.0,0.0,1,False
CUST04188,Noah Anderson,noah.anderson@example.com,43,Frisco,TX,2024-01-02,2.0,670.07,335.04,-1,True
CUST04189,Mason Jones,mason.jones@example.com,27,Austin,TX,2024-04-25,2.0,199.88,99.94,1,False
CUST04190,Ava Garcia,ava.garcia@example.com,48,Houston,TX,2024-08-12,3.0,170.93,56.98,1,False
CUST04191,Henry Wilson,henry.wilson@example.com,50,Arlington,TX,2026-01-23,0.0,0.0,0.0,1,False
CUST04192,Mia Moore,mia.moore@example.com,46,Denton,TX,2023-08-04,3.0,191.52,63.84,1,False
CUST04193,Ava Davis,ava.davis@example.com,22,Arlington,TX,2024-12-25,0.0,0.0,0.0,1,False
CUST04194,Mason Davis,mason.davis@example.com,30,Arlington,TX,2024-12-12,0.0,0.0,0.0,1,False
CUST04195,Noah Martin,noah.martin@example.com,18,Denton,TX,2025-09-11,3.0,214.92,71.64,1,False
CUST04196,Mia Davis,mia.davis@example.com,40,Plano,TX,2026-03-04,0.0,0.0,0.0,1,False
CUST04197,Henry Smith,henry.smith@example.com,57,Arlington,TX,2026-01-11,0.0,0.0,0.0,1,False
CUST04198,Isabella Smith,isabella.smith@example.com,20,Arlington,TX,2024-01-26,2.0,410.3,205.15,1,False
CUST04199,Olivia Davis,olivia.davis@example.com,20,Austin,TX,2025-12-06,1.0,102.96,102.96,1,False
CUST04200,Emma Jones,emma.jones@example.com,24,Dallas,TX,2024-01-27,1.0,69.61,69.61,1,False
CUST04201,Mia Wilson,mia.wilson@example.com,53,Dallas,TX,2024-12-18,1.0,109.82,109.82,1,False
CUST04202,Isabella Johnson,isabella.johnson@example.com,52,Houston,TX,2024-01-20,2.0,155.28,77.64,1,False
CUST04203,Henry Wilson,henry.wilson@example.com,32,Austin,TX,2024-01-16,1.0,45.44,45.44,1,False
CUST04204,Henry Thomas,henry.thomas@example.com,57,Arlington,TX,2026-01-05,0.0,0.0,0.0,1,False
CUST04205,Mia Martin,mia.martin@example.com,20,Dallas,TX,2024-08-26,2.0,64.13,32.06,1,False
CUST04206,Noah Davis,noah.davis@example.com,46,Fort Worth,TX,2025-07-22,2.0,559.2,279.6,-1,True
CUST04207,Isabella Wilson,isabella.wilson@example.com,47,Fort Worth,TX,2024-02-03,3.0,92.56,30.85,1,False
CUST04208,Noah Brown,noah.brown@example.com,56,Fort Worth,TX,2023-04-10,1.0,15.58,15.58,1,False
CUST04209,James Smith,james.smith@example.com,35,Arlington,TX,2024-01-18,1.0,74.1,74.1,1,False
CUST04210,Mason Smith,mason.smith@example.com,28,Arlington,TX,2024-12-07,1.0,139.91,139.91,1,False
CUST04211,Liam Jones,liam.jones@example.com,60,Denton,TX,2026-04-30,3.0,229.18,76.39,1,False
CUST04212,Mia Johnson,mia.johnson@example.com,66,Houston,TX,2023-01-10,0.0,0.0,0.0,1,False
CUST04213,Amelia Martin,amelia.martin@example.com,55,Frisco,TX,2023-09-21,4.0,563.93,140.98,-1,True
CUST04214,Henry Davis,henry.davis@example.com,57,Houston,TX,2025-04-11,2.0,126.4,63.2,1,False
CUST04215,Ethan Taylor,ethan.taylor@example.com,18,Houston,TX,2024-09-21,2.0,124.6,62.3,1,False
CUST04216,Mia Anderson,mia.anderson@example.com,46,Plano,TX,2025-01-31,1.0,199.96,199.96,1,False
CUST04217,Mason Jones,mason.jones@example.com,27,Fort Worth,TX,2023-07-14,2.0,151.42,75.71,1,False
CUST04218,Harper Jones,harper.jones@example.com,45,Arlington,TX,2024-07-15,0.0,0.0,0.0,1,False
CUST04219,Harper Johnson,harper.johnson@example.com,74,Fort Worth,TX,2023-04-07,2.0,129.58,64.79,1,False
CUST04220,Sophia Miller,sophia.miller@example.com,48,Houston,TX,2024-04-06,3.0,299.59,99.86,1,False
CUST04221,Amelia Moore,amelia.moore@example.com,36,Arlington,TX,2025-01-27,3.0,181.02,60.34,1,False
CUST04222,Henry Davis,henry.davis@example.com,20,Austin,TX,2023-03-28,1.0,65.1,65.1,1,False
CUST04223,Ava Taylor,ava.taylor@example.com,53,Denton,TX,2025-09-17,0.0,0.0,0.0,1,False
CUST04224,Henry Moore,henry.moore@example.com,60,Dallas,TX,2023-03-18,3.0,195.19,65.06,1,False
CUST04225,James Smith,james.smith@example.com,32,Dallas,TX,2026-03-15,2.0,114.51,57.26,1,False
CUST04226,Emma Johnson,emma.johnson@example.com,50,Houston,TX,2024-10-22,1.0,25.63,25.63,1,False
CUST04227,Isabella Taylor,isabella.taylor@example.com,58,Frisco,TX,2026-02-08,0.0,0.0,0.0,1,False
CUST04228,Henry Brown,henry.brown@example.com,60,Fort Worth,TX,2025-02-03,2.0,130.57,65.28,1,False
CUST04229,Liam Jones,liam.jones@example.com,68,Austin,TX,2024-11-08,1.0,184.38,184.38,1,False
CUST04230,Olivia Moore,olivia.moore@example.com,62,Arlington,TX,2025-03-01,1.0,45.79,45.79,1,False
CUST04231,Harper Johnson,harper.johnson@example.com,43,Frisco,TX,2024-08-05,1.0,66.48,66.48,1,False
CUST04232,Olivia Smith,olivia.smith@example.com,33,Fort Worth,TX,2024-11-01,0.0,0.0,0.0,1,False
CUST04233,Olivia Wilson,olivia.wilson@example.com,53,Houston,TX,2024-06-21,1.0,36.88,36.88,1,False
CUST04234,Noah Martin,noah.martin@example.com,50,Fort Worth,TX,2026-03-31,0.0,0.0,0.0,1,False
CUST04235,Olivia Smith,olivia.smith@example.com,37,Houston,TX,2024-03-05,1.0,25.4,25.4,1,False
CUST04236,Emma Moore,emma.moore@example.com,30,Plano,TX,2025-12-28,2.0,173.64,86.82,1,False
CUST04237,James Jackson,james.jackson@example.com,50,Dallas,TX,2023-05-13,1.0,32.9,32.9,1,False
CUST04238,Ava Brown,ava.brown@example.com,22,Frisco,TX,2023-07-08,0.0,0.0,0.0,1,False
CUST04239,Olivia Johnson,olivia.johnson@example.com,54,Dallas,TX,2024-07-26,1.0,31.77,31.77,1,False
CUST04240,Amelia Anderson,amelia.anderson@example.com,31,Fort Worth,TX,2023-10-06,0.0,0.0,0.0,1,False
CUST04241,Mia Brown,mia.brown@example.com,44,Austin,TX,2024-06-25,0.0,0.0,0.0,1,False
CUST04242,Amelia Davis,amelia.davis@example.com,40,Arlington,TX,2026-03-30,1.0,50.73,50.73,1,False
CUST04243,Mia Davis,mia.davis@example.com,31,Houston,TX,2025-01-15,4.0,248.49,62.12,1,False
CUST04244,Noah Jackson,noah.jackson@example.com,57,Arlington,TX,2025-06-17,0.0,0.0,0.0,1,False
CUST04245,Emma Anderson,emma.anderson@example.com,21,Dallas,TX,2024-03-28,1.0,67.82,67.82,1,False
CUST04246,Ava Thomas,ava.thomas@example.com,56,Denton,TX,2025-06-07,1.0,122.11,122.11,1,False
CUST04247,Liam Wilson,liam.wilson@example.com,69,Austin,TX,2025-04-30,4.0,213.29,53.32,1,False
CUST04248,Mason Moore,mason.moore@example.com,36,Austin,TX,2023-06-19,2.0,195.82,97.91,1,False
CUST04249,Ava Jackson,ava.jackson@example.com,64,Arlington,TX,2025-04-09,0.0,0.0,0.0,1,False
CUST04250,Mason Anderson,mason.anderson@example.com,71,Dallas,TX,2024-11-28,1.0,89.61,89.61,1,False
CUST04251,Amelia Jackson,amelia.jackson@example.com,21,Denton,TX,2025-12-16,3.0,146.23,48.74,1,False
CUST04252,Sophia Thomas,sophia.thomas@example.com,47,Arlington,TX,2026-06-17,0.0,0.0,0.0,1,False
CUST04253,Harper Jones,harper.jones@example.com,36,Fort Worth,TX,2025-02-07,0.0,0.0,0.0,1,False
CUST04254,Mason Miller,mason.miller@example.com,48,Austin,TX,2023-12-24,2.0,204.25,102.12,1,False
CUST04255,James Williams,james.williams@example.com,48,Austin,TX,2023-07-20,4.0,380.82,95.2,1,False
CUST04256,Ethan Taylor,ethan.taylor@example.com,26,Fort Worth,TX,2024-03-19,5.0,428.38,85.68,1,False
CUST04257,James Brown,james.brown@example.com,70,Dallas,TX,2025-04-06,1.0,44.05,44.05,1,False
CUST04258,Henry Taylor,henry.taylor@example.com,30,Austin,TX,2026-02-03,2.0,159.47,79.74,1,False
CUST04259,Harper Wilson,harper.wilson@example.com,31,Frisco,TX,2023-04-11,1.0,10.2,10.2,1,False
CUST04260,Harper Taylor,harper.taylor@example.com,72,Denton,TX,2026-01-25,0.0,0.0,0.0,1,False
CUST04261,Mia Taylor,mia.taylor@example.com,63,Plano,TX,2025-07-26,3.0,168.73,56.24,1,False
CUST04262,Emma Martin,emma.martin@example.com,71,Plano,TX,2023-01-29,1.0,20.03,20.03,1,False
CUST04263,Lucas Thomas,lucas.thomas@example.com,27,Plano,TX,2024-10-26,1.0,24.68,24.68,1,False
CUST04264,Noah Smith,noah.smith@example.com,65,Houston,TX,2023-03-14,2.0,716.5,358.25,-1,True
CUST04265,Amelia Johnson,amelia.johnson@example.com,48,Frisco,TX,2023-09-11,2.0,120.61,60.3,1,False
CUST04266,Ethan Jones,ethan.jones@example.com,54,Houston,TX,2024-05-30,1.0,48.33,48.33,1,False
CUST04267,Mason Williams,mason.williams@example.com,40,Dallas,TX,2025-01-18,1.0,53.77,53.77,1,False
CUST04268,Olivia Johnson,olivia.johnson@example.com,44,Fort Worth,TX,2025-11-09,0.0,0.0,0.0,1,False
CUST04269,Emma Smith,emma.smith@example.com,23,Arlington,TX,2024-06-18,2.0,134.66,67.33,1,False
CUST04270,Ethan Taylor,ethan.taylor@example.com,43,Frisco,TX,2024-02-25,2.0,77.82,38.91,1,False
CUST04271,Noah Williams,noah.williams@example.com,19,Denton,TX,2024-03-21,1.0,44.39,44.39,1,False
CUST04272,Mia Smith,mia.smith@example.com,62,Dallas,TX,2025-05-28,2.0,94.35,47.18,1,False
CUST04273,Amelia Thomas,amelia.thomas@example.com,30,Arlington,TX,2023-05-16,2.0,51.75,25.88,1,False
CUST04274,Emma Smith,emma.smith@example.com,68,Dallas,TX,2023-02-02,1.0,53.25,53.25,1,False
CUST04275,Noah Thomas,noah.thomas@example.com,67,Houston,TX,2024-10-08,5.0,444.26,88.85,-1,True
CUST04276,Sophia Smith,sophia.smith@example.com,36,Plano,TX,2023-10-05,2.0,99.31,49.66,1,False
CUST04277,Sophia Davis,sophia.davis@example.com,18,Fort Worth,TX,2023-05-13,1.0,149.83,149.83,1,False
CUST04278,James Jackson,james.jackson@example.com,57,Houston,TX,2025-01-19,0.0,0.0,0.0,1,False
CUST04279,James Williams,james.williams@example.com,49,Fort Worth,TX,2023-05-06,3.0,252.28,84.09,1,False
CUST04280,Noah Anderson,noah.anderson@example.com,39,Frisco,TX,2023-12-11,1.0,154.03,154.03,1,False
CUST04281,Ethan Smith,ethan.smith@example.com,65,Arlington,TX,2023-01-17,0.0,0.0,0.0,1,False
CUST04282,James Miller,james.miller@example.com,46,Dallas,TX,2025-04-03,1.0,77.68,77.68,1,False
CUST04283,Amelia Taylor,amelia.taylor@example.com,19,Austin,TX,2024-07-15,0.0,0.0,0.0,1,False
CUST04284,Emma Williams,emma.williams@example.com,57,Austin,TX,2024-10-08,1.0,56.34,56.34,1,False
CUST04285,Ethan Davis,ethan.davis@example.com,55,Fort Worth,TX,2024-09-21,0.0,0.0,0.0,1,False
CUST04286,James Brown,james.brown@example.com,65,Plano,TX,2025-03-28,0.0,0.0,0.0,1,False
CUST04287,Liam Brown,liam.brown@example.com,72,Plano,TX,2023-03-01,2.0,173.01,86.5,1,False
CUST04288,Mason Jones,mason.jones@example.com,28,Fort Worth,TX,2024-04-11,1.0,12.1,12.1,1,False
CUST04289,Liam Garcia,liam.garcia@example.com,34,Houston,TX,2024-09-19,1.0,26.52,26.52,1,False
CUST04290,Isabella Miller,isabella.miller@example.com,72,Austin,TX,2024-01-26,0.0,0.0,0.0,1,False
CUST04291,Sophia Martin,sophia.martin@example.com,68,Houston,TX,2025-07-24,1.0,73.03,73.03,1,False
CUST04292,Mia Martin,mia.martin@example.com,60,Arlington,TX,2024-11-15,2.0,144.72,72.36,1,False
CUST04293,Ava Brown,ava.brown@example.com,25,Austin,TX,2026-04-25,4.0,314.0,78.5,1,False
CUST04294,Mason Davis,mason.davis@example.com,39,Arlington,TX,2024-05-12,2.0,268.51,134.26,1,False
CUST04295,Sophia Moore,sophia.moore@example.com,21,Dallas,TX,2024-08-22,1.0,24.85,24.85,1,False
CUST04296,Ethan Garcia,ethan.garcia@example.com,28,Houston,TX,2024-03-24,0.0,0.0,0.0,1,False
CUST04297,Ethan Martin,ethan.martin@example.com,25,Fort Worth,TX,2024-11-10,1.0,26.91,26.91,1,False
CUST04298,Ethan Smith,ethan.smith@example.com,26,Austin,TX,2026-04-19,2.0,96.52,48.26,1,False
CUST04299,Mia Smith,mia.smith@example.com,43,Houston,TX,2023-05-10,1.0,21.08,21.08,1,False
CUST04300,Liam Wilson,liam.wilson@example.com,19,Fort Worth,TX,2023-05-29,1.0,32.52,32.52,1,False
CUST04301,Ava Taylor,ava.taylor@example.com,33,Dallas,TX,2025-03-28,2.0,160.79,80.4,1,False
CUST04302,Amelia Garcia,amelia.garcia@example.com,48,Austin,TX,2025-08-05,3.0,279.25,93.08,1,False
CUST04303,James Taylor,james.taylor@example.com,23,Arlington,TX,2024-05-14,2.0,65.31,32.66,1,False
CUST04304,Ethan Davis,ethan.davis@example.com,70,Dallas,TX,2026-05-19,1.0,22.02,22.02,1,False
CUST04305,Lucas Moore,lucas.moore@example.com,38,Plano,TX,2024-10-19,1.0,63.97,63.97,1,False
CUST04306,Isabella Miller,isabella.miller@example.com,43,Fort Worth,TX,2025-11-19,4.0,474.63,118.66,1,False
CUST04307,Mason Thomas,mason.thomas@example.com,36,Denton,TX,2024-07-30,3.0,287.52,95.84,1,False
CUST04308,Emma Garcia,emma.garcia@example.com,45,Austin,TX,2025-11-13,3.0,205.02,68.34,1,False
CUST04309,James Brown,james.brown@example.com,25,Austin,TX,2025-09-10,1.0,142.29,142.29,1,False
CUST04310,Lucas Miller,lucas.miller@example.com,31,Frisco,TX,2024-12-23,4.0,205.14,51.28,1,False
CUST04311,Ava Wilson,ava.wilson@example.com,41,Frisco,TX,2023-08-10,2.0,95.22,47.61,1,False
CUST04312,Mia Martin,mia.martin@example.com,65,Dallas,TX,2024-08-24,1.0,78.52,78.52,1,False
CUST04313,Amelia Anderson,amelia.anderson@example.com,61,Austin,TX,2024-11-14,0.0,0.0,0.0,1,False
CUST04314,Amelia Taylor,amelia.taylor@example.com,54,Fort Worth,TX,2025-01-11,0.0,0.0,0.0,1,False
CUST04315,Ava Taylor,ava.taylor@example.com,73,Dallas,TX,2025-07-13,4.0,251.6,62.9,1,False
CUST04316,Emma Martin,emma.martin@example.com,43,Arlington,TX,2024-08-02,3.0,385.34,128.45,1,False
CUST04317,Mason Miller,mason.miller@example.com,48,Dallas,TX,2024-02-05,0.0,0.0,0.0,1,False
CUST04318,Henry Smith,henry.smith@example.com,73,Dallas,TX,2025-06-19,1.0,46.14,46.14,1,False
CUST04319,Emma Taylor,emma.taylor@example.com,68,Denton,TX,2024-05-26,1.0,26.51,26.51,1,False
CUST04320,Amelia Wilson,amelia.wilson@example.com,49,Arlington,TX,2023-03-29,1.0,42.88,42.88,1,False
CUST04321,Noah Moore,noah.moore@example.com,67,Plano,TX,2023-02-19,1.0,36.24,36.24,1,False
CUST04322,Mason Brown,mason.brown@example.com,58,Frisco,TX,2023-04-13,1.0,33.14,33.14,1,False
CUST04323,Ava Jackson,ava.jackson@example.com,19,Fort Worth,TX,2024-01-03,2.0,212.58,106.29,1,False
CUST04324,Amelia Williams,amelia.williams@example.com,42,Plano,TX,2025-07-24,1.0,29.99,29.99,1,False
CUST04325,Amelia Brown,amelia.brown@example.com,69,Plano,TX,2025-06-16,4.0,323.83,80.96,1,False
CUST04326,Ethan Brown,ethan.brown@example.com,61,Plano,TX,2025-06-27,2.0,229.84,114.92,1,False
CUST04327,Ava Moore,ava.moore@example.com,19,Frisco,TX,2026-06-17,1.0,32.06,32.06,1,False
CUST04328,Henry Taylor,henry.taylor@example.com,59,Houston,TX,2023-09-15,0.0,0.0,0.0,1,False
CUST04329,Ava Anderson,ava.anderson@example.com,18,Frisco,TX,2024-01-25,3.0,211.51,70.5,1,False
CUST04330,Henry Johnson,henry.johnson@example.com,53,Plano,TX,2025-02-11,2.0,137.92,68.96,1,False
CUST04331,Mason Martin,mason.martin@example.com,74,Houston,TX,2025-01-23,2.0,93.01,46.5,1,False
CUST04332,Isabella Thomas,isabella.thomas@example.com,29,Arlington,TX,2024-01-29,0.0,0.0,0.0,1,False
CUST04333,Noah Martin,noah.martin@example.com,26,Frisco,TX,2024-11-13,1.0,49.49,49.49,1,False
CUST04334,James Smith,james.smith@example.com,53,Fort Worth,TX,2023-09-27,0.0,0.0,0.0,1,False
CUST04335,Ava Thomas,ava.thomas@example.com,58,Plano,TX,2023-05-29,0.0,0.0,0.0,1,False
CUST04336,Lucas Taylor,lucas.taylor@example.com,45,Austin,TX,2025-03-21,2.0,106.58,53.29,1,False
CUST04337,Sophia Thomas,sophia.thomas@example.com,55,Arlington,TX,2023-01-28,2.0,77.92,38.96,1,False
CUST04338,Olivia Smith,olivia.smith@example.com,50,Houston,TX,2026-03-18,1.0,69.67,69.67,1,False
CUST04339,Olivia Moore,olivia.moore@example.com,59,Frisco,TX,2023-10-07,1.0,108.56,108.56,1,False
CUST04340,Ava Martin,ava.martin@example.com,63,Fort Worth,TX,2026-04-20,4.0,174.67,43.67,1,False
CUST04341,Henry Davis,henry.davis@example.com,39,Dallas,TX,2023-06-15,2.0,184.7,92.35,1,False
CUST04342,Lucas Martin,lucas.martin@example.com,42,Fort Worth,TX,2023-01-17,4.0,540.44,135.11,-1,True
CUST04343,Isabella Johnson,isabella.johnson@example.com,35,Fort Worth,TX,2026-03-19,1.0,106.61,106.61,1,False
CUST04344,Ethan Thomas,ethan.thomas@example.com,23,Plano,TX,2023-12-05,1.0,61.36,61.36,1,False
CUST04345,Henry Taylor,henry.taylor@example.com,35,Plano,TX,2025-12-04,1.0,103.26,103.26,1,False
CUST04346,Mia Jones,mia.jones@example.com,69,Frisco,TX,2025-04-21,3.0,254.5,84.83,1,False
CUST04347,Mia Thomas,mia.thomas@example.com,33,Frisco,TX,2023-07-08,0.0,0.0,0.0,1,False
CUST04348,Mason Brown,mason.brown@example.com,32,Denton,TX,2024-10-12,1.0,14.67,14.67,1,False
CUST04349,Olivia Davis,olivia.davis@example.com,65,Houston,TX,2025-12-20,1.0,37.82,37.82,1,False
CUST04350,Ava Johnson,ava.johnson@example.com,25,Denton,TX,2023-10-21,2.0,224.53,112.26,1,False
CUST04351,Mia Taylor,mia.taylor@example.com,30,Frisco,TX,2025-11-22,1.0,24.0,24.0,1,False
CUST04352,Ava Wilson,ava.wilson@example.com,72,Houston,TX,2024-02-19,3.0,172.69,57.56,1,False
CUST04353,Mason Miller,mason.miller@example.com,60,Plano,TX,2025-03-13,2.0,226.89,113.44,1,False
CUST04354,Olivia Jackson,olivia.jackson@example.com,74,Plano,TX,2024-03-06,2.0,214.7,107.35,1,False
CUST04355,Emma Moore,emma.moore@example.com,24,Austin,TX,2026-01-28,2.0,90.06,45.03,1,False
CUST04356,Isabella Miller,isabella.miller@example.com,34,Austin,TX,2025-11-12,0.0,0.0,0.0,1,False
CUST04357,Sophia Smith,sophia.smith@example.com,67,Arlington,TX,2024-05-01,1.0,50.45,50.45,1,False
CUST04358,Sophia Martin,sophia.martin@example.com,49,Plano,TX,2023-03-30,3.0,419.04,139.68,1,False
CUST04359,Mia Thomas,mia.thomas@example.com,39,Dallas,TX,2026-05-17,2.0,43.96,21.98,1,False
CUST04360,Sophia Johnson,sophia.johnson@example.com,72,Austin,TX,2023-09-28,0.0,0.0,0.0,1,False
CUST04361,Amelia Brown,amelia.brown@example.com,68,Houston,TX,2025-06-18,1.0,264.08,264.08,1,False
CUST04362,Isabella Brown,isabella.brown@example.com,74,Fort Worth,TX,2023-10-05,0.0,0.0,0.0,1,False
CUST04363,Henry Anderson,henry.anderson@example.com,30,Frisco,TX,2023-07-25,2.0,96.76,48.38,1,False
CUST04364,Emma Martin,emma.martin@example.com,64,Frisco,TX,2025-07-01,1.0,166.41,166.41,1,False
CUST04365,Isabella Williams,isabella.williams@example.com,40,Arlington,TX,2023-11-24,0.0,0.0,0.0,1,False
CUST04366,Amelia Miller,amelia.miller@example.com,71,Austin,TX,2025-05-07,1.0,119.22,119.22,1,False
CUST04367,Harper Thomas,harper.thomas@example.com,46,Fort Worth,TX,2025-05-26,3.0,436.48,145.49,1,False
CUST04368,Henry Davis,henry.davis@example.com,39,Fort Worth,TX,2025-05-11,2.0,150.99,75.5,1,False
CUST04369,Amelia Johnson,amelia.johnson@example.com,18,Austin,TX,2023-12-02,0.0,0.0,0.0,1,False
CUST04370,Ava Brown,ava.brown@example.com,46,Dallas,TX,2024-08-28,1.0,58.09,58.09,1,False
CUST04371,Mason Martin,mason.martin@example.com,65,Dallas,TX,2024-08-14,1.0,206.86,206.86,1,False
CUST04372,James Williams,james.williams@example.com,22,Arlington,TX,2025-11-27,1.0,37.09,37.09,1,False
CUST04373,Emma Johnson,emma.johnson@example.com,52,Denton,TX,2025-10-10,1.0,29.09,29.09,1,False
CUST04374,James Thomas,james.thomas@example.com,72,Dallas,TX,2026-06-05,1.0,61.2,61.2,1,False
CUST04375,Mason Moore,mason.moore@example.com,27,Arlington,TX,2026-03-03,1.0,30.68,30.68,1,False
CUST04376,Mason Martin,mason.martin@example.com,36,Denton,TX,2024-12-08,2.0,134.52,67.26,1,False
CUST04377,Amelia Garcia,amelia.garcia@example.com,54,Denton,TX,2025-09-04,4.0,318.96,79.74,1,False
CUST04378,Olivia Moore,olivia.moore@example.com,24,Houston,TX,2024-02-29,1.0,77.03,77.03,1,False
CUST04379,Amelia Brown,amelia.brown@example.com,63,Denton,TX,2024-08-09,2.0,215.89,107.94,1,False
CUST04380,James Garcia,james.garcia@example.com,52,Austin,TX,2025-03-16,1.0,33.92,33.92,1,False
CUST04381,Amelia Johnson,amelia.johnson@example.com,62,Denton,TX,2024-12-20,3.0,217.72,72.57,1,False
CUST04382,Ava Thomas,ava.thomas@example.com,30,Fort Worth,TX,2025-08-06,3.0,140.54,46.85,1,False
CUST04383,Amelia Brown,amelia.brown@example.com,27,Arlington,TX,2024-10-16,0.0,0.0,0.0,1,False
CUST04384,Lucas Anderson,lucas.anderson@example.com,19,Frisco,TX,2024-04-18,1.0,105.97,105.97,1,False
CUST04385,Sophia Garcia,sophia.garcia@example.com,23,Dallas,TX,2024-07-21,1.0,44.7,44.7,1,False
CUST04386,James Martin,james.martin@example.com,25,Frisco,TX,2023-07-30,1.0,46.51,46.51,1,False
CUST04387,Lucas Jones,lucas.jones@example.com,53,Arlington,TX,2026-04-17,3.0,405.15,135.05,1,False
CUST04388,Olivia Williams,olivia.williams@example.com,42,Plano,TX,2025-12-17,3.0,77.12,25.71,1,False
CUST04389,Mason Davis,mason.davis@example.com,61,Arlington,TX,2026-01-01,3.0,322.35,107.45,1,False
CUST04390,Mia Miller,mia.miller@example.com,64,Dallas,TX,2023-08-03,2.0,111.35,55.68,1,False
CUST04391,Isabella Williams,isabella.williams@example.com,57,Plano,TX,2025-06-18,1.0,51.74,51.74,1,False
CUST04392,Henry Garcia,henry.garcia@example.com,24,Plano,TX,2026-01-01,0.0,0.0,0.0,1,False
CUST04393,Sophia Brown,sophia.brown@example.com,63,Denton,TX,2024-04-11,2.0,224.38,112.19,1,False
CUST04394,Henry Anderson,henry.anderson@example.com,40,Dallas,TX,2023-12-20,2.0,65.84,32.92,1,False
CUST04395,Amelia Jones,amelia.jones@example.com,36,Plano,TX,2026-06-11,0.0,0.0,0.0,1,False
CUST04396,Harper Anderson,harper.anderson@example.com,63,Austin,TX,2025-11-08,2.0,100.31,50.16,1,False
CUST04397,Sophia Jones,sophia.jones@example.com,39,Fort Worth,TX,2024-09-16,0.0,0.0,0.0,1,False
CUST04398,Ava Miller,ava.miller@example.com,30,Frisco,TX,2024-01-07,1.0,69.36,69.36,1,False
CUST04399,Harper Anderson,harper.anderson@example.com,38,Austin,TX,2023-07-03,3.0,539.51,179.84,-1,True
CUST04400,Noah Jones,noah.jones@example.com,18,Austin,TX,2024-11-04,2.0,83.44,41.72,1,False
CUST04401,Liam Anderson,liam.anderson@example.com,36,Dallas,TX,2025-01-24,1.0,15.76,15.76,1,False
CUST04402,Liam Jackson,liam.jackson@example.com,50,Denton,TX,2026-03-14,1.0,125.04,125.04,1,False
CUST04403,Liam Williams,liam.williams@example.com,21,Dallas,TX,2026-01-09,0.0,0.0,0.0,1,False
CUST04404,Noah Taylor,noah.taylor@example.com,59,Frisco,TX,2023-11-18,2.0,408.03,204.02,1,False
CUST04405,Henry Jones,henry.jones@example.com,20,Fort Worth,TX,2024-03-10,2.0,220.13,110.06,1,False
CUST04406,Ava Miller,ava.miller@example.com,44,Arlington,TX,2025-12-02,1.0,18.93,18.93,1,False
CUST04407,Harper Jones,harper.jones@example.com,69,Austin,TX,2023-10-20,2.0,131.81,65.9,1,False
CUST04408,Noah Jones,noah.jones@example.com,58,Plano,TX,2024-11-18,1.0,25.68,25.68,1,False
CUST04409,Liam Wilson,liam.wilson@example.com,52,Fort Worth,TX,2025-06-06,2.0,216.06,108.03,1,False
CUST04410,Olivia Jackson,olivia.jackson@example.com,45,Austin,TX,2023-03-10,3.0,426.68,142.23,1,False
CUST04411,Emma Williams,emma.williams@example.com,23,Arlington,TX,2023-02-25,1.0,87.03,87.03,1,False
CUST04412,Harper Moore,harper.moore@example.com,23,Denton,TX,2024-09-22,2.0,87.7,43.85,1,False
CUST04413,James Garcia,james.garcia@example.com,72,Plano,TX,2026-05-12,0.0,0.0,0.0,1,False
CUST04414,Mason Smith,mason.smith@example.com,74,Austin,TX,2024-02-24,3.0,264.04,88.01,1,False
CUST04415,Noah Taylor,noah.taylor@example.com,61,Houston,TX,2024-07-20,1.0,77.03,77.03,1,False
CUST04416,Ava Jones,ava.jones@example.com,40,Frisco,TX,2024-07-03,2.0,170.4,85.2,1,False
CUST04417,Ava Davis,ava.davis@example.com,50,Fort Worth,TX,2023-08-31,0.0,0.0,0.0,1,False
CUST04418,James Jones,james.jones@example.com,33,Frisco,TX,2026-05-09,1.0,81.51,81.51,1,False
CUST04419,Lucas Wilson,lucas.wilson@example.com,41,Dallas,TX,2025-01-17,5.0,283.33,56.67,1,False
CUST04420,Emma Anderson,emma.anderson@example.com,22,Austin,TX,2024-06-10,1.0,111.13,111.13,1,False
CUST04421,Harper Garcia,harper.garcia@example.com,58,Plano,TX,2023-03-18,3.0,214.58,71.53,1,False
CUST04422,Mia Davis,mia.davis@example.com,59,Plano,TX,2024-03-15,0.0,0.0,0.0,1,False
CUST04423,Sophia Taylor,sophia.taylor@example.com,30,Fort Worth,TX,2026-04-23,2.0,177.48,88.74,1,False
CUST04424,Liam Davis,liam.davis@example.com,64,Fort Worth,TX,2025-12-14,1.0,126.15,126.15,1,False
CUST04425,Harper Moore,harper.moore@example.com,29,Frisco,TX,2024-05-30,3.0,513.36,171.12,1,False
CUST04426,Amelia Williams,amelia.williams@example.com,22,Plano,TX,2026-06-07,0.0,0.0,0.0,1,False
CUST04427,Mia Miller,mia.miller@example.com,54,Plano,TX,2026-03-07,4.0,225.08,56.27,1,False
CUST04428,Lucas Martin,lucas.martin@example.com,48,Plano,TX,2024-09-06,0.0,0.0,0.0,1,False
CUST04429,Liam Miller,liam.miller@example.com,45,Austin,TX,2025-10-27,3.0,206.03,68.68,1,False
CUST04430,Emma Martin,emma.martin@example.com,45,Plano,TX,2024-11-06,1.0,59.53,59.53,1,False
CUST04431,Isabella Taylor,isabella.taylor@example.com,47,Dallas,TX,2024-02-24,1.0,102.34,102.34,1,False
CUST04432,Amelia Thomas,amelia.thomas@example.com,35,Plano,TX,2023-10-03,0.0,0.0,0.0,1,False
CUST04433,Lucas Garcia,lucas.garcia@example.com,61,Dallas,TX,2024-08-30,2.0,96.16,48.08,1,False
CUST04434,Henry Thomas,henry.thomas@example.com,44,Austin,TX,2024-07-24,2.0,110.87,55.44,1,False
CUST04435,Liam Miller,liam.miller@example.com,52,Fort Worth,TX,2023-03-31,3.0,203.08,67.69,1,False
CUST04436,Emma Martin,emma.martin@example.com,43,Denton,TX,2023-10-09,3.0,188.12,62.71,1,False
CUST04437,Ethan Johnson,ethan.johnson@example.com,74,Dallas,TX,2026-04-09,1.0,66.68,66.68,1,False
CUST04438,Mia Wilson,mia.wilson@example.com,56,Austin,TX,2024-09-29,0.0,0.0,0.0,1,False
CUST04439,Mia Taylor,mia.taylor@example.com,66,Denton,TX,2025-03-21,2.0,203.35,101.68,1,False
CUST04440,Sophia Taylor,sophia.taylor@example.com,68,Denton,TX,2026-05-12,3.0,151.01,50.34,1,False
CUST04441,James Smith,james.smith@example.com,35,Plano,TX,2025-05-17,1.0,47.97,47.97,1,False
CUST04442,Emma Smith,emma.smith@example.com,50,Austin,TX,2024-04-06,0.0,0.0,0.0,1,False
CUST04443,Noah Williams,noah.williams@example.com,42,Denton,TX,2025-01-19,4.0,199.42,49.86,1,False
CUST04444,Ethan Martin,ethan.martin@example.com,73,Plano,TX,2026-04-11,1.0,42.69,42.69,1,False
CUST04445,Isabella Jackson,isabella.jackson@example.com,48,Frisco,TX,2023-10-28,3.0,194.44,64.81,1,False
CUST04446,Olivia Williams,olivia.williams@example.com,54,Austin,TX,2024-08-22,3.0,252.99,84.33,1,False
CUST04447,Liam Smith,liam.smith@example.com,19,Denton,TX,2024-06-12,2.0,178.15,89.08,1,False
CUST04448,Amelia Thomas,amelia.thomas@example.com,50,Fort Worth,TX,2023-05-20,1.0,52.69,52.69,1,False
CUST04449,Ethan Miller,ethan.miller@example.com,56,Dallas,TX,2023-10-05,0.0,0.0,0.0,1,False
CUST04450,Emma Brown,emma.brown@example.com,60,Frisco,TX,2024-10-24,0.0,0.0,0.0,1,False
CUST04451,Henry Taylor,henry.taylor@example.com,60,Fort Worth,TX,2024-05-25,3.0,292.78,97.59,1,False
CUST04452,Mason Moore,mason.moore@example.com,49,Houston,TX,2026-03-09,3.0,575.33,191.78,-1,True
CUST04453,Liam Johnson,liam.johnson@example.com,35,Plano,TX,2023-04-24,4.0,377.03,94.26,1,False
CUST04454,Ava Taylor,ava.taylor@example.com,34,Denton,TX,2024-08-02,4.0,190.08,47.52,1,False
CUST04455,Mia Jones,mia.jones@example.com,51,Dallas,TX,2024-11-21,2.0,95.8,47.9,1,False
CUST04456,Henry Garcia,henry.garcia@example.com,56,Fort Worth,TX,2024-09-28,0.0,0.0,0.0,1,False
CUST04457,James Wilson,james.wilson@example.com,24,Dallas,TX,2025-04-02,2.0,85.32,42.66,1,False
CUST04458,Emma Brown,emma.brown@example.com,59,Houston,TX,2025-05-24,1.0,52.58,52.58,1,False
CUST04459,Isabella Johnson,isabella.johnson@example.com,71,Arlington,TX,2025-07-28,1.0,72.65,72.65,1,False
CUST04460,Ava Jones,ava.jones@example.com,70,Plano,TX,2025-07-30,3.0,230.5,76.83,1,False
CUST04461,Sophia Williams,sophia.williams@example.com,52,Plano,TX,2026-02-08,2.0,272.66,136.33,1,False
CUST04462,Amelia Johnson,amelia.johnson@example.com,47,Austin,TX,2023-12-24,0.0,0.0,0.0,1,False
CUST04463,Harper Thomas,harper.thomas@example.com,29,Denton,TX,2026-06-15,5.0,428.84,85.77,1,False
CUST04464,Lucas Smith,lucas.smith@example.com,52,Plano,TX,2023-01-03,3.0,194.23,64.74,1,False
CUST04465,Olivia Taylor,olivia.taylor@example.com,28,Plano,TX,2024-02-08,2.0,102.14,51.07,1,False
CUST04466,Olivia Johnson,olivia.johnson@example.com,61,Fort Worth,TX,2023-01-25,0.0,0.0,0.0,1,False
CUST04467,Henry Garcia,henry.garcia@example.com,74,Frisco,TX,2024-05-23,2.0,91.8,45.9,1,False
CUST04468,Ava Davis,ava.davis@example.com,21,Plano,TX,2024-11-26,0.0,0.0,0.0,1,False
CUST04469,Harper Moore,harper.moore@example.com,42,Plano,TX,2023-03-02,4.0,272.64,68.16,1,False
CUST04470,Harper Williams,harper.williams@example.com,65,Denton,TX,2023-05-03,0.0,0.0,0.0,1,False
CUST04471,Mia Anderson,mia.anderson@example.com,49,Houston,TX,2023-02-24,1.0,115.13,115.13,1,False
CUST04472,Sophia Jackson,sophia.jackson@example.com,37,Frisco,TX,2026-04-01,2.0,87.9,43.95,1,False
CUST04473,Mason Wilson,mason.wilson@example.com,67,Houston,TX,2025-08-31,2.0,318.11,159.06,1,False
CUST04474,Mia Jackson,mia.jackson@example.com,48,Denton,TX,2025-11-28,2.0,119.36,59.68,1,False
CUST04475,Ethan Thomas,ethan.thomas@example.com,21,Dallas,TX,2026-01-11,0.0,0.0,0.0,1,False
CUST04476,James Wilson,james.wilson@example.com,71,Dallas,TX,2024-06-29,1.0,79.23,79.23,1,False
CUST04477,Olivia Johnson,olivia.johnson@example.com,55,Plano,TX,2023-04-23,2.0,111.6,55.8,1,False
CUST04478,Ethan Davis,ethan.davis@example.com,70,Plano,TX,2024-02-29,2.0,166.54,83.27,1,False
CUST04479,Isabella Taylor,isabella.taylor@example.com,64,Austin,TX,2025-07-06,0.0,0.0,0.0,1,False
CUST04480,Liam Anderson,liam.anderson@example.com,18,Dallas,TX,2023-08-18,1.0,100.93,100.93,1,False
CUST04481,Noah Thomas,noah.thomas@example.com,20,Fort Worth,TX,2025-07-05,3.0,365.4,121.8,1,False
CUST04482,Emma Jones,emma.jones@example.com,54,Plano,TX,2023-06-04,0.0,0.0,0.0,1,False
CUST04483,Amelia Brown,amelia.brown@example.com,39,Fort Worth,TX,2023-06-14,2.0,101.8,50.9,1,False
CUST04484,Sophia Taylor,sophia.taylor@example.com,34,Plano,TX,2025-08-19,0.0,0.0,0.0,1,False
CUST04485,Mia Jones,mia.jones@example.com,31,Denton,TX,2026-04-20,1.0,28.73,28.73,1,False
CUST04486,Olivia Brown,olivia.brown@example.com,58,Fort Worth,TX,2026-06-16,1.0,137.12,137.12,1,False
CUST04487,Ethan Davis,ethan.davis@example.com,52,Arlington,TX,2024-10-10,0.0,0.0,0.0,1,False
CUST04488,Lucas Brown,lucas.brown@example.com,30,Fort Worth,TX,2025-07-26,1.0,76.7,76.7,1,False
CUST04489,Henry Moore,henry.moore@example.com,52,Frisco,TX,2024-05-26,2.0,187.28,93.64,1,False
CUST04490,James Taylor,james.taylor@example.com,60,Dallas,TX,2025-07-20,1.0,108.23,108.23,1,False
CUST04491,James Thomas,james.thomas@example.com,19,Plano,TX,2023-09-23,1.0,31.51,31.51,1,False
CUST04492,Liam Moore,liam.moore@example.com,73,Dallas,TX,2023-07-06,1.0,143.43,143.43,1,False
CUST04493,Emma Martin,emma.martin@example.com,64,Frisco,TX,2025-11-29,2.0,190.66,95.33,1,False
CUST04494,Emma Garcia,emma.garcia@example.com,30,Frisco,TX,2024-01-26,1.0,45.94,45.94,1,False
CUST04495,James Johnson,james.johnson@example.com,68,Fort Worth,TX,2024-10-16,4.0,307.22,76.81,1,False
CUST04496,James Jones,james.jones@example.com,71,Houston,TX,2023-06-25,2.0,111.0,55.5,1,False
CUST04497,Harper Garcia,harper.garcia@example.com,33,Houston,TX,2025-02-12,2.0,89.15,44.58,1,False
CUST04498,Mia Jones,mia.jones@example.com,35,Frisco,TX,2025-02-02,1.0,213.94,213.94,1,False
CUST04499,Harper Thomas,harper.thomas@example.com,24,Houston,TX,2025-07-19,1.0,53.85,53.85,1,False
CUST04500,Sophia Johnson,sophia.johnson@example.com,62,Plano,TX,2026-05-08,2.0,241.11,120.56,1,False
CUST04501,Mason Martin,mason.martin@example.com,53,Austin,TX,2024-12-11,0.0,0.0,0.0,1,False
CUST04502,Isabella Miller,isabella.miller@example.com,58,Arlington,TX,2026-05-04,8.0,531.0,66.38,-1,True
CUST04503,Lucas Brown,lucas.brown@example.com,47,Fort Worth,TX,2025-04-05,1.0,27.6,27.6,1,False
CUST04504,Isabella Davis,isabella.davis@example.com,59,Austin,TX,2024-08-11,0.0,0.0,0.0,1,False
CUST04505,Mia Miller,mia.miller@example.com,58,Houston,TX,2024-06-14,2.0,113.95,56.98,1,False
CUST04506,Ethan Miller,ethan.miller@example.com,24,Fort Worth,TX,2025-12-21,2.0,243.21,121.6,1,False
CUST04507,Noah Wilson,noah.wilson@example.com,32,Austin,TX,2023-10-08,2.0,220.96,110.48,1,False
CUST04508,James Smith,james.smith@example.com,57,Dallas,TX,2023-08-15,1.0,156.73,156.73,1,False
CUST04509,Ava Taylor,ava.taylor@example.com,36,Houston,TX,2024-09-30,3.0,165.87,55.29,1,False
CUST04510,Mason Garcia,mason.garcia@example.com,60,Denton,TX,2025-12-17,2.0,198.41,99.2,1,False
CUST04511,Sophia Garcia,sophia.garcia@example.com,54,Austin,TX,2025-07-09,1.0,64.63,64.63,1,False
CUST04512,Liam Garcia,liam.garcia@example.com,19,Denton,TX,2024-04-21,3.0,102.63,34.21,1,False
CUST04513,Mason Moore,mason.moore@example.com,59,Plano,TX,2024-12-16,0.0,0.0,0.0,1,False
CUST04514,James Thomas,james.thomas@example.com,65,Dallas,TX,2023-08-31,2.0,507.64,253.82,-1,True
CUST04515,Olivia Garcia,olivia.garcia@example.com,72,Houston,TX,2024-01-02,1.0,100.52,100.52,1,False
CUST04516,Sophia Thomas,sophia.thomas@example.com,30,Arlington,TX,2025-07-24,1.0,30.45,30.45,1,False
CUST04517,Noah Taylor,noah.taylor@example.com,57,Frisco,TX,2025-04-17,0.0,0.0,0.0,1,False
CUST04518,Olivia Miller,olivia.miller@example.com,58,Houston,TX,2026-06-29,0.0,0.0,0.0,1,False
CUST04519,Mason Martin,mason.martin@example.com,60,Denton,TX,2025-06-24,0.0,0.0,0.0,1,False
CUST04520,Ava Taylor,ava.taylor@example.com,60,Plano,TX,2024-01-11,0.0,0.0,0.0,1,False
CUST04521,Ava Garcia,ava.garcia@example.com,72,Arlington,TX,2024-12-11,0.0,0.0,0.0,1,False
CUST04522,Harper Smith,harper.smith@example.com,48,Arlington,TX,2023-12-09,3.0,301.58,100.53,1,False
CUST04523,Noah Williams,noah.williams@example.com,33,Arlington,TX,2023-08-28,1.0,30.75,30.75,1,False
CUST04524,Emma Johnson,emma.johnson@example.com,59,Fort Worth,TX,2023-05-19,2.0,167.33,83.66,1,False
CUST04525,Amelia Garcia,amelia.garcia@example.com,73,Fort Worth,TX,2026-02-19,0.0,0.0,0.0,1,False
CUST04526,Lucas Davis,lucas.davis@example.com,61,Denton,TX,2024-02-24,0.0,0.0,0.0,1,False
CUST04527,James Williams,james.williams@example.com,74,Frisco,TX,2023-10-31,1.0,55.84,55.84,1,False
CUST04528,Liam Taylor,liam.taylor@example.com,23,Arlington,TX,2023-04-25,2.0,87.66,43.83,1,False
CUST04529,James Davis,james.davis@example.com,45,Frisco,TX,2023-12-09,1.0,108.48,108.48,1,False
CUST04530,Emma Davis,emma.davis@example.com,49,Dallas,TX,2026-06-28,0.0,0.0,0.0,1,False
CUST04531,Isabella Jones,isabella.jones@example.com,61,Arlington,TX,2023-01-07,0.0,0.0,0.0,1,False
CUST04532,Harper Davis,harper.davis@example.com,27,Austin,TX,2024-12-31,3.0,253.74,84.58,1,False
CUST04533,Harper Garcia,harper.garcia@example.com,67,Arlington,TX,2023-06-28,1.0,13.47,13.47,1,False
CUST04534,Isabella Jones,isabella.jones@example.com,35,Denton,TX,2026-03-14,1.0,123.43,123.43,1,False
CUST04535,Henry Wilson,henry.wilson@example.com,21,Fort Worth,TX,2024-02-20,1.0,144.02,144.02,1,False
CUST04536,Isabella Martin,isabella.martin@example.com,26,Fort Worth,TX,2024-10-27,1.0,136.4,136.4,1,False
CUST04537,Ava Miller,ava.miller@example.com,24,Austin,TX,2026-02-18,0.0,0.0,0.0,1,False
CUST04538,Ava Davis,ava.davis@example.com,67,Austin,TX,2026-02-21,2.0,367.14,183.57,1,False
CUST04539,Ethan Smith,ethan.smith@example.com,25,Houston,TX,2023-05-30,2.0,85.17,42.58,1,False
CUST04540,Olivia Anderson,olivia.anderson@example.com,60,Dallas,TX,2024-02-01,0.0,0.0,0.0,1,False
CUST04541,Mason Johnson,mason.johnson@example.com,24,Dallas,TX,2024-01-16,4.0,296.84,74.21,1,False
CUST04542,Liam Davis,liam.davis@example.com,58,Denton,TX,2025-04-18,1.0,52.68,52.68,1,False
CUST04543,Noah Thomas,noah.thomas@example.com,57,Denton,TX,2023-01-01,3.0,207.98,69.33,1,False
CUST04544,Mason Wilson,mason.wilson@example.com,20,Denton,TX,2023-09-01,0.0,0.0,0.0,1,False
CUST04545,James Brown,james.brown@example.com,34,Denton,TX,2026-06-28,0.0,0.0,0.0,1,False
CUST04546,Ethan Thomas,ethan.thomas@example.com,19,Denton,TX,2025-05-28,3.0,222.66,74.22,1,False
CUST04547,Ava Taylor,ava.taylor@example.com,32,Denton,TX,2025-01-29,3.0,152.79,50.93,1,False
CUST04548,Harper Anderson,harper.anderson@example.com,63,Dallas,TX,2025-08-11,0.0,0.0,0.0,1,False
CUST04549,Noah Taylor,noah.taylor@example.com,46,Plano,TX,2025-09-03,2.0,170.17,85.08,1,False
CUST04550,Ava Martin,ava.martin@example.com,67,Fort Worth,TX,2026-02-12,2.0,45.37,22.68,1,False
CUST04551,Amelia Wilson,amelia.wilson@example.com,65,Dallas,TX,2023-01-01,0.0,0.0,0.0,1,False
CUST04552,Liam Brown,liam.brown@example.com,69,Denton,TX,2024-07-06,1.0,83.13,83.13,1,False
CUST04553,Olivia Taylor,olivia.taylor@example.com,39,Houston,TX,2024-04-26,3.0,120.08,40.03,1,False
CUST04554,Henry Taylor,henry.taylor@example.com,21,Houston,TX,2024-08-22,1.0,178.11,178.11,1,False
CUST04555,Mason Taylor,mason.taylor@example.com,74,Dallas,TX,2025-02-01,2.0,298.12,149.06,1,False
CUST04556,Mason Wilson,mason.wilson@example.com,69,Austin,TX,2023-12-01,2.0,316.28,158.14,1,False
CUST04557,Isabella Anderson,isabella.anderson@example.com,23,Houston,TX,2024-04-09,0.0,0.0,0.0,1,False
CUST04558,Emma Miller,emma.miller@example.com,55,Frisco,TX,2026-03-10,4.0,490.55,122.64,1,False
CUST04559,Isabella Johnson,isabella.johnson@example.com,43,Austin,TX,2024-08-05,0.0,0.0,0.0,1,False
CUST04560,Amelia Wilson,amelia.wilson@example.com,28,Frisco,TX,2023-05-17,0.0,0.0,0.0,1,False
CUST04561,Noah Brown,noah.brown@example.com,43,Fort Worth,TX,2025-09-30,5.0,427.43,85.49,1,False
CUST04562,Lucas Davis,lucas.davis@example.com,34,Plano,TX,2025-08-07,2.0,86.78,43.39,1,False
CUST04563,Isabella Martin,isabella.martin@example.com,41,Houston,TX,2024-11-17,2.0,66.98,33.49,1,False
CUST04564,Henry Miller,henry.miller@example.com,45,Austin,TX,2023-06-16,2.0,85.39,42.7,1,False
CUST04565,Ethan Moore,ethan.moore@example.com,52,Denton,TX,2025-06-28,2.0,175.6,87.8,1,False
CUST04566,Isabella Jackson,isabella.jackson@example.com,48,Frisco,TX,2025-05-29,0.0,0.0,0.0,1,False
CUST04567,Isabella Miller,isabella.miller@example.com,30,Dallas,TX,2025-04-21,0.0,0.0,0.0,1,False
CUST04568,Lucas Davis,lucas.davis@example.com,71,Frisco,TX,2023-03-06,1.0,43.94,43.94,1,False
CUST04569,Emma Smith,emma.smith@example.com,52,Frisco,TX,2025-12-26,2.0,232.0,116.0,1,False
CUST04570,Liam Jones,liam.jones@example.com,33,Fort Worth,TX,2024-03-08,0.0,0.0,0.0,1,False
CUST04571,Ethan Johnson,ethan.johnson@example.com,32,Arlington,TX,2025-12-09,3.0,209.25,69.75,1,False
CUST04572,Isabella Johnson,isabella.johnson@example.com,60,Arlington,TX,2023-04-25,0.0,0.0,0.0,1,False
CUST04573,Amelia Jackson,amelia.jackson@example.com,35,Dallas,TX,2024-07-22,1.0,97.16,97.16,1,False
CUST04574,Harper Smith,harper.smith@example.com,64,Fort Worth,TX,2024-10-03,1.0,69.4,69.4,1,False
CUST04575,Olivia Jones,olivia.jones@example.com,54,Fort Worth,TX,2024-05-09,3.0,136.8,45.6,1,False
CUST04576,Henry Johnson,henry.johnson@example.com,65,Denton,TX,2025-07-29,1.0,30.03,30.03,1,False
CUST04577,Lucas Brown,lucas.brown@example.com,65,Fort Worth,TX,2026-01-08,4.0,225.06,56.26,1,False
CUST04578,Olivia Williams,olivia.williams@example.com,66,Fort Worth,TX,2025-08-25,0.0,0.0,0.0,1,False
CUST04579,Lucas Williams,lucas.williams@example.com,58,Arlington,TX,2025-04-01,5.0,674.22,134.84,-1,True
CUST04580,Amelia Johnson,amelia.johnson@example.com,44,Austin,TX,2023-07-21,1.0,56.38,56.38,1,False
CUST04581,Olivia Moore,olivia.moore@example.com,72,Fort Worth,TX,2024-10-10,0.0,0.0,0.0,1,False
CUST04582,Lucas Garcia,lucas.garcia@example.com,52,Austin,TX,2024-07-13,3.0,136.44,45.48,1,False
CUST04583,James Johnson,james.johnson@example.com,69,Frisco,TX,2025-11-07,2.0,422.85,211.42,-1,True
CUST04584,Olivia Martin,olivia.martin@example.com,62,Frisco,TX,2024-04-22,2.0,60.47,30.24,1,False
CUST04585,Emma Martin,emma.martin@example.com,71,Fort Worth,TX,2024-05-02,0.0,0.0,0.0,1,False
CUST04586,Sophia Davis,sophia.davis@example.com,52,Houston,TX,2025-09-09,1.0,120.06,120.06,1,False
CUST04587,Ethan Davis,ethan.davis@example.com,45,Plano,TX,2025-02-17,1.0,70.86,70.86,1,False
CUST04588,Noah Moore,noah.moore@example.com,56,Houston,TX,2023-12-06,3.0,180.23,60.08,1,False
CUST04589,Liam Martin,liam.martin@example.com,55,Frisco,TX,2024-09-03,1.0,113.76,113.76,1,False
CUST04590,James Thomas,james.thomas@example.com,26,Plano,TX,2023-04-26,1.0,125.79,125.79,1,False
CUST04591,Mia Jones,mia.jones@example.com,29,Houston,TX,2023-03-15,3.0,155.88,51.96,1,False
CUST04592,Ava Taylor,ava.taylor@example.com,32,Fort Worth,TX,2023-04-26,1.0,160.72,160.72,1,False
CUST04593,Amelia Miller,amelia.miller@example.com,38,Austin,TX,2026-04-02,2.0,323.26,161.63,1,False
CUST04594,Amelia Brown,amelia.brown@example.com,69,Plano,TX,2026-05-30,0.0,0.0,0.0,1,False
CUST04595,Isabella Smith,isabella.smith@example.com,52,Arlington,TX,2023-05-06,1.0,193.8,193.8,1,False
CUST04596,Harper Anderson,harper.anderson@example.com,59,Dallas,TX,2024-10-18,2.0,167.35,83.68,1,False
CUST04597,Henry Johnson,henry.johnson@example.com,50,Plano,TX,2026-04-14,1.0,83.6,83.6,1,False
CUST04598,Noah Taylor,noah.taylor@example.com,68,Plano,TX,2024-10-25,2.0,105.07,52.54,1,False
CUST04599,Ava Taylor,ava.taylor@example.com,36,Arlington,TX,2025-09-17,0.0,0.0,0.0,1,False
CUST04600,Amelia Brown,amelia.brown@example.com,72,Fort Worth,TX,2025-10-14,1.0,30.3,30.3,1,False
CUST04601,Ethan Smith,ethan.smith@example.com,40,Houston,TX,2025-05-08,0.0,0.0,0.0,1,False
CUST04602,Noah Jackson,noah.jackson@example.com,30,Houston,TX,2023-03-26,1.0,98.07,98.07,1,False
CUST04603,Olivia Moore,olivia.moore@example.com,61,Frisco,TX,2024-09-24,3.0,264.78,88.26,1,False
CUST04604,Olivia Davis,olivia.davis@example.com,18,Austin,TX,2024-03-26,4.0,329.59,82.4,1,False
CUST04605,Mia Wilson,mia.wilson@example.com,68,Fort Worth,TX,2024-06-01,4.0,284.24,71.06,1,False
CUST04606,Ava Brown,ava.brown@example.com,46,Arlington,TX,2025-04-25,1.0,87.9,87.9,1,False
CUST04607,Amelia Taylor,amelia.taylor@example.com,41,Fort Worth,TX,2024-11-25,2.0,136.99,68.5,1,False
CUST04608,Liam Williams,liam.williams@example.com,33,Fort Worth,TX,2024-07-03,2.0,124.41,62.2,1,False
CUST04609,Amelia Johnson,amelia.johnson@example.com,42,Houston,TX,2025-07-17,1.0,171.75,171.75,1,False
CUST04610,Ethan Jones,ethan.jones@example.com,72,Arlington,TX,2023-04-26,1.0,63.75,63.75,1,False
CUST04611,Olivia Martin,olivia.martin@example.com,40,Denton,TX,2025-10-28,2.0,144.93,72.46,1,False
CUST04612,Isabella Williams,isabella.williams@example.com,45,Dallas,TX,2026-05-26,1.0,35.24,35.24,1,False
CUST04613,Sophia Taylor,sophia.taylor@example.com,64,Plano,TX,2024-02-08,2.0,164.06,82.03,1,False
CUST04614,Emma Miller,emma.miller@example.com,33,Houston,TX,2023-10-31,1.0,56.84,56.84,1,False
CUST04615,Emma Anderson,emma.anderson@example.com,60,Arlington,TX,2025-01-09,2.0,122.45,61.23,1,False
CUST04616,Lucas Garcia,lucas.garcia@example.com,73,Austin,TX,2023-03-29,0.0,0.0,0.0,1,False
CUST04617,Liam Smith,liam.smith@example.com,55,Plano,TX,2025-10-30,3.0,297.1,99.03,1,False
CUST04618,Amelia Thomas,amelia.thomas@example.com,28,Plano,TX,2023-11-04,0.0,0.0,0.0,1,False
CUST04619,Emma Davis,emma.davis@example.com,20,Denton,TX,2024-03-09,0.0,0.0,0.0,1,False
CUST04620,Lucas Johnson,lucas.johnson@example.com,32,Denton,TX,2025-03-12,3.0,394.32,131.44,1,False
CUST04621,Ava Jones,ava.jones@example.com,18,Houston,TX,2023-06-13,2.0,208.63,104.32,1,False
CUST04622,Olivia Wilson,olivia.wilson@example.com,24,Frisco,TX,2026-06-16,1.0,111.75,111.75,1,False
CUST04623,Henry Davis,henry.davis@example.com,18,Austin,TX,2025-09-22,1.0,147.74,147.74,1,False
CUST04624,Harper Johnson,harper.johnson@example.com,66,Houston,TX,2024-10-17,1.0,30.19,30.19,1,False
CUST04625,James Wilson,james.wilson@example.com,49,Fort Worth,TX,2023-01-18,1.0,62.4,62.4,1,False
CUST04626,Olivia Jones,olivia.jones@example.com,26,Frisco,TX,2025-12-30,3.0,269.17,89.72,1,False
CUST04627,James Taylor,james.taylor@example.com,46,Arlington,TX,2026-04-13,1.0,23.88,23.88,1,False
CUST04628,Isabella Martin,isabella.martin@example.com,43,Denton,TX,2025-03-21,1.0,59.26,59.26,1,False
CUST04629,Sophia Garcia,sophia.garcia@example.com,40,Austin,TX,2023-12-05,0.0,0.0,0.0,1,False
CUST04630,Noah Moore,noah.moore@example.com,62,Plano,TX,2023-09-05,2.0,187.92,93.96,1,False
CUST04631,Emma Williams,emma.williams@example.com,60,Houston,TX,2026-05-01,1.0,33.98,33.98,1,False
CUST04632,Ava Moore,ava.moore@example.com,46,Denton,TX,2023-11-02,0.0,0.0,0.0,1,False
CUST04633,James Williams,james.williams@example.com,69,Plano,TX,2023-07-23,0.0,0.0,0.0,1,False
CUST04634,Harper Taylor,harper.taylor@example.com,55,Austin,TX,2025-05-02,0.0,0.0,0.0,1,False
CUST04635,Mason Davis,mason.davis@example.com,50,Denton,TX,2026-02-20,1.0,103.2,103.2,1,False
CUST04636,Amelia Anderson,amelia.anderson@example.com,24,Denton,TX,2024-03-22,1.0,71.6,71.6,1,False
CUST04637,Emma Taylor,emma.taylor@example.com,29,Plano,TX,2024-12-13,0.0,0.0,0.0,1,False
CUST04638,Amelia Taylor,amelia.taylor@example.com,48,Houston,TX,2024-03-08,0.0,0.0,0.0,1,False
CUST04639,Harper Jackson,harper.jackson@example.com,49,Frisco,TX,2026-02-25,1.0,57.3,57.3,1,False
CUST04640,Liam Thomas,liam.thomas@example.com,71,Houston,TX,2025-04-01,0.0,0.0,0.0,1,False
CUST04641,Isabella Johnson,isabella.johnson@example.com,37,Dallas,TX,2025-12-06,2.0,143.39,71.7,1,False
CUST04642,Noah Anderson,noah.anderson@example.com,72,Denton,TX,2024-05-19,0.0,0.0,0.0,1,False
CUST04643,Emma Thomas,emma.thomas@example.com,68,Plano,TX,2023-04-25,4.0,268.45,67.11,1,False
CUST04644,Amelia Thomas,amelia.thomas@example.com,34,Dallas,TX,2025-09-21,0.0,0.0,0.0,1,False
CUST04645,Ava Johnson,ava.johnson@example.com,53,Frisco,TX,2023-08-11,1.0,34.0,34.0,1,False
CUST04646,Emma Moore,emma.moore@example.com,20,Dallas,TX,2024-09-27,1.0,28.64,28.64,1,False
CUST04647,James Jones,james.jones@example.com,18,Plano,TX,2024-11-02,1.0,42.46,42.46,1,False
CUST04648,Liam Garcia,liam.garcia@example.com,67,Austin,TX,2025-08-15,0.0,0.0,0.0,1,False
CUST04649,Mason Thomas,mason.thomas@example.com,44,Fort Worth,TX,2025-07-21,1.0,39.59,39.59,1,False
CUST04650,Ethan Johnson,ethan.johnson@example.com,70,Frisco,TX,2023-04-06,3.0,97.15,32.38,1,False
CUST04651,Mia Jackson,mia.jackson@example.com,64,Houston,TX,2023-04-17,2.0,217.62,108.81,1,False
CUST04652,Mason Jones,mason.jones@example.com,57,Arlington,TX,2024-09-23,1.0,99.95,99.95,1,False
CUST04653,Lucas Miller,lucas.miller@example.com,50,Frisco,TX,2024-11-28,4.0,189.56,47.39,1,False
CUST04654,Emma Taylor,emma.taylor@example.com,37,Dallas,TX,2023-02-01,1.0,65.97,65.97,1,False
CUST04655,Olivia Taylor,olivia.taylor@example.com,31,Austin,TX,2023-03-07,1.0,68.95,68.95,1,False
CUST04656,Sophia Davis,sophia.davis@example.com,53,Plano,TX,2026-04-17,3.0,280.01,93.34,1,False
CUST04657,Olivia Thomas,olivia.thomas@example.com,22,Austin,TX,2025-02-17,2.0,92.4,46.2,1,False
CUST04658,Mason Miller,mason.miller@example.com,40,Austin,TX,2025-07-04,0.0,0.0,0.0,1,False
CUST04659,James Davis,james.davis@example.com,62,Plano,TX,2024-07-02,1.0,171.0,171.0,1,False
CUST04660,Olivia Martin,olivia.martin@example.com,73,Arlington,TX,2023-07-20,2.0,164.45,82.22,1,False
CUST04661,Ava Thomas,ava.thomas@example.com,32,Plano,TX,2023-02-18,4.0,275.78,68.94,1,False
CUST04662,Olivia Wilson,olivia.wilson@example.com,23,Arlington,TX,2025-02-25,4.0,444.91,111.23,1,False
CUST04663,Noah Jackson,noah.jackson@example.com,50,Plano,TX,2025-08-08,1.0,73.02,73.02,1,False
CUST04664,Ethan Jones,ethan.jones@example.com,72,Dallas,TX,2023-09-20,0.0,0.0,0.0,1,False
CUST04665,Emma Moore,emma.moore@example.com,36,Arlington,TX,2026-03-02,1.0,55.49,55.49,1,False
CUST04666,Harper Jones,harper.jones@example.com,30,Dallas,TX,2023-12-10,3.0,190.23,63.41,1,False
CUST04667,Isabella Anderson,isabella.anderson@example.com,46,Frisco,TX,2026-04-14,1.0,136.94,136.94,1,False
CUST04668,Olivia Taylor,olivia.taylor@example.com,23,Arlington,TX,2023-01-11,1.0,36.42,36.42,1,False
CUST04669,Liam Brown,liam.brown@example.com,32,Arlington,TX,2023-07-20,2.0,241.04,120.52,1,False
CUST04670,Isabella Moore,isabella.moore@example.com,33,Plano,TX,2025-08-02,0.0,0.0,0.0,1,False
CUST04671,Ethan Wilson,ethan.wilson@example.com,41,Arlington,TX,2025-07-14,2.0,243.69,121.84,1,False
CUST04672,Amelia Jones,amelia.jones@example.com,40,Dallas,TX,2023-01-03,2.0,61.38,30.69,1,False
CUST04673,Harper Martin,harper.martin@example.com,65,Denton,TX,2026-05-22,1.0,51.16,51.16,1,False
CUST04674,James Johnson,james.johnson@example.com,27,Frisco,TX,2025-03-18,1.0,26.88,26.88,1,False
CUST04675,Ethan Jackson,ethan.jackson@example.com,71,Denton,TX,2024-07-13,1.0,175.45,175.45,1,False
CUST04676,Olivia Taylor,olivia.taylor@example.com,58,Plano,TX,2023-07-18,1.0,11.94,11.94,1,False
CUST04677,Ethan Davis,ethan.davis@example.com,58,Houston,TX,2023-04-19,0.0,0.0,0.0,1,False
CUST04678,Isabella Jackson,isabella.jackson@example.com,66,Frisco,TX,2023-04-18,2.0,89.67,44.84,1,False
CUST04679,Sophia Miller,sophia.miller@example.com,34,Denton,TX,2024-07-05,1.0,25.25,25.25,1,False
CUST04680,James Davis,james.davis@example.com,66,Frisco,TX,2025-08-30,3.0,221.4,73.8,1,False
CUST04681,Olivia Thomas,olivia.thomas@example.com,73,Denton,TX,2023-02-21,3.0,227.54,75.85,1,False
CUST04682,Ava Williams,ava.williams@example.com,61,Dallas,TX,2023-04-22,1.0,19.52,19.52,1,False
CUST04683,Mason Jackson,mason.jackson@example.com,62,Denton,TX,2023-10-22,3.0,241.83,80.61,1,False
CUST04684,Noah Jackson,noah.jackson@example.com,47,Frisco,TX,2026-04-27,0.0,0.0,0.0,1,False
CUST04685,Mia Brown,mia.brown@example.com,61,Houston,TX,2023-03-06,1.0,39.04,39.04,1,False
CUST04686,Henry Jones,henry.jones@example.com,63,Austin,TX,2024-07-27,1.0,38.34,38.34,1,False
CUST04687,Lucas Garcia,lucas.garcia@example.com,27,Plano,TX,2024-04-09,0.0,0.0,0.0,1,False
CUST04688,James Smith,james.smith@example.com,72,Austin,TX,2023-09-15,4.0,282.08,70.52,1,False
CUST04689,Ethan Brown,ethan.brown@example.com,36,Plano,TX,2025-09-30,2.0,112.98,56.49,1,False
CUST04690,Ava Anderson,ava.anderson@example.com,46,Frisco,TX,2024-09-25,0.0,0.0,0.0,1,False
CUST04691,Emma Thomas,emma.thomas@example.com,19,Plano,TX,2023-07-29,2.0,97.46,48.73,1,False
CUST04692,Emma Taylor,emma.taylor@example.com,53,Denton,TX,2023-03-30,3.0,136.61,45.54,1,False
CUST04693,Lucas Moore,lucas.moore@example.com,36,Dallas,TX,2023-01-28,1.0,81.72,81.72,1,False
CUST04694,James Jones,james.jones@example.com,24,Houston,TX,2023-08-26,3.0,111.25,37.08,1,False
CUST04695,James Miller,james.miller@example.com,43,Plano,TX,2023-12-02,0.0,0.0,0.0,1,False
CUST04696,Noah Moore,noah.moore@example.com,32,Houston,TX,2023-03-04,0.0,0.0,0.0,1,False
CUST04697,Ethan Jones,ethan.jones@example.com,64,Plano,TX,2024-05-14,0.0,0.0,0.0,1,False
CUST04698,Harper Moore,harper.moore@example.com,73,Houston,TX,2025-03-01,4.0,271.5,67.88,1,False
CUST04699,Sophia Moore,sophia.moore@example.com,55,Austin,TX,2024-08-14,1.0,18.88,18.88,1,False
CUST04700,Lucas Smith,lucas.smith@example.com,20,Dallas,TX,2025-12-10,2.0,96.69,48.34,1,False
CUST04701,Noah Anderson,noah.anderson@example.com,55,Plano,TX,2026-02-09,1.0,30.97,30.97,1,False
CUST04702,Ethan Miller,ethan.miller@example.com,33,Fort Worth,TX,2023-10-28,3.0,201.51,67.17,1,False
CUST04703,Isabella Davis,isabella.davis@example.com,19,Houston,TX,2026-01-18,0.0,0.0,0.0,1,False
CUST04704,Ava Moore,ava.moore@example.com,48,Houston,TX,2023-08-17,0.0,0.0,0.0,1,False
CUST04705,Henry Miller,henry.miller@example.com,45,Denton,TX,2023-05-30,0.0,0.0,0.0,1,False
CUST04706,Mason Anderson,mason.anderson@example.com,24,Fort Worth,TX,2026-03-07,2.0,133.44,66.72,1,False
CUST04707,Sophia Martin,sophia.martin@example.com,47,Dallas,TX,2026-03-04,0.0,0.0,0.0,1,False
CUST04708,Harper Moore,harper.moore@example.com,60,Houston,TX,2024-06-10,1.0,38.02,38.02,1,False
CUST04709,Isabella Jackson,isabella.jackson@example.com,24,Dallas,TX,2023-11-29,2.0,87.11,43.56,1,False
CUST04710,Isabella Brown,isabella.brown@example.com,53,Houston,TX,2023-06-23,1.0,65.26,65.26,1,False
CUST04711,Mia Davis,mia.davis@example.com,46,Frisco,TX,2026-05-21,4.0,185.09,46.27,1,False
CUST04712,Emma Jackson,emma.jackson@example.com,41,Arlington,TX,2023-03-02,1.0,43.18,43.18,1,False
CUST04713,Liam Jones,liam.jones@example.com,69,Frisco,TX,2025-12-20,0.0,0.0,0.0,1,False
CUST04714,Ava Taylor,ava.taylor@example.com,56,Houston,TX,2025-03-29,1.0,88.27,88.27,1,False
CUST04715,Emma Wilson,emma.wilson@example.com,21,Arlington,TX,2024-06-07,3.0,258.3,86.1,1,False
CUST04716,Olivia Thomas,olivia.thomas@example.com,46,Plano,TX,2023-08-04,3.0,113.29,37.76,1,False
CUST04717,Henry Thomas,henry.thomas@example.com,61,Dallas,TX,2024-09-15,2.0,162.83,81.41,1,False
CUST04718,Isabella Taylor,isabella.taylor@example.com,22,Houston,TX,2024-07-31,2.0,113.75,56.88,1,False
CUST04719,Liam Jones,liam.jones@example.com,72,Denton,TX,2024-11-24,1.0,25.63,25.63,1,False
CUST04720,James Smith,james.smith@example.com,46,Austin,TX,2024-02-27,2.0,211.14,105.57,1,False
CUST04721,Emma Thomas,emma.thomas@example.com,47,Denton,TX,2024-12-16,5.0,472.66,94.53,-1,True
CUST04722,Harper Wilson,harper.wilson@example.com,46,Austin,TX,2026-05-14,2.0,222.78,111.39,1,False
CUST04723,Harper Thomas,harper.thomas@example.com,43,Fort Worth,TX,2026-02-02,2.0,117.59,58.8,1,False
CUST04724,Harper Jones,harper.jones@example.com,36,Austin,TX,2025-01-23,3.0,190.73,63.58,1,False
CUST04725,Noah Garcia,noah.garcia@example.com,43,Arlington,TX,2025-01-16,2.0,81.18,40.59,1,False
CUST04726,Sophia Brown,sophia.brown@example.com,54,Austin,TX,2024-11-18,2.0,80.97,40.48,1,False
CUST04727,Amelia Garcia,amelia.garcia@example.com,44,Austin,TX,2024-12-23,0.0,0.0,0.0,1,False
CUST04728,Emma Thomas,emma.thomas@example.com,47,Austin,TX,2025-01-16,0.0,0.0,0.0,1,False
CUST04729,Harper Davis,harper.davis@example.com,68,Houston,TX,2023-08-30,3.0,125.49,41.83,1,False
CUST04730,Mia Williams,mia.williams@example.com,70,Fort Worth,TX,2024-10-26,2.0,96.82,48.41,1,False
CUST04731,Mason Jones,mason.jones@example.com,47,Dallas,TX,2024-12-08,2.0,103.41,51.7,1,False
CUST04732,Noah Johnson,noah.johnson@example.com,20,Fort Worth,TX,2024-03-10,1.0,40.04,40.04,1,False
CUST04733,Amelia Martin,amelia.martin@example.com,60,Denton,TX,2025-02-19,3.0,293.84,97.95,1,False
CUST04734,Ava Johnson,ava.johnson@example.com,24,Arlington,TX,2024-04-28,1.0,92.63,92.63,1,False
CUST04735,Ava Moore,ava.moore@example.com,66,Houston,TX,2024-01-19,3.0,128.77,42.92,1,False
CUST04736,Ava Miller,ava.miller@example.com,74,Plano,TX,2023-06-19,1.0,28.47,28.47,1,False
CUST04737,Ava Taylor,ava.taylor@example.com,26,Houston,TX,2025-10-17,1.0,34.56,34.56,1,False
CUST04738,Mason Moore,mason.moore@example.com,70,Frisco,TX,2025-08-07,3.0,326.24,108.75,1,False
CUST04739,Emma Taylor,emma.taylor@example.com,58,Austin,TX,2025-05-18,2.0,275.45,137.72,1,False
CUST04740,Harper Martin,harper.martin@example.com,59,Denton,TX,2023-11-19,1.0,133.24,133.24,1,False
CUST04741,Ethan Anderson,ethan.anderson@example.com,30,Austin,TX,2025-04-27,1.0,136.46,136.46,1,False
CUST04742,Emma Taylor,emma.taylor@example.com,32,Arlington,TX,2026-06-09,0.0,0.0,0.0,1,False
CUST04743,Isabella Garcia,isabella.garcia@example.com,71,Plano,TX,2024-11-26,2.0,228.19,114.1,1,False
CUST04744,Olivia Brown,olivia.brown@example.com,22,Denton,TX,2023-12-25,1.0,14.92,14.92,1,False
CUST04745,Amelia Jones,amelia.jones@example.com,46,Frisco,TX,2023-02-01,3.0,155.04,51.68,1,False
CUST04746,Harper Smith,harper.smith@example.com,52,Houston,TX,2023-06-26,0.0,0.0,0.0,1,False
CUST04747,Henry Miller,henry.miller@example.com,44,Plano,TX,2025-07-05,0.0,0.0,0.0,1,False
CUST04748,Amelia Davis,amelia.davis@example.com,44,Dallas,TX,2023-03-06,2.0,101.16,50.58,1,False
CUST04749,Harper Wilson,harper.wilson@example.com,25,Fort Worth,TX,2023-01-27,1.0,154.16,154.16,1,False
CUST04750,Sophia Davis,sophia.davis@example.com,49,Houston,TX,2023-09-25,2.0,95.02,47.51,1,False
CUST04751,Liam Jones,liam.jones@example.com,37,Plano,TX,2024-08-19,0.0,0.0,0.0,1,False
CUST04752,Ethan Williams,ethan.williams@example.com,27,Dallas,TX,2025-10-08,1.0,62.34,62.34,1,False
CUST04753,Amelia Taylor,amelia.taylor@example.com,30,Dallas,TX,2023-03-07,0.0,0.0,0.0,1,False
CUST04754,Ethan Anderson,ethan.anderson@example.com,46,Frisco,TX,2023-05-13,1.0,180.38,180.38,1,False
CUST04755,Isabella Wilson,isabella.wilson@example.com,52,Frisco,TX,2025-07-04,1.0,60.14,60.14,1,False
CUST04756,Emma Jackson,emma.jackson@example.com,71,Fort Worth,TX,2023-03-23,1.0,54.58,54.58,1,False
CUST04757,Ethan Garcia,ethan.garcia@example.com,25,Dallas,TX,2025-09-08,2.0,145.0,72.5,1,False
CUST04758,Lucas Jackson,lucas.jackson@example.com,46,Denton,TX,2026-01-26,2.0,206.05,103.02,1,False
CUST04759,Lucas Jones,lucas.jones@example.com,48,Arlington,TX,2024-08-07,0.0,0.0,0.0,1,False
CUST04760,Henry Moore,henry.moore@example.com,58,Dallas,TX,2023-11-23,1.0,59.21,59.21,1,False
CUST04761,Olivia Williams,olivia.williams@example.com,47,Plano,TX,2024-06-25,2.0,204.94,102.47,1,False
CUST04762,James Garcia,james.garcia@example.com,39,Frisco,TX,2026-02-22,2.0,114.82,57.41,1,False
CUST04763,Liam Williams,liam.williams@example.com,38,Arlington,TX,2023-07-29,3.0,115.07,38.36,1,False
CUST04764,Mia Taylor,mia.taylor@example.com,29,Denton,TX,2023-05-13,0.0,0.0,0.0,1,False
CUST04765,Mason Thomas,mason.thomas@example.com,28,Frisco,TX,2023-06-06,1.0,27.54,27.54,1,False
CUST04766,Emma Garcia,emma.garcia@example.com,19,Denton,TX,2025-05-24,1.0,93.73,93.73,1,False
CUST04767,Mason Brown,mason.brown@example.com,67,Frisco,TX,2024-01-17,2.0,189.88,94.94,1,False
CUST04768,Henry Jackson,henry.jackson@example.com,58,Frisco,TX,2025-11-11,1.0,71.57,71.57,1,False
CUST04769,Mia Johnson,mia.johnson@example.com,19,Dallas,TX,2025-08-31,2.0,106.56,53.28,1,False
CUST04770,Henry Davis,henry.davis@example.com,51,Austin,TX,2024-08-17,0.0,0.0,0.0,1,False
CUST04771,Harper Brown,harper.brown@example.com,20,Dallas,TX,2024-04-16,1.0,41.31,41.31,1,False
CUST04772,Emma Wilson,emma.wilson@example.com,33,Frisco,TX,2023-08-22,0.0,0.0,0.0,1,False
CUST04773,Emma Miller,emma.miller@example.com,68,Arlington,TX,2024-07-25,0.0,0.0,0.0,1,False
CUST04774,Liam Thomas,liam.thomas@example.com,21,Dallas,TX,2025-02-09,2.0,73.12,36.56,1,False
CUST04775,Mason Johnson,mason.johnson@example.com,40,Frisco,TX,2026-03-31,0.0,0.0,0.0,1,False
CUST04776,Lucas Brown,lucas.brown@example.com,74,Frisco,TX,2023-10-28,0.0,0.0,0.0,1,False
CUST04777,Ava Jones,ava.jones@example.com,67,Dallas,TX,2023-11-02,1.0,50.84,50.84,1,False
CUST04778,Mason Williams,mason.williams@example.com,37,Dallas,TX,2023-01-02,2.0,85.77,42.88,1,False
CUST04779,Sophia Wilson,sophia.wilson@example.com,42,Arlington,TX,2023-09-28,2.0,53.57,26.78,1,False
CUST04780,Henry Moore,henry.moore@example.com,47,Denton,TX,2024-02-25,1.0,141.09,141.09,1,False
CUST04781,Sophia Jones,sophia.jones@example.com,35,Dallas,TX,2026-03-12,2.0,171.8,85.9,1,False
CUST04782,Emma Johnson,emma.johnson@example.com,59,Fort Worth,TX,2024-11-30,2.0,165.57,82.78,1,False
CUST04783,Ava Anderson,ava.anderson@example.com,28,Plano,TX,2025-05-13,0.0,0.0,0.0,1,False
CUST04784,Noah Williams,noah.williams@example.com,46,Fort Worth,TX,2025-08-17,0.0,0.0,0.0,1,False
CUST04785,Mia Martin,mia.martin@example.com,34,Arlington,TX,2025-09-20,2.0,105.19,52.6,1,False
CUST04786,Olivia Jackson,olivia.jackson@example.com,43,Austin,TX,2025-10-06,0.0,0.0,0.0,1,False
CUST04787,Ava Wilson,ava.wilson@example.com,73,Fort Worth,TX,2025-05-28,1.0,125.86,125.86,1,False
CUST04788,Harper Miller,harper.miller@example.com,74,Denton,TX,2024-11-22,0.0,0.0,0.0,1,False
CUST04789,Olivia Johnson,olivia.johnson@example.com,40,Frisco,TX,2025-05-16,1.0,85.28,85.28,1,False
CUST04790,Amelia Wilson,amelia.wilson@example.com,73,Plano,TX,2025-11-26,2.0,124.74,62.37,1,False
CUST04791,Mason Martin,mason.martin@example.com,69,Houston,TX,2023-04-17,0.0,0.0,0.0,1,False
CUST04792,Mason Brown,mason.brown@example.com,65,Plano,TX,2026-01-25,0.0,0.0,0.0,1,False
CUST04793,Olivia Moore,olivia.moore@example.com,37,Fort Worth,TX,2023-10-08,0.0,0.0,0.0,1,False
CUST04794,James Wilson,james.wilson@example.com,62,Houston,TX,2026-02-07,2.0,181.6,90.8,1,False
CUST04795,Mia Jackson,mia.jackson@example.com,19,Arlington,TX,2024-07-02,3.0,108.67,36.22,1,False
CUST04796,Harper Moore,harper.moore@example.com,41,Denton,TX,2024-07-05,0.0,0.0,0.0,1,False
CUST04797,Ava Johnson,ava.johnson@example.com,48,Plano,TX,2023-07-07,3.0,159.92,53.31,1,False
CUST04798,Noah Jackson,noah.jackson@example.com,44,Austin,TX,2025-01-21,3.0,251.58,83.86,1,False
CUST04799,Emma Thomas,emma.thomas@example.com,19,Houston,TX,2025-05-19,0.0,0.0,0.0,1,False
CUST04800,Liam Taylor,liam.taylor@example.com,74,Houston,TX,2023-01-19,0.0,0.0,0.0,1,False
CUST04801,Harper Thomas,harper.thomas@example.com,31,Plano,TX,2025-05-08,2.0,224.07,112.04,1,False
CUST04802,Mason Brown,mason.brown@example.com,21,Fort Worth,TX,2025-09-11,2.0,181.63,90.82,1,False
CUST04803,Sophia Jones,sophia.jones@example.com,66,Houston,TX,2024-02-14,1.0,27.76,27.76,1,False
CUST04804,Mia Johnson,mia.johnson@example.com,30,Arlington,TX,2024-04-28,1.0,179.72,179.72,1,False
CUST04805,Liam Taylor,liam.taylor@example.com,53,Plano,TX,2024-09-15,1.0,56.76,56.76,1,False
CUST04806,Henry Smith,henry.smith@example.com,52,Arlington,TX,2024-10-17,4.0,333.95,83.49,1,False
CUST04807,Henry Miller,henry.miller@example.com,61,Plano,TX,2025-02-06,1.0,25.77,25.77,1,False
CUST04808,Noah Taylor,noah.taylor@example.com,71,Arlington,TX,2023-01-18,1.0,72.11,72.11,1,False
CUST04809,Henry Smith,henry.smith@example.com,72,Fort Worth,TX,2023-07-03,3.0,234.83,78.28,1,False
CUST04810,Harper Anderson,harper.anderson@example.com,25,Plano,TX,2024-02-09,1.0,106.09,106.09,1,False
CUST04811,Ethan Anderson,ethan.anderson@example.com,19,Denton,TX,2025-03-09,1.0,43.84,43.84,1,False
CUST04812,Isabella Davis,isabella.davis@example.com,23,Frisco,TX,2026-02-28,1.0,106.11,106.11,1,False
CUST04813,Emma Williams,emma.williams@example.com,48,Austin,TX,2024-04-23,1.0,169.0,169.0,1,False
CUST04814,Mason Martin,mason.martin@example.com,71,Fort Worth,TX,2023-01-08,0.0,0.0,0.0,1,False
CUST04815,Emma Taylor,emma.taylor@example.com,27,Arlington,TX,2024-12-05,5.0,586.65,117.33,-1,True
CUST04816,Henry Garcia,henry.garcia@example.com,61,Denton,TX,2026-03-05,1.0,60.18,60.18,1,False
CUST04817,James Miller,james.miller@example.com,38,Plano,TX,2024-06-14,1.0,38.29,38.29,1,False
CUST04818,Amelia Taylor,amelia.taylor@example.com,59,Fort Worth,TX,2025-07-01,1.0,29.15,29.15,1,False
CUST04819,Amelia Smith,amelia.smith@example.com,27,Arlington,TX,2024-11-19,0.0,0.0,0.0,1,False
CUST04820,Liam Martin,liam.martin@example.com,40,Dallas,TX,2025-10-31,1.0,43.17,43.17,1,False
CUST04821,Amelia Garcia,amelia.garcia@example.com,20,Dallas,TX,2024-07-06,3.0,156.02,52.01,1,False
CUST04822,Amelia Miller,amelia.miller@example.com,49,Houston,TX,2024-03-21,2.0,256.34,128.17,1,False
CUST04823,Emma Garcia,emma.garcia@example.com,37,Austin,TX,2026-02-11,3.0,298.67,99.56,1,False
CUST04824,Isabella Brown,isabella.brown@example.com,27,Dallas,TX,2024-12-06,2.0,295.74,147.87,1,False
CUST04825,Ethan Smith,ethan.smith@example.com,46,Frisco,TX,2023-07-15,1.0,50.22,50.22,1,False
CUST04826,Liam Anderson,liam.anderson@example.com,58,Arlington,TX,2025-05-09,3.0,340.99,113.66,1,False
CUST04827,Mason Wilson,mason.wilson@example.com,69,Fort Worth,TX,2024-09-19,1.0,87.32,87.32,1,False
CUST04828,Ava Brown,ava.brown@example.com,68,Plano,TX,2025-09-07,0.0,0.0,0.0,1,False
CUST04829,Sophia Miller,sophia.miller@example.com,63,Fort Worth,TX,2024-09-21,1.0,91.4,91.4,1,False
CUST04830,Liam Miller,liam.miller@example.com,51,Houston,TX,2026-04-03,0.0,0.0,0.0,1,False
CUST04831,Lucas Johnson,lucas.johnson@example.com,54,Denton,TX,2026-06-29,1.0,54.67,54.67,1,False
CUST04832,James Smith,james.smith@example.com,37,Fort Worth,TX,2023-02-13,1.0,33.69,33.69,1,False
CUST04833,Ethan Davis,ethan.davis@example.com,25,Dallas,TX,2024-05-03,1.0,22.24,22.24,1,False
CUST04834,James Davis,james.davis@example.com,24,Fort Worth,TX,2023-06-30,2.0,138.24,69.12,1,False
CUST04835,Liam Miller,liam.miller@example.com,23,Dallas,TX,2026-01-05,1.0,19.15,19.15,1,False
CUST04836,Liam Martin,liam.martin@example.com,28,Dallas,TX,2024-01-09,2.0,133.9,66.95,1,False
CUST04837,Lucas Jackson,lucas.jackson@example.com,61,Austin,TX,2024-09-19,3.0,276.66,92.22,1,False
CUST04838,Amelia Jackson,amelia.jackson@example.com,35,Houston,TX,2025-08-14,4.0,479.04,119.76,1,False
CUST04839,Mason Jackson,mason.jackson@example.com,68,Frisco,TX,2023-03-08,2.0,216.93,108.46,1,False
CUST04840,Harper Jackson,harper.jackson@example.com,59,Frisco,TX,2026-01-20,5.0,355.14,71.03,1,False
CUST04841,Harper Davis,harper.davis@example.com,74,Arlington,TX,2025-02-17,4.0,123.99,31.0,1,False
CUST04842,James Williams,james.williams@example.com,46,Frisco,TX,2024-10-12,1.0,26.28,26.28,1,False
CUST04843,Liam Anderson,liam.anderson@example.com,42,Dallas,TX,2026-06-21,1.0,34.28,34.28,1,False
CUST04844,Sophia Johnson,sophia.johnson@example.com,38,Plano,TX,2023-12-07,2.0,92.34,46.17,1,False
CUST04845,Emma Miller,emma.miller@example.com,63,Houston,TX,2025-06-21,1.0,7.63,7.63,1,False
CUST04846,Mason Davis,mason.davis@example.com,20,Arlington,TX,2024-02-02,0.0,0.0,0.0,1,False
CUST04847,Sophia Smith,sophia.smith@example.com,35,Frisco,TX,2024-12-03,2.0,255.17,127.58,1,False
CUST04848,Henry Thomas,henry.thomas@example.com,41,Frisco,TX,2023-04-07,3.0,435.65,145.22,1,False
CUST04849,Mason Taylor,mason.taylor@example.com,64,Plano,TX,2026-05-13,2.0,187.03,93.52,1,False
CUST04850,Henry Wilson,henry.wilson@example.com,55,Fort Worth,TX,2024-03-24,2.0,185.16,92.58,1,False
CUST04851,Sophia Jackson,sophia.jackson@example.com,27,Houston,TX,2023-03-18,0.0,0.0,0.0,1,False
CUST04852,Isabella Moore,isabella.moore@example.com,44,Plano,TX,2025-06-14,0.0,0.0,0.0,1,False
CUST04853,Ethan Jackson,ethan.jackson@example.com,29,Frisco,TX,2024-07-02,4.0,204.88,51.22,1,False
CUST04854,Amelia Anderson,amelia.anderson@example.com,24,Houston,TX,2025-03-08,2.0,126.43,63.22,1,False
CUST04855,Sophia Brown,sophia.brown@example.com,34,Houston,TX,2025-03-25,0.0,0.0,0.0,1,False
CUST04856,Olivia Martin,olivia.martin@example.com,18,Frisco,TX,2025-10-18,1.0,20.17,20.17,1,False
CUST04857,Sophia Thomas,sophia.thomas@example.com,67,Fort Worth,TX,2023-05-15,1.0,73.04,73.04,1,False
CUST04858,Ava Martin,ava.martin@example.com,43,Fort Worth,TX,2024-10-15,0.0,0.0,0.0,1,False
CUST04859,Ava Brown,ava.brown@example.com,32,Frisco,TX,2024-10-07,0.0,0.0,0.0,1,False
CUST04860,Mia Williams,mia.williams@example.com,68,Houston,TX,2024-12-20,2.0,191.6,95.8,1,False
CUST04861,Henry Garcia,henry.garcia@example.com,50,Plano,TX,2024-09-04,3.0,131.4,43.8,1,False
CUST04862,Olivia Smith,olivia.smith@example.com,54,Austin,TX,2024-04-28,2.0,64.17,32.08,1,False
CUST04863,Amelia Garcia,amelia.garcia@example.com,64,Dallas,TX,2025-12-05,2.0,154.6,77.3,1,False
CUST04864,Olivia Johnson,olivia.johnson@example.com,48,Fort Worth,TX,2024-10-09,1.0,28.2,28.2,1,False
CUST04865,Emma Wilson,emma.wilson@example.com,52,Frisco,TX,2025-03-02,1.0,31.23,31.23,1,False
CUST04866,Olivia Johnson,olivia.johnson@example.com,18,Denton,TX,2024-08-01,1.0,45.16,45.16,1,False
CUST04867,Emma Miller,emma.miller@example.com,25,Austin,TX,2025-10-24,1.0,178.17,178.17,1,False
CUST04868,Mia Thomas,mia.thomas@example.com,29,Fort Worth,TX,2023-01-01,0.0,0.0,0.0,1,False
CUST04869,Mia Smith,mia.smith@example.com,71,Denton,TX,2023-04-19,4.0,245.23,61.31,1,False
CUST04870,Ethan Thomas,ethan.thomas@example.com,74,Houston,TX,2024-04-04,3.0,164.46,54.82,1,False
CUST04871,Harper Miller,harper.miller@example.com,36,Frisco,TX,2023-09-23,2.0,186.12,93.06,1,False
CUST04872,Ava Jones,ava.jones@example.com,42,Austin,TX,2026-03-07,1.0,92.61,92.61,1,False
CUST04873,Sophia Davis,sophia.davis@example.com,74,Frisco,TX,2023-02-13,1.0,41.3,41.3,1,False
CUST04874,Sophia Brown,sophia.brown@example.com,49,Plano,TX,2025-06-04,2.0,224.78,112.39,1,False
CUST04875,Henry Jackson,henry.jackson@example.com,29,Plano,TX,2025-08-01,0.0,0.0,0.0,1,False
CUST04876,Lucas Thomas,lucas.thomas@example.com,30,Arlington,TX,2025-09-09,1.0,58.08,58.08,1,False
CUST04877,Lucas Jackson,lucas.jackson@example.com,45,Dallas,TX,2023-09-19,4.0,274.49,68.62,1,False
CUST04878,Noah Taylor,noah.taylor@example.com,18,Dallas,TX,2024-12-28,1.0,16.85,16.85,1,False
CUST04879,Mason Miller,mason.miller@example.com,68,Fort Worth,TX,2024-09-24,2.0,97.94,48.97,1,False
CUST04880,Ethan Garcia,ethan.garcia@example.com,23,Dallas,TX,2023-06-01,2.0,169.02,84.51,1,False
CUST04881,Noah Jones,noah.jones@example.com,25,Frisco,TX,2023-08-01,1.0,45.52,45.52,1,False
CUST04882,Noah Brown,noah.brown@example.com,21,Frisco,TX,2025-10-12,2.0,819.5,409.75,-1,True
CUST04883,Liam Jackson,liam.jackson@example.com,22,Arlington,TX,2026-06-11,1.0,51.38,51.38,1,False
CUST04884,Henry Miller,henry.miller@example.com,42,Denton,TX,2025-05-12,0.0,0.0,0.0,1,False
CUST04885,Liam Thomas,liam.thomas@example.com,39,Plano,TX,2024-09-14,0.0,0.0,0.0,1,False
CUST04886,James Jones,james.jones@example.com,45,Denton,TX,2023-12-27,0.0,0.0,0.0,1,False
CUST04887,Henry Jones,henry.jones@example.com,56,Denton,TX,2023-11-16,2.0,118.58,59.29,1,False
CUST04888,Noah Jackson,noah.jackson@example.com,40,Austin,TX,2023-08-10,3.0,198.7,66.23,1,False
CUST04889,Olivia Smith,olivia.smith@example.com,21,Austin,TX,2023-07-29,2.0,175.59,87.8,1,False
CUST04890,Mason Johnson,mason.johnson@example.com,69,Plano,TX,2025-07-19,5.0,294.03,58.81,1,False
CUST04891,Harper Jones,harper.jones@example.com,21,Houston,TX,2024-05-03,1.0,51.23,51.23,1,False
CUST04892,Ethan Moore,ethan.moore@example.com,64,Plano,TX,2024-08-23,3.0,135.62,45.21,1,False
CUST04893,Henry Williams,henry.williams@example.com,38,Austin,TX,2025-02-12,0.0,0.0,0.0,1,False
CUST04894,Harper Martin,harper.martin@example.com,54,Denton,TX,2025-05-27,1.0,53.41,53.41,1,False
CUST04895,Noah Moore,noah.moore@example.com,73,Fort Worth,TX,2024-11-30,0.0,0.0,0.0,1,False
CUST04896,Amelia Johnson,amelia.johnson@example.com,58,Arlington,TX,2024-03-27,0.0,0.0,0.0,1,False
CUST04897,Isabella Martin,isabella.martin@example.com,19,Denton,TX,2024-02-17,1.0,80.94,80.94,1,False
CUST04898,Sophia Martin,sophia.martin@example.com,24,Plano,TX,2024-04-20,1.0,43.98,43.98,1,False
CUST04899,Mason Brown,mason.brown@example.com,66,Houston,TX,2023-09-13,1.0,54.47,54.47,1,False
CUST04900,Liam Brown,liam.brown@example.com,33,Denton,TX,2026-03-19,1.0,41.89,41.89,1,False
CUST04901,James Brown,james.brown@example.com,34,Fort Worth,TX,2023-05-07,1.0,30.95,30.95,1,False
CUST04902,Sophia Brown,sophia.brown@example.com,37,Plano,TX,2024-01-27,1.0,53.73,53.73,1,False
CUST04903,Harper Williams,harper.williams@example.com,40,Fort Worth,TX,2024-04-24,1.0,63.15,63.15,1,False
CUST04904,Henry Moore,henry.moore@example.com,51,Denton,TX,2025-09-19,0.0,0.0,0.0,1,False
CUST04905,Liam Thomas,liam.thomas@example.com,28,Plano,TX,2025-07-11,2.0,44.41,22.2,1,False
CUST04906,Liam Miller,liam.miller@example.com,51,Fort Worth,TX,2024-02-06,0.0,0.0,0.0,1,False
CUST04907,Mason Wilson,mason.wilson@example.com,50,Frisco,TX,2023-10-01,1.0,101.5,101.5,1,False
CUST04908,Liam Thomas,liam.thomas@example.com,43,Dallas,TX,2025-04-24,2.0,262.29,131.15,1,False
CUST04909,Harper Jones,harper.jones@example.com,19,Fort Worth,TX,2023-05-19,2.0,197.99,99.0,1,False
CUST04910,Isabella Brown,isabella.brown@example.com,40,Frisco,TX,2023-04-13,1.0,41.4,41.4,1,False
CUST04911,Mia Anderson,mia.anderson@example.com,58,Denton,TX,2026-06-19,2.0,149.32,74.66,1,False
CUST04912,James Johnson,james.johnson@example.com,39,Dallas,TX,2026-02-14,2.0,208.11,104.06,1,False
CUST04913,Ava Johnson,ava.johnson@example.com,51,Austin,TX,2026-05-22,0.0,0.0,0.0,1,False
CUST04914,Harper Jones,harper.jones@example.com,32,Dallas,TX,2024-04-28,2.0,60.25,30.12,1,False
CUST04915,Mia Miller,mia.miller@example.com,27,Fort Worth,TX,2024-06-12,0.0,0.0,0.0,1,False
CUST04916,Harper Taylor,harper.taylor@example.com,32,Arlington,TX,2023-08-12,1.0,22.77,22.77,1,False
CUST04917,Ava Taylor,ava.taylor@example.com,59,Arlington,TX,2026-03-03,2.0,101.2,50.6,1,False
CUST04918,Lucas Wilson,lucas.wilson@example.com,46,Austin,TX,2023-04-24,2.0,79.56,39.78,1,False
CUST04919,Amelia Moore,amelia.moore@example.com,74,Fort Worth,TX,2024-10-05,2.0,101.92,50.96,1,False
CUST04920,Lucas Miller,lucas.miller@example.com,40,Dallas,TX,2024-10-12,0.0,0.0,0.0,1,False
CUST04921,Liam Jones,liam.jones@example.com,34,Arlington,TX,2026-06-09,0.0,0.0,0.0,1,False
CUST04922,Ethan Taylor,ethan.taylor@example.com,26,Plano,TX,2024-04-02,1.0,23.1,23.1,1,False
CUST04923,Ethan Taylor,ethan.taylor@example.com,67,Houston,TX,2024-01-10,0.0,0.0,0.0,1,False
CUST04924,Ava Taylor,ava.taylor@example.com,53,Fort Worth,TX,2024-09-02,3.0,369.27,123.09,1,False
CUST04925,Sophia Garcia,sophia.garcia@example.com,26,Frisco,TX,2023-07-26,0.0,0.0,0.0,1,False
CUST04926,Mason Anderson,mason.anderson@example.com,33,Frisco,TX,2025-07-05,1.0,26.45,26.45,1,False
CUST04927,Liam Thomas,liam.thomas@example.com,53,Plano,TX,2023-11-17,3.0,129.76,43.25,1,False
CUST04928,Mason Williams,mason.williams@example.com,65,Plano,TX,2023-04-03,0.0,0.0,0.0,1,False
CUST04929,Mia Jones,mia.jones@example.com,68,Fort Worth,TX,2026-03-27,1.0,65.5,65.5,1,False
CUST04930,Ethan Davis,ethan.davis@example.com,50,Houston,TX,2025-05-21,2.0,73.72,36.86,1,False
CUST04931,Olivia Smith,olivia.smith@example.com,72,Arlington,TX,2023-04-09,1.0,74.06,74.06,1,False
CUST04932,James Thomas,james.thomas@example.com,48,Houston,TX,2023-08-13,1.0,119.72,119.72,1,False
CUST04933,Mia Smith,mia.smith@example.com,23,Austin,TX,2025-05-01,1.0,22.1,22.1,1,False
CUST04934,Amelia Miller,amelia.miller@example.com,27,Dallas,TX,2024-03-16,0.0,0.0,0.0,1,False
CUST04935,James Martin,james.martin@example.com,33,Dallas,TX,2024-12-20,3.0,305.75,101.92,1,False
CUST04936,Isabella Jones,isabella.jones@example.com,21,Plano,TX,2024-08-07,3.0,208.88,69.63,1,False
CUST04937,Mia Martin,mia.martin@example.com,71,Arlington,TX,2023-03-05,5.0,317.45,63.49,1,False
CUST04938,Ava Jones,ava.jones@example.com,39,Houston,TX,2025-02-06,0.0,0.0,0.0,1,False
CUST04939,Isabella Smith,isabella.smith@example.com,30,Plano,TX,2024-07-13,1.0,33.78,33.78,1,False
CUST04940,Emma Wilson,emma.wilson@example.com,33,Fort Worth,TX,2024-10-31,0.0,0.0,0.0,1,False
CUST04941,Mia Smith,mia.smith@example.com,69,Plano,TX,2026-06-25,3.0,213.27,71.09,1,False
CUST04942,Isabella Jones,isabella.jones@example.com,46,Fort Worth,TX,2024-01-03,5.0,328.38,65.68,1,False
CUST04943,Liam Taylor,liam.taylor@example.com,23,Fort Worth,TX,2025-01-13,4.0,285.8,71.45,1,False
CUST04944,James Wilson,james.wilson@example.com,43,Austin,TX,2024-09-09,3.0,187.57,62.52,1,False
CUST04945,Noah Martin,noah.martin@example.com,28,Austin,TX,2025-10-02,1.0,149.66,149.66,1,False
CUST04946,Noah Jackson,noah.jackson@example.com,41,Fort Worth,TX,2026-01-26,2.0,182.42,91.21,1,False
CUST04947,Liam Brown,liam.brown@example.com,46,Denton,TX,2025-12-19,1.0,39.9,39.9,1,False
CUST04948,Harper Moore,harper.moore@example.com,20,Arlington,TX,2024-05-14,1.0,42.38,42.38,1,False
CUST04949,Emma Davis,emma.davis@example.com,69,Austin,TX,2025-10-03,1.0,127.28,127.28,1,False
CUST04950,Amelia Garcia,amelia.garcia@example.com,27,Austin,TX,2024-02-15,1.0,85.24,85.24,1,False
CUST04951,Emma Anderson,emma.anderson@example.com,18,Dallas,TX,2025-10-14,1.0,31.67,31.67,1,False
CUST04952,Ava Jackson,ava.jackson@example.com,69,Plano,TX,2026-03-09,1.0,340.19,340.19,-1,True
CUST04953,Ethan Williams,ethan.williams@example.com,60,Dallas,TX,2024-04-08,3.0,277.74,92.58,1,False
CUST04954,Mason Brown,mason.brown@example.com,43,Arlington,TX,2024-12-02,3.0,116.74,38.91,1,False
CUST04955,James Johnson,james.johnson@example.com,29,Austin,TX,2023-06-12,4.0,234.36,58.59,1,False
CUST04956,Emma Smith,emma.smith@example.com,31,Frisco,TX,2023-03-01,0.0,0.0,0.0,1,False
CUST04957,Olivia Moore,olivia.moore@example.com,42,Denton,TX,2025-11-20,1.0,14.87,14.87,1,False
CUST04958,Ava Martin,ava.martin@example.com,25,Austin,TX,2023-11-29,2.0,156.71,78.35,1,False
CUST04959,Lucas Davis,lucas.davis@example.com,60,Houston,TX,2023-03-17,2.0,118.19,59.1,1,False
CUST04960,Sophia Smith,sophia.smith@example.com,21,Arlington,TX,2023-11-13,0.0,0.0,0.0,1,False
CUST04961,Lucas Martin,lucas.martin@example.com,45,Frisco,TX,2023-07-09,0.0,0.0,0.0,1,False
CUST04962,Amelia Moore,amelia.moore@example.com,24,Plano,TX,2023-10-23,1.0,20.82,20.82,1,False
CUST04963,Ava Anderson,ava.anderson@example.com,27,Plano,TX,2024-05-15,2.0,118.04,59.02,1,False
CUST04964,James Smith,james.smith@example.com,68,Frisco,TX,2023-06-26,3.0,191.93,63.98,1,False
CUST04965,Isabella Brown,isabella.brown@example.com,74,Plano,TX,2025-03-10,5.0,255.64,51.13,1,False
CUST04966,Mia Taylor,mia.taylor@example.com,53,Denton,TX,2025-03-16,4.0,360.94,90.24,1,False
CUST04967,Mason Thomas,mason.thomas@example.com,19,Frisco,TX,2025-05-09,4.0,195.88,48.97,1,False
CUST04968,Sophia Taylor,sophia.taylor@example.com,43,Arlington,TX,2023-08-03,2.0,210.54,105.27,1,False
CUST04969,Lucas Jackson,lucas.jackson@example.com,70,Frisco,TX,2024-10-14,1.0,170.98,170.98,1,False
CUST04970,Harper Garcia,harper.garcia@example.com,67,Frisco,TX,2024-08-19,2.0,123.54,61.77,1,False
CUST04971,Sophia Wilson,sophia.wilson@example.com,31,Houston,TX,2023-05-08,2.0,136.62,68.31,1,False
CUST04972,Olivia Smith,olivia.smith@example.com,33,Houston,TX,2024-07-04,1.0,40.82,40.82,1,False
CUST04973,Olivia Miller,olivia.miller@example.com,71,Dallas,TX,2024-09-10,2.0,156.35,78.18,1,False
CUST04974,Isabella Taylor,isabella.taylor@example.com,60,Arlington,TX,2023-12-14,1.0,64.63,64.63,1,False
CUST04975,Amelia Anderson,amelia.anderson@example.com,59,Arlington,TX,2023-05-22,2.0,108.35,54.18,1,False
CUST04976,Olivia Jones,olivia.jones@example.com,34,Houston,TX,2026-03-14,0.0,0.0,0.0,1,False
CUST04977,Ava Thomas,ava.thomas@example.com,63,Fort Worth,TX,2025-03-02,0.0,0.0,0.0,1,False
CUST04978,Mason Jackson,mason.jackson@example.com,39,Fort Worth,TX,2023-09-02,1.0,37.15,37.15,1,False
CUST04979,James Davis,james.davis@example.com,21,Dallas,TX,2024-12-03,3.0,274.53,91.51,1,False
CUST04980,Isabella Martin,isabella.martin@example.com,36,Denton,TX,2026-02-09,2.0,186.39,93.2,1,False
CUST04981,Ava Miller,ava.miller@example.com,19,Fort Worth,TX,2023-08-02,0.0,0.0,0.0,1,False
CUST04982,Noah Brown,noah.brown@example.com,56,Fort Worth,TX,2023-07-19,3.0,137.86,45.95,1,False
CUST04983,Harper Brown,harper.brown@example.com,26,Fort Worth,TX,2024-02-09,2.0,140.72,70.36,1,False
CUST04984,Mia Garcia,mia.garcia@example.com,36,Denton,TX,2024-02-25,2.0,147.45,73.72,1,False
CUST04985,Henry Garcia,henry.garcia@example.com,33,Austin,TX,2023-01-07,1.0,113.58,113.58,1,False
CUST04986,Mia Wilson,mia.wilson@example.com,71,Dallas,TX,2024-08-14,1.0,211.09,211.09,1,False
CUST04987,Olivia Thomas,olivia.thomas@example.com,42,Houston,TX,2023-10-13,0.0,0.0,0.0,1,False
CUST04988,Noah Jones,noah.jones@example.com,65,Fort Worth,TX,2024-11-01,4.0,307.42,76.86,1,False
CUST04989,Emma Davis,emma.davis@example.com,35,Plano,TX,2024-01-24,0.0,0.0,0.0,1,False
CUST04990,Emma Jones,emma.jones@example.com,40,Frisco,TX,2024-02-20,3.0,188.21,62.74,1,False
CUST04991,James Johnson,james.johnson@example.com,70,Austin,TX,2025-02-22,2.0,38.98,19.49,1,False
CUST04992,Olivia Jackson,olivia.jackson@example.com,38,Denton,TX,2025-10-03,3.0,88.21,29.4,1,False
CUST04993,Lucas Garcia,lucas.garcia@example.com,28,Denton,TX,2026-03-19,0.0,0.0,0.0,1,False
CUST04994,Ava Wilson,ava.wilson@example.com,56,Denton,TX,2025-10-11,2.0,155.6,77.8,1,False
CUST04995,Olivia Moore,olivia.moore@example.com,58,Fort Worth,TX,2024-03-03,3.0,127.02,42.34,1,False
CUST04996,Ethan Williams,ethan.williams@example.com,21,Frisco,TX,2025-10-01,1.0,90.35,90.35,1,False
CUST04997,Sophia Smith,sophia.smith@example.com,42,Frisco,TX,2023-11-30,1.0,70.04,70.04,1,False
CUST04998,James Smith,james.smith@example.com,49,Austin,TX,2023-09-29,0.0,0.0,0.0,1,False
CUST04999,Mia Moore,mia.moore@example.com,47,Dallas,TX,2025-12-02,2.0,305.37,152.68,1,False
CUST05000,Emma Williams,emma.williams@example.com,62,Denton,TX,2023-11-15,2.0,158.37,79.18,1,False
