customer_id,name,email,age,city,state,signup_date
CUST00001,Sophia Jackson,sophia.jackson@example.com,59,Houston,TX,2024-07-29
CUST00002,Noah Johnson,noah.johnson@example.com,38,Austin,TX,2024-12-22
CUST00003,Amelia Martin,amelia.martin@example.com,52,Dallas,TX,2026-04-12
CUST00004,Harper Williams,harper.williams@example.com,58,Arlington,TX,2024-03-06
CUST00005,Isabella Thomas,isabella.thomas@example.com,57,Fort Worth,TX,2025-02-06
CUST00006,Mason Wilson,mason.wilson@example.com,20,Houston,TX,2024-04-07
CUST00007,Amelia Thomas,amelia.thomas@example.com,42,Austin,TX,2023-04-11
CUST00008,Olivia Miller,olivia.miller@example.com,62,Dallas,TX,2025-11-05
CUST00009,Sophia Wilson,sophia.wilson@example.com,55,Fort Worth,TX,2023-09-01
CUST00010,Lucas Moore,lucas.moore@example.com,62,Austin,TX,2026-06-26
CUST00011,Emma Johnson,emma.johnson@example.com,72,Plano,TX,2023-04-15
CUST00012,Sophia Jones,sophia.jones@example.com,37,Arlington,TX,2024-11-24
CUST00013,Isabella Moore,isabella.moore@example.com,69,Plano,TX,2026-04-07
CUST00014,Isabella Brown,isabella.brown@example.com,61,Arlington,TX,2025-12-06
CUST00015,Mason Jackson,mason.jackson@example.com,62,Fort Worth,TX,2025-12-02
CUST00016,Olivia Johnson,olivia.johnson@example.com,51,Denton,TX,2025-03-28
CUST00017,Noah Wilson,noah.wilson@example.com,38,Plano,TX,2023-08-09
CUST00018,Mason Wilson,mason.wilson@example.com,73,Arlington,TX,2023-05-24
CUST00019,Mason Garcia,mason.garcia@example.com,72,Houston,TX,2025-06-08
CUST00020,Emma Anderson,emma.anderson@example.com,65,Fort Worth,TX,2025-11-17
CUST00021,Ethan Garcia,ethan.garcia@example.com,40,Arlington,TX,2025-02-28
CUST00022,Olivia Davis,olivia.davis@example.com,23,Dallas,TX,2024-07-06
CUST00023,Liam Garcia,liam.garcia@example.com,68,Arlington,TX,2025-04-23
CUST00024,Mason Smith,mason.smith@example.com,70,Plano,TX,2024-10-20
CUST00025,James Brown,james.brown@example.com,30,Houston,TX,2025-04-16
CUST00026,Henry Moore,henry.moore@example.com,66,Austin,TX,2025-10-15
CUST00027,Ethan Miller,ethan.miller@example.com,40,Denton,TX,2026-04-05
CUST00028,Liam Moore,liam.moore@example.com,26,Austin,TX,2025-01-20
CUST00029,James Moore,james.moore@example.com,34,Arlington,TX,2023-09-06
CUST00030,Olivia Johnson,olivia.johnson@example.com,19,Austin,TX,2025-02-13
CUST00031,Ava Wilson,ava.wilson@example.com,36,Arlington,TX,2025-02-02
CUST00032,James Davis,james.davis@example.com,36,Houston,TX,2026-02-08
CUST00033,Lucas Davis,lucas.davis@example.com,73,Austin,TX,2024-11-22
CUST00034,Ethan Miller,ethan.miller@example.com,24,Plano,TX,2025-03-30
CUST00035,Amelia Brown,amelia.brown@example.com,71,Plano,TX,2024-12-19
CUST00036,James Johnson,james.johnson@example.com,59,Dallas,TX,2023-08-22
CUST00037,Mia Williams,mia.williams@example.com,59,Arlington,TX,2023-01-24
CUST00038,Ava Thomas,ava.thomas@example.com,37,Austin,TX,2025-11-15
CUST00039,Isabella Garcia,isabella.garcia@example.com,26,Plano,TX,2025-10-02
CUST00040,Isabella Thomas,isabella.thomas@example.com,34,Frisco,TX,2024-06-05
CUST00041,Harper Thomas,harper.thomas@example.com,44,Houston,TX,2023-01-17
CUST00042,Lucas Jones,lucas.jones@example.com,64,Denton,TX,2023-09-02
CUST00043,James Thomas,james.thomas@example.com,19,Houston,TX,2024-12-18
CUST00044,James Davis,james.davis@example.com,53,Frisco,TX,2025-02-08
CUST00045,Harper Garcia,harper.garcia@example.com,36,Frisco,TX,2024-12-17
CUST00046,Henry Garcia,henry.garcia@example.com,34,Dallas,TX,2026-05-10
CUST00047,Henry Smith,henry.smith@example.com,22,Houston,TX,2026-06-25
CUST00048,Harper Brown,harper.brown@example.com,56,Houston,TX,2023-04-28
CUST00049,Henry Jones,henry.jones@example.com,35,Austin,TX,2023-01-09
CUST00050,Emma Thomas,emma.thomas@example.com,70,Arlington,TX,2024-08-20
CUST00051,James Anderson,james.anderson@example.com,71,Fort Worth,TX,2023-01-23
CUST00052,Sophia Williams,sophia.williams@example.com,24,Denton,TX,2023-08-28
CUST00053,Noah Moore,noah.moore@example.com,34,Houston,TX,2023-01-27
CUST00054,Mia Wilson,mia.wilson@example.com,56,Denton,TX,2025-09-10
CUST00055,Emma Smith,emma.smith@example.com,53,Denton,TX,2026-01-09
CUST00056,Olivia Garcia,olivia.garcia@example.com,57,Denton,TX,2023-07-18
CUST00057,Emma Garcia,emma.garcia@example.com,62,Houston,TX,2025-02-13
CUST00058,Sophia Taylor,sophia.taylor@example.com,21,Fort Worth,TX,2023-04-02
CUST00059,Olivia Jones,olivia.jones@example.com,55,Houston,TX,2025-04-30
CUST00060,Mia Thomas,mia.thomas@example.com,42,Austin,TX,2026-01-12
CUST00061,Sophia Jackson,sophia.jackson@example.com,22,Austin,TX,2023-10-27
CUST00062,Liam Jones,liam.jones@example.com,47,Fort Worth,TX,2023-10-23
CUST00063,Noah Taylor,noah.taylor@example.com,29,Plano,TX,2024-10-08
CUST00064,Mia Martin,mia.martin@example.com,21,Houston,TX,2025-09-27
CUST00065,James Moore,james.moore@example.com,41,Plano,TX,2025-12-18
CUST00066,Henry Jones,henry.jones@example.com,46,Denton,TX,2025-06-27
CUST00067,Liam Garcia,liam.garcia@example.com,26,Houston,TX,2025-05-20
CUST00068,Lucas Davis,lucas.davis@example.com,21,Arlington,TX,2025-01-22
CUST00069,Mia Johnson,mia.johnson@example.com,68,Houston,TX,2023-12-08
CUST00070,Lucas Garcia,lucas.garcia@example.com,41,Austin,TX,2023-03-03
CUST00071,Olivia Smith,olivia.smith@example.com,31,Dallas,TX,2025-02-14
CUST00072,Liam Brown,liam.brown@example.com,22,Frisco,TX,2024-09-16
CUST00073,Noah Martin,noah.martin@example.com,35,Dallas,TX,2023-09-13
CUST00074,James Taylor,james.taylor@example.com,59,Dallas,TX,2025-04-07
CUST00075,Harper Williams,harper.williams@example.com,74,Dallas,TX,2025-10-10
CUST00076,James Wilson,james.wilson@example.com,36,Frisco,TX,2024-09-06
CUST00077,Sophia Williams,sophia.williams@example.com,29,Plano,TX,2023-09-02
CUST00078,James Jackson,james.jackson@example.com,35,Frisco,TX,2025-01-26
CUST00079,Amelia Garcia,amelia.garcia@example.com,34,Plano,TX,2025-04-03
CUST00080,Mason Smith,mason.smith@example.com,47,Frisco,TX,2025-02-18
CUST00081,Harper Thomas,harper.thomas@example.com,41,Frisco,TX,2025-01-01
CUST00082,Emma Garcia,emma.garcia@example.com,28,Houston,TX,2025-05-27
CUST00083,Henry Brown,henry.brown@example.com,52,Plano,TX,2026-05-25
CUST00084,Ava Davis,ava.davis@example.com,40,Houston,TX,2024-05-30
CUST00085,Noah Moore,noah.moore@example.com,34,Arlington,TX,2024-04-18
CUST00086,Liam Anderson,liam.anderson@example.com,18,Houston,TX,2023-02-05
CUST00087,Mason Wilson,mason.wilson@example.com,32,Dallas,TX,2026-04-16
CUST00088,Noah Brown,noah.brown@example.com,49,Fort Worth,TX,2025-11-06
CUST00089,Liam Taylor,liam.taylor@example.com,26,Fort Worth,TX,2025-04-09
CUST00090,Henry Thomas,henry.thomas@example.com,32,Austin,TX,2025-12-07
CUST00091,Ethan Taylor,ethan.taylor@example.com,45,Austin,TX,2025-12-21
CUST00092,Ethan Garcia,ethan.garcia@example.com,41,Denton,TX,2025-12-28
CUST00093,Lucas Smith,lucas.smith@example.com,52,Houston,TX,2024-01-01
CUST00094,Noah Brown,noah.brown@example.com,39,Frisco,TX,2026-03-31
CUST00095,Ethan Miller,ethan.miller@example.com,44,Frisco,TX,2025-08-02
CUST00096,Amelia Thomas,amelia.thomas@example.com,36,Fort Worth,TX,2025-09-02
CUST00097,Harper Jackson,harper.jackson@example.com,62,Dallas,TX,2024-03-06
CUST00098,Liam Smith,liam.smith@example.com,29,Plano,TX,2025-05-08
CUST00099,Lucas Davis,lucas.davis@example.com,37,Dallas,TX,2023-08-18
CUST00100,James Thomas,james.thomas@example.com,18,Denton,TX,2024-01-05
CUST00101,Liam Taylor,liam.taylor@example.com,38,Dallas,TX,2023-06-27
CUST00102,Lucas Thomas,lucas.thomas@example.com,66,Houston,TX,2024-07-21
CUST00103,Henry Anderson,henry.anderson@example.com,62,Houston,TX,2026-05-14
CUST00104,Noah Garcia,noah.garcia@example.com,18,Arlington,TX,2025-03-03
CUST00105,Henry Jones,henry.jones@example.com,27,Denton,TX,2025-06-18
CUST00106,Harper Taylor,harper.taylor@example.com,64,Dallas,TX,2025-09-01
CUST00107,Harper Anderson,harper.anderson@example.com,49,Frisco,TX,2023-03-23
CUST00108,Mason Jackson,mason.jackson@example.com,56,Frisco,TX,2025-04-25
CUST00109,Henry Martin,henry.martin@example.com,39,Denton,TX,2025-01-31
CUST00110,Sophia Wilson,sophia.wilson@example.com,35,Dallas,TX,2026-05-01
CUST00111,James Johnson,james.johnson@example.com,65,Houston,TX,2024-09-09
CUST00112,Mia Jones,mia.jones@example.com,63,Houston,TX,2026-04-27
CUST00113,Henry Garcia,henry.garcia@example.com,49,Arlington,TX,2026-01-02
CUST00114,Mason Miller,mason.miller@example.com,44,Arlington,TX,2025-10-30
CUST00115,Olivia Jones,olivia.jones@example.com,45,Austin,TX,2023-08-04
CUST00116,Amelia Wilson,amelia.wilson@example.com,35,Denton,TX,2023-10-17
CUST00117,Liam Smith,liam.smith@example.com,56,Fort Worth,TX,2024-03-20
CUST00118,Harper Miller,harper.miller@example.com,66,Dallas,TX,2025-07-11
CUST00119,Olivia Taylor,olivia.taylor@example.com,46,Denton,TX,2024-07-05
CUST00120,Mason Miller,mason.miller@example.com,35,Frisco,TX,2023-07-12
CUST00121,Lucas Brown,lucas.brown@example.com,61,Dallas,TX,2023-10-16
CUST00122,Mia Wilson,mia.wilson@example.com,25,Arlington,TX,2024-08-05
CUST00123,James Martin,james.martin@example.com,71,Arlington,TX,2026-03-13
CUST00124,James Thomas,james.thomas@example.com,48,Austin,TX,2025-05-06
CUST00125,James Anderson,james.anderson@example.com,51,Fort Worth,TX,2025-02-19
CUST00126,Amelia Jones,amelia.jones@example.com,24,Austin,TX,2025-06-14
CUST00127,Mia Brown,mia.brown@example.com,53,Frisco,TX,2025-07-08
CUST00128,Amelia Moore,amelia.moore@example.com,35,Fort Worth,TX,2024-07-17
CUST00129,Harper Miller,harper.miller@example.com,55,Plano,TX,2023-01-13
CUST00130,Amelia Brown,amelia.brown@example.com,26,Dallas,TX,2025-09-13
CUST00131,Ava Jackson,ava.jackson@example.com,26,Austin,TX,2023-12-06
CUST00132,Mia Williams,mia.williams@example.com,63,Arlington,TX,2025-05-14
CUST00133,Sophia Wilson,sophia.wilson@example.com,25,Austin,TX,2023-11-08
CUST00134,Mia Anderson,mia.anderson@example.com,68,Plano,TX,2025-01-02
CUST00135,Mason Davis,mason.davis@example.com,52,Austin,TX,2026-02-01
CUST00136,Ava Smith,ava.smith@example.com,35,Dallas,TX,2023-12-05
CUST00137,James Miller,james.miller@example.com,22,Plano,TX,2026-05-06
CUST00138,Mason Wilson,mason.wilson@example.com,31,Denton,TX,2023-10-27
CUST00139,Mason Davis,mason.davis@example.com,45,Denton,TX,2023-12-25
CUST00140,Harper Davis,harper.davis@example.com,47,Denton,TX,2023-06-18
CUST00141,Isabella Moore,isabella.moore@example.com,21,Arlington,TX,2026-03-18
CUST00142,Emma Garcia,emma.garcia@example.com,56,Arlington,TX,2025-01-30
CUST00143,Ava Anderson,ava.anderson@example.com,37,Denton,TX,2025-02-06
CUST00144,Mason Brown,mason.brown@example.com,42,Denton,TX,2025-09-08
CUST00145,Emma Davis,emma.davis@example.com,45,Denton,TX,2023-02-11
CUST00146,Emma Williams,emma.williams@example.com,29,Houston,TX,2023-07-21
CUST00147,Ava Moore,ava.moore@example.com,19,Denton,TX,2025-08-27
CUST00148,Isabella Wilson,isabella.wilson@example.com,60,Plano,TX,2026-06-21
CUST00149,Olivia Moore,olivia.moore@example.com,31,Houston,TX,2024-04-08
CUST00150,Lucas Johnson,lucas.johnson@example.com,39,Houston,TX,2024-03-24
CUST00151,Sophia Johnson,sophia.johnson@example.com,48,Dallas,TX,2025-07-01
CUST00152,Lucas Thomas,lucas.thomas@example.com,40,Austin,TX,2025-03-08
CUST00153,Mia Moore,mia.moore@example.com,65,Arlington,TX,2025-03-04
CUST00154,James Jackson,james.jackson@example.com,37,Arlington,TX,2024-03-12
CUST00155,Sophia Thomas,sophia.thomas@example.com,55,Austin,TX,2024-06-14
CUST00156,Mia Miller,mia.miller@example.com,72,Arlington,TX,2024-07-18
CUST00157,Mason Thomas,mason.thomas@example.com,21,Austin,TX,2025-05-21
CUST00158,James Taylor,james.taylor@example.com,32,Plano,TX,2023-08-01
CUST00159,Liam Brown,liam.brown@example.com,41,Dallas,TX,2025-08-06
CUST00160,Ava Taylor,ava.taylor@example.com,42,Denton,TX,2026-02-01
CUST00161,Sophia Davis,sophia.davis@example.com,18,Dallas,TX,2023-07-11
CUST00162,Sophia Wilson,sophia.wilson@example.com,24,Frisco,TX,2026-01-09
CUST00163,Henry Miller,henry.miller@example.com,74,Dallas,TX,2024-12-05
CUST00164,Mason Jones,mason.jones@example.com,48,Austin,TX,2024-07-02
CUST00165,Olivia Davis,olivia.davis@example.com,29,Frisco,TX,2023-06-03
CUST00166,Emma Brown,emma.brown@example.com,59,Austin,TX,2024-07-24
CUST00167,James Johnson,james.johnson@example.com,22,Denton,TX,2023-08-28
CUST00168,Mason Anderson,mason.anderson@example.com,61,Fort Worth,TX,2024-01-09
CUST00169,Ethan Jackson,ethan.jackson@example.com,67,Frisco,TX,2025-03-15
CUST00170,Isabella Thomas,isabella.thomas@example.com,59,Denton,TX,2025-03-09
CUST00171,Emma Garcia,emma.garcia@example.com,55,Denton,TX,2026-05-12
CUST00172,Ava Wilson,ava.wilson@example.com,29,Arlington,TX,2024-09-02
CUST00173,Emma Smith,emma.smith@example.com,56,Arlington,TX,2024-11-18
CUST00174,Olivia Anderson,olivia.anderson@example.com,35,Fort Worth,TX,2025-02-12
CUST00175,Harper Taylor,harper.taylor@example.com,19,Fort Worth,TX,2023-05-23
CUST00176,Henry Thomas,henry.thomas@example.com,27,Dallas,TX,2026-04-27
CUST00177,Emma Miller,emma.miller@example.com,32,Denton,TX,2023-09-29
CUST00178,Ava Taylor,ava.taylor@example.com,47,Fort Worth,TX,2024-03-01
CUST00179,Olivia Wilson,olivia.wilson@example.com,61,Austin,TX,2023-02-15
CUST00180,Lucas Taylor,lucas.taylor@example.com,34,Denton,TX,2023-04-05
CUST00181,Sophia Wilson,sophia.wilson@example.com,21,Houston,TX,2023-03-05
CUST00182,Harper Taylor,harper.taylor@example.com,24,Austin,TX,2024-02-17
CUST00183,Henry Anderson,henry.anderson@example.com,58,Frisco,TX,2025-10-29
CUST00184,Sophia Moore,sophia.moore@example.com,48,Fort Worth,TX,2024-04-03
CUST00185,Isabella Williams,isabella.williams@example.com,68,Arlington,TX,2024-04-14
CUST00186,Mia Anderson,mia.anderson@example.com,72,Austin,TX,2025-03-20
CUST00187,Harper Moore,harper.moore@example.com,56,Arlington,TX,2024-05-20
CUST00188,Harper Jones,harper.jones@example.com,72,Austin,TX,2026-01-01
CUST00189,Lucas Davis,lucas.davis@example.com,51,Arlington,TX,2023-03-25
CUST00190,Lucas Davis,lucas.davis@example.com,23,Plano,TX,2023-02-28
CUST00191,James Brown,james.brown@example.com,67,Austin,TX,2025-11-10
CUST00192,Amelia Jackson,amelia.jackson@example.com,55,Frisco,TX,2025-07-06
CUST00193,Emma Jackson,emma.jackson@example.com,62,Arlington,TX,2023-06-06
CUST00194,Harper Thomas,harper.thomas@example.com,68,Houston,TX,2024-07-29
CUST00195,Sophia Anderson,sophia.anderson@example.com,51,Frisco,TX,2025-04-16
CUST00196,Ava Anderson,ava.anderson@example.com,61,Dallas,TX,2024-11-10
CUST00197,Noah Smith,noah.smith@example.com,32,Austin,TX,2023-07-22
CUST00198,Amelia Smith,amelia.smith@example.com,31,Houston,TX,2026-02-03
CUST00199,Noah Jackson,noah.jackson@example.com,23,Dallas,TX,2026-02-19
CUST00200,Henry Brown,henry.brown@example.com,67,Austin,TX,2023-11-14
CUST00201,Olivia Garcia,olivia.garcia@example.com,54,Houston,TX,2026-04-20
CUST00202,Sophia Davis,sophia.davis@example.com,67,Houston,TX,2024-02-10
CUST00203,Sophia Garcia,sophia.garcia@example.com,49,Frisco,TX,2025-09-12
CUST00204,Amelia Thomas,amelia.thomas@example.com,20,Plano,TX,2025-08-06
CUST00205,Harper Wilson,harper.wilson@example.com,20,Houston,TX,2025-12-29
CUST00206,Isabella Jackson,isabella.jackson@example.com,39,Plano,TX,2026-03-29
CUST00207,Amelia Jackson,amelia.jackson@example.com,39,Fort Worth,TX,2026-06-17
CUST00208,Noah Wilson,noah.wilson@example.com,27,Frisco,TX,2026-03-07
CUST00209,Amelia Martin,amelia.martin@example.com,68,Denton,TX,2024-05-09
CUST00210,Sophia Johnson,sophia.johnson@example.com,20,Arlington,TX,2024-11-09
CUST00211,Isabella Taylor,isabella.taylor@example.com,29,Frisco,TX,2026-06-24
CUST00212,Emma Smith,emma.smith@example.com,46,Dallas,TX,2026-06-20
CUST00213,Ethan Johnson,ethan.johnson@example.com,65,Arlington,TX,2025-04-14
CUST00214,James Jones,james.jones@example.com,34,Arlington,TX,2023-07-13
CUST00215,Liam Brown,liam.brown@example.com,24,Denton,TX,2023-11-04
CUST00216,Lucas Brown,lucas.brown@example.com,30,Plano,TX,2024-05-20
CUST00217,Amelia Wilson,amelia.wilson@example.com,73,Denton,TX,2023-10-08
CUST00218,Henry Anderson,henry.anderson@example.com,19,Denton,TX,2024-11-05
CUST00219,Mia Davis,mia.davis@example.com,21,Arlington,TX,2025-07-21
CUST00220,Olivia Garcia,olivia.garcia@example.com,27,Houston,TX,2024-12-15
CUST00221,Ethan Smith,ethan.smith@example.com,56,Plano,TX,2024-08-30
CUST00222,James Johnson,james.johnson@example.com,41,Arlington,TX,2024-04-27
CUST00223,James Garcia,james.garcia@example.com,34,Plano,TX,2026-05-31
CUST00224,James Anderson,james.anderson@example.com,69,Fort Worth,TX,2023-04-27
CUST00225,James Johnson,james.johnson@example.com,23,Plano,TX,2025-08-25
CUST00226,Noah Jackson,noah.jackson@example.com,36,Austin,TX,2023-07-11
CUST00227,Henry Moore,henry.moore@example.com,22,Houston,TX,2025-02-26
CUST00228,Henry Taylor,henry.taylor@example.com,49,Dallas,TX,2024-09-09
CUST00229,Isabella Jones,isabella.jones@example.com,27,Austin,TX,2024-05-30
CUST00230,Lucas Martin,lucas.martin@example.com,26,Austin,TX,2023-11-03
CUST00231,Sophia Jones,sophia.jones@example.com,44,Denton,TX,2024-06-15
CUST00232,James Garcia,james.garcia@example.com,30,Denton,TX,2023-05-02
CUST00233,Mia Garcia,mia.garcia@example.com,36,Austin,TX,2024-10-10
CUST00234,Sophia Martin,sophia.martin@example.com,38,Arlington,TX,2024-08-14
CUST00235,Henry Garcia,henry.garcia@example.com,41,Plano,TX,2026-03-23
CUST00236,Ava Martin,ava.martin@example.com,55,Plano,TX,2025-05-19
CUST00237,Ava Johnson,ava.johnson@example.com,21,Frisco,TX,2026-04-07
CUST00238,Mia Martin,mia.martin@example.com,41,Arlington,TX,2023-02-28
CUST00239,Isabella Taylor,isabella.taylor@example.com,52,Houston,TX,2023-10-28
CUST00240,Henry Martin,henry.martin@example.com,20,Arlington,TX,2024-07-06
CUST00241,Mia Moore,mia.moore@example.com,21,Arlington,TX,2026-02-14
CUST00242,Noah Jackson,noah.jackson@example.com,74,Arlington,TX,2026-02-24
CUST00243,Amelia Martin,amelia.martin@example.com,54,Houston,TX,2024-02-03
CUST00244,Mia Williams,mia.williams@example.com,57,Frisco,TX,2024-05-29
CUST00245,Emma Martin,emma.martin@example.com,65,Houston,TX,2025-03-15
CUST00246,Sophia Garcia,sophia.garcia@example.com,71,Fort Worth,TX,2024-05-12
CUST00247,Ethan Moore,ethan.moore@example.com,52,Frisco,TX,2025-07-30
CUST00248,Mason Davis,mason.davis@example.com,48,Fort Worth,TX,2024-06-11
CUST00249,Isabella Thomas,isabella.thomas@example.com,73,Fort Worth,TX,2024-02-02
CUST00250,Mia Moore,mia.moore@example.com,61,Fort Worth,TX,2024-03-11
CUST00251,Henry Anderson,henry.anderson@example.com,42,Plano,TX,2025-04-19
CUST00252,Olivia Thomas,olivia.thomas@example.com,57,Austin,TX,2023-12-26
CUST00253,Ava Smith,ava.smith@example.com,30,Austin,TX,2026-02-26
CUST00254,Emma Smith,emma.smith@example.com,21,Fort Worth,TX,2025-05-13
CUST00255,Lucas Anderson,lucas.anderson@example.com,63,Fort Worth,TX,2024-09-25
CUST00256,James Moore,james.moore@example.com,31,Dallas,TX,2026-06-18
CUST00257,Mason Johnson,mason.johnson@example.com,30,Denton,TX,2026-05-30
CUST00258,Harper Anderson,harper.anderson@example.com,44,Austin,TX,2023-08-02
CUST00259,Isabella Jackson,isabella.jackson@example.com,23,Denton,TX,2025-07-04
CUST00260,Ethan Thomas,ethan.thomas@example.com,34,Denton,TX,2024-08-14
CUST00261,Mason Thomas,mason.thomas@example.com,53,Dallas,TX,2023-05-15
CUST00262,Mia Garcia,mia.garcia@example.com,57,Denton,TX,2025-01-23
CUST00263,Noah Wilson,noah.wilson@example.com,66,Frisco,TX,2024-01-21
CUST00264,Ava Brown,ava.brown@example.com,52,Dallas,TX,2026-04-27
CUST00265,Henry Williams,henry.williams@example.com,34,Denton,TX,2024-01-24
CUST00266,Ava Thomas,ava.thomas@example.com,58,Denton,TX,2025-01-13
CUST00267,Lucas Davis,lucas.davis@example.com,19,Arlington,TX,2024-12-04
CUST00268,Noah Anderson,noah.anderson@example.com,74,Denton,TX,2025-07-13
CUST00269,James Taylor,james.taylor@example.com,30,Plano,TX,2025-02-11
CUST00270,Henry Martin,henry.martin@example.com,69,Frisco,TX,2026-02-10
CUST00271,Sophia Wilson,sophia.wilson@example.com,19,Houston,TX,2025-05-13
CUST00272,Liam Thomas,liam.thomas@example.com,69,Austin,TX,2025-11-25
CUST00273,Emma Anderson,emma.anderson@example.com,45,Fort Worth,TX,2023-03-20
CUST00274,Ava Jones,ava.jones@example.com,60,Denton,TX,2024-11-04
CUST00275,Olivia Wilson,olivia.wilson@example.com,43,Frisco,TX,2023-11-08
CUST00276,Ava Johnson,ava.johnson@example.com,39,Fort Worth,TX,2023-07-23
CUST00277,Mason Williams,mason.williams@example.com,64,Houston,TX,2025-09-11
CUST00278,Ava Miller,ava.miller@example.com,60,Frisco,TX,2023-01-17
CUST00279,Isabella Miller,isabella.miller@example.com,72,Austin,TX,2024-04-20
CUST00280,Ava Garcia,ava.garcia@example.com,20,Frisco,TX,2025-10-13
CUST00281,Liam Garcia,liam.garcia@example.com,52,Fort Worth,TX,2023-07-29
CUST00282,Liam Johnson,liam.johnson@example.com,29,Fort Worth,TX,2024-05-13
CUST00283,James Taylor,james.taylor@example.com,41,Arlington,TX,2024-03-04
CUST00284,Ethan Garcia,ethan.garcia@example.com,22,Denton,TX,2026-01-06
CUST00285,Sophia Brown,sophia.brown@example.com,37,Dallas,TX,2026-01-08
CUST00286,Olivia Thomas,olivia.thomas@example.com,56,Frisco,TX,2023-02-27
CUST00287,Ava Williams,ava.williams@example.com,56,Fort Worth,TX,2026-05-16
CUST00288,Ava Moore,ava.moore@example.com,30,Plano,TX,2026-03-04
CUST00289,Emma Anderson,emma.anderson@example.com,58,Austin,TX,2025-09-20
CUST00290,Henry Moore,henry.moore@example.com,74,Plano,TX,2024-06-05
CUST00291,Liam Johnson,liam.johnson@example.com,70,Houston,TX,2024-08-03
CUST00292,Olivia Smith,olivia.smith@example.com,62,Frisco,TX,2025-06-17
CUST00293,James Anderson,james.anderson@example.com,29,Arlington,TX,2026-01-11
CUST00294,Lucas Anderson,lucas.anderson@example.com,30,Austin,TX,2024-09-12
CUST00295,Ethan Jones,ethan.jones@example.com,73,Arlington,TX,2025-12-03
CUST00296,Sophia Johnson,sophia.johnson@example.com,27,Dallas,TX,2025-08-23
CUST00297,Noah Johnson,noah.johnson@example.com,50,Fort Worth,TX,2025-06-28
CUST00298,Sophia Miller,sophia.miller@example.com,74,Denton,TX,2024-05-07
CUST00299,Isabella Davis,isabella.davis@example.com,57,Austin,TX,2024-05-13
CUST00300,Mason Moore,mason.moore@example.com,71,Houston,TX,2025-11-07
CUST00301,Isabella Taylor,isabella.taylor@example.com,33,Denton,TX,2024-08-27
CUST00302,Ava Davis,ava.davis@example.com,62,Frisco,TX,2025-08-05
CUST00303,Harper Martin,harper.martin@example.com,52,Dallas,TX,2023-10-21
CUST00304,Ethan Brown,ethan.brown@example.com,20,Dallas,TX,2026-03-17
CUST00305,Mason Jackson,mason.jackson@example.com,73,Arlington,TX,2023-06-21
CUST00306,Olivia Martin,olivia.martin@example.com,22,Dallas,TX,2024-06-14
CUST00307,Noah Smith,noah.smith@example.com,43,Austin,TX,2026-02-17
CUST00308,Liam Anderson,liam.anderson@example.com,28,Arlington,TX,2023-03-07
CUST00309,Ethan Miller,ethan.miller@example.com,24,Denton,TX,2023-05-21
CUST00310,Ethan Smith,ethan.smith@example.com,70,Dallas,TX,2024-03-21
CUST00311,Isabella Anderson,isabella.anderson@example.com,73,Frisco,TX,2023-07-08
CUST00312,Harper Brown,harper.brown@example.com,27,Denton,TX,2023-06-07
CUST00313,Ava Davis,ava.davis@example.com,59,Houston,TX,2024-10-31
CUST00314,Mia Johnson,mia.johnson@example.com,69,Frisco,TX,2023-09-03
CUST00315,James Garcia,james.garcia@example.com,51,Plano,TX,2025-05-05
CUST00316,Isabella Moore,isabella.moore@example.com,20,Austin,TX,2025-08-01
CUST00317,Ethan Garcia,ethan.garcia@example.com,25,Houston,TX,2025-01-17
CUST00318,Amelia Thomas,amelia.thomas@example.com,48,Houston,TX,2025-11-22
CUST00319,Emma Wilson,emma.wilson@example.com,28,Arlington,TX,2023-11-26
CUST00320,Noah Jones,noah.jones@example.com,62,Fort Worth,TX,2024-05-26
CUST00321,James Taylor,james.taylor@example.com,24,Arlington,TX,2025-04-29
CUST00322,Isabella Brown,isabella.brown@example.com,62,Austin,TX,2025-12-30
CUST00323,Noah Jones,noah.jones@example.com,19,Austin,TX,2023-03-20
CUST00324,Emma Thomas,emma.thomas@example.com,23,Arlington,TX,2023-06-18
CUST00325,Lucas Thomas,lucas.thomas@example.com,58,Fort Worth,TX,2025-03-20
CUST00326,Emma Taylor,emma.taylor@example.com,49,Frisco,TX,2025-09-09
CUST00327,Harper Jackson,harper.jackson@example.com,37,Arlington,TX,2023-06-29
CUST00328,Emma Anderson,emma.anderson@example.com,74,Austin,TX,2023-09-17
CUST00329,Noah Jones,noah.jones@example.com,51,Fort Worth,TX,2025-10-25
CUST00330,Sophia Davis,sophia.davis@example.com,67,Austin,TX,2023-10-24
CUST00331,Noah Taylor,noah.taylor@example.com,33,Fort Worth,TX,2024-09-11
CUST00332,Mia Thomas,mia.thomas@example.com,42,Fort Worth,TX,2025-05-04
CUST00333,Ava Davis,ava.davis@example.com,29,Denton,TX,2023-12-26
CUST00334,Mason Johnson,mason.johnson@example.com,24,Arlington,TX,2023-04-27
CUST00335,Sophia Miller,sophia.miller@example.com,56,Arlington,TX,2023-12-23
CUST00336,Liam Davis,liam.davis@example.com,34,Arlington,TX,2025-08-14
CUST00337,Mason Anderson,mason.anderson@example.com,62,Fort Worth,TX,2024-03-14
CUST00338,Ava Garcia,ava.garcia@example.com,28,Fort Worth,TX,2026-04-26
CUST00339,Isabella Jones,isabella.jones@example.com,23,Austin,TX,2026-02-12
CUST00340,James Anderson,james.anderson@example.com,40,Houston,TX,2026-06-13
CUST00341,Mia Wilson,mia.wilson@example.com,44,Arlington,TX,2024-06-05
CUST00342,Mia Moore,mia.moore@example.com,63,Denton,TX,2023-07-18
CUST00343,Liam Williams,liam.williams@example.com,23,Plano,TX,2025-12-09
CUST00344,Sophia Thomas,sophia.thomas@example.com,55,Austin,TX,2026-03-11
CUST00345,Harper Moore,harper.moore@example.com,19,Austin,TX,2024-10-31
CUST00346,Henry Moore,henry.moore@example.com,39,Dallas,TX,2025-11-19
CUST00347,Lucas Taylor,lucas.taylor@example.com,37,Arlington,TX,2026-01-10
CUST00348,Emma Brown,emma.brown@example.com,42,Frisco,TX,2023-01-31
CUST00349,Sophia Wilson,sophia.wilson@example.com,32,Austin,TX,2025-10-04
CUST00350,James Garcia,james.garcia@example.com,66,Dallas,TX,2023-11-29
CUST00351,Lucas Davis,lucas.davis@example.com,46,Plano,TX,2024-10-21
CUST00352,Mia Miller,mia.miller@example.com,25,Denton,TX,2023-06-26
CUST00353,Noah Anderson,noah.anderson@example.com,54,Plano,TX,2024-01-05
CUST00354,James Johnson,james.johnson@example.com,66,Frisco,TX,2024-06-30
CUST00355,Ava Williams,ava.williams@example.com,69,Arlington,TX,2024-06-18
CUST00356,Liam Smith,liam.smith@example.com,50,Fort Worth,TX,2026-02-03
CUST00357,Ava Wilson,ava.wilson@example.com,39,Dallas,TX,2023-04-07
CUST00358,Henry Moore,henry.moore@example.com,67,Fort Worth,TX,2023-08-18
CUST00359,James Miller,james.miller@example.com,64,Plano,TX,2023-08-15
CUST00360,Olivia Smith,olivia.smith@example.com,22,Plano,TX,2024-01-06
CUST00361,Olivia Williams,olivia.williams@example.com,56,Houston,TX,2026-01-28
CUST00362,Isabella Brown,isabella.brown@example.com,35,Houston,TX,2023-02-24
CUST00363,Sophia Brown,sophia.brown@example.com,55,Denton,TX,2026-05-03
CUST00364,Mia Jones,mia.jones@example.com,71,Frisco,TX,2024-02-28
CUST00365,Mia Martin,mia.martin@example.com,70,Houston,TX,2023-11-11
CUST00366,Emma Williams,emma.williams@example.com,54,Houston,TX,2026-02-25
CUST00367,Emma Williams,emma.williams@example.com,47,Frisco,TX,2023-02-01
CUST00368,Emma Smith,emma.smith@example.com,68,Austin,TX,2023-04-03
CUST00369,Noah Miller,noah.miller@example.com,48,Houston,TX,2024-06-02
CUST00370,Mason Anderson,mason.anderson@example.com,27,Austin,TX,2025-05-02
CUST00371,Ethan Taylor,ethan.taylor@example.com,32,Austin,TX,2026-05-28
CUST00372,Mason Martin,mason.martin@example.com,59,Arlington,TX,2025-01-21
CUST00373,Ava Smith,ava.smith@example.com,65,Austin,TX,2026-02-03
CUST00374,Mason Johnson,mason.johnson@example.com,61,Austin,TX,2024-02-20
CUST00375,Noah Moore,noah.moore@example.com,35,Houston,TX,2024-07-10
CUST00376,Isabella Brown,isabella.brown@example.com,40,Austin,TX,2024-01-01
CUST00377,Ava Moore,ava.moore@example.com,50,Fort Worth,TX,2024-08-21
CUST00378,Mason Brown,mason.brown@example.com,33,Frisco,TX,2023-11-27
CUST00379,Noah Jones,noah.jones@example.com,71,Houston,TX,2024-11-19
CUST00380,Ethan Anderson,ethan.anderson@example.com,55,Frisco,TX,2023-01-11
CUST00381,Mason Johnson,mason.johnson@example.com,52,Dallas,TX,2025-03-28
CUST00382,Noah Brown,noah.brown@example.com,51,Houston,TX,2024-02-23
CUST00383,Henry Smith,henry.smith@example.com,45,Austin,TX,2026-02-19
CUST00384,Emma Johnson,emma.johnson@example.com,19,Fort Worth,TX,2025-06-29
CUST00385,Henry Smith,henry.smith@example.com,47,Frisco,TX,2026-06-12
CUST00386,Mia Taylor,mia.taylor@example.com,30,Houston,TX,2023-12-14
CUST00387,Emma Taylor,emma.taylor@example.com,58,Fort Worth,TX,2025-08-15
CUST00388,Mia Moore,mia.moore@example.com,33,Frisco,TX,2024-02-16
CUST00389,Amelia Brown,amelia.brown@example.com,22,Dallas,TX,2026-06-01
CUST00390,Liam Brown,liam.brown@example.com,72,Plano,TX,2023-06-02
CUST00391,Henry Miller,henry.miller@example.com,45,Denton,TX,2026-05-20
CUST00392,Liam Taylor,liam.taylor@example.com,70,Denton,TX,2023-04-02
CUST00393,Liam Anderson,liam.anderson@example.com,56,Dallas,TX,2023-11-27
CUST00394,Ethan Anderson,ethan.anderson@example.com,62,Plano,TX,2025-08-12
CUST00395,Emma Wilson,emma.wilson@example.com,37,Arlington,TX,2025-08-27
CUST00396,Amelia Wilson,amelia.wilson@example.com,41,Plano,TX,2024-07-07
CUST00397,Mia Jones,mia.jones@example.com,44,Arlington,TX,2025-07-18
CUST00398,Noah Taylor,noah.taylor@example.com,47,Houston,TX,2026-06-05
CUST00399,Ava Smith,ava.smith@example.com,62,Arlington,TX,2023-07-13
CUST00400,Noah Smith,noah.smith@example.com,44,Denton,TX,2024-06-13
CUST00401,Ava Garcia,ava.garcia@example.com,43,Denton,TX,2025-04-24
CUST00402,Henry Johnson,henry.johnson@example.com,24,Fort Worth,TX,2026-06-20
CUST00403,Olivia Davis,olivia.davis@example.com,59,Arlington,TX,2024-09-30
CUST00404,Noah Moore,noah.moore@example.com,64,Fort Worth,TX,2024-04-22
CUST00405,Mason Wilson,mason.wilson@example.com,70,Denton,TX,2024-04-24
CUST00406,Mason Moore,mason.moore@example.com,55,Frisco,TX,2023-10-15
CUST00407,Sophia Brown,sophia.brown@example.com,22,Frisco,TX,2024-11-28
CUST00408,Emma Jones,emma.jones@example.com,40,Plano,TX,2024-11-25
CUST00409,Ava Anderson,ava.anderson@example.com,45,Plano,TX,2024-06-23
CUST00410,Ava Davis,ava.davis@example.com,51,Plano,TX,2023-11-26
CUST00411,James Williams,james.williams@example.com,70,Arlington,TX,2024-04-14
CUST00412,Isabella Jones,isabella.jones@example.com,32,Plano,TX,2025-04-28
CUST00413,Emma Williams,emma.williams@example.com,49,Arlington,TX,2024-06-17
CUST00414,Ethan Thomas,ethan.thomas@example.com,43,Arlington,TX,2024-04-11
CUST00415,Sophia Taylor,sophia.taylor@example.com,65,Austin,TX,2025-09-03
CUST00416,Ethan Williams,ethan.williams@example.com,48,Austin,TX,2024-02-24
CUST00417,Henry Williams,henry.williams@example.com,36,Arlington,TX,2026-02-19
CUST00418,Henry Moore,henry.moore@example.com,26,Frisco,TX,2025-01-31
CUST00419,Ethan Thomas,ethan.thomas@example.com,46,Fort Worth,TX,2025-10-02
CUST00420,Ethan Miller,ethan.miller@example.com,71,Denton,TX,2025-06-09
CUST00421,Amelia Jackson,amelia.jackson@example.com,68,Denton,TX,2023-11-04
CUST00422,Emma Miller,emma.miller@example.com,56,Houston,TX,2025-07-12
CUST00423,Ethan Miller,ethan.miller@example.com,21,Dallas,TX,2023-11-30
CUST00424,Mason Taylor,mason.taylor@example.com,20,Austin,TX,2025-08-11
CUST00425,Isabella Davis,isabella.davis@example.com,73,Arlington,TX,2025-10-18
CUST00426,Isabella Jones,isabella.jones@example.com,46,Dallas,TX,2025-02-27
CUST00427,Liam Jones,liam.jones@example.com,69,Austin,TX,2025-04-11
CUST00428,Olivia Martin,olivia.martin@example.com,28,Houston,TX,2025-04-23
CUST00429,Henry Brown,henry.brown@example.com,50,Denton,TX,2023-09-07
CUST00430,Ava Miller,ava.miller@example.com,55,Fort Worth,TX,2026-01-23
CUST00431,James Taylor,james.taylor@example.com,28,Arlington,TX,2023-07-03
CUST00432,Harper Brown,harper.brown@example.com,44,Houston,TX,2025-03-09
CUST00433,Ava Jackson,ava.jackson@example.com,50,Denton,TX,2023-07-05
CUST00434,Olivia Johnson,olivia.johnson@example.com,38,Frisco,TX,2025-12-28
CUST00435,James Brown,james.brown@example.com,56,Austin,TX,2025-04-17
CUST00436,Amelia Moore,amelia.moore@example.com,48,Arlington,TX,2024-09-18
CUST00437,Emma Moore,emma.moore@example.com,55,Dallas,TX,2025-05-08
CUST00438,Noah Davis,noah.davis@example.com,63,Frisco,TX,2023-01-08
CUST00439,Emma Wilson,emma.wilson@example.com,19,Denton,TX,2025-02-21
CUST00440,Ava Williams,ava.williams@example.com,44,Frisco,TX,2025-02-13
CUST00441,Ava Miller,ava.miller@example.com,53,Plano,TX,2025-10-03
CUST00442,James Martin,james.martin@example.com,28,Fort Worth,TX,2024-11-07
CUST00443,James Thomas,james.thomas@example.com,64,Denton,TX,2026-01-11
CUST00444,Henry Martin,henry.martin@example.com,35,Frisco,TX,2023-07-30
CUST00445,Amelia Wilson,amelia.wilson@example.com,18,Austin,TX,2024-05-04
CUST00446,Henry Anderson,henry.anderson@example.com,52,Fort Worth,TX,2024-09-30
CUST00447,Olivia Brown,olivia.brown@example.com,52,Arlington,TX,2023-07-10
CUST00448,Ethan Taylor,ethan.taylor@example.com,48,Plano,TX,2024-11-01
CUST00449,Emma Jackson,emma.jackson@example.com,45,Denton,TX,2025-04-22
CUST00450,James Williams,james.williams@example.com,56,Houston,TX,2023-12-01
CUST00451,Mia Jones,mia.jones@example.com,18,Fort Worth,TX,2026-01-15
CUST00452,Olivia Smith,olivia.smith@example.com,42,Dallas,TX,2024-08-01
CUST00453,Mason Williams,mason.williams@example.com,60,Austin,TX,2023-03-03
CUST00454,Amelia Jackson,amelia.jackson@example.com,55,Denton,TX,2024-01-22
CUST00455,Ava Davis,ava.davis@example.com,37,Dallas,TX,2026-03-15
CUST00456,Henry Anderson,henry.anderson@example.com,20,Fort Worth,TX,2023-06-02
CUST00457,Olivia Davis,olivia.davis@example.com,68,Denton,TX,2024-09-10
CUST00458,Harper Jackson,harper.jackson@example.com,19,Plano,TX,2024-11-28
CUST00459,Emma Moore,emma.moore@example.com,35,Houston,TX,2023-06-27
CUST00460,James Brown,james.brown@example.com,61,Houston,TX,2025-04-26
CUST00461,Ava Johnson,ava.johnson@example.com,27,Dallas,TX,2024-05-01
CUST00462,Noah Moore,noah.moore@example.com,22,Arlington,TX,2026-06-24
CUST00463,Harper Davis,harper.davis@example.com,26,Arlington,TX,2024-05-14
CUST00464,Amelia Davis,amelia.davis@example.com,19,Plano,TX,2024-06-24
CUST00465,Olivia Taylor,olivia.taylor@example.com,51,Houston,TX,2023-01-13
CUST00466,Sophia Brown,sophia.brown@example.com,55,Dallas,TX,2023-05-31
CUST00467,Ava Williams,ava.williams@example.com,48,Dallas,TX,2025-12-09
CUST00468,Emma Johnson,emma.johnson@example.com,27,Denton,TX,2026-05-23
CUST00469,Liam Wilson,liam.wilson@example.com,67,Denton,TX,2025-09-17
CUST00470,Mia Smith,mia.smith@example.com,29,Dallas,TX,2024-10-05
CUST00471,Lucas Miller,lucas.miller@example.com,53,Denton,TX,2024-01-07
CUST00472,Harper Jones,harper.jones@example.com,71,Fort Worth,TX,2026-02-10
CUST00473,Ethan Davis,ethan.davis@example.com,38,Denton,TX,2023-09-09
CUST00474,Lucas Brown,lucas.brown@example.com,66,Plano,TX,2023-02-22
CUST00475,Emma Miller,emma.miller@example.com,64,Arlington,TX,2026-02-27
CUST00476,Mason Moore,mason.moore@example.com,23,Arlington,TX,2023-07-12
CUST00477,Henry Jones,henry.jones@example.com,65,Fort Worth,TX,2024-08-13
CUST00478,Mason Jackson,mason.jackson@example.com,66,Austin,TX,2025-12-16
CUST00479,Liam Martin,liam.martin@example.com,20,Fort Worth,TX,2023-04-07
CUST00480,Harper Jones,harper.jones@example.com,27,Plano,TX,2023-07-17
CUST00481,Ethan Martin,ethan.martin@example.com,22,Dallas,TX,2023-05-27
CUST00482,Sophia Wilson,sophia.wilson@example.com,63,Fort Worth,TX,2024-12-23
CUST00483,Liam Wilson,liam.wilson@example.com,43,Dallas,TX,2024-11-14
CUST00484,Harper Moore,harper.moore@example.com,38,Plano,TX,2025-11-01
CUST00485,Isabella Wilson,isabella.wilson@example.com,62,Frisco,TX,2023-11-29
CUST00486,Lucas Thomas,lucas.thomas@example.com,43,Plano,TX,2026-05-28
CUST00487,Liam Garcia,liam.garcia@example.com,55,Houston,TX,2024-05-26
CUST00488,Lucas Garcia,lucas.garcia@example.com,61,Dallas,TX,2023-06-21
CUST00489,Ava Jones,ava.jones@example.com,43,Arlington,TX,2026-04-04
CUST00490,Mason Wilson,mason.wilson@example.com,25,Fort Worth,TX,2026-04-08
CUST00491,Ava Taylor,ava.taylor@example.com,22,Frisco,TX,2024-07-17
CUST00492,Mia Davis,mia.davis@example.com,32,Plano,TX,2024-05-26
CUST00493,Isabella Miller,isabella.miller@example.com,33,Dallas,TX,2026-04-27
CUST00494,Ethan Miller,ethan.miller@example.com,18,Frisco,TX,2026-02-17
CUST00495,Sophia Garcia,sophia.garcia@example.com,33,Austin,TX,2023-04-15
CUST00496,Amelia Jones,amelia.jones@example.com,54,Houston,TX,2024-11-04
CUST00497,Lucas Moore,lucas.moore@example.com,20,Austin,TX,2025-03-17
CUST00498,Sophia Brown,sophia.brown@example.com,69,Plano,TX,2025-11-30
CUST00499,Lucas Williams,lucas.williams@example.com,64,Austin,TX,2025-06-07
CUST00500,Emma Williams,emma.williams@example.com,48,Austin,TX,2025-05-25
CUST00501,Liam Garcia,liam.garcia@example.com,30,Houston,TX,2024-11-07
CUST00502,Mia Jackson,mia.jackson@example.com,73,Houston,TX,2023-11-17
CUST00503,Mason Brown,mason.brown@example.com,33,Denton,TX,2023-12-01
CUST00504,Amelia Thomas,amelia.thomas@example.com,72,Houston,TX,2026-03-29
CUST00505,James Thomas,james.thomas@example.com,60,Frisco,TX,2023-09-21
CUST00506,Lucas Garcia,lucas.garcia@example.com,38,Denton,TX,2025-05-14
CUST00507,Sophia Williams,sophia.williams@example.com,19,Houston,TX,2023-12-18
CUST00508,Mia Jackson,mia.jackson@example.com,71,Austin,TX,2026-05-18
CUST00509,Noah Brown,noah.brown@example.com,44,Arlington,TX,2024-11-06
CUST00510,Amelia Jackson,amelia.jackson@example.com,55,Arlington,TX,2025-07-07
CUST00511,Noah Wilson,noah.wilson@example.com,43,Denton,TX,2023-01-05
CUST00512,Ava Jones,ava.jones@example.com,55,Houston,TX,2023-02-03
CUST00513,Mason Moore,mason.moore@example.com,63,Frisco,TX,2026-03-14
CUST00514,Henry Miller,henry.miller@example.com,42,Fort Worth,TX,2023-12-17
CUST00515,Henry Taylor,henry.taylor@example.com,28,Dallas,TX,2024-08-05
CUST00516,James Johnson,james.johnson@example.com,25,Plano,TX,2024-04-09
CUST00517,Emma Martin,emma.martin@example.com,25,Frisco,TX,2023-12-14
CUST00518,Sophia Martin,sophia.martin@example.com,50,Fort Worth,TX,2023-05-05
CUST00519,Harper Jones,harper.jones@example.com,70,Plano,TX,2023-12-23
CUST00520,James Wilson,james.wilson@example.com,24,Fort Worth,TX,2024-06-10
CUST00521,Liam Anderson,liam.anderson@example.com,55,Fort Worth,TX,2024-05-12
CUST00522,Liam Williams,liam.williams@example.com,38,Denton,TX,2026-03-22
CUST00523,Sophia Martin,sophia.martin@example.com,25,Arlington,TX,2023-02-22
CUST00524,Harper Wilson,harper.wilson@example.com,68,Dallas,TX,2023-05-29
CUST00525,Ethan Martin,ethan.martin@example.com,71,Fort Worth,TX,2024-05-17
CUST00526,Emma Anderson,emma.anderson@example.com,38,Houston,TX,2025-05-19
CUST00527,Mia Jackson,mia.jackson@example.com,73,Plano,TX,2023-08-07
CUST00528,Lucas Garcia,lucas.garcia@example.com,37,Frisco,TX,2024-03-27
CUST00529,Harper Brown,harper.brown@example.com,25,Arlington,TX,2023-03-24
CUST00530,Henry Miller,henry.miller@example.com,63,Plano,TX,2026-05-26
CUST00531,Amelia Davis,amelia.davis@example.com,48,Denton,TX,2025-01-07
CUST00532,Ethan Garcia,ethan.garcia@example.com,67,Houston,TX,2024-06-10
CUST00533,Lucas Jones,lucas.jones@example.com,74,Houston,TX,2024-02-08
CUST00534,Lucas Garcia,lucas.garcia@example.com,46,Fort Worth,TX,2023-10-17
CUST00535,Ethan Jones,ethan.jones@example.com,65,Houston,TX,2024-02-24
CUST00536,Ava Davis,ava.davis@example.com,26,Dallas,TX,2023-12-05
CUST00537,Noah Smith,noah.smith@example.com,32,Denton,TX,2025-02-15
CUST00538,Lucas Anderson,lucas.anderson@example.com,47,Houston,TX,2024-12-11
CUST00539,Ethan Miller,ethan.miller@example.com,43,Fort Worth,TX,2025-09-13
CUST00540,Harper Jackson,harper.jackson@example.com,27,Plano,TX,2025-08-16
CUST00541,Ethan Taylor,ethan.taylor@example.com,46,Denton,TX,2026-05-15
CUST00542,Isabella Taylor,isabella.taylor@example.com,71,Houston,TX,2024-11-16
CUST00543,James Anderson,james.anderson@example.com,33,Arlington,TX,2025-11-25
CUST00544,Olivia Johnson,olivia.johnson@example.com,53,Denton,TX,2024-01-08
CUST00545,Ava Jackson,ava.jackson@example.com,37,Denton,TX,2025-09-20
CUST00546,Mason Martin,mason.martin@example.com,62,Frisco,TX,2024-06-14
CUST00547,Olivia Wilson,olivia.wilson@example.com,71,Arlington,TX,2025-07-12
CUST00548,James Smith,james.smith@example.com,54,Arlington,TX,2023-01-23
CUST00549,James Anderson,james.anderson@example.com,39,Plano,TX,2023-04-14
CUST00550,James Taylor,james.taylor@example.com,24,Austin,TX,2023-08-29
CUST00551,Olivia Garcia,olivia.garcia@example.com,40,Frisco,TX,2025-10-01
CUST00552,Sophia Wilson,sophia.wilson@example.com,58,Arlington,TX,2025-06-21
CUST00553,Noah Smith,noah.smith@example.com,57,Arlington,TX,2026-06-30
CUST00554,Ethan Brown,ethan.brown@example.com,46,Austin,TX,2026-03-11
CUST00555,Amelia Brown,amelia.brown@example.com,33,Plano,TX,2025-03-24
CUST00556,Noah Jackson,noah.jackson@example.com,55,Frisco,TX,2024-10-16
CUST00557,Henry Wilson,henry.wilson@example.com,45,Arlington,TX,2025-02-21
CUST00558,Harper Anderson,harper.anderson@example.com,65,Fort Worth,TX,2023-11-03
CUST00559,Emma Jones,emma.jones@example.com,55,Plano,TX,2023-01-08
CUST00560,Sophia Jones,sophia.jones@example.com,48,Frisco,TX,2025-12-28
CUST00561,Mason Garcia,mason.garcia@example.com,31,Arlington,TX,2024-07-28
CUST00562,Noah Smith,noah.smith@example.com,70,Arlington,TX,2025-12-27
CUST00563,Amelia Smith,amelia.smith@example.com,50,Austin,TX,2025-06-30
CUST00564,Liam Jackson,liam.jackson@example.com,74,Frisco,TX,2024-06-01
CUST00565,James Wilson,james.wilson@example.com,26,Fort Worth,TX,2026-02-16
CUST00566,Lucas Williams,lucas.williams@example.com,74,Plano,TX,2025-11-20
CUST00567,Henry Brown,henry.brown@example.com,44,Houston,TX,2024-04-27
CUST00568,Emma Smith,emma.smith@example.com,41,Dallas,TX,2023-07-26
CUST00569,Ava Wilson,ava.wilson@example.com,30,Fort Worth,TX,2024-10-30
CUST00570,Mason Jackson,mason.jackson@example.com,43,Houston,TX,2024-08-01
CUST00571,Harper Davis,harper.davis@example.com,46,Fort Worth,TX,2024-01-22
CUST00572,Emma Johnson,emma.johnson@example.com,68,Frisco,TX,2024-02-16
CUST00573,James Davis,james.davis@example.com,66,Houston,TX,2025-06-09
CUST00574,Lucas Jackson,lucas.jackson@example.com,60,Frisco,TX,2025-06-24
CUST00575,Sophia Miller,sophia.miller@example.com,45,Houston,TX,2025-08-20
CUST00576,Lucas Anderson,lucas.anderson@example.com,45,Fort Worth,TX,2025-08-22
CUST00577,Olivia Garcia,olivia.garcia@example.com,25,Austin,TX,2023-05-20
CUST00578,Lucas Smith,lucas.smith@example.com,40,Fort Worth,TX,2023-10-27
CUST00579,Olivia Jackson,olivia.jackson@example.com,46,Frisco,TX,2025-11-02
CUST00580,Henry Miller,henry.miller@example.com,22,Fort Worth,TX,2024-10-25
CUST00581,Sophia Taylor,sophia.taylor@example.com,59,Denton,TX,2025-04-04
CUST00582,Harper Miller,harper.miller@example.com,24,Denton,TX,2024-02-04
CUST00583,Mia Moore,mia.moore@example.com,59,Houston,TX,2025-09-18
CUST00584,James Martin,james.martin@example.com,53,Denton,TX,2026-02-06
CUST00585,Olivia Wilson,olivia.wilson@example.com,58,Dallas,TX,2023-05-29
CUST00586,Ava Smith,ava.smith@example.com,44,Houston,TX,2023-11-03
CUST00587,Lucas Johnson,lucas.johnson@example.com,63,Denton,TX,2025-12-19
CUST00588,Lucas Anderson,lucas.anderson@example.com,19,Arlington,TX,2024-03-10
CUST00589,Ava Wilson,ava.wilson@example.com,42,Fort Worth,TX,2023-01-21
CUST00590,Harper Moore,harper.moore@example.com,26,Plano,TX,2025-05-24
CUST00591,Liam Wilson,liam.wilson@example.com,70,Fort Worth,TX,2024-01-17
CUST00592,Henry Moore,henry.moore@example.com,44,Denton,TX,2023-09-02
CUST00593,Ethan Garcia,ethan.garcia@example.com,18,Austin,TX,2026-01-01
CUST00594,Mia Garcia,mia.garcia@example.com,40,Frisco,TX,2026-01-04
CUST00595,Mason Brown,mason.brown@example.com,27,Plano,TX,2024-11-28
CUST00596,Amelia Brown,amelia.brown@example.com,59,Houston,TX,2024-08-12
CUST00597,Olivia Jones,olivia.jones@example.com,69,Austin,TX,2024-01-25
CUST00598,Ava Williams,ava.williams@example.com,42,Fort Worth,TX,2024-07-21
CUST00599,Amelia Smith,amelia.smith@example.com,71,Denton,TX,2023-09-16
CUST00600,Sophia Jackson,sophia.jackson@example.com,20,Houston,TX,2024-03-01
CUST00601,Harper Smith,harper.smith@example.com,23,Houston,TX,2025-10-26
CUST00602,Olivia Thomas,olivia.thomas@example.com,23,Arlington,TX,2023-01-06
CUST00603,Ethan Jackson,ethan.jackson@example.com,70,Arlington,TX,2023-07-10
CUST00604,Amelia Moore,amelia.moore@example.com,19,Denton,TX,2023-05-28
CUST00605,Sophia Miller,sophia.miller@example.com,35,Denton,TX,2024-02-09
CUST00606,Emma Smith,emma.smith@example.com,40,Dallas,TX,2023-09-15
CUST00607,James Smith,james.smith@example.com,19,Arlington,TX,2024-12-30
CUST00608,Lucas Williams,lucas.williams@example.com,29,Frisco,TX,2023-03-31
CUST00609,Emma Taylor,emma.taylor@example.com,39,Plano,TX,2025-04-03
CUST00610,Olivia Jackson,olivia.jackson@example.com,54,Houston,TX,2023-01-10
CUST00611,Ethan Brown,ethan.brown@example.com,37,Arlington,TX,2026-01-15
CUST00612,Mia Brown,mia.brown@example.com,56,Denton,TX,2025-04-17
CUST00613,Amelia Johnson,amelia.johnson@example.com,41,Dallas,TX,2026-03-20
CUST00614,Henry Smith,henry.smith@example.com,65,Denton,TX,2025-09-14
CUST00615,James Williams,james.williams@example.com,37,Denton,TX,2024-09-16
CUST00616,Olivia Anderson,olivia.anderson@example.com,18,Denton,TX,2023-01-30
CUST00617,Harper Brown,harper.brown@example.com,18,Fort Worth,TX,2023-05-08
CUST00618,Ava Williams,ava.williams@example.com,34,Plano,TX,2026-01-06
CUST00619,Henry Davis,henry.davis@example.com,18,Arlington,TX,2024-02-25
CUST00620,Henry Martin,henry.martin@example.com,70,Houston,TX,2025-12-14
CUST00621,Henry Taylor,henry.taylor@example.com,69,Fort Worth,TX,2023-11-01
CUST00622,Noah Smith,noah.smith@example.com,62,Denton,TX,2024-06-29
CUST00623,Olivia Martin,olivia.martin@example.com,47,Frisco,TX,2026-02-02
CUST00624,James Johnson,james.johnson@example.com,58,Houston,TX,2026-04-10
CUST00625,Lucas Moore,lucas.moore@example.com,64,Fort Worth,TX,2023-01-22
CUST00626,Lucas Miller,lucas.miller@example.com,20,Frisco,TX,2024-01-26
CUST00627,Olivia Brown,olivia.brown@example.com,63,Frisco,TX,2024-09-08
CUST00628,Sophia Davis,sophia.davis@example.com,72,Plano,TX,2023-05-29
CUST00629,Noah Anderson,noah.anderson@example.com,28,Houston,TX,2023-10-26
CUST00630,Ava Moore,ava.moore@example.com,41,Arlington,TX,2023-06-21
CUST00631,Henry Williams,henry.williams@example.com,39,Arlington,TX,2023-02-16
CUST00632,Henry Garcia,henry.garcia@example.com,61,Dallas,TX,2024-09-17
CUST00633,Olivia Wilson,olivia.wilson@example.com,62,Fort Worth,TX,2023-07-26
CUST00634,Sophia Smith,sophia.smith@example.com,43,Dallas,TX,2024-03-28
CUST00635,Lucas Smith,lucas.smith@example.com,30,Austin,TX,2025-07-13
CUST00636,Lucas Davis,lucas.davis@example.com,18,Arlington,TX,2025-01-23
CUST00637,Ethan Williams,ethan.williams@example.com,41,Fort Worth,TX,2024-12-08
CUST00638,Olivia Jones,olivia.jones@example.com,27,Plano,TX,2025-10-05
CUST00639,Noah Smith,noah.smith@example.com,52,Dallas,TX,2024-11-06
CUST00640,Liam Jones,liam.jones@example.com,41,Plano,TX,2026-04-14
CUST00641,Noah Anderson,noah.anderson@example.com,45,Plano,TX,2025-05-04
CUST00642,Harper Garcia,harper.garcia@example.com,53,Denton,TX,2025-02-21
CUST00643,Lucas Davis,lucas.davis@example.com,33,Denton,TX,2026-02-07
CUST00644,Lucas Moore,lucas.moore@example.com,57,Plano,TX,2024-11-14
CUST00645,Emma Martin,emma.martin@example.com,33,Dallas,TX,2025-08-20
CUST00646,Lucas Williams,lucas.williams@example.com,34,Denton,TX,2025-05-13
CUST00647,Ava Williams,ava.williams@example.com,68,Austin,TX,2026-05-10
CUST00648,Mason Thomas,mason.thomas@example.com,71,Frisco,TX,2023-06-17
CUST00649,Olivia Anderson,olivia.anderson@example.com,32,Frisco,TX,2023-03-27
CUST00650,Amelia Anderson,amelia.anderson@example.com,33,Denton,TX,2025-04-28
CUST00651,Noah Taylor,noah.taylor@example.com,32,Dallas,TX,2025-12-10
CUST00652,Mason Wilson,mason.wilson@example.com,74,Frisco,TX,2026-02-09
CUST00653,Sophia Brown,sophia.brown@example.com,51,Houston,TX,2024-03-17
CUST00654,Liam Jackson,liam.jackson@example.com,28,Frisco,TX,2023-09-28
CUST00655,Ava Brown,ava.brown@example.com,18,Arlington,TX,2023-12-10
CUST00656,James Thomas,james.thomas@example.com,32,Dallas,TX,2026-04-21
CUST00657,Isabella Miller,isabella.miller@example.com,43,Denton,TX,2024-05-17
CUST00658,Noah Johnson,noah.johnson@example.com,68,Denton,TX,2025-10-30
CUST00659,Mason Davis,mason.davis@example.com,21,Frisco,TX,2024-05-08
CUST00660,James Garcia,james.garcia@example.com,60,Dallas,TX,2026-06-11
CUST00661,Liam Williams,liam.williams@example.com,22,Austin,TX,2023-09-01
CUST00662,Emma Wilson,emma.wilson@example.com,52,Houston,TX,2023-09-24
CUST00663,James Jones,james.jones@example.com,30,Denton,TX,2025-06-11
CUST00664,Ava Davis,ava.davis@example.com,27,Dallas,TX,2023-07-20
CUST00665,Ava Miller,ava.miller@example.com,28,Denton,TX,2023-08-27
CUST00666,Amelia Martin,amelia.martin@example.com,35,Denton,TX,2025-07-03
CUST00667,Emma Davis,emma.davis@example.com,51,Arlington,TX,2025-08-26
CUST00668,Isabella Miller,isabella.miller@example.com,56,Frisco,TX,2024-04-28
CUST00669,Olivia Williams,olivia.williams@example.com,58,Arlington,TX,2023-09-03
CUST00670,James Johnson,james.johnson@example.com,59,Frisco,TX,2025-10-28
CUST00671,Emma Miller,emma.miller@example.com,67,Denton,TX,2023-06-01
CUST00672,Ava Williams,ava.williams@example.com,40,Dallas,TX,2023-07-30
CUST00673,Ava Williams,ava.williams@example.com,24,Plano,TX,2024-01-02
CUST00674,Mason Johnson,mason.johnson@example.com,56,Frisco,TX,2025-08-01
CUST00675,Lucas Brown,lucas.brown@example.com,20,Plano,TX,2023-03-27
CUST00676,Isabella Davis,isabella.davis@example.com,29,Houston,TX,2025-12-14
CUST00677,James Thomas,james.thomas@example.com,24,Arlington,TX,2024-03-21
CUST00678,Amelia Smith,amelia.smith@example.com,66,Plano,TX,2024-09-11
CUST00679,Amelia Smith,amelia.smith@example.com,43,Arlington,TX,2023-10-31
CUST00680,James Thomas,james.thomas@example.com,50,Frisco,TX,2023-05-12
CUST00681,Harper Martin,harper.martin@example.com,54,Frisco,TX,2025-06-22
CUST00682,Henry Jones,henry.jones@example.com,65,Houston,TX,2025-09-14
CUST00683,Liam Anderson,liam.anderson@example.com,32,Frisco,TX,2026-05-06
CUST00684,Amelia Jones,amelia.jones@example.com,19,Denton,TX,2023-02-16
CUST00685,Emma Anderson,emma.anderson@example.com,58,Houston,TX,2025-01-26
CUST00686,Liam Thomas,liam.thomas@example.com,24,Plano,TX,2026-05-11
CUST00687,Emma Smith,emma.smith@example.com,49,Frisco,TX,2024-11-20
CUST00688,Sophia Garcia,sophia.garcia@example.com,21,Dallas,TX,2025-11-13
CUST00689,Ava Smith,ava.smith@example.com,37,Fort Worth,TX,2024-11-17
CUST00690,Lucas Jones,lucas.jones@example.com,67,Austin,TX,2025-02-24
CUST00691,Mason Wilson,mason.wilson@example.com,70,Denton,TX,2023-12-06
CUST00692,Amelia Thomas,amelia.thomas@example.com,53,Fort Worth,TX,2024-02-16
CUST00693,Lucas Martin,lucas.martin@example.com,49,Fort Worth,TX,2023-10-13
CUST00694,Lucas Jones,lucas.jones@example.com,45,Arlington,TX,2026-01-14
CUST00695,Lucas Garcia,lucas.garcia@example.com,30,Denton,TX,2025-04-29
CUST00696,Henry Davis,henry.davis@example.com,18,Denton,TX,2024-03-05
CUST00697,Liam Anderson,liam.anderson@example.com,73,Houston,TX,2023-01-31
CUST00698,Emma Smith,emma.smith@example.com,52,Arlington,TX,2024-08-25
CUST00699,Mia Martin,mia.martin@example.com,65,Plano,TX,2024-03-15
CUST00700,Sophia Johnson,sophia.johnson@example.com,47,Austin,TX,2025-09-11
CUST00701,Noah Wilson,noah.wilson@example.com,71,Plano,TX,2024-02-16
CUST00702,Lucas Williams,lucas.williams@example.com,53,Dallas,TX,2024-06-11
CUST00703,Olivia Garcia,olivia.garcia@example.com,74,Austin,TX,2023-11-06
CUST00704,Liam Jones,liam.jones@example.com,72,Arlington,TX,2025-08-06
CUST00705,Amelia Anderson,amelia.anderson@example.com,42,Frisco,TX,2024-11-04
CUST00706,Isabella Johnson,isabella.johnson@example.com,33,Frisco,TX,2024-03-12
CUST00707,Amelia Martin,amelia.martin@example.com,36,Arlington,TX,2024-12-04
CUST00708,Mason Jackson,mason.jackson@example.com,18,Plano,TX,2024-10-24
CUST00709,Noah Miller,noah.miller@example.com,22,Arlington,TX,2023-12-31
CUST00710,Mia Brown,mia.brown@example.com,68,Arlington,TX,2025-07-11
CUST00711,Olivia Smith,olivia.smith@example.com,39,Fort Worth,TX,2023-04-23
CUST00712,Amelia Moore,amelia.moore@example.com,41,Dallas,TX,2023-06-25
CUST00713,Mia Brown,mia.brown@example.com,60,Denton,TX,2026-03-18
CUST00714,Noah Garcia,noah.garcia@example.com,62,Frisco,TX,2026-04-16
CUST00715,Lucas Miller,lucas.miller@example.com,69,Fort Worth,TX,2025-07-24
CUST00716,Olivia Jackson,olivia.jackson@example.com,54,Arlington,TX,2024-01-17
CUST00717,Mia Miller,mia.miller@example.com,70,Houston,TX,2026-05-31
CUST00718,Mason Martin,mason.martin@example.com,53,Fort Worth,TX,2026-04-27
CUST00719,Emma Miller,emma.miller@example.com,53,Arlington,TX,2023-11-02
CUST00720,Ava Williams,ava.williams@example.com,21,Frisco,TX,2024-08-24
CUST00721,Emma Garcia,emma.garcia@example.com,53,Denton,TX,2023-12-09
CUST00722,Noah Moore,noah.moore@example.com,69,Arlington,TX,2023-06-05
CUST00723,Liam Davis,liam.davis@example.com,70,Dallas,TX,2024-12-12
CUST00724,Ava Brown,ava.brown@example.com,35,Plano,TX,2025-12-14
CUST00725,Sophia Moore,sophia.moore@example.com,67,Austin,TX,2026-05-08
CUST00726,Mason Davis,mason.davis@example.com,33,Fort Worth,TX,2024-02-07
CUST00727,Sophia Johnson,sophia.johnson@example.com,58,Fort Worth,TX,2024-09-05
CUST00728,Henry Jackson,henry.jackson@example.com,35,Fort Worth,TX,2025-03-07
CUST00729,Olivia Taylor,olivia.taylor@example.com,39,Arlington,TX,2024-09-14
CUST00730,James Wilson,james.wilson@example.com,19,Denton,TX,2024-08-25
CUST00731,Ava Wilson,ava.wilson@example.com,38,Dallas,TX,2023-06-26
CUST00732,Sophia Davis,sophia.davis@example.com,53,Denton,TX,2024-03-24
CUST00733,Amelia Taylor,amelia.taylor@example.com,61,Arlington,TX,2025-01-12
CUST00734,Sophia Martin,sophia.martin@example.com,56,Arlington,TX,2023-10-28
CUST00735,Mia Moore,mia.moore@example.com,64,Plano,TX,2024-12-07
CUST00736,Emma Taylor,emma.taylor@example.com,56,Houston,TX,2023-11-03
CUST00737,Mia Smith,mia.smith@example.com,46,Dallas,TX,2025-01-20
CUST00738,Henry Johnson,henry.johnson@example.com,71,Fort Worth,TX,2025-05-18
CUST00739,Ava Garcia,ava.garcia@example.com,43,Austin,TX,2023-08-02
CUST00740,Ava Taylor,ava.taylor@example.com,38,Fort Worth,TX,2024-04-27
CUST00741,Henry Jones,henry.jones@example.com,34,Denton,TX,2025-12-26
CUST00742,Noah Thomas,noah.thomas@example.com,33,Arlington,TX,2023-05-13
CUST00743,Mia Martin,mia.martin@example.com,48,Dallas,TX,2024-05-26
CUST00744,Ethan Wilson,ethan.wilson@example.com,68,Frisco,TX,2023-07-30
CUST00745,Amelia Jones,amelia.jones@example.com,26,Dallas,TX,2025-09-14
CUST00746,Isabella Johnson,isabella.johnson@example.com,48,Dallas,TX,2025-09-13
CUST00747,Emma Taylor,emma.taylor@example.com,31,Houston,TX,2024-12-17
CUST00748,Ava Brown,ava.brown@example.com,66,Fort Worth,TX,2023-09-10
CUST00749,Noah Wilson,noah.wilson@example.com,54,Houston,TX,2023-02-07
CUST00750,James Smith,james.smith@example.com,19,Frisco,TX,2025-12-02
CUST00751,Amelia Anderson,amelia.anderson@example.com,69,Frisco,TX,2024-09-20
CUST00752,Mia Smith,mia.smith@example.com,65,Plano,TX,2025-09-13
CUST00753,Emma Thomas,emma.thomas@example.com,63,Denton,TX,2023-02-15
CUST00754,James Miller,james.miller@example.com,31,Austin,TX,2023-11-01
CUST00755,Mia Anderson,mia.anderson@example.com,50,Plano,TX,2023-08-21
CUST00756,Sophia Williams,sophia.williams@example.com,52,Arlington,TX,2023-09-02
CUST00757,James Taylor,james.taylor@example.com,56,Houston,TX,2025-01-29
CUST00758,Henry Johnson,henry.johnson@example.com,64,Houston,TX,2025-04-18
CUST00759,Harper Wilson,harper.wilson@example.com,68,Plano,TX,2023-06-07
CUST00760,Noah Williams,noah.williams@example.com,37,Arlington,TX,2025-10-21
CUST00761,Emma Johnson,emma.johnson@example.com,19,Dallas,TX,2023-08-05
CUST00762,Lucas Thomas,lucas.thomas@example.com,68,Arlington,TX,2025-07-16
CUST00763,Harper Davis,harper.davis@example.com,58,Fort Worth,TX,2024-05-21
CUST00764,Olivia Taylor,olivia.taylor@example.com,36,Plano,TX,2025-01-30
CUST00765,Olivia Garcia,olivia.garcia@example.com,54,Denton,TX,2025-06-22
CUST00766,Emma Garcia,emma.garcia@example.com,35,Arlington,TX,2024-08-03
CUST00767,James Taylor,james.taylor@example.com,33,Dallas,TX,2025-11-19
CUST00768,Mia Anderson,mia.anderson@example.com,21,Arlington,TX,2024-09-18
CUST00769,Noah Miller,noah.miller@example.com,29,Houston,TX,2024-06-03
CUST00770,Isabella Miller,isabella.miller@example.com,46,Austin,TX,2023-10-02
CUST00771,Olivia Anderson,olivia.anderson@example.com,24,Houston,TX,2024-05-06
CUST00772,Noah Moore,noah.moore@example.com,31,Denton,TX,2025-04-06
CUST00773,Olivia Jackson,olivia.jackson@example.com,72,Frisco,TX,2025-08-08
CUST00774,Sophia Garcia,sophia.garcia@example.com,29,Austin,TX,2025-07-14
CUST00775,Mia Brown,mia.brown@example.com,52,Frisco,TX,2025-04-26
CUST00776,Sophia Anderson,sophia.anderson@example.com,22,Arlington,TX,2025-11-25
CUST00777,Amelia Wilson,amelia.wilson@example.com,34,Fort Worth,TX,2025-12-03
CUST00778,Olivia Garcia,olivia.garcia@example.com,59,Denton,TX,2026-03-24
CUST00779,Lucas Brown,lucas.brown@example.com,49,Arlington,TX,2026-01-05
CUST00780,Lucas Thomas,lucas.thomas@example.com,27,Dallas,TX,2023-02-08
CUST00781,Sophia Williams,sophia.williams@example.com,60,Arlington,TX,2023-08-27
CUST00782,Henry Brown,henry.brown@example.com,34,Austin,TX,2025-11-02
CUST00783,Harper Williams,harper.williams@example.com,22,Houston,TX,2023-05-02
CUST00784,Lucas Jackson,lucas.jackson@example.com,62,Fort Worth,TX,2023-05-24
CUST00785,Olivia Johnson,olivia.johnson@example.com,59,Frisco,TX,2024-11-14
CUST00786,Emma Martin,emma.martin@example.com,26,Arlington,TX,2024-03-30
CUST00787,Sophia Jones,sophia.jones@example.com,66,Arlington,TX,2024-01-03
CUST00788,Amelia Johnson,amelia.johnson@example.com,50,Houston,TX,2025-01-28
CUST00789,Isabella Garcia,isabella.garcia@example.com,53,Fort Worth,TX,2023-09-04
CUST00790,Isabella Williams,isabella.williams@example.com,53,Plano,TX,2025-07-11
CUST00791,Liam Garcia,liam.garcia@example.com,35,Frisco,TX,2025-12-04
CUST00792,Harper Jackson,harper.jackson@example.com,26,Arlington,TX,2025-02-03
CUST00793,James Anderson,james.anderson@example.com,74,Arlington,TX,2024-01-10
CUST00794,Mia Taylor,mia.taylor@example.com,46,Plano,TX,2023-07-26
CUST00795,Lucas Wilson,lucas.wilson@example.com,67,Frisco,TX,2024-06-02
CUST00796,Lucas Smith,lucas.smith@example.com,31,Austin,TX,2023-08-30
CUST00797,James Garcia,james.garcia@example.com,42,Austin,TX,2026-02-11
CUST00798,Ava Wilson,ava.wilson@example.com,32,Denton,TX,2025-03-29
CUST00799,Amelia Anderson,amelia.anderson@example.com,23,Denton,TX,2023-10-29
CUST00800,Ethan Brown,ethan.brown@example.com,73,Dallas,TX,2026-01-24
CUST00801,Sophia Anderson,sophia.anderson@example.com,59,Houston,TX,2024-12-01
CUST00802,Henry Thomas,henry.thomas@example.com,46,Fort Worth,TX,2023-10-15
CUST00803,Amelia Johnson,amelia.johnson@example.com,32,Arlington,TX,2023-06-03
CUST00804,Mason Moore,mason.moore@example.com,46,Frisco,TX,2024-02-27
CUST00805,Lucas Brown,lucas.brown@example.com,21,Arlington,TX,2025-04-29
CUST00806,Mia Smith,mia.smith@example.com,35,Denton,TX,2023-02-19
CUST00807,Liam Williams,liam.williams@example.com,67,Dallas,TX,2026-05-15
CUST00808,Isabella Taylor,isabella.taylor@example.com,74,Frisco,TX,2024-07-17
CUST00809,Lucas Wilson,lucas.wilson@example.com,66,Frisco,TX,2025-05-03
CUST00810,Liam Taylor,liam.taylor@example.com,61,Arlington,TX,2025-06-01
CUST00811,Olivia Jones,olivia.jones@example.com,56,Houston,TX,2024-10-23
CUST00812,Amelia Jackson,amelia.jackson@example.com,33,Dallas,TX,2024-07-18
CUST00813,Olivia Anderson,olivia.anderson@example.com,28,Houston,TX,2023-08-01
CUST00814,Ethan Garcia,ethan.garcia@example.com,31,Dallas,TX,2025-12-25
CUST00815,Emma Williams,emma.williams@example.com,20,Arlington,TX,2026-06-09
CUST00816,Mason Jones,mason.jones@example.com,68,Dallas,TX,2025-03-21
CUST00817,Amelia Anderson,amelia.anderson@example.com,67,Austin,TX,2025-04-29
CUST00818,Ava Davis,ava.davis@example.com,59,Frisco,TX,2026-03-06
CUST00819,Ethan Garcia,ethan.garcia@example.com,55,Fort Worth,TX,2025-05-30
CUST00820,Noah Brown,noah.brown@example.com,62,Arlington,TX,2025-12-24
CUST00821,Ava Johnson,ava.johnson@example.com,59,Plano,TX,2026-03-01
CUST00822,Harper Martin,harper.martin@example.com,35,Fort Worth,TX,2023-11-30
CUST00823,Sophia Wilson,sophia.wilson@example.com,37,Arlington,TX,2023-02-01
CUST00824,Mia Moore,mia.moore@example.com,65,Fort Worth,TX,2025-05-17
CUST00825,Amelia Thomas,amelia.thomas@example.com,42,Austin,TX,2025-06-16
CUST00826,Noah Smith,noah.smith@example.com,74,Fort Worth,TX,2026-06-20
CUST00827,Noah Smith,noah.smith@example.com,55,Dallas,TX,2026-04-30
CUST00828,Ethan Moore,ethan.moore@example.com,30,Denton,TX,2026-03-11
CUST00829,James Brown,james.brown@example.com,21,Fort Worth,TX,2024-08-23
CUST00830,Harper Miller,harper.miller@example.com,72,Arlington,TX,2025-09-14
CUST00831,Emma Smith,emma.smith@example.com,31,Plano,TX,2026-04-29
CUST00832,Amelia Wilson,amelia.wilson@example.com,50,Plano,TX,2026-03-18
CUST00833,James Brown,james.brown@example.com,45,Denton,TX,2024-08-21
CUST00834,Ethan Williams,ethan.williams@example.com,69,Houston,TX,2024-06-03
CUST00835,Sophia Smith,sophia.smith@example.com,54,Denton,TX,2025-05-18
CUST00836,Isabella Taylor,isabella.taylor@example.com,25,Frisco,TX,2023-01-16
CUST00837,Lucas Brown,lucas.brown@example.com,61,Fort Worth,TX,2026-02-03
CUST00838,Lucas Wilson,lucas.wilson@example.com,51,Plano,TX,2023-10-10
CUST00839,Emma Moore,emma.moore@example.com,61,Denton,TX,2026-02-01
CUST00840,Sophia Martin,sophia.martin@example.com,22,Fort Worth,TX,2023-12-27
CUST00841,Henry Taylor,henry.taylor@example.com,71,Frisco,TX,2025-11-24
CUST00842,Emma Garcia,emma.garcia@example.com,22,Plano,TX,2023-04-23
CUST00843,Amelia Garcia,amelia.garcia@example.com,48,Frisco,TX,2023-11-04
CUST00844,Amelia Smith,amelia.smith@example.com,62,Fort Worth,TX,2025-08-16
CUST00845,Liam Taylor,liam.taylor@example.com,26,Arlington,TX,2025-12-12
CUST00846,James Johnson,james.johnson@example.com,59,Fort Worth,TX,2026-01-09
CUST00847,Henry Anderson,henry.anderson@example.com,49,Denton,TX,2025-04-13
CUST00848,Lucas Garcia,lucas.garcia@example.com,50,Frisco,TX,2023-08-30
CUST00849,Noah Johnson,noah.johnson@example.com,20,Arlington,TX,2023-01-31
CUST00850,James Williams,james.williams@example.com,47,Arlington,TX,2024-12-04
CUST00851,Mason Brown,mason.brown@example.com,67,Houston,TX,2025-05-18
CUST00852,Amelia Anderson,amelia.anderson@example.com,29,Plano,TX,2023-08-21
CUST00853,Harper Jones,harper.jones@example.com,46,Dallas,TX,2025-11-23
CUST00854,Mia Jackson,mia.jackson@example.com,20,Arlington,TX,2026-06-20
CUST00855,Sophia Wilson,sophia.wilson@example.com,43,Frisco,TX,2025-08-08
CUST00856,Ava Thomas,ava.thomas@example.com,74,Plano,TX,2023-02-28
CUST00857,Emma Jackson,emma.jackson@example.com,47,Austin,TX,2025-02-09
CUST00858,Amelia Jackson,amelia.jackson@example.com,26,Fort Worth,TX,2026-01-06
CUST00859,James Brown,james.brown@example.com,43,Denton,TX,2024-12-18
CUST00860,Henry Moore,henry.moore@example.com,19,Frisco,TX,2023-10-29
CUST00861,Mia Anderson,mia.anderson@example.com,20,Austin,TX,2025-03-13
CUST00862,Harper Wilson,harper.wilson@example.com,63,Frisco,TX,2025-06-15
CUST00863,James Anderson,james.anderson@example.com,21,Fort Worth,TX,2023-04-22
CUST00864,Ava Taylor,ava.taylor@example.com,42,Houston,TX,2023-11-13
CUST00865,Mia Williams,mia.williams@example.com,68,Frisco,TX,2026-03-14
CUST00866,Mason Davis,mason.davis@example.com,30,Arlington,TX,2024-10-29
CUST00867,Ava Thomas,ava.thomas@example.com,56,Dallas,TX,2024-11-20
CUST00868,Ethan Smith,ethan.smith@example.com,61,Arlington,TX,2023-01-18
CUST00869,Olivia Anderson,olivia.anderson@example.com,52,Fort Worth,TX,2026-03-24
CUST00870,Ethan Wilson,ethan.wilson@example.com,72,Frisco,TX,2025-02-16
CUST00871,Lucas Wilson,lucas.wilson@example.com,40,Dallas,TX,2023-12-26
CUST00872,James Taylor,james.taylor@example.com,26,Arlington,TX,2023-11-28
CUST00873,Amelia Johnson,amelia.johnson@example.com,19,Dallas,TX,2024-06-11
CUST00874,Amelia Brown,amelia.brown@example.com,71,Denton,TX,2023-01-12
CUST00875,Amelia Moore,amelia.moore@example.com,58,Fort Worth,TX,2026-01-03
CUST00876,Harper Davis,harper.davis@example.com,61,Houston,TX,2023-07-31
CUST00877,Olivia Miller,olivia.miller@example.com,48,Houston,TX,2024-10-02
CUST00878,Ethan Smith,ethan.smith@example.com,61,Frisco,TX,2023-10-10
CUST00879,Olivia Jones,olivia.jones@example.com,64,Arlington,TX,2026-05-03
CUST00880,Isabella Miller,isabella.miller@example.com,19,Austin,TX,2025-02-18
CUST00881,James Jackson,james.jackson@example.com,49,Fort Worth,TX,2025-11-19
CUST00882,Olivia Brown,olivia.brown@example.com,35,Arlington,TX,2025-10-29
CUST00883,Noah Jackson,noah.jackson@example.com,30,Arlington,TX,2024-11-07
CUST00884,Emma Jackson,emma.jackson@example.com,63,Houston,TX,2024-12-05
CUST00885,Emma Smith,emma.smith@example.com,22,Frisco,TX,2024-03-01
CUST00886,Noah Wilson,noah.wilson@example.com,59,Dallas,TX,2024-08-13
CUST00887,Mia Martin,mia.martin@example.com,61,Fort Worth,TX,2023-04-01
CUST00888,Liam Jones,liam.jones@example.com,27,Denton,TX,2024-03-31
CUST00889,Harper Anderson,harper.anderson@example.com,73,Dallas,TX,2024-03-19
CUST00890,Mia Johnson,mia.johnson@example.com,60,Plano,TX,2023-03-20
CUST00891,Ava Davis,ava.davis@example.com,42,Plano,TX,2025-07-15
CUST00892,Henry Anderson,henry.anderson@example.com,51,Fort Worth,TX,2023-04-13
CUST00893,Harper Moore,harper.moore@example.com,54,Frisco,TX,2024-09-14
CUST00894,Harper Johnson,harper.johnson@example.com,47,Austin,TX,2025-09-16
CUST00895,Ava Williams,ava.williams@example.com,24,Plano,TX,2026-06-24
CUST00896,Olivia Martin,olivia.martin@example.com,23,Houston,TX,2023-08-22
CUST00897,Ethan Taylor,ethan.taylor@example.com,71,Austin,TX,2024-10-05
CUST00898,Ethan Smith,ethan.smith@example.com,72,Arlington,TX,2026-06-12
CUST00899,Emma Anderson,emma.anderson@example.com,20,Plano,TX,2025-02-28
CUST00900,Sophia Johnson,sophia.johnson@example.com,30,Houston,TX,2024-01-22
CUST00901,Mia Martin,mia.martin@example.com,20,Arlington,TX,2025-04-26
CUST00902,Isabella Miller,isabella.miller@example.com,43,Austin,TX,2023-02-07
CUST00903,James Taylor,james.taylor@example.com,74,Fort Worth,TX,2026-03-30
CUST00904,Lucas Johnson,lucas.johnson@example.com,41,Arlington,TX,2026-02-14
CUST00905,Mason Garcia,mason.garcia@example.com,70,Dallas,TX,2023-08-29
CUST00906,Ethan Jackson,ethan.jackson@example.com,23,Fort Worth,TX,2025-11-15
CUST00907,James Williams,james.williams@example.com,60,Fort Worth,TX,2024-07-15
CUST00908,Mason Brown,mason.brown@example.com,66,Austin,TX,2025-03-16
CUST00909,James Anderson,james.anderson@example.com,59,Austin,TX,2023-10-25
CUST00910,Olivia Jackson,olivia.jackson@example.com,29,Houston,TX,2025-03-15
CUST00911,Mason Moore,mason.moore@example.com,66,Houston,TX,2023-06-03
CUST00912,Lucas Davis,lucas.davis@example.com,53,Dallas,TX,2025-01-01
CUST00913,James Martin,james.martin@example.com,19,Fort Worth,TX,2024-04-12
CUST00914,Noah Williams,noah.williams@example.com,28,Denton,TX,2023-02-18
CUST00915,Lucas Taylor,lucas.taylor@example.com,56,Frisco,TX,2023-02-15
CUST00916,Mason Garcia,mason.garcia@example.com,51,Dallas,TX,2025-02-18
CUST00917,Lucas Smith,lucas.smith@example.com,43,Dallas,TX,2023-03-23
CUST00918,James Miller,james.miller@example.com,35,Frisco,TX,2025-12-03
CUST00919,Liam Davis,liam.davis@example.com,38,Frisco,TX,2025-08-12
CUST00920,James Anderson,james.anderson@example.com,53,Frisco,TX,2023-09-30
CUST00921,James Martin,james.martin@example.com,57,Austin,TX,2024-01-29
CUST00922,Olivia Davis,olivia.davis@example.com,69,Dallas,TX,2025-02-28
CUST00923,Mia Williams,mia.williams@example.com,63,Dallas,TX,2024-08-17
CUST00924,Noah Martin,noah.martin@example.com,61,Arlington,TX,2023-02-27
CUST00925,Isabella Taylor,isabella.taylor@example.com,39,Frisco,TX,2024-07-18
CUST00926,Ethan Smith,ethan.smith@example.com,70,Frisco,TX,2023-01-01
CUST00927,Harper Wilson,harper.wilson@example.com,47,Houston,TX,2023-08-04
CUST00928,Ava Moore,ava.moore@example.com,67,Houston,TX,2026-06-05
CUST00929,Mia Garcia,mia.garcia@example.com,60,Fort Worth,TX,2025-02-04
CUST00930,Ava Anderson,ava.anderson@example.com,47,Houston,TX,2024-11-01
CUST00931,Olivia Wilson,olivia.wilson@example.com,25,Plano,TX,2024-05-25
CUST00932,Noah Miller,noah.miller@example.com,51,Fort Worth,TX,2025-07-03
CUST00933,Amelia Smith,amelia.smith@example.com,74,Denton,TX,2023-04-05
CUST00934,James Thomas,james.thomas@example.com,64,Frisco,TX,2024-05-07
CUST00935,Amelia Thomas,amelia.thomas@example.com,26,Arlington,TX,2025-02-03
CUST00936,Amelia Smith,amelia.smith@example.com,68,Houston,TX,2025-10-18
CUST00937,Henry Garcia,henry.garcia@example.com,37,Arlington,TX,2023-05-30
CUST00938,Emma Jones,emma.jones@example.com,57,Houston,TX,2025-11-12
CUST00939,Amelia Wilson,amelia.wilson@example.com,42,Houston,TX,2025-01-25
CUST00940,Ethan Johnson,ethan.johnson@example.com,36,Arlington,TX,2026-05-23
CUST00941,Liam Davis,liam.davis@example.com,22,Dallas,TX,2024-02-03
CUST00942,Emma Anderson,emma.anderson@example.com,28,Dallas,TX,2024-02-14
CUST00943,Olivia Jones,olivia.jones@example.com,32,Dallas,TX,2023-05-11
CUST00944,Harper Johnson,harper.johnson@example.com,25,Plano,TX,2025-05-04
CUST00945,Mia Moore,mia.moore@example.com,36,Dallas,TX,2023-05-28
CUST00946,Liam Taylor,liam.taylor@example.com,40,Houston,TX,2024-01-16
CUST00947,Lucas Anderson,lucas.anderson@example.com,44,Frisco,TX,2026-02-06
CUST00948,Mason Anderson,mason.anderson@example.com,57,Austin,TX,2024-07-05
CUST00949,Henry Thomas,henry.thomas@example.com,49,Arlington,TX,2026-02-18
CUST00950,Liam Garcia,liam.garcia@example.com,43,Frisco,TX,2023-10-22
CUST00951,Isabella Taylor,isabella.taylor@example.com,44,Austin,TX,2026-02-17
CUST00952,Amelia Davis,amelia.davis@example.com,36,Frisco,TX,2024-03-31
CUST00953,Olivia Brown,olivia.brown@example.com,67,Plano,TX,2023-06-18
CUST00954,Sophia Johnson,sophia.johnson@example.com,59,Austin,TX,2024-12-10
CUST00955,Mason Thomas,mason.thomas@example.com,46,Denton,TX,2026-03-12
CUST00956,Ava Anderson,ava.anderson@example.com,56,Fort Worth,TX,2023-02-06
CUST00957,Ethan Jones,ethan.jones@example.com,58,Dallas,TX,2023-08-19
CUST00958,Ava Jackson,ava.jackson@example.com,50,Denton,TX,2023-09-11
CUST00959,Liam Thomas,liam.thomas@example.com,36,Plano,TX,2023-11-25
CUST00960,Harper Johnson,harper.johnson@example.com,54,Frisco,TX,2025-09-06
CUST00961,Ava Johnson,ava.johnson@example.com,36,Houston,TX,2023-01-10
CUST00962,Isabella Jackson,isabella.jackson@example.com,50,Dallas,TX,2024-03-21
CUST00963,Olivia Garcia,olivia.garcia@example.com,64,Denton,TX,2025-07-10
CUST00964,Lucas Anderson,lucas.anderson@example.com,33,Dallas,TX,2025-04-15
CUST00965,Harper Taylor,harper.taylor@example.com,40,Austin,TX,2026-06-07
CUST00966,Mia Wilson,mia.wilson@example.com,24,Fort Worth,TX,2023-03-19
CUST00967,Ethan Moore,ethan.moore@example.com,43,Dallas,TX,2023-07-12
CUST00968,Isabella Brown,isabella.brown@example.com,49,Frisco,TX,2024-02-05
CUST00969,Isabella Garcia,isabella.garcia@example.com,29,Frisco,TX,2023-04-19
CUST00970,Ava Miller,ava.miller@example.com,25,Arlington,TX,2025-03-02
CUST00971,Amelia Moore,amelia.moore@example.com,22,Arlington,TX,2023-09-20
CUST00972,Ava Anderson,ava.anderson@example.com,59,Dallas,TX,2023-11-25
CUST00973,Liam Garcia,liam.garcia@example.com,45,Austin,TX,2023-12-29
CUST00974,Mia Davis,mia.davis@example.com,70,Austin,TX,2023-09-16
CUST00975,Emma Brown,emma.brown@example.com,22,Houston,TX,2023-03-26
CUST00976,Harper Thomas,harper.thomas@example.com,66,Plano,TX,2023-11-04
CUST00977,Ava Jackson,ava.jackson@example.com,43,Plano,TX,2023-09-19
CUST00978,Olivia Smith,olivia.smith@example.com,22,Denton,TX,2025-03-07
CUST00979,Sophia Miller,sophia.miller@example.com,39,Plano,TX,2024-09-22
CUST00980,Ethan Williams,ethan.williams@example.com,32,Fort Worth,TX,2024-11-10
CUST00981,James Martin,james.martin@example.com,30,Austin,TX,2025-05-14
CUST00982,Ava Garcia,ava.garcia@example.com,45,Houston,TX,2026-06-28
CUST00983,Olivia Johnson,olivia.johnson@example.com,50,Arlington,TX,2023-11-20
CUST00984,Harper Wilson,harper.wilson@example.com,60,Frisco,TX,2025-07-13
CUST00985,Olivia Smith,olivia.smith@example.com,40,Plano,TX,2026-06-06
CUST00986,Ethan Garcia,ethan.garcia@example.com,50,Arlington,TX,2024-12-27
CUST00987,Emma Garcia,emma.garcia@example.com,60,Arlington,TX,2026-06-14
CUST00988,Olivia Jones,olivia.jones@example.com,35,Dallas,TX,2025-09-04
CUST00989,Sophia Moore,sophia.moore@example.com,67,Fort Worth,TX,2023-08-05
CUST00990,Olivia Jones,olivia.jones@example.com,70,Houston,TX,2026-06-23
CUST00991,Olivia Smith,olivia.smith@example.com,47,Fort Worth,TX,2024-03-23
CUST00992,Olivia Taylor,olivia.taylor@example.com,43,Dallas,TX,2023-11-15
CUST00993,Lucas Thomas,lucas.thomas@example.com,33,Houston,TX,2025-09-20
CUST00994,Lucas Jones,lucas.jones@example.com,30,Houston,TX,2023-02-06
CUST00995,Emma Johnson,emma.johnson@example.com,56,Austin,TX,2024-12-31
CUST00996,Ava Miller,ava.miller@example.com,50,Fort Worth,TX,2025-10-07
CUST00997,Olivia Williams,olivia.williams@example.com,43,Fort Worth,TX,2025-11-23
CUST00998,Henry Moore,henry.moore@example.com,65,Austin,TX,2023-02-08
CUST00999,Mia Jackson,mia.jackson@example.com,18,Denton,TX,2023-07-28
CUST01000,Henry Brown,henry.brown@example.com,66,Arlington,TX,2025-04-09
CUST01001,Ava Williams,ava.williams@example.com,55,Dallas,TX,2025-05-05
CUST01002,Emma Williams,emma.williams@example.com,19,Fort Worth,TX,2026-03-21
CUST01003,Amelia Brown,amelia.brown@example.com,66,Austin,TX,2025-06-17
CUST01004,Amelia Jones,amelia.jones@example.com,23,Frisco,TX,2026-05-07
CUST01005,Noah Smith,noah.smith@example.com,63,Denton,TX,2024-08-23
CUST01006,Henry Brown,henry.brown@example.com,67,Houston,TX,2025-01-29
CUST01007,Ava Thomas,ava.thomas@example.com,55,Plano,TX,2026-01-07
CUST01008,Ava Thomas,ava.thomas@example.com,59,Frisco,TX,2024-03-09
CUST01009,Mason Anderson,mason.anderson@example.com,41,Austin,TX,2025-04-21
CUST01010,Liam Davis,liam.davis@example.com,35,Plano,TX,2023-02-01
CUST01011,James Taylor,james.taylor@example.com,44,Arlington,TX,2026-01-15
CUST01012,Harper Miller,harper.miller@example.com,58,Dallas,TX,2024-01-28
CUST01013,Mason Wilson,mason.wilson@example.com,25,Plano,TX,2026-06-21
CUST01014,Sophia Jones,sophia.jones@example.com,45,Denton,TX,2026-06-09
CUST01015,Lucas Moore,lucas.moore@example.com,27,Arlington,TX,2025-06-28
CUST01016,Lucas Jackson,lucas.jackson@example.com,34,Plano,TX,2023-07-11
CUST01017,Liam Taylor,liam.taylor@example.com,72,Houston,TX,2023-09-27
CUST01018,Ethan Brown,ethan.brown@example.com,46,Houston,TX,2025-01-07
CUST01019,Ethan Davis,ethan.davis@example.com,23,Denton,TX,2023-03-18
CUST01020,Emma Wilson,emma.wilson@example.com,31,Houston,TX,2025-01-04
CUST01021,Isabella Moore,isabella.moore@example.com,39,Houston,TX,2025-06-02
CUST01022,Liam Miller,liam.miller@example.com,71,Austin,TX,2026-04-05
CUST01023,James Martin,james.martin@example.com,23,Houston,TX,2023-10-11
CUST01024,Ava Miller,ava.miller@example.com,43,Frisco,TX,2026-01-17
CUST01025,Ethan Jones,ethan.jones@example.com,56,Houston,TX,2024-06-27
CUST01026,James Brown,james.brown@example.com,29,Frisco,TX,2024-10-10
CUST01027,Olivia Martin,olivia.martin@example.com,52,Austin,TX,2026-03-25
CUST01028,Henry Taylor,henry.taylor@example.com,31,Houston,TX,2023-09-07
CUST01029,Henry Smith,henry.smith@example.com,39,Denton,TX,2023-04-05
CUST01030,Isabella Taylor,isabella.taylor@example.com,68,Arlington,TX,2023-01-17
CUST01031,Mia Taylor,mia.taylor@example.com,40,Denton,TX,2023-04-27
CUST01032,Ava Miller,ava.miller@example.com,65,Arlington,TX,2025-09-09
CUST01033,Harper Smith,harper.smith@example.com,24,Fort Worth,TX,2023-11-29
CUST01034,Harper Smith,harper.smith@example.com,57,Arlington,TX,2026-01-08
CUST01035,Sophia Jones,sophia.jones@example.com,67,Dallas,TX,2024-10-07
CUST01036,Harper Moore,harper.moore@example.com,42,Dallas,TX,2026-05-11
CUST01037,Olivia Wilson,olivia.wilson@example.com,30,Dallas,TX,2023-04-26
CUST01038,Olivia Garcia,olivia.garcia@example.com,38,Austin,TX,2025-08-20
CUST01039,Henry Williams,henry.williams@example.com,58,Denton,TX,2026-05-28
CUST01040,Liam Moore,liam.moore@example.com,27,Arlington,TX,2026-06-30
CUST01041,Isabella Williams,isabella.williams@example.com,70,Denton,TX,2026-04-07
CUST01042,Emma Miller,emma.miller@example.com,72,Frisco,TX,2025-04-26
CUST01043,Sophia Garcia,sophia.garcia@example.com,26,Dallas,TX,2023-11-12
CUST01044,Ethan Wilson,ethan.wilson@example.com,32,Fort Worth,TX,2025-03-20
CUST01045,James Garcia,james.garcia@example.com,69,Austin,TX,2024-01-07
CUST01046,Liam Jones,liam.jones@example.com,19,Fort Worth,TX,2025-01-29
CUST01047,Ethan Taylor,ethan.taylor@example.com,42,Arlington,TX,2025-05-26
CUST01048,Liam Miller,liam.miller@example.com,30,Houston,TX,2025-09-03
CUST01049,Liam Smith,liam.smith@example.com,51,Fort Worth,TX,2023-06-05
CUST01050,Liam Thomas,liam.thomas@example.com,68,Houston,TX,2024-09-05
CUST01051,Henry Miller,henry.miller@example.com,51,Austin,TX,2025-11-02
CUST01052,Harper Williams,harper.williams@example.com,52,Fort Worth,TX,2024-05-22
CUST01053,Isabella Martin,isabella.martin@example.com,55,Fort Worth,TX,2024-04-09
CUST01054,Emma Wilson,emma.wilson@example.com,20,Plano,TX,2025-02-21
CUST01055,Harper Jackson,harper.jackson@example.com,59,Austin,TX,2025-03-14
CUST01056,Liam Garcia,liam.garcia@example.com,73,Austin,TX,2023-08-08
CUST01057,Noah Wilson,noah.wilson@example.com,23,Dallas,TX,2023-01-15
CUST01058,Mia Moore,mia.moore@example.com,72,Arlington,TX,2023-04-27
CUST01059,Ethan Jackson,ethan.jackson@example.com,65,Fort Worth,TX,2023-11-27
CUST01060,Ava Jones,ava.jones@example.com,66,Denton,TX,2023-02-25
CUST01061,Mason Miller,mason.miller@example.com,36,Fort Worth,TX,2026-03-01
CUST01062,Harper Moore,harper.moore@example.com,20,Frisco,TX,2026-06-03
CUST01063,James Martin,james.martin@example.com,35,Austin,TX,2023-11-04
CUST01064,Henry Brown,henry.brown@example.com,56,Denton,TX,2023-08-10
CUST01065,Sophia Jackson,sophia.jackson@example.com,26,Austin,TX,2026-04-11
CUST01066,Lucas Miller,lucas.miller@example.com,69,Arlington,TX,2025-03-07
CUST01067,Emma Moore,emma.moore@example.com,29,Austin,TX,2026-03-26
CUST01068,Ava Smith,ava.smith@example.com,22,Houston,TX,2023-05-31
CUST01069,Olivia Miller,olivia.miller@example.com,20,Houston,TX,2026-04-16
CUST01070,Amelia Davis,amelia.davis@example.com,28,Plano,TX,2023-04-22
CUST01071,Noah Jones,noah.jones@example.com,74,Houston,TX,2024-11-13
CUST01072,Lucas Johnson,lucas.johnson@example.com,47,Houston,TX,2026-03-07
CUST01073,Mason Jones,mason.jones@example.com,21,Arlington,TX,2026-06-10
CUST01074,Ava Garcia,ava.garcia@example.com,22,Fort Worth,TX,2023-11-28
CUST01075,Lucas Thomas,lucas.thomas@example.com,18,Houston,TX,2025-06-11
CUST01076,Ava Johnson,ava.johnson@example.com,44,Denton,TX,2023-06-10
CUST01077,James Martin,james.martin@example.com,45,Plano,TX,2023-10-05
CUST01078,Noah Garcia,noah.garcia@example.com,46,Austin,TX,2025-06-15
CUST01079,Mason Garcia,mason.garcia@example.com,35,Houston,TX,2024-05-11
CUST01080,Olivia Smith,olivia.smith@example.com,29,Plano,TX,2024-10-16
CUST01081,Liam Martin,liam.martin@example.com,30,Arlington,TX,2025-11-25
CUST01082,Ethan Smith,ethan.smith@example.com,58,Frisco,TX,2023-10-30
CUST01083,Olivia Martin,olivia.martin@example.com,19,Frisco,TX,2024-03-13
CUST01084,Liam Anderson,liam.anderson@example.com,54,Frisco,TX,2024-12-26
CUST01085,Amelia Taylor,amelia.taylor@example.com,62,Austin,TX,2025-11-21
CUST01086,Henry Williams,henry.williams@example.com,33,Plano,TX,2023-07-05
CUST01087,Isabella Martin,isabella.martin@example.com,65,Houston,TX,2026-04-12
CUST01088,Isabella Taylor,isabella.taylor@example.com,41,Fort Worth,TX,2024-11-03
CUST01089,Isabella Taylor,isabella.taylor@example.com,52,Austin,TX,2026-06-27
CUST01090,Emma Jackson,emma.jackson@example.com,39,Austin,TX,2025-09-27
CUST01091,Harper Thomas,harper.thomas@example.com,53,Frisco,TX,2023-10-06
CUST01092,Mia Williams,mia.williams@example.com,28,Fort Worth,TX,2024-11-13
CUST01093,Sophia Brown,sophia.brown@example.com,72,Frisco,TX,2025-10-22
CUST01094,Sophia Johnson,sophia.johnson@example.com,63,Austin,TX,2026-05-02
CUST01095,Harper Wilson,harper.wilson@example.com,46,Houston,TX,2026-04-04
CUST01096,Isabella Taylor,isabella.taylor@example.com,52,Frisco,TX,2025-10-07
CUST01097,Ethan Thomas,ethan.thomas@example.com,65,Frisco,TX,2025-07-13
CUST01098,Mason Anderson,mason.anderson@example.com,71,Denton,TX,2026-02-07
CUST01099,Noah Martin,noah.martin@example.com,32,Frisco,TX,2024-01-15
CUST01100,Mason Miller,mason.miller@example.com,48,Austin,TX,2025-04-14
CUST01101,Noah Miller,noah.miller@example.com,59,Houston,TX,2025-09-25
CUST01102,Mason Jackson,mason.jackson@example.com,58,Fort Worth,TX,2023-10-12
CUST01103,Mia Garcia,mia.garcia@example.com,60,Dallas,TX,2024-02-25
CUST01104,Emma Jackson,emma.jackson@example.com,33,Fort Worth,TX,2023-04-23
CUST01105,Emma Williams,emma.williams@example.com,27,Houston,TX,2025-10-14
CUST01106,Isabella Garcia,isabella.garcia@example.com,66,Arlington,TX,2023-08-16
CUST01107,Amelia Jackson,amelia.jackson@example.com,49,Frisco,TX,2024-06-11
CUST01108,Liam Martin,liam.martin@example.com,68,Fort Worth,TX,2024-05-10
CUST01109,Amelia Thomas,amelia.thomas@example.com,19,Arlington,TX,2023-01-31
CUST01110,Lucas Davis,lucas.davis@example.com,41,Arlington,TX,2023-06-11
CUST01111,Emma Davis,emma.davis@example.com,40,Houston,TX,2024-12-05
CUST01112,Emma Anderson,emma.anderson@example.com,19,Houston,TX,2024-12-22
CUST01113,Olivia Moore,olivia.moore@example.com,55,Denton,TX,2024-03-21
CUST01114,Olivia Wilson,olivia.wilson@example.com,48,Frisco,TX,2025-01-13
CUST01115,Liam Jackson,liam.jackson@example.com,68,Dallas,TX,2024-03-02
CUST01116,James Smith,james.smith@example.com,57,Plano,TX,2024-05-18
CUST01117,Lucas Martin,lucas.martin@example.com,43,Austin,TX,2024-12-21
CUST01118,Amelia Smith,amelia.smith@example.com,46,Fort Worth,TX,2024-11-14
CUST01119,Ethan Williams,ethan.williams@example.com,20,Houston,TX,2024-08-04
CUST01120,Olivia Williams,olivia.williams@example.com,31,Fort Worth,TX,2025-11-23
CUST01121,Ethan Taylor,ethan.taylor@example.com,42,Plano,TX,2025-01-05
CUST01122,Ava Davis,ava.davis@example.com,65,Plano,TX,2024-11-21
CUST01123,Olivia Jackson,olivia.jackson@example.com,18,Frisco,TX,2025-01-27
CUST01124,Mia Taylor,mia.taylor@example.com,70,Arlington,TX,2025-01-23
CUST01125,James Smith,james.smith@example.com,20,Frisco,TX,2023-01-24
CUST01126,Lucas Moore,lucas.moore@example.com,71,Austin,TX,2026-05-24
CUST01127,Henry Johnson,henry.johnson@example.com,43,Dallas,TX,2023-02-24
CUST01128,Liam Johnson,liam.johnson@example.com,35,Fort Worth,TX,2025-11-15
CUST01129,Ava Williams,ava.williams@example.com,26,Austin,TX,2025-03-14
CUST01130,Henry Moore,henry.moore@example.com,55,Denton,TX,2023-11-23
CUST01131,Lucas Garcia,lucas.garcia@example.com,40,Dallas,TX,2025-08-27
CUST01132,Amelia Smith,amelia.smith@example.com,38,Fort Worth,TX,2023-07-05
CUST01133,Isabella Johnson,isabella.johnson@example.com,74,Austin,TX,2024-05-09
CUST01134,Mia Moore,mia.moore@example.com,18,Houston,TX,2025-11-01
CUST01135,Lucas Jackson,lucas.jackson@example.com,38,Fort Worth,TX,2024-03-09
CUST01136,Mia Moore,mia.moore@example.com,44,Austin,TX,2023-07-27
CUST01137,Harper Smith,harper.smith@example.com,59,Plano,TX,2023-05-13
CUST01138,Mia Jones,mia.jones@example.com,23,Dallas,TX,2026-05-04
CUST01139,Ethan Moore,ethan.moore@example.com,72,Austin,TX,2024-01-04
CUST01140,Harper Moore,harper.moore@example.com,61,Houston,TX,2026-01-31
CUST01141,Mason Miller,mason.miller@example.com,53,Frisco,TX,2026-04-21
CUST01142,Henry Davis,henry.davis@example.com,45,Fort Worth,TX,2024-02-27
CUST01143,Isabella Taylor,isabella.taylor@example.com,62,Denton,TX,2025-10-29
CUST01144,Harper Smith,harper.smith@example.com,34,Fort Worth,TX,2023-09-01
CUST01145,Amelia Miller,amelia.miller@example.com,57,Fort Worth,TX,2025-02-20
CUST01146,Ava Moore,ava.moore@example.com,69,Houston,TX,2024-09-15
CUST01147,Lucas Jones,lucas.jones@example.com,20,Dallas,TX,2024-07-20
CUST01148,Noah Taylor,noah.taylor@example.com,29,Fort Worth,TX,2024-06-10
CUST01149,Ava Smith,ava.smith@example.com,56,Dallas,TX,2023-02-06
CUST01150,Mason Williams,mason.williams@example.com,29,Austin,TX,2023-06-27
CUST01151,Ava Miller,ava.miller@example.com,19,Plano,TX,2024-09-30
CUST01152,Emma Taylor,emma.taylor@example.com,73,Denton,TX,2025-05-01
CUST01153,Amelia Smith,amelia.smith@example.com,63,Plano,TX,2023-03-13
CUST01154,Noah Miller,noah.miller@example.com,39,Dallas,TX,2023-12-18
CUST01155,Harper Jones,harper.jones@example.com,40,Dallas,TX,2024-09-14
CUST01156,Harper Smith,harper.smith@example.com,47,Plano,TX,2026-03-18
CUST01157,Harper Smith,harper.smith@example.com,22,Fort Worth,TX,2023-04-15
CUST01158,Mason Martin,mason.martin@example.com,26,Arlington,TX,2023-08-09
CUST01159,Ethan Smith,ethan.smith@example.com,38,Arlington,TX,2025-05-12
CUST01160,Henry Anderson,henry.anderson@example.com,28,Houston,TX,2024-06-01
CUST01161,Lucas Wilson,lucas.wilson@example.com,22,Denton,TX,2023-10-26
CUST01162,James Anderson,james.anderson@example.com,52,Frisco,TX,2025-05-10
CUST01163,Sophia Moore,sophia.moore@example.com,44,Plano,TX,2023-02-11
CUST01164,Henry Williams,henry.williams@example.com,66,Plano,TX,2025-02-09
CUST01165,Mason Jackson,mason.jackson@example.com,19,Houston,TX,2025-06-15
CUST01166,Liam Moore,liam.moore@example.com,41,Denton,TX,2024-05-06
CUST01167,Amelia Jones,amelia.jones@example.com,48,Arlington,TX,2025-12-06
CUST01168,Lucas Anderson,lucas.anderson@example.com,50,Austin,TX,2023-03-26
CUST01169,Henry Taylor,henry.taylor@example.com,56,Fort Worth,TX,2025-12-17
CUST01170,Isabella Thomas,isabella.thomas@example.com,47,Fort Worth,TX,2025-09-17
CUST01171,Mason Wilson,mason.wilson@example.com,63,Austin,TX,2024-12-11
CUST01172,Emma Garcia,emma.garcia@example.com,54,Austin,TX,2023-07-28
CUST01173,Sophia Thomas,sophia.thomas@example.com,68,Denton,TX,2026-06-25
CUST01174,Emma Wilson,emma.wilson@example.com,45,Arlington,TX,2026-05-19
CUST01175,Harper Davis,harper.davis@example.com,48,Houston,TX,2023-02-08
CUST01176,Sophia Davis,sophia.davis@example.com,28,Austin,TX,2026-06-29
CUST01177,Henry Smith,henry.smith@example.com,40,Houston,TX,2025-07-14
CUST01178,Isabella Moore,isabella.moore@example.com,74,Denton,TX,2025-01-31
CUST01179,Harper Wilson,harper.wilson@example.com,19,Frisco,TX,2025-08-03
CUST01180,James Garcia,james.garcia@example.com,57,Dallas,TX,2023-02-21
CUST01181,Amelia Wilson,amelia.wilson@example.com,58,Fort Worth,TX,2024-01-09
CUST01182,Liam Williams,liam.williams@example.com,44,Arlington,TX,2025-07-19
CUST01183,Lucas Thomas,lucas.thomas@example.com,52,Fort Worth,TX,2023-06-05
CUST01184,Ethan Williams,ethan.williams@example.com,19,Arlington,TX,2026-01-18
CUST01185,Emma Garcia,emma.garcia@example.com,56,Denton,TX,2024-11-09
CUST01186,Emma Wilson,emma.wilson@example.com,54,Dallas,TX,2023-12-17
CUST01187,Harper Miller,harper.miller@example.com,38,Fort Worth,TX,2023-03-10
CUST01188,Mia Martin,mia.martin@example.com,22,Dallas,TX,2026-04-01
CUST01189,Sophia Moore,sophia.moore@example.com,69,Denton,TX,2026-06-19
CUST01190,Olivia Williams,olivia.williams@example.com,62,Arlington,TX,2025-12-11
CUST01191,James Williams,james.williams@example.com,38,Austin,TX,2024-10-15
CUST01192,Lucas Johnson,lucas.johnson@example.com,46,Frisco,TX,2023-03-04
CUST01193,Sophia Wilson,sophia.wilson@example.com,37,Fort Worth,TX,2024-05-23
CUST01194,Mia Moore,mia.moore@example.com,55,Dallas,TX,2023-10-19
CUST01195,Ava Jackson,ava.jackson@example.com,37,Plano,TX,2026-01-19
CUST01196,Sophia Williams,sophia.williams@example.com,67,Fort Worth,TX,2025-03-31
CUST01197,Ethan Anderson,ethan.anderson@example.com,42,Fort Worth,TX,2023-05-30
CUST01198,Lucas Jones,lucas.jones@example.com,19,Fort Worth,TX,2025-05-30
CUST01199,Henry Martin,henry.martin@example.com,74,Houston,TX,2026-02-13
CUST01200,James Martin,james.martin@example.com,49,Dallas,TX,2024-12-04
CUST01201,Mia Wilson,mia.wilson@example.com,43,Dallas,TX,2024-05-30
CUST01202,Ava Davis,ava.davis@example.com,23,Fort Worth,TX,2026-06-18
CUST01203,Amelia Johnson,amelia.johnson@example.com,58,Denton,TX,2023-01-30
CUST01204,Noah Williams,noah.williams@example.com,74,Denton,TX,2026-03-12
CUST01205,Mia Johnson,mia.johnson@example.com,20,Austin,TX,2023-11-22
CUST01206,Noah Davis,noah.davis@example.com,50,Fort Worth,TX,2025-08-06
CUST01207,Lucas Garcia,lucas.garcia@example.com,18,Houston,TX,2023-01-16
CUST01208,Emma Garcia,emma.garcia@example.com,68,Arlington,TX,2023-04-21
CUST01209,Mia Thomas,mia.thomas@example.com,22,Houston,TX,2025-05-21
CUST01210,Amelia Jackson,amelia.jackson@example.com,30,Denton,TX,2024-12-13
CUST01211,Liam Wilson,liam.wilson@example.com,36,Austin,TX,2023-04-17
CUST01212,Harper Davis,harper.davis@example.com,29,Denton,TX,2024-01-14
CUST01213,Noah Brown,noah.brown@example.com,65,Denton,TX,2023-06-11
CUST01214,Harper Jackson,harper.jackson@example.com,42,Denton,TX,2023-10-10
CUST01215,Ethan Thomas,ethan.thomas@example.com,74,Fort Worth,TX,2023-09-26
CUST01216,Liam Brown,liam.brown@example.com,68,Denton,TX,2024-04-28
CUST01217,Harper Wilson,harper.wilson@example.com,52,Dallas,TX,2024-10-28
CUST01218,Mason Smith,mason.smith@example.com,29,Frisco,TX,2026-01-01
CUST01219,Mason Moore,mason.moore@example.com,47,Plano,TX,2026-05-05
CUST01220,Ava Johnson,ava.johnson@example.com,22,Fort Worth,TX,2026-06-20
CUST01221,James Johnson,james.johnson@example.com,51,Austin,TX,2024-08-20
CUST01222,Emma Moore,emma.moore@example.com,39,Dallas,TX,2025-03-09
CUST01223,Lucas Moore,lucas.moore@example.com,56,Houston,TX,2025-03-08
CUST01224,Mia Garcia,mia.garcia@example.com,30,Denton,TX,2026-03-18
CUST01225,Olivia Jackson,olivia.jackson@example.com,74,Arlington,TX,2024-01-25
CUST01226,Ethan Brown,ethan.brown@example.com,64,Arlington,TX,2024-02-20
CUST01227,Noah Moore,noah.moore@example.com,71,Frisco,TX,2024-03-01
CUST01228,Lucas Anderson,lucas.anderson@example.com,20,Fort Worth,TX,2025-09-23
CUST01229,Liam Taylor,liam.taylor@example.com,70,Houston,TX,2026-05-25
CUST01230,Isabella Moore,isabella.moore@example.com,37,Frisco,TX,2025-05-16
CUST01231,Mason Williams,mason.williams@example.com,48,Plano,TX,2023-03-27
CUST01232,Isabella Williams,isabella.williams@example.com,22,Plano,TX,2026-05-24
CUST01233,Amelia Williams,amelia.williams@example.com,41,Frisco,TX,2024-02-27
CUST01234,Ethan Garcia,ethan.garcia@example.com,57,Austin,TX,2023-04-28
CUST01235,Olivia Martin,olivia.martin@example.com,71,Arlington,TX,2025-08-16
CUST01236,Mia Davis,mia.davis@example.com,50,Houston,TX,2025-05-31
CUST01237,Ava Anderson,ava.anderson@example.com,25,Fort Worth,TX,2025-09-18
CUST01238,Olivia Miller,olivia.miller@example.com,41,Denton,TX,2024-02-19
CUST01239,Ethan Martin,ethan.martin@example.com,67,Dallas,TX,2024-08-21
CUST01240,Olivia Brown,olivia.brown@example.com,37,Fort Worth,TX,2023-02-09
CUST01241,Ethan Anderson,ethan.anderson@example.com,33,Fort Worth,TX,2026-03-30
CUST01242,Ethan Thomas,ethan.thomas@example.com,67,Houston,TX,2024-12-03
CUST01243,Sophia Brown,sophia.brown@example.com,69,Arlington,TX,2024-06-20
CUST01244,Noah Anderson,noah.anderson@example.com,29,Houston,TX,2024-02-24
CUST01245,Henry Taylor,henry.taylor@example.com,30,Dallas,TX,2024-10-25
CUST01246,Isabella Jackson,isabella.jackson@example.com,62,Frisco,TX,2023-04-05
CUST01247,Henry Anderson,henry.anderson@example.com,59,Houston,TX,2025-08-30
CUST01248,Henry Anderson,henry.anderson@example.com,56,Austin,TX,2024-10-11
CUST01249,Henry Martin,henry.martin@example.com,42,Fort Worth,TX,2023-10-15
CUST01250,Harper Anderson,harper.anderson@example.com,63,Arlington,TX,2024-02-16
CUST01251,Mason Johnson,mason.johnson@example.com,49,Denton,TX,2024-02-04
CUST01252,Sophia Martin,sophia.martin@example.com,41,Plano,TX,2024-06-11
CUST01253,Mia Smith,mia.smith@example.com,65,Dallas,TX,2025-11-07
CUST01254,Sophia Wilson,sophia.wilson@example.com,64,Plano,TX,2023-05-16
CUST01255,Emma Thomas,emma.thomas@example.com,61,Fort Worth,TX,2025-01-28
CUST01256,Emma Jackson,emma.jackson@example.com,26,Houston,TX,2026-06-25
CUST01257,Harper Thomas,harper.thomas@example.com,57,Plano,TX,2025-04-22
CUST01258,Mason Johnson,mason.johnson@example.com,67,Austin,TX,2024-12-10
CUST01259,Olivia Moore,olivia.moore@example.com,40,Houston,TX,2025-10-21
CUST01260,Noah Davis,noah.davis@example.com,67,Fort Worth,TX,2024-01-16
CUST01261,Mason Jackson,mason.jackson@example.com,30,Plano,TX,2024-05-23
CUST01262,Harper Wilson,harper.wilson@example.com,49,Denton,TX,2025-03-16
CUST01263,Ethan Brown,ethan.brown@example.com,67,Frisco,TX,2024-04-20
CUST01264,Liam Davis,liam.davis@example.com,32,Dallas,TX,2025-08-11
CUST01265,Noah Wilson,noah.wilson@example.com,53,Plano,TX,2025-04-28
CUST01266,James Taylor,james.taylor@example.com,66,Denton,TX,2025-06-15
CUST01267,Isabella Taylor,isabella.taylor@example.com,22,Frisco,TX,2023-02-01
CUST01268,Noah Jones,noah.jones@example.com,39,Frisco,TX,2023-04-28
CUST01269,Harper Moore,harper.moore@example.com,33,Plano,TX,2026-04-22
CUST01270,Ethan Martin,ethan.martin@example.com,58,Arlington,TX,2023-07-10
CUST01271,Ethan Miller,ethan.miller@example.com,27,Plano,TX,2023-03-15
CUST01272,Ava Taylor,ava.taylor@example.com,41,Fort Worth,TX,2024-09-14
CUST01273,Henry Brown,henry.brown@example.com,35,Frisco,TX,2026-01-31
CUST01274,Mason Smith,mason.smith@example.com,66,Dallas,TX,2025-05-20
CUST01275,Ethan Williams,ethan.williams@example.com,35,Fort Worth,TX,2024-08-08
CUST01276,Emma Jones,emma.jones@example.com,24,Austin,TX,2024-02-24
CUST01277,Henry Williams,henry.williams@example.com,21,Houston,TX,2024-04-17
CUST01278,Mia Thomas,mia.thomas@example.com,43,Plano,TX,2023-04-24
CUST01279,Liam Moore,liam.moore@example.com,22,Arlington,TX,2023-11-26
CUST01280,Harper Anderson,harper.anderson@example.com,72,Dallas,TX,2023-12-05
CUST01281,Isabella Miller,isabella.miller@example.com,33,Arlington,TX,2023-08-26
CUST01282,Mason Thomas,mason.thomas@example.com,52,Arlington,TX,2026-04-11
CUST01283,Lucas Wilson,lucas.wilson@example.com,43,Arlington,TX,2023-03-20
CUST01284,Emma Jackson,emma.jackson@example.com,35,Plano,TX,2024-04-08
CUST01285,Amelia Thomas,amelia.thomas@example.com,46,Dallas,TX,2024-08-27
CUST01286,James Garcia,james.garcia@example.com,40,Dallas,TX,2024-07-15
CUST01287,Olivia Moore,olivia.moore@example.com,70,Frisco,TX,2023-10-12
CUST01288,Ethan Taylor,ethan.taylor@example.com,31,Arlington,TX,2023-08-11
CUST01289,Lucas Smith,lucas.smith@example.com,32,Frisco,TX,2024-08-15
CUST01290,Ethan Miller,ethan.miller@example.com,66,Frisco,TX,2024-01-08
CUST01291,Noah Jackson,noah.jackson@example.com,50,Houston,TX,2026-06-10
CUST01292,Emma Williams,emma.williams@example.com,42,Plano,TX,2025-06-29
CUST01293,Noah Jones,noah.jones@example.com,38,Plano,TX,2025-04-07
CUST01294,Ava Taylor,ava.taylor@example.com,34,Fort Worth,TX,2023-08-24
CUST01295,Noah Brown,noah.brown@example.com,40,Denton,TX,2024-11-01
CUST01296,Ava Taylor,ava.taylor@example.com,74,Frisco,TX,2025-04-07
CUST01297,James Jones,james.jones@example.com,60,Plano,TX,2025-02-01
CUST01298,Harper Jones,harper.jones@example.com,34,Arlington,TX,2024-01-15
CUST01299,Ava Garcia,ava.garcia@example.com,31,Denton,TX,2025-03-04
CUST01300,Lucas Martin,lucas.martin@example.com,46,Austin,TX,2024-09-05
CUST01301,Henry Taylor,henry.taylor@example.com,37,Arlington,TX,2024-07-16
CUST01302,Ethan Thomas,ethan.thomas@example.com,47,Dallas,TX,2024-02-24
CUST01303,Olivia Taylor,olivia.taylor@example.com,36,Plano,TX,2023-02-21
CUST01304,Henry Moore,henry.moore@example.com,70,Denton,TX,2025-03-29
CUST01305,Isabella Moore,isabella.moore@example.com,56,Plano,TX,2023-07-24
CUST01306,Harper Anderson,harper.anderson@example.com,73,Fort Worth,TX,2025-09-27
CUST01307,Noah Garcia,noah.garcia@example.com,30,Frisco,TX,2024-12-31
CUST01308,Amelia Davis,amelia.davis@example.com,35,Austin,TX,2023-09-14
CUST01309,Isabella Davis,isabella.davis@example.com,40,Plano,TX,2023-07-04
CUST01310,Emma Anderson,emma.anderson@example.com,63,Fort Worth,TX,2023-05-25
CUST01311,Ava Wilson,ava.wilson@example.com,50,Fort Worth,TX,2025-11-03
CUST01312,Ethan Davis,ethan.davis@example.com,56,Austin,TX,2023-09-03
CUST01313,Liam Moore,liam.moore@example.com,57,Arlington,TX,2023-07-06
CUST01314,Mason Anderson,mason.anderson@example.com,35,Arlington,TX,2025-05-15
CUST01315,Lucas Johnson,lucas.johnson@example.com,26,Arlington,TX,2023-02-09
CUST01316,Olivia Martin,olivia.martin@example.com,50,Houston,TX,2024-08-23
CUST01317,Sophia Martin,sophia.martin@example.com,49,Frisco,TX,2025-08-19
CUST01318,Lucas Thomas,lucas.thomas@example.com,71,Denton,TX,2025-09-12
CUST01319,James Taylor,james.taylor@example.com,34,Frisco,TX,2023-01-09
CUST01320,Liam Thomas,liam.thomas@example.com,36,Arlington,TX,2023-12-16
CUST01321,Amelia Anderson,amelia.anderson@example.com,44,Austin,TX,2023-03-25
CUST01322,Mason Jackson,mason.jackson@example.com,23,Houston,TX,2024-06-16
CUST01323,Liam Smith,liam.smith@example.com,52,Frisco,TX,2025-09-15
CUST01324,Noah Taylor,noah.taylor@example.com,73,Arlington,TX,2023-12-24
CUST01325,Ava Johnson,ava.johnson@example.com,54,Houston,TX,2024-01-13
CUST01326,Harper Johnson,harper.johnson@example.com,51,Denton,TX,2023-06-21
CUST01327,Olivia Thomas,olivia.thomas@example.com,37,Austin,TX,2025-11-14
CUST01328,Mia Williams,mia.williams@example.com,42,Arlington,TX,2024-01-28
CUST01329,Ava Taylor,ava.taylor@example.com,21,Denton,TX,2026-01-31
CUST01330,Mia Miller,mia.miller@example.com,27,Dallas,TX,2024-12-02
CUST01331,Isabella Johnson,isabella.johnson@example.com,27,Denton,TX,2026-06-13
CUST01332,Harper Martin,harper.martin@example.com,41,Plano,TX,2024-07-02
CUST01333,Mason Smith,mason.smith@example.com,38,Austin,TX,2025-02-22
CUST01334,Ethan Martin,ethan.martin@example.com,28,Denton,TX,2023-11-28
CUST01335,Sophia Garcia,sophia.garcia@example.com,44,Denton,TX,2025-03-04
CUST01336,Emma Wilson,emma.wilson@example.com,33,Fort Worth,TX,2024-10-10
CUST01337,Henry Jackson,henry.jackson@example.com,43,Fort Worth,TX,2025-09-09
CUST01338,Harper Williams,harper.williams@example.com,47,Denton,TX,2025-11-18
CUST01339,Ava Garcia,ava.garcia@example.com,66,Denton,TX,2024-06-26
CUST01340,Olivia Williams,olivia.williams@example.com,33,Austin,TX,2025-11-08
CUST01341,Henry Martin,henry.martin@example.com,24,Fort Worth,TX,2026-03-17
CUST01342,James Moore,james.moore@example.com,33,Frisco,TX,2024-05-05
CUST01343,James Smith,james.smith@example.com,52,Austin,TX,2023-10-10
CUST01344,Liam Martin,liam.martin@example.com,33,Dallas,TX,2025-05-11
CUST01345,Henry Moore,henry.moore@example.com,57,Austin,TX,2023-04-23
CUST01346,Olivia Thomas,olivia.thomas@example.com,29,Arlington,TX,2025-05-11
CUST01347,Mason Jones,mason.jones@example.com,52,Arlington,TX,2024-09-01
CUST01348,Isabella Taylor,isabella.taylor@example.com,66,Houston,TX,2024-05-22
CUST01349,Mia Martin,mia.martin@example.com,38,Fort Worth,TX,2024-04-10
CUST01350,Liam Moore,liam.moore@example.com,67,Denton,TX,2025-04-03
CUST01351,James Anderson,james.anderson@example.com,60,Plano,TX,2024-08-31
CUST01352,Emma Brown,emma.brown@example.com,53,Fort Worth,TX,2026-01-26
CUST01353,Emma Miller,emma.miller@example.com,65,Frisco,TX,2023-10-17
CUST01354,Ava Garcia,ava.garcia@example.com,34,Austin,TX,2025-05-17
CUST01355,Mason Taylor,mason.taylor@example.com,49,Plano,TX,2026-03-25
CUST01356,Ethan Miller,ethan.miller@example.com,58,Plano,TX,2025-02-20
CUST01357,James Jones,james.jones@example.com,23,Denton,TX,2023-06-11
CUST01358,Amelia Jackson,amelia.jackson@example.com,41,Denton,TX,2024-09-15
CUST01359,Mason Jackson,mason.jackson@example.com,44,Fort Worth,TX,2024-12-17
CUST01360,Isabella Brown,isabella.brown@example.com,37,Plano,TX,2026-01-25
CUST01361,Mia Miller,mia.miller@example.com,42,Plano,TX,2024-07-20
CUST01362,Olivia Miller,olivia.miller@example.com,19,Arlington,TX,2025-09-20
CUST01363,Henry Garcia,henry.garcia@example.com,26,Dallas,TX,2026-02-14
CUST01364,James Davis,james.davis@example.com,45,Denton,TX,2026-04-27
CUST01365,Henry Brown,henry.brown@example.com,70,Austin,TX,2024-08-18
CUST01366,Emma Taylor,emma.taylor@example.com,55,Fort Worth,TX,2026-04-18
CUST01367,Olivia Jones,olivia.jones@example.com,20,Denton,TX,2026-04-19
CUST01368,Olivia Brown,olivia.brown@example.com,37,Arlington,TX,2025-08-16
CUST01369,Olivia Thomas,olivia.thomas@example.com,23,Frisco,TX,2025-10-09
CUST01370,Emma Smith,emma.smith@example.com,56,Denton,TX,2024-04-19
CUST01371,Isabella Thomas,isabella.thomas@example.com,50,Frisco,TX,2024-09-09
CUST01372,Henry Davis,henry.davis@example.com,72,Houston,TX,2024-10-02
CUST01373,Lucas Smith,lucas.smith@example.com,18,Plano,TX,2023-09-19
CUST01374,Henry Jones,henry.jones@example.com,54,Plano,TX,2023-06-11
CUST01375,Noah Jackson,noah.jackson@example.com,23,Fort Worth,TX,2023-06-30
CUST01376,Mia Garcia,mia.garcia@example.com,62,Dallas,TX,2024-12-25
CUST01377,Amelia Garcia,amelia.garcia@example.com,51,Dallas,TX,2024-04-13
CUST01378,Lucas Moore,lucas.moore@example.com,64,Fort Worth,TX,2023-01-21
CUST01379,Mia Jones,mia.jones@example.com,32,Fort Worth,TX,2023-09-17
CUST01380,Liam Williams,liam.williams@example.com,62,Arlington,TX,2024-04-10
CUST01381,Mason Jackson,mason.jackson@example.com,43,Frisco,TX,2026-02-13
CUST01382,Mason Jones,mason.jones@example.com,74,Fort Worth,TX,2024-06-20
CUST01383,Sophia Thomas,sophia.thomas@example.com,31,Frisco,TX,2025-08-09
CUST01384,Mason Davis,mason.davis@example.com,71,Denton,TX,2025-02-04
CUST01385,Henry Martin,henry.martin@example.com,24,Denton,TX,2025-08-16
CUST01386,Emma Johnson,emma.johnson@example.com,63,Houston,TX,2025-07-22
CUST01387,Amelia Garcia,amelia.garcia@example.com,48,Frisco,TX,2025-04-30
CUST01388,Ethan Wilson,ethan.wilson@example.com,41,Arlington,TX,2026-04-06
CUST01389,Ava Davis,ava.davis@example.com,48,Denton,TX,2024-06-16
CUST01390,Sophia Martin,sophia.martin@example.com,46,Plano,TX,2023-01-15
CUST01391,Harper Anderson,harper.anderson@example.com,59,Plano,TX,2023-02-19
CUST01392,Harper Davis,harper.davis@example.com,49,Denton,TX,2025-09-25
CUST01393,Ava Davis,ava.davis@example.com,34,Denton,TX,2023-10-31
CUST01394,Mia Jackson,mia.jackson@example.com,31,Denton,TX,2024-02-20
CUST01395,Ava Moore,ava.moore@example.com,57,Frisco,TX,2023-11-01
CUST01396,Ava Miller,ava.miller@example.com,53,Plano,TX,2023-07-15
CUST01397,Harper Davis,harper.davis@example.com,65,Plano,TX,2025-03-23
CUST01398,Sophia Moore,sophia.moore@example.com,41,Austin,TX,2025-03-10
CUST01399,Liam Garcia,liam.garcia@example.com,62,Denton,TX,2024-01-23
CUST01400,Henry Johnson,henry.johnson@example.com,71,Houston,TX,2025-01-26
CUST01401,Olivia Johnson,olivia.johnson@example.com,44,Denton,TX,2024-03-30
CUST01402,Mason Davis,mason.davis@example.com,42,Arlington,TX,2024-12-13
CUST01403,Mason Anderson,mason.anderson@example.com,49,Arlington,TX,2024-12-05
CUST01404,Emma Smith,emma.smith@example.com,69,Plano,TX,2025-04-27
CUST01405,Sophia Garcia,sophia.garcia@example.com,35,Denton,TX,2026-02-24
CUST01406,Emma Moore,emma.moore@example.com,63,Dallas,TX,2023-06-24
CUST01407,Ethan Garcia,ethan.garcia@example.com,35,Arlington,TX,2026-03-03
CUST01408,Ethan Anderson,ethan.anderson@example.com,54,Denton,TX,2025-12-25
CUST01409,Emma Brown,emma.brown@example.com,43,Houston,TX,2023-10-06
CUST01410,Sophia Thomas,sophia.thomas@example.com,26,Fort Worth,TX,2025-01-27
CUST01411,Emma Anderson,emma.anderson@example.com,52,Denton,TX,2023-12-29
CUST01412,Mason Moore,mason.moore@example.com,25,Houston,TX,2023-06-20
CUST01413,Lucas Jackson,lucas.jackson@example.com,37,Plano,TX,2025-12-10
CUST01414,Noah Anderson,noah.anderson@example.com,71,Plano,TX,2024-10-26
CUST01415,Harper Moore,harper.moore@example.com,59,Austin,TX,2024-08-14
CUST01416,Harper Taylor,harper.taylor@example.com,39,Frisco,TX,2025-07-19
CUST01417,Amelia Williams,amelia.williams@example.com,36,Arlington,TX,2026-03-14
CUST01418,Ava Moore,ava.moore@example.com,47,Frisco,TX,2023-10-01
CUST01419,Noah Anderson,noah.anderson@example.com,70,Denton,TX,2026-03-24
CUST01420,Henry Williams,henry.williams@example.com,45,Frisco,TX,2024-05-22
CUST01421,Sophia Jackson,sophia.jackson@example.com,52,Arlington,TX,2023-12-29
CUST01422,Isabella Jackson,isabella.jackson@example.com,60,Arlington,TX,2025-04-27
CUST01423,Noah Moore,noah.moore@example.com,28,Denton,TX,2024-10-16
CUST01424,Amelia Moore,amelia.moore@example.com,48,Plano,TX,2023-10-25
CUST01425,Ethan Smith,ethan.smith@example.com,66,Arlington,TX,2024-05-08
CUST01426,Mia Williams,mia.williams@example.com,65,Dallas,TX,2024-06-29
CUST01427,Ava Brown,ava.brown@example.com,56,Dallas,TX,2023-10-31
CUST01428,Amelia Anderson,amelia.anderson@example.com,53,Fort Worth,TX,2025-06-22
CUST01429,Olivia Anderson,olivia.anderson@example.com,47,Arlington,TX,2023-08-27
CUST01430,Isabella Jones,isabella.jones@example.com,40,Austin,TX,2024-10-11
CUST01431,Sophia Williams,sophia.williams@example.com,36,Fort Worth,TX,2025-06-02
CUST01432,Ava Garcia,ava.garcia@example.com,29,Plano,TX,2026-04-14
CUST01433,Henry Anderson,henry.anderson@example.com,32,Arlington,TX,2024-02-14
CUST01434,Noah Martin,noah.martin@example.com,48,Dallas,TX,2024-12-26
CUST01435,Ethan Jackson,ethan.jackson@example.com,60,Austin,TX,2025-11-12
CUST01436,Liam Thomas,liam.thomas@example.com,54,Denton,TX,2023-11-14
CUST01437,Lucas Jones,lucas.jones@example.com,54,Fort Worth,TX,2024-06-08
CUST01438,Olivia Williams,olivia.williams@example.com,32,Austin,TX,2025-06-23
CUST01439,Isabella Garcia,isabella.garcia@example.com,46,Arlington,TX,2025-10-20
CUST01440,Lucas Garcia,lucas.garcia@example.com,67,Houston,TX,2024-09-11
CUST01441,Ava Jackson,ava.jackson@example.com,60,Austin,TX,2025-08-10
CUST01442,Ethan Martin,ethan.martin@example.com,43,Austin,TX,2026-06-06
CUST01443,Ethan Davis,ethan.davis@example.com,61,Plano,TX,2026-02-05
CUST01444,Amelia Johnson,amelia.johnson@example.com,19,Dallas,TX,2025-03-11
CUST01445,Harper Smith,harper.smith@example.com,37,Denton,TX,2025-07-04
CUST01446,Harper Brown,harper.brown@example.com,32,Arlington,TX,2026-04-14
CUST01447,Noah Miller,noah.miller@example.com,69,Austin,TX,2023-11-16
CUST01448,Amelia Jackson,amelia.jackson@example.com,21,Arlington,TX,2025-05-25
CUST01449,Mason Anderson,mason.anderson@example.com,39,Dallas,TX,2023-11-25
CUST01450,Noah Taylor,noah.taylor@example.com,67,Plano,TX,2025-01-22
CUST01451,Mason Williams,mason.williams@example.com,55,Arlington,TX,2024-10-18
CUST01452,Harper Williams,harper.williams@example.com,40,Frisco,TX,2025-11-03
CUST01453,Amelia Jones,amelia.jones@example.com,43,Dallas,TX,2023-03-12
CUST01454,Mason Jones,mason.jones@example.com,68,Dallas,TX,2025-04-06
CUST01455,Olivia Moore,olivia.moore@example.com,28,Denton,TX,2026-05-03
CUST01456,Amelia Taylor,amelia.taylor@example.com,45,Fort Worth,TX,2025-05-14
CUST01457,Harper Williams,harper.williams@example.com,73,Plano,TX,2025-07-16
CUST01458,Noah Wilson,noah.wilson@example.com,19,Plano,TX,2023-04-16
CUST01459,James Brown,james.brown@example.com,25,Denton,TX,2025-02-08
CUST01460,Amelia Moore,amelia.moore@example.com,46,Frisco,TX,2025-06-11
CUST01461,Liam Moore,liam.moore@example.com,28,Arlington,TX,2023-07-15
CUST01462,Isabella Jackson,isabella.jackson@example.com,54,Houston,TX,2023-05-25
CUST01463,Harper Williams,harper.williams@example.com,35,Frisco,TX,2024-04-15
CUST01464,Emma Anderson,emma.anderson@example.com,72,Fort Worth,TX,2023-08-04
CUST01465,Emma Johnson,emma.johnson@example.com,67,Plano,TX,2026-01-21
CUST01466,Noah Taylor,noah.taylor@example.com,31,Dallas,TX,2023-09-17
CUST01467,Noah Moore,noah.moore@example.com,71,Plano,TX,2025-07-22
CUST01468,Lucas Anderson,lucas.anderson@example.com,27,Frisco,TX,2024-07-28
CUST01469,Isabella Wilson,isabella.wilson@example.com,52,Houston,TX,2023-10-12
CUST01470,Isabella Brown,isabella.brown@example.com,26,Austin,TX,2024-04-28
CUST01471,Olivia Williams,olivia.williams@example.com,52,Austin,TX,2024-01-07
CUST01472,Noah Miller,noah.miller@example.com,28,Denton,TX,2023-03-11
CUST01473,Isabella Davis,isabella.davis@example.com,61,Plano,TX,2024-01-14
CUST01474,Henry Anderson,henry.anderson@example.com,29,Plano,TX,2023-10-29
CUST01475,Lucas Martin,lucas.martin@example.com,20,Fort Worth,TX,2023-09-12
CUST01476,Mason Johnson,mason.johnson@example.com,70,Plano,TX,2025-08-01
CUST01477,Ethan Miller,ethan.miller@example.com,56,Houston,TX,2024-11-22
CUST01478,Ethan Thomas,ethan.thomas@example.com,31,Plano,TX,2025-04-13
CUST01479,Mason Jones,mason.jones@example.com,73,Arlington,TX,2024-12-17
CUST01480,Sophia Jackson,sophia.jackson@example.com,45,Frisco,TX,2024-02-28
CUST01481,Harper Anderson,harper.anderson@example.com,28,Denton,TX,2023-08-01
CUST01482,Lucas Jones,lucas.jones@example.com,56,Houston,TX,2023-04-10
CUST01483,Henry Williams,henry.williams@example.com,42,Fort Worth,TX,2026-02-09
CUST01484,Isabella Jones,isabella.jones@example.com,38,Arlington,TX,2023-11-04
CUST01485,James Thomas,james.thomas@example.com,27,Arlington,TX,2024-11-08
CUST01486,Lucas Johnson,lucas.johnson@example.com,60,Frisco,TX,2024-04-19
CUST01487,Amelia Brown,amelia.brown@example.com,32,Austin,TX,2023-04-22
CUST01488,Mason Garcia,mason.garcia@example.com,36,Houston,TX,2026-01-15
CUST01489,Henry Smith,henry.smith@example.com,65,Frisco,TX,2023-07-02
CUST01490,Liam Taylor,liam.taylor@example.com,39,Arlington,TX,2024-08-19
CUST01491,Mia Brown,mia.brown@example.com,38,Fort Worth,TX,2023-06-14
CUST01492,Ava Garcia,ava.garcia@example.com,69,Frisco,TX,2025-03-25
CUST01493,Harper Wilson,harper.wilson@example.com,61,Austin,TX,2023-03-31
CUST01494,Mason Martin,mason.martin@example.com,49,Arlington,TX,2024-03-30
CUST01495,James Anderson,james.anderson@example.com,67,Frisco,TX,2023-08-26
CUST01496,Isabella Anderson,isabella.anderson@example.com,40,Houston,TX,2024-06-17
CUST01497,James Moore,james.moore@example.com,30,Austin,TX,2024-12-27
CUST01498,James Johnson,james.johnson@example.com,22,Houston,TX,2023-02-27
CUST01499,Noah Anderson,noah.anderson@example.com,21,Houston,TX,2024-06-25
CUST01500,Noah Miller,noah.miller@example.com,45,Houston,TX,2025-10-18
CUST01501,Olivia Garcia,olivia.garcia@example.com,31,Frisco,TX,2024-09-09
CUST01502,Mason Johnson,mason.johnson@example.com,25,Austin,TX,2024-02-06
CUST01503,Olivia Davis,olivia.davis@example.com,26,Frisco,TX,2025-10-02
CUST01504,Mason Miller,mason.miller@example.com,74,Frisco,TX,2025-04-21
CUST01505,Harper Anderson,harper.anderson@example.com,68,Frisco,TX,2025-04-18
CUST01506,Lucas Jones,lucas.jones@example.com,52,Arlington,TX,2024-06-02
CUST01507,Ava Thomas,ava.thomas@example.com,54,Plano,TX,2023-07-16
CUST01508,James Jones,james.jones@example.com,38,Dallas,TX,2023-02-15
CUST01509,Harper Miller,harper.miller@example.com,35,Arlington,TX,2024-06-13
CUST01510,Lucas Wilson,lucas.wilson@example.com,50,Austin,TX,2025-09-26
CUST01511,Mia Anderson,mia.anderson@example.com,25,Dallas,TX,2025-02-14
CUST01512,Ethan Jackson,ethan.jackson@example.com,68,Dallas,TX,2023-03-15
CUST01513,Emma Wilson,emma.wilson@example.com,66,Dallas,TX,2023-12-01
CUST01514,Amelia Wilson,amelia.wilson@example.com,34,Plano,TX,2024-09-24
CUST01515,Henry Garcia,henry.garcia@example.com,60,Frisco,TX,2024-11-18
CUST01516,Mason Taylor,mason.taylor@example.com,48,Denton,TX,2024-07-28
CUST01517,Mia Garcia,mia.garcia@example.com,51,Fort Worth,TX,2023-10-23
CUST01518,Ethan Williams,ethan.williams@example.com,23,Austin,TX,2026-01-12
CUST01519,Isabella Smith,isabella.smith@example.com,39,Denton,TX,2025-11-04
CUST01520,Sophia Miller,sophia.miller@example.com,31,Plano,TX,2026-03-03
CUST01521,Ava Brown,ava.brown@example.com,20,Plano,TX,2024-04-22
CUST01522,Henry Smith,henry.smith@example.com,29,Fort Worth,TX,2024-09-24
CUST01523,Olivia Jackson,olivia.jackson@example.com,53,Dallas,TX,2023-11-15
CUST01524,Olivia Davis,olivia.davis@example.com,29,Frisco,TX,2024-04-23
CUST01525,Lucas Thomas,lucas.thomas@example.com,62,Fort Worth,TX,2024-01-03
CUST01526,Henry Garcia,henry.garcia@example.com,19,Denton,TX,2024-01-02
CUST01527,Noah Garcia,noah.garcia@example.com,19,Denton,TX,2024-01-13
CUST01528,Ethan Johnson,ethan.johnson@example.com,32,Fort Worth,TX,2024-04-07
CUST01529,Sophia Jackson,sophia.jackson@example.com,40,Plano,TX,2023-01-13
CUST01530,Mia Smith,mia.smith@example.com,46,Austin,TX,2024-06-19
CUST01531,Ava Moore,ava.moore@example.com,34,Houston,TX,2026-04-06
CUST01532,Harper Martin,harper.martin@example.com,49,Frisco,TX,2023-09-27
CUST01533,Ethan Martin,ethan.martin@example.com,24,Denton,TX,2025-12-29
CUST01534,Sophia Johnson,sophia.johnson@example.com,47,Denton,TX,2024-01-11
CUST01535,Emma Brown,emma.brown@example.com,45,Fort Worth,TX,2026-01-17
CUST01536,Mason Johnson,mason.johnson@example.com,31,Frisco,TX,2023-09-14
CUST01537,Harper Smith,harper.smith@example.com,61,Fort Worth,TX,2023-08-05
CUST01538,Olivia Miller,olivia.miller@example.com,47,Dallas,TX,2024-03-25
CUST01539,Harper Anderson,harper.anderson@example.com,34,Frisco,TX,2025-06-12
CUST01540,Mia Anderson,mia.anderson@example.com,49,Dallas,TX,2026-03-10
CUST01541,Olivia Jackson,olivia.jackson@example.com,63,Denton,TX,2026-03-30
CUST01542,Mia Thomas,mia.thomas@example.com,23,Plano,TX,2023-02-01
CUST01543,Lucas Davis,lucas.davis@example.com,68,Dallas,TX,2026-03-21
CUST01544,Noah Garcia,noah.garcia@example.com,41,Frisco,TX,2024-09-01
CUST01545,Mia Brown,mia.brown@example.com,23,Arlington,TX,2025-07-05
CUST01546,Olivia Martin,olivia.martin@example.com,44,Frisco,TX,2024-06-25
CUST01547,Lucas Garcia,lucas.garcia@example.com,35,Fort Worth,TX,2023-05-28
CUST01548,Mia Williams,mia.williams@example.com,41,Dallas,TX,2024-10-17
CUST01549,Emma Thomas,emma.thomas@example.com,54,Austin,TX,2023-03-08
CUST01550,Harper Davis,harper.davis@example.com,73,Arlington,TX,2024-07-23
CUST01551,Noah Taylor,noah.taylor@example.com,41,Plano,TX,2025-01-17
CUST01552,Mia Martin,mia.martin@example.com,55,Houston,TX,2024-03-18
CUST01553,Lucas Moore,lucas.moore@example.com,51,Fort Worth,TX,2025-06-15
CUST01554,Isabella Moore,isabella.moore@example.com,57,Fort Worth,TX,2024-02-03
CUST01555,Ethan Johnson,ethan.johnson@example.com,64,Austin,TX,2026-02-25
CUST01556,Liam Jones,liam.jones@example.com,32,Houston,TX,2024-04-26
CUST01557,Sophia Smith,sophia.smith@example.com,28,Denton,TX,2025-08-05
CUST01558,Liam Garcia,liam.garcia@example.com,39,Houston,TX,2023-07-05
CUST01559,Isabella Johnson,isabella.johnson@example.com,71,Plano,TX,2023-06-18
CUST01560,Liam Brown,liam.brown@example.com,41,Plano,TX,2024-05-21
CUST01561,Isabella Garcia,isabella.garcia@example.com,18,Arlington,TX,2024-06-04
CUST01562,Ava Taylor,ava.taylor@example.com,35,Denton,TX,2023-06-10
CUST01563,Isabella Anderson,isabella.anderson@example.com,61,Fort Worth,TX,2023-12-06
CUST01564,Isabella Davis,isabella.davis@example.com,29,Dallas,TX,2026-02-03
CUST01565,James Thomas,james.thomas@example.com,74,Plano,TX,2024-12-04
CUST01566,Isabella Davis,isabella.davis@example.com,60,Austin,TX,2026-03-22
CUST01567,Emma Anderson,emma.anderson@example.com,45,Austin,TX,2025-04-02
CUST01568,Ethan Garcia,ethan.garcia@example.com,57,Austin,TX,2025-02-23
CUST01569,Mason Brown,mason.brown@example.com,24,Frisco,TX,2026-03-18
CUST01570,Mia Davis,mia.davis@example.com,40,Denton,TX,2026-04-26
CUST01571,Sophia Moore,sophia.moore@example.com,38,Denton,TX,2023-05-11
CUST01572,Noah Davis,noah.davis@example.com,51,Plano,TX,2024-05-30
CUST01573,Ethan Taylor,ethan.taylor@example.com,28,Plano,TX,2024-06-19
CUST01574,Olivia Martin,olivia.martin@example.com,39,Austin,TX,2025-01-10
CUST01575,Mason Smith,mason.smith@example.com,59,Denton,TX,2025-02-19
CUST01576,Ava Brown,ava.brown@example.com,52,Denton,TX,2024-08-10
CUST01577,Ava Brown,ava.brown@example.com,69,Plano,TX,2024-12-26
CUST01578,Amelia Miller,amelia.miller@example.com,46,Frisco,TX,2025-07-31
CUST01579,Harper Martin,harper.martin@example.com,59,Dallas,TX,2025-09-23
CUST01580,Isabella Martin,isabella.martin@example.com,45,Dallas,TX,2024-01-11
CUST01581,Ethan Anderson,ethan.anderson@example.com,35,Arlington,TX,2026-03-27
CUST01582,Lucas Miller,lucas.miller@example.com,31,Denton,TX,2023-07-23
CUST01583,James Moore,james.moore@example.com,35,Fort Worth,TX,2025-09-15
CUST01584,Liam Anderson,liam.anderson@example.com,45,Dallas,TX,2024-10-22
CUST01585,Olivia Jackson,olivia.jackson@example.com,41,Arlington,TX,2023-03-16
CUST01586,Ava Davis,ava.davis@example.com,25,Houston,TX,2025-01-10
CUST01587,Sophia Anderson,sophia.anderson@example.com,59,Fort Worth,TX,2023-10-31
CUST01588,Ava Jones,ava.jones@example.com,71,Denton,TX,2025-12-21
CUST01589,Noah Miller,noah.miller@example.com,62,Dallas,TX,2024-07-23
CUST01590,Mia Davis,mia.davis@example.com,70,Frisco,TX,2025-02-24
CUST01591,Ava Jackson,ava.jackson@example.com,25,Houston,TX,2026-02-05
CUST01592,Noah Wilson,noah.wilson@example.com,21,Arlington,TX,2026-04-25
CUST01593,Ethan Williams,ethan.williams@example.com,44,Dallas,TX,2025-09-13
CUST01594,Ethan Williams,ethan.williams@example.com,53,Denton,TX,2023-08-17
CUST01595,James Brown,james.brown@example.com,22,Dallas,TX,2025-12-07
CUST01596,Harper Jones,harper.jones@example.com,50,Plano,TX,2023-09-25
CUST01597,Amelia Taylor,amelia.taylor@example.com,66,Houston,TX,2024-12-27
CUST01598,Mason Smith,mason.smith@example.com,51,Dallas,TX,2025-03-12
CUST01599,Ava Jackson,ava.jackson@example.com,47,Austin,TX,2023-09-11
CUST01600,Sophia Jackson,sophia.jackson@example.com,25,Frisco,TX,2025-08-14
CUST01601,Ava Miller,ava.miller@example.com,56,Plano,TX,2025-05-19
CUST01602,Amelia Wilson,amelia.wilson@example.com,64,Plano,TX,2023-03-28
CUST01603,Henry Davis,henry.davis@example.com,43,Dallas,TX,2026-04-19
CUST01604,Sophia Jackson,sophia.jackson@example.com,74,Frisco,TX,2025-11-14
CUST01605,Emma Jackson,emma.jackson@example.com,54,Plano,TX,2023-08-10
CUST01606,Isabella Jones,isabella.jones@example.com,51,Fort Worth,TX,2025-09-16
CUST01607,Mason Martin,mason.martin@example.com,24,Houston,TX,2024-02-01
CUST01608,Emma Martin,emma.martin@example.com,57,Fort Worth,TX,2025-07-26
CUST01609,Henry Brown,henry.brown@example.com,45,Arlington,TX,2024-05-25
CUST01610,Henry Thomas,henry.thomas@example.com,56,Fort Worth,TX,2024-07-14
CUST01611,Amelia Miller,amelia.miller@example.com,56,Frisco,TX,2025-04-25
CUST01612,Ava Jones,ava.jones@example.com,45,Austin,TX,2024-03-15
CUST01613,Amelia Miller,amelia.miller@example.com,31,Plano,TX,2026-04-13
CUST01614,Amelia Thomas,amelia.thomas@example.com,70,Frisco,TX,2023-11-07
CUST01615,Henry Smith,henry.smith@example.com,67,Plano,TX,2023-02-04
CUST01616,Mason Smith,mason.smith@example.com,55,Denton,TX,2023-08-05
CUST01617,Emma Taylor,emma.taylor@example.com,21,Austin,TX,2024-12-21
CUST01618,Liam Martin,liam.martin@example.com,59,Plano,TX,2025-10-12
CUST01619,Ava Moore,ava.moore@example.com,35,Fort Worth,TX,2024-06-02
CUST01620,Henry Williams,henry.williams@example.com,61,Denton,TX,2023-09-26
CUST01621,Emma Martin,emma.martin@example.com,65,Denton,TX,2024-09-29
CUST01622,Harper Anderson,harper.anderson@example.com,42,Arlington,TX,2024-04-19
CUST01623,Liam Johnson,liam.johnson@example.com,24,Denton,TX,2023-03-31
CUST01624,Liam Johnson,liam.johnson@example.com,55,Denton,TX,2025-12-01
CUST01625,Ethan Miller,ethan.miller@example.com,45,Dallas,TX,2026-05-10
CUST01626,James Thomas,james.thomas@example.com,22,Austin,TX,2025-09-08
CUST01627,Ava Taylor,ava.taylor@example.com,20,Fort Worth,TX,2023-10-15
CUST01628,Liam Johnson,liam.johnson@example.com,61,Frisco,TX,2024-04-25
CUST01629,Henry Anderson,henry.anderson@example.com,48,Fort Worth,TX,2024-09-28
CUST01630,Ethan Brown,ethan.brown@example.com,64,Fort Worth,TX,2024-05-15
CUST01631,Emma Johnson,emma.johnson@example.com,59,Dallas,TX,2023-02-21
CUST01632,Harper Garcia,harper.garcia@example.com,37,Houston,TX,2023-04-13
CUST01633,Noah Davis,noah.davis@example.com,36,Plano,TX,2024-11-29
CUST01634,Ava Taylor,ava.taylor@example.com,65,Plano,TX,2026-05-13
CUST01635,Mason Brown,mason.brown@example.com,28,Frisco,TX,2025-11-03
CUST01636,Amelia Jackson,amelia.jackson@example.com,57,Denton,TX,2024-04-14
CUST01637,Sophia Jones,sophia.jones@example.com,20,Arlington,TX,2024-03-02
CUST01638,Sophia Brown,sophia.brown@example.com,40,Frisco,TX,2023-04-20
CUST01639,Emma Williams,emma.williams@example.com,24,Houston,TX,2024-05-29
CUST01640,Lucas Jones,lucas.jones@example.com,40,Plano,TX,2023-03-09
CUST01641,Lucas Martin,lucas.martin@example.com,24,Arlington,TX,2026-06-23
CUST01642,Emma Wilson,emma.wilson@example.com,63,Frisco,TX,2024-01-24
CUST01643,Henry Davis,henry.davis@example.com,51,Arlington,TX,2023-11-04
CUST01644,Liam Davis,liam.davis@example.com,59,Fort Worth,TX,2025-12-25
CUST01645,James Davis,james.davis@example.com,36,Austin,TX,2024-04-04
CUST01646,Ava Thomas,ava.thomas@example.com,26,Fort Worth,TX,2023-12-13
CUST01647,Sophia Davis,sophia.davis@example.com,65,Dallas,TX,2023-11-21
CUST01648,Sophia Miller,sophia.miller@example.com,68,Denton,TX,2024-10-28
CUST01649,James Davis,james.davis@example.com,35,Plano,TX,2025-11-22
CUST01650,Liam Anderson,liam.anderson@example.com,58,Arlington,TX,2023-03-09
CUST01651,Sophia Martin,sophia.martin@example.com,65,Frisco,TX,2023-07-06
CUST01652,Amelia Davis,amelia.davis@example.com,62,Denton,TX,2023-07-11
CUST01653,Mason Moore,mason.moore@example.com,59,Austin,TX,2026-05-21
CUST01654,Ava Martin,ava.martin@example.com,42,Frisco,TX,2024-03-03
CUST01655,Mia Davis,mia.davis@example.com,69,Plano,TX,2026-02-05
CUST01656,Sophia Thomas,sophia.thomas@example.com,31,Arlington,TX,2026-06-17
CUST01657,Emma Taylor,emma.taylor@example.com,61,Arlington,TX,2023-08-04
CUST01658,Mason Miller,mason.miller@example.com,42,Fort Worth,TX,2023-06-26
CUST01659,Sophia Thomas,sophia.thomas@example.com,36,Austin,TX,2024-07-14
CUST01660,Isabella Smith,isabella.smith@example.com,56,Austin,TX,2025-05-30
CUST01661,Harper Brown,harper.brown@example.com,72,Plano,TX,2024-09-17
CUST01662,Amelia Moore,amelia.moore@example.com,32,Arlington,TX,2024-08-29
CUST01663,Mason Moore,mason.moore@example.com,33,Denton,TX,2023-06-28
CUST01664,Ethan Brown,ethan.brown@example.com,44,Austin,TX,2024-01-30
CUST01665,Mia Jones,mia.jones@example.com,57,Austin,TX,2026-03-14
CUST01666,Harper Taylor,harper.taylor@example.com,27,Frisco,TX,2025-05-25
CUST01667,Olivia Garcia,olivia.garcia@example.com,21,Plano,TX,2025-08-19
CUST01668,Emma Brown,emma.brown@example.com,68,Fort Worth,TX,2023-07-17
CUST01669,Emma Jackson,emma.jackson@example.com,36,Frisco,TX,2025-08-26
CUST01670,Ava Johnson,ava.johnson@example.com,45,Frisco,TX,2026-01-12
CUST01671,James Garcia,james.garcia@example.com,38,Houston,TX,2024-10-30
CUST01672,Harper Jackson,harper.jackson@example.com,64,Dallas,TX,2026-01-13
CUST01673,Mason Davis,mason.davis@example.com,31,Houston,TX,2024-04-01
CUST01674,Liam Jackson,liam.jackson@example.com,50,Austin,TX,2026-06-30
CUST01675,Emma Davis,emma.davis@example.com,65,Arlington,TX,2023-03-13
CUST01676,Mason Miller,mason.miller@example.com,27,Dallas,TX,2023-08-11
CUST01677,Henry Garcia,henry.garcia@example.com,36,Dallas,TX,2023-10-03
CUST01678,Mason Johnson,mason.johnson@example.com,47,Arlington,TX,2026-06-23
CUST01679,Henry Jackson,henry.jackson@example.com,39,Dallas,TX,2024-07-26
CUST01680,Isabella Miller,isabella.miller@example.com,20,Arlington,TX,2025-07-12
CUST01681,Noah Anderson,noah.anderson@example.com,54,Dallas,TX,2024-04-15
CUST01682,Noah Thomas,noah.thomas@example.com,58,Frisco,TX,2024-03-29
CUST01683,Olivia Martin,olivia.martin@example.com,35,Denton,TX,2025-08-26
CUST01684,Ethan Martin,ethan.martin@example.com,28,Plano,TX,2023-01-07
CUST01685,Olivia Jones,olivia.jones@example.com,65,Plano,TX,2023-07-07
CUST01686,Henry Garcia,henry.garcia@example.com,19,Houston,TX,2023-01-04
CUST01687,Harper Taylor,harper.taylor@example.com,29,Frisco,TX,2025-06-25
CUST01688,Sophia Davis,sophia.davis@example.com,71,Dallas,TX,2026-02-22
CUST01689,Liam Martin,liam.martin@example.com,23,Fort Worth,TX,2025-11-04
CUST01690,Sophia Davis,sophia.davis@example.com,60,Arlington,TX,2025-08-17
CUST01691,Lucas Williams,lucas.williams@example.com,57,Frisco,TX,2024-06-08
CUST01692,Sophia Thomas,sophia.thomas@example.com,61,Dallas,TX,2024-09-21
CUST01693,Ava Thomas,ava.thomas@example.com,46,Plano,TX,2026-06-17
CUST01694,Sophia Martin,sophia.martin@example.com,47,Plano,TX,2025-02-13
CUST01695,Olivia Miller,olivia.miller@example.com,19,Arlington,TX,2023-12-26
CUST01696,Emma Smith,emma.smith@example.com,26,Fort Worth,TX,2024-06-01
CUST01697,Amelia Smith,amelia.smith@example.com,64,Dallas,TX,2026-06-08
CUST01698,Emma Miller,emma.miller@example.com,19,Dallas,TX,2025-11-19
CUST01699,Noah Jackson,noah.jackson@example.com,46,Fort Worth,TX,2025-07-09
CUST01700,Amelia Jackson,amelia.jackson@example.com,50,Fort Worth,TX,2026-03-25
CUST01701,James Taylor,james.taylor@example.com,27,Fort Worth,TX,2025-05-01
CUST01702,Liam Wilson,liam.wilson@example.com,51,Plano,TX,2025-07-23
CUST01703,Liam Miller,liam.miller@example.com,61,Arlington,TX,2025-06-19
CUST01704,Ava Taylor,ava.taylor@example.com,72,Frisco,TX,2024-02-03
CUST01705,Harper Jones,harper.jones@example.com,25,Denton,TX,2026-05-03
CUST01706,Olivia Davis,olivia.davis@example.com,54,Fort Worth,TX,2023-06-17
CUST01707,Noah Johnson,noah.johnson@example.com,71,Arlington,TX,2024-01-12
CUST01708,Isabella Wilson,isabella.wilson@example.com,50,Houston,TX,2026-06-21
CUST01709,Lucas Garcia,lucas.garcia@example.com,64,Dallas,TX,2024-08-29
CUST01710,Harper Moore,harper.moore@example.com,23,Dallas,TX,2025-10-07
CUST01711,Liam Wilson,liam.wilson@example.com,61,Denton,TX,2024-08-11
CUST01712,Emma Johnson,emma.johnson@example.com,57,Denton,TX,2026-04-09
CUST01713,Sophia Williams,sophia.williams@example.com,62,Austin,TX,2026-05-15
CUST01714,Sophia Thomas,sophia.thomas@example.com,36,Houston,TX,2026-03-23
CUST01715,James Davis,james.davis@example.com,49,Frisco,TX,2023-02-17
CUST01716,Noah Smith,noah.smith@example.com,44,Denton,TX,2025-10-21
CUST01717,Olivia Jackson,olivia.jackson@example.com,18,Fort Worth,TX,2026-02-04
CUST01718,Olivia Taylor,olivia.taylor@example.com,60,Fort Worth,TX,2023-06-22
CUST01719,Ethan Jackson,ethan.jackson@example.com,69,Frisco,TX,2024-05-20
CUST01720,Henry Jackson,henry.jackson@example.com,50,Plano,TX,2026-02-27
CUST01721,Mia Jackson,mia.jackson@example.com,57,Houston,TX,2024-02-02
CUST01722,Liam Miller,liam.miller@example.com,49,Fort Worth,TX,2023-10-21
CUST01723,Olivia Miller,olivia.miller@example.com,22,Denton,TX,2024-07-05
CUST01724,James Moore,james.moore@example.com,34,Austin,TX,2025-04-29
CUST01725,Emma Smith,emma.smith@example.com,25,Arlington,TX,2025-11-05
CUST01726,Noah Wilson,noah.wilson@example.com,74,Dallas,TX,2025-06-03
CUST01727,Lucas Davis,lucas.davis@example.com,59,Houston,TX,2025-09-30
CUST01728,Ethan Brown,ethan.brown@example.com,51,Dallas,TX,2026-05-11
CUST01729,James Taylor,james.taylor@example.com,26,Arlington,TX,2023-05-14
CUST01730,Mason Anderson,mason.anderson@example.com,73,Houston,TX,2025-02-09
CUST01731,Ava Jones,ava.jones@example.com,40,Denton,TX,2024-05-22
CUST01732,Lucas Johnson,lucas.johnson@example.com,52,Arlington,TX,2025-12-25
CUST01733,Henry Moore,henry.moore@example.com,67,Fort Worth,TX,2024-04-24
CUST01734,Mason Wilson,mason.wilson@example.com,24,Frisco,TX,2025-05-12
CUST01735,Isabella Jackson,isabella.jackson@example.com,32,Fort Worth,TX,2024-04-03
CUST01736,Henry Thomas,henry.thomas@example.com,70,Denton,TX,2024-09-17
CUST01737,Sophia Thomas,sophia.thomas@example.com,71,Frisco,TX,2023-06-08
CUST01738,Ava Garcia,ava.garcia@example.com,37,Fort Worth,TX,2023-06-10
CUST01739,Liam Williams,liam.williams@example.com,67,Arlington,TX,2025-07-28
CUST01740,Emma Thomas,emma.thomas@example.com,42,Arlington,TX,2023-06-04
CUST01741,Ava Miller,ava.miller@example.com,20,Arlington,TX,2024-04-30
CUST01742,Henry Wilson,henry.wilson@example.com,72,Dallas,TX,2024-03-07
CUST01743,Mia Williams,mia.williams@example.com,63,Denton,TX,2025-11-16
CUST01744,Mason Johnson,mason.johnson@example.com,41,Arlington,TX,2025-09-30
CUST01745,Liam Miller,liam.miller@example.com,51,Fort Worth,TX,2025-11-01
CUST01746,Amelia Miller,amelia.miller@example.com,63,Austin,TX,2023-03-08
CUST01747,Mia Brown,mia.brown@example.com,39,Denton,TX,2024-06-25
CUST01748,Sophia Anderson,sophia.anderson@example.com,28,Arlington,TX,2023-04-06
CUST01749,Mia Wilson,mia.wilson@example.com,65,Austin,TX,2023-08-03
CUST01750,Ethan Martin,ethan.martin@example.com,25,Frisco,TX,2023-07-13
CUST01751,Ethan Davis,ethan.davis@example.com,56,Fort Worth,TX,2025-06-03
CUST01752,Isabella Moore,isabella.moore@example.com,60,Arlington,TX,2023-02-08
CUST01753,Henry Moore,henry.moore@example.com,52,Dallas,TX,2025-07-27
CUST01754,Noah Smith,noah.smith@example.com,66,Dallas,TX,2025-07-27
CUST01755,Lucas Smith,lucas.smith@example.com,63,Frisco,TX,2023-07-25
CUST01756,Lucas Jones,lucas.jones@example.com,55,Austin,TX,2025-07-30
CUST01757,Amelia Garcia,amelia.garcia@example.com,25,Plano,TX,2024-07-08
CUST01758,Amelia Williams,amelia.williams@example.com,71,Dallas,TX,2024-04-28
CUST01759,Liam Moore,liam.moore@example.com,54,Denton,TX,2025-02-09
CUST01760,Sophia Wilson,sophia.wilson@example.com,44,Dallas,TX,2023-09-06
CUST01761,Olivia Thomas,olivia.thomas@example.com,45,Dallas,TX,2026-01-02
CUST01762,Isabella Taylor,isabella.taylor@example.com,57,Fort Worth,TX,2024-01-08
CUST01763,Ethan Martin,ethan.martin@example.com,51,Dallas,TX,2025-05-28
CUST01764,Liam Jackson,liam.jackson@example.com,49,Houston,TX,2025-04-14
CUST01765,Olivia Garcia,olivia.garcia@example.com,32,Arlington,TX,2025-05-20
CUST01766,Lucas Brown,lucas.brown@example.com,61,Frisco,TX,2024-12-02
CUST01767,Noah Thomas,noah.thomas@example.com,34,Dallas,TX,2023-05-18
CUST01768,Mia Miller,mia.miller@example.com,50,Plano,TX,2025-08-05
CUST01769,Ethan Davis,ethan.davis@example.com,64,Denton,TX,2024-04-01
CUST01770,Liam Wilson,liam.wilson@example.com,63,Plano,TX,2025-03-24
CUST01771,Ava Moore,ava.moore@example.com,69,Dallas,TX,2025-04-02
CUST01772,Olivia Anderson,olivia.anderson@example.com,71,Dallas,TX,2025-07-30
CUST01773,Mia Garcia,mia.garcia@example.com,33,Houston,TX,2024-03-19
CUST01774,Ethan Jackson,ethan.jackson@example.com,46,Dallas,TX,2023-12-19
CUST01775,Lucas Garcia,lucas.garcia@example.com,26,Dallas,TX,2025-09-22
CUST01776,James Davis,james.davis@example.com,50,Arlington,TX,2025-03-04
CUST01777,Sophia Thomas,sophia.thomas@example.com,66,Plano,TX,2024-02-15
CUST01778,Olivia Jones,olivia.jones@example.com,46,Houston,TX,2024-11-08
CUST01779,Lucas Martin,lucas.martin@example.com,30,Plano,TX,2024-03-28
CUST01780,Ethan Williams,ethan.williams@example.com,38,Houston,TX,2024-02-23
CUST01781,Olivia Thomas,olivia.thomas@example.com,38,Plano,TX,2024-03-25
CUST01782,Isabella Williams,isabella.williams@example.com,22,Dallas,TX,2025-09-21
CUST01783,Mia Moore,mia.moore@example.com,27,Plano,TX,2026-02-12
CUST01784,Harper Garcia,harper.garcia@example.com,23,Plano,TX,2023-02-20
CUST01785,Ethan Johnson,ethan.johnson@example.com,73,Houston,TX,2023-07-29
CUST01786,Isabella Garcia,isabella.garcia@example.com,68,Frisco,TX,2025-06-06
CUST01787,Mason Moore,mason.moore@example.com,74,Austin,TX,2025-09-24
CUST01788,Liam Garcia,liam.garcia@example.com,30,Houston,TX,2025-09-19
CUST01789,James Davis,james.davis@example.com,18,Houston,TX,2025-04-29
CUST01790,Amelia Miller,amelia.miller@example.com,37,Houston,TX,2024-09-18
CUST01791,Mia Davis,mia.davis@example.com,74,Fort Worth,TX,2024-11-09
CUST01792,Olivia Martin,olivia.martin@example.com,64,Frisco,TX,2025-02-15
CUST01793,Sophia Wilson,sophia.wilson@example.com,63,Fort Worth,TX,2026-06-04
CUST01794,Lucas Garcia,lucas.garcia@example.com,25,Fort Worth,TX,2024-10-24
CUST01795,Amelia Martin,amelia.martin@example.com,27,Houston,TX,2023-09-25
CUST01796,Ava Williams,ava.williams@example.com,26,Austin,TX,2023-04-26
CUST01797,Lucas Taylor,lucas.taylor@example.com,66,Houston,TX,2025-01-23
CUST01798,Olivia Williams,olivia.williams@example.com,58,Dallas,TX,2025-11-29
CUST01799,James Anderson,james.anderson@example.com,20,Austin,TX,2023-07-01
CUST01800,Henry Thomas,henry.thomas@example.com,28,Fort Worth,TX,2026-05-17
CUST01801,Lucas Smith,lucas.smith@example.com,29,Denton,TX,2025-06-21
CUST01802,Henry Anderson,henry.anderson@example.com,27,Plano,TX,2026-02-16
CUST01803,Liam Jackson,liam.jackson@example.com,42,Plano,TX,2025-08-03
CUST01804,James Moore,james.moore@example.com,66,Frisco,TX,2023-09-15
CUST01805,Ethan Jackson,ethan.jackson@example.com,66,Denton,TX,2024-05-23
CUST01806,Isabella Jones,isabella.jones@example.com,42,Arlington,TX,2023-04-02
CUST01807,Ava Martin,ava.martin@example.com,28,Frisco,TX,2026-03-30
CUST01808,Emma Brown,emma.brown@example.com,71,Austin,TX,2023-05-29
CUST01809,Olivia Wilson,olivia.wilson@example.com,53,Fort Worth,TX,2023-04-27
CUST01810,Noah Jackson,noah.jackson@example.com,56,Austin,TX,2024-04-02
CUST01811,Emma Wilson,emma.wilson@example.com,70,Austin,TX,2024-07-18
CUST01812,Lucas Jackson,lucas.jackson@example.com,43,Plano,TX,2025-03-24
CUST01813,Amelia Martin,amelia.martin@example.com,31,Houston,TX,2023-02-14
CUST01814,Olivia Jones,olivia.jones@example.com,56,Dallas,TX,2025-02-12
CUST01815,Isabella Taylor,isabella.taylor@example.com,73,Arlington,TX,2023-08-22
CUST01816,Mason Brown,mason.brown@example.com,57,Fort Worth,TX,2023-07-16
CUST01817,Isabella Miller,isabella.miller@example.com,18,Austin,TX,2023-01-25
CUST01818,Noah Jackson,noah.jackson@example.com,73,Arlington,TX,2024-01-30
CUST01819,Ava Garcia,ava.garcia@example.com,71,Austin,TX,2024-12-14
CUST01820,Isabella Brown,isabella.brown@example.com,21,Denton,TX,2025-11-25
CUST01821,Sophia Moore,sophia.moore@example.com,47,Plano,TX,2023-08-11
CUST01822,Mason Moore,mason.moore@example.com,29,Dallas,TX,2025-05-13
CUST01823,Emma Jackson,emma.jackson@example.com,73,Plano,TX,2024-06-13
CUST01824,Ethan Taylor,ethan.taylor@example.com,52,Arlington,TX,2026-04-26
CUST01825,Liam Johnson,liam.johnson@example.com,30,Fort Worth,TX,2023-09-14
CUST01826,Sophia Smith,sophia.smith@example.com,69,Austin,TX,2024-10-15
CUST01827,Harper Brown,harper.brown@example.com,48,Dallas,TX,2026-03-05
CUST01828,Mason Brown,mason.brown@example.com,55,Denton,TX,2024-08-13
CUST01829,Ethan Moore,ethan.moore@example.com,60,Plano,TX,2024-03-19
CUST01830,Ethan Smith,ethan.smith@example.com,40,Denton,TX,2024-02-22
CUST01831,Olivia Garcia,olivia.garcia@example.com,21,Arlington,TX,2024-07-27
CUST01832,Mason Brown,mason.brown@example.com,69,Plano,TX,2023-05-09
CUST01833,Ava Smith,ava.smith@example.com,33,Austin,TX,2025-10-07
CUST01834,Lucas Smith,lucas.smith@example.com,24,Austin,TX,2023-12-07
CUST01835,Noah Jackson,noah.jackson@example.com,39,Denton,TX,2025-03-20
CUST01836,Harper Moore,harper.moore@example.com,46,Fort Worth,TX,2025-09-18
CUST01837,Noah Smith,noah.smith@example.com,28,Dallas,TX,2023-04-10
CUST01838,Emma Davis,emma.davis@example.com,73,Houston,TX,2023-02-08
CUST01839,Emma Taylor,emma.taylor@example.com,50,Plano,TX,2023-09-20
CUST01840,Noah Davis,noah.davis@example.com,46,Austin,TX,2023-05-30
CUST01841,Isabella Johnson,isabella.johnson@example.com,56,Arlington,TX,2024-11-20
CUST01842,Ava Anderson,ava.anderson@example.com,29,Plano,TX,2025-03-23
CUST01843,Henry Moore,henry.moore@example.com,24,Fort Worth,TX,2026-02-17
CUST01844,Isabella Miller,isabella.miller@example.com,72,Fort Worth,TX,2023-08-07
CUST01845,Amelia Martin,amelia.martin@example.com,56,Austin,TX,2025-06-24
CUST01846,Isabella Davis,isabella.davis@example.com,59,Austin,TX,2026-02-20
CUST01847,Liam Davis,liam.davis@example.com,65,Denton,TX,2023-09-01
CUST01848,Mia Anderson,mia.anderson@example.com,43,Austin,TX,2025-06-04
CUST01849,Lucas Taylor,lucas.taylor@example.com,57,Denton,TX,2024-08-09
CUST01850,Liam Jackson,liam.jackson@example.com,26,Frisco,TX,2024-06-01
CUST01851,Olivia Anderson,olivia.anderson@example.com,58,Houston,TX,2025-11-10
CUST01852,Mia Moore,mia.moore@example.com,51,Austin,TX,2023-07-09
CUST01853,Mia Miller,mia.miller@example.com,62,Plano,TX,2026-06-02
CUST01854,Mason Jones,mason.jones@example.com,30,Plano,TX,2025-07-03
CUST01855,Ava Smith,ava.smith@example.com,72,Denton,TX,2024-09-06
CUST01856,Ava Thomas,ava.thomas@example.com,72,Frisco,TX,2025-05-05
CUST01857,Mia Wilson,mia.wilson@example.com,53,Frisco,TX,2024-04-10
CUST01858,Amelia Moore,amelia.moore@example.com,42,Dallas,TX,2023-04-09
CUST01859,Isabella Miller,isabella.miller@example.com,41,Arlington,TX,2025-04-09
CUST01860,Mason Johnson,mason.johnson@example.com,61,Austin,TX,2025-09-23
CUST01861,Lucas Garcia,lucas.garcia@example.com,34,Denton,TX,2026-01-11
CUST01862,Mia Johnson,mia.johnson@example.com,19,Plano,TX,2023-02-25
CUST01863,Sophia Jackson,sophia.jackson@example.com,30,Frisco,TX,2025-11-11
CUST01864,Emma Smith,emma.smith@example.com,48,Plano,TX,2024-08-02
CUST01865,Emma Martin,emma.martin@example.com,46,Plano,TX,2023-07-04
CUST01866,Liam Miller,liam.miller@example.com,67,Frisco,TX,2024-06-05
CUST01867,Olivia Moore,olivia.moore@example.com,45,Houston,TX,2023-09-21
CUST01868,James Johnson,james.johnson@example.com,44,Frisco,TX,2026-06-02
CUST01869,James Moore,james.moore@example.com,32,Frisco,TX,2025-11-27
CUST01870,Emma Martin,emma.martin@example.com,48,Arlington,TX,2025-09-29
CUST01871,Henry Martin,henry.martin@example.com,57,Denton,TX,2023-05-03
CUST01872,Ethan Johnson,ethan.johnson@example.com,32,Denton,TX,2026-03-25
CUST01873,Liam Moore,liam.moore@example.com,50,Frisco,TX,2023-10-28
CUST01874,James Anderson,james.anderson@example.com,37,Fort Worth,TX,2025-04-12
CUST01875,Emma Jones,emma.jones@example.com,59,Denton,TX,2025-12-26
CUST01876,Olivia Martin,olivia.martin@example.com,29,Denton,TX,2024-10-06
CUST01877,James Jones,james.jones@example.com,54,Denton,TX,2025-05-23
CUST01878,Isabella Miller,isabella.miller@example.com,26,Frisco,TX,2024-01-29
CUST01879,Isabella Smith,isabella.smith@example.com,40,Plano,TX,2024-10-22
CUST01880,Ava Davis,ava.davis@example.com,25,Austin,TX,2026-02-28
CUST01881,Amelia Williams,amelia.williams@example.com,49,Plano,TX,2023-03-10
CUST01882,Ava Brown,ava.brown@example.com,65,Arlington,TX,2025-01-31
CUST01883,Lucas Jackson,lucas.jackson@example.com,31,Fort Worth,TX,2023-11-16
CUST01884,Mia Wilson,mia.wilson@example.com,44,Frisco,TX,2023-06-26
CUST01885,Sophia Brown,sophia.brown@example.com,42,Houston,TX,2024-08-06
CUST01886,Ava Taylor,ava.taylor@example.com,30,Dallas,TX,2026-03-29
CUST01887,Harper Thomas,harper.thomas@example.com,72,Frisco,TX,2024-08-04
CUST01888,James Jackson,james.jackson@example.com,38,Austin,TX,2026-03-04
CUST01889,Henry Jones,henry.jones@example.com,62,Dallas,TX,2023-04-21
CUST01890,Mason Miller,mason.miller@example.com,48,Houston,TX,2025-09-25
CUST01891,Emma Brown,emma.brown@example.com,54,Arlington,TX,2025-01-27
CUST01892,Mason Martin,mason.martin@example.com,65,Arlington,TX,2023-10-10
CUST01893,Harper Smith,harper.smith@example.com,60,Houston,TX,2023-07-13
CUST01894,Olivia Wilson,olivia.wilson@example.com,71,Plano,TX,2025-08-24
CUST01895,Ava Brown,ava.brown@example.com,22,Houston,TX,2025-12-06
CUST01896,Sophia Wilson,sophia.wilson@example.com,30,Denton,TX,2025-09-04
CUST01897,Olivia Garcia,olivia.garcia@example.com,45,Denton,TX,2023-12-08
CUST01898,Ethan Jackson,ethan.jackson@example.com,60,Frisco,TX,2026-06-19
CUST01899,Ethan Smith,ethan.smith@example.com,42,Austin,TX,2024-06-05
CUST01900,Mason Thomas,mason.thomas@example.com,68,Denton,TX,2025-03-11
CUST01901,Mia Williams,mia.williams@example.com,52,Fort Worth,TX,2025-06-21
CUST01902,Liam Anderson,liam.anderson@example.com,64,Frisco,TX,2023-05-11
CUST01903,Mia Johnson,mia.johnson@example.com,56,Frisco,TX,2025-03-24
CUST01904,James Wilson,james.wilson@example.com,24,Frisco,TX,2023-03-02
CUST01905,Harper Jackson,harper.jackson@example.com,55,Dallas,TX,2023-06-13
CUST01906,Isabella Thomas,isabella.thomas@example.com,49,Dallas,TX,2023-09-29
CUST01907,Lucas Smith,lucas.smith@example.com,20,Arlington,TX,2023-05-13
CUST01908,Mia Moore,mia.moore@example.com,62,Frisco,TX,2026-06-21
CUST01909,Amelia Martin,amelia.martin@example.com,56,Plano,TX,2025-09-24
CUST01910,Lucas Wilson,lucas.wilson@example.com,54,Denton,TX,2023-02-07
CUST01911,Harper Wilson,harper.wilson@example.com,72,Arlington,TX,2024-09-08
CUST01912,Lucas Davis,lucas.davis@example.com,67,Austin,TX,2024-04-18
CUST01913,Sophia Davis,sophia.davis@example.com,39,Houston,TX,2023-02-28
CUST01914,Ava Anderson,ava.anderson@example.com,25,Dallas,TX,2024-08-11
CUST01915,Sophia Martin,sophia.martin@example.com,34,Frisco,TX,2024-05-13
CUST01916,Lucas Thomas,lucas.thomas@example.com,69,Austin,TX,2026-05-26
CUST01917,Olivia Smith,olivia.smith@example.com,44,Arlington,TX,2024-07-20
CUST01918,Ethan Anderson,ethan.anderson@example.com,50,Arlington,TX,2024-07-20
CUST01919,Lucas Davis,lucas.davis@example.com,63,Dallas,TX,2026-02-26
CUST01920,Sophia Taylor,sophia.taylor@example.com,34,Arlington,TX,2025-06-22
CUST01921,Henry Martin,henry.martin@example.com,59,Plano,TX,2024-01-18
CUST01922,Harper Williams,harper.williams@example.com,29,Arlington,TX,2023-03-26
CUST01923,Olivia Anderson,olivia.anderson@example.com,65,Fort Worth,TX,2024-09-18
CUST01924,Sophia Miller,sophia.miller@example.com,63,Denton,TX,2025-04-05
CUST01925,Mia Anderson,mia.anderson@example.com,44,Houston,TX,2023-10-20
CUST01926,Emma Jackson,emma.jackson@example.com,65,Arlington,TX,2025-12-08
CUST01927,Mason Smith,mason.smith@example.com,25,Denton,TX,2025-12-26
CUST01928,Liam Smith,liam.smith@example.com,40,Denton,TX,2025-02-25
CUST01929,Isabella Taylor,isabella.taylor@example.com,59,Fort Worth,TX,2023-05-09
CUST01930,Sophia Moore,sophia.moore@example.com,66,Austin,TX,2023-01-29
CUST01931,Amelia Jones,amelia.jones@example.com,46,Arlington,TX,2026-02-16
CUST01932,Liam Jones,liam.jones@example.com,67,Plano,TX,2024-11-22
CUST01933,Harper Davis,harper.davis@example.com,37,Austin,TX,2023-05-13
CUST01934,Henry Miller,henry.miller@example.com,33,Denton,TX,2026-04-23
CUST01935,Noah Davis,noah.davis@example.com,34,Denton,TX,2024-10-07
CUST01936,Sophia Garcia,sophia.garcia@example.com,33,Frisco,TX,2024-11-19
CUST01937,Emma Garcia,emma.garcia@example.com,36,Arlington,TX,2024-06-17
CUST01938,Liam Johnson,liam.johnson@example.com,73,Dallas,TX,2026-06-18
CUST01939,Isabella Garcia,isabella.garcia@example.com,73,Fort Worth,TX,2024-05-30
CUST01940,Lucas Jones,lucas.jones@example.com,25,Fort Worth,TX,2025-08-17
CUST01941,Sophia Moore,sophia.moore@example.com,55,Dallas,TX,2023-06-14
CUST01942,Ava Williams,ava.williams@example.com,55,Houston,TX,2025-07-15
CUST01943,Henry Garcia,henry.garcia@example.com,70,Denton,TX,2025-07-21
CUST01944,Harper Davis,harper.davis@example.com,46,Frisco,TX,2024-07-10
CUST01945,Mason Wilson,mason.wilson@example.com,58,Plano,TX,2026-05-26
CUST01946,Emma Smith,emma.smith@example.com,53,Fort Worth,TX,2024-11-10
CUST01947,James Williams,james.williams@example.com,43,Austin,TX,2025-09-19
CUST01948,James Williams,james.williams@example.com,48,Denton,TX,2025-10-25
CUST01949,Amelia Anderson,amelia.anderson@example.com,61,Plano,TX,2025-01-26
CUST01950,Liam Davis,liam.davis@example.com,29,Fort Worth,TX,2026-01-09
CUST01951,Emma Smith,emma.smith@example.com,72,Frisco,TX,2026-06-24
CUST01952,Olivia Jones,olivia.jones@example.com,34,Houston,TX,2025-05-04
CUST01953,Isabella Williams,isabella.williams@example.com,32,Frisco,TX,2024-05-07
CUST01954,Mason Johnson,mason.johnson@example.com,26,Austin,TX,2024-10-10
CUST01955,Lucas Jackson,lucas.jackson@example.com,56,Frisco,TX,2025-09-18
CUST01956,Sophia Davis,sophia.davis@example.com,59,Plano,TX,2024-09-19
CUST01957,Sophia Williams,sophia.williams@example.com,65,Denton,TX,2024-09-16
CUST01958,James Miller,james.miller@example.com,29,Austin,TX,2024-06-26
CUST01959,Sophia Thomas,sophia.thomas@example.com,49,Denton,TX,2023-01-07
CUST01960,Harper Anderson,harper.anderson@example.com,42,Dallas,TX,2025-08-11
CUST01961,Mason Smith,mason.smith@example.com,56,Arlington,TX,2024-05-29
CUST01962,Ava Garcia,ava.garcia@example.com,35,Dallas,TX,2025-01-24
CUST01963,Noah Williams,noah.williams@example.com,32,Plano,TX,2023-03-14
CUST01964,Amelia Davis,amelia.davis@example.com,49,Arlington,TX,2023-01-10
CUST01965,Ethan Garcia,ethan.garcia@example.com,23,Dallas,TX,2024-07-15
CUST01966,Mia Thomas,mia.thomas@example.com,61,Arlington,TX,2023-05-02
CUST01967,Amelia Johnson,amelia.johnson@example.com,60,Fort Worth,TX,2024-11-17
CUST01968,Liam Garcia,liam.garcia@example.com,69,Frisco,TX,2024-05-27
CUST01969,Ava Miller,ava.miller@example.com,52,Austin,TX,2025-09-16
CUST01970,Amelia Jones,amelia.jones@example.com,51,Arlington,TX,2024-03-16
CUST01971,Lucas Williams,lucas.williams@example.com,55,Fort Worth,TX,2025-11-27
CUST01972,James Brown,james.brown@example.com,73,Frisco,TX,2024-12-02
CUST01973,Henry Brown,henry.brown@example.com,71,Frisco,TX,2024-08-13
CUST01974,Liam Garcia,liam.garcia@example.com,74,Houston,TX,2026-04-22
CUST01975,Sophia Taylor,sophia.taylor@example.com,22,Denton,TX,2023-03-08
CUST01976,Emma Smith,emma.smith@example.com,35,Dallas,TX,2023-01-17
CUST01977,Lucas Anderson,lucas.anderson@example.com,33,Houston,TX,2024-01-03
CUST01978,Liam Brown,liam.brown@example.com,25,Denton,TX,2025-06-22
CUST01979,Henry Taylor,henry.taylor@example.com,42,Denton,TX,2024-12-21
CUST01980,Isabella Moore,isabella.moore@example.com,49,Plano,TX,2025-08-15
CUST01981,Sophia Brown,sophia.brown@example.com,43,Fort Worth,TX,2025-06-26
CUST01982,Amelia Taylor,amelia.taylor@example.com,69,Houston,TX,2025-09-15
CUST01983,Amelia Smith,amelia.smith@example.com,39,Houston,TX,2024-04-17
CUST01984,Liam Wilson,liam.wilson@example.com,48,Denton,TX,2023-04-25
CUST01985,Emma Brown,emma.brown@example.com,60,Frisco,TX,2023-04-10
CUST01986,Isabella Miller,isabella.miller@example.com,27,Fort Worth,TX,2024-03-13
CUST01987,Sophia Thomas,sophia.thomas@example.com,73,Frisco,TX,2023-12-15
CUST01988,Henry Martin,henry.martin@example.com,74,Austin,TX,2023-05-19
CUST01989,Noah Williams,noah.williams@example.com,29,Arlington,TX,2025-04-07
CUST01990,Amelia Taylor,amelia.taylor@example.com,70,Plano,TX,2023-11-20
CUST01991,Henry Thomas,henry.thomas@example.com,45,Plano,TX,2025-04-25
CUST01992,Ava Williams,ava.williams@example.com,23,Dallas,TX,2023-10-21
CUST01993,Amelia Martin,amelia.martin@example.com,37,Frisco,TX,2025-08-25
CUST01994,Henry Davis,henry.davis@example.com,22,Arlington,TX,2023-03-15
CUST01995,Olivia Davis,olivia.davis@example.com,40,Denton,TX,2024-04-28
CUST01996,James Anderson,james.anderson@example.com,26,Dallas,TX,2023-01-16
CUST01997,Mia Thomas,mia.thomas@example.com,46,Plano,TX,2025-03-03
CUST01998,Mason Smith,mason.smith@example.com,33,Arlington,TX,2024-05-30
CUST01999,James Taylor,james.taylor@example.com,71,Houston,TX,2025-07-13
CUST02000,Harper Johnson,harper.johnson@example.com,63,Austin,TX,2026-02-24
CUST02001,Mia Davis,mia.davis@example.com,39,Denton,TX,2025-04-03
CUST02002,Lucas Smith,lucas.smith@example.com,25,Houston,TX,2024-06-01
CUST02003,Henry Jackson,henry.jackson@example.com,37,Austin,TX,2023-05-09
CUST02004,Mia Thomas,mia.thomas@example.com,68,Denton,TX,2024-05-25
CUST02005,Harper Davis,harper.davis@example.com,31,Frisco,TX,2024-02-27
CUST02006,Sophia Davis,sophia.davis@example.com,56,Fort Worth,TX,2024-01-20
CUST02007,Noah Johnson,noah.johnson@example.com,54,Dallas,TX,2023-08-20
CUST02008,Olivia Brown,olivia.brown@example.com,67,Dallas,TX,2025-08-16
CUST02009,Ava Garcia,ava.garcia@example.com,51,Fort Worth,TX,2025-04-04
CUST02010,Henry Thomas,henry.thomas@example.com,28,Arlington,TX,2026-05-03
CUST02011,Ava Anderson,ava.anderson@example.com,71,Fort Worth,TX,2023-03-06
CUST02012,Emma Wilson,emma.wilson@example.com,57,Frisco,TX,2025-04-12
CUST02013,Amelia Jackson,amelia.jackson@example.com,50,Plano,TX,2024-09-06
CUST02014,Henry Davis,henry.davis@example.com,48,Fort Worth,TX,2026-06-01
CUST02015,Mason Thomas,mason.thomas@example.com,71,Austin,TX,2025-03-11
CUST02016,Henry Jackson,henry.jackson@example.com,61,Plano,TX,2023-10-05
CUST02017,Liam Davis,liam.davis@example.com,51,Fort Worth,TX,2024-01-01
CUST02018,Noah Miller,noah.miller@example.com,67,Dallas,TX,2024-05-30
CUST02019,Liam Martin,liam.martin@example.com,24,Houston,TX,2026-05-23
CUST02020,Henry Moore,henry.moore@example.com,66,Austin,TX,2024-03-14
CUST02021,Olivia Wilson,olivia.wilson@example.com,71,Frisco,TX,2024-03-03
CUST02022,Mia Jackson,mia.jackson@example.com,40,Austin,TX,2024-12-29
CUST02023,Ava Johnson,ava.johnson@example.com,63,Denton,TX,2024-01-31
CUST02024,Olivia Williams,olivia.williams@example.com,73,Arlington,TX,2026-05-17
CUST02025,Henry Taylor,henry.taylor@example.com,24,Houston,TX,2024-08-08
CUST02026,Harper Davis,harper.davis@example.com,71,Austin,TX,2026-06-04
CUST02027,Mia Martin,mia.martin@example.com,42,Denton,TX,2024-01-10
CUST02028,Harper Garcia,harper.garcia@example.com,20,Fort Worth,TX,2025-08-05
CUST02029,Ava Taylor,ava.taylor@example.com,55,Austin,TX,2023-04-03
CUST02030,Mia Wilson,mia.wilson@example.com,37,Austin,TX,2023-11-17
CUST02031,Mason Taylor,mason.taylor@example.com,51,Austin,TX,2025-10-30
CUST02032,Noah Brown,noah.brown@example.com,66,Arlington,TX,2025-07-02
CUST02033,James Davis,james.davis@example.com,61,Austin,TX,2025-07-05
CUST02034,Isabella Taylor,isabella.taylor@example.com,61,Austin,TX,2023-04-05
CUST02035,Lucas Williams,lucas.williams@example.com,47,Arlington,TX,2025-08-16
CUST02036,Olivia Williams,olivia.williams@example.com,34,Denton,TX,2026-02-04
CUST02037,Amelia Davis,amelia.davis@example.com,27,Plano,TX,2023-03-12
CUST02038,Olivia Jones,olivia.jones@example.com,52,Houston,TX,2024-10-25
CUST02039,Isabella Williams,isabella.williams@example.com,37,Denton,TX,2025-08-26
CUST02040,James Taylor,james.taylor@example.com,35,Frisco,TX,2024-08-09
CUST02041,Ethan Anderson,ethan.anderson@example.com,62,Plano,TX,2024-12-27
CUST02042,Sophia Smith,sophia.smith@example.com,61,Dallas,TX,2024-01-03
CUST02043,Mason Jackson,mason.jackson@example.com,44,Arlington,TX,2023-02-20
CUST02044,Harper Williams,harper.williams@example.com,66,Arlington,TX,2026-03-12
CUST02045,Henry Thomas,henry.thomas@example.com,53,Austin,TX,2025-09-14
CUST02046,Mason Wilson,mason.wilson@example.com,40,Austin,TX,2026-04-05
CUST02047,Isabella Jones,isabella.jones@example.com,49,Frisco,TX,2023-09-17
CUST02048,Henry Thomas,henry.thomas@example.com,27,Dallas,TX,2026-04-30
CUST02049,Amelia Taylor,amelia.taylor@example.com,28,Austin,TX,2026-05-10
CUST02050,Liam Jackson,liam.jackson@example.com,55,Fort Worth,TX,2026-04-23
CUST02051,Mia Johnson,mia.johnson@example.com,23,Austin,TX,2023-06-07
CUST02052,Sophia Miller,sophia.miller@example.com,58,Austin,TX,2023-04-09
CUST02053,Noah Jackson,noah.jackson@example.com,64,Fort Worth,TX,2023-08-29
CUST02054,Noah Johnson,noah.johnson@example.com,51,Dallas,TX,2023-07-21
CUST02055,Isabella Brown,isabella.brown@example.com,53,Fort Worth,TX,2024-09-25
CUST02056,Mason Thomas,mason.thomas@example.com,54,Arlington,TX,2026-01-24
CUST02057,Noah Miller,noah.miller@example.com,34,Fort Worth,TX,2025-01-15
CUST02058,Amelia Brown,amelia.brown@example.com,57,Houston,TX,2024-05-04
CUST02059,Harper Miller,harper.miller@example.com,57,Arlington,TX,2024-08-01
CUST02060,Ethan Miller,ethan.miller@example.com,71,Austin,TX,2026-05-26
CUST02061,Olivia Smith,olivia.smith@example.com,29,Frisco,TX,2024-06-10
CUST02062,Emma Garcia,emma.garcia@example.com,38,Arlington,TX,2023-09-30
CUST02063,Amelia Wilson,amelia.wilson@example.com,57,Dallas,TX,2026-05-27
CUST02064,Henry Johnson,henry.johnson@example.com,36,Dallas,TX,2025-02-24
CUST02065,Lucas Martin,lucas.martin@example.com,20,Fort Worth,TX,2024-03-28
CUST02066,Isabella Williams,isabella.williams@example.com,35,Arlington,TX,2026-03-21
CUST02067,Liam Taylor,liam.taylor@example.com,70,Austin,TX,2023-12-13
CUST02068,Mia Jones,mia.jones@example.com,68,Dallas,TX,2025-03-26
CUST02069,Lucas Wilson,lucas.wilson@example.com,36,Plano,TX,2024-02-18
CUST02070,Mia Brown,mia.brown@example.com,64,Austin,TX,2024-03-06
CUST02071,Ava Smith,ava.smith@example.com,23,Plano,TX,2024-01-14
CUST02072,Lucas Brown,lucas.brown@example.com,33,Houston,TX,2025-09-24
CUST02073,Emma Garcia,emma.garcia@example.com,25,Plano,TX,2025-06-13
CUST02074,Mason Jones,mason.jones@example.com,65,Denton,TX,2024-03-03
CUST02075,Ethan Martin,ethan.martin@example.com,35,Dallas,TX,2026-01-12
CUST02076,Olivia Moore,olivia.moore@example.com,69,Fort Worth,TX,2023-07-11
CUST02077,Olivia Smith,olivia.smith@example.com,65,Houston,TX,2023-02-10
CUST02078,Ethan Brown,ethan.brown@example.com,60,Arlington,TX,2023-05-16
CUST02079,Harper Garcia,harper.garcia@example.com,56,Austin,TX,2023-04-16
CUST02080,Sophia Moore,sophia.moore@example.com,66,Dallas,TX,2024-06-02
CUST02081,Ava Jackson,ava.jackson@example.com,66,Houston,TX,2025-03-24
CUST02082,Mia Taylor,mia.taylor@example.com,29,Houston,TX,2023-05-06
CUST02083,Emma Taylor,emma.taylor@example.com,62,Denton,TX,2024-02-04
CUST02084,Noah Martin,noah.martin@example.com,27,Dallas,TX,2023-03-20
CUST02085,Lucas Brown,lucas.brown@example.com,24,Arlington,TX,2024-01-24
CUST02086,Ava Jackson,ava.jackson@example.com,63,Arlington,TX,2023-03-15
CUST02087,Amelia Martin,amelia.martin@example.com,72,Fort Worth,TX,2025-10-25
CUST02088,Isabella Wilson,isabella.wilson@example.com,18,Frisco,TX,2023-03-23
CUST02089,Lucas Jones,lucas.jones@example.com,66,Plano,TX,2025-02-14
CUST02090,Emma Davis,emma.davis@example.com,53,Arlington,TX,2025-09-17
CUST02091,Liam Wilson,liam.wilson@example.com,38,Denton,TX,2023-10-05
CUST02092,Liam Taylor,liam.taylor@example.com,54,Fort Worth,TX,2025-04-19
CUST02093,Henry Jones,henry.jones@example.com,69,Plano,TX,2023-08-12
CUST02094,Ava Garcia,ava.garcia@example.com,41,Houston,TX,2025-12-27
CUST02095,Mason Smith,mason.smith@example.com,72,Dallas,TX,2024-08-28
CUST02096,Emma Anderson,emma.anderson@example.com,42,Arlington,TX,2023-01-19
CUST02097,Emma Thomas,emma.thomas@example.com,24,Fort Worth,TX,2024-10-01
CUST02098,Ethan Jackson,ethan.jackson@example.com,59,Houston,TX,2023-04-07
CUST02099,Amelia Miller,amelia.miller@example.com,34,Arlington,TX,2025-12-11
CUST02100,Mason Brown,mason.brown@example.com,46,Austin,TX,2023-06-24
CUST02101,Amelia Anderson,amelia.anderson@example.com,47,Frisco,TX,2026-02-12
CUST02102,Harper Johnson,harper.johnson@example.com,24,Houston,TX,2023-12-14
CUST02103,Mia Jones,mia.jones@example.com,50,Denton,TX,2023-01-01
CUST02104,Mia Thomas,mia.thomas@example.com,24,Denton,TX,2023-03-04
CUST02105,Noah Williams,noah.williams@example.com,41,Arlington,TX,2023-08-14
CUST02106,Henry Garcia,henry.garcia@example.com,28,Denton,TX,2024-02-27
CUST02107,Olivia Davis,olivia.davis@example.com,26,Houston,TX,2025-11-08
CUST02108,Liam Miller,liam.miller@example.com,29,Dallas,TX,2023-01-31
CUST02109,Isabella Williams,isabella.williams@example.com,52,Dallas,TX,2025-04-24
CUST02110,Mia Davis,mia.davis@example.com,21,Frisco,TX,2024-09-24
CUST02111,Mason Johnson,mason.johnson@example.com,53,Dallas,TX,2023-01-24
CUST02112,Emma Taylor,emma.taylor@example.com,45,Plano,TX,2025-04-16
CUST02113,Isabella Wilson,isabella.wilson@example.com,74,Austin,TX,2025-09-09
CUST02114,James Brown,james.brown@example.com,30,Dallas,TX,2026-05-19
CUST02115,Amelia Smith,amelia.smith@example.com,40,Denton,TX,2023-06-10
CUST02116,Mia Davis,mia.davis@example.com,36,Austin,TX,2023-04-24
CUST02117,Emma Miller,emma.miller@example.com,59,Dallas,TX,2024-05-18
CUST02118,Mia Anderson,mia.anderson@example.com,54,Plano,TX,2025-08-12
CUST02119,Liam Moore,liam.moore@example.com,56,Denton,TX,2026-05-28
CUST02120,James Jones,james.jones@example.com,41,Houston,TX,2023-12-23
CUST02121,Lucas Taylor,lucas.taylor@example.com,33,Arlington,TX,2023-06-18
CUST02122,Mia Moore,mia.moore@example.com,50,Arlington,TX,2025-08-26
CUST02123,Harper Jones,harper.jones@example.com,29,Dallas,TX,2023-08-30
CUST02124,Mason Miller,mason.miller@example.com,51,Arlington,TX,2023-05-19
CUST02125,Mia Jones,mia.jones@example.com,24,Dallas,TX,2023-04-07
CUST02126,Olivia Davis,olivia.davis@example.com,28,Dallas,TX,2023-05-27
CUST02127,Isabella Anderson,isabella.anderson@example.com,48,Denton,TX,2026-04-20
CUST02128,Isabella Moore,isabella.moore@example.com,46,Frisco,TX,2025-12-16
CUST02129,Liam Garcia,liam.garcia@example.com,30,Fort Worth,TX,2025-12-01
CUST02130,Mason Moore,mason.moore@example.com,48,Fort Worth,TX,2025-05-15
CUST02131,James Jones,james.jones@example.com,19,Frisco,TX,2024-06-26
CUST02132,Harper Wilson,harper.wilson@example.com,56,Fort Worth,TX,2024-11-22
CUST02133,Ethan Anderson,ethan.anderson@example.com,32,Austin,TX,2025-10-22
CUST02134,Mason Johnson,mason.johnson@example.com,74,Fort Worth,TX,2026-03-07
CUST02135,Isabella Smith,isabella.smith@example.com,28,Dallas,TX,2025-06-22
CUST02136,Olivia Davis,olivia.davis@example.com,51,Plano,TX,2024-12-30
CUST02137,Lucas Thomas,lucas.thomas@example.com,56,Plano,TX,2026-05-30
CUST02138,Liam Williams,liam.williams@example.com,21,Houston,TX,2023-11-27
CUST02139,Ethan Martin,ethan.martin@example.com,28,Denton,TX,2024-09-08
CUST02140,Olivia Anderson,olivia.anderson@example.com,46,Fort Worth,TX,2024-02-08
CUST02141,James Thomas,james.thomas@example.com,19,Plano,TX,2024-05-22
CUST02142,Amelia Thomas,amelia.thomas@example.com,33,Fort Worth,TX,2026-02-24
CUST02143,James Thomas,james.thomas@example.com,56,Denton,TX,2025-11-04
CUST02144,Olivia Miller,olivia.miller@example.com,30,Houston,TX,2023-08-14
CUST02145,Amelia Taylor,amelia.taylor@example.com,54,Plano,TX,2025-09-10
CUST02146,Ava Moore,ava.moore@example.com,34,Dallas,TX,2025-05-14
CUST02147,Liam Anderson,liam.anderson@example.com,38,Austin,TX,2026-02-02
CUST02148,Mason Davis,mason.davis@example.com,61,Frisco,TX,2025-01-14
CUST02149,Amelia Jackson,amelia.jackson@example.com,36,Frisco,TX,2024-05-07
CUST02150,Henry Moore,henry.moore@example.com,24,Frisco,TX,2023-11-15
CUST02151,Amelia Moore,amelia.moore@example.com,55,Fort Worth,TX,2026-05-27
CUST02152,Emma Garcia,emma.garcia@example.com,25,Plano,TX,2025-02-11
CUST02153,Lucas Thomas,lucas.thomas@example.com,30,Denton,TX,2024-03-27
CUST02154,Emma Taylor,emma.taylor@example.com,54,Denton,TX,2025-08-01
CUST02155,Mason Martin,mason.martin@example.com,19,Plano,TX,2025-04-27
CUST02156,Mason Wilson,mason.wilson@example.com,58,Houston,TX,2025-10-13
CUST02157,Liam Miller,liam.miller@example.com,28,Dallas,TX,2026-04-28
CUST02158,Mason Jackson,mason.jackson@example.com,41,Arlington,TX,2025-06-02
CUST02159,Isabella Taylor,isabella.taylor@example.com,23,Plano,TX,2024-02-23
CUST02160,Amelia Jones,amelia.jones@example.com,43,Austin,TX,2025-05-14
CUST02161,Amelia Davis,amelia.davis@example.com,24,Houston,TX,2025-02-27
CUST02162,Ava Jackson,ava.jackson@example.com,74,Plano,TX,2024-05-09
CUST02163,Ethan Johnson,ethan.johnson@example.com,56,Plano,TX,2025-11-28
CUST02164,Mason Miller,mason.miller@example.com,36,Houston,TX,2023-06-11
CUST02165,Emma Jackson,emma.jackson@example.com,23,Houston,TX,2023-05-01
CUST02166,Mason Brown,mason.brown@example.com,60,Fort Worth,TX,2024-02-03
CUST02167,James Wilson,james.wilson@example.com,46,Plano,TX,2024-12-28
CUST02168,Ava Thomas,ava.thomas@example.com,60,Arlington,TX,2024-07-14
CUST02169,Isabella Smith,isabella.smith@example.com,56,Austin,TX,2024-08-26
CUST02170,Isabella Miller,isabella.miller@example.com,19,Dallas,TX,2026-02-26
CUST02171,Mia Garcia,mia.garcia@example.com,36,Dallas,TX,2024-06-23
CUST02172,Amelia Davis,amelia.davis@example.com,21,Arlington,TX,2023-12-22
CUST02173,Isabella Jones,isabella.jones@example.com,23,Denton,TX,2024-10-21
CUST02174,Amelia Jackson,amelia.jackson@example.com,66,Houston,TX,2024-03-07
CUST02175,Mia Smith,mia.smith@example.com,74,Houston,TX,2025-12-24
CUST02176,Olivia Smith,olivia.smith@example.com,54,Denton,TX,2026-05-26
CUST02177,Lucas Wilson,lucas.wilson@example.com,45,Houston,TX,2024-07-16
CUST02178,Noah Jackson,noah.jackson@example.com,47,Denton,TX,2025-03-27
CUST02179,Harper Taylor,harper.taylor@example.com,24,Plano,TX,2026-01-02
CUST02180,Isabella Garcia,isabella.garcia@example.com,26,Denton,TX,2024-12-11
CUST02181,Ethan Taylor,ethan.taylor@example.com,42,Houston,TX,2026-04-30
CUST02182,James Jones,james.jones@example.com,50,Houston,TX,2026-04-27
CUST02183,Sophia Jackson,sophia.jackson@example.com,18,Plano,TX,2023-01-12
CUST02184,Olivia Smith,olivia.smith@example.com,68,Denton,TX,2023-08-27
CUST02185,Isabella Garcia,isabella.garcia@example.com,23,Plano,TX,2024-03-28
CUST02186,Amelia Garcia,amelia.garcia@example.com,35,Arlington,TX,2024-01-18
CUST02187,Lucas Williams,lucas.williams@example.com,27,Fort Worth,TX,2025-02-20
CUST02188,Mia Moore,mia.moore@example.com,45,Plano,TX,2023-02-17
CUST02189,Emma Davis,emma.davis@example.com,28,Austin,TX,2023-11-13
CUST02190,Harper Martin,harper.martin@example.com,50,Houston,TX,2023-07-28
CUST02191,Sophia Jackson,sophia.jackson@example.com,18,Fort Worth,TX,2026-02-16
CUST02192,Lucas Smith,lucas.smith@example.com,30,Dallas,TX,2024-07-30
CUST02193,Lucas Smith,lucas.smith@example.com,54,Arlington,TX,2023-11-11
CUST02194,Isabella Garcia,isabella.garcia@example.com,37,Denton,TX,2025-01-23
CUST02195,Olivia Taylor,olivia.taylor@example.com,18,Fort Worth,TX,2025-11-25
CUST02196,Henry Moore,henry.moore@example.com,69,Plano,TX,2025-07-03
CUST02197,Sophia Smith,sophia.smith@example.com,20,Houston,TX,2025-01-24
CUST02198,Harper Garcia,harper.garcia@example.com,35,Houston,TX,2024-07-07
CUST02199,Liam Smith,liam.smith@example.com,58,Houston,TX,2024-02-07
CUST02200,Noah Martin,noah.martin@example.com,31,Fort Worth,TX,2026-02-04
CUST02201,Liam Moore,liam.moore@example.com,48,Houston,TX,2023-02-08
CUST02202,Henry Garcia,henry.garcia@example.com,44,Plano,TX,2024-08-03
CUST02203,Amelia Williams,amelia.williams@example.com,34,Denton,TX,2023-06-29
CUST02204,Amelia Martin,amelia.martin@example.com,72,Fort Worth,TX,2023-01-12
CUST02205,James Martin,james.martin@example.com,63,Houston,TX,2025-07-31
CUST02206,Sophia Jackson,sophia.jackson@example.com,46,Dallas,TX,2024-07-01
CUST02207,Liam Davis,liam.davis@example.com,53,Dallas,TX,2026-02-23
CUST02208,Amelia Moore,amelia.moore@example.com,54,Austin,TX,2023-03-04
CUST02209,Henry Jackson,henry.jackson@example.com,43,Houston,TX,2025-04-23
CUST02210,Isabella Garcia,isabella.garcia@example.com,70,Houston,TX,2026-01-10
CUST02211,Ava Moore,ava.moore@example.com,34,Fort Worth,TX,2025-10-05
CUST02212,Mia Anderson,mia.anderson@example.com,39,Fort Worth,TX,2023-02-03
CUST02213,Ava Moore,ava.moore@example.com,42,Frisco,TX,2025-01-21
CUST02214,Mason Smith,mason.smith@example.com,19,Denton,TX,2023-02-18
CUST02215,Harper Jackson,harper.jackson@example.com,72,Houston,TX,2024-10-19
CUST02216,Liam Jones,liam.jones@example.com,39,Austin,TX,2024-12-01
CUST02217,James Davis,james.davis@example.com,22,Denton,TX,2025-12-16
CUST02218,Mason Williams,mason.williams@example.com,21,Houston,TX,2023-04-19
CUST02219,Amelia Thomas,amelia.thomas@example.com,53,Denton,TX,2025-09-11
CUST02220,Emma Garcia,emma.garcia@example.com,23,Plano,TX,2023-01-24
CUST02221,Ethan Jones,ethan.jones@example.com,69,Fort Worth,TX,2023-08-09
CUST02222,Emma Garcia,emma.garcia@example.com,38,Houston,TX,2023-11-11
CUST02223,Henry Taylor,henry.taylor@example.com,30,Denton,TX,2023-10-21
CUST02224,Sophia Smith,sophia.smith@example.com,71,Fort Worth,TX,2025-10-30
CUST02225,Lucas Miller,lucas.miller@example.com,54,Houston,TX,2025-10-16
CUST02226,Mia Wilson,mia.wilson@example.com,72,Arlington,TX,2025-10-14
CUST02227,Liam Johnson,liam.johnson@example.com,42,Fort Worth,TX,2024-09-29
CUST02228,Harper Taylor,harper.taylor@example.com,43,Denton,TX,2023-09-24
CUST02229,James Jackson,james.jackson@example.com,72,Austin,TX,2023-03-29
CUST02230,James Jones,james.jones@example.com,56,Arlington,TX,2024-03-30
CUST02231,Harper Taylor,harper.taylor@example.com,37,Plano,TX,2026-03-17
CUST02232,Henry Brown,henry.brown@example.com,50,Houston,TX,2025-01-26
CUST02233,Olivia Garcia,olivia.garcia@example.com,31,Frisco,TX,2024-03-06
CUST02234,Amelia Garcia,amelia.garcia@example.com,73,Plano,TX,2025-06-29
CUST02235,Ethan Anderson,ethan.anderson@example.com,53,Fort Worth,TX,2023-08-30
CUST02236,Noah Johnson,noah.johnson@example.com,34,Arlington,TX,2024-12-02
CUST02237,Noah Johnson,noah.johnson@example.com,38,Plano,TX,2025-06-20
CUST02238,Noah Brown,noah.brown@example.com,63,Austin,TX,2025-01-10
CUST02239,Liam Smith,liam.smith@example.com,33,Frisco,TX,2023-03-07
CUST02240,Noah Wilson,noah.wilson@example.com,63,Fort Worth,TX,2025-08-29
CUST02241,Isabella Martin,isabella.martin@example.com,33,Arlington,TX,2024-01-13
CUST02242,Ava Martin,ava.martin@example.com,73,Plano,TX,2024-01-23
CUST02243,James Moore,james.moore@example.com,37,Arlington,TX,2025-02-19
CUST02244,Ethan Miller,ethan.miller@example.com,46,Arlington,TX,2023-07-28
CUST02245,Ava Thomas,ava.thomas@example.com,45,Plano,TX,2023-01-16
CUST02246,Lucas Miller,lucas.miller@example.com,25,Dallas,TX,2025-09-12
CUST02247,Ethan Jackson,ethan.jackson@example.com,41,Houston,TX,2026-05-28
CUST02248,Ava Williams,ava.williams@example.com,20,Denton,TX,2024-01-02
CUST02249,Ethan Jackson,ethan.jackson@example.com,42,Fort Worth,TX,2025-02-18
CUST02250,Lucas Anderson,lucas.anderson@example.com,36,Fort Worth,TX,2026-06-06
CUST02251,Mason Jackson,mason.jackson@example.com,50,Frisco,TX,2024-03-15
CUST02252,Isabella Thomas,isabella.thomas@example.com,19,Frisco,TX,2024-11-20
CUST02253,Liam Williams,liam.williams@example.com,32,Frisco,TX,2025-11-25
CUST02254,Liam Smith,liam.smith@example.com,39,Fort Worth,TX,2025-04-26
CUST02255,Henry Williams,henry.williams@example.com,27,Arlington,TX,2024-02-26
CUST02256,Harper Williams,harper.williams@example.com,35,Frisco,TX,2026-04-27
CUST02257,Amelia Brown,amelia.brown@example.com,39,Plano,TX,2026-04-16
CUST02258,James Brown,james.brown@example.com,63,Houston,TX,2024-08-30
CUST02259,Noah Williams,noah.williams@example.com,66,Austin,TX,2023-01-20
CUST02260,Isabella Taylor,isabella.taylor@example.com,44,Fort Worth,TX,2024-11-06
CUST02261,Emma Thomas,emma.thomas@example.com,30,Plano,TX,2024-01-17
CUST02262,Noah Davis,noah.davis@example.com,50,Houston,TX,2024-08-31
CUST02263,Amelia Davis,amelia.davis@example.com,22,Houston,TX,2023-05-23
CUST02264,James Moore,james.moore@example.com,43,Dallas,TX,2023-03-03
CUST02265,Sophia Moore,sophia.moore@example.com,30,Denton,TX,2026-06-19
CUST02266,Amelia Smith,amelia.smith@example.com,44,Plano,TX,2023-08-26
CUST02267,Isabella Miller,isabella.miller@example.com,74,Fort Worth,TX,2026-02-28
CUST02268,Ava Anderson,ava.anderson@example.com,31,Frisco,TX,2026-02-20
CUST02269,Ethan Johnson,ethan.johnson@example.com,41,Arlington,TX,2025-07-15
CUST02270,Harper Smith,harper.smith@example.com,20,Frisco,TX,2023-12-08
CUST02271,Harper Williams,harper.williams@example.com,64,Houston,TX,2024-03-30
CUST02272,Emma Brown,emma.brown@example.com,68,Houston,TX,2026-05-06
CUST02273,Isabella Moore,isabella.moore@example.com,66,Austin,TX,2023-10-09
CUST02274,Lucas Garcia,lucas.garcia@example.com,47,Frisco,TX,2025-06-04
CUST02275,Sophia Taylor,sophia.taylor@example.com,52,Denton,TX,2025-10-21
CUST02276,Lucas Martin,lucas.martin@example.com,65,Denton,TX,2024-12-23
CUST02277,Liam Jones,liam.jones@example.com,31,Dallas,TX,2026-05-20
CUST02278,Henry Jackson,henry.jackson@example.com,29,Denton,TX,2023-03-28
CUST02279,Liam Jackson,liam.jackson@example.com,45,Houston,TX,2024-10-26
CUST02280,Amelia Martin,amelia.martin@example.com,61,Houston,TX,2025-05-11
CUST02281,Noah Brown,noah.brown@example.com,46,Denton,TX,2023-03-02
CUST02282,Ava Davis,ava.davis@example.com,60,Arlington,TX,2025-03-07
CUST02283,Emma Anderson,emma.anderson@example.com,34,Arlington,TX,2023-04-05
CUST02284,Amelia Thomas,amelia.thomas@example.com,57,Denton,TX,2025-02-24
CUST02285,Mia Martin,mia.martin@example.com,66,Austin,TX,2026-03-16
CUST02286,Sophia Brown,sophia.brown@example.com,38,Plano,TX,2026-06-23
CUST02287,Harper Moore,harper.moore@example.com,74,Austin,TX,2025-08-18
CUST02288,Sophia Taylor,sophia.taylor@example.com,40,Austin,TX,2023-10-24
CUST02289,Amelia Thomas,amelia.thomas@example.com,37,Denton,TX,2026-02-20
CUST02290,Amelia Moore,amelia.moore@example.com,28,Arlington,TX,2024-11-24
CUST02291,Isabella Johnson,isabella.johnson@example.com,74,Frisco,TX,2024-02-03
CUST02292,Noah Jackson,noah.jackson@example.com,74,Frisco,TX,2025-08-03
CUST02293,Liam Williams,liam.williams@example.com,51,Denton,TX,2026-06-08
CUST02294,Harper Garcia,harper.garcia@example.com,27,Frisco,TX,2024-06-17
CUST02295,Henry Davis,henry.davis@example.com,27,Plano,TX,2024-02-06
CUST02296,Noah Davis,noah.davis@example.com,60,Arlington,TX,2023-05-10
CUST02297,Ethan Jackson,ethan.jackson@example.com,23,Denton,TX,2023-10-19
CUST02298,Isabella Anderson,isabella.anderson@example.com,53,Dallas,TX,2023-10-03
CUST02299,Isabella Jackson,isabella.jackson@example.com,41,Fort Worth,TX,2025-06-30
CUST02300,Emma Wilson,emma.wilson@example.com,29,Fort Worth,TX,2025-07-14
CUST02301,Ava Miller,ava.miller@example.com,60,Denton,TX,2023-02-24
CUST02302,Henry Moore,henry.moore@example.com,72,Denton,TX,2025-01-08
CUST02303,James Johnson,james.johnson@example.com,40,Dallas,TX,2025-11-15
CUST02304,Mason Davis,mason.davis@example.com,44,Frisco,TX,2025-02-03
CUST02305,James Miller,james.miller@example.com,74,Fort Worth,TX,2026-05-05
CUST02306,Amelia Davis,amelia.davis@example.com,62,Plano,TX,2024-10-03
CUST02307,Olivia Thomas,olivia.thomas@example.com,54,Denton,TX,2026-06-20
CUST02308,Harper Williams,harper.williams@example.com,23,Arlington,TX,2024-12-24
CUST02309,Olivia Miller,olivia.miller@example.com,18,Fort Worth,TX,2026-04-28
CUST02310,Isabella Taylor,isabella.taylor@example.com,23,Plano,TX,2025-03-12
CUST02311,Noah Moore,noah.moore@example.com,67,Arlington,TX,2025-01-07
CUST02312,Ethan Wilson,ethan.wilson@example.com,39,Denton,TX,2025-01-27
CUST02313,Emma Williams,emma.williams@example.com,58,Plano,TX,2024-07-20
CUST02314,Mia Martin,mia.martin@example.com,41,Dallas,TX,2023-12-06
CUST02315,Olivia Taylor,olivia.taylor@example.com,42,Denton,TX,2023-06-02
CUST02316,Emma Garcia,emma.garcia@example.com,32,Austin,TX,2025-09-30
CUST02317,Isabella Johnson,isabella.johnson@example.com,43,Dallas,TX,2024-03-02
CUST02318,Ava Johnson,ava.johnson@example.com,25,Fort Worth,TX,2025-09-29
CUST02319,Lucas Jones,lucas.jones@example.com,68,Arlington,TX,2023-07-23
CUST02320,James Jones,james.jones@example.com,41,Plano,TX,2026-02-09
CUST02321,Ethan Moore,ethan.moore@example.com,65,Fort Worth,TX,2023-11-21
CUST02322,Harper Miller,harper.miller@example.com,55,Fort Worth,TX,2025-08-07
CUST02323,Liam Thomas,liam.thomas@example.com,23,Denton,TX,2025-08-08
CUST02324,Amelia Johnson,amelia.johnson@example.com,71,Austin,TX,2025-07-27
CUST02325,Emma Anderson,emma.anderson@example.com,52,Frisco,TX,2025-08-14
CUST02326,Ava Martin,ava.martin@example.com,59,Fort Worth,TX,2025-06-12
CUST02327,Mia Moore,mia.moore@example.com,18,Austin,TX,2024-03-10
CUST02328,Mason Miller,mason.miller@example.com,63,Arlington,TX,2024-01-06
CUST02329,James Jones,james.jones@example.com,53,Arlington,TX,2025-07-21
CUST02330,Liam Martin,liam.martin@example.com,29,Plano,TX,2023-09-06
CUST02331,Harper Garcia,harper.garcia@example.com,55,Frisco,TX,2025-06-09
CUST02332,James Davis,james.davis@example.com,28,Austin,TX,2023-06-30
CUST02333,Isabella Taylor,isabella.taylor@example.com,29,Dallas,TX,2024-12-03
CUST02334,Mason Moore,mason.moore@example.com,59,Arlington,TX,2025-09-25
CUST02335,James Martin,james.martin@example.com,67,Denton,TX,2023-03-19
CUST02336,Henry Thomas,henry.thomas@example.com,56,Frisco,TX,2025-07-07
CUST02337,Mia Brown,mia.brown@example.com,24,Plano,TX,2025-06-03
CUST02338,Ava Moore,ava.moore@example.com,28,Dallas,TX,2023-12-02
CUST02339,Amelia Miller,amelia.miller@example.com,53,Arlington,TX,2023-02-19
CUST02340,Olivia Garcia,olivia.garcia@example.com,69,Arlington,TX,2023-03-26
CUST02341,Mason Taylor,mason.taylor@example.com,48,Plano,TX,2024-11-25
CUST02342,Harper Johnson,harper.johnson@example.com,50,Plano,TX,2023-01-04
CUST02343,Isabella Jackson,isabella.jackson@example.com,30,Houston,TX,2025-09-19
CUST02344,Henry Davis,henry.davis@example.com,35,Denton,TX,2023-11-13
CUST02345,Liam Taylor,liam.taylor@example.com,58,Fort Worth,TX,2026-02-08
CUST02346,Noah Wilson,noah.wilson@example.com,73,Fort Worth,TX,2025-02-01
CUST02347,Sophia Jones,sophia.jones@example.com,41,Dallas,TX,2026-03-02
CUST02348,Emma Taylor,emma.taylor@example.com,26,Fort Worth,TX,2024-09-03
CUST02349,Amelia Brown,amelia.brown@example.com,48,Dallas,TX,2025-10-01
CUST02350,James Garcia,james.garcia@example.com,72,Frisco,TX,2025-07-02
CUST02351,Olivia Davis,olivia.davis@example.com,58,Arlington,TX,2025-03-09
CUST02352,Mason Anderson,mason.anderson@example.com,27,Houston,TX,2023-04-29
CUST02353,James Jackson,james.jackson@example.com,19,Houston,TX,2023-12-16
CUST02354,Lucas Williams,lucas.williams@example.com,55,Denton,TX,2025-07-05
CUST02355,Emma Taylor,emma.taylor@example.com,32,Denton,TX,2024-11-17
CUST02356,Noah Anderson,noah.anderson@example.com,20,Arlington,TX,2024-06-25
CUST02357,Henry Anderson,henry.anderson@example.com,60,Plano,TX,2025-12-14
CUST02358,Harper Smith,harper.smith@example.com,48,Denton,TX,2023-12-27
CUST02359,Mia Brown,mia.brown@example.com,23,Denton,TX,2024-12-08
CUST02360,Henry Jackson,henry.jackson@example.com,20,Austin,TX,2024-11-15
CUST02361,Henry Brown,henry.brown@example.com,73,Austin,TX,2023-11-26
CUST02362,Sophia Smith,sophia.smith@example.com,28,Fort Worth,TX,2023-08-07
CUST02363,Ava Wilson,ava.wilson@example.com,32,Plano,TX,2023-07-27
CUST02364,Henry Williams,henry.williams@example.com,62,Dallas,TX,2025-04-24
CUST02365,James Jones,james.jones@example.com,69,Frisco,TX,2023-03-26
CUST02366,Noah Garcia,noah.garcia@example.com,45,Houston,TX,2024-11-15
CUST02367,Noah Davis,noah.davis@example.com,27,Fort Worth,TX,2023-09-02
CUST02368,Mia Garcia,mia.garcia@example.com,55,Denton,TX,2025-05-21
CUST02369,Ethan Williams,ethan.williams@example.com,64,Arlington,TX,2025-10-19
CUST02370,Mia Garcia,mia.garcia@example.com,74,Plano,TX,2026-05-20
CUST02371,James Smith,james.smith@example.com,67,Denton,TX,2024-08-18
CUST02372,Harper Brown,harper.brown@example.com,67,Houston,TX,2024-11-15
CUST02373,Ethan Garcia,ethan.garcia@example.com,24,Dallas,TX,2026-04-21
CUST02374,Ethan Miller,ethan.miller@example.com,32,Dallas,TX,2026-03-02
CUST02375,Olivia Anderson,olivia.anderson@example.com,35,Austin,TX,2025-10-10
CUST02376,Olivia Moore,olivia.moore@example.com,35,Fort Worth,TX,2025-10-10
CUST02377,Liam Anderson,liam.anderson@example.com,69,Denton,TX,2023-12-16
CUST02378,Mason Taylor,mason.taylor@example.com,58,Arlington,TX,2023-10-09
CUST02379,Mason Williams,mason.williams@example.com,41,Houston,TX,2023-10-20
CUST02380,Isabella Wilson,isabella.wilson@example.com,19,Denton,TX,2026-05-05
CUST02381,Amelia Thomas,amelia.thomas@example.com,57,Frisco,TX,2025-09-10
CUST02382,Ava Thomas,ava.thomas@example.com,37,Dallas,TX,2023-01-20
CUST02383,Mason Miller,mason.miller@example.com,51,Denton,TX,2025-01-28
CUST02384,Olivia Martin,olivia.martin@example.com,60,Houston,TX,2024-02-09
CUST02385,Liam Smith,liam.smith@example.com,43,Arlington,TX,2026-02-12
CUST02386,Henry Johnson,henry.johnson@example.com,24,Houston,TX,2024-12-01
CUST02387,Liam Smith,liam.smith@example.com,55,Fort Worth,TX,2025-09-06
CUST02388,Henry Anderson,henry.anderson@example.com,47,Austin,TX,2023-01-26
CUST02389,Harper Wilson,harper.wilson@example.com,59,Houston,TX,2024-07-19
CUST02390,Harper Wilson,harper.wilson@example.com,22,Plano,TX,2024-01-30
CUST02391,Ethan Miller,ethan.miller@example.com,28,Denton,TX,2025-09-27
CUST02392,Isabella Taylor,isabella.taylor@example.com,18,Austin,TX,2024-06-06
CUST02393,Amelia Williams,amelia.williams@example.com,51,Arlington,TX,2025-05-11
CUST02394,Mia Moore,mia.moore@example.com,73,Austin,TX,2026-01-11
CUST02395,Ava Jackson,ava.jackson@example.com,18,Houston,TX,2025-03-12
CUST02396,James Jones,james.jones@example.com,36,Houston,TX,2024-07-03
CUST02397,Ethan Jackson,ethan.jackson@example.com,19,Plano,TX,2023-03-28
CUST02398,Mia Brown,mia.brown@example.com,38,Dallas,TX,2025-04-12
CUST02399,Mason Miller,mason.miller@example.com,37,Denton,TX,2024-01-22
CUST02400,Isabella Martin,isabella.martin@example.com,40,Plano,TX,2025-08-20
CUST02401,Ethan Wilson,ethan.wilson@example.com,38,Houston,TX,2024-10-29
CUST02402,Emma Thomas,emma.thomas@example.com,41,Frisco,TX,2023-10-13
CUST02403,Mason Johnson,mason.johnson@example.com,21,Austin,TX,2024-11-28
CUST02404,Mia Moore,mia.moore@example.com,29,Plano,TX,2025-08-22
CUST02405,Ava Davis,ava.davis@example.com,39,Plano,TX,2024-01-04
CUST02406,James Jackson,james.jackson@example.com,37,Denton,TX,2024-10-16
CUST02407,Mia Wilson,mia.wilson@example.com,35,Frisco,TX,2024-10-15
CUST02408,Henry Taylor,henry.taylor@example.com,18,Frisco,TX,2024-11-27
CUST02409,Harper Martin,harper.martin@example.com,47,Frisco,TX,2025-10-20
CUST02410,Ethan Taylor,ethan.taylor@example.com,50,Denton,TX,2025-07-03
CUST02411,Ethan Wilson,ethan.wilson@example.com,41,Dallas,TX,2023-10-15
CUST02412,James Martin,james.martin@example.com,31,Houston,TX,2023-04-05
CUST02413,Noah Taylor,noah.taylor@example.com,53,Houston,TX,2024-10-30
CUST02414,Ava Martin,ava.martin@example.com,22,Arlington,TX,2023-02-10
CUST02415,Lucas Miller,lucas.miller@example.com,28,Denton,TX,2023-11-27
CUST02416,Mason Jackson,mason.jackson@example.com,41,Dallas,TX,2026-03-24
CUST02417,Liam Wilson,liam.wilson@example.com,48,Arlington,TX,2024-05-18
CUST02418,James Wilson,james.wilson@example.com,72,Arlington,TX,2023-10-02
CUST02419,Ava Martin,ava.martin@example.com,30,Arlington,TX,2023-06-28
CUST02420,Liam Williams,liam.williams@example.com,33,Denton,TX,2023-05-17
CUST02421,Ava Brown,ava.brown@example.com,41,Fort Worth,TX,2025-02-05
CUST02422,Ava Johnson,ava.johnson@example.com,30,Arlington,TX,2025-09-14
CUST02423,Mia Taylor,mia.taylor@example.com,41,Plano,TX,2026-04-18
CUST02424,Amelia Williams,amelia.williams@example.com,71,Austin,TX,2026-04-20
CUST02425,Henry Anderson,henry.anderson@example.com,43,Plano,TX,2023-08-31
CUST02426,Ava Anderson,ava.anderson@example.com,19,Plano,TX,2026-01-24
CUST02427,Amelia Jones,amelia.jones@example.com,33,Houston,TX,2023-07-16
CUST02428,Noah Jones,noah.jones@example.com,55,Fort Worth,TX,2024-06-09
CUST02429,Lucas Garcia,lucas.garcia@example.com,63,Denton,TX,2024-09-23
CUST02430,Ethan Moore,ethan.moore@example.com,18,Arlington,TX,2024-02-12
CUST02431,Sophia Miller,sophia.miller@example.com,66,Houston,TX,2026-04-09
CUST02432,Liam Miller,liam.miller@example.com,28,Dallas,TX,2024-11-21
CUST02433,Ethan Smith,ethan.smith@example.com,68,Dallas,TX,2023-06-19
CUST02434,Sophia Martin,sophia.martin@example.com,52,Denton,TX,2023-06-08
CUST02435,Lucas Johnson,lucas.johnson@example.com,60,Houston,TX,2024-03-22
CUST02436,Henry Thomas,henry.thomas@example.com,46,Austin,TX,2025-10-14
CUST02437,Lucas Wilson,lucas.wilson@example.com,54,Denton,TX,2026-01-10
CUST02438,Liam Taylor,liam.taylor@example.com,34,Houston,TX,2025-12-16
CUST02439,Harper Johnson,harper.johnson@example.com,71,Houston,TX,2023-04-22
CUST02440,Liam Garcia,liam.garcia@example.com,56,Fort Worth,TX,2023-02-17
CUST02441,Lucas Anderson,lucas.anderson@example.com,59,Denton,TX,2024-01-11
CUST02442,Sophia Anderson,sophia.anderson@example.com,45,Dallas,TX,2025-04-07
CUST02443,James Smith,james.smith@example.com,46,Dallas,TX,2023-02-02
CUST02444,Ava Williams,ava.williams@example.com,60,Arlington,TX,2024-05-18
CUST02445,Mason Johnson,mason.johnson@example.com,20,Plano,TX,2024-09-18
CUST02446,Isabella Williams,isabella.williams@example.com,69,Denton,TX,2025-10-23
CUST02447,Amelia Jones,amelia.jones@example.com,27,Houston,TX,2023-02-11
CUST02448,Emma Anderson,emma.anderson@example.com,59,Denton,TX,2023-01-09
CUST02449,Isabella Taylor,isabella.taylor@example.com,31,Houston,TX,2025-09-26
CUST02450,Ethan Garcia,ethan.garcia@example.com,29,Austin,TX,2025-03-29
CUST02451,Mia Wilson,mia.wilson@example.com,64,Denton,TX,2024-10-18
CUST02452,Ethan Thomas,ethan.thomas@example.com,59,Frisco,TX,2026-03-11
CUST02453,Mia Anderson,mia.anderson@example.com,47,Frisco,TX,2025-02-28
CUST02454,Sophia Jackson,sophia.jackson@example.com,49,Dallas,TX,2025-11-16
CUST02455,Harper Jackson,harper.jackson@example.com,49,Austin,TX,2025-12-02
CUST02456,Mia Taylor,mia.taylor@example.com,59,Fort Worth,TX,2026-02-28
CUST02457,Liam Thomas,liam.thomas@example.com,49,Arlington,TX,2026-05-24
CUST02458,James Thomas,james.thomas@example.com,43,Austin,TX,2024-08-20
CUST02459,Mason Moore,mason.moore@example.com,68,Dallas,TX,2025-07-24
CUST02460,Mason Brown,mason.brown@example.com,18,Fort Worth,TX,2026-06-23
CUST02461,Liam Miller,liam.miller@example.com,73,Houston,TX,2025-10-08
CUST02462,James Garcia,james.garcia@example.com,59,Fort Worth,TX,2023-01-21
CUST02463,Henry Johnson,henry.johnson@example.com,19,Plano,TX,2025-09-25
CUST02464,Noah Taylor,noah.taylor@example.com,34,Denton,TX,2024-04-01
CUST02465,Henry Anderson,henry.anderson@example.com,47,Austin,TX,2025-10-10
CUST02466,Harper Anderson,harper.anderson@example.com,73,Dallas,TX,2023-09-22
CUST02467,Isabella Anderson,isabella.anderson@example.com,56,Austin,TX,2023-07-03
CUST02468,Harper Jackson,harper.jackson@example.com,24,Houston,TX,2023-08-15
CUST02469,Sophia Jackson,sophia.jackson@example.com,69,Frisco,TX,2026-06-23
CUST02470,Isabella Davis,isabella.davis@example.com,44,Houston,TX,2026-01-01
CUST02471,Noah Miller,noah.miller@example.com,26,Dallas,TX,2026-03-19
CUST02472,Noah Jackson,noah.jackson@example.com,39,Plano,TX,2025-12-28
CUST02473,Ethan Jackson,ethan.jackson@example.com,51,Arlington,TX,2025-08-26
CUST02474,Lucas Miller,lucas.miller@example.com,63,Denton,TX,2025-03-15
CUST02475,Ethan Martin,ethan.martin@example.com,66,Denton,TX,2026-06-07
CUST02476,Lucas Jackson,lucas.jackson@example.com,18,Fort Worth,TX,2024-12-23
CUST02477,Harper Davis,harper.davis@example.com,26,Fort Worth,TX,2025-12-31
CUST02478,Emma Thomas,emma.thomas@example.com,37,Houston,TX,2025-09-28
CUST02479,Harper Thomas,harper.thomas@example.com,70,Austin,TX,2025-05-24
CUST02480,Mia Moore,mia.moore@example.com,36,Frisco,TX,2023-03-25
CUST02481,James Martin,james.martin@example.com,53,Austin,TX,2025-01-09
CUST02482,Lucas Anderson,lucas.anderson@example.com,57,Plano,TX,2023-08-11
CUST02483,Henry Smith,henry.smith@example.com,62,Arlington,TX,2025-03-03
CUST02484,Isabella Jackson,isabella.jackson@example.com,21,Denton,TX,2025-01-02
CUST02485,Liam Moore,liam.moore@example.com,26,Austin,TX,2026-05-24
CUST02486,Ethan Smith,ethan.smith@example.com,58,Denton,TX,2026-06-08
CUST02487,James Davis,james.davis@example.com,39,Fort Worth,TX,2024-02-09
CUST02488,Sophia Brown,sophia.brown@example.com,35,Denton,TX,2026-04-07
CUST02489,James Jones,james.jones@example.com,29,Frisco,TX,2023-11-25
CUST02490,Amelia Davis,amelia.davis@example.com,59,Denton,TX,2024-03-01
CUST02491,Mia Jones,mia.jones@example.com,60,Austin,TX,2025-02-08
CUST02492,Amelia Taylor,amelia.taylor@example.com,56,Frisco,TX,2026-05-04
CUST02493,Emma Brown,emma.brown@example.com,26,Denton,TX,2024-08-30
CUST02494,Lucas Thomas,lucas.thomas@example.com,23,Arlington,TX,2024-06-09
CUST02495,Emma Garcia,emma.garcia@example.com,36,Fort Worth,TX,2024-09-16
CUST02496,Sophia Moore,sophia.moore@example.com,65,Denton,TX,2023-03-18
CUST02497,Henry Jackson,henry.jackson@example.com,64,Frisco,TX,2025-07-08
CUST02498,Noah Thomas,noah.thomas@example.com,24,Austin,TX,2025-08-03
CUST02499,Amelia Jones,amelia.jones@example.com,33,Fort Worth,TX,2024-04-10
CUST02500,Mason Martin,mason.martin@example.com,22,Houston,TX,2026-03-29
CUST02501,Amelia Miller,amelia.miller@example.com,33,Houston,TX,2024-05-06
CUST02502,Sophia Martin,sophia.martin@example.com,18,Plano,TX,2023-11-09
CUST02503,Olivia Taylor,olivia.taylor@example.com,68,Houston,TX,2026-03-30
CUST02504,Sophia Miller,sophia.miller@example.com,54,Austin,TX,2023-11-04
CUST02505,Emma Moore,emma.moore@example.com,56,Arlington,TX,2026-03-15
CUST02506,James Brown,james.brown@example.com,36,Fort Worth,TX,2024-11-21
CUST02507,Liam Thomas,liam.thomas@example.com,71,Frisco,TX,2023-03-30
CUST02508,Ethan Moore,ethan.moore@example.com,54,Dallas,TX,2025-01-04
CUST02509,Liam Jones,liam.jones@example.com,34,Houston,TX,2025-02-16
CUST02510,Emma Moore,emma.moore@example.com,43,Houston,TX,2025-01-20
CUST02511,Ethan Williams,ethan.williams@example.com,39,Dallas,TX,2024-01-06
CUST02512,Olivia Jackson,olivia.jackson@example.com,25,Frisco,TX,2024-03-26
CUST02513,Mason Brown,mason.brown@example.com,50,Frisco,TX,2023-06-16
CUST02514,Mia Jackson,mia.jackson@example.com,19,Dallas,TX,2024-01-27
CUST02515,Isabella Martin,isabella.martin@example.com,47,Frisco,TX,2025-01-05
CUST02516,Emma Brown,emma.brown@example.com,64,Austin,TX,2024-05-05
CUST02517,James Williams,james.williams@example.com,37,Frisco,TX,2025-07-13
CUST02518,Lucas Moore,lucas.moore@example.com,35,Fort Worth,TX,2026-03-19
CUST02519,Emma Taylor,emma.taylor@example.com,60,Frisco,TX,2025-12-02
CUST02520,Emma Jones,emma.jones@example.com,74,Denton,TX,2025-08-02
CUST02521,Amelia Jones,amelia.jones@example.com,27,Denton,TX,2023-01-29
CUST02522,Amelia Anderson,amelia.anderson@example.com,41,Houston,TX,2025-11-20
CUST02523,Ethan Miller,ethan.miller@example.com,73,Arlington,TX,2024-11-23
CUST02524,Harper Brown,harper.brown@example.com,21,Austin,TX,2023-05-08
CUST02525,Harper Moore,harper.moore@example.com,54,Austin,TX,2025-02-05
CUST02526,Ava Brown,ava.brown@example.com,21,Frisco,TX,2024-03-16
CUST02527,Sophia Wilson,sophia.wilson@example.com,30,Arlington,TX,2025-05-18
CUST02528,James Garcia,james.garcia@example.com,42,Arlington,TX,2024-06-07
CUST02529,Ava Jackson,ava.jackson@example.com,30,Plano,TX,2025-01-29
CUST02530,Henry Brown,henry.brown@example.com,35,Arlington,TX,2023-04-20
CUST02531,Olivia Johnson,olivia.johnson@example.com,41,Frisco,TX,2026-06-22
CUST02532,Harper Garcia,harper.garcia@example.com,19,Frisco,TX,2023-06-12
CUST02533,Lucas Johnson,lucas.johnson@example.com,65,Dallas,TX,2024-07-13
CUST02534,Amelia Jones,amelia.jones@example.com,50,Houston,TX,2024-02-03
CUST02535,Mason Garcia,mason.garcia@example.com,36,Denton,TX,2024-08-05
CUST02536,Noah Brown,noah.brown@example.com,26,Plano,TX,2024-02-03
CUST02537,Olivia Martin,olivia.martin@example.com,45,Frisco,TX,2023-08-27
CUST02538,Noah Moore,noah.moore@example.com,52,Dallas,TX,2025-11-21
CUST02539,James Williams,james.williams@example.com,74,Plano,TX,2026-02-20
CUST02540,James Miller,james.miller@example.com,56,Houston,TX,2023-04-20
CUST02541,Henry Johnson,henry.johnson@example.com,27,Plano,TX,2023-10-27
CUST02542,Noah Moore,noah.moore@example.com,18,Dallas,TX,2025-09-28
CUST02543,James Anderson,james.anderson@example.com,59,Fort Worth,TX,2025-02-02
CUST02544,Mason Martin,mason.martin@example.com,38,Denton,TX,2023-09-06
CUST02545,Liam Garcia,liam.garcia@example.com,26,Frisco,TX,2024-06-04
CUST02546,Ava Moore,ava.moore@example.com,64,Denton,TX,2023-02-03
CUST02547,Emma Brown,emma.brown@example.com,32,Houston,TX,2023-08-16
CUST02548,Mia Garcia,mia.garcia@example.com,52,Austin,TX,2024-08-07
CUST02549,Noah Brown,noah.brown@example.com,74,Houston,TX,2025-08-15
CUST02550,Lucas Brown,lucas.brown@example.com,22,Houston,TX,2025-03-23
CUST02551,Olivia Jackson,olivia.jackson@example.com,58,Houston,TX,2024-12-24
CUST02552,Liam Brown,liam.brown@example.com,39,Fort Worth,TX,2024-08-06
CUST02553,Noah Wilson,noah.wilson@example.com,58,Frisco,TX,2024-07-23
CUST02554,Liam Miller,liam.miller@example.com,40,Dallas,TX,2023-08-08
CUST02555,Harper Williams,harper.williams@example.com,24,Frisco,TX,2025-02-25
CUST02556,Liam Williams,liam.williams@example.com,73,Austin,TX,2024-06-11
CUST02557,Noah Garcia,noah.garcia@example.com,40,Dallas,TX,2023-03-16
CUST02558,Ethan Garcia,ethan.garcia@example.com,61,Plano,TX,2023-05-16
CUST02559,Sophia Brown,sophia.brown@example.com,42,Plano,TX,2023-03-15
CUST02560,Lucas Jackson,lucas.jackson@example.com,44,Plano,TX,2023-09-11
CUST02561,Emma Jackson,emma.jackson@example.com,58,Dallas,TX,2025-11-07
CUST02562,Emma Wilson,emma.wilson@example.com,23,Arlington,TX,2025-10-18
CUST02563,Lucas Brown,lucas.brown@example.com,72,Fort Worth,TX,2025-12-02
CUST02564,Ethan Wilson,ethan.wilson@example.com,51,Arlington,TX,2023-02-19
CUST02565,Amelia Brown,amelia.brown@example.com,26,Frisco,TX,2024-05-29
CUST02566,James Johnson,james.johnson@example.com,66,Plano,TX,2025-01-13
CUST02567,Emma Johnson,emma.johnson@example.com,50,Fort Worth,TX,2024-12-31
CUST02568,Amelia Jones,amelia.jones@example.com,68,Dallas,TX,2024-07-24
CUST02569,Liam Brown,liam.brown@example.com,23,Plano,TX,2024-07-29
CUST02570,Mason Miller,mason.miller@example.com,54,Dallas,TX,2026-03-11
CUST02571,Olivia Martin,olivia.martin@example.com,48,Fort Worth,TX,2025-06-21
CUST02572,Harper Anderson,harper.anderson@example.com,51,Dallas,TX,2023-07-21
CUST02573,Ava Jones,ava.jones@example.com,58,Dallas,TX,2023-07-26
CUST02574,Emma Garcia,emma.garcia@example.com,46,Austin,TX,2024-02-19
CUST02575,Lucas Taylor,lucas.taylor@example.com,31,Frisco,TX,2023-08-09
CUST02576,Mason Brown,mason.brown@example.com,53,Arlington,TX,2025-01-27
CUST02577,Noah Moore,noah.moore@example.com,53,Denton,TX,2026-01-09
CUST02578,Henry Thomas,henry.thomas@example.com,70,Arlington,TX,2025-02-01
CUST02579,Sophia Johnson,sophia.johnson@example.com,32,Arlington,TX,2024-07-16
CUST02580,Lucas Moore,lucas.moore@example.com,25,Houston,TX,2024-01-04
CUST02581,James Taylor,james.taylor@example.com,43,Austin,TX,2025-06-14
CUST02582,Henry Wilson,henry.wilson@example.com,53,Denton,TX,2023-07-23
CUST02583,Henry Taylor,henry.taylor@example.com,65,Plano,TX,2025-11-14
CUST02584,Liam Jackson,liam.jackson@example.com,38,Plano,TX,2025-08-14
CUST02585,Sophia Miller,sophia.miller@example.com,45,Plano,TX,2023-03-10
CUST02586,Olivia Brown,olivia.brown@example.com,21,Arlington,TX,2024-05-30
CUST02587,Olivia Williams,olivia.williams@example.com,33,Frisco,TX,2023-08-28
CUST02588,Ethan Taylor,ethan.taylor@example.com,39,Arlington,TX,2023-12-27
CUST02589,Amelia Martin,amelia.martin@example.com,29,Denton,TX,2025-11-20
CUST02590,Mia Jackson,mia.jackson@example.com,33,Frisco,TX,2024-12-07
CUST02591,Henry Williams,henry.williams@example.com,68,Austin,TX,2024-11-20
CUST02592,Ethan Wilson,ethan.wilson@example.com,57,Frisco,TX,2024-10-18
CUST02593,James Jones,james.jones@example.com,55,Denton,TX,2023-12-10
CUST02594,Amelia Moore,amelia.moore@example.com,59,Dallas,TX,2024-06-19
CUST02595,Harper Jackson,harper.jackson@example.com,54,Arlington,TX,2023-12-21
CUST02596,Henry Williams,henry.williams@example.com,46,Plano,TX,2025-07-16
CUST02597,Mason Jackson,mason.jackson@example.com,35,Dallas,TX,2025-09-09
CUST02598,Sophia Jones,sophia.jones@example.com,27,Arlington,TX,2023-04-15
CUST02599,Mia Johnson,mia.johnson@example.com,59,Fort Worth,TX,2025-08-19
CUST02600,Noah Anderson,noah.anderson@example.com,56,Houston,TX,2024-06-10
CUST02601,Liam Brown,liam.brown@example.com,35,Arlington,TX,2024-05-18
CUST02602,Sophia Taylor,sophia.taylor@example.com,18,Fort Worth,TX,2026-01-13
CUST02603,Ethan Johnson,ethan.johnson@example.com,56,Denton,TX,2025-07-19
CUST02604,Ava Johnson,ava.johnson@example.com,38,Austin,TX,2024-12-09
CUST02605,Isabella Thomas,isabella.thomas@example.com,18,Fort Worth,TX,2023-08-23
CUST02606,Mia Davis,mia.davis@example.com,32,Austin,TX,2025-10-26
CUST02607,Mia Smith,mia.smith@example.com,21,Arlington,TX,2024-05-08
CUST02608,James Martin,james.martin@example.com,37,Austin,TX,2025-05-27
CUST02609,Liam Miller,liam.miller@example.com,27,Fort Worth,TX,2026-05-08
CUST02610,Emma Jones,emma.jones@example.com,40,Frisco,TX,2025-08-24
CUST02611,Olivia Jackson,olivia.jackson@example.com,58,Houston,TX,2025-08-23
CUST02612,Olivia Anderson,olivia.anderson@example.com,51,Dallas,TX,2025-08-21
CUST02613,Harper Davis,harper.davis@example.com,63,Dallas,TX,2025-06-15
CUST02614,Ava Smith,ava.smith@example.com,65,Houston,TX,2023-08-05
CUST02615,Mason Anderson,mason.anderson@example.com,50,Plano,TX,2024-09-14
CUST02616,James Miller,james.miller@example.com,51,Dallas,TX,2023-12-19
CUST02617,Mason Jones,mason.jones@example.com,56,Denton,TX,2024-11-22
CUST02618,Noah Brown,noah.brown@example.com,27,Arlington,TX,2024-11-05
CUST02619,Amelia Miller,amelia.miller@example.com,71,Plano,TX,2024-09-22
CUST02620,Sophia Taylor,sophia.taylor@example.com,37,Arlington,TX,2023-11-21
CUST02621,Harper Jackson,harper.jackson@example.com,18,Fort Worth,TX,2025-06-19
CUST02622,Harper Johnson,harper.johnson@example.com,30,Denton,TX,2026-06-05
CUST02623,Isabella Thomas,isabella.thomas@example.com,18,Fort Worth,TX,2026-03-14
CUST02624,Lucas Jackson,lucas.jackson@example.com,22,Plano,TX,2023-11-04
CUST02625,Emma Smith,emma.smith@example.com,33,Plano,TX,2024-10-15
CUST02626,Ethan Smith,ethan.smith@example.com,32,Denton,TX,2023-10-12
CUST02627,Henry Anderson,henry.anderson@example.com,66,Denton,TX,2024-01-27
CUST02628,Lucas Thomas,lucas.thomas@example.com,45,Plano,TX,2023-12-26
CUST02629,Amelia Smith,amelia.smith@example.com,48,Plano,TX,2025-02-07
CUST02630,Lucas Jackson,lucas.jackson@example.com,40,Austin,TX,2025-03-07
CUST02631,James Thomas,james.thomas@example.com,65,Frisco,TX,2025-07-20
CUST02632,Henry Jones,henry.jones@example.com,62,Plano,TX,2023-06-14
CUST02633,Mia Taylor,mia.taylor@example.com,60,Denton,TX,2025-01-02
CUST02634,Ava Miller,ava.miller@example.com,34,Frisco,TX,2024-08-03
CUST02635,Olivia Johnson,olivia.johnson@example.com,66,Plano,TX,2025-03-31
CUST02636,Noah Taylor,noah.taylor@example.com,51,Fort Worth,TX,2026-06-01
CUST02637,Mason Davis,mason.davis@example.com,30,Arlington,TX,2023-05-04
CUST02638,Isabella Brown,isabella.brown@example.com,31,Frisco,TX,2023-12-10
CUST02639,James Thomas,james.thomas@example.com,28,Fort Worth,TX,2024-06-07
CUST02640,Ava Williams,ava.williams@example.com,45,Dallas,TX,2025-12-11
CUST02641,Mia Taylor,mia.taylor@example.com,59,Denton,TX,2023-05-09
CUST02642,Ethan Anderson,ethan.anderson@example.com,49,Austin,TX,2026-03-04
CUST02643,Noah Davis,noah.davis@example.com,52,Austin,TX,2024-10-18
CUST02644,James Johnson,james.johnson@example.com,48,Arlington,TX,2026-02-24
CUST02645,Mia Anderson,mia.anderson@example.com,34,Plano,TX,2025-01-07
CUST02646,Isabella Anderson,isabella.anderson@example.com,64,Fort Worth,TX,2025-07-27
CUST02647,Olivia Moore,olivia.moore@example.com,26,Dallas,TX,2023-03-12
CUST02648,Harper Williams,harper.williams@example.com,27,Fort Worth,TX,2023-09-30
CUST02649,Olivia Thomas,olivia.thomas@example.com,25,Denton,TX,2026-04-25
CUST02650,James Williams,james.williams@example.com,38,Denton,TX,2025-10-23
CUST02651,Olivia Taylor,olivia.taylor@example.com,30,Plano,TX,2023-01-22
CUST02652,Ava Anderson,ava.anderson@example.com,67,Plano,TX,2023-06-15
CUST02653,Ava Smith,ava.smith@example.com,22,Denton,TX,2025-05-24
CUST02654,Mason Garcia,mason.garcia@example.com,23,Houston,TX,2024-05-12
CUST02655,James Johnson,james.johnson@example.com,47,Denton,TX,2024-03-09
CUST02656,Mason Smith,mason.smith@example.com,48,Fort Worth,TX,2025-01-27
CUST02657,James Johnson,james.johnson@example.com,34,Arlington,TX,2023-08-22
CUST02658,Harper Thomas,harper.thomas@example.com,28,Fort Worth,TX,2025-04-16
CUST02659,Harper Garcia,harper.garcia@example.com,37,Austin,TX,2024-10-24
CUST02660,Ethan Martin,ethan.martin@example.com,65,Dallas,TX,2024-12-25
CUST02661,James Brown,james.brown@example.com,26,Frisco,TX,2024-01-11
CUST02662,Isabella Garcia,isabella.garcia@example.com,19,Arlington,TX,2024-12-30
CUST02663,Amelia Thomas,amelia.thomas@example.com,54,Houston,TX,2026-06-23
CUST02664,Noah Wilson,noah.wilson@example.com,18,Dallas,TX,2023-10-30
CUST02665,Liam Moore,liam.moore@example.com,21,Dallas,TX,2024-02-09
CUST02666,Henry Taylor,henry.taylor@example.com,53,Frisco,TX,2024-12-08
CUST02667,Liam Thomas,liam.thomas@example.com,71,Austin,TX,2025-07-05
CUST02668,Mia Taylor,mia.taylor@example.com,42,Austin,TX,2023-01-21
CUST02669,Harper Davis,harper.davis@example.com,20,Austin,TX,2023-09-14
CUST02670,Olivia Smith,olivia.smith@example.com,26,Arlington,TX,2024-02-03
CUST02671,Noah Moore,noah.moore@example.com,39,Fort Worth,TX,2023-02-20
CUST02672,Lucas Davis,lucas.davis@example.com,40,Dallas,TX,2024-03-22
CUST02673,Amelia Wilson,amelia.wilson@example.com,29,Fort Worth,TX,2025-04-06
CUST02674,Ava Garcia,ava.garcia@example.com,27,Fort Worth,TX,2024-08-17
CUST02675,Sophia Taylor,sophia.taylor@example.com,51,Austin,TX,2025-03-28
CUST02676,Emma Jackson,emma.jackson@example.com,60,Fort Worth,TX,2024-09-27
CUST02677,Ethan Jones,ethan.jones@example.com,27,Dallas,TX,2025-12-08
CUST02678,Olivia Garcia,olivia.garcia@example.com,47,Dallas,TX,2026-02-15
CUST02679,Olivia Moore,olivia.moore@example.com,39,Plano,TX,2025-02-13
CUST02680,Isabella Garcia,isabella.garcia@example.com,23,Houston,TX,2025-08-30
CUST02681,Olivia Wilson,olivia.wilson@example.com,67,Arlington,TX,2024-02-01
CUST02682,Ava Brown,ava.brown@example.com,19,Fort Worth,TX,2024-11-13
CUST02683,Ava Johnson,ava.johnson@example.com,47,Arlington,TX,2025-11-16
CUST02684,Emma Anderson,emma.anderson@example.com,19,Arlington,TX,2024-12-11
CUST02685,Henry Anderson,henry.anderson@example.com,49,Arlington,TX,2026-01-25
CUST02686,James Wilson,james.wilson@example.com,59,Frisco,TX,2024-06-12
CUST02687,Lucas Johnson,lucas.johnson@example.com,33,Denton,TX,2024-11-15
CUST02688,Noah Taylor,noah.taylor@example.com,29,Plano,TX,2024-09-04
CUST02689,Olivia Wilson,olivia.wilson@example.com,18,Arlington,TX,2023-07-05
CUST02690,Liam Johnson,liam.johnson@example.com,70,Denton,TX,2024-11-26
CUST02691,Mason Thomas,mason.thomas@example.com,25,Denton,TX,2023-08-03
CUST02692,Isabella Davis,isabella.davis@example.com,65,Plano,TX,2026-06-28
CUST02693,Isabella Wilson,isabella.wilson@example.com,67,Dallas,TX,2023-08-04
CUST02694,Henry Thomas,henry.thomas@example.com,30,Frisco,TX,2023-01-29
CUST02695,Liam Taylor,liam.taylor@example.com,32,Fort Worth,TX,2023-04-12
CUST02696,Mia Wilson,mia.wilson@example.com,70,Plano,TX,2023-05-03
CUST02697,Liam Taylor,liam.taylor@example.com,61,Houston,TX,2023-02-23
CUST02698,Amelia Wilson,amelia.wilson@example.com,25,Denton,TX,2026-02-14
CUST02699,Mia Johnson,mia.johnson@example.com,27,Arlington,TX,2024-09-07
CUST02700,Sophia Brown,sophia.brown@example.com,63,Denton,TX,2024-07-10
CUST02701,Harper Miller,harper.miller@example.com,22,Frisco,TX,2023-04-24
CUST02702,Mason Thomas,mason.thomas@example.com,67,Houston,TX,2025-05-04
CUST02703,Harper Johnson,harper.johnson@example.com,36,Dallas,TX,2024-11-06
CUST02704,Isabella Smith,isabella.smith@example.com,64,Dallas,TX,2025-09-03
CUST02705,Liam Williams,liam.williams@example.com,55,Austin,TX,2024-12-01
CUST02706,Sophia Thomas,sophia.thomas@example.com,28,Arlington,TX,2026-05-03
CUST02707,James Brown,james.brown@example.com,70,Austin,TX,2023-10-19
CUST02708,Ethan Davis,ethan.davis@example.com,60,Frisco,TX,2023-09-18
CUST02709,Noah Garcia,noah.garcia@example.com,37,Houston,TX,2026-05-15
CUST02710,Sophia Anderson,sophia.anderson@example.com,37,Denton,TX,2024-07-17
CUST02711,Henry Johnson,henry.johnson@example.com,38,Fort Worth,TX,2023-02-18
CUST02712,Amelia Jackson,amelia.jackson@example.com,35,Austin,TX,2025-10-26
CUST02713,Noah Wilson,noah.wilson@example.com,74,Dallas,TX,2024-01-14
CUST02714,Liam Martin,liam.martin@example.com,67,Arlington,TX,2023-08-12
CUST02715,Lucas Johnson,lucas.johnson@example.com,27,Denton,TX,2025-11-12
CUST02716,James Moore,james.moore@example.com,51,Houston,TX,2025-10-04
CUST02717,Sophia Jackson,sophia.jackson@example.com,43,Plano,TX,2024-10-18
CUST02718,Mason Thomas,mason.thomas@example.com,47,Frisco,TX,2023-04-20
CUST02719,Liam Jones,liam.jones@example.com,26,Frisco,TX,2024-12-24
CUST02720,Olivia Thomas,olivia.thomas@example.com,63,Dallas,TX,2024-07-06
CUST02721,Ava Brown,ava.brown@example.com,68,Plano,TX,2026-04-10
CUST02722,Sophia Moore,sophia.moore@example.com,48,Frisco,TX,2025-10-02
CUST02723,Mason Miller,mason.miller@example.com,59,Fort Worth,TX,2024-11-28
CUST02724,Amelia Davis,amelia.davis@example.com,72,Denton,TX,2024-12-26
CUST02725,Ethan Jones,ethan.jones@example.com,21,Arlington,TX,2023-11-02
CUST02726,Olivia Taylor,olivia.taylor@example.com,23,Denton,TX,2025-08-16
CUST02727,Harper Martin,harper.martin@example.com,31,Fort Worth,TX,2025-08-11
CUST02728,Ethan Martin,ethan.martin@example.com,21,Frisco,TX,2026-03-20
CUST02729,Harper Jones,harper.jones@example.com,43,Fort Worth,TX,2024-09-12
CUST02730,Liam Johnson,liam.johnson@example.com,64,Denton,TX,2024-09-21
CUST02731,Ava Davis,ava.davis@example.com,65,Frisco,TX,2025-05-26
CUST02732,Sophia Martin,sophia.martin@example.com,56,Arlington,TX,2024-07-09
CUST02733,Sophia Johnson,sophia.johnson@example.com,34,Arlington,TX,2023-03-08
CUST02734,Lucas Taylor,lucas.taylor@example.com,36,Plano,TX,2026-03-25
CUST02735,Isabella Thomas,isabella.thomas@example.com,68,Fort Worth,TX,2025-04-14
CUST02736,Lucas Garcia,lucas.garcia@example.com,66,Houston,TX,2023-07-25
CUST02737,Henry Davis,henry.davis@example.com,23,Plano,TX,2025-02-24
CUST02738,Liam Garcia,liam.garcia@example.com,46,Arlington,TX,2023-06-04
CUST02739,Liam Brown,liam.brown@example.com,28,Dallas,TX,2026-01-02
CUST02740,Ava Moore,ava.moore@example.com,33,Frisco,TX,2025-12-08
CUST02741,Lucas Brown,lucas.brown@example.com,47,Plano,TX,2025-02-21
CUST02742,Mason Garcia,mason.garcia@example.com,42,Austin,TX,2024-08-07
CUST02743,Harper Martin,harper.martin@example.com,57,Houston,TX,2024-12-08
CUST02744,Mason Jackson,mason.jackson@example.com,28,Frisco,TX,2023-06-28
CUST02745,Ava Moore,ava.moore@example.com,24,Plano,TX,2025-12-07
CUST02746,James Brown,james.brown@example.com,43,Arlington,TX,2025-12-31
CUST02747,Isabella Davis,isabella.davis@example.com,73,Denton,TX,2023-04-23
CUST02748,Mason Wilson,mason.wilson@example.com,39,Arlington,TX,2025-01-26
CUST02749,Mia Smith,mia.smith@example.com,42,Houston,TX,2025-06-15
CUST02750,Henry Moore,henry.moore@example.com,36,Austin,TX,2025-03-31
CUST02751,Noah Brown,noah.brown@example.com,48,Plano,TX,2023-06-08
CUST02752,Ava Brown,ava.brown@example.com,43,Denton,TX,2025-02-24
CUST02753,Ava Johnson,ava.johnson@example.com,59,Plano,TX,2025-11-19
CUST02754,Emma Garcia,emma.garcia@example.com,58,Fort Worth,TX,2026-01-25
CUST02755,Harper Williams,harper.williams@example.com,53,Dallas,TX,2023-09-08
CUST02756,Henry Miller,henry.miller@example.com,40,Arlington,TX,2026-01-20
CUST02757,Olivia Moore,olivia.moore@example.com,64,Plano,TX,2023-04-23
CUST02758,Olivia Anderson,olivia.anderson@example.com,30,Plano,TX,2023-09-16
CUST02759,Mia Anderson,mia.anderson@example.com,42,Frisco,TX,2023-04-17
CUST02760,Lucas Jones,lucas.jones@example.com,19,Frisco,TX,2024-07-28
CUST02761,Henry Brown,henry.brown@example.com,19,Plano,TX,2025-09-17
CUST02762,James Jones,james.jones@example.com,33,Austin,TX,2026-05-07
CUST02763,Liam Davis,liam.davis@example.com,26,Dallas,TX,2024-03-02
CUST02764,Liam Williams,liam.williams@example.com,45,Plano,TX,2025-05-08
CUST02765,Ethan Martin,ethan.martin@example.com,30,Houston,TX,2025-07-06
CUST02766,Harper Miller,harper.miller@example.com,52,Arlington,TX,2026-02-17
CUST02767,Mia Jackson,mia.jackson@example.com,58,Fort Worth,TX,2024-09-18
CUST02768,Ava Martin,ava.martin@example.com,30,Frisco,TX,2024-04-19
CUST02769,Mia Garcia,mia.garcia@example.com,48,Houston,TX,2024-07-05
CUST02770,Mia Thomas,mia.thomas@example.com,38,Arlington,TX,2023-12-10
CUST02771,Amelia Smith,amelia.smith@example.com,49,Denton,TX,2024-09-19
CUST02772,Mia Moore,mia.moore@example.com,71,Frisco,TX,2023-05-16
CUST02773,Olivia Miller,olivia.miller@example.com,51,Austin,TX,2023-10-04
CUST02774,Amelia Martin,amelia.martin@example.com,25,Frisco,TX,2023-01-31
CUST02775,Harper Moore,harper.moore@example.com,58,Dallas,TX,2023-09-04
CUST02776,Mia Miller,mia.miller@example.com,65,Dallas,TX,2024-02-15
CUST02777,Isabella Martin,isabella.martin@example.com,19,Arlington,TX,2023-01-27
CUST02778,Noah Jackson,noah.jackson@example.com,55,Houston,TX,2023-03-14
CUST02779,Liam Thomas,liam.thomas@example.com,49,Fort Worth,TX,2026-01-25
CUST02780,Amelia Smith,amelia.smith@example.com,71,Austin,TX,2024-11-03
CUST02781,Ethan Wilson,ethan.wilson@example.com,57,Arlington,TX,2024-04-20
CUST02782,Henry Garcia,henry.garcia@example.com,45,Denton,TX,2023-10-14
CUST02783,Noah Jackson,noah.jackson@example.com,54,Austin,TX,2023-07-31
CUST02784,Ethan Thomas,ethan.thomas@example.com,58,Dallas,TX,2026-01-04
CUST02785,Emma Johnson,emma.johnson@example.com,18,Plano,TX,2024-02-05
CUST02786,Ethan Jones,ethan.jones@example.com,58,Plano,TX,2024-10-16
CUST02787,Liam Moore,liam.moore@example.com,27,Fort Worth,TX,2025-11-23
CUST02788,Liam Anderson,liam.anderson@example.com,72,Austin,TX,2024-05-12
CUST02789,Amelia Brown,amelia.brown@example.com,21,Arlington,TX,2025-04-27
CUST02790,Mia Miller,mia.miller@example.com,52,Fort Worth,TX,2023-04-08
CUST02791,Sophia Davis,sophia.davis@example.com,27,Frisco,TX,2024-01-01
CUST02792,Emma Anderson,emma.anderson@example.com,64,Frisco,TX,2024-04-07
CUST02793,Amelia Martin,amelia.martin@example.com,28,Denton,TX,2023-01-28
CUST02794,Isabella Jackson,isabella.jackson@example.com,31,Houston,TX,2024-12-13
CUST02795,Ava Anderson,ava.anderson@example.com,55,Plano,TX,2023-09-30
CUST02796,Mason Smith,mason.smith@example.com,29,Arlington,TX,2025-04-05
CUST02797,Henry Jones,henry.jones@example.com,62,Austin,TX,2026-02-24
CUST02798,Ethan Jackson,ethan.jackson@example.com,34,Fort Worth,TX,2023-07-21
CUST02799,Sophia Williams,sophia.williams@example.com,33,Arlington,TX,2024-03-25
CUST02800,Mia Smith,mia.smith@example.com,52,Fort Worth,TX,2026-01-16
CUST02801,Olivia Thomas,olivia.thomas@example.com,19,Fort Worth,TX,2023-01-19
CUST02802,Harper Williams,harper.williams@example.com,28,Fort Worth,TX,2026-02-04
CUST02803,Ava Martin,ava.martin@example.com,58,Austin,TX,2023-11-07
CUST02804,James Garcia,james.garcia@example.com,20,Arlington,TX,2024-02-16
CUST02805,Lucas Martin,lucas.martin@example.com,46,Dallas,TX,2025-01-11
CUST02806,Sophia Miller,sophia.miller@example.com,35,Dallas,TX,2024-09-15
CUST02807,Harper Davis,harper.davis@example.com,37,Austin,TX,2025-01-01
CUST02808,Olivia Moore,olivia.moore@example.com,64,Frisco,TX,2024-09-26
CUST02809,Emma Anderson,emma.anderson@example.com,31,Austin,TX,2024-05-12
CUST02810,James Brown,james.brown@example.com,51,Plano,TX,2023-09-01
CUST02811,Amelia Williams,amelia.williams@example.com,66,Fort Worth,TX,2024-11-20
CUST02812,Mia Jones,mia.jones@example.com,71,Arlington,TX,2024-07-30
CUST02813,Ava Wilson,ava.wilson@example.com,48,Arlington,TX,2024-05-29
CUST02814,Ava Moore,ava.moore@example.com,57,Houston,TX,2023-07-26
CUST02815,Ava Garcia,ava.garcia@example.com,59,Houston,TX,2025-08-05
CUST02816,Emma Jackson,emma.jackson@example.com,35,Denton,TX,2024-01-29
CUST02817,James Wilson,james.wilson@example.com,47,Dallas,TX,2025-11-10
CUST02818,Ethan Jackson,ethan.jackson@example.com,42,Houston,TX,2024-12-18
CUST02819,Lucas Garcia,lucas.garcia@example.com,36,Houston,TX,2023-07-21
CUST02820,Isabella Johnson,isabella.johnson@example.com,25,Dallas,TX,2023-04-30
CUST02821,Emma Moore,emma.moore@example.com,45,Plano,TX,2024-01-24
CUST02822,Mason Jones,mason.jones@example.com,25,Frisco,TX,2023-08-22
CUST02823,Henry Thomas,henry.thomas@example.com,48,Dallas,TX,2024-08-24
CUST02824,Henry Anderson,henry.anderson@example.com,20,Frisco,TX,2024-12-12
CUST02825,Lucas Wilson,lucas.wilson@example.com,20,Denton,TX,2025-09-08
CUST02826,Liam Davis,liam.davis@example.com,61,Houston,TX,2026-04-18
CUST02827,Henry Miller,henry.miller@example.com,39,Arlington,TX,2025-05-06
CUST02828,Mia Smith,mia.smith@example.com,34,Houston,TX,2023-03-17
CUST02829,Emma Brown,emma.brown@example.com,53,Fort Worth,TX,2024-10-10
CUST02830,Olivia Thomas,olivia.thomas@example.com,34,Denton,TX,2024-10-11
CUST02831,Lucas Miller,lucas.miller@example.com,31,Frisco,TX,2024-05-10
CUST02832,Mason Anderson,mason.anderson@example.com,68,Frisco,TX,2026-05-09
CUST02833,Liam Miller,liam.miller@example.com,26,Fort Worth,TX,2025-04-09
CUST02834,Ethan Jackson,ethan.jackson@example.com,47,Fort Worth,TX,2024-04-27
CUST02835,James Garcia,james.garcia@example.com,38,Plano,TX,2026-05-27
CUST02836,Olivia Davis,olivia.davis@example.com,29,Austin,TX,2025-12-19
CUST02837,Amelia Anderson,amelia.anderson@example.com,54,Fort Worth,TX,2025-09-17
CUST02838,Lucas Moore,lucas.moore@example.com,49,Frisco,TX,2024-09-10
CUST02839,Mia Garcia,mia.garcia@example.com,28,Arlington,TX,2024-07-03
CUST02840,James Taylor,james.taylor@example.com,37,Frisco,TX,2024-10-07
CUST02841,Olivia Williams,olivia.williams@example.com,52,Frisco,TX,2026-05-29
CUST02842,Liam Brown,liam.brown@example.com,70,Plano,TX,2024-05-16
CUST02843,Olivia Martin,olivia.martin@example.com,64,Austin,TX,2026-03-02
CUST02844,Harper Williams,harper.williams@example.com,63,Austin,TX,2025-04-25
CUST02845,James Smith,james.smith@example.com,28,Fort Worth,TX,2023-02-22
CUST02846,Noah Jackson,noah.jackson@example.com,69,Denton,TX,2024-03-25
CUST02847,Harper Taylor,harper.taylor@example.com,25,Houston,TX,2023-03-03
CUST02848,Isabella Jones,isabella.jones@example.com,21,Frisco,TX,2025-11-12
CUST02849,Sophia Jackson,sophia.jackson@example.com,44,Dallas,TX,2023-02-13
CUST02850,Ethan Smith,ethan.smith@example.com,61,Houston,TX,2025-03-30
CUST02851,Henry Smith,henry.smith@example.com,57,Houston,TX,2024-10-20
CUST02852,Liam Johnson,liam.johnson@example.com,55,Austin,TX,2024-12-28
CUST02853,James Moore,james.moore@example.com,64,Austin,TX,2025-05-01
CUST02854,Isabella Brown,isabella.brown@example.com,47,Plano,TX,2023-02-16
CUST02855,Isabella Garcia,isabella.garcia@example.com,61,Plano,TX,2025-03-30
CUST02856,Amelia Davis,amelia.davis@example.com,65,Austin,TX,2025-11-13
CUST02857,Olivia Moore,olivia.moore@example.com,65,Arlington,TX,2023-03-30
CUST02858,Sophia Williams,sophia.williams@example.com,44,Arlington,TX,2026-04-12
CUST02859,Isabella Smith,isabella.smith@example.com,38,Dallas,TX,2026-02-16
CUST02860,Sophia Williams,sophia.williams@example.com,69,Austin,TX,2025-01-04
CUST02861,Harper Thomas,harper.thomas@example.com,37,Fort Worth,TX,2023-06-27
CUST02862,Olivia Williams,olivia.williams@example.com,21,Plano,TX,2025-10-15
CUST02863,James Jones,james.jones@example.com,28,Austin,TX,2025-12-18
CUST02864,Harper Anderson,harper.anderson@example.com,30,Arlington,TX,2025-06-19
CUST02865,Mia Thomas,mia.thomas@example.com,26,Austin,TX,2024-03-13
CUST02866,Noah Thomas,noah.thomas@example.com,21,Arlington,TX,2024-03-01
CUST02867,Isabella Brown,isabella.brown@example.com,29,Austin,TX,2025-08-25
CUST02868,Emma Moore,emma.moore@example.com,26,Frisco,TX,2024-04-30
CUST02869,Harper Brown,harper.brown@example.com,30,Fort Worth,TX,2026-04-23
CUST02870,Noah Wilson,noah.wilson@example.com,65,Denton,TX,2024-04-04
CUST02871,Olivia Miller,olivia.miller@example.com,43,Dallas,TX,2025-07-09
CUST02872,Amelia Brown,amelia.brown@example.com,55,Frisco,TX,2026-01-30
CUST02873,Ethan Williams,ethan.williams@example.com,59,Fort Worth,TX,2025-11-04
CUST02874,Emma Garcia,emma.garcia@example.com,30,Arlington,TX,2025-01-17
CUST02875,Liam Williams,liam.williams@example.com,56,Plano,TX,2023-02-20
CUST02876,Henry Garcia,henry.garcia@example.com,45,Plano,TX,2023-11-05
CUST02877,Amelia Anderson,amelia.anderson@example.com,36,Houston,TX,2025-11-23
CUST02878,Noah Moore,noah.moore@example.com,41,Fort Worth,TX,2025-10-01
CUST02879,Olivia Anderson,olivia.anderson@example.com,36,Austin,TX,2024-09-26
CUST02880,Noah Moore,noah.moore@example.com,66,Dallas,TX,2023-07-24
CUST02881,Henry Moore,henry.moore@example.com,30,Austin,TX,2025-01-09
CUST02882,Isabella Thomas,isabella.thomas@example.com,30,Austin,TX,2025-12-29
CUST02883,Amelia Wilson,amelia.wilson@example.com,45,Fort Worth,TX,2026-06-07
CUST02884,Harper Garcia,harper.garcia@example.com,70,Denton,TX,2024-06-16
CUST02885,James Thomas,james.thomas@example.com,19,Dallas,TX,2023-04-18
CUST02886,Emma Brown,emma.brown@example.com,27,Houston,TX,2025-05-25
CUST02887,Mason Jackson,mason.jackson@example.com,39,Frisco,TX,2026-06-18
CUST02888,Lucas Jones,lucas.jones@example.com,30,Austin,TX,2023-09-08
CUST02889,Noah Moore,noah.moore@example.com,26,Dallas,TX,2023-05-15
CUST02890,Henry Garcia,henry.garcia@example.com,50,Houston,TX,2026-01-18
CUST02891,Liam Anderson,liam.anderson@example.com,31,Frisco,TX,2024-11-19
CUST02892,Liam Williams,liam.williams@example.com,65,Austin,TX,2024-02-11
CUST02893,Ava Davis,ava.davis@example.com,37,Dallas,TX,2023-04-12
CUST02894,Amelia Brown,amelia.brown@example.com,32,Frisco,TX,2024-11-23
CUST02895,Noah Davis,noah.davis@example.com,49,Fort Worth,TX,2026-03-15
CUST02896,Lucas Taylor,lucas.taylor@example.com,50,Denton,TX,2024-02-08
CUST02897,Mia Taylor,mia.taylor@example.com,34,Plano,TX,2025-03-24
CUST02898,Henry Williams,henry.williams@example.com,41,Plano,TX,2025-10-22
CUST02899,Isabella Taylor,isabella.taylor@example.com,47,Austin,TX,2026-02-16
CUST02900,Sophia Miller,sophia.miller@example.com,30,Austin,TX,2025-05-04
CUST02901,Harper Anderson,harper.anderson@example.com,64,Frisco,TX,2026-04-29
CUST02902,James Moore,james.moore@example.com,65,Dallas,TX,2025-10-23
CUST02903,Lucas Thomas,lucas.thomas@example.com,33,Plano,TX,2025-07-30
CUST02904,Sophia Wilson,sophia.wilson@example.com,19,Austin,TX,2025-10-17
CUST02905,Amelia Brown,amelia.brown@example.com,34,Houston,TX,2023-06-26
CUST02906,Harper Davis,harper.davis@example.com,49,Austin,TX,2025-05-22
CUST02907,Sophia Williams,sophia.williams@example.com,60,Plano,TX,2024-04-21
CUST02908,Harper Miller,harper.miller@example.com,25,Arlington,TX,2024-02-02
CUST02909,Mason Williams,mason.williams@example.com,69,Denton,TX,2023-08-08
CUST02910,Ava Thomas,ava.thomas@example.com,20,Plano,TX,2023-06-22
CUST02911,Lucas Jackson,lucas.jackson@example.com,29,Houston,TX,2025-01-05
CUST02912,Amelia Jackson,amelia.jackson@example.com,37,Dallas,TX,2024-05-16
CUST02913,Lucas Miller,lucas.miller@example.com,33,Houston,TX,2025-01-30
CUST02914,Mason Martin,mason.martin@example.com,31,Arlington,TX,2023-05-11
CUST02915,Noah Anderson,noah.anderson@example.com,33,Arlington,TX,2026-02-10
CUST02916,Noah Taylor,noah.taylor@example.com,70,Austin,TX,2025-03-08
CUST02917,Noah Taylor,noah.taylor@example.com,66,Austin,TX,2025-03-09
CUST02918,Ethan Anderson,ethan.anderson@example.com,60,Plano,TX,2025-07-18
CUST02919,Sophia Anderson,sophia.anderson@example.com,66,Fort Worth,TX,2024-12-23
CUST02920,Ethan Garcia,ethan.garcia@example.com,68,Denton,TX,2025-11-09
CUST02921,Ava Johnson,ava.johnson@example.com,71,Houston,TX,2023-08-03
CUST02922,James Anderson,james.anderson@example.com,50,Plano,TX,2026-06-28
CUST02923,Mason Williams,mason.williams@example.com,47,Fort Worth,TX,2024-05-02
CUST02924,Amelia Garcia,amelia.garcia@example.com,29,Plano,TX,2026-05-02
CUST02925,Lucas Martin,lucas.martin@example.com,32,Denton,TX,2023-11-09
CUST02926,Harper Brown,harper.brown@example.com,35,Denton,TX,2023-03-20
CUST02927,Isabella Garcia,isabella.garcia@example.com,45,Arlington,TX,2023-06-29
CUST02928,Amelia Smith,amelia.smith@example.com,40,Austin,TX,2025-09-30
CUST02929,Sophia Taylor,sophia.taylor@example.com,31,Austin,TX,2024-11-05
CUST02930,Ethan Thomas,ethan.thomas@example.com,47,Denton,TX,2023-01-14
CUST02931,Ethan Smith,ethan.smith@example.com,50,Plano,TX,2025-05-08
CUST02932,Olivia Williams,olivia.williams@example.com,62,Denton,TX,2023-09-03
CUST02933,Ethan Davis,ethan.davis@example.com,32,Austin,TX,2025-11-03
CUST02934,James Davis,james.davis@example.com,24,Dallas,TX,2023-04-09
CUST02935,Mia Anderson,mia.anderson@example.com,32,Plano,TX,2023-02-02
CUST02936,Lucas Brown,lucas.brown@example.com,69,Arlington,TX,2023-09-14
CUST02937,Mia Garcia,mia.garcia@example.com,59,Frisco,TX,2023-02-03
CUST02938,Harper Jackson,harper.jackson@example.com,63,Plano,TX,2023-01-19
CUST02939,Lucas Davis,lucas.davis@example.com,55,Plano,TX,2024-08-11
CUST02940,Mason Miller,mason.miller@example.com,63,Austin,TX,2023-05-17
CUST02941,Lucas Anderson,lucas.anderson@example.com,73,Arlington,TX,2023-12-25
CUST02942,Mia Miller,mia.miller@example.com,74,Plano,TX,2025-01-23
CUST02943,Amelia Moore,amelia.moore@example.com,71,Austin,TX,2026-02-13
CUST02944,Lucas Brown,lucas.brown@example.com,61,Denton,TX,2024-02-08
CUST02945,Mason Wilson,mason.wilson@example.com,28,Houston,TX,2026-05-10
CUST02946,Mason Thomas,mason.thomas@example.com,46,Arlington,TX,2023-09-07
CUST02947,Ava Taylor,ava.taylor@example.com,48,Fort Worth,TX,2024-03-21
CUST02948,Lucas Garcia,lucas.garcia@example.com,42,Dallas,TX,2025-08-11
CUST02949,Isabella Martin,isabella.martin@example.com,69,Fort Worth,TX,2023-10-05
CUST02950,Olivia Thomas,olivia.thomas@example.com,71,Frisco,TX,2023-04-22
CUST02951,Noah Anderson,noah.anderson@example.com,41,Denton,TX,2025-01-15
CUST02952,Liam Williams,liam.williams@example.com,74,Arlington,TX,2024-11-18
CUST02953,Mason Jones,mason.jones@example.com,36,Plano,TX,2024-01-27
CUST02954,Emma Jones,emma.jones@example.com,19,Austin,TX,2025-08-26
CUST02955,Noah Martin,noah.martin@example.com,39,Frisco,TX,2023-05-23
CUST02956,James Jones,james.jones@example.com,37,Arlington,TX,2025-11-21
CUST02957,Sophia Davis,sophia.davis@example.com,50,Dallas,TX,2023-06-30
CUST02958,Lucas Wilson,lucas.wilson@example.com,25,Arlington,TX,2024-08-01
CUST02959,Mia Moore,mia.moore@example.com,42,Frisco,TX,2025-03-08
CUST02960,Liam Wilson,liam.wilson@example.com,63,Austin,TX,2023-09-26
CUST02961,Emma Moore,emma.moore@example.com,26,Fort Worth,TX,2026-06-13
CUST02962,Noah Garcia,noah.garcia@example.com,51,Houston,TX,2024-07-06
CUST02963,Lucas Garcia,lucas.garcia@example.com,74,Fort Worth,TX,2024-09-24
CUST02964,Ava Wilson,ava.wilson@example.com,40,Austin,TX,2023-10-02
CUST02965,Sophia Brown,sophia.brown@example.com,22,Frisco,TX,2025-01-12
CUST02966,Liam Garcia,liam.garcia@example.com,72,Austin,TX,2023-03-27
CUST02967,Olivia Brown,olivia.brown@example.com,42,Denton,TX,2025-12-22
CUST02968,Harper Anderson,harper.anderson@example.com,25,Dallas,TX,2024-02-08
CUST02969,Ava Smith,ava.smith@example.com,33,Arlington,TX,2023-07-11
CUST02970,Emma Miller,emma.miller@example.com,71,Denton,TX,2025-11-20
CUST02971,James Martin,james.martin@example.com,65,Arlington,TX,2023-04-17
CUST02972,Liam Taylor,liam.taylor@example.com,62,Fort Worth,TX,2024-09-13
CUST02973,Ava Anderson,ava.anderson@example.com,69,Frisco,TX,2023-10-03
CUST02974,Sophia Thomas,sophia.thomas@example.com,32,Houston,TX,2024-10-12
CUST02975,Olivia Garcia,olivia.garcia@example.com,18,Houston,TX,2024-07-09
CUST02976,Ava Wilson,ava.wilson@example.com,39,Dallas,TX,2026-01-10
CUST02977,Ethan Miller,ethan.miller@example.com,20,Austin,TX,2025-12-23
CUST02978,Olivia Moore,olivia.moore@example.com,55,Dallas,TX,2024-07-20
CUST02979,Harper Miller,harper.miller@example.com,71,Arlington,TX,2024-08-08
CUST02980,Emma Johnson,emma.johnson@example.com,31,Plano,TX,2025-06-03
CUST02981,James Thomas,james.thomas@example.com,53,Plano,TX,2023-05-09
CUST02982,Sophia Anderson,sophia.anderson@example.com,35,Plano,TX,2023-09-13
CUST02983,Isabella Jackson,isabella.jackson@example.com,64,Austin,TX,2025-07-22
CUST02984,Lucas Wilson,lucas.wilson@example.com,58,Dallas,TX,2023-08-19
CUST02985,Mia Taylor,mia.taylor@example.com,35,Denton,TX,2026-03-06
CUST02986,Henry Wilson,henry.wilson@example.com,20,Frisco,TX,2025-05-12
CUST02987,Amelia Garcia,amelia.garcia@example.com,27,Fort Worth,TX,2023-12-21
CUST02988,Amelia Moore,amelia.moore@example.com,66,Arlington,TX,2023-05-26
CUST02989,Mia Williams,mia.williams@example.com,56,Plano,TX,2025-11-22
CUST02990,Henry Smith,henry.smith@example.com,64,Frisco,TX,2023-09-17
CUST02991,Mia Brown,mia.brown@example.com,18,Houston,TX,2023-03-28
CUST02992,Liam Martin,liam.martin@example.com,44,Denton,TX,2025-04-22
CUST02993,Emma Martin,emma.martin@example.com,74,Dallas,TX,2023-09-22
CUST02994,Sophia Williams,sophia.williams@example.com,44,Arlington,TX,2024-01-27
CUST02995,Olivia Martin,olivia.martin@example.com,28,Arlington,TX,2023-08-20
CUST02996,Liam Thomas,liam.thomas@example.com,66,Houston,TX,2025-06-19
CUST02997,Emma Smith,emma.smith@example.com,22,Denton,TX,2024-08-10
CUST02998,Lucas Williams,lucas.williams@example.com,24,Houston,TX,2024-03-22
CUST02999,Ethan Martin,ethan.martin@example.com,36,Houston,TX,2026-02-26
CUST03000,Amelia Martin,amelia.martin@example.com,74,Plano,TX,2026-01-17
CUST03001,Sophia Brown,sophia.brown@example.com,73,Denton,TX,2024-04-10
CUST03002,Mia Moore,mia.moore@example.com,46,Plano,TX,2025-07-22
CUST03003,Ava Moore,ava.moore@example.com,32,Dallas,TX,2026-04-08
CUST03004,Isabella Jackson,isabella.jackson@example.com,52,Houston,TX,2023-05-08
CUST03005,Sophia Martin,sophia.martin@example.com,64,Fort Worth,TX,2026-04-12
CUST03006,Mason Davis,mason.davis@example.com,54,Arlington,TX,2025-11-15
CUST03007,James Wilson,james.wilson@example.com,72,Denton,TX,2024-07-26
CUST03008,Henry Williams,henry.williams@example.com,29,Houston,TX,2024-05-25
CUST03009,Emma Garcia,emma.garcia@example.com,47,Denton,TX,2024-05-02
CUST03010,Noah Taylor,noah.taylor@example.com,37,Arlington,TX,2025-06-09
CUST03011,Lucas Anderson,lucas.anderson@example.com,54,Austin,TX,2024-08-01
CUST03012,Ethan Jackson,ethan.jackson@example.com,20,Frisco,TX,2025-08-07
CUST03013,Lucas Jones,lucas.jones@example.com,26,Austin,TX,2024-02-10
CUST03014,Sophia Garcia,sophia.garcia@example.com,58,Houston,TX,2025-11-15
CUST03015,Amelia Brown,amelia.brown@example.com,56,Arlington,TX,2026-01-11
CUST03016,Henry Taylor,henry.taylor@example.com,43,Frisco,TX,2023-12-30
CUST03017,Noah Garcia,noah.garcia@example.com,19,Austin,TX,2025-12-19
CUST03018,Mason Miller,mason.miller@example.com,40,Houston,TX,2024-07-04
CUST03019,Olivia Wilson,olivia.wilson@example.com,40,Arlington,TX,2023-10-19
CUST03020,Ava Taylor,ava.taylor@example.com,38,Houston,TX,2025-02-27
CUST03021,Noah Miller,noah.miller@example.com,33,Plano,TX,2025-03-26
CUST03022,Emma Garcia,emma.garcia@example.com,26,Arlington,TX,2023-07-10
CUST03023,Mia Smith,mia.smith@example.com,30,Austin,TX,2024-04-05
CUST03024,Mason Johnson,mason.johnson@example.com,45,Houston,TX,2024-10-25
CUST03025,Ava Smith,ava.smith@example.com,44,Denton,TX,2023-08-21
CUST03026,Isabella Wilson,isabella.wilson@example.com,68,Austin,TX,2024-04-18
CUST03027,Ethan Taylor,ethan.taylor@example.com,69,Houston,TX,2024-10-19
CUST03028,Mia Taylor,mia.taylor@example.com,34,Denton,TX,2023-09-28
CUST03029,Sophia Wilson,sophia.wilson@example.com,55,Denton,TX,2026-03-03
CUST03030,Noah Miller,noah.miller@example.com,53,Dallas,TX,2023-06-20
CUST03031,Amelia Moore,amelia.moore@example.com,18,Denton,TX,2023-01-28
CUST03032,Ava Johnson,ava.johnson@example.com,35,Austin,TX,2023-05-16
CUST03033,James Garcia,james.garcia@example.com,68,Austin,TX,2025-07-13
CUST03034,Liam Anderson,liam.anderson@example.com,26,Fort Worth,TX,2024-02-09
CUST03035,James Brown,james.brown@example.com,30,Frisco,TX,2025-09-03
CUST03036,Olivia Smith,olivia.smith@example.com,57,Plano,TX,2025-06-06
CUST03037,James Smith,james.smith@example.com,72,Austin,TX,2026-06-18
CUST03038,Isabella Thomas,isabella.thomas@example.com,62,Arlington,TX,2025-05-05
CUST03039,Olivia Jones,olivia.jones@example.com,32,Frisco,TX,2024-03-19
CUST03040,Mason Thomas,mason.thomas@example.com,60,Denton,TX,2024-03-09
CUST03041,Ethan Johnson,ethan.johnson@example.com,61,Houston,TX,2026-06-05
CUST03042,Mason Brown,mason.brown@example.com,63,Dallas,TX,2024-05-23
CUST03043,Liam Smith,liam.smith@example.com,21,Arlington,TX,2023-02-03
CUST03044,Emma Brown,emma.brown@example.com,50,Frisco,TX,2025-10-22
CUST03045,Ethan Anderson,ethan.anderson@example.com,41,Arlington,TX,2023-12-28
CUST03046,James Garcia,james.garcia@example.com,53,Arlington,TX,2026-05-03
CUST03047,Amelia Taylor,amelia.taylor@example.com,68,Arlington,TX,2024-08-28
CUST03048,Lucas Brown,lucas.brown@example.com,58,Frisco,TX,2024-12-16
CUST03049,Emma Smith,emma.smith@example.com,27,Dallas,TX,2023-09-07
CUST03050,Ethan Miller,ethan.miller@example.com,53,Denton,TX,2023-05-27
CUST03051,Ethan Martin,ethan.martin@example.com,37,Fort Worth,TX,2023-12-14
CUST03052,Liam Johnson,liam.johnson@example.com,58,Plano,TX,2024-02-03
CUST03053,Sophia Wilson,sophia.wilson@example.com,62,Denton,TX,2026-04-14
CUST03054,James Moore,james.moore@example.com,61,Austin,TX,2023-05-05
CUST03055,Liam Williams,liam.williams@example.com,28,Frisco,TX,2025-02-01
CUST03056,Ethan Davis,ethan.davis@example.com,29,Arlington,TX,2024-02-02
CUST03057,Ava Moore,ava.moore@example.com,35,Denton,TX,2023-05-11
CUST03058,Emma Davis,emma.davis@example.com,47,Austin,TX,2024-08-27
CUST03059,Liam Williams,liam.williams@example.com,61,Frisco,TX,2025-06-10
CUST03060,Sophia Brown,sophia.brown@example.com,65,Austin,TX,2025-04-01
CUST03061,Henry Johnson,henry.johnson@example.com,54,Arlington,TX,2025-06-20
CUST03062,Noah Brown,noah.brown@example.com,37,Fort Worth,TX,2025-08-02
CUST03063,Mason Anderson,mason.anderson@example.com,42,Frisco,TX,2025-01-01
CUST03064,Ethan Anderson,ethan.anderson@example.com,29,Austin,TX,2023-11-30
CUST03065,James Anderson,james.anderson@example.com,38,Houston,TX,2025-11-09
CUST03066,Lucas Martin,lucas.martin@example.com,42,Austin,TX,2023-07-24
CUST03067,Noah Wilson,noah.wilson@example.com,28,Plano,TX,2025-08-13
CUST03068,Olivia Johnson,olivia.johnson@example.com,26,Arlington,TX,2023-12-21
CUST03069,Amelia Thomas,amelia.thomas@example.com,67,Dallas,TX,2026-04-11
CUST03070,Amelia Thomas,amelia.thomas@example.com,42,Austin,TX,2026-04-27
CUST03071,Harper Moore,harper.moore@example.com,52,Fort Worth,TX,2025-04-03
CUST03072,Harper Williams,harper.williams@example.com,69,Houston,TX,2025-10-22
CUST03073,Mia Jackson,mia.jackson@example.com,49,Houston,TX,2025-07-29
CUST03074,Sophia Anderson,sophia.anderson@example.com,66,Dallas,TX,2023-06-17
CUST03075,Lucas Anderson,lucas.anderson@example.com,31,Denton,TX,2024-01-03
CUST03076,Henry Jackson,henry.jackson@example.com,18,Plano,TX,2024-06-19
CUST03077,Henry Brown,henry.brown@example.com,34,Dallas,TX,2025-08-20
CUST03078,Mia Jones,mia.jones@example.com,42,Plano,TX,2024-08-02
CUST03079,Sophia Smith,sophia.smith@example.com,25,Austin,TX,2025-08-07
CUST03080,James Miller,james.miller@example.com,22,Arlington,TX,2023-07-26
CUST03081,Ava Martin,ava.martin@example.com,22,Fort Worth,TX,2025-12-08
CUST03082,James Taylor,james.taylor@example.com,58,Houston,TX,2024-06-27
CUST03083,Mason Miller,mason.miller@example.com,52,Dallas,TX,2023-05-09
CUST03084,Noah Wilson,noah.wilson@example.com,36,Fort Worth,TX,2024-09-05
CUST03085,Emma Brown,emma.brown@example.com,40,Plano,TX,2023-02-04
CUST03086,Henry Martin,henry.martin@example.com,26,Arlington,TX,2025-03-29
CUST03087,Amelia Martin,amelia.martin@example.com,71,Houston,TX,2023-07-18
CUST03088,Sophia Garcia,sophia.garcia@example.com,47,Houston,TX,2023-03-18
CUST03089,James Anderson,james.anderson@example.com,67,Plano,TX,2024-01-04
CUST03090,Emma Johnson,emma.johnson@example.com,33,Arlington,TX,2025-04-12
CUST03091,Mason Thomas,mason.thomas@example.com,50,Houston,TX,2024-06-09
CUST03092,Ethan Thomas,ethan.thomas@example.com,19,Arlington,TX,2023-12-15
CUST03093,Olivia Martin,olivia.martin@example.com,31,Houston,TX,2024-05-20
CUST03094,Noah Brown,noah.brown@example.com,63,Austin,TX,2024-10-04
CUST03095,Mason Johnson,mason.johnson@example.com,18,Plano,TX,2023-08-26
CUST03096,Mason Taylor,mason.taylor@example.com,43,Arlington,TX,2023-05-18
CUST03097,James Jones,james.jones@example.com,42,Fort Worth,TX,2026-05-09
CUST03098,Ava Jackson,ava.jackson@example.com,33,Denton,TX,2026-03-11
CUST03099,Mia Miller,mia.miller@example.com,32,Austin,TX,2024-09-03
CUST03100,Henry Moore,henry.moore@example.com,43,Frisco,TX,2024-11-10
CUST03101,Olivia Smith,olivia.smith@example.com,64,Fort Worth,TX,2025-04-18
CUST03102,Noah Jackson,noah.jackson@example.com,61,Plano,TX,2025-07-26
CUST03103,Ethan Taylor,ethan.taylor@example.com,33,Houston,TX,2023-12-21
CUST03104,Ethan Taylor,ethan.taylor@example.com,31,Frisco,TX,2024-07-31
CUST03105,Liam Miller,liam.miller@example.com,46,Fort Worth,TX,2025-04-26
CUST03106,Mason Taylor,mason.taylor@example.com,41,Austin,TX,2024-07-12
CUST03107,Sophia Moore,sophia.moore@example.com,64,Frisco,TX,2025-04-28
CUST03108,Ava Garcia,ava.garcia@example.com,72,Frisco,TX,2026-06-08
CUST03109,Olivia Garcia,olivia.garcia@example.com,32,Arlington,TX,2026-03-15
CUST03110,James Thomas,james.thomas@example.com,36,Dallas,TX,2026-03-21
CUST03111,Ethan Davis,ethan.davis@example.com,25,Fort Worth,TX,2023-05-20
CUST03112,Noah Davis,noah.davis@example.com,51,Dallas,TX,2024-10-24
CUST03113,Liam Garcia,liam.garcia@example.com,19,Plano,TX,2023-01-21
CUST03114,Amelia Williams,amelia.williams@example.com,44,Fort Worth,TX,2023-03-05
CUST03115,Henry Jones,henry.jones@example.com,27,Fort Worth,TX,2026-05-26
CUST03116,Noah Johnson,noah.johnson@example.com,52,Arlington,TX,2025-12-31
CUST03117,Ava Jackson,ava.jackson@example.com,40,Houston,TX,2025-09-16
CUST03118,Sophia Martin,sophia.martin@example.com,66,Austin,TX,2023-06-11
CUST03119,Liam Jones,liam.jones@example.com,25,Austin,TX,2023-05-10
CUST03120,Amelia Martin,amelia.martin@example.com,45,Austin,TX,2024-08-03
CUST03121,Liam Wilson,liam.wilson@example.com,40,Denton,TX,2023-08-13
CUST03122,Mia Taylor,mia.taylor@example.com,21,Plano,TX,2024-08-02
CUST03123,Olivia Smith,olivia.smith@example.com,31,Frisco,TX,2025-09-09
CUST03124,Liam Taylor,liam.taylor@example.com,70,Houston,TX,2025-10-01
CUST03125,Isabella Jones,isabella.jones@example.com,59,Dallas,TX,2023-04-17
CUST03126,Mia Thomas,mia.thomas@example.com,46,Austin,TX,2024-09-12
CUST03127,Mia Garcia,mia.garcia@example.com,18,Denton,TX,2025-04-19
CUST03128,Ava Martin,ava.martin@example.com,21,Dallas,TX,2026-01-31
CUST03129,Isabella Anderson,isabella.anderson@example.com,49,Houston,TX,2026-03-10
CUST03130,Emma Miller,emma.miller@example.com,50,Plano,TX,2024-07-30
CUST03131,Noah Wilson,noah.wilson@example.com,66,Houston,TX,2026-03-03
CUST03132,Henry Garcia,henry.garcia@example.com,43,Arlington,TX,2023-07-18
CUST03133,Sophia Jones,sophia.jones@example.com,34,Frisco,TX,2024-05-24
CUST03134,Lucas Thomas,lucas.thomas@example.com,56,Austin,TX,2024-10-28
CUST03135,Noah Miller,noah.miller@example.com,40,Plano,TX,2023-03-20
CUST03136,Liam Moore,liam.moore@example.com,49,Arlington,TX,2025-06-12
CUST03137,Sophia Smith,sophia.smith@example.com,69,Austin,TX,2024-05-26
CUST03138,Ethan Anderson,ethan.anderson@example.com,32,Houston,TX,2023-09-07
CUST03139,Emma Martin,emma.martin@example.com,30,Houston,TX,2025-06-07
CUST03140,Ethan Jones,ethan.jones@example.com,19,Denton,TX,2025-10-20
CUST03141,Isabella Jackson,isabella.jackson@example.com,36,Fort Worth,TX,2024-08-21
CUST03142,Harper Johnson,harper.johnson@example.com,41,Fort Worth,TX,2025-01-22
CUST03143,Ethan Brown,ethan.brown@example.com,62,Houston,TX,2024-08-22
CUST03144,James Miller,james.miller@example.com,41,Houston,TX,2025-09-01
CUST03145,Olivia Jones,olivia.jones@example.com,28,Dallas,TX,2024-04-27
CUST03146,Noah Thomas,noah.thomas@example.com,39,Denton,TX,2025-04-15
CUST03147,Lucas Garcia,lucas.garcia@example.com,32,Frisco,TX,2023-06-21
CUST03148,James Johnson,james.johnson@example.com,27,Dallas,TX,2025-05-18
CUST03149,Harper Williams,harper.williams@example.com,58,Frisco,TX,2023-01-17
CUST03150,Ava Miller,ava.miller@example.com,44,Arlington,TX,2024-01-29
CUST03151,Lucas Anderson,lucas.anderson@example.com,26,Fort Worth,TX,2026-05-27
CUST03152,Ethan Johnson,ethan.johnson@example.com,69,Fort Worth,TX,2023-08-22
CUST03153,Liam Thomas,liam.thomas@example.com,45,Denton,TX,2023-09-05
CUST03154,Amelia Garcia,amelia.garcia@example.com,18,Houston,TX,2023-02-21
CUST03155,Emma Jones,emma.jones@example.com,34,Houston,TX,2023-01-15
CUST03156,Henry Taylor,henry.taylor@example.com,48,Arlington,TX,2024-03-16
CUST03157,Mason Smith,mason.smith@example.com,61,Plano,TX,2026-02-09
CUST03158,Lucas Thomas,lucas.thomas@example.com,27,Plano,TX,2024-11-26
CUST03159,Henry Anderson,henry.anderson@example.com,54,Denton,TX,2023-01-07
CUST03160,Henry Jackson,henry.jackson@example.com,46,Plano,TX,2025-04-05
CUST03161,Ethan Taylor,ethan.taylor@example.com,35,Fort Worth,TX,2026-06-22
CUST03162,Emma Anderson,emma.anderson@example.com,64,Dallas,TX,2026-02-03
CUST03163,Sophia Brown,sophia.brown@example.com,55,Plano,TX,2025-11-02
CUST03164,Noah Anderson,noah.anderson@example.com,56,Austin,TX,2026-03-15
CUST03165,Henry Johnson,henry.johnson@example.com,66,Denton,TX,2024-04-22
CUST03166,Mia Brown,mia.brown@example.com,23,Arlington,TX,2024-09-22
CUST03167,Harper Smith,harper.smith@example.com,57,Plano,TX,2024-12-15
CUST03168,Olivia Johnson,olivia.johnson@example.com,29,Austin,TX,2023-04-25
CUST03169,Emma Moore,emma.moore@example.com,70,Plano,TX,2024-05-23
CUST03170,Liam Davis,liam.davis@example.com,31,Dallas,TX,2026-03-21
CUST03171,Isabella Garcia,isabella.garcia@example.com,61,Dallas,TX,2023-02-26
CUST03172,Liam Johnson,liam.johnson@example.com,72,Plano,TX,2024-01-17
CUST03173,Emma Thomas,emma.thomas@example.com,27,Denton,TX,2026-03-26
CUST03174,Liam Jackson,liam.jackson@example.com,71,Denton,TX,2025-08-09
CUST03175,Henry Garcia,henry.garcia@example.com,37,Austin,TX,2026-03-02
CUST03176,Noah Taylor,noah.taylor@example.com,32,Arlington,TX,2026-04-01
CUST03177,Liam Wilson,liam.wilson@example.com,48,Austin,TX,2023-10-02
CUST03178,Lucas Miller,lucas.miller@example.com,24,Arlington,TX,2026-01-05
CUST03179,Mia Wilson,mia.wilson@example.com,58,Plano,TX,2023-02-13
CUST03180,Liam Jones,liam.jones@example.com,27,Arlington,TX,2024-12-18
CUST03181,Mia Miller,mia.miller@example.com,27,Houston,TX,2023-11-14
CUST03182,Amelia Anderson,amelia.anderson@example.com,65,Fort Worth,TX,2024-06-17
CUST03183,Ethan Jackson,ethan.jackson@example.com,56,Frisco,TX,2026-03-23
CUST03184,Ava Martin,ava.martin@example.com,45,Fort Worth,TX,2023-08-25
CUST03185,Noah Miller,noah.miller@example.com,47,Dallas,TX,2025-06-11
CUST03186,Harper Thomas,harper.thomas@example.com,54,Houston,TX,2024-05-31
CUST03187,Henry Thomas,henry.thomas@example.com,72,Fort Worth,TX,2026-05-29
CUST03188,Ava Williams,ava.williams@example.com,20,Plano,TX,2026-04-15
CUST03189,Henry Miller,henry.miller@example.com,67,Arlington,TX,2026-05-28
CUST03190,Ethan Smith,ethan.smith@example.com,60,Arlington,TX,2023-02-07
CUST03191,Henry Wilson,henry.wilson@example.com,32,Austin,TX,2024-10-15
CUST03192,Amelia Taylor,amelia.taylor@example.com,38,Austin,TX,2025-01-16
CUST03193,Noah Moore,noah.moore@example.com,69,Denton,TX,2026-05-11
CUST03194,Emma Garcia,emma.garcia@example.com,54,Arlington,TX,2025-04-20
CUST03195,Emma Jones,emma.jones@example.com,73,Denton,TX,2024-03-23
CUST03196,Mia Miller,mia.miller@example.com,29,Plano,TX,2024-11-14
CUST03197,Ethan Jones,ethan.jones@example.com,21,Arlington,TX,2023-05-05
CUST03198,Mia Taylor,mia.taylor@example.com,64,Austin,TX,2025-12-24
CUST03199,Amelia Jones,amelia.jones@example.com,26,Fort Worth,TX,2025-03-03
CUST03200,Olivia Anderson,olivia.anderson@example.com,56,Denton,TX,2025-02-22
CUST03201,Liam Taylor,liam.taylor@example.com,59,Denton,TX,2026-06-21
CUST03202,Mason Anderson,mason.anderson@example.com,45,Dallas,TX,2023-08-14
CUST03203,Olivia Miller,olivia.miller@example.com,40,Austin,TX,2024-04-09
CUST03204,Liam Taylor,liam.taylor@example.com,62,Plano,TX,2024-10-04
CUST03205,Noah Jackson,noah.jackson@example.com,57,Denton,TX,2023-10-20
CUST03206,Mia Miller,mia.miller@example.com,61,Fort Worth,TX,2024-12-21
CUST03207,Harper Moore,harper.moore@example.com,39,Fort Worth,TX,2025-01-25
CUST03208,Noah Anderson,noah.anderson@example.com,41,Fort Worth,TX,2023-06-15
CUST03209,Amelia Jackson,amelia.jackson@example.com,68,Houston,TX,2025-02-07
CUST03210,James Williams,james.williams@example.com,43,Houston,TX,2026-05-26
CUST03211,James Williams,james.williams@example.com,47,Frisco,TX,2025-10-03
CUST03212,James Taylor,james.taylor@example.com,50,Fort Worth,TX,2025-05-20
CUST03213,Amelia Thomas,amelia.thomas@example.com,33,Denton,TX,2025-12-11
CUST03214,Harper Moore,harper.moore@example.com,39,Plano,TX,2024-07-20
CUST03215,Henry Jackson,henry.jackson@example.com,66,Arlington,TX,2025-11-03
CUST03216,Noah Williams,noah.williams@example.com,74,Plano,TX,2024-08-24
CUST03217,Liam Garcia,liam.garcia@example.com,67,Houston,TX,2026-01-17
CUST03218,Amelia Thomas,amelia.thomas@example.com,60,Austin,TX,2025-06-23
CUST03219,James Jackson,james.jackson@example.com,35,Denton,TX,2023-02-10
CUST03220,Harper Garcia,harper.garcia@example.com,24,Frisco,TX,2026-03-07
CUST03221,Ethan Moore,ethan.moore@example.com,67,Houston,TX,2025-10-26
CUST03222,Amelia Moore,amelia.moore@example.com,43,Arlington,TX,2023-08-30
CUST03223,Isabella Williams,isabella.williams@example.com,25,Dallas,TX,2023-06-11
CUST03224,Henry Williams,henry.williams@example.com,23,Frisco,TX,2025-10-15
CUST03225,Liam Davis,liam.davis@example.com,47,Houston,TX,2024-11-22
CUST03226,James Davis,james.davis@example.com,56,Plano,TX,2025-03-19
CUST03227,Sophia Miller,sophia.miller@example.com,40,Frisco,TX,2025-09-05
CUST03228,Emma Taylor,emma.taylor@example.com,49,Denton,TX,2024-06-01
CUST03229,Harper Brown,harper.brown@example.com,39,Plano,TX,2025-06-16
CUST03230,Emma Jackson,emma.jackson@example.com,59,Fort Worth,TX,2025-02-21
CUST03231,Olivia Brown,olivia.brown@example.com,60,Fort Worth,TX,2025-02-22
CUST03232,Emma Williams,emma.williams@example.com,74,Fort Worth,TX,2026-03-25
CUST03233,Liam Jones,liam.jones@example.com,62,Frisco,TX,2023-03-26
CUST03234,Lucas Williams,lucas.williams@example.com,26,Dallas,TX,2025-10-30
CUST03235,Mia Moore,mia.moore@example.com,48,Arlington,TX,2023-05-18
CUST03236,Liam Davis,liam.davis@example.com,24,Denton,TX,2025-01-23
CUST03237,Henry Miller,henry.miller@example.com,26,Frisco,TX,2025-06-24
CUST03238,Isabella Moore,isabella.moore@example.com,30,Austin,TX,2024-12-13
CUST03239,Liam Williams,liam.williams@example.com,20,Denton,TX,2023-06-05
CUST03240,Amelia Wilson,amelia.wilson@example.com,52,Plano,TX,2024-02-12
CUST03241,Harper Thomas,harper.thomas@example.com,50,Plano,TX,2025-02-25
CUST03242,Mason Martin,mason.martin@example.com,38,Frisco,TX,2026-06-02
CUST03243,Harper Moore,harper.moore@example.com,48,Frisco,TX,2024-08-02
CUST03244,Mia Jones,mia.jones@example.com,69,Arlington,TX,2026-04-22
CUST03245,Sophia Wilson,sophia.wilson@example.com,51,Dallas,TX,2026-05-03
CUST03246,Emma Miller,emma.miller@example.com,49,Frisco,TX,2024-07-07
CUST03247,Mia Jackson,mia.jackson@example.com,74,Fort Worth,TX,2024-01-31
CUST03248,Emma Miller,emma.miller@example.com,52,Arlington,TX,2026-03-03
CUST03249,Olivia Garcia,olivia.garcia@example.com,32,Austin,TX,2025-03-20
CUST03250,Mia Johnson,mia.johnson@example.com,73,Fort Worth,TX,2025-08-19
CUST03251,James Wilson,james.wilson@example.com,49,Austin,TX,2024-06-25
CUST03252,Henry Garcia,henry.garcia@example.com,23,Houston,TX,2025-10-29
CUST03253,Henry Davis,henry.davis@example.com,62,Austin,TX,2025-09-13
CUST03254,Emma Smith,emma.smith@example.com,38,Fort Worth,TX,2023-06-19
CUST03255,Sophia Jones,sophia.jones@example.com,50,Houston,TX,2023-10-17
CUST03256,James Thomas,james.thomas@example.com,49,Fort Worth,TX,2026-04-06
CUST03257,Ava Smith,ava.smith@example.com,69,Plano,TX,2026-03-14
CUST03258,Noah Taylor,noah.taylor@example.com,36,Fort Worth,TX,2025-01-09
CUST03259,Noah Anderson,noah.anderson@example.com,50,Houston,TX,2024-08-10
CUST03260,Sophia Martin,sophia.martin@example.com,45,Austin,TX,2025-01-04
CUST03261,Mason Davis,mason.davis@example.com,48,Plano,TX,2024-04-01
CUST03262,Ava Davis,ava.davis@example.com,38,Dallas,TX,2024-12-01
CUST03263,Olivia Smith,olivia.smith@example.com,71,Dallas,TX,2025-09-05
CUST03264,Sophia Wilson,sophia.wilson@example.com,51,Denton,TX,2023-02-15
CUST03265,James Johnson,james.johnson@example.com,32,Dallas,TX,2025-11-06
CUST03266,Noah Thomas,noah.thomas@example.com,31,Dallas,TX,2026-02-20
CUST03267,Amelia Wilson,amelia.wilson@example.com,36,Arlington,TX,2023-08-19
CUST03268,Noah Smith,noah.smith@example.com,60,Dallas,TX,2025-08-07
CUST03269,Noah Thomas,noah.thomas@example.com,32,Houston,TX,2024-09-28
CUST03270,James Taylor,james.taylor@example.com,23,Frisco,TX,2023-04-22
CUST03271,Ethan Martin,ethan.martin@example.com,69,Dallas,TX,2024-08-15
CUST03272,Sophia Martin,sophia.martin@example.com,26,Fort Worth,TX,2026-06-23
CUST03273,Liam Wilson,liam.wilson@example.com,54,Frisco,TX,2025-05-08
CUST03274,Harper Brown,harper.brown@example.com,37,Dallas,TX,2024-01-26
CUST03275,Olivia Wilson,olivia.wilson@example.com,51,Frisco,TX,2024-01-27
CUST03276,Noah Miller,noah.miller@example.com,55,Austin,TX,2023-11-24
CUST03277,Harper Anderson,harper.anderson@example.com,43,Houston,TX,2026-05-23
CUST03278,Henry Garcia,henry.garcia@example.com,35,Houston,TX,2025-01-16
CUST03279,Amelia Jackson,amelia.jackson@example.com,45,Denton,TX,2024-01-02
CUST03280,Emma Jones,emma.jones@example.com,72,Frisco,TX,2023-03-23
CUST03281,Sophia Anderson,sophia.anderson@example.com,68,Denton,TX,2025-03-16
CUST03282,Isabella Wilson,isabella.wilson@example.com,26,Plano,TX,2025-04-01
CUST03283,James Johnson,james.johnson@example.com,49,Arlington,TX,2026-01-04
CUST03284,Ethan Martin,ethan.martin@example.com,70,Fort Worth,TX,2025-08-09
CUST03285,Henry Moore,henry.moore@example.com,73,Frisco,TX,2024-01-07
CUST03286,Sophia Anderson,sophia.anderson@example.com,23,Houston,TX,2023-09-21
CUST03287,Olivia Martin,olivia.martin@example.com,31,Denton,TX,2023-04-20
CUST03288,Amelia Thomas,amelia.thomas@example.com,45,Austin,TX,2023-11-03
CUST03289,Ethan Johnson,ethan.johnson@example.com,41,Dallas,TX,2026-05-08
CUST03290,Olivia Anderson,olivia.anderson@example.com,30,Houston,TX,2023-08-14
CUST03291,Henry Thomas,henry.thomas@example.com,60,Austin,TX,2023-07-04
CUST03292,Sophia Jackson,sophia.jackson@example.com,29,Dallas,TX,2025-08-21
CUST03293,Liam Wilson,liam.wilson@example.com,68,Arlington,TX,2023-01-31
CUST03294,Henry Thomas,henry.thomas@example.com,36,Houston,TX,2024-09-05
CUST03295,Isabella Williams,isabella.williams@example.com,38,Denton,TX,2023-04-09
CUST03296,Olivia Davis,olivia.davis@example.com,44,Houston,TX,2025-03-21
CUST03297,Ethan Anderson,ethan.anderson@example.com,36,Frisco,TX,2024-10-13
CUST03298,Ethan Jackson,ethan.jackson@example.com,41,Frisco,TX,2025-03-24
CUST03299,Harper Wilson,harper.wilson@example.com,43,Austin,TX,2025-10-16
CUST03300,Olivia Davis,olivia.davis@example.com,62,Denton,TX,2025-09-04
CUST03301,Lucas Brown,lucas.brown@example.com,45,Plano,TX,2023-03-29
CUST03302,Sophia Thomas,sophia.thomas@example.com,63,Frisco,TX,2025-12-22
CUST03303,Lucas Smith,lucas.smith@example.com,73,Fort Worth,TX,2025-07-10
CUST03304,Mason Brown,mason.brown@example.com,35,Arlington,TX,2024-08-08
CUST03305,Sophia Martin,sophia.martin@example.com,61,Fort Worth,TX,2025-03-28
CUST03306,Olivia Wilson,olivia.wilson@example.com,53,Houston,TX,2025-07-20
CUST03307,Ava Johnson,ava.johnson@example.com,59,Fort Worth,TX,2025-03-07
CUST03308,Amelia Williams,amelia.williams@example.com,46,Dallas,TX,2025-10-15
CUST03309,Olivia Taylor,olivia.taylor@example.com,34,Arlington,TX,2025-10-09
CUST03310,Lucas Davis,lucas.davis@example.com,21,Fort Worth,TX,2025-08-30
CUST03311,Liam Garcia,liam.garcia@example.com,61,Dallas,TX,2024-09-24
CUST03312,Amelia Davis,amelia.davis@example.com,62,Austin,TX,2023-12-12
CUST03313,Olivia Miller,olivia.miller@example.com,46,Fort Worth,TX,2024-12-24
CUST03314,Olivia Martin,olivia.martin@example.com,21,Arlington,TX,2025-06-19
CUST03315,Liam Moore,liam.moore@example.com,27,Dallas,TX,2026-01-06
CUST03316,Olivia Moore,olivia.moore@example.com,42,Fort Worth,TX,2025-11-03
CUST03317,Amelia Jones,amelia.jones@example.com,48,Austin,TX,2023-05-16
CUST03318,Noah Wilson,noah.wilson@example.com,20,Fort Worth,TX,2024-02-01
CUST03319,Ava Brown,ava.brown@example.com,64,Dallas,TX,2025-03-02
CUST03320,Emma Garcia,emma.garcia@example.com,19,Fort Worth,TX,2023-03-20
CUST03321,Ava Johnson,ava.johnson@example.com,74,Arlington,TX,2024-12-05
CUST03322,James Jackson,james.jackson@example.com,42,Houston,TX,2025-09-08
CUST03323,Isabella Johnson,isabella.johnson@example.com,66,Denton,TX,2026-06-19
CUST03324,Harper Johnson,harper.johnson@example.com,23,Denton,TX,2025-12-10
CUST03325,Olivia Taylor,olivia.taylor@example.com,43,Dallas,TX,2025-01-13
CUST03326,Noah Miller,noah.miller@example.com,25,Dallas,TX,2024-01-19
CUST03327,Sophia Moore,sophia.moore@example.com,52,Dallas,TX,2024-01-10
CUST03328,Olivia Johnson,olivia.johnson@example.com,44,Dallas,TX,2023-07-25
CUST03329,Lucas Jackson,lucas.jackson@example.com,42,Fort Worth,TX,2024-05-03
CUST03330,Henry Jackson,henry.jackson@example.com,35,Arlington,TX,2025-05-30
CUST03331,Noah Thomas,noah.thomas@example.com,71,Denton,TX,2024-09-23
CUST03332,Liam Jackson,liam.jackson@example.com,18,Austin,TX,2024-08-14
CUST03333,Noah Moore,noah.moore@example.com,65,Denton,TX,2025-12-01
CUST03334,James Johnson,james.johnson@example.com,56,Arlington,TX,2024-06-16
CUST03335,Liam Jackson,liam.jackson@example.com,20,Dallas,TX,2024-06-05
CUST03336,Mason Wilson,mason.wilson@example.com,72,Plano,TX,2025-04-04
CUST03337,Emma Miller,emma.miller@example.com,21,Fort Worth,TX,2026-03-22
CUST03338,Mia Anderson,mia.anderson@example.com,58,Plano,TX,2024-08-20
CUST03339,Amelia Williams,amelia.williams@example.com,54,Fort Worth,TX,2023-04-23
CUST03340,Noah Williams,noah.williams@example.com,68,Dallas,TX,2026-02-09
CUST03341,Amelia Miller,amelia.miller@example.com,32,Fort Worth,TX,2026-04-13
CUST03342,Ethan Jones,ethan.jones@example.com,25,Dallas,TX,2025-01-03
CUST03343,Lucas Taylor,lucas.taylor@example.com,55,Arlington,TX,2026-05-29
CUST03344,Olivia Martin,olivia.martin@example.com,67,Frisco,TX,2026-04-09
CUST03345,Lucas Martin,lucas.martin@example.com,36,Houston,TX,2023-11-14
CUST03346,Amelia Garcia,amelia.garcia@example.com,73,Fort Worth,TX,2025-09-22
CUST03347,Ava Moore,ava.moore@example.com,64,Dallas,TX,2023-08-01
CUST03348,Mia Thomas,mia.thomas@example.com,43,Plano,TX,2023-09-10
CUST03349,Ava Davis,ava.davis@example.com,56,Dallas,TX,2023-05-04
CUST03350,Mason Wilson,mason.wilson@example.com,27,Plano,TX,2026-05-21
CUST03351,Mia Smith,mia.smith@example.com,55,Denton,TX,2024-09-15
CUST03352,Mia Williams,mia.williams@example.com,31,Fort Worth,TX,2026-01-13
CUST03353,Ava Anderson,ava.anderson@example.com,66,Austin,TX,2025-12-24
CUST03354,Liam Miller,liam.miller@example.com,58,Plano,TX,2026-06-20
CUST03355,James Garcia,james.garcia@example.com,36,Dallas,TX,2025-06-16
CUST03356,Amelia Miller,amelia.miller@example.com,47,Fort Worth,TX,2026-03-06
CUST03357,Ava Davis,ava.davis@example.com,22,Dallas,TX,2023-09-04
CUST03358,Lucas Garcia,lucas.garcia@example.com,72,Austin,TX,2024-03-16
CUST03359,Liam Williams,liam.williams@example.com,48,Houston,TX,2023-02-14
CUST03360,Lucas Johnson,lucas.johnson@example.com,24,Frisco,TX,2024-10-19
CUST03361,James Thomas,james.thomas@example.com,36,Frisco,TX,2025-05-29
CUST03362,Mason Miller,mason.miller@example.com,48,Austin,TX,2025-10-13
CUST03363,Olivia Thomas,olivia.thomas@example.com,69,Arlington,TX,2024-07-07
CUST03364,James Thomas,james.thomas@example.com,56,Fort Worth,TX,2025-03-19
CUST03365,Isabella Thomas,isabella.thomas@example.com,41,Austin,TX,2025-08-28
CUST03366,Sophia Anderson,sophia.anderson@example.com,51,Houston,TX,2026-01-17
CUST03367,Liam Smith,liam.smith@example.com,74,Dallas,TX,2024-12-30
CUST03368,Mason Williams,mason.williams@example.com,40,Fort Worth,TX,2025-10-17
CUST03369,Isabella Thomas,isabella.thomas@example.com,65,Denton,TX,2025-08-11
CUST03370,Ethan Anderson,ethan.anderson@example.com,62,Plano,TX,2026-06-05
CUST03371,Mason Brown,mason.brown@example.com,57,Austin,TX,2025-12-26
CUST03372,Ava Moore,ava.moore@example.com,23,Denton,TX,2026-06-28
CUST03373,Harper Martin,harper.martin@example.com,55,Denton,TX,2025-11-30
CUST03374,Ava Smith,ava.smith@example.com,58,Houston,TX,2023-04-09
CUST03375,James Jones,james.jones@example.com,53,Denton,TX,2025-05-21
CUST03376,Sophia Taylor,sophia.taylor@example.com,44,Austin,TX,2023-10-28
CUST03377,Mason Williams,mason.williams@example.com,28,Arlington,TX,2026-05-07
CUST03378,Amelia Johnson,amelia.johnson@example.com,22,Frisco,TX,2024-05-02
CUST03379,Emma Jackson,emma.jackson@example.com,74,Frisco,TX,2026-02-03
CUST03380,Olivia Williams,olivia.williams@example.com,34,Fort Worth,TX,2025-10-01
CUST03381,James Davis,james.davis@example.com,69,Dallas,TX,2024-04-21
CUST03382,Ava Garcia,ava.garcia@example.com,24,Houston,TX,2026-02-19
CUST03383,Sophia Moore,sophia.moore@example.com,44,Austin,TX,2026-01-05
CUST03384,Olivia Martin,olivia.martin@example.com,64,Fort Worth,TX,2026-02-09
CUST03385,Mason Miller,mason.miller@example.com,74,Austin,TX,2025-05-10
CUST03386,Amelia Thomas,amelia.thomas@example.com,32,Fort Worth,TX,2025-03-19
CUST03387,Mason Garcia,mason.garcia@example.com,63,Frisco,TX,2024-06-01
CUST03388,Mia Garcia,mia.garcia@example.com,30,Denton,TX,2026-05-05
CUST03389,Sophia Thomas,sophia.thomas@example.com,28,Arlington,TX,2026-01-26
CUST03390,Isabella Williams,isabella.williams@example.com,62,Austin,TX,2024-04-03
CUST03391,Ava Thomas,ava.thomas@example.com,43,Arlington,TX,2023-08-18
CUST03392,Amelia Moore,amelia.moore@example.com,39,Plano,TX,2026-04-06
CUST03393,Emma Martin,emma.martin@example.com,45,Plano,TX,2023-01-08
CUST03394,Mason Davis,mason.davis@example.com,41,Denton,TX,2026-04-10
CUST03395,Emma Thomas,emma.thomas@example.com,46,Frisco,TX,2023-07-14
CUST03396,Mason Miller,mason.miller@example.com,26,Houston,TX,2025-11-08
CUST03397,Ava Miller,ava.miller@example.com,59,Arlington,TX,2023-12-20
CUST03398,Olivia Garcia,olivia.garcia@example.com,21,Fort Worth,TX,2025-12-08
CUST03399,Noah Jones,noah.jones@example.com,66,Houston,TX,2024-04-08
CUST03400,Olivia Taylor,olivia.taylor@example.com,63,Austin,TX,2023-12-22
CUST03401,Mason Davis,mason.davis@example.com,73,Austin,TX,2025-04-29
CUST03402,Lucas Jones,lucas.jones@example.com,35,Fort Worth,TX,2025-08-31
CUST03403,Harper Wilson,harper.wilson@example.com,60,Dallas,TX,2026-03-27
CUST03404,Henry Wilson,henry.wilson@example.com,33,Denton,TX,2023-03-07
CUST03405,Noah Smith,noah.smith@example.com,50,Dallas,TX,2025-05-08
CUST03406,Isabella Garcia,isabella.garcia@example.com,46,Denton,TX,2024-07-24
CUST03407,Noah Miller,noah.miller@example.com,56,Austin,TX,2023-11-04
CUST03408,Harper Williams,harper.williams@example.com,27,Denton,TX,2025-02-21
CUST03409,Emma Miller,emma.miller@example.com,26,Frisco,TX,2023-05-01
CUST03410,Sophia Anderson,sophia.anderson@example.com,48,Frisco,TX,2025-02-04
CUST03411,Emma Anderson,emma.anderson@example.com,45,Fort Worth,TX,2025-02-11
CUST03412,James Miller,james.miller@example.com,74,Dallas,TX,2023-04-06
CUST03413,Emma Martin,emma.martin@example.com,20,Arlington,TX,2026-02-11
CUST03414,Isabella Moore,isabella.moore@example.com,71,Austin,TX,2025-09-13
CUST03415,Lucas Anderson,lucas.anderson@example.com,72,Plano,TX,2024-06-23
CUST03416,Olivia Johnson,olivia.johnson@example.com,31,Arlington,TX,2023-01-02
CUST03417,Olivia Miller,olivia.miller@example.com,42,Fort Worth,TX,2026-05-20
CUST03418,Henry Jackson,henry.jackson@example.com,32,Plano,TX,2024-08-02
CUST03419,Ethan Smith,ethan.smith@example.com,19,Arlington,TX,2023-11-29
CUST03420,Mason Jones,mason.jones@example.com,41,Dallas,TX,2025-11-13
CUST03421,Lucas Wilson,lucas.wilson@example.com,31,Denton,TX,2025-01-11
CUST03422,Ethan Miller,ethan.miller@example.com,65,Frisco,TX,2024-05-20
CUST03423,Harper Miller,harper.miller@example.com,24,Dallas,TX,2025-09-26
CUST03424,James Anderson,james.anderson@example.com,53,Plano,TX,2026-04-14
CUST03425,Ava Moore,ava.moore@example.com,67,Denton,TX,2025-01-02
CUST03426,Harper Thomas,harper.thomas@example.com,41,Denton,TX,2024-05-28
CUST03427,Mason Johnson,mason.johnson@example.com,44,Denton,TX,2025-06-13
CUST03428,Mason Davis,mason.davis@example.com,54,Houston,TX,2023-12-27
CUST03429,Mia Williams,mia.williams@example.com,55,Frisco,TX,2023-10-01
CUST03430,Mia Jackson,mia.jackson@example.com,47,Austin,TX,2023-06-26
CUST03431,Liam Davis,liam.davis@example.com,44,Plano,TX,2026-04-24
CUST03432,Harper Williams,harper.williams@example.com,56,Fort Worth,TX,2024-06-10
CUST03433,Liam Taylor,liam.taylor@example.com,32,Austin,TX,2025-07-01
CUST03434,Emma Miller,emma.miller@example.com,43,Arlington,TX,2023-10-06
CUST03435,Ava Johnson,ava.johnson@example.com,18,Frisco,TX,2024-12-06
CUST03436,Noah Brown,noah.brown@example.com,73,Fort Worth,TX,2026-05-06
CUST03437,Henry Anderson,henry.anderson@example.com,21,Fort Worth,TX,2023-03-05
CUST03438,Noah Garcia,noah.garcia@example.com,46,Dallas,TX,2023-10-17
CUST03439,Henry Anderson,henry.anderson@example.com,74,Arlington,TX,2023-01-18
CUST03440,Mia Wilson,mia.wilson@example.com,18,Dallas,TX,2023-03-05
CUST03441,Mia Jones,mia.jones@example.com,60,Dallas,TX,2023-11-26
CUST03442,Mia Moore,mia.moore@example.com,67,Denton,TX,2025-02-01
CUST03443,Lucas Wilson,lucas.wilson@example.com,63,Frisco,TX,2025-11-06
CUST03444,Sophia Jackson,sophia.jackson@example.com,39,Houston,TX,2024-03-18
CUST03445,Henry Jones,henry.jones@example.com,28,Dallas,TX,2023-05-21
CUST03446,Harper Taylor,harper.taylor@example.com,27,Austin,TX,2024-03-19
CUST03447,Liam Davis,liam.davis@example.com,34,Fort Worth,TX,2024-05-10
CUST03448,Lucas Moore,lucas.moore@example.com,53,Frisco,TX,2024-03-01
CUST03449,Olivia Moore,olivia.moore@example.com,73,Dallas,TX,2026-06-22
CUST03450,Noah Smith,noah.smith@example.com,64,Plano,TX,2024-03-25
CUST03451,James Miller,james.miller@example.com,43,Austin,TX,2023-12-17
CUST03452,Isabella Brown,isabella.brown@example.com,65,Arlington,TX,2024-08-21
CUST03453,Mason Jones,mason.jones@example.com,38,Fort Worth,TX,2024-12-11
CUST03454,Liam Garcia,liam.garcia@example.com,30,Frisco,TX,2025-05-19
CUST03455,Ethan Jones,ethan.jones@example.com,26,Plano,TX,2026-03-30
CUST03456,Amelia Thomas,amelia.thomas@example.com,28,Frisco,TX,2026-03-09
CUST03457,Olivia Smith,olivia.smith@example.com,28,Frisco,TX,2024-01-28
CUST03458,Harper Thomas,harper.thomas@example.com,23,Plano,TX,2025-04-21
CUST03459,James Wilson,james.wilson@example.com,18,Arlington,TX,2024-02-05
CUST03460,Liam Johnson,liam.johnson@example.com,71,Plano,TX,2023-02-19
CUST03461,Isabella Wilson,isabella.wilson@example.com,23,Austin,TX,2025-01-13
CUST03462,Lucas Taylor,lucas.taylor@example.com,30,Denton,TX,2025-06-24
CUST03463,Harper Johnson,harper.johnson@example.com,39,Frisco,TX,2025-11-01
CUST03464,Ava Wilson,ava.wilson@example.com,73,Arlington,TX,2025-09-17
CUST03465,Mason Garcia,mason.garcia@example.com,48,Frisco,TX,2025-11-04
CUST03466,Liam Anderson,liam.anderson@example.com,39,Plano,TX,2023-01-28
CUST03467,Sophia Wilson,sophia.wilson@example.com,54,Arlington,TX,2024-01-23
CUST03468,Mia Moore,mia.moore@example.com,64,Arlington,TX,2025-04-12
CUST03469,Mia Garcia,mia.garcia@example.com,44,Dallas,TX,2023-09-07
CUST03470,Mason Garcia,mason.garcia@example.com,67,Dallas,TX,2023-04-08
CUST03471,Isabella Moore,isabella.moore@example.com,69,Denton,TX,2025-11-28
CUST03472,Henry Anderson,henry.anderson@example.com,31,Dallas,TX,2025-11-27
CUST03473,James Martin,james.martin@example.com,64,Plano,TX,2023-06-28
CUST03474,Lucas Johnson,lucas.johnson@example.com,22,Fort Worth,TX,2025-06-10
CUST03475,Mia Davis,mia.davis@example.com,53,Austin,TX,2025-01-19
CUST03476,Liam Williams,liam.williams@example.com,49,Plano,TX,2026-04-02
CUST03477,Ethan Miller,ethan.miller@example.com,51,Frisco,TX,2024-03-28
CUST03478,Noah Jones,noah.jones@example.com,24,Dallas,TX,2023-04-07
CUST03479,Henry Williams,henry.williams@example.com,59,Arlington,TX,2023-11-05
CUST03480,Noah Smith,noah.smith@example.com,65,Plano,TX,2023-09-19
CUST03481,Olivia Davis,olivia.davis@example.com,27,Arlington,TX,2023-10-20
CUST03482,James Williams,james.williams@example.com,67,Denton,TX,2023-09-06
CUST03483,Emma Johnson,emma.johnson@example.com,34,Frisco,TX,2023-09-02
CUST03484,Henry Smith,henry.smith@example.com,47,Arlington,TX,2023-09-08
CUST03485,Ava Brown,ava.brown@example.com,38,Arlington,TX,2023-05-03
CUST03486,Mason Moore,mason.moore@example.com,30,Denton,TX,2023-11-21
CUST03487,Olivia Davis,olivia.davis@example.com,18,Houston,TX,2025-09-12
CUST03488,Emma Moore,emma.moore@example.com,18,Fort Worth,TX,2024-05-15
CUST03489,Lucas Williams,lucas.williams@example.com,64,Austin,TX,2024-11-17
CUST03490,Henry Martin,henry.martin@example.com,50,Austin,TX,2025-12-25
CUST03491,Sophia Smith,sophia.smith@example.com,55,Dallas,TX,2025-04-15
CUST03492,Sophia Brown,sophia.brown@example.com,42,Houston,TX,2023-02-28
CUST03493,Ava Wilson,ava.wilson@example.com,43,Plano,TX,2024-12-31
CUST03494,James Moore,james.moore@example.com,30,Denton,TX,2023-09-23
CUST03495,Mia Smith,mia.smith@example.com,45,Plano,TX,2023-08-24
CUST03496,Harper Thomas,harper.thomas@example.com,50,Austin,TX,2025-06-16
CUST03497,Liam Martin,liam.martin@example.com,54,Fort Worth,TX,2023-08-06
CUST03498,Olivia Anderson,olivia.anderson@example.com,58,Arlington,TX,2025-09-01
CUST03499,Amelia Johnson,amelia.johnson@example.com,47,Frisco,TX,2024-08-11
CUST03500,Henry Wilson,henry.wilson@example.com,74,Dallas,TX,2025-07-05
CUST03501,Olivia Johnson,olivia.johnson@example.com,66,Fort Worth,TX,2025-07-06
CUST03502,Henry Moore,henry.moore@example.com,65,Austin,TX,2026-02-07
CUST03503,Mason Williams,mason.williams@example.com,25,Houston,TX,2023-12-19
CUST03504,Henry Miller,henry.miller@example.com,66,Dallas,TX,2023-04-01
CUST03505,Mason Williams,mason.williams@example.com,64,Denton,TX,2024-12-02
CUST03506,Henry Wilson,henry.wilson@example.com,73,Austin,TX,2023-03-14
CUST03507,Sophia Garcia,sophia.garcia@example.com,18,Plano,TX,2024-11-15
CUST03508,Sophia Williams,sophia.williams@example.com,29,Dallas,TX,2024-12-22
CUST03509,James Wilson,james.wilson@example.com,22,Denton,TX,2026-05-06
CUST03510,Isabella Smith,isabella.smith@example.com,41,Austin,TX,2025-08-15
CUST03511,Ethan Taylor,ethan.taylor@example.com,23,Plano,TX,2025-11-21
CUST03512,Ethan Williams,ethan.williams@example.com,42,Frisco,TX,2024-10-09
CUST03513,Isabella Smith,isabella.smith@example.com,18,Plano,TX,2025-01-29
CUST03514,Mia Johnson,mia.johnson@example.com,42,Arlington,TX,2025-05-20
CUST03515,Ethan Thomas,ethan.thomas@example.com,18,Denton,TX,2023-05-23
CUST03516,James Davis,james.davis@example.com,49,Denton,TX,2025-08-06
CUST03517,Amelia Miller,amelia.miller@example.com,59,Houston,TX,2023-02-13
CUST03518,Amelia Johnson,amelia.johnson@example.com,59,Denton,TX,2023-02-01
CUST03519,Liam Johnson,liam.johnson@example.com,20,Arlington,TX,2023-01-28
CUST03520,Liam Wilson,liam.wilson@example.com,66,Austin,TX,2025-10-16
CUST03521,Amelia Moore,amelia.moore@example.com,36,Frisco,TX,2024-02-27
CUST03522,Olivia Moore,olivia.moore@example.com,60,Fort Worth,TX,2024-05-05
CUST03523,Harper Garcia,harper.garcia@example.com,46,Frisco,TX,2023-06-09
CUST03524,Noah Jones,noah.jones@example.com,67,Frisco,TX,2025-04-24
CUST03525,Isabella Taylor,isabella.taylor@example.com,19,Denton,TX,2026-05-15
CUST03526,Liam Garcia,liam.garcia@example.com,26,Frisco,TX,2023-01-18
CUST03527,Harper Wilson,harper.wilson@example.com,73,Denton,TX,2026-01-31
CUST03528,Harper Anderson,harper.anderson@example.com,34,Arlington,TX,2024-11-02
CUST03529,Emma Miller,emma.miller@example.com,63,Fort Worth,TX,2023-08-20
CUST03530,Sophia Jackson,sophia.jackson@example.com,53,Plano,TX,2024-02-28
CUST03531,Mason Taylor,mason.taylor@example.com,34,Denton,TX,2025-06-22
CUST03532,James Taylor,james.taylor@example.com,66,Austin,TX,2025-01-24
CUST03533,Amelia Martin,amelia.martin@example.com,29,Houston,TX,2025-04-16
CUST03534,Ethan Wilson,ethan.wilson@example.com,37,Fort Worth,TX,2025-06-12
CUST03535,Isabella Brown,isabella.brown@example.com,67,Austin,TX,2023-08-27
CUST03536,Olivia Johnson,olivia.johnson@example.com,20,Denton,TX,2023-05-29
CUST03537,Amelia Thomas,amelia.thomas@example.com,60,Fort Worth,TX,2024-09-14
CUST03538,Ava Davis,ava.davis@example.com,74,Denton,TX,2023-01-17
CUST03539,Mason Brown,mason.brown@example.com,67,Arlington,TX,2025-07-02
CUST03540,Emma Moore,emma.moore@example.com,21,Austin,TX,2023-08-14
CUST03541,Harper Wilson,harper.wilson@example.com,34,Arlington,TX,2024-10-13
CUST03542,Ethan Jackson,ethan.jackson@example.com,67,Dallas,TX,2023-09-17
CUST03543,Emma Jackson,emma.jackson@example.com,54,Austin,TX,2024-11-04
CUST03544,Sophia Brown,sophia.brown@example.com,63,Fort Worth,TX,2023-06-23
CUST03545,Amelia Jackson,amelia.jackson@example.com,59,Dallas,TX,2023-07-24
CUST03546,Henry Davis,henry.davis@example.com,32,Arlington,TX,2024-02-19
CUST03547,Sophia Wilson,sophia.wilson@example.com,50,Arlington,TX,2026-03-22
CUST03548,James Moore,james.moore@example.com,33,Fort Worth,TX,2026-01-31
CUST03549,Harper Wilson,harper.wilson@example.com,28,Dallas,TX,2025-03-02
CUST03550,Mia Taylor,mia.taylor@example.com,72,Frisco,TX,2025-12-24
CUST03551,Olivia Brown,olivia.brown@example.com,37,Plano,TX,2026-02-14
CUST03552,Harper Smith,harper.smith@example.com,55,Houston,TX,2026-03-25
CUST03553,Mason Jackson,mason.jackson@example.com,41,Fort Worth,TX,2026-01-10
CUST03554,Lucas Williams,lucas.williams@example.com,71,Arlington,TX,2024-06-01
CUST03555,Lucas Wilson,lucas.wilson@example.com,33,Austin,TX,2025-12-26
CUST03556,Mason Brown,mason.brown@example.com,47,Dallas,TX,2026-06-15
CUST03557,Ava Jones,ava.jones@example.com,51,Denton,TX,2025-09-05
CUST03558,James Miller,james.miller@example.com,18,Plano,TX,2025-10-06
CUST03559,Olivia Jones,olivia.jones@example.com,41,Houston,TX,2024-08-12
CUST03560,Emma Brown,emma.brown@example.com,41,Austin,TX,2023-03-08
CUST03561,Ava Jackson,ava.jackson@example.com,26,Dallas,TX,2026-04-14
CUST03562,Noah Johnson,noah.johnson@example.com,39,Plano,TX,2024-11-14
CUST03563,Mason Jackson,mason.jackson@example.com,29,Fort Worth,TX,2023-03-04
CUST03564,Emma Johnson,emma.johnson@example.com,34,Denton,TX,2025-03-24
CUST03565,Lucas Moore,lucas.moore@example.com,42,Plano,TX,2024-02-07
CUST03566,Liam Moore,liam.moore@example.com,45,Fort Worth,TX,2023-07-11
CUST03567,Isabella Brown,isabella.brown@example.com,32,Denton,TX,2023-03-12
CUST03568,Mia Taylor,mia.taylor@example.com,47,Denton,TX,2025-05-27
CUST03569,Lucas Moore,lucas.moore@example.com,68,Frisco,TX,2025-01-10
CUST03570,Olivia Taylor,olivia.taylor@example.com,44,Dallas,TX,2025-08-03
CUST03571,Henry Moore,henry.moore@example.com,39,Denton,TX,2025-12-22
CUST03572,Sophia Jackson,sophia.jackson@example.com,27,Plano,TX,2023-09-02
CUST03573,Isabella Wilson,isabella.wilson@example.com,48,Denton,TX,2024-06-02
CUST03574,Isabella Davis,isabella.davis@example.com,44,Houston,TX,2024-01-28
CUST03575,Liam Williams,liam.williams@example.com,29,Plano,TX,2025-02-10
CUST03576,Mia Jackson,mia.jackson@example.com,63,Dallas,TX,2026-04-15
CUST03577,Amelia Martin,amelia.martin@example.com,48,Austin,TX,2026-05-12
CUST03578,Mia Wilson,mia.wilson@example.com,49,Austin,TX,2025-06-29
CUST03579,Noah Martin,noah.martin@example.com,49,Plano,TX,2026-02-25
CUST03580,Noah Jones,noah.jones@example.com,58,Plano,TX,2026-05-03
CUST03581,Ethan Anderson,ethan.anderson@example.com,62,Fort Worth,TX,2026-05-02
CUST03582,Lucas Williams,lucas.williams@example.com,52,Dallas,TX,2023-07-03
CUST03583,Lucas Jones,lucas.jones@example.com,70,Fort Worth,TX,2023-09-04
CUST03584,Lucas Moore,lucas.moore@example.com,63,Houston,TX,2023-11-20
CUST03585,Ethan Taylor,ethan.taylor@example.com,38,Frisco,TX,2023-06-09
CUST03586,James Moore,james.moore@example.com,27,Austin,TX,2024-12-06
CUST03587,Ava Brown,ava.brown@example.com,33,Denton,TX,2024-09-13
CUST03588,Henry Davis,henry.davis@example.com,24,Denton,TX,2025-07-13
CUST03589,Henry Moore,henry.moore@example.com,21,Arlington,TX,2023-03-07
CUST03590,Mia Thomas,mia.thomas@example.com,44,Arlington,TX,2025-07-18
CUST03591,Liam Jones,liam.jones@example.com,69,Dallas,TX,2023-09-11
CUST03592,Olivia Taylor,olivia.taylor@example.com,72,Denton,TX,2023-10-10
CUST03593,Mia Thomas,mia.thomas@example.com,42,Dallas,TX,2025-12-19
CUST03594,Noah Davis,noah.davis@example.com,48,Arlington,TX,2023-04-28
CUST03595,Isabella Wilson,isabella.wilson@example.com,28,Dallas,TX,2024-02-27
CUST03596,Emma Brown,emma.brown@example.com,65,Austin,TX,2024-07-09
CUST03597,Harper Miller,harper.miller@example.com,37,Houston,TX,2023-02-05
CUST03598,Sophia Johnson,sophia.johnson@example.com,53,Houston,TX,2024-06-14
CUST03599,Ethan Garcia,ethan.garcia@example.com,71,Denton,TX,2023-04-01
CUST03600,Mason Davis,mason.davis@example.com,71,Fort Worth,TX,2026-05-25
CUST03601,Emma Thomas,emma.thomas@example.com,72,Austin,TX,2023-04-08
CUST03602,Olivia Miller,olivia.miller@example.com,34,Frisco,TX,2024-06-14
CUST03603,Lucas Miller,lucas.miller@example.com,62,Dallas,TX,2024-06-21
CUST03604,Noah Davis,noah.davis@example.com,28,Dallas,TX,2025-11-17
CUST03605,Harper Miller,harper.miller@example.com,47,Denton,TX,2026-05-31
CUST03606,Amelia Jones,amelia.jones@example.com,52,Frisco,TX,2023-03-21
CUST03607,Noah Miller,noah.miller@example.com,58,Fort Worth,TX,2024-07-16
CUST03608,Noah Moore,noah.moore@example.com,55,Fort Worth,TX,2024-09-05
CUST03609,Lucas Martin,lucas.martin@example.com,39,Dallas,TX,2023-06-25
CUST03610,Mason Taylor,mason.taylor@example.com,70,Dallas,TX,2024-06-05
CUST03611,Ethan Williams,ethan.williams@example.com,60,Frisco,TX,2024-02-27
CUST03612,Emma Jones,emma.jones@example.com,65,Denton,TX,2026-01-28
CUST03613,Lucas Miller,lucas.miller@example.com,68,Austin,TX,2024-07-29
CUST03614,Olivia Jackson,olivia.jackson@example.com,44,Frisco,TX,2024-06-14
CUST03615,Ethan Wilson,ethan.wilson@example.com,54,Fort Worth,TX,2023-11-28
CUST03616,Olivia Jackson,olivia.jackson@example.com,63,Frisco,TX,2024-10-14
CUST03617,Ethan Johnson,ethan.johnson@example.com,66,Frisco,TX,2025-01-09
CUST03618,Mason Brown,mason.brown@example.com,52,Frisco,TX,2026-01-17
CUST03619,Sophia Thomas,sophia.thomas@example.com,21,Austin,TX,2024-05-25
CUST03620,Olivia Miller,olivia.miller@example.com,33,Plano,TX,2023-02-11
CUST03621,Lucas Smith,lucas.smith@example.com,33,Dallas,TX,2025-06-03
CUST03622,Ethan Moore,ethan.moore@example.com,38,Arlington,TX,2023-03-22
CUST03623,Henry Johnson,henry.johnson@example.com,43,Denton,TX,2024-02-06
CUST03624,Noah Wilson,noah.wilson@example.com,74,Frisco,TX,2023-04-17
CUST03625,James Moore,james.moore@example.com,53,Denton,TX,2026-02-08
CUST03626,Mia Taylor,mia.taylor@example.com,36,Arlington,TX,2026-05-22
CUST03627,Amelia Miller,amelia.miller@example.com,34,Plano,TX,2024-05-20
CUST03628,Noah Thomas,noah.thomas@example.com,62,Dallas,TX,2026-02-18
CUST03629,Ava Taylor,ava.taylor@example.com,43,Fort Worth,TX,2026-03-03
CUST03630,Sophia Miller,sophia.miller@example.com,39,Arlington,TX,2024-12-20
CUST03631,Sophia Garcia,sophia.garcia@example.com,72,Denton,TX,2023-09-14
CUST03632,Noah Williams,noah.williams@example.com,73,Denton,TX,2025-08-11
CUST03633,Amelia Taylor,amelia.taylor@example.com,45,Denton,TX,2026-04-18
CUST03634,Henry Williams,henry.williams@example.com,18,Fort Worth,TX,2025-07-21
CUST03635,Emma Johnson,emma.johnson@example.com,61,Arlington,TX,2025-12-07
CUST03636,Mason Anderson,mason.anderson@example.com,53,Denton,TX,2025-06-15
CUST03637,Olivia Garcia,olivia.garcia@example.com,60,Fort Worth,TX,2023-01-19
CUST03638,Lucas Brown,lucas.brown@example.com,54,Frisco,TX,2025-12-05
CUST03639,Sophia Jones,sophia.jones@example.com,19,Denton,TX,2024-03-26
CUST03640,Noah Williams,noah.williams@example.com,34,Arlington,TX,2025-06-16
CUST03641,Noah Garcia,noah.garcia@example.com,57,Fort Worth,TX,2025-12-15
CUST03642,Mason Anderson,mason.anderson@example.com,55,Plano,TX,2025-01-10
CUST03643,Henry Thomas,henry.thomas@example.com,38,Austin,TX,2026-01-20
CUST03644,Mason Williams,mason.williams@example.com,26,Fort Worth,TX,2023-03-23
CUST03645,Liam Martin,liam.martin@example.com,30,Austin,TX,2025-01-06
CUST03646,Henry Jackson,henry.jackson@example.com,28,Austin,TX,2023-03-20
CUST03647,Liam Martin,liam.martin@example.com,33,Dallas,TX,2023-10-10
CUST03648,Emma Davis,emma.davis@example.com,33,Frisco,TX,2025-09-23
CUST03649,Harper Wilson,harper.wilson@example.com,19,Plano,TX,2023-06-09
CUST03650,James Brown,james.brown@example.com,59,Austin,TX,2026-03-25
CUST03651,James Jackson,james.jackson@example.com,61,Houston,TX,2025-06-06
CUST03652,Emma Wilson,emma.wilson@example.com,25,Frisco,TX,2024-04-12
CUST03653,Ava Thomas,ava.thomas@example.com,60,Austin,TX,2025-05-02
CUST03654,Harper Miller,harper.miller@example.com,59,Fort Worth,TX,2024-04-06
CUST03655,Henry Williams,henry.williams@example.com,30,Austin,TX,2025-05-03
CUST03656,Emma Miller,emma.miller@example.com,74,Fort Worth,TX,2023-04-27
CUST03657,Ethan Martin,ethan.martin@example.com,34,Denton,TX,2023-12-30
CUST03658,Mason Smith,mason.smith@example.com,56,Fort Worth,TX,2024-04-10
CUST03659,Amelia Williams,amelia.williams@example.com,41,Houston,TX,2023-07-03
CUST03660,James Garcia,james.garcia@example.com,20,Austin,TX,2024-10-21
CUST03661,Henry Brown,henry.brown@example.com,47,Austin,TX,2026-04-04
CUST03662,Lucas Miller,lucas.miller@example.com,69,Arlington,TX,2023-03-16
CUST03663,Ethan Martin,ethan.martin@example.com,30,Frisco,TX,2025-04-05
CUST03664,Olivia Williams,olivia.williams@example.com,36,Arlington,TX,2024-05-17
CUST03665,Harper Smith,harper.smith@example.com,24,Dallas,TX,2025-03-05
CUST03666,Noah Wilson,noah.wilson@example.com,26,Fort Worth,TX,2024-08-09
CUST03667,Emma Jackson,emma.jackson@example.com,36,Houston,TX,2024-10-17
CUST03668,Amelia Garcia,amelia.garcia@example.com,62,Arlington,TX,2024-11-30
CUST03669,Noah Davis,noah.davis@example.com,71,Austin,TX,2024-09-26
CUST03670,Henry Williams,henry.williams@example.com,57,Dallas,TX,2025-04-23
CUST03671,Sophia Davis,sophia.davis@example.com,39,Houston,TX,2026-06-28
CUST03672,Ava Johnson,ava.johnson@example.com,35,Plano,TX,2025-04-14
CUST03673,Sophia Thomas,sophia.thomas@example.com,40,Austin,TX,2026-02-27
CUST03674,Ava Brown,ava.brown@example.com,19,Austin,TX,2025-02-02
CUST03675,Liam Williams,liam.williams@example.com,67,Denton,TX,2023-12-24
CUST03676,Harper Taylor,harper.taylor@example.com,67,Plano,TX,2024-11-22
CUST03677,Noah Smith,noah.smith@example.com,28,Fort Worth,TX,2024-09-13
CUST03678,Ava Jackson,ava.jackson@example.com,48,Fort Worth,TX,2024-04-26
CUST03679,Isabella Moore,isabella.moore@example.com,50,Arlington,TX,2025-09-06
CUST03680,James Moore,james.moore@example.com,31,Arlington,TX,2026-01-06
CUST03681,Isabella Miller,isabella.miller@example.com,33,Austin,TX,2025-09-04
CUST03682,Harper Anderson,harper.anderson@example.com,28,Frisco,TX,2023-10-17
CUST03683,Isabella Taylor,isabella.taylor@example.com,50,Austin,TX,2025-01-21
CUST03684,Mia Johnson,mia.johnson@example.com,24,Arlington,TX,2023-01-23
CUST03685,James Brown,james.brown@example.com,48,Plano,TX,2025-03-16
CUST03686,Ethan Wilson,ethan.wilson@example.com,65,Arlington,TX,2023-06-21
CUST03687,Amelia Garcia,amelia.garcia@example.com,63,Austin,TX,2025-04-14
CUST03688,Ava Davis,ava.davis@example.com,64,Houston,TX,2023-11-14
CUST03689,Ava Johnson,ava.johnson@example.com,31,Austin,TX,2025-06-26
CUST03690,Ethan Miller,ethan.miller@example.com,45,Houston,TX,2025-03-08
CUST03691,Noah Garcia,noah.garcia@example.com,70,Houston,TX,2025-09-17
CUST03692,Noah Moore,noah.moore@example.com,60,Austin,TX,2025-05-04
CUST03693,Harper Martin,harper.martin@example.com,33,Frisco,TX,2026-05-01
CUST03694,Isabella Wilson,isabella.wilson@example.com,36,Frisco,TX,2024-11-11
CUST03695,Harper Miller,harper.miller@example.com,34,Dallas,TX,2025-07-04
CUST03696,Ethan Smith,ethan.smith@example.com,43,Arlington,TX,2026-02-15
CUST03697,Harper Martin,harper.martin@example.com,23,Frisco,TX,2025-10-26
CUST03698,Henry Davis,henry.davis@example.com,60,Fort Worth,TX,2025-04-22
CUST03699,James Anderson,james.anderson@example.com,66,Austin,TX,2024-04-27
CUST03700,Isabella Taylor,isabella.taylor@example.com,26,Houston,TX,2023-05-12
CUST03701,Sophia Jackson,sophia.jackson@example.com,67,Austin,TX,2026-01-21
CUST03702,Mia Williams,mia.williams@example.com,34,Arlington,TX,2025-05-10
CUST03703,Lucas Martin,lucas.martin@example.com,48,Plano,TX,2023-10-21
CUST03704,Olivia Johnson,olivia.johnson@example.com,29,Frisco,TX,2024-10-02
CUST03705,Mia Thomas,mia.thomas@example.com,40,Frisco,TX,2025-09-26
CUST03706,Noah Williams,noah.williams@example.com,71,Frisco,TX,2024-01-27
CUST03707,Amelia Anderson,amelia.anderson@example.com,71,Houston,TX,2023-09-06
CUST03708,Lucas Garcia,lucas.garcia@example.com,22,Fort Worth,TX,2024-12-03
CUST03709,Liam Moore,liam.moore@example.com,60,Denton,TX,2026-03-12
CUST03710,Emma Martin,emma.martin@example.com,53,Fort Worth,TX,2026-06-14
CUST03711,Amelia Williams,amelia.williams@example.com,53,Frisco,TX,2023-10-14
CUST03712,Isabella Taylor,isabella.taylor@example.com,20,Fort Worth,TX,2023-10-04
CUST03713,Ava Jones,ava.jones@example.com,41,Plano,TX,2024-01-22
CUST03714,Henry Garcia,henry.garcia@example.com,72,Frisco,TX,2024-03-25
CUST03715,Henry Davis,henry.davis@example.com,74,Dallas,TX,2023-10-18
CUST03716,Ethan Miller,ethan.miller@example.com,34,Houston,TX,2026-04-07
CUST03717,Amelia Martin,amelia.martin@example.com,56,Plano,TX,2024-03-18
CUST03718,Ethan Anderson,ethan.anderson@example.com,43,Denton,TX,2024-10-17
CUST03719,Ava Davis,ava.davis@example.com,21,Houston,TX,2026-04-22
CUST03720,Isabella Williams,isabella.williams@example.com,72,Denton,TX,2025-12-04
CUST03721,Amelia Brown,amelia.brown@example.com,62,Frisco,TX,2025-04-06
CUST03722,Emma Garcia,emma.garcia@example.com,29,Plano,TX,2024-04-20
CUST03723,Olivia Anderson,olivia.anderson@example.com,18,Frisco,TX,2023-09-10
CUST03724,Emma Miller,emma.miller@example.com,38,Denton,TX,2023-10-16
CUST03725,Lucas Wilson,lucas.wilson@example.com,36,Denton,TX,2026-05-20
CUST03726,Emma Moore,emma.moore@example.com,38,Plano,TX,2025-09-26
CUST03727,Henry Smith,henry.smith@example.com,69,Frisco,TX,2023-01-21
CUST03728,Lucas Moore,lucas.moore@example.com,35,Dallas,TX,2023-11-12
CUST03729,Emma Jackson,emma.jackson@example.com,60,Houston,TX,2024-07-17
CUST03730,Olivia Davis,olivia.davis@example.com,69,Plano,TX,2026-06-10
CUST03731,Amelia Davis,amelia.davis@example.com,20,Dallas,TX,2023-05-03
CUST03732,Olivia Garcia,olivia.garcia@example.com,66,Austin,TX,2025-05-23
CUST03733,Noah Brown,noah.brown@example.com,61,Frisco,TX,2025-08-17
CUST03734,Ava Williams,ava.williams@example.com,49,Arlington,TX,2023-08-02
CUST03735,Olivia Anderson,olivia.anderson@example.com,27,Plano,TX,2025-04-18
CUST03736,Lucas Williams,lucas.williams@example.com,57,Fort Worth,TX,2024-10-08
CUST03737,Olivia Garcia,olivia.garcia@example.com,32,Dallas,TX,2025-08-25
CUST03738,Noah Moore,noah.moore@example.com,22,Dallas,TX,2024-12-30
CUST03739,Ethan Davis,ethan.davis@example.com,21,Plano,TX,2024-08-22
CUST03740,Lucas Miller,lucas.miller@example.com,45,Denton,TX,2025-03-02
CUST03741,Noah Anderson,noah.anderson@example.com,70,Dallas,TX,2023-02-09
CUST03742,Henry Smith,henry.smith@example.com,69,Austin,TX,2025-01-21
CUST03743,Sophia Anderson,sophia.anderson@example.com,68,Dallas,TX,2025-07-31
CUST03744,Sophia Garcia,sophia.garcia@example.com,70,Arlington,TX,2024-10-09
CUST03745,Liam Miller,liam.miller@example.com,21,Arlington,TX,2023-07-01
CUST03746,Emma Thomas,emma.thomas@example.com,32,Denton,TX,2023-09-22
CUST03747,Ava Miller,ava.miller@example.com,34,Frisco,TX,2025-02-09
CUST03748,Mason Wilson,mason.wilson@example.com,61,Frisco,TX,2025-05-12
CUST03749,Mia Anderson,mia.anderson@example.com,20,Denton,TX,2024-03-07
CUST03750,Noah Anderson,noah.anderson@example.com,27,Fort Worth,TX,2026-05-04
CUST03751,Ethan Taylor,ethan.taylor@example.com,64,Austin,TX,2024-05-23
CUST03752,Mia Jones,mia.jones@example.com,59,Arlington,TX,2024-03-22
CUST03753,Ethan Smith,ethan.smith@example.com,73,Denton,TX,2024-06-11
CUST03754,Henry Johnson,henry.johnson@example.com,40,Plano,TX,2026-05-10
CUST03755,James Jackson,james.jackson@example.com,35,Houston,TX,2025-05-24
CUST03756,James Brown,james.brown@example.com,18,Houston,TX,2026-03-02
CUST03757,James Jones,james.jones@example.com,52,Houston,TX,2026-03-08
CUST03758,Mia Wilson,mia.wilson@example.com,70,Frisco,TX,2024-10-30
CUST03759,Harper Anderson,harper.anderson@example.com,48,Plano,TX,2025-04-26
CUST03760,Noah Jackson,noah.jackson@example.com,61,Dallas,TX,2023-03-11
CUST03761,Mason Smith,mason.smith@example.com,18,Plano,TX,2025-03-26
CUST03762,Mia Williams,mia.williams@example.com,20,Dallas,TX,2025-11-04
CUST03763,Noah Jones,noah.jones@example.com,20,Houston,TX,2026-05-20
CUST03764,Olivia Williams,olivia.williams@example.com,54,Fort Worth,TX,2025-12-19
CUST03765,Henry Brown,henry.brown@example.com,36,Fort Worth,TX,2026-06-29
CUST03766,Mason Jackson,mason.jackson@example.com,46,Denton,TX,2024-03-21
CUST03767,James Martin,james.martin@example.com,42,Dallas,TX,2025-10-22
CUST03768,Lucas Williams,lucas.williams@example.com,50,Houston,TX,2023-01-19
CUST03769,Henry Brown,henry.brown@example.com,53,Plano,TX,2024-07-14
CUST03770,Ethan Martin,ethan.martin@example.com,46,Fort Worth,TX,2026-01-06
CUST03771,James Jackson,james.jackson@example.com,43,Dallas,TX,2024-04-16
CUST03772,Sophia Moore,sophia.moore@example.com,21,Denton,TX,2023-01-28
CUST03773,Emma Moore,emma.moore@example.com,66,Plano,TX,2024-07-13
CUST03774,Sophia Jackson,sophia.jackson@example.com,31,Houston,TX,2024-08-30
CUST03775,James Jackson,james.jackson@example.com,67,Austin,TX,2026-04-03
CUST03776,Henry Smith,henry.smith@example.com,44,Houston,TX,2024-04-02
CUST03777,Mason Thomas,mason.thomas@example.com,50,Frisco,TX,2025-08-02
CUST03778,Lucas Davis,lucas.davis@example.com,39,Houston,TX,2026-04-14
CUST03779,Ethan Brown,ethan.brown@example.com,65,Denton,TX,2025-09-10
CUST03780,Harper Miller,harper.miller@example.com,20,Plano,TX,2025-05-17
CUST03781,Lucas Johnson,lucas.johnson@example.com,40,Denton,TX,2025-10-12
CUST03782,Mia Johnson,mia.johnson@example.com,38,Plano,TX,2023-01-29
CUST03783,Amelia Garcia,amelia.garcia@example.com,58,Arlington,TX,2024-10-30
CUST03784,Ethan Martin,ethan.martin@example.com,40,Arlington,TX,2025-04-05
CUST03785,James Johnson,james.johnson@example.com,21,Plano,TX,2025-03-26
CUST03786,Mia Jackson,mia.jackson@example.com,38,Plano,TX,2023-10-06
CUST03787,Amelia Jackson,amelia.jackson@example.com,54,Austin,TX,2023-10-10
CUST03788,Noah Garcia,noah.garcia@example.com,60,Austin,TX,2025-09-29
CUST03789,Mason Anderson,mason.anderson@example.com,48,Houston,TX,2023-11-01
CUST03790,Isabella Jackson,isabella.jackson@example.com,38,Denton,TX,2024-11-24
CUST03791,Noah Johnson,noah.johnson@example.com,43,Frisco,TX,2023-04-19
CUST03792,Liam Brown,liam.brown@example.com,58,Denton,TX,2023-11-20
CUST03793,Lucas Miller,lucas.miller@example.com,52,Fort Worth,TX,2026-05-14
CUST03794,Isabella Davis,isabella.davis@example.com,55,Denton,TX,2026-06-11
CUST03795,Mia Jackson,mia.jackson@example.com,41,Frisco,TX,2024-04-02
CUST03796,Olivia Williams,olivia.williams@example.com,28,Austin,TX,2026-04-25
CUST03797,Noah Martin,noah.martin@example.com,58,Houston,TX,2024-04-26
CUST03798,Liam Jackson,liam.jackson@example.com,46,Frisco,TX,2025-07-10
CUST03799,Ava Moore,ava.moore@example.com,64,Denton,TX,2024-06-03
CUST03800,Isabella Wilson,isabella.wilson@example.com,72,Dallas,TX,2025-12-12
CUST03801,Sophia Johnson,sophia.johnson@example.com,20,Arlington,TX,2026-05-07
CUST03802,Ethan Davis,ethan.davis@example.com,18,Frisco,TX,2024-01-26
CUST03803,Harper Davis,harper.davis@example.com,69,Fort Worth,TX,2025-02-09
CUST03804,Harper Moore,harper.moore@example.com,71,Houston,TX,2025-07-01
CUST03805,Liam Martin,liam.martin@example.com,36,Frisco,TX,2026-04-10
CUST03806,Mason Brown,mason.brown@example.com,63,Plano,TX,2023-03-27
CUST03807,Isabella Smith,isabella.smith@example.com,66,Denton,TX,2024-07-11
CUST03808,Noah Moore,noah.moore@example.com,39,Dallas,TX,2025-05-07
CUST03809,Mason Smith,mason.smith@example.com,31,Arlington,TX,2026-04-24
CUST03810,Harper Johnson,harper.johnson@example.com,66,Dallas,TX,2026-03-25
CUST03811,Sophia Martin,sophia.martin@example.com,74,Houston,TX,2024-10-27
CUST03812,Olivia Jackson,olivia.jackson@example.com,31,Denton,TX,2026-02-27
CUST03813,Lucas Thomas,lucas.thomas@example.com,61,Austin,TX,2025-04-22
CUST03814,Lucas Martin,lucas.martin@example.com,33,Arlington,TX,2026-01-09
CUST03815,James Wilson,james.wilson@example.com,50,Denton,TX,2023-10-22
CUST03816,Mason Moore,mason.moore@example.com,30,Dallas,TX,2023-09-26
CUST03817,Henry Johnson,henry.johnson@example.com,55,Austin,TX,2024-10-06
CUST03818,Mia Johnson,mia.johnson@example.com,66,Fort Worth,TX,2024-06-18
CUST03819,Olivia Garcia,olivia.garcia@example.com,29,Houston,TX,2023-03-29
CUST03820,Lucas Miller,lucas.miller@example.com,72,Houston,TX,2025-07-13
CUST03821,Olivia Moore,olivia.moore@example.com,68,Arlington,TX,2023-04-21
CUST03822,Liam Miller,liam.miller@example.com,55,Dallas,TX,2024-08-06
CUST03823,Olivia Jackson,olivia.jackson@example.com,56,Fort Worth,TX,2026-03-23
CUST03824,Emma Moore,emma.moore@example.com,50,Plano,TX,2025-02-07
CUST03825,Sophia Wilson,sophia.wilson@example.com,50,Arlington,TX,2026-03-25
CUST03826,Lucas Garcia,lucas.garcia@example.com,46,Denton,TX,2023-08-26
CUST03827,Olivia Martin,olivia.martin@example.com,22,Plano,TX,2023-11-30
CUST03828,Mason Davis,mason.davis@example.com,23,Arlington,TX,2023-04-16
CUST03829,Ava Anderson,ava.anderson@example.com,48,Dallas,TX,2024-01-17
CUST03830,Emma Garcia,emma.garcia@example.com,33,Fort Worth,TX,2024-11-19
CUST03831,Emma Johnson,emma.johnson@example.com,48,Dallas,TX,2023-09-18
CUST03832,Mia Smith,mia.smith@example.com,42,Houston,TX,2024-10-16
CUST03833,Olivia Jones,olivia.jones@example.com,65,Plano,TX,2025-03-30
CUST03834,James Martin,james.martin@example.com,63,Austin,TX,2024-12-09
CUST03835,Mia Wilson,mia.wilson@example.com,50,Frisco,TX,2024-04-20
CUST03836,Amelia Davis,amelia.davis@example.com,30,Denton,TX,2026-06-02
CUST03837,Mia Martin,mia.martin@example.com,69,Houston,TX,2025-06-25
CUST03838,Ava Moore,ava.moore@example.com,27,Houston,TX,2024-07-08
CUST03839,Liam Brown,liam.brown@example.com,41,Plano,TX,2024-10-24
CUST03840,Olivia Jones,olivia.jones@example.com,27,Denton,TX,2024-07-28
CUST03841,Noah Moore,noah.moore@example.com,58,Arlington,TX,2024-10-03
CUST03842,Harper Jones,harper.jones@example.com,48,Houston,TX,2024-04-07
CUST03843,Lucas Garcia,lucas.garcia@example.com,30,Frisco,TX,2025-05-04
CUST03844,Mia Williams,mia.williams@example.com,20,Fort Worth,TX,2026-05-22
CUST03845,Sophia Jones,sophia.jones@example.com,67,Houston,TX,2024-08-07
CUST03846,Ethan Johnson,ethan.johnson@example.com,69,Fort Worth,TX,2025-07-31
CUST03847,Sophia Taylor,sophia.taylor@example.com,51,Dallas,TX,2024-09-07
CUST03848,Ava Smith,ava.smith@example.com,66,Denton,TX,2023-06-07
CUST03849,Ava Anderson,ava.anderson@example.com,45,Arlington,TX,2023-09-29
CUST03850,Mason Smith,mason.smith@example.com,36,Fort Worth,TX,2026-06-15
CUST03851,Amelia Taylor,amelia.taylor@example.com,40,Houston,TX,2024-10-31
CUST03852,Amelia Miller,amelia.miller@example.com,62,Arlington,TX,2024-09-12
CUST03853,Liam Johnson,liam.johnson@example.com,49,Frisco,TX,2024-06-04
CUST03854,James Brown,james.brown@example.com,30,Arlington,TX,2023-02-28
CUST03855,Lucas Jones,lucas.jones@example.com,50,Fort Worth,TX,2024-12-04
CUST03856,Isabella Miller,isabella.miller@example.com,51,Denton,TX,2024-10-09
CUST03857,Mia Johnson,mia.johnson@example.com,50,Fort Worth,TX,2026-06-28
CUST03858,Sophia Martin,sophia.martin@example.com,73,Austin,TX,2025-06-09
CUST03859,Ethan Garcia,ethan.garcia@example.com,22,Austin,TX,2024-03-11
CUST03860,Ava Smith,ava.smith@example.com,73,Arlington,TX,2023-05-26
CUST03861,Ava Miller,ava.miller@example.com,20,Plano,TX,2025-05-08
CUST03862,Liam Wilson,liam.wilson@example.com,24,Denton,TX,2025-09-04
CUST03863,Ethan Jones,ethan.jones@example.com,41,Plano,TX,2023-09-02
CUST03864,Henry Jones,henry.jones@example.com,39,Austin,TX,2023-10-28
CUST03865,Ethan Brown,ethan.brown@example.com,62,Houston,TX,2024-03-13
CUST03866,Liam Williams,liam.williams@example.com,40,Dallas,TX,2025-05-17
CUST03867,Ava Wilson,ava.wilson@example.com,47,Arlington,TX,2023-04-10
CUST03868,Lucas Jones,lucas.jones@example.com,35,Dallas,TX,2024-12-25
CUST03869,Olivia Davis,olivia.davis@example.com,49,Austin,TX,2025-03-24
CUST03870,Olivia Wilson,olivia.wilson@example.com,73,Fort Worth,TX,2024-04-24
CUST03871,Liam Jones,liam.jones@example.com,70,Frisco,TX,2024-02-19
CUST03872,Ethan Taylor,ethan.taylor@example.com,24,Arlington,TX,2023-06-14
CUST03873,Mia Wilson,mia.wilson@example.com,50,Austin,TX,2025-08-31
CUST03874,Liam Johnson,liam.johnson@example.com,22,Denton,TX,2026-02-18
CUST03875,Lucas Wilson,lucas.wilson@example.com,66,Houston,TX,2023-03-29
CUST03876,Liam Anderson,liam.anderson@example.com,45,Frisco,TX,2026-05-25
CUST03877,Emma Brown,emma.brown@example.com,25,Arlington,TX,2024-07-26
CUST03878,Amelia Garcia,amelia.garcia@example.com,32,Arlington,TX,2025-03-24
CUST03879,Sophia Garcia,sophia.garcia@example.com,69,Denton,TX,2023-06-28
CUST03880,Ethan Garcia,ethan.garcia@example.com,21,Plano,TX,2023-06-12
CUST03881,James Johnson,james.johnson@example.com,51,Fort Worth,TX,2024-08-15
CUST03882,Mason Miller,mason.miller@example.com,22,Arlington,TX,2025-10-02
CUST03883,Harper Moore,harper.moore@example.com,50,Fort Worth,TX,2026-04-08
CUST03884,Mason Garcia,mason.garcia@example.com,74,Austin,TX,2023-10-28
CUST03885,Ethan Anderson,ethan.anderson@example.com,22,Houston,TX,2024-01-09
CUST03886,James Martin,james.martin@example.com,55,Frisco,TX,2024-12-08
CUST03887,Isabella Smith,isabella.smith@example.com,51,Frisco,TX,2023-07-22
CUST03888,Lucas Johnson,lucas.johnson@example.com,43,Houston,TX,2023-02-16
CUST03889,Emma Miller,emma.miller@example.com,18,Arlington,TX,2024-04-07
CUST03890,Emma Smith,emma.smith@example.com,21,Arlington,TX,2024-02-12
CUST03891,Harper Jackson,harper.jackson@example.com,56,Austin,TX,2026-05-02
CUST03892,Ava Smith,ava.smith@example.com,71,Plano,TX,2024-03-02
CUST03893,Sophia Smith,sophia.smith@example.com,43,Plano,TX,2025-07-18
CUST03894,Olivia Davis,olivia.davis@example.com,50,Plano,TX,2023-11-13
CUST03895,Noah Brown,noah.brown@example.com,50,Fort Worth,TX,2024-02-25
CUST03896,Lucas Brown,lucas.brown@example.com,25,Plano,TX,2023-09-20
CUST03897,Harper Moore,harper.moore@example.com,37,Houston,TX,2023-06-15
CUST03898,Noah Johnson,noah.johnson@example.com,33,Frisco,TX,2024-03-03
CUST03899,Henry Anderson,henry.anderson@example.com,38,Frisco,TX,2024-02-01
CUST03900,Noah Anderson,noah.anderson@example.com,62,Fort Worth,TX,2026-05-24
CUST03901,Ethan Anderson,ethan.anderson@example.com,72,Austin,TX,2025-03-06
CUST03902,Harper Smith,harper.smith@example.com,73,Houston,TX,2023-04-17
CUST03903,Mason Thomas,mason.thomas@example.com,43,Frisco,TX,2023-04-08
CUST03904,Mason Taylor,mason.taylor@example.com,40,Houston,TX,2026-06-07
CUST03905,Olivia Wilson,olivia.wilson@example.com,35,Frisco,TX,2023-02-12
CUST03906,Harper Miller,harper.miller@example.com,48,Dallas,TX,2023-08-30
CUST03907,Ethan Brown,ethan.brown@example.com,69,Austin,TX,2023-04-05
CUST03908,Noah Thomas,noah.thomas@example.com,59,Austin,TX,2023-07-07
CUST03909,James Garcia,james.garcia@example.com,29,Denton,TX,2024-01-20
CUST03910,Henry Martin,henry.martin@example.com,18,Dallas,TX,2025-03-29
CUST03911,Isabella Johnson,isabella.johnson@example.com,59,Fort Worth,TX,2026-04-05
CUST03912,Amelia Miller,amelia.miller@example.com,26,Frisco,TX,2026-02-22
CUST03913,Mia Johnson,mia.johnson@example.com,20,Denton,TX,2023-03-28
CUST03914,Mason Taylor,mason.taylor@example.com,68,Frisco,TX,2024-05-03
CUST03915,Lucas Davis,lucas.davis@example.com,43,Frisco,TX,2023-08-14
CUST03916,James Davis,james.davis@example.com,26,Plano,TX,2023-12-11
CUST03917,Lucas Smith,lucas.smith@example.com,59,Plano,TX,2024-06-01
CUST03918,Ava Moore,ava.moore@example.com,68,Plano,TX,2025-11-20
CUST03919,Harper Davis,harper.davis@example.com,33,Plano,TX,2023-10-23
CUST03920,Liam Johnson,liam.johnson@example.com,41,Plano,TX,2024-02-18
CUST03921,Mia Garcia,mia.garcia@example.com,67,Dallas,TX,2023-05-15
CUST03922,Mason Moore,mason.moore@example.com,31,Austin,TX,2024-06-08
CUST03923,Henry Smith,henry.smith@example.com,20,Fort Worth,TX,2025-10-05
CUST03924,Emma Jones,emma.jones@example.com,51,Houston,TX,2023-01-04
CUST03925,Mason Anderson,mason.anderson@example.com,50,Plano,TX,2023-06-27
CUST03926,James Miller,james.miller@example.com,67,Dallas,TX,2025-01-15
CUST03927,Ava Moore,ava.moore@example.com,41,Denton,TX,2023-09-16
CUST03928,Lucas Taylor,lucas.taylor@example.com,26,Denton,TX,2024-10-13
CUST03929,Noah Smith,noah.smith@example.com,30,Frisco,TX,2025-12-24
CUST03930,Emma Jackson,emma.jackson@example.com,19,Fort Worth,TX,2025-11-06
CUST03931,Ethan Johnson,ethan.johnson@example.com,24,Denton,TX,2026-05-08
CUST03932,Sophia Miller,sophia.miller@example.com,65,Fort Worth,TX,2024-06-27
CUST03933,Noah Garcia,noah.garcia@example.com,38,Fort Worth,TX,2026-05-20
CUST03934,Sophia Williams,sophia.williams@example.com,36,Dallas,TX,2024-03-10
CUST03935,Mia Martin,mia.martin@example.com,42,Houston,TX,2023-10-17
CUST03936,Isabella Taylor,isabella.taylor@example.com,64,Plano,TX,2025-03-13
CUST03937,Liam Johnson,liam.johnson@example.com,39,Fort Worth,TX,2024-04-27
CUST03938,Isabella Taylor,isabella.taylor@example.com,28,Dallas,TX,2023-08-22
CUST03939,Emma Brown,emma.brown@example.com,50,Frisco,TX,2024-02-12
CUST03940,Olivia Williams,olivia.williams@example.com,49,Austin,TX,2024-11-24
CUST03941,Emma Miller,emma.miller@example.com,38,Frisco,TX,2026-03-15
CUST03942,Isabella Davis,isabella.davis@example.com,56,Dallas,TX,2024-07-15
CUST03943,Mason Johnson,mason.johnson@example.com,37,Dallas,TX,2024-03-05
CUST03944,James Taylor,james.taylor@example.com,25,Dallas,TX,2024-03-07
CUST03945,Lucas Miller,lucas.miller@example.com,59,Fort Worth,TX,2024-05-11
CUST03946,Mason Davis,mason.davis@example.com,54,Dallas,TX,2025-09-09
CUST03947,Mason Garcia,mason.garcia@example.com,26,Austin,TX,2026-01-17
CUST03948,James Garcia,james.garcia@example.com,42,Fort Worth,TX,2025-09-23
CUST03949,James Taylor,james.taylor@example.com,42,Frisco,TX,2025-06-15
CUST03950,Mia Smith,mia.smith@example.com,50,Austin,TX,2025-04-06
CUST03951,Noah Brown,noah.brown@example.com,19,Denton,TX,2026-06-18
CUST03952,Olivia Martin,olivia.martin@example.com,36,Arlington,TX,2025-02-16
CUST03953,Olivia Smith,olivia.smith@example.com,63,Frisco,TX,2023-08-11
CUST03954,Mason Brown,mason.brown@example.com,37,Dallas,TX,2024-04-12
CUST03955,Sophia Johnson,sophia.johnson@example.com,59,Plano,TX,2024-07-22
CUST03956,Mia Anderson,mia.anderson@example.com,58,Plano,TX,2024-01-10
CUST03957,Harper Moore,harper.moore@example.com,59,Fort Worth,TX,2026-02-09
CUST03958,Harper Jones,harper.jones@example.com,46,Plano,TX,2024-06-10
CUST03959,Henry Taylor,henry.taylor@example.com,23,Frisco,TX,2024-02-16
CUST03960,Mason Martin,mason.martin@example.com,34,Fort Worth,TX,2023-09-26
CUST03961,Liam Wilson,liam.wilson@example.com,42,Frisco,TX,2024-09-17
CUST03962,Lucas Anderson,lucas.anderson@example.com,55,Dallas,TX,2026-06-29
CUST03963,James Jackson,james.jackson@example.com,21,Houston,TX,2025-10-08
CUST03964,Noah Thomas,noah.thomas@example.com,47,Houston,TX,2024-03-25
CUST03965,Ethan Taylor,ethan.taylor@example.com,37,Austin,TX,2025-03-12
CUST03966,James Williams,james.williams@example.com,20,Dallas,TX,2025-04-01
CUST03967,Liam Davis,liam.davis@example.com,40,Plano,TX,2023-09-12
CUST03968,Sophia Williams,sophia.williams@example.com,68,Dallas,TX,2023-05-06
CUST03969,Emma Garcia,emma.garcia@example.com,35,Arlington,TX,2025-01-31
CUST03970,Amelia Brown,amelia.brown@example.com,43,Houston,TX,2025-03-09
CUST03971,Emma Davis,emma.davis@example.com,73,Plano,TX,2024-07-18
CUST03972,Isabella Anderson,isabella.anderson@example.com,53,Frisco,TX,2024-03-31
CUST03973,Liam Garcia,liam.garcia@example.com,25,Frisco,TX,2025-12-26
CUST03974,Isabella Davis,isabella.davis@example.com,34,Houston,TX,2025-12-25
CUST03975,Mason Smith,mason.smith@example.com,48,Dallas,TX,2025-06-30
CUST03976,Ethan Garcia,ethan.garcia@example.com,54,Plano,TX,2025-05-11
CUST03977,Ava Smith,ava.smith@example.com,62,Austin,TX,2024-09-08
CUST03978,James Smith,james.smith@example.com,74,Frisco,TX,2024-02-04
CUST03979,Ava Davis,ava.davis@example.com,50,Dallas,TX,2023-10-14
CUST03980,Sophia Jackson,sophia.jackson@example.com,44,Austin,TX,2023-07-05
CUST03981,Mason Miller,mason.miller@example.com,62,Denton,TX,2023-10-11
CUST03982,Olivia Williams,olivia.williams@example.com,21,Plano,TX,2024-10-11
CUST03983,James Garcia,james.garcia@example.com,39,Houston,TX,2024-11-21
CUST03984,Isabella Jackson,isabella.jackson@example.com,43,Denton,TX,2023-08-25
CUST03985,Olivia Wilson,olivia.wilson@example.com,49,Arlington,TX,2025-11-07
CUST03986,Noah Miller,noah.miller@example.com,41,Denton,TX,2025-03-25
CUST03987,Henry Thomas,henry.thomas@example.com,63,Fort Worth,TX,2025-07-16
CUST03988,Ethan Williams,ethan.williams@example.com,52,Houston,TX,2024-02-18
CUST03989,Henry Martin,henry.martin@example.com,54,Austin,TX,2023-01-09
CUST03990,Ethan Martin,ethan.martin@example.com,49,Dallas,TX,2024-02-24
CUST03991,Emma Moore,emma.moore@example.com,24,Denton,TX,2023-01-29
CUST03992,Mia Garcia,mia.garcia@example.com,50,Frisco,TX,2023-12-14
CUST03993,James Anderson,james.anderson@example.com,48,Plano,TX,2024-10-22
CUST03994,Isabella Brown,isabella.brown@example.com,72,Denton,TX,2024-07-29
CUST03995,Henry Martin,henry.martin@example.com,29,Houston,TX,2024-03-25
CUST03996,Sophia Moore,sophia.moore@example.com,28,Frisco,TX,2024-01-15
CUST03997,Ava Williams,ava.williams@example.com,41,Frisco,TX,2024-11-29
CUST03998,Harper Wilson,harper.wilson@example.com,25,Arlington,TX,2024-01-01
CUST03999,Amelia Taylor,amelia.taylor@example.com,49,Plano,TX,2026-06-04
CUST04000,Sophia Johnson,sophia.johnson@example.com,74,Denton,TX,2026-02-15
CUST04001,Olivia Smith,olivia.smith@example.com,55,Austin,TX,2024-02-16
CUST04002,Olivia Jackson,olivia.jackson@example.com,39,Plano,TX,2025-08-08
CUST04003,Henry Martin,henry.martin@example.com,51,Denton,TX,2023-12-22
CUST04004,Amelia Johnson,amelia.johnson@example.com,36,Plano,TX,2023-09-11
CUST04005,Liam Miller,liam.miller@example.com,69,Dallas,TX,2024-12-27
CUST04006,Noah Taylor,noah.taylor@example.com,37,Fort Worth,TX,2024-11-11
CUST04007,James Smith,james.smith@example.com,73,Denton,TX,2026-01-09
CUST04008,Ethan Garcia,ethan.garcia@example.com,31,Frisco,TX,2025-12-05
CUST04009,Lucas Martin,lucas.martin@example.com,50,Austin,TX,2025-12-08
CUST04010,Harper Miller,harper.miller@example.com,27,Denton,TX,2025-03-20
CUST04011,Isabella Wilson,isabella.wilson@example.com,33,Denton,TX,2024-04-17
CUST04012,Sophia Jackson,sophia.jackson@example.com,21,Dallas,TX,2024-02-20
CUST04013,Isabella Martin,isabella.martin@example.com,44,Frisco,TX,2025-09-05
CUST04014,Olivia Davis,olivia.davis@example.com,45,Fort Worth,TX,2024-08-22
CUST04015,Mia Garcia,mia.garcia@example.com,60,Dallas,TX,2026-02-18
CUST04016,Emma Williams,emma.williams@example.com,33,Fort Worth,TX,2025-10-23
CUST04017,Ava Davis,ava.davis@example.com,69,Fort Worth,TX,2024-04-04
CUST04018,Noah Miller,noah.miller@example.com,50,Fort Worth,TX,2026-06-04
CUST04019,Mia Williams,mia.williams@example.com,65,Dallas,TX,2023-03-20
CUST04020,Noah Wilson,noah.wilson@example.com,36,Plano,TX,2025-02-13
CUST04021,Liam Thomas,liam.thomas@example.com,38,Denton,TX,2025-12-30
CUST04022,Lucas Johnson,lucas.johnson@example.com,39,Fort Worth,TX,2025-06-14
CUST04023,Henry Williams,henry.williams@example.com,26,Plano,TX,2026-05-05
CUST04024,Henry Johnson,henry.johnson@example.com,26,Denton,TX,2023-02-27
CUST04025,Olivia Moore,olivia.moore@example.com,26,Frisco,TX,2024-09-15
CUST04026,Emma Smith,emma.smith@example.com,44,Denton,TX,2023-02-17
CUST04027,Amelia Brown,amelia.brown@example.com,34,Frisco,TX,2026-04-23
CUST04028,James Jones,james.jones@example.com,61,Austin,TX,2025-04-18
CUST04029,Amelia Moore,amelia.moore@example.com,74,Arlington,TX,2023-06-14
CUST04030,Mia Garcia,mia.garcia@example.com,62,Plano,TX,2023-11-26
CUST04031,Noah Jones,noah.jones@example.com,25,Denton,TX,2026-02-18
CUST04032,Ethan Smith,ethan.smith@example.com,33,Frisco,TX,2023-08-01
CUST04033,Liam Williams,liam.williams@example.com,35,Arlington,TX,2024-05-21
CUST04034,Ethan Smith,ethan.smith@example.com,50,Fort Worth,TX,2025-07-04
CUST04035,Emma Anderson,emma.anderson@example.com,18,Arlington,TX,2025-03-11
CUST04036,James Jones,james.jones@example.com,29,Arlington,TX,2023-06-17
CUST04037,James Jones,james.jones@example.com,23,Fort Worth,TX,2025-09-21
CUST04038,Mia Thomas,mia.thomas@example.com,58,Plano,TX,2025-04-09
CUST04039,Isabella Anderson,isabella.anderson@example.com,72,Denton,TX,2025-09-22
CUST04040,Liam Moore,liam.moore@example.com,22,Fort Worth,TX,2025-09-13
CUST04041,Harper Garcia,harper.garcia@example.com,33,Austin,TX,2025-02-25
CUST04042,James Davis,james.davis@example.com,35,Houston,TX,2024-03-02
CUST04043,James Taylor,james.taylor@example.com,66,Denton,TX,2026-05-29
CUST04044,Mia Thomas,mia.thomas@example.com,35,Dallas,TX,2025-10-12
CUST04045,Olivia Smith,olivia.smith@example.com,18,Fort Worth,TX,2025-10-30
CUST04046,Mason Brown,mason.brown@example.com,36,Fort Worth,TX,2026-02-17
CUST04047,Liam Taylor,liam.taylor@example.com,71,Arlington,TX,2026-06-24
CUST04048,Ethan Anderson,ethan.anderson@example.com,25,Austin,TX,2026-05-29
CUST04049,Emma Smith,emma.smith@example.com,20,Frisco,TX,2025-02-11
CUST04050,James Wilson,james.wilson@example.com,42,Frisco,TX,2025-12-17
CUST04051,James Anderson,james.anderson@example.com,22,Arlington,TX,2026-02-25
CUST04052,Henry Miller,henry.miller@example.com,72,Plano,TX,2024-12-17
CUST04053,Lucas Miller,lucas.miller@example.com,57,Denton,TX,2023-03-27
CUST04054,Olivia Thomas,olivia.thomas@example.com,36,Fort Worth,TX,2023-04-14
CUST04055,James Jones,james.jones@example.com,35,Denton,TX,2023-05-23
CUST04056,Mason Miller,mason.miller@example.com,67,Denton,TX,2023-07-24
CUST04057,Lucas Thomas,lucas.thomas@example.com,70,Fort Worth,TX,2024-10-02
CUST04058,Henry Jackson,henry.jackson@example.com,48,Arlington,TX,2025-11-27
CUST04059,Ava Johnson,ava.johnson@example.com,50,Denton,TX,2025-12-11
CUST04060,Olivia Martin,olivia.martin@example.com,64,Fort Worth,TX,2023-01-01
CUST04061,Emma Moore,emma.moore@example.com,35,Plano,TX,2023-01-11
CUST04062,Noah Brown,noah.brown@example.com,74,Denton,TX,2025-01-16
CUST04063,Liam Martin,liam.martin@example.com,56,Houston,TX,2026-05-22
CUST04064,Mia Martin,mia.martin@example.com,33,Dallas,TX,2025-08-13
CUST04065,Emma Miller,emma.miller@example.com,33,Dallas,TX,2025-01-24
CUST04066,Harper Williams,harper.williams@example.com,64,Dallas,TX,2024-06-01
CUST04067,Liam Johnson,liam.johnson@example.com,55,Houston,TX,2025-10-28
CUST04068,Lucas Taylor,lucas.taylor@example.com,58,Fort Worth,TX,2023-01-05
CUST04069,Isabella Johnson,isabella.johnson@example.com,24,Arlington,TX,2024-11-24
CUST04070,Mia Moore,mia.moore@example.com,31,Frisco,TX,2023-04-22
CUST04071,Sophia Smith,sophia.smith@example.com,60,Austin,TX,2025-09-30
CUST04072,Ethan Jones,ethan.jones@example.com,70,Fort Worth,TX,2023-09-30
CUST04073,Ava Thomas,ava.thomas@example.com,65,Houston,TX,2024-02-26
CUST04074,Olivia Garcia,olivia.garcia@example.com,42,Denton,TX,2023-09-22
CUST04075,James Garcia,james.garcia@example.com,49,Plano,TX,2023-07-31
CUST04076,Isabella Wilson,isabella.wilson@example.com,55,Houston,TX,2026-01-06
CUST04077,Henry Brown,henry.brown@example.com,39,Denton,TX,2025-02-20
CUST04078,Harper Smith,harper.smith@example.com,33,Frisco,TX,2024-10-27
CUST04079,Isabella Garcia,isabella.garcia@example.com,69,Dallas,TX,2026-05-29
CUST04080,Emma Jackson,emma.jackson@example.com,46,Fort Worth,TX,2024-01-04
CUST04081,Ava Jones,ava.jones@example.com,33,Frisco,TX,2025-08-15
CUST04082,Noah Taylor,noah.taylor@example.com,29,Dallas,TX,2023-12-13
CUST04083,Amelia Garcia,amelia.garcia@example.com,34,Austin,TX,2023-01-25
CUST04084,Liam Williams,liam.williams@example.com,54,Denton,TX,2025-09-02
CUST04085,Liam Johnson,liam.johnson@example.com,44,Denton,TX,2024-02-21
CUST04086,Emma Garcia,emma.garcia@example.com,42,Plano,TX,2024-05-29
CUST04087,Mason Moore,mason.moore@example.com,30,Dallas,TX,2023-08-03
CUST04088,Mason Smith,mason.smith@example.com,25,Austin,TX,2026-02-09
CUST04089,James Miller,james.miller@example.com,73,Denton,TX,2025-08-11
CUST04090,Harper Miller,harper.miller@example.com,22,Houston,TX,2025-07-02
CUST04091,Sophia Taylor,sophia.taylor@example.com,29,Dallas,TX,2024-03-03
CUST04092,Ethan Moore,ethan.moore@example.com,58,Dallas,TX,2025-01-02
CUST04093,Mia Miller,mia.miller@example.com,20,Arlington,TX,2024-11-29
CUST04094,Noah Jackson,noah.jackson@example.com,52,Plano,TX,2023-08-04
CUST04095,James Thomas,james.thomas@example.com,50,Plano,TX,2024-02-17
CUST04096,Ava Anderson,ava.anderson@example.com,74,Frisco,TX,2024-01-15
CUST04097,Mason Taylor,mason.taylor@example.com,39,Houston,TX,2023-08-20
CUST04098,Sophia Smith,sophia.smith@example.com,67,Arlington,TX,2025-04-14
CUST04099,Sophia Jackson,sophia.jackson@example.com,73,Frisco,TX,2023-09-15
CUST04100,Harper Brown,harper.brown@example.com,61,Austin,TX,2024-02-07
CUST04101,Emma Moore,emma.moore@example.com,26,Frisco,TX,2024-02-28
CUST04102,Noah Miller,noah.miller@example.com,58,Austin,TX,2025-02-08
CUST04103,Lucas Anderson,lucas.anderson@example.com,35,Houston,TX,2023-03-06
CUST04104,Mia Wilson,mia.wilson@example.com,67,Denton,TX,2023-07-09
CUST04105,Harper Jones,harper.jones@example.com,46,Plano,TX,2025-08-07
CUST04106,Ethan Moore,ethan.moore@example.com,56,Denton,TX,2023-06-22
CUST04107,Harper Johnson,harper.johnson@example.com,44,Austin,TX,2025-01-28
CUST04108,Harper Miller,harper.miller@example.com,53,Houston,TX,2024-09-19
CUST04109,Olivia Taylor,olivia.taylor@example.com,62,Denton,TX,2024-07-14
CUST04110,Emma Smith,emma.smith@example.com,34,Frisco,TX,2026-06-04
CUST04111,Mia Miller,mia.miller@example.com,73,Austin,TX,2025-09-27
CUST04112,Olivia Garcia,olivia.garcia@example.com,51,Fort Worth,TX,2024-02-05
CUST04113,Olivia Miller,olivia.miller@example.com,63,Dallas,TX,2024-09-29
CUST04114,Henry Martin,henry.martin@example.com,20,Frisco,TX,2025-08-06
CUST04115,Noah Moore,noah.moore@example.com,22,Plano,TX,2023-08-01
CUST04116,Henry Taylor,henry.taylor@example.com,31,Denton,TX,2023-02-22
CUST04117,Noah Williams,noah.williams@example.com,20,Frisco,TX,2024-09-15
CUST04118,James Jackson,james.jackson@example.com,40,Fort Worth,TX,2025-01-21
CUST04119,Ava Williams,ava.williams@example.com,56,Houston,TX,2024-10-23
CUST04120,Sophia Miller,sophia.miller@example.com,47,Houston,TX,2023-05-19
CUST04121,Mia Moore,mia.moore@example.com,67,Frisco,TX,2024-02-22
CUST04122,Emma Johnson,emma.johnson@example.com,62,Fort Worth,TX,2023-05-23
CUST04123,James Smith,james.smith@example.com,40,Denton,TX,2024-05-23
CUST04124,Amelia Wilson,amelia.wilson@example.com,44,Frisco,TX,2024-10-11
CUST04125,Harper Wilson,harper.wilson@example.com,71,Dallas,TX,2024-04-30
CUST04126,Liam Miller,liam.miller@example.com,27,Dallas,TX,2025-09-18
CUST04127,Emma Miller,emma.miller@example.com,42,Arlington,TX,2024-06-26
CUST04128,Ava Williams,ava.williams@example.com,30,Austin,TX,2023-10-20
CUST04129,Ethan Taylor,ethan.taylor@example.com,33,Arlington,TX,2024-11-01
CUST04130,Isabella Jackson,isabella.jackson@example.com,58,Denton,TX,2025-04-17
CUST04131,Isabella Johnson,isabella.johnson@example.com,51,Dallas,TX,2025-11-03
CUST04132,Sophia Anderson,sophia.anderson@example.com,72,Fort Worth,TX,2024-09-25
CUST04133,Isabella Miller,isabella.miller@example.com,54,Austin,TX,2023-09-29
CUST04134,Isabella Wilson,isabella.wilson@example.com,39,Denton,TX,2025-11-14
CUST04135,Liam Smith,liam.smith@example.com,34,Fort Worth,TX,2023-11-18
CUST04136,Mason Moore,mason.moore@example.com,40,Denton,TX,2025-03-16
CUST04137,Henry Martin,henry.martin@example.com,71,Arlington,TX,2026-01-31
CUST04138,Ethan Brown,ethan.brown@example.com,53,Houston,TX,2025-06-01
CUST04139,Henry Garcia,henry.garcia@example.com,66,Fort Worth,TX,2025-11-29
CUST04140,Noah Miller,noah.miller@example.com,26,Arlington,TX,2023-08-23
CUST04141,Olivia Taylor,olivia.taylor@example.com,69,Arlington,TX,2025-04-11
CUST04142,Mason Miller,mason.miller@example.com,19,Arlington,TX,2026-01-17
CUST04143,Henry Taylor,henry.taylor@example.com,49,Houston,TX,2026-01-28
CUST04144,Emma Johnson,emma.johnson@example.com,73,Houston,TX,2023-05-24
CUST04145,Emma Martin,emma.martin@example.com,67,Frisco,TX,2026-01-10
CUST04146,Henry Brown,henry.brown@example.com,70,Houston,TX,2024-08-11
CUST04147,Harper Jones,harper.jones@example.com,39,Austin,TX,2023-08-17
CUST04148,Henry Martin,henry.martin@example.com,60,Houston,TX,2026-05-05
CUST04149,Isabella Thomas,isabella.thomas@example.com,30,Houston,TX,2023-10-01
CUST04150,Noah Smith,noah.smith@example.com,25,Houston,TX,2024-08-12
CUST04151,Ava Smith,ava.smith@example.com,18,Denton,TX,2024-10-14
CUST04152,Mia Taylor,mia.taylor@example.com,34,Fort Worth,TX,2024-08-05
CUST04153,Mason Williams,mason.williams@example.com,29,Houston,TX,2025-08-25
CUST04154,Mason Jackson,mason.jackson@example.com,21,Austin,TX,2024-01-07
CUST04155,Henry Jackson,henry.jackson@example.com,70,Denton,TX,2026-01-08
CUST04156,Lucas Taylor,lucas.taylor@example.com,30,Arlington,TX,2026-06-12
CUST04157,Ethan Williams,ethan.williams@example.com,48,Fort Worth,TX,2025-03-29
CUST04158,Sophia Thomas,sophia.thomas@example.com,58,Dallas,TX,2024-07-25
CUST04159,Ethan Davis,ethan.davis@example.com,24,Denton,TX,2024-06-28
CUST04160,Mia Wilson,mia.wilson@example.com,40,Houston,TX,2023-05-07
CUST04161,Emma Jackson,emma.jackson@example.com,41,Denton,TX,2025-01-02
CUST04162,Henry Martin,henry.martin@example.com,22,Frisco,TX,2024-02-21
CUST04163,Emma Anderson,emma.anderson@example.com,22,Frisco,TX,2024-09-29
CUST04164,Emma Thomas,emma.thomas@example.com,34,Denton,TX,2023-02-10
CUST04165,Lucas Smith,lucas.smith@example.com,47,Arlington,TX,2025-02-25
CUST04166,Emma Martin,emma.martin@example.com,26,Arlington,TX,2023-10-24
CUST04167,Mia Anderson,mia.anderson@example.com,23,Fort Worth,TX,2023-02-11
CUST04168,James Johnson,james.johnson@example.com,42,Frisco,TX,2024-09-23
CUST04169,Noah Taylor,noah.taylor@example.com,36,Dallas,TX,2023-02-02
CUST04170,Amelia Johnson,amelia.johnson@example.com,33,Plano,TX,2024-10-26
CUST04171,Sophia Jackson,sophia.jackson@example.com,38,Frisco,TX,2026-01-18
CUST04172,Henry Brown,henry.brown@example.com,19,Denton,TX,2024-09-07
CUST04173,Harper Johnson,harper.johnson@example.com,27,Frisco,TX,2025-08-05
CUST04174,Mia Miller,mia.miller@example.com,33,Austin,TX,2023-06-09
CUST04175,Isabella Moore,isabella.moore@example.com,54,Plano,TX,2024-04-02
CUST04176,James Jackson,james.jackson@example.com,32,Arlington,TX,2024-02-03
CUST04177,Sophia Wilson,sophia.wilson@example.com,30,Plano,TX,2026-01-19
CUST04178,Mia Miller,mia.miller@example.com,30,Frisco,TX,2024-08-03
CUST04179,James Thomas,james.thomas@example.com,49,Arlington,TX,2023-08-08
CUST04180,Emma Garcia,emma.garcia@example.com,62,Plano,TX,2024-01-14
CUST04181,Harper Jackson,harper.jackson@example.com,64,Arlington,TX,2025-07-18
CUST04182,Noah Taylor,noah.taylor@example.com,63,Arlington,TX,2025-08-21
CUST04183,Henry Smith,henry.smith@example.com,25,Fort Worth,TX,2026-03-15
CUST04184,Mason Anderson,mason.anderson@example.com,60,Dallas,TX,2023-08-21
CUST04185,Ethan Taylor,ethan.taylor@example.com,35,Arlington,TX,2025-07-10
CUST04186,Olivia Wilson,olivia.wilson@example.com,73,Austin,TX,2023-08-22
CUST04187,Amelia Jones,amelia.jones@example.com,53,Frisco,TX,2024-12-26
CUST04188,Noah Anderson,noah.anderson@example.com,43,Frisco,TX,2024-01-02
CUST04189,Mason Jones,mason.jones@example.com,27,Austin,TX,2024-04-25
CUST04190,Ava Garcia,ava.garcia@example.com,48,Houston,TX,2024-08-12
CUST04191,Henry Wilson,henry.wilson@example.com,50,Arlington,TX,2026-01-23
CUST04192,Mia Moore,mia.moore@example.com,46,Denton,TX,2023-08-04
CUST04193,Ava Davis,ava.davis@example.com,22,Arlington,TX,2024-12-25
CUST04194,Mason Davis,mason.davis@example.com,30,Arlington,TX,2024-12-12
CUST04195,Noah Martin,noah.martin@example.com,18,Denton,TX,2025-09-11
CUST04196,Mia Davis,mia.davis@example.com,40,Plano,TX,2026-03-04
CUST04197,Henry Smith,henry.smith@example.com,57,Arlington,TX,2026-01-11
CUST04198,Isabella Smith,isabella.smith@example.com,20,Arlington,TX,2024-01-26
CUST04199,Olivia Davis,olivia.davis@example.com,20,Austin,TX,2025-12-06
CUST04200,Emma Jones,emma.jones@example.com,24,Dallas,TX,2024-01-27
CUST04201,Mia Wilson,mia.wilson@example.com,53,Dallas,TX,2024-12-18
CUST04202,Isabella Johnson,isabella.johnson@example.com,52,Houston,TX,2024-01-20
CUST04203,Henry Wilson,henry.wilson@example.com,32,Austin,TX,2024-01-16
CUST04204,Henry Thomas,henry.thomas@example.com,57,Arlington,TX,2026-01-05
CUST04205,Mia Martin,mia.martin@example.com,20,Dallas,TX,2024-08-26
CUST04206,Noah Davis,noah.davis@example.com,46,Fort Worth,TX,2025-07-22
CUST04207,Isabella Wilson,isabella.wilson@example.com,47,Fort Worth,TX,2024-02-03
CUST04208,Noah Brown,noah.brown@example.com,56,Fort Worth,TX,2023-04-10
CUST04209,James Smith,james.smith@example.com,35,Arlington,TX,2024-01-18
CUST04210,Mason Smith,mason.smith@example.com,28,Arlington,TX,2024-12-07
CUST04211,Liam Jones,liam.jones@example.com,60,Denton,TX,2026-04-30
CUST04212,Mia Johnson,mia.johnson@example.com,66,Houston,TX,2023-01-10
CUST04213,Amelia Martin,amelia.martin@example.com,55,Frisco,TX,2023-09-21
CUST04214,Henry Davis,henry.davis@example.com,57,Houston,TX,2025-04-11
CUST04215,Ethan Taylor,ethan.taylor@example.com,18,Houston,TX,2024-09-21
CUST04216,Mia Anderson,mia.anderson@example.com,46,Plano,TX,2025-01-31
CUST04217,Mason Jones,mason.jones@example.com,27,Fort Worth,TX,2023-07-14
CUST04218,Harper Jones,harper.jones@example.com,45,Arlington,TX,2024-07-15
CUST04219,Harper Johnson,harper.johnson@example.com,74,Fort Worth,TX,2023-04-07
CUST04220,Sophia Miller,sophia.miller@example.com,48,Houston,TX,2024-04-06
CUST04221,Amelia Moore,amelia.moore@example.com,36,Arlington,TX,2025-01-27
CUST04222,Henry Davis,henry.davis@example.com,20,Austin,TX,2023-03-28
CUST04223,Ava Taylor,ava.taylor@example.com,53,Denton,TX,2025-09-17
CUST04224,Henry Moore,henry.moore@example.com,60,Dallas,TX,2023-03-18
CUST04225,James Smith,james.smith@example.com,32,Dallas,TX,2026-03-15
CUST04226,Emma Johnson,emma.johnson@example.com,50,Houston,TX,2024-10-22
CUST04227,Isabella Taylor,isabella.taylor@example.com,58,Frisco,TX,2026-02-08
CUST04228,Henry Brown,henry.brown@example.com,60,Fort Worth,TX,2025-02-03
CUST04229,Liam Jones,liam.jones@example.com,68,Austin,TX,2024-11-08
CUST04230,Olivia Moore,olivia.moore@example.com,62,Arlington,TX,2025-03-01
CUST04231,Harper Johnson,harper.johnson@example.com,43,Frisco,TX,2024-08-05
CUST04232,Olivia Smith,olivia.smith@example.com,33,Fort Worth,TX,2024-11-01
CUST04233,Olivia Wilson,olivia.wilson@example.com,53,Houston,TX,2024-06-21
CUST04234,Noah Martin,noah.martin@example.com,50,Fort Worth,TX,2026-03-31
CUST04235,Olivia Smith,olivia.smith@example.com,37,Houston,TX,2024-03-05
CUST04236,Emma Moore,emma.moore@example.com,30,Plano,TX,2025-12-28
CUST04237,James Jackson,james.jackson@example.com,50,Dallas,TX,2023-05-13
CUST04238,Ava Brown,ava.brown@example.com,22,Frisco,TX,2023-07-08
CUST04239,Olivia Johnson,olivia.johnson@example.com,54,Dallas,TX,2024-07-26
CUST04240,Amelia Anderson,amelia.anderson@example.com,31,Fort Worth,TX,2023-10-06
CUST04241,Mia Brown,mia.brown@example.com,44,Austin,TX,2024-06-25
CUST04242,Amelia Davis,amelia.davis@example.com,40,Arlington,TX,2026-03-30
CUST04243,Mia Davis,mia.davis@example.com,31,Houston,TX,2025-01-15
CUST04244,Noah Jackson,noah.jackson@example.com,57,Arlington,TX,2025-06-17
CUST04245,Emma Anderson,emma.anderson@example.com,21,Dallas,TX,2024-03-28
CUST04246,Ava Thomas,ava.thomas@example.com,56,Denton,TX,2025-06-07
CUST04247,Liam Wilson,liam.wilson@example.com,69,Austin,TX,2025-04-30
CUST04248,Mason Moore,mason.moore@example.com,36,Austin,TX,2023-06-19
CUST04249,Ava Jackson,ava.jackson@example.com,64,Arlington,TX,2025-04-09
CUST04250,Mason Anderson,mason.anderson@example.com,71,Dallas,TX,2024-11-28
CUST04251,Amelia Jackson,amelia.jackson@example.com,21,Denton,TX,2025-12-16
CUST04252,Sophia Thomas,sophia.thomas@example.com,47,Arlington,TX,2026-06-17
CUST04253,Harper Jones,harper.jones@example.com,36,Fort Worth,TX,2025-02-07
CUST04254,Mason Miller,mason.miller@example.com,48,Austin,TX,2023-12-24
CUST04255,James Williams,james.williams@example.com,48,Austin,TX,2023-07-20
CUST04256,Ethan Taylor,ethan.taylor@example.com,26,Fort Worth,TX,2024-03-19
CUST04257,James Brown,james.brown@example.com,70,Dallas,TX,2025-04-06
CUST04258,Henry Taylor,henry.taylor@example.com,30,Austin,TX,2026-02-03
CUST04259,Harper Wilson,harper.wilson@example.com,31,Frisco,TX,2023-04-11
CUST04260,Harper Taylor,harper.taylor@example.com,72,Denton,TX,2026-01-25
CUST04261,Mia Taylor,mia.taylor@example.com,63,Plano,TX,2025-07-26
CUST04262,Emma Martin,emma.martin@example.com,71,Plano,TX,2023-01-29
CUST04263,Lucas Thomas,lucas.thomas@example.com,27,Plano,TX,2024-10-26
CUST04264,Noah Smith,noah.smith@example.com,65,Houston,TX,2023-03-14
CUST04265,Amelia Johnson,amelia.johnson@example.com,48,Frisco,TX,2023-09-11
CUST04266,Ethan Jones,ethan.jones@example.com,54,Houston,TX,2024-05-30
CUST04267,Mason Williams,mason.williams@example.com,40,Dallas,TX,2025-01-18
CUST04268,Olivia Johnson,olivia.johnson@example.com,44,Fort Worth,TX,2025-11-09
CUST04269,Emma Smith,emma.smith@example.com,23,Arlington,TX,2024-06-18
CUST04270,Ethan Taylor,ethan.taylor@example.com,43,Frisco,TX,2024-02-25
CUST04271,Noah Williams,noah.williams@example.com,19,Denton,TX,2024-03-21
CUST04272,Mia Smith,mia.smith@example.com,62,Dallas,TX,2025-05-28
CUST04273,Amelia Thomas,amelia.thomas@example.com,30,Arlington,TX,2023-05-16
CUST04274,Emma Smith,emma.smith@example.com,68,Dallas,TX,2023-02-02
CUST04275,Noah Thomas,noah.thomas@example.com,67,Houston,TX,2024-10-08
CUST04276,Sophia Smith,sophia.smith@example.com,36,Plano,TX,2023-10-05
CUST04277,Sophia Davis,sophia.davis@example.com,18,Fort Worth,TX,2023-05-13
CUST04278,James Jackson,james.jackson@example.com,57,Houston,TX,2025-01-19
CUST04279,James Williams,james.williams@example.com,49,Fort Worth,TX,2023-05-06
CUST04280,Noah Anderson,noah.anderson@example.com,39,Frisco,TX,2023-12-11
CUST04281,Ethan Smith,ethan.smith@example.com,65,Arlington,TX,2023-01-17
CUST04282,James Miller,james.miller@example.com,46,Dallas,TX,2025-04-03
CUST04283,Amelia Taylor,amelia.taylor@example.com,19,Austin,TX,2024-07-15
CUST04284,Emma Williams,emma.williams@example.com,57,Austin,TX,2024-10-08
CUST04285,Ethan Davis,ethan.davis@example.com,55,Fort Worth,TX,2024-09-21
CUST04286,James Brown,james.brown@example.com,65,Plano,TX,2025-03-28
CUST04287,Liam Brown,liam.brown@example.com,72,Plano,TX,2023-03-01
CUST04288,Mason Jones,mason.jones@example.com,28,Fort Worth,TX,2024-04-11
CUST04289,Liam Garcia,liam.garcia@example.com,34,Houston,TX,2024-09-19
CUST04290,Isabella Miller,isabella.miller@example.com,72,Austin,TX,2024-01-26
CUST04291,Sophia Martin,sophia.martin@example.com,68,Houston,TX,2025-07-24
CUST04292,Mia Martin,mia.martin@example.com,60,Arlington,TX,2024-11-15
CUST04293,Ava Brown,ava.brown@example.com,25,Austin,TX,2026-04-25
CUST04294,Mason Davis,mason.davis@example.com,39,Arlington,TX,2024-05-12
CUST04295,Sophia Moore,sophia.moore@example.com,21,Dallas,TX,2024-08-22
CUST04296,Ethan Garcia,ethan.garcia@example.com,28,Houston,TX,2024-03-24
CUST04297,Ethan Martin,ethan.martin@example.com,25,Fort Worth,TX,2024-11-10
CUST04298,Ethan Smith,ethan.smith@example.com,26,Austin,TX,2026-04-19
CUST04299,Mia Smith,mia.smith@example.com,43,Houston,TX,2023-05-10
CUST04300,Liam Wilson,liam.wilson@example.com,19,Fort Worth,TX,2023-05-29
CUST04301,Ava Taylor,ava.taylor@example.com,33,Dallas,TX,2025-03-28
CUST04302,Amelia Garcia,amelia.garcia@example.com,48,Austin,TX,2025-08-05
CUST04303,James Taylor,james.taylor@example.com,23,Arlington,TX,2024-05-14
CUST04304,Ethan Davis,ethan.davis@example.com,70,Dallas,TX,2026-05-19
CUST04305,Lucas Moore,lucas.moore@example.com,38,Plano,TX,2024-10-19
CUST04306,Isabella Miller,isabella.miller@example.com,43,Fort Worth,TX,2025-11-19
CUST04307,Mason Thomas,mason.thomas@example.com,36,Denton,TX,2024-07-30
CUST04308,Emma Garcia,emma.garcia@example.com,45,Austin,TX,2025-11-13
CUST04309,James Brown,james.brown@example.com,25,Austin,TX,2025-09-10
CUST04310,Lucas Miller,lucas.miller@example.com,31,Frisco,TX,2024-12-23
CUST04311,Ava Wilson,ava.wilson@example.com,41,Frisco,TX,2023-08-10
CUST04312,Mia Martin,mia.martin@example.com,65,Dallas,TX,2024-08-24
CUST04313,Amelia Anderson,amelia.anderson@example.com,61,Austin,TX,2024-11-14
CUST04314,Amelia Taylor,amelia.taylor@example.com,54,Fort Worth,TX,2025-01-11
CUST04315,Ava Taylor,ava.taylor@example.com,73,Dallas,TX,2025-07-13
CUST04316,Emma Martin,emma.martin@example.com,43,Arlington,TX,2024-08-02
CUST04317,Mason Miller,mason.miller@example.com,48,Dallas,TX,2024-02-05
CUST04318,Henry Smith,henry.smith@example.com,73,Dallas,TX,2025-06-19
CUST04319,Emma Taylor,emma.taylor@example.com,68,Denton,TX,2024-05-26
CUST04320,Amelia Wilson,amelia.wilson@example.com,49,Arlington,TX,2023-03-29
CUST04321,Noah Moore,noah.moore@example.com,67,Plano,TX,2023-02-19
CUST04322,Mason Brown,mason.brown@example.com,58,Frisco,TX,2023-04-13
CUST04323,Ava Jackson,ava.jackson@example.com,19,Fort Worth,TX,2024-01-03
CUST04324,Amelia Williams,amelia.williams@example.com,42,Plano,TX,2025-07-24
CUST04325,Amelia Brown,amelia.brown@example.com,69,Plano,TX,2025-06-16
CUST04326,Ethan Brown,ethan.brown@example.com,61,Plano,TX,2025-06-27
CUST04327,Ava Moore,ava.moore@example.com,19,Frisco,TX,2026-06-17
CUST04328,Henry Taylor,henry.taylor@example.com,59,Houston,TX,2023-09-15
CUST04329,Ava Anderson,ava.anderson@example.com,18,Frisco,TX,2024-01-25
CUST04330,Henry Johnson,henry.johnson@example.com,53,Plano,TX,2025-02-11
CUST04331,Mason Martin,mason.martin@example.com,74,Houston,TX,2025-01-23
CUST04332,Isabella Thomas,isabella.thomas@example.com,29,Arlington,TX,2024-01-29
CUST04333,Noah Martin,noah.martin@example.com,26,Frisco,TX,2024-11-13
CUST04334,James Smith,james.smith@example.com,53,Fort Worth,TX,2023-09-27
CUST04335,Ava Thomas,ava.thomas@example.com,58,Plano,TX,2023-05-29
CUST04336,Lucas Taylor,lucas.taylor@example.com,45,Austin,TX,2025-03-21
CUST04337,Sophia Thomas,sophia.thomas@example.com,55,Arlington,TX,2023-01-28
CUST04338,Olivia Smith,olivia.smith@example.com,50,Houston,TX,2026-03-18
CUST04339,Olivia Moore,olivia.moore@example.com,59,Frisco,TX,2023-10-07
CUST04340,Ava Martin,ava.martin@example.com,63,Fort Worth,TX,2026-04-20
CUST04341,Henry Davis,henry.davis@example.com,39,Dallas,TX,2023-06-15
CUST04342,Lucas Martin,lucas.martin@example.com,42,Fort Worth,TX,2023-01-17
CUST04343,Isabella Johnson,isabella.johnson@example.com,35,Fort Worth,TX,2026-03-19
CUST04344,Ethan Thomas,ethan.thomas@example.com,23,Plano,TX,2023-12-05
CUST04345,Henry Taylor,henry.taylor@example.com,35,Plano,TX,2025-12-04
CUST04346,Mia Jones,mia.jones@example.com,69,Frisco,TX,2025-04-21
CUST04347,Mia Thomas,mia.thomas@example.com,33,Frisco,TX,2023-07-08
CUST04348,Mason Brown,mason.brown@example.com,32,Denton,TX,2024-10-12
CUST04349,Olivia Davis,olivia.davis@example.com,65,Houston,TX,2025-12-20
CUST04350,Ava Johnson,ava.johnson@example.com,25,Denton,TX,2023-10-21
CUST04351,Mia Taylor,mia.taylor@example.com,30,Frisco,TX,2025-11-22
CUST04352,Ava Wilson,ava.wilson@example.com,72,Houston,TX,2024-02-19
CUST04353,Mason Miller,mason.miller@example.com,60,Plano,TX,2025-03-13
CUST04354,Olivia Jackson,olivia.jackson@example.com,74,Plano,TX,2024-03-06
CUST04355,Emma Moore,emma.moore@example.com,24,Austin,TX,2026-01-28
CUST04356,Isabella Miller,isabella.miller@example.com,34,Austin,TX,2025-11-12
CUST04357,Sophia Smith,sophia.smith@example.com,67,Arlington,TX,2024-05-01
CUST04358,Sophia Martin,sophia.martin@example.com,49,Plano,TX,2023-03-30
CUST04359,Mia Thomas,mia.thomas@example.com,39,Dallas,TX,2026-05-17
CUST04360,Sophia Johnson,sophia.johnson@example.com,72,Austin,TX,2023-09-28
CUST04361,Amelia Brown,amelia.brown@example.com,68,Houston,TX,2025-06-18
CUST04362,Isabella Brown,isabella.brown@example.com,74,Fort Worth,TX,2023-10-05
CUST04363,Henry Anderson,henry.anderson@example.com,30,Frisco,TX,2023-07-25
CUST04364,Emma Martin,emma.martin@example.com,64,Frisco,TX,2025-07-01
CUST04365,Isabella Williams,isabella.williams@example.com,40,Arlington,TX,2023-11-24
CUST04366,Amelia Miller,amelia.miller@example.com,71,Austin,TX,2025-05-07
CUST04367,Harper Thomas,harper.thomas@example.com,46,Fort Worth,TX,2025-05-26
CUST04368,Henry Davis,henry.davis@example.com,39,Fort Worth,TX,2025-05-11
CUST04369,Amelia Johnson,amelia.johnson@example.com,18,Austin,TX,2023-12-02
CUST04370,Ava Brown,ava.brown@example.com,46,Dallas,TX,2024-08-28
CUST04371,Mason Martin,mason.martin@example.com,65,Dallas,TX,2024-08-14
CUST04372,James Williams,james.williams@example.com,22,Arlington,TX,2025-11-27
CUST04373,Emma Johnson,emma.johnson@example.com,52,Denton,TX,2025-10-10
CUST04374,James Thomas,james.thomas@example.com,72,Dallas,TX,2026-06-05
CUST04375,Mason Moore,mason.moore@example.com,27,Arlington,TX,2026-03-03
CUST04376,Mason Martin,mason.martin@example.com,36,Denton,TX,2024-12-08
CUST04377,Amelia Garcia,amelia.garcia@example.com,54,Denton,TX,2025-09-04
CUST04378,Olivia Moore,olivia.moore@example.com,24,Houston,TX,2024-02-29
CUST04379,Amelia Brown,amelia.brown@example.com,63,Denton,TX,2024-08-09
CUST04380,James Garcia,james.garcia@example.com,52,Austin,TX,2025-03-16
CUST04381,Amelia Johnson,amelia.johnson@example.com,62,Denton,TX,2024-12-20
CUST04382,Ava Thomas,ava.thomas@example.com,30,Fort Worth,TX,2025-08-06
CUST04383,Amelia Brown,amelia.brown@example.com,27,Arlington,TX,2024-10-16
CUST04384,Lucas Anderson,lucas.anderson@example.com,19,Frisco,TX,2024-04-18
CUST04385,Sophia Garcia,sophia.garcia@example.com,23,Dallas,TX,2024-07-21
CUST04386,James Martin,james.martin@example.com,25,Frisco,TX,2023-07-30
CUST04387,Lucas Jones,lucas.jones@example.com,53,Arlington,TX,2026-04-17
CUST04388,Olivia Williams,olivia.williams@example.com,42,Plano,TX,2025-12-17
CUST04389,Mason Davis,mason.davis@example.com,61,Arlington,TX,2026-01-01
CUST04390,Mia Miller,mia.miller@example.com,64,Dallas,TX,2023-08-03
CUST04391,Isabella Williams,isabella.williams@example.com,57,Plano,TX,2025-06-18
CUST04392,Henry Garcia,henry.garcia@example.com,24,Plano,TX,2026-01-01
CUST04393,Sophia Brown,sophia.brown@example.com,63,Denton,TX,2024-04-11
CUST04394,Henry Anderson,henry.anderson@example.com,40,Dallas,TX,2023-12-20
CUST04395,Amelia Jones,amelia.jones@example.com,36,Plano,TX,2026-06-11
CUST04396,Harper Anderson,harper.anderson@example.com,63,Austin,TX,2025-11-08
CUST04397,Sophia Jones,sophia.jones@example.com,39,Fort Worth,TX,2024-09-16
CUST04398,Ava Miller,ava.miller@example.com,30,Frisco,TX,2024-01-07
CUST04399,Harper Anderson,harper.anderson@example.com,38,Austin,TX,2023-07-03
CUST04400,Noah Jones,noah.jones@example.com,18,Austin,TX,2024-11-04
CUST04401,Liam Anderson,liam.anderson@example.com,36,Dallas,TX,2025-01-24
CUST04402,Liam Jackson,liam.jackson@example.com,50,Denton,TX,2026-03-14
CUST04403,Liam Williams,liam.williams@example.com,21,Dallas,TX,2026-01-09
CUST04404,Noah Taylor,noah.taylor@example.com,59,Frisco,TX,2023-11-18
CUST04405,Henry Jones,henry.jones@example.com,20,Fort Worth,TX,2024-03-10
CUST04406,Ava Miller,ava.miller@example.com,44,Arlington,TX,2025-12-02
CUST04407,Harper Jones,harper.jones@example.com,69,Austin,TX,2023-10-20
CUST04408,Noah Jones,noah.jones@example.com,58,Plano,TX,2024-11-18
CUST04409,Liam Wilson,liam.wilson@example.com,52,Fort Worth,TX,2025-06-06
CUST04410,Olivia Jackson,olivia.jackson@example.com,45,Austin,TX,2023-03-10
CUST04411,Emma Williams,emma.williams@example.com,23,Arlington,TX,2023-02-25
CUST04412,Harper Moore,harper.moore@example.com,23,Denton,TX,2024-09-22
CUST04413,James Garcia,james.garcia@example.com,72,Plano,TX,2026-05-12
CUST04414,Mason Smith,mason.smith@example.com,74,Austin,TX,2024-02-24
CUST04415,Noah Taylor,noah.taylor@example.com,61,Houston,TX,2024-07-20
CUST04416,Ava Jones,ava.jones@example.com,40,Frisco,TX,2024-07-03
CUST04417,Ava Davis,ava.davis@example.com,50,Fort Worth,TX,2023-08-31
CUST04418,James Jones,james.jones@example.com,33,Frisco,TX,2026-05-09
CUST04419,Lucas Wilson,lucas.wilson@example.com,41,Dallas,TX,2025-01-17
CUST04420,Emma Anderson,emma.anderson@example.com,22,Austin,TX,2024-06-10
CUST04421,Harper Garcia,harper.garcia@example.com,58,Plano,TX,2023-03-18
CUST04422,Mia Davis,mia.davis@example.com,59,Plano,TX,2024-03-15
CUST04423,Sophia Taylor,sophia.taylor@example.com,30,Fort Worth,TX,2026-04-23
CUST04424,Liam Davis,liam.davis@example.com,64,Fort Worth,TX,2025-12-14
CUST04425,Harper Moore,harper.moore@example.com,29,Frisco,TX,2024-05-30
CUST04426,Amelia Williams,amelia.williams@example.com,22,Plano,TX,2026-06-07
CUST04427,Mia Miller,mia.miller@example.com,54,Plano,TX,2026-03-07
CUST04428,Lucas Martin,lucas.martin@example.com,48,Plano,TX,2024-09-06
CUST04429,Liam Miller,liam.miller@example.com,45,Austin,TX,2025-10-27
CUST04430,Emma Martin,emma.martin@example.com,45,Plano,TX,2024-11-06
CUST04431,Isabella Taylor,isabella.taylor@example.com,47,Dallas,TX,2024-02-24
CUST04432,Amelia Thomas,amelia.thomas@example.com,35,Plano,TX,2023-10-03
CUST04433,Lucas Garcia,lucas.garcia@example.com,61,Dallas,TX,2024-08-30
CUST04434,Henry Thomas,henry.thomas@example.com,44,Austin,TX,2024-07-24
CUST04435,Liam Miller,liam.miller@example.com,52,Fort Worth,TX,2023-03-31
CUST04436,Emma Martin,emma.martin@example.com,43,Denton,TX,2023-10-09
CUST04437,Ethan Johnson,ethan.johnson@example.com,74,Dallas,TX,2026-04-09
CUST04438,Mia Wilson,mia.wilson@example.com,56,Austin,TX,2024-09-29
CUST04439,Mia Taylor,mia.taylor@example.com,66,Denton,TX,2025-03-21
CUST04440,Sophia Taylor,sophia.taylor@example.com,68,Denton,TX,2026-05-12
CUST04441,James Smith,james.smith@example.com,35,Plano,TX,2025-05-17
CUST04442,Emma Smith,emma.smith@example.com,50,Austin,TX,2024-04-06
CUST04443,Noah Williams,noah.williams@example.com,42,Denton,TX,2025-01-19
CUST04444,Ethan Martin,ethan.martin@example.com,73,Plano,TX,2026-04-11
CUST04445,Isabella Jackson,isabella.jackson@example.com,48,Frisco,TX,2023-10-28
CUST04446,Olivia Williams,olivia.williams@example.com,54,Austin,TX,2024-08-22
CUST04447,Liam Smith,liam.smith@example.com,19,Denton,TX,2024-06-12
CUST04448,Amelia Thomas,amelia.thomas@example.com,50,Fort Worth,TX,2023-05-20
CUST04449,Ethan Miller,ethan.miller@example.com,56,Dallas,TX,2023-10-05
CUST04450,Emma Brown,emma.brown@example.com,60,Frisco,TX,2024-10-24
CUST04451,Henry Taylor,henry.taylor@example.com,60,Fort Worth,TX,2024-05-25
CUST04452,Mason Moore,mason.moore@example.com,49,Houston,TX,2026-03-09
CUST04453,Liam Johnson,liam.johnson@example.com,35,Plano,TX,2023-04-24
CUST04454,Ava Taylor,ava.taylor@example.com,34,Denton,TX,2024-08-02
CUST04455,Mia Jones,mia.jones@example.com,51,Dallas,TX,2024-11-21
CUST04456,Henry Garcia,henry.garcia@example.com,56,Fort Worth,TX,2024-09-28
CUST04457,James Wilson,james.wilson@example.com,24,Dallas,TX,2025-04-02
CUST04458,Emma Brown,emma.brown@example.com,59,Houston,TX,2025-05-24
CUST04459,Isabella Johnson,isabella.johnson@example.com,71,Arlington,TX,2025-07-28
CUST04460,Ava Jones,ava.jones@example.com,70,Plano,TX,2025-07-30
CUST04461,Sophia Williams,sophia.williams@example.com,52,Plano,TX,2026-02-08
CUST04462,Amelia Johnson,amelia.johnson@example.com,47,Austin,TX,2023-12-24
CUST04463,Harper Thomas,harper.thomas@example.com,29,Denton,TX,2026-06-15
CUST04464,Lucas Smith,lucas.smith@example.com,52,Plano,TX,2023-01-03
CUST04465,Olivia Taylor,olivia.taylor@example.com,28,Plano,TX,2024-02-08
CUST04466,Olivia Johnson,olivia.johnson@example.com,61,Fort Worth,TX,2023-01-25
CUST04467,Henry Garcia,henry.garcia@example.com,74,Frisco,TX,2024-05-23
CUST04468,Ava Davis,ava.davis@example.com,21,Plano,TX,2024-11-26
CUST04469,Harper Moore,harper.moore@example.com,42,Plano,TX,2023-03-02
CUST04470,Harper Williams,harper.williams@example.com,65,Denton,TX,2023-05-03
CUST04471,Mia Anderson,mia.anderson@example.com,49,Houston,TX,2023-02-24
CUST04472,Sophia Jackson,sophia.jackson@example.com,37,Frisco,TX,2026-04-01
CUST04473,Mason Wilson,mason.wilson@example.com,67,Houston,TX,2025-08-31
CUST04474,Mia Jackson,mia.jackson@example.com,48,Denton,TX,2025-11-28
CUST04475,Ethan Thomas,ethan.thomas@example.com,21,Dallas,TX,2026-01-11
CUST04476,James Wilson,james.wilson@example.com,71,Dallas,TX,2024-06-29
CUST04477,Olivia Johnson,olivia.johnson@example.com,55,Plano,TX,2023-04-23
CUST04478,Ethan Davis,ethan.davis@example.com,70,Plano,TX,2024-02-29
CUST04479,Isabella Taylor,isabella.taylor@example.com,64,Austin,TX,2025-07-06
CUST04480,Liam Anderson,liam.anderson@example.com,18,Dallas,TX,2023-08-18
CUST04481,Noah Thomas,noah.thomas@example.com,20,Fort Worth,TX,2025-07-05
CUST04482,Emma Jones,emma.jones@example.com,54,Plano,TX,2023-06-04
CUST04483,Amelia Brown,amelia.brown@example.com,39,Fort Worth,TX,2023-06-14
CUST04484,Sophia Taylor,sophia.taylor@example.com,34,Plano,TX,2025-08-19
CUST04485,Mia Jones,mia.jones@example.com,31,Denton,TX,2026-04-20
CUST04486,Olivia Brown,olivia.brown@example.com,58,Fort Worth,TX,2026-06-16
CUST04487,Ethan Davis,ethan.davis@example.com,52,Arlington,TX,2024-10-10
CUST04488,Lucas Brown,lucas.brown@example.com,30,Fort Worth,TX,2025-07-26
CUST04489,Henry Moore,henry.moore@example.com,52,Frisco,TX,2024-05-26
CUST04490,James Taylor,james.taylor@example.com,60,Dallas,TX,2025-07-20
CUST04491,James Thomas,james.thomas@example.com,19,Plano,TX,2023-09-23
CUST04492,Liam Moore,liam.moore@example.com,73,Dallas,TX,2023-07-06
CUST04493,Emma Martin,emma.martin@example.com,64,Frisco,TX,2025-11-29
CUST04494,Emma Garcia,emma.garcia@example.com,30,Frisco,TX,2024-01-26
CUST04495,James Johnson,james.johnson@example.com,68,Fort Worth,TX,2024-10-16
CUST04496,James Jones,james.jones@example.com,71,Houston,TX,2023-06-25
CUST04497,Harper Garcia,harper.garcia@example.com,33,Houston,TX,2025-02-12
CUST04498,Mia Jones,mia.jones@example.com,35,Frisco,TX,2025-02-02
CUST04499,Harper Thomas,harper.thomas@example.com,24,Houston,TX,2025-07-19
CUST04500,Sophia Johnson,sophia.johnson@example.com,62,Plano,TX,2026-05-08
CUST04501,Mason Martin,mason.martin@example.com,53,Austin,TX,2024-12-11
CUST04502,Isabella Miller,isabella.miller@example.com,58,Arlington,TX,2026-05-04
CUST04503,Lucas Brown,lucas.brown@example.com,47,Fort Worth,TX,2025-04-05
CUST04504,Isabella Davis,isabella.davis@example.com,59,Austin,TX,2024-08-11
CUST04505,Mia Miller,mia.miller@example.com,58,Houston,TX,2024-06-14
CUST04506,Ethan Miller,ethan.miller@example.com,24,Fort Worth,TX,2025-12-21
CUST04507,Noah Wilson,noah.wilson@example.com,32,Austin,TX,2023-10-08
CUST04508,James Smith,james.smith@example.com,57,Dallas,TX,2023-08-15
CUST04509,Ava Taylor,ava.taylor@example.com,36,Houston,TX,2024-09-30
CUST04510,Mason Garcia,mason.garcia@example.com,60,Denton,TX,2025-12-17
CUST04511,Sophia Garcia,sophia.garcia@example.com,54,Austin,TX,2025-07-09
CUST04512,Liam Garcia,liam.garcia@example.com,19,Denton,TX,2024-04-21
CUST04513,Mason Moore,mason.moore@example.com,59,Plano,TX,2024-12-16
CUST04514,James Thomas,james.thomas@example.com,65,Dallas,TX,2023-08-31
CUST04515,Olivia Garcia,olivia.garcia@example.com,72,Houston,TX,2024-01-02
CUST04516,Sophia Thomas,sophia.thomas@example.com,30,Arlington,TX,2025-07-24
CUST04517,Noah Taylor,noah.taylor@example.com,57,Frisco,TX,2025-04-17
CUST04518,Olivia Miller,olivia.miller@example.com,58,Houston,TX,2026-06-29
CUST04519,Mason Martin,mason.martin@example.com,60,Denton,TX,2025-06-24
CUST04520,Ava Taylor,ava.taylor@example.com,60,Plano,TX,2024-01-11
CUST04521,Ava Garcia,ava.garcia@example.com,72,Arlington,TX,2024-12-11
CUST04522,Harper Smith,harper.smith@example.com,48,Arlington,TX,2023-12-09
CUST04523,Noah Williams,noah.williams@example.com,33,Arlington,TX,2023-08-28
CUST04524,Emma Johnson,emma.johnson@example.com,59,Fort Worth,TX,2023-05-19
CUST04525,Amelia Garcia,amelia.garcia@example.com,73,Fort Worth,TX,2026-02-19
CUST04526,Lucas Davis,lucas.davis@example.com,61,Denton,TX,2024-02-24
CUST04527,James Williams,james.williams@example.com,74,Frisco,TX,2023-10-31
CUST04528,Liam Taylor,liam.taylor@example.com,23,Arlington,TX,2023-04-25
CUST04529,James Davis,james.davis@example.com,45,Frisco,TX,2023-12-09
CUST04530,Emma Davis,emma.davis@example.com,49,Dallas,TX,2026-06-28
CUST04531,Isabella Jones,isabella.jones@example.com,61,Arlington,TX,2023-01-07
CUST04532,Harper Davis,harper.davis@example.com,27,Austin,TX,2024-12-31
CUST04533,Harper Garcia,harper.garcia@example.com,67,Arlington,TX,2023-06-28
CUST04534,Isabella Jones,isabella.jones@example.com,35,Denton,TX,2026-03-14
CUST04535,Henry Wilson,henry.wilson@example.com,21,Fort Worth,TX,2024-02-20
CUST04536,Isabella Martin,isabella.martin@example.com,26,Fort Worth,TX,2024-10-27
CUST04537,Ava Miller,ava.miller@example.com,24,Austin,TX,2026-02-18
CUST04538,Ava Davis,ava.davis@example.com,67,Austin,TX,2026-02-21
CUST04539,Ethan Smith,ethan.smith@example.com,25,Houston,TX,2023-05-30
CUST04540,Olivia Anderson,olivia.anderson@example.com,60,Dallas,TX,2024-02-01
CUST04541,Mason Johnson,mason.johnson@example.com,24,Dallas,TX,2024-01-16
CUST04542,Liam Davis,liam.davis@example.com,58,Denton,TX,2025-04-18
CUST04543,Noah Thomas,noah.thomas@example.com,57,Denton,TX,2023-01-01
CUST04544,Mason Wilson,mason.wilson@example.com,20,Denton,TX,2023-09-01
CUST04545,James Brown,james.brown@example.com,34,Denton,TX,2026-06-28
CUST04546,Ethan Thomas,ethan.thomas@example.com,19,Denton,TX,2025-05-28
CUST04547,Ava Taylor,ava.taylor@example.com,32,Denton,TX,2025-01-29
CUST04548,Harper Anderson,harper.anderson@example.com,63,Dallas,TX,2025-08-11
CUST04549,Noah Taylor,noah.taylor@example.com,46,Plano,TX,2025-09-03
CUST04550,Ava Martin,ava.martin@example.com,67,Fort Worth,TX,2026-02-12
CUST04551,Amelia Wilson,amelia.wilson@example.com,65,Dallas,TX,2023-01-01
CUST04552,Liam Brown,liam.brown@example.com,69,Denton,TX,2024-07-06
CUST04553,Olivia Taylor,olivia.taylor@example.com,39,Houston,TX,2024-04-26
CUST04554,Henry Taylor,henry.taylor@example.com,21,Houston,TX,2024-08-22
CUST04555,Mason Taylor,mason.taylor@example.com,74,Dallas,TX,2025-02-01
CUST04556,Mason Wilson,mason.wilson@example.com,69,Austin,TX,2023-12-01
CUST04557,Isabella Anderson,isabella.anderson@example.com,23,Houston,TX,2024-04-09
CUST04558,Emma Miller,emma.miller@example.com,55,Frisco,TX,2026-03-10
CUST04559,Isabella Johnson,isabella.johnson@example.com,43,Austin,TX,2024-08-05
CUST04560,Amelia Wilson,amelia.wilson@example.com,28,Frisco,TX,2023-05-17
CUST04561,Noah Brown,noah.brown@example.com,43,Fort Worth,TX,2025-09-30
CUST04562,Lucas Davis,lucas.davis@example.com,34,Plano,TX,2025-08-07
CUST04563,Isabella Martin,isabella.martin@example.com,41,Houston,TX,2024-11-17
CUST04564,Henry Miller,henry.miller@example.com,45,Austin,TX,2023-06-16
CUST04565,Ethan Moore,ethan.moore@example.com,52,Denton,TX,2025-06-28
CUST04566,Isabella Jackson,isabella.jackson@example.com,48,Frisco,TX,2025-05-29
CUST04567,Isabella Miller,isabella.miller@example.com,30,Dallas,TX,2025-04-21
CUST04568,Lucas Davis,lucas.davis@example.com,71,Frisco,TX,2023-03-06
CUST04569,Emma Smith,emma.smith@example.com,52,Frisco,TX,2025-12-26
CUST04570,Liam Jones,liam.jones@example.com,33,Fort Worth,TX,2024-03-08
CUST04571,Ethan Johnson,ethan.johnson@example.com,32,Arlington,TX,2025-12-09
CUST04572,Isabella Johnson,isabella.johnson@example.com,60,Arlington,TX,2023-04-25
CUST04573,Amelia Jackson,amelia.jackson@example.com,35,Dallas,TX,2024-07-22
CUST04574,Harper Smith,harper.smith@example.com,64,Fort Worth,TX,2024-10-03
CUST04575,Olivia Jones,olivia.jones@example.com,54,Fort Worth,TX,2024-05-09
CUST04576,Henry Johnson,henry.johnson@example.com,65,Denton,TX,2025-07-29
CUST04577,Lucas Brown,lucas.brown@example.com,65,Fort Worth,TX,2026-01-08
CUST04578,Olivia Williams,olivia.williams@example.com,66,Fort Worth,TX,2025-08-25
CUST04579,Lucas Williams,lucas.williams@example.com,58,Arlington,TX,2025-04-01
CUST04580,Amelia Johnson,amelia.johnson@example.com,44,Austin,TX,2023-07-21
CUST04581,Olivia Moore,olivia.moore@example.com,72,Fort Worth,TX,2024-10-10
CUST04582,Lucas Garcia,lucas.garcia@example.com,52,Austin,TX,2024-07-13
CUST04583,James Johnson,james.johnson@example.com,69,Frisco,TX,2025-11-07
CUST04584,Olivia Martin,olivia.martin@example.com,62,Frisco,TX,2024-04-22
CUST04585,Emma Martin,emma.martin@example.com,71,Fort Worth,TX,2024-05-02
CUST04586,Sophia Davis,sophia.davis@example.com,52,Houston,TX,2025-09-09
CUST04587,Ethan Davis,ethan.davis@example.com,45,Plano,TX,2025-02-17
CUST04588,Noah Moore,noah.moore@example.com,56,Houston,TX,2023-12-06
CUST04589,Liam Martin,liam.martin@example.com,55,Frisco,TX,2024-09-03
CUST04590,James Thomas,james.thomas@example.com,26,Plano,TX,2023-04-26
CUST04591,Mia Jones,mia.jones@example.com,29,Houston,TX,2023-03-15
CUST04592,Ava Taylor,ava.taylor@example.com,32,Fort Worth,TX,2023-04-26
CUST04593,Amelia Miller,amelia.miller@example.com,38,Austin,TX,2026-04-02
CUST04594,Amelia Brown,amelia.brown@example.com,69,Plano,TX,2026-05-30
CUST04595,Isabella Smith,isabella.smith@example.com,52,Arlington,TX,2023-05-06
CUST04596,Harper Anderson,harper.anderson@example.com,59,Dallas,TX,2024-10-18
CUST04597,Henry Johnson,henry.johnson@example.com,50,Plano,TX,2026-04-14
CUST04598,Noah Taylor,noah.taylor@example.com,68,Plano,TX,2024-10-25
CUST04599,Ava Taylor,ava.taylor@example.com,36,Arlington,TX,2025-09-17
CUST04600,Amelia Brown,amelia.brown@example.com,72,Fort Worth,TX,2025-10-14
CUST04601,Ethan Smith,ethan.smith@example.com,40,Houston,TX,2025-05-08
CUST04602,Noah Jackson,noah.jackson@example.com,30,Houston,TX,2023-03-26
CUST04603,Olivia Moore,olivia.moore@example.com,61,Frisco,TX,2024-09-24
CUST04604,Olivia Davis,olivia.davis@example.com,18,Austin,TX,2024-03-26
CUST04605,Mia Wilson,mia.wilson@example.com,68,Fort Worth,TX,2024-06-01
CUST04606,Ava Brown,ava.brown@example.com,46,Arlington,TX,2025-04-25
CUST04607,Amelia Taylor,amelia.taylor@example.com,41,Fort Worth,TX,2024-11-25
CUST04608,Liam Williams,liam.williams@example.com,33,Fort Worth,TX,2024-07-03
CUST04609,Amelia Johnson,amelia.johnson@example.com,42,Houston,TX,2025-07-17
CUST04610,Ethan Jones,ethan.jones@example.com,72,Arlington,TX,2023-04-26
CUST04611,Olivia Martin,olivia.martin@example.com,40,Denton,TX,2025-10-28
CUST04612,Isabella Williams,isabella.williams@example.com,45,Dallas,TX,2026-05-26
CUST04613,Sophia Taylor,sophia.taylor@example.com,64,Plano,TX,2024-02-08
CUST04614,Emma Miller,emma.miller@example.com,33,Houston,TX,2023-10-31
CUST04615,Emma Anderson,emma.anderson@example.com,60,Arlington,TX,2025-01-09
CUST04616,Lucas Garcia,lucas.garcia@example.com,73,Austin,TX,2023-03-29
CUST04617,Liam Smith,liam.smith@example.com,55,Plano,TX,2025-10-30
CUST04618,Amelia Thomas,amelia.thomas@example.com,28,Plano,TX,2023-11-04
CUST04619,Emma Davis,emma.davis@example.com,20,Denton,TX,2024-03-09
CUST04620,Lucas Johnson,lucas.johnson@example.com,32,Denton,TX,2025-03-12
CUST04621,Ava Jones,ava.jones@example.com,18,Houston,TX,2023-06-13
CUST04622,Olivia Wilson,olivia.wilson@example.com,24,Frisco,TX,2026-06-16
CUST04623,Henry Davis,henry.davis@example.com,18,Austin,TX,2025-09-22
CUST04624,Harper Johnson,harper.johnson@example.com,66,Houston,TX,2024-10-17
CUST04625,James Wilson,james.wilson@example.com,49,Fort Worth,TX,2023-01-18
CUST04626,Olivia Jones,olivia.jones@example.com,26,Frisco,TX,2025-12-30
CUST04627,James Taylor,james.taylor@example.com,46,Arlington,TX,2026-04-13
CUST04628,Isabella Martin,isabella.martin@example.com,43,Denton,TX,2025-03-21
CUST04629,Sophia Garcia,sophia.garcia@example.com,40,Austin,TX,2023-12-05
CUST04630,Noah Moore,noah.moore@example.com,62,Plano,TX,2023-09-05
CUST04631,Emma Williams,emma.williams@example.com,60,Houston,TX,2026-05-01
CUST04632,Ava Moore,ava.moore@example.com,46,Denton,TX,2023-11-02
CUST04633,James Williams,james.williams@example.com,69,Plano,TX,2023-07-23
CUST04634,Harper Taylor,harper.taylor@example.com,55,Austin,TX,2025-05-02
CUST04635,Mason Davis,mason.davis@example.com,50,Denton,TX,2026-02-20
CUST04636,Amelia Anderson,amelia.anderson@example.com,24,Denton,TX,2024-03-22
CUST04637,Emma Taylor,emma.taylor@example.com,29,Plano,TX,2024-12-13
CUST04638,Amelia Taylor,amelia.taylor@example.com,48,Houston,TX,2024-03-08
CUST04639,Harper Jackson,harper.jackson@example.com,49,Frisco,TX,2026-02-25
CUST04640,Liam Thomas,liam.thomas@example.com,71,Houston,TX,2025-04-01
CUST04641,Isabella Johnson,isabella.johnson@example.com,37,Dallas,TX,2025-12-06
CUST04642,Noah Anderson,noah.anderson@example.com,72,Denton,TX,2024-05-19
CUST04643,Emma Thomas,emma.thomas@example.com,68,Plano,TX,2023-04-25
CUST04644,Amelia Thomas,amelia.thomas@example.com,34,Dallas,TX,2025-09-21
CUST04645,Ava Johnson,ava.johnson@example.com,53,Frisco,TX,2023-08-11
CUST04646,Emma Moore,emma.moore@example.com,20,Dallas,TX,2024-09-27
CUST04647,James Jones,james.jones@example.com,18,Plano,TX,2024-11-02
CUST04648,Liam Garcia,liam.garcia@example.com,67,Austin,TX,2025-08-15
CUST04649,Mason Thomas,mason.thomas@example.com,44,Fort Worth,TX,2025-07-21
CUST04650,Ethan Johnson,ethan.johnson@example.com,70,Frisco,TX,2023-04-06
CUST04651,Mia Jackson,mia.jackson@example.com,64,Houston,TX,2023-04-17
CUST04652,Mason Jones,mason.jones@example.com,57,Arlington,TX,2024-09-23
CUST04653,Lucas Miller,lucas.miller@example.com,50,Frisco,TX,2024-11-28
CUST04654,Emma Taylor,emma.taylor@example.com,37,Dallas,TX,2023-02-01
CUST04655,Olivia Taylor,olivia.taylor@example.com,31,Austin,TX,2023-03-07
CUST04656,Sophia Davis,sophia.davis@example.com,53,Plano,TX,2026-04-17
CUST04657,Olivia Thomas,olivia.thomas@example.com,22,Austin,TX,2025-02-17
CUST04658,Mason Miller,mason.miller@example.com,40,Austin,TX,2025-07-04
CUST04659,James Davis,james.davis@example.com,62,Plano,TX,2024-07-02
CUST04660,Olivia Martin,olivia.martin@example.com,73,Arlington,TX,2023-07-20
CUST04661,Ava Thomas,ava.thomas@example.com,32,Plano,TX,2023-02-18
CUST04662,Olivia Wilson,olivia.wilson@example.com,23,Arlington,TX,2025-02-25
CUST04663,Noah Jackson,noah.jackson@example.com,50,Plano,TX,2025-08-08
CUST04664,Ethan Jones,ethan.jones@example.com,72,Dallas,TX,2023-09-20
CUST04665,Emma Moore,emma.moore@example.com,36,Arlington,TX,2026-03-02
CUST04666,Harper Jones,harper.jones@example.com,30,Dallas,TX,2023-12-10
CUST04667,Isabella Anderson,isabella.anderson@example.com,46,Frisco,TX,2026-04-14
CUST04668,Olivia Taylor,olivia.taylor@example.com,23,Arlington,TX,2023-01-11
CUST04669,Liam Brown,liam.brown@example.com,32,Arlington,TX,2023-07-20
CUST04670,Isabella Moore,isabella.moore@example.com,33,Plano,TX,2025-08-02
CUST04671,Ethan Wilson,ethan.wilson@example.com,41,Arlington,TX,2025-07-14
CUST04672,Amelia Jones,amelia.jones@example.com,40,Dallas,TX,2023-01-03
CUST04673,Harper Martin,harper.martin@example.com,65,Denton,TX,2026-05-22
CUST04674,James Johnson,james.johnson@example.com,27,Frisco,TX,2025-03-18
CUST04675,Ethan Jackson,ethan.jackson@example.com,71,Denton,TX,2024-07-13
CUST04676,Olivia Taylor,olivia.taylor@example.com,58,Plano,TX,2023-07-18
CUST04677,Ethan Davis,ethan.davis@example.com,58,Houston,TX,2023-04-19
CUST04678,Isabella Jackson,isabella.jackson@example.com,66,Frisco,TX,2023-04-18
CUST04679,Sophia Miller,sophia.miller@example.com,34,Denton,TX,2024-07-05
CUST04680,James Davis,james.davis@example.com,66,Frisco,TX,2025-08-30
CUST04681,Olivia Thomas,olivia.thomas@example.com,73,Denton,TX,2023-02-21
CUST04682,Ava Williams,ava.williams@example.com,61,Dallas,TX,2023-04-22
CUST04683,Mason Jackson,mason.jackson@example.com,62,Denton,TX,2023-10-22
CUST04684,Noah Jackson,noah.jackson@example.com,47,Frisco,TX,2026-04-27
CUST04685,Mia Brown,mia.brown@example.com,61,Houston,TX,2023-03-06
CUST04686,Henry Jones,henry.jones@example.com,63,Austin,TX,2024-07-27
CUST04687,Lucas Garcia,lucas.garcia@example.com,27,Plano,TX,2024-04-09
CUST04688,James Smith,james.smith@example.com,72,Austin,TX,2023-09-15
CUST04689,Ethan Brown,ethan.brown@example.com,36,Plano,TX,2025-09-30
CUST04690,Ava Anderson,ava.anderson@example.com,46,Frisco,TX,2024-09-25
CUST04691,Emma Thomas,emma.thomas@example.com,19,Plano,TX,2023-07-29
CUST04692,Emma Taylor,emma.taylor@example.com,53,Denton,TX,2023-03-30
CUST04693,Lucas Moore,lucas.moore@example.com,36,Dallas,TX,2023-01-28
CUST04694,James Jones,james.jones@example.com,24,Houston,TX,2023-08-26
CUST04695,James Miller,james.miller@example.com,43,Plano,TX,2023-12-02
CUST04696,Noah Moore,noah.moore@example.com,32,Houston,TX,2023-03-04
CUST04697,Ethan Jones,ethan.jones@example.com,64,Plano,TX,2024-05-14
CUST04698,Harper Moore,harper.moore@example.com,73,Houston,TX,2025-03-01
CUST04699,Sophia Moore,sophia.moore@example.com,55,Austin,TX,2024-08-14
CUST04700,Lucas Smith,lucas.smith@example.com,20,Dallas,TX,2025-12-10
CUST04701,Noah Anderson,noah.anderson@example.com,55,Plano,TX,2026-02-09
CUST04702,Ethan Miller,ethan.miller@example.com,33,Fort Worth,TX,2023-10-28
CUST04703,Isabella Davis,isabella.davis@example.com,19,Houston,TX,2026-01-18
CUST04704,Ava Moore,ava.moore@example.com,48,Houston,TX,2023-08-17
CUST04705,Henry Miller,henry.miller@example.com,45,Denton,TX,2023-05-30
CUST04706,Mason Anderson,mason.anderson@example.com,24,Fort Worth,TX,2026-03-07
CUST04707,Sophia Martin,sophia.martin@example.com,47,Dallas,TX,2026-03-04
CUST04708,Harper Moore,harper.moore@example.com,60,Houston,TX,2024-06-10
CUST04709,Isabella Jackson,isabella.jackson@example.com,24,Dallas,TX,2023-11-29
CUST04710,Isabella Brown,isabella.brown@example.com,53,Houston,TX,2023-06-23
CUST04711,Mia Davis,mia.davis@example.com,46,Frisco,TX,2026-05-21
CUST04712,Emma Jackson,emma.jackson@example.com,41,Arlington,TX,2023-03-02
CUST04713,Liam Jones,liam.jones@example.com,69,Frisco,TX,2025-12-20
CUST04714,Ava Taylor,ava.taylor@example.com,56,Houston,TX,2025-03-29
CUST04715,Emma Wilson,emma.wilson@example.com,21,Arlington,TX,2024-06-07
CUST04716,Olivia Thomas,olivia.thomas@example.com,46,Plano,TX,2023-08-04
CUST04717,Henry Thomas,henry.thomas@example.com,61,Dallas,TX,2024-09-15
CUST04718,Isabella Taylor,isabella.taylor@example.com,22,Houston,TX,2024-07-31
CUST04719,Liam Jones,liam.jones@example.com,72,Denton,TX,2024-11-24
CUST04720,James Smith,james.smith@example.com,46,Austin,TX,2024-02-27
CUST04721,Emma Thomas,emma.thomas@example.com,47,Denton,TX,2024-12-16
CUST04722,Harper Wilson,harper.wilson@example.com,46,Austin,TX,2026-05-14
CUST04723,Harper Thomas,harper.thomas@example.com,43,Fort Worth,TX,2026-02-02
CUST04724,Harper Jones,harper.jones@example.com,36,Austin,TX,2025-01-23
CUST04725,Noah Garcia,noah.garcia@example.com,43,Arlington,TX,2025-01-16
CUST04726,Sophia Brown,sophia.brown@example.com,54,Austin,TX,2024-11-18
CUST04727,Amelia Garcia,amelia.garcia@example.com,44,Austin,TX,2024-12-23
CUST04728,Emma Thomas,emma.thomas@example.com,47,Austin,TX,2025-01-16
CUST04729,Harper Davis,harper.davis@example.com,68,Houston,TX,2023-08-30
CUST04730,Mia Williams,mia.williams@example.com,70,Fort Worth,TX,2024-10-26
CUST04731,Mason Jones,mason.jones@example.com,47,Dallas,TX,2024-12-08
CUST04732,Noah Johnson,noah.johnson@example.com,20,Fort Worth,TX,2024-03-10
CUST04733,Amelia Martin,amelia.martin@example.com,60,Denton,TX,2025-02-19
CUST04734,Ava Johnson,ava.johnson@example.com,24,Arlington,TX,2024-04-28
CUST04735,Ava Moore,ava.moore@example.com,66,Houston,TX,2024-01-19
CUST04736,Ava Miller,ava.miller@example.com,74,Plano,TX,2023-06-19
CUST04737,Ava Taylor,ava.taylor@example.com,26,Houston,TX,2025-10-17
CUST04738,Mason Moore,mason.moore@example.com,70,Frisco,TX,2025-08-07
CUST04739,Emma Taylor,emma.taylor@example.com,58,Austin,TX,2025-05-18
CUST04740,Harper Martin,harper.martin@example.com,59,Denton,TX,2023-11-19
CUST04741,Ethan Anderson,ethan.anderson@example.com,30,Austin,TX,2025-04-27
CUST04742,Emma Taylor,emma.taylor@example.com,32,Arlington,TX,2026-06-09
CUST04743,Isabella Garcia,isabella.garcia@example.com,71,Plano,TX,2024-11-26
CUST04744,Olivia Brown,olivia.brown@example.com,22,Denton,TX,2023-12-25
CUST04745,Amelia Jones,amelia.jones@example.com,46,Frisco,TX,2023-02-01
CUST04746,Harper Smith,harper.smith@example.com,52,Houston,TX,2023-06-26
CUST04747,Henry Miller,henry.miller@example.com,44,Plano,TX,2025-07-05
CUST04748,Amelia Davis,amelia.davis@example.com,44,Dallas,TX,2023-03-06
CUST04749,Harper Wilson,harper.wilson@example.com,25,Fort Worth,TX,2023-01-27
CUST04750,Sophia Davis,sophia.davis@example.com,49,Houston,TX,2023-09-25
CUST04751,Liam Jones,liam.jones@example.com,37,Plano,TX,2024-08-19
CUST04752,Ethan Williams,ethan.williams@example.com,27,Dallas,TX,2025-10-08
CUST04753,Amelia Taylor,amelia.taylor@example.com,30,Dallas,TX,2023-03-07
CUST04754,Ethan Anderson,ethan.anderson@example.com,46,Frisco,TX,2023-05-13
CUST04755,Isabella Wilson,isabella.wilson@example.com,52,Frisco,TX,2025-07-04
CUST04756,Emma Jackson,emma.jackson@example.com,71,Fort Worth,TX,2023-03-23
CUST04757,Ethan Garcia,ethan.garcia@example.com,25,Dallas,TX,2025-09-08
CUST04758,Lucas Jackson,lucas.jackson@example.com,46,Denton,TX,2026-01-26
CUST04759,Lucas Jones,lucas.jones@example.com,48,Arlington,TX,2024-08-07
CUST04760,Henry Moore,henry.moore@example.com,58,Dallas,TX,2023-11-23
CUST04761,Olivia Williams,olivia.williams@example.com,47,Plano,TX,2024-06-25
CUST04762,James Garcia,james.garcia@example.com,39,Frisco,TX,2026-02-22
CUST04763,Liam Williams,liam.williams@example.com,38,Arlington,TX,2023-07-29
CUST04764,Mia Taylor,mia.taylor@example.com,29,Denton,TX,2023-05-13
CUST04765,Mason Thomas,mason.thomas@example.com,28,Frisco,TX,2023-06-06
CUST04766,Emma Garcia,emma.garcia@example.com,19,Denton,TX,2025-05-24
CUST04767,Mason Brown,mason.brown@example.com,67,Frisco,TX,2024-01-17
CUST04768,Henry Jackson,henry.jackson@example.com,58,Frisco,TX,2025-11-11
CUST04769,Mia Johnson,mia.johnson@example.com,19,Dallas,TX,2025-08-31
CUST04770,Henry Davis,henry.davis@example.com,51,Austin,TX,2024-08-17
CUST04771,Harper Brown,harper.brown@example.com,20,Dallas,TX,2024-04-16
CUST04772,Emma Wilson,emma.wilson@example.com,33,Frisco,TX,2023-08-22
CUST04773,Emma Miller,emma.miller@example.com,68,Arlington,TX,2024-07-25
CUST04774,Liam Thomas,liam.thomas@example.com,21,Dallas,TX,2025-02-09
CUST04775,Mason Johnson,mason.johnson@example.com,40,Frisco,TX,2026-03-31
CUST04776,Lucas Brown,lucas.brown@example.com,74,Frisco,TX,2023-10-28
CUST04777,Ava Jones,ava.jones@example.com,67,Dallas,TX,2023-11-02
CUST04778,Mason Williams,mason.williams@example.com,37,Dallas,TX,2023-01-02
CUST04779,Sophia Wilson,sophia.wilson@example.com,42,Arlington,TX,2023-09-28
CUST04780,Henry Moore,henry.moore@example.com,47,Denton,TX,2024-02-25
CUST04781,Sophia Jones,sophia.jones@example.com,35,Dallas,TX,2026-03-12
CUST04782,Emma Johnson,emma.johnson@example.com,59,Fort Worth,TX,2024-11-30
CUST04783,Ava Anderson,ava.anderson@example.com,28,Plano,TX,2025-05-13
CUST04784,Noah Williams,noah.williams@example.com,46,Fort Worth,TX,2025-08-17
CUST04785,Mia Martin,mia.martin@example.com,34,Arlington,TX,2025-09-20
CUST04786,Olivia Jackson,olivia.jackson@example.com,43,Austin,TX,2025-10-06
CUST04787,Ava Wilson,ava.wilson@example.com,73,Fort Worth,TX,2025-05-28
CUST04788,Harper Miller,harper.miller@example.com,74,Denton,TX,2024-11-22
CUST04789,Olivia Johnson,olivia.johnson@example.com,40,Frisco,TX,2025-05-16
CUST04790,Amelia Wilson,amelia.wilson@example.com,73,Plano,TX,2025-11-26
CUST04791,Mason Martin,mason.martin@example.com,69,Houston,TX,2023-04-17
CUST04792,Mason Brown,mason.brown@example.com,65,Plano,TX,2026-01-25
CUST04793,Olivia Moore,olivia.moore@example.com,37,Fort Worth,TX,2023-10-08
CUST04794,James Wilson,james.wilson@example.com,62,Houston,TX,2026-02-07
CUST04795,Mia Jackson,mia.jackson@example.com,19,Arlington,TX,2024-07-02
CUST04796,Harper Moore,harper.moore@example.com,41,Denton,TX,2024-07-05
CUST04797,Ava Johnson,ava.johnson@example.com,48,Plano,TX,2023-07-07
CUST04798,Noah Jackson,noah.jackson@example.com,44,Austin,TX,2025-01-21
CUST04799,Emma Thomas,emma.thomas@example.com,19,Houston,TX,2025-05-19
CUST04800,Liam Taylor,liam.taylor@example.com,74,Houston,TX,2023-01-19
CUST04801,Harper Thomas,harper.thomas@example.com,31,Plano,TX,2025-05-08
CUST04802,Mason Brown,mason.brown@example.com,21,Fort Worth,TX,2025-09-11
CUST04803,Sophia Jones,sophia.jones@example.com,66,Houston,TX,2024-02-14
CUST04804,Mia Johnson,mia.johnson@example.com,30,Arlington,TX,2024-04-28
CUST04805,Liam Taylor,liam.taylor@example.com,53,Plano,TX,2024-09-15
CUST04806,Henry Smith,henry.smith@example.com,52,Arlington,TX,2024-10-17
CUST04807,Henry Miller,henry.miller@example.com,61,Plano,TX,2025-02-06
CUST04808,Noah Taylor,noah.taylor@example.com,71,Arlington,TX,2023-01-18
CUST04809,Henry Smith,henry.smith@example.com,72,Fort Worth,TX,2023-07-03
CUST04810,Harper Anderson,harper.anderson@example.com,25,Plano,TX,2024-02-09
CUST04811,Ethan Anderson,ethan.anderson@example.com,19,Denton,TX,2025-03-09
CUST04812,Isabella Davis,isabella.davis@example.com,23,Frisco,TX,2026-02-28
CUST04813,Emma Williams,emma.williams@example.com,48,Austin,TX,2024-04-23
CUST04814,Mason Martin,mason.martin@example.com,71,Fort Worth,TX,2023-01-08
CUST04815,Emma Taylor,emma.taylor@example.com,27,Arlington,TX,2024-12-05
CUST04816,Henry Garcia,henry.garcia@example.com,61,Denton,TX,2026-03-05
CUST04817,James Miller,james.miller@example.com,38,Plano,TX,2024-06-14
CUST04818,Amelia Taylor,amelia.taylor@example.com,59,Fort Worth,TX,2025-07-01
CUST04819,Amelia Smith,amelia.smith@example.com,27,Arlington,TX,2024-11-19
CUST04820,Liam Martin,liam.martin@example.com,40,Dallas,TX,2025-10-31
CUST04821,Amelia Garcia,amelia.garcia@example.com,20,Dallas,TX,2024-07-06
CUST04822,Amelia Miller,amelia.miller@example.com,49,Houston,TX,2024-03-21
CUST04823,Emma Garcia,emma.garcia@example.com,37,Austin,TX,2026-02-11
CUST04824,Isabella Brown,isabella.brown@example.com,27,Dallas,TX,2024-12-06
CUST04825,Ethan Smith,ethan.smith@example.com,46,Frisco,TX,2023-07-15
CUST04826,Liam Anderson,liam.anderson@example.com,58,Arlington,TX,2025-05-09
CUST04827,Mason Wilson,mason.wilson@example.com,69,Fort Worth,TX,2024-09-19
CUST04828,Ava Brown,ava.brown@example.com,68,Plano,TX,2025-09-07
CUST04829,Sophia Miller,sophia.miller@example.com,63,Fort Worth,TX,2024-09-21
CUST04830,Liam Miller,liam.miller@example.com,51,Houston,TX,2026-04-03
CUST04831,Lucas Johnson,lucas.johnson@example.com,54,Denton,TX,2026-06-29
CUST04832,James Smith,james.smith@example.com,37,Fort Worth,TX,2023-02-13
CUST04833,Ethan Davis,ethan.davis@example.com,25,Dallas,TX,2024-05-03
CUST04834,James Davis,james.davis@example.com,24,Fort Worth,TX,2023-06-30
CUST04835,Liam Miller,liam.miller@example.com,23,Dallas,TX,2026-01-05
CUST04836,Liam Martin,liam.martin@example.com,28,Dallas,TX,2024-01-09
CUST04837,Lucas Jackson,lucas.jackson@example.com,61,Austin,TX,2024-09-19
CUST04838,Amelia Jackson,amelia.jackson@example.com,35,Houston,TX,2025-08-14
CUST04839,Mason Jackson,mason.jackson@example.com,68,Frisco,TX,2023-03-08
CUST04840,Harper Jackson,harper.jackson@example.com,59,Frisco,TX,2026-01-20
CUST04841,Harper Davis,harper.davis@example.com,74,Arlington,TX,2025-02-17
CUST04842,James Williams,james.williams@example.com,46,Frisco,TX,2024-10-12
CUST04843,Liam Anderson,liam.anderson@example.com,42,Dallas,TX,2026-06-21
CUST04844,Sophia Johnson,sophia.johnson@example.com,38,Plano,TX,2023-12-07
CUST04845,Emma Miller,emma.miller@example.com,63,Houston,TX,2025-06-21
CUST04846,Mason Davis,mason.davis@example.com,20,Arlington,TX,2024-02-02
CUST04847,Sophia Smith,sophia.smith@example.com,35,Frisco,TX,2024-12-03
CUST04848,Henry Thomas,henry.thomas@example.com,41,Frisco,TX,2023-04-07
CUST04849,Mason Taylor,mason.taylor@example.com,64,Plano,TX,2026-05-13
CUST04850,Henry Wilson,henry.wilson@example.com,55,Fort Worth,TX,2024-03-24
CUST04851,Sophia Jackson,sophia.jackson@example.com,27,Houston,TX,2023-03-18
CUST04852,Isabella Moore,isabella.moore@example.com,44,Plano,TX,2025-06-14
CUST04853,Ethan Jackson,ethan.jackson@example.com,29,Frisco,TX,2024-07-02
CUST04854,Amelia Anderson,amelia.anderson@example.com,24,Houston,TX,2025-03-08
CUST04855,Sophia Brown,sophia.brown@example.com,34,Houston,TX,2025-03-25
CUST04856,Olivia Martin,olivia.martin@example.com,18,Frisco,TX,2025-10-18
CUST04857,Sophia Thomas,sophia.thomas@example.com,67,Fort Worth,TX,2023-05-15
CUST04858,Ava Martin,ava.martin@example.com,43,Fort Worth,TX,2024-10-15
CUST04859,Ava Brown,ava.brown@example.com,32,Frisco,TX,2024-10-07
CUST04860,Mia Williams,mia.williams@example.com,68,Houston,TX,2024-12-20
CUST04861,Henry Garcia,henry.garcia@example.com,50,Plano,TX,2024-09-04
CUST04862,Olivia Smith,olivia.smith@example.com,54,Austin,TX,2024-04-28
CUST04863,Amelia Garcia,amelia.garcia@example.com,64,Dallas,TX,2025-12-05
CUST04864,Olivia Johnson,olivia.johnson@example.com,48,Fort Worth,TX,2024-10-09
CUST04865,Emma Wilson,emma.wilson@example.com,52,Frisco,TX,2025-03-02
CUST04866,Olivia Johnson,olivia.johnson@example.com,18,Denton,TX,2024-08-01
CUST04867,Emma Miller,emma.miller@example.com,25,Austin,TX,2025-10-24
CUST04868,Mia Thomas,mia.thomas@example.com,29,Fort Worth,TX,2023-01-01
CUST04869,Mia Smith,mia.smith@example.com,71,Denton,TX,2023-04-19
CUST04870,Ethan Thomas,ethan.thomas@example.com,74,Houston,TX,2024-04-04
CUST04871,Harper Miller,harper.miller@example.com,36,Frisco,TX,2023-09-23
CUST04872,Ava Jones,ava.jones@example.com,42,Austin,TX,2026-03-07
CUST04873,Sophia Davis,sophia.davis@example.com,74,Frisco,TX,2023-02-13
CUST04874,Sophia Brown,sophia.brown@example.com,49,Plano,TX,2025-06-04
CUST04875,Henry Jackson,henry.jackson@example.com,29,Plano,TX,2025-08-01
CUST04876,Lucas Thomas,lucas.thomas@example.com,30,Arlington,TX,2025-09-09
CUST04877,Lucas Jackson,lucas.jackson@example.com,45,Dallas,TX,2023-09-19
CUST04878,Noah Taylor,noah.taylor@example.com,18,Dallas,TX,2024-12-28
CUST04879,Mason Miller,mason.miller@example.com,68,Fort Worth,TX,2024-09-24
CUST04880,Ethan Garcia,ethan.garcia@example.com,23,Dallas,TX,2023-06-01
CUST04881,Noah Jones,noah.jones@example.com,25,Frisco,TX,2023-08-01
CUST04882,Noah Brown,noah.brown@example.com,21,Frisco,TX,2025-10-12
CUST04883,Liam Jackson,liam.jackson@example.com,22,Arlington,TX,2026-06-11
CUST04884,Henry Miller,henry.miller@example.com,42,Denton,TX,2025-05-12
CUST04885,Liam Thomas,liam.thomas@example.com,39,Plano,TX,2024-09-14
CUST04886,James Jones,james.jones@example.com,45,Denton,TX,2023-12-27
CUST04887,Henry Jones,henry.jones@example.com,56,Denton,TX,2023-11-16
CUST04888,Noah Jackson,noah.jackson@example.com,40,Austin,TX,2023-08-10
CUST04889,Olivia Smith,olivia.smith@example.com,21,Austin,TX,2023-07-29
CUST04890,Mason Johnson,mason.johnson@example.com,69,Plano,TX,2025-07-19
CUST04891,Harper Jones,harper.jones@example.com,21,Houston,TX,2024-05-03
CUST04892,Ethan Moore,ethan.moore@example.com,64,Plano,TX,2024-08-23
CUST04893,Henry Williams,henry.williams@example.com,38,Austin,TX,2025-02-12
CUST04894,Harper Martin,harper.martin@example.com,54,Denton,TX,2025-05-27
CUST04895,Noah Moore,noah.moore@example.com,73,Fort Worth,TX,2024-11-30
CUST04896,Amelia Johnson,amelia.johnson@example.com,58,Arlington,TX,2024-03-27
CUST04897,Isabella Martin,isabella.martin@example.com,19,Denton,TX,2024-02-17
CUST04898,Sophia Martin,sophia.martin@example.com,24,Plano,TX,2024-04-20
CUST04899,Mason Brown,mason.brown@example.com,66,Houston,TX,2023-09-13
CUST04900,Liam Brown,liam.brown@example.com,33,Denton,TX,2026-03-19
CUST04901,James Brown,james.brown@example.com,34,Fort Worth,TX,2023-05-07
CUST04902,Sophia Brown,sophia.brown@example.com,37,Plano,TX,2024-01-27
CUST04903,Harper Williams,harper.williams@example.com,40,Fort Worth,TX,2024-04-24
CUST04904,Henry Moore,henry.moore@example.com,51,Denton,TX,2025-09-19
CUST04905,Liam Thomas,liam.thomas@example.com,28,Plano,TX,2025-07-11
CUST04906,Liam Miller,liam.miller@example.com,51,Fort Worth,TX,2024-02-06
CUST04907,Mason Wilson,mason.wilson@example.com,50,Frisco,TX,2023-10-01
CUST04908,Liam Thomas,liam.thomas@example.com,43,Dallas,TX,2025-04-24
CUST04909,Harper Jones,harper.jones@example.com,19,Fort Worth,TX,2023-05-19
CUST04910,Isabella Brown,isabella.brown@example.com,40,Frisco,TX,2023-04-13
CUST04911,Mia Anderson,mia.anderson@example.com,58,Denton,TX,2026-06-19
CUST04912,James Johnson,james.johnson@example.com,39,Dallas,TX,2026-02-14
CUST04913,Ava Johnson,ava.johnson@example.com,51,Austin,TX,2026-05-22
CUST04914,Harper Jones,harper.jones@example.com,32,Dallas,TX,2024-04-28
CUST04915,Mia Miller,mia.miller@example.com,27,Fort Worth,TX,2024-06-12
CUST04916,Harper Taylor,harper.taylor@example.com,32,Arlington,TX,2023-08-12
CUST04917,Ava Taylor,ava.taylor@example.com,59,Arlington,TX,2026-03-03
CUST04918,Lucas Wilson,lucas.wilson@example.com,46,Austin,TX,2023-04-24
CUST04919,Amelia Moore,amelia.moore@example.com,74,Fort Worth,TX,2024-10-05
CUST04920,Lucas Miller,lucas.miller@example.com,40,Dallas,TX,2024-10-12
CUST04921,Liam Jones,liam.jones@example.com,34,Arlington,TX,2026-06-09
CUST04922,Ethan Taylor,ethan.taylor@example.com,26,Plano,TX,2024-04-02
CUST04923,Ethan Taylor,ethan.taylor@example.com,67,Houston,TX,2024-01-10
CUST04924,Ava Taylor,ava.taylor@example.com,53,Fort Worth,TX,2024-09-02
CUST04925,Sophia Garcia,sophia.garcia@example.com,26,Frisco,TX,2023-07-26
CUST04926,Mason Anderson,mason.anderson@example.com,33,Frisco,TX,2025-07-05
CUST04927,Liam Thomas,liam.thomas@example.com,53,Plano,TX,2023-11-17
CUST04928,Mason Williams,mason.williams@example.com,65,Plano,TX,2023-04-03
CUST04929,Mia Jones,mia.jones@example.com,68,Fort Worth,TX,2026-03-27
CUST04930,Ethan Davis,ethan.davis@example.com,50,Houston,TX,2025-05-21
CUST04931,Olivia Smith,olivia.smith@example.com,72,Arlington,TX,2023-04-09
CUST04932,James Thomas,james.thomas@example.com,48,Houston,TX,2023-08-13
CUST04933,Mia Smith,mia.smith@example.com,23,Austin,TX,2025-05-01
CUST04934,Amelia Miller,amelia.miller@example.com,27,Dallas,TX,2024-03-16
CUST04935,James Martin,james.martin@example.com,33,Dallas,TX,2024-12-20
CUST04936,Isabella Jones,isabella.jones@example.com,21,Plano,TX,2024-08-07
CUST04937,Mia Martin,mia.martin@example.com,71,Arlington,TX,2023-03-05
CUST04938,Ava Jones,ava.jones@example.com,39,Houston,TX,2025-02-06
CUST04939,Isabella Smith,isabella.smith@example.com,30,Plano,TX,2024-07-13
CUST04940,Emma Wilson,emma.wilson@example.com,33,Fort Worth,TX,2024-10-31
CUST04941,Mia Smith,mia.smith@example.com,69,Plano,TX,2026-06-25
CUST04942,Isabella Jones,isabella.jones@example.com,46,Fort Worth,TX,2024-01-03
CUST04943,Liam Taylor,liam.taylor@example.com,23,Fort Worth,TX,2025-01-13
CUST04944,James Wilson,james.wilson@example.com,43,Austin,TX,2024-09-09
CUST04945,Noah Martin,noah.martin@example.com,28,Austin,TX,2025-10-02
CUST04946,Noah Jackson,noah.jackson@example.com,41,Fort Worth,TX,2026-01-26
CUST04947,Liam Brown,liam.brown@example.com,46,Denton,TX,2025-12-19
CUST04948,Harper Moore,harper.moore@example.com,20,Arlington,TX,2024-05-14
CUST04949,Emma Davis,emma.davis@example.com,69,Austin,TX,2025-10-03
CUST04950,Amelia Garcia,amelia.garcia@example.com,27,Austin,TX,2024-02-15
CUST04951,Emma Anderson,emma.anderson@example.com,18,Dallas,TX,2025-10-14
CUST04952,Ava Jackson,ava.jackson@example.com,69,Plano,TX,2026-03-09
CUST04953,Ethan Williams,ethan.williams@example.com,60,Dallas,TX,2024-04-08
CUST04954,Mason Brown,mason.brown@example.com,43,Arlington,TX,2024-12-02
CUST04955,James Johnson,james.johnson@example.com,29,Austin,TX,2023-06-12
CUST04956,Emma Smith,emma.smith@example.com,31,Frisco,TX,2023-03-01
CUST04957,Olivia Moore,olivia.moore@example.com,42,Denton,TX,2025-11-20
CUST04958,Ava Martin,ava.martin@example.com,25,Austin,TX,2023-11-29
CUST04959,Lucas Davis,lucas.davis@example.com,60,Houston,TX,2023-03-17
CUST04960,Sophia Smith,sophia.smith@example.com,21,Arlington,TX,2023-11-13
CUST04961,Lucas Martin,lucas.martin@example.com,45,Frisco,TX,2023-07-09
CUST04962,Amelia Moore,amelia.moore@example.com,24,Plano,TX,2023-10-23
CUST04963,Ava Anderson,ava.anderson@example.com,27,Plano,TX,2024-05-15
CUST04964,James Smith,james.smith@example.com,68,Frisco,TX,2023-06-26
CUST04965,Isabella Brown,isabella.brown@example.com,74,Plano,TX,2025-03-10
CUST04966,Mia Taylor,mia.taylor@example.com,53,Denton,TX,2025-03-16
CUST04967,Mason Thomas,mason.thomas@example.com,19,Frisco,TX,2025-05-09
CUST04968,Sophia Taylor,sophia.taylor@example.com,43,Arlington,TX,2023-08-03
CUST04969,Lucas Jackson,lucas.jackson@example.com,70,Frisco,TX,2024-10-14
CUST04970,Harper Garcia,harper.garcia@example.com,67,Frisco,TX,2024-08-19
CUST04971,Sophia Wilson,sophia.wilson@example.com,31,Houston,TX,2023-05-08
CUST04972,Olivia Smith,olivia.smith@example.com,33,Houston,TX,2024-07-04
CUST04973,Olivia Miller,olivia.miller@example.com,71,Dallas,TX,2024-09-10
CUST04974,Isabella Taylor,isabella.taylor@example.com,60,Arlington,TX,2023-12-14
CUST04975,Amelia Anderson,amelia.anderson@example.com,59,Arlington,TX,2023-05-22
CUST04976,Olivia Jones,olivia.jones@example.com,34,Houston,TX,2026-03-14
CUST04977,Ava Thomas,ava.thomas@example.com,63,Fort Worth,TX,2025-03-02
CUST04978,Mason Jackson,mason.jackson@example.com,39,Fort Worth,TX,2023-09-02
CUST04979,James Davis,james.davis@example.com,21,Dallas,TX,2024-12-03
CUST04980,Isabella Martin,isabella.martin@example.com,36,Denton,TX,2026-02-09
CUST04981,Ava Miller,ava.miller@example.com,19,Fort Worth,TX,2023-08-02
CUST04982,Noah Brown,noah.brown@example.com,56,Fort Worth,TX,2023-07-19
CUST04983,Harper Brown,harper.brown@example.com,26,Fort Worth,TX,2024-02-09
CUST04984,Mia Garcia,mia.garcia@example.com,36,Denton,TX,2024-02-25
CUST04985,Henry Garcia,henry.garcia@example.com,33,Austin,TX,2023-01-07
CUST04986,Mia Wilson,mia.wilson@example.com,71,Dallas,TX,2024-08-14
CUST04987,Olivia Thomas,olivia.thomas@example.com,42,Houston,TX,2023-10-13
CUST04988,Noah Jones,noah.jones@example.com,65,Fort Worth,TX,2024-11-01
CUST04989,Emma Davis,emma.davis@example.com,35,Plano,TX,2024-01-24
CUST04990,Emma Jones,emma.jones@example.com,40,Frisco,TX,2024-02-20
CUST04991,James Johnson,james.johnson@example.com,70,Austin,TX,2025-02-22
CUST04992,Olivia Jackson,olivia.jackson@example.com,38,Denton,TX,2025-10-03
CUST04993,Lucas Garcia,lucas.garcia@example.com,28,Denton,TX,2026-03-19
CUST04994,Ava Wilson,ava.wilson@example.com,56,Denton,TX,2025-10-11
CUST04995,Olivia Moore,olivia.moore@example.com,58,Fort Worth,TX,2024-03-03
CUST04996,Ethan Williams,ethan.williams@example.com,21,Frisco,TX,2025-10-01
CUST04997,Sophia Smith,sophia.smith@example.com,42,Frisco,TX,2023-11-30
CUST04998,James Smith,james.smith@example.com,49,Austin,TX,2023-09-29
CUST04999,Mia Moore,mia.moore@example.com,47,Dallas,TX,2025-12-02
CUST05000,Emma Williams,emma.williams@example.com,62,Denton,TX,2023-11-15
CUST01502,Mason Johnson,mason.johnson@example.com,25,Austin,TX,2024-02-06
CUST02587,Olivia Williams,olivia.williams@example.com,33,Frisco,TX,2023-08-28
CUST02654,Mason Garcia,mason.garcia@example.com,23,Houston,TX,2024-05-12
CUST01056,Liam Garcia,liam.garcia@example.com,73,Austin,TX,2023-08-08
CUST00706,Isabella Johnson,isabella.johnson@example.com,33,Frisco,TX,2024-03-12
CUST00107,Harper Anderson,harper.anderson@example.com,49,Frisco,TX,2023-03-23
CUST00590,Harper Moore,harper.moore@example.com,26,Plano,TX,2025-05-24
CUST02469,Sophia Jackson,sophia.jackson@example.com,69,Frisco,TX,2026-06-23
CUST02414,Ava Martin,ava.martin@example.com,22,Arlington,TX,2023-02-10
CUST01601,Ava Miller,ava.miller@example.com,56,Plano,TX,2025-05-19
CUST02465,Henry Anderson,henry.anderson@example.com,47,Austin,TX,2025-10-10
CUST00229,Isabella Jones,isabella.jones@example.com,27,Austin,TX,2024-05-30
CUST00916,Mason Garcia,mason.garcia@example.com,51,Dallas,TX,2025-02-18
CUST00795,Lucas Wilson,lucas.wilson@example.com,67,Frisco,TX,2024-06-02
CUST03022,Emma Garcia,emma.garcia@example.com,26,Arlington,TX,2023-07-10
CUST03544,Sophia Brown,sophia.brown@example.com,63,Fort Worth,TX,2023-06-23
CUST01074,Ava Garcia,ava.garcia@example.com,22,Fort Worth,TX,2023-11-28
CUST03352,Mia Williams,mia.williams@example.com,31,Fort Worth,TX,2026-01-13
CUST01745,Liam Miller,liam.miller@example.com,51,Fort Worth,TX,2025-11-01
CUST01085,Amelia Taylor,amelia.taylor@example.com,62,Austin,TX,2025-11-21
CUST00927,Harper Wilson,harper.wilson@example.com,47,Houston,TX,2023-08-04
CUST03050,Ethan Miller,ethan.miller@example.com,53,Denton,TX,2023-05-27
CUST01118,Amelia Smith,amelia.smith@example.com,46,Fort Worth,TX,2024-11-14
CUST00643,Lucas Davis,lucas.davis@example.com,33,Denton,TX,2026-02-07
CUST04768,Henry Jackson,henry.jackson@example.com,58,Frisco,TX,2025-11-11
CUST00502,Mia Jackson,mia.jackson@example.com,73,Houston,TX,2023-11-17
CUST04067,Liam Johnson,liam.johnson@example.com,55,Houston,TX,2025-10-28
CUST00334,Mason Johnson,mason.johnson@example.com,24,Arlington,TX,2023-04-27
CUST04685,Mia Brown,mia.brown@example.com,61,Houston,TX,2023-03-06
CUST00487,Liam Garcia,liam.garcia@example.com,55,Houston,TX,2024-05-26
CUST01963,Noah Williams,noah.williams@example.com,32,Plano,TX,2023-03-14
CUST00394,Ethan Anderson,ethan.anderson@example.com,62,Plano,TX,2025-08-12
CUST04843,Liam Anderson,liam.anderson@example.com,42,Dallas,TX,2026-06-21
CUST04867,Emma Miller,emma.miller@example.com,25,Austin,TX,2025-10-24
CUST01756,Lucas Jones,lucas.jones@example.com,55,Austin,TX,2025-07-30
CUST02516,Emma Brown,emma.brown@example.com,64,Austin,TX,2024-05-05
CUST03586,James Moore,james.moore@example.com,27,Austin,TX,2024-12-06
CUST04316,Emma Martin,emma.martin@example.com,43,Arlington,TX,2024-08-02
CUST04967,Mason Thomas,mason.thomas@example.com,19,Frisco,TX,2025-05-09
CUST02100,Mason Brown,mason.brown@example.com,46,Austin,TX,2023-06-24
CUST03600,Mason Davis,mason.davis@example.com,71,Fort Worth,TX,2026-05-25
CUST04122,Emma Johnson,emma.johnson@example.com,62,Fort Worth,TX,2023-05-23
CUST00030,Olivia Johnson,olivia.johnson@example.com,19,Austin,TX,2025-02-13
CUST00066,Henry Jones,henry.jones@example.com,46,Denton,TX,2025-06-27
CUST00839,Emma Moore,emma.moore@example.com,61,Denton,TX,2026-02-01
CUST03907,Ethan Brown,ethan.brown@example.com,69,Austin,TX,2023-04-05
CUST03774,Sophia Jackson,sophia.jackson@example.com,31,Houston,TX,2024-08-30
CUST04636,Amelia Anderson,amelia.anderson@example.com,24,Denton,TX,2024-03-22
CUST03162,Emma Anderson,emma.anderson@example.com,64,Dallas,TX,2026-02-03
CUST02660,Ethan Martin,ethan.martin@example.com,65,Dallas,TX,2024-12-25
CUST04616,Lucas Garcia,lucas.garcia@example.com,73,Austin,TX,2023-03-29
CUST04629,Sophia Garcia,sophia.garcia@example.com,40,Austin,TX,2023-12-05
CUST02452,Ethan Thomas,ethan.thomas@example.com,59,Frisco,TX,2026-03-11
CUST02847,Harper Taylor,harper.taylor@example.com,25,Houston,TX,2023-03-03
CUST01145,Amelia Miller,amelia.miller@example.com,57,Fort Worth,TX,2025-02-20
CUST03079,Sophia Smith,sophia.smith@example.com,25,Austin,TX,2025-08-07
CUST01104,Emma Jackson,emma.jackson@example.com,33,Fort Worth,TX,2023-04-23
CUST00169,Ethan Jackson,ethan.jackson@example.com,67,Frisco,TX,2025-03-15
CUST01671,James Garcia,james.garcia@example.com,38,Houston,TX,2024-10-30
CUST02571,Olivia Martin,olivia.martin@example.com,48,Fort Worth,TX,2025-06-21
CUST02378,Mason Taylor,mason.taylor@example.com,58,Arlington,TX,2023-10-09
CUST04396,Harper Anderson,harper.anderson@example.com,63,Austin,TX,2025-11-08
CUST04258,Henry Taylor,henry.taylor@example.com,30,Austin,TX,2026-02-03
CUST03863,Ethan Jones,ethan.jones@example.com,41,Plano,TX,2023-09-02
CUST00024,Mason Smith,mason.smith@example.com,70,Plano,TX,2024-10-20
CUST02634,Ava Miller,ava.miller@example.com,34,Frisco,TX,2024-08-03
CUST03341,Amelia Miller,amelia.miller@example.com,32,Fort Worth,TX,2026-04-13
CUST02216,Liam Jones,liam.jones@example.com,39,Austin,TX,2024-12-01
CUST03683,Isabella Taylor,isabella.taylor@example.com,50,Austin,TX,2025-01-21
CUST04725,Noah Garcia,noah.garcia@example.com,43,Arlington,TX,2025-01-16
CUST01908,Mia Moore,mia.moore@example.com,62,Frisco,TX,2026-06-21
CUST00085,Noah Moore,noah.moore@example.com,34,Arlington,TX,2024-04-18
CUST00228,Henry Taylor,henry.taylor@example.com,49,Dallas,TX,2024-09-09
CUST00297,Noah Johnson,noah.johnson@example.com,50,Fort Worth,TX,2025-06-28
CUST01002,Emma Williams,emma.williams@example.com,19,Fort Worth,TX,2026-03-21
CUST02139,Ethan Martin,ethan.martin@example.com,28,Denton,TX,2024-09-08
CUST00712,Amelia Moore,amelia.moore@example.com,41,Dallas,TX,2023-06-25
CUST02802,Harper Williams,harper.williams@example.com,28,Fort Worth,TX,2026-02-04
CUST02528,James Garcia,james.garcia@example.com,42,Arlington,TX,2024-06-07
CUST03753,Ethan Smith,ethan.smith@example.com,73,Denton,TX,2024-06-11
CUST03322,James Jackson,james.jackson@example.com,42,Houston,TX,2025-09-08
CUST03182,Amelia Anderson,amelia.anderson@example.com,65,Fort Worth,TX,2024-06-17
CUST04184,Mason Anderson,mason.anderson@example.com,60,Dallas,TX,2023-08-21
CUST01616,Mason Smith,mason.smith@example.com,55,Denton,TX,2023-08-05
CUST03025,Ava Smith,ava.smith@example.com,44,Denton,TX,2023-08-21
CUST01414,Noah Anderson,noah.anderson@example.com,71,Plano,TX,2024-10-26
CUST00764,Olivia Taylor,olivia.taylor@example.com,36,Plano,TX,2025-01-30
CUST00656,James Thomas,james.thomas@example.com,32,Dallas,TX,2026-04-21
CUST04798,Noah Jackson,noah.jackson@example.com,44,Austin,TX,2025-01-21
CUST03850,Mason Smith,mason.smith@example.com,36,Fort Worth,TX,2026-06-15
CUST04154,Mason Jackson,mason.jackson@example.com,21,Austin,TX,2024-01-07
CUST00469,Liam Wilson,liam.wilson@example.com,67,Denton,TX,2025-09-17
CUST00158,James Taylor,james.taylor@example.com,32,Plano,TX,2023-08-01
CUST01296,Ava Taylor,ava.taylor@example.com,74,Frisco,TX,2025-04-07
CUST00498,Sophia Brown,sophia.brown@example.com,69,Plano,TX,2025-11-30
CUST04741,Ethan Anderson,ethan.anderson@example.com,30,Austin,TX,2025-04-27
CUST02941,Lucas Anderson,lucas.anderson@example.com,73,Arlington,TX,2023-12-25
CUST03457,Olivia Smith,olivia.smith@example.com,28,Frisco,TX,2024-01-28
CUST00374,Mason Johnson,mason.johnson@example.com,61,Austin,TX,2024-02-20
CUST00080,Mason Smith,mason.smith@example.com,47,Frisco,TX,2025-02-18
CUST01554,Isabella Moore,isabella.moore@example.com,57,Fort Worth,TX,2024-02-03
CUST01670,Ava Johnson,ava.johnson@example.com,45,Frisco,TX,2026-01-12
CUST02132,Harper Wilson,harper.wilson@example.com,56,Fort Worth,TX,2024-11-22
CUST04440,Sophia Taylor,sophia.taylor@example.com,68,Denton,TX,2026-05-12
CUST00466,Sophia Brown,sophia.brown@example.com,55,Dallas,TX,2023-05-31
CUST00249,Isabella Thomas,isabella.thomas@example.com,73,Fort Worth,TX,2024-02-02
CUST00932,Noah Miller,noah.miller@example.com,51,Fort Worth,TX,2025-07-03
CUST01336,Emma Wilson,emma.wilson@example.com,33,Fort Worth,TX,2024-10-10
CUST04525,Amelia Garcia,amelia.garcia@example.com,73,Fort Worth,TX,2026-02-19
CUST01339,Ava Garcia,ava.garcia@example.com,66,Denton,TX,2024-06-26
CUST01407,Ethan Garcia,ethan.garcia@example.com,35,Arlington,TX,2026-03-03
CUST01091,Harper Thomas,harper.thomas@example.com,53,Frisco,TX,2023-10-06
CUST04210,Mason Smith,mason.smith@example.com,28,Arlington,TX,2024-12-07
CUST00743,Mia Martin,mia.martin@example.com,48,Dallas,TX,2024-05-26
CUST02324,Amelia Johnson,amelia.johnson@example.com,71,Austin,TX,2025-07-27
CUST03602,Olivia Miller,olivia.miller@example.com,34,Frisco,TX,2024-06-14
CUST02124,Mason Miller,mason.miller@example.com,51,Arlington,TX,2023-05-19
CUST02095,Mason Smith,mason.smith@example.com,72,Dallas,TX,2024-08-28
CUST00241,Mia Moore,mia.moore@example.com,21,Arlington,TX,2026-02-14
CUST02352,Mason Anderson,mason.anderson@example.com,27,Houston,TX,2023-04-29
CUST01371,Isabella Thomas,isabella.thomas@example.com,50,Frisco,TX,2024-09-09
CUST01058,Mia Moore,mia.moore@example.com,72,Arlington,TX,2023-04-27
CUST04817,James Miller,james.miller@example.com,38,Plano,TX,2024-06-14
CUST00200,Henry Brown,henry.brown@example.com,67,Austin,TX,2023-11-14
CUST02281,Noah Brown,noah.brown@example.com,46,Denton,TX,2023-03-02
CUST04750,Sophia Davis,sophia.davis@example.com,49,Houston,TX,2023-09-25
CUST02221,Ethan Jones,ethan.jones@example.com,69,Fort Worth,TX,2023-08-09
CUST04772,Emma Wilson,emma.wilson@example.com,33,Frisco,TX,2023-08-22
CUST02820,Isabella Johnson,isabella.johnson@example.com,25,Dallas,TX,2023-04-30
CUST03151,Lucas Anderson,lucas.anderson@example.com,26,Fort Worth,TX,2026-05-27
CUST04257,James Brown,james.brown@example.com,70,Dallas,TX,2025-04-06
CUST03108,Ava Garcia,ava.garcia@example.com,72,Frisco,TX,2026-06-08
CUST01974,Liam Garcia,liam.garcia@example.com,74,Houston,TX,2026-04-22
CUST01376,Mia Garcia,mia.garcia@example.com,62,Dallas,TX,2024-12-25
CUST03969,Emma Garcia,emma.garcia@example.com,35,Arlington,TX,2025-01-31
CUST04063,Liam Martin,liam.martin@example.com,56,Houston,TX,2026-05-22
CUST04446,Olivia Williams,olivia.williams@example.com,54,Austin,TX,2024-08-22
CUST03558,James Miller,james.miller@example.com,18,Plano,TX,2025-10-06
CUST00965,Harper Taylor,harper.taylor@example.com,40,Austin,TX,2026-06-07
CUST00180,Lucas Taylor,lucas.taylor@example.com,34,Denton,TX,2023-04-05
CUST03699,James Anderson,james.anderson@example.com,66,Austin,TX,2024-04-27
CUST03822,Liam Miller,liam.miller@example.com,55,Dallas,TX,2024-08-06
CUST04879,Mason Miller,mason.miller@example.com,68,Fort Worth,TX,2024-09-24
CUST03900,Noah Anderson,noah.anderson@example.com,62,Fort Worth,TX,2026-05-24
CUST04488,Lucas Brown,lucas.brown@example.com,30,Fort Worth,TX,2025-07-26
CUST03239,Liam Williams,liam.williams@example.com,20,Denton,TX,2023-06-05
CUST02975,Olivia Garcia,olivia.garcia@example.com,18,Houston,TX,2024-07-09
CUST03581,Ethan Anderson,ethan.anderson@example.com,62,Fort Worth,TX,2026-05-02
CUST02888,Lucas Jones,lucas.jones@example.com,30,Austin,TX,2023-09-08
CUST02576,Mason Brown,mason.brown@example.com,53,Arlington,TX,2025-01-27
CUST01420,Henry Williams,henry.williams@example.com,45,Frisco,TX,2024-05-22
CUST03908,Noah Thomas,noah.thomas@example.com,59,Austin,TX,2023-07-07
CUST04674,James Johnson,james.johnson@example.com,27,Frisco,TX,2025-03-18
CUST04903,Harper Williams,harper.williams@example.com,40,Fort Worth,TX,2024-04-24
CUST01861,Lucas Garcia,lucas.garcia@example.com,34,Denton,TX,2026-01-11
CUST00009,Sophia Wilson,sophia.wilson@example.com,55,Fort Worth,TX,2023-09-01
CUST02895,Noah Davis,noah.davis@example.com,49,Fort Worth,TX,2026-03-15
CUST02848,Isabella Jones,isabella.jones@example.com,21,Frisco,TX,2025-11-12
CUST03665,Harper Smith,harper.smith@example.com,24,Dallas,TX,2025-03-05
CUST00145,Emma Davis,emma.davis@example.com,45,Denton,TX,2023-02-11
CUST02105,Noah Williams,noah.williams@example.com,41,Arlington,TX,2023-08-14
CUST03144,James Miller,james.miller@example.com,41,Houston,TX,2025-09-01
CUST00842,Emma Garcia,emma.garcia@example.com,22,Plano,TX,2023-04-23
CUST01129,Ava Williams,ava.williams@example.com,26,Austin,TX,2025-03-14
CUST00152,Lucas Thomas,lucas.thomas@example.com,40,Austin,TX,2025-03-08
CUST03592,Olivia Taylor,olivia.taylor@example.com,72,Denton,TX,2023-10-10
CUST01053,Isabella Martin,isabella.martin@example.com,55,Fort Worth,TX,2024-04-09
CUST01591,Ava Jackson,ava.jackson@example.com,25,Houston,TX,2026-02-05
CUST03009,Emma Garcia,emma.garcia@example.com,47,Denton,TX,2024-05-02
CUST02030,Mia Wilson,mia.wilson@example.com,37,Austin,TX,2023-11-17
CUST03419,Ethan Smith,ethan.smith@example.com,19,Arlington,TX,2023-11-29
CUST01808,Emma Brown,emma.brown@example.com,71,Austin,TX,2023-05-29
CUST02697,Liam Taylor,liam.taylor@example.com,61,Houston,TX,2023-02-23
CUST03040,Mason Thomas,mason.thomas@example.com,60,Denton,TX,2024-03-09
CUST00473,Ethan Davis,ethan.davis@example.com,38,Denton,TX,2023-09-09
CUST03290,Olivia Anderson,olivia.anderson@example.com,30,Houston,TX,2023-08-14
CUST04075,James Garcia,james.garcia@example.com,49,Plano,TX,2023-07-31
CUST03497,Liam Martin,liam.martin@example.com,54,Fort Worth,TX,2023-08-06
CUST00280,Ava Garcia,ava.garcia@example.com,20,Frisco,TX,2025-10-13
CUST01742,Henry Wilson,henry.wilson@example.com,72,Dallas,TX,2024-03-07
CUST04625,James Wilson,james.wilson@example.com,49,Fort Worth,TX,2023-01-18
CUST02887,Mason Jackson,mason.jackson@example.com,39,Frisco,TX,2026-06-18
CUST01942,Ava Williams,ava.williams@example.com,55,Houston,TX,2025-07-15
CUST00101,Liam Taylor,liam.taylor@example.com,38,Dallas,TX,2023-06-27
CUST02805,Lucas Martin,lucas.martin@example.com,46,Dallas,TX,2025-01-11
CUST03571,Henry Moore,henry.moore@example.com,39,Denton,TX,2025-12-22
CUST03685,James Brown,james.brown@example.com,48,Plano,TX,2025-03-16
CUST03662,Lucas Miller,lucas.miller@example.com,69,Arlington,TX,2023-03-16
CUST00531,Amelia Davis,amelia.davis@example.com,48,Denton,TX,2025-01-07
CUST01887,Harper Thomas,harper.thomas@example.com,72,Frisco,TX,2024-08-04
CUST00682,Henry Jones,henry.jones@example.com,65,Houston,TX,2025-09-14
CUST03795,Mia Jackson,mia.jackson@example.com,41,Frisco,TX,2024-04-02
CUST03945,Lucas Miller,lucas.miller@example.com,59,Fort Worth,TX,2024-05-11
CUST04667,Isabella Anderson,isabella.anderson@example.com,46,Frisco,TX,2026-04-14
CUST02019,Liam Martin,liam.martin@example.com,24,Houston,TX,2026-05-23
CUST01097,Ethan Thomas,ethan.thomas@example.com,65,Frisco,TX,2025-07-13
CUST00830,Harper Miller,harper.miller@example.com,72,Arlington,TX,2025-09-14
CUST02806,Sophia Miller,sophia.miller@example.com,35,Dallas,TX,2024-09-15
CUST03830,Emma Garcia,emma.garcia@example.com,33,Fort Worth,TX,2024-11-19
CUST04382,Ava Thomas,ava.thomas@example.com,30,Fort Worth,TX,2025-08-06
CUST03892,Ava Smith,ava.smith@example.com,71,Plano,TX,2024-03-02
CUST00765,Olivia Garcia,olivia.garcia@example.com,54,Denton,TX,2025-06-22
CUST02768,Ava Martin,ava.martin@example.com,30,Frisco,TX,2024-04-19
CUST04329,Ava Anderson,ava.anderson@example.com,18,Frisco,TX,2024-01-25
CUST03296,Olivia Davis,olivia.davis@example.com,44,Houston,TX,2025-03-21
CUST02195,Olivia Taylor,olivia.taylor@example.com,18,Fort Worth,TX,2025-11-25
CUST02358,Harper Smith,harper.smith@example.com,48,Denton,TX,2023-12-27
CUST03426,Harper Thomas,harper.thomas@example.com,41,Denton,TX,2024-05-28
CUST03980,Sophia Jackson,sophia.jackson@example.com,44,Austin,TX,2023-07-05
CUST00912,Lucas Davis,lucas.davis@example.com,53,Dallas,TX,2025-01-01
CUST03146,Noah Thomas,noah.thomas@example.com,39,Denton,TX,2025-04-15
CUST01000,Henry Brown,henry.brown@example.com,66,Arlington,TX,2025-04-09
CUST03654,Harper Miller,harper.miller@example.com,59,Fort Worth,TX,2024-04-06
CUST02484,Isabella Jackson,isabella.jackson@example.com,21,Denton,TX,2025-01-02
CUST04077,Henry Brown,henry.brown@example.com,39,Denton,TX,2025-02-20
CUST02371,James Smith,james.smith@example.com,67,Denton,TX,2024-08-18
CUST04839,Mason Jackson,mason.jackson@example.com,68,Frisco,TX,2023-03-08
CUST00034,Ethan Miller,ethan.miller@example.com,24,Plano,TX,2025-03-30
CUST03790,Isabella Jackson,isabella.jackson@example.com,38,Denton,TX,2024-11-24
CUST01021,Isabella Moore,isabella.moore@example.com,39,Houston,TX,2025-06-02
CUST01648,Sophia Miller,sophia.miller@example.com,68,Denton,TX,2024-10-28
CUST00734,Sophia Martin,sophia.martin@example.com,56,Arlington,TX,2023-10-28
CUST04583,James Johnson,james.johnson@example.com,69,Frisco,TX,2025-11-07
CUST03275,Olivia Wilson,olivia.wilson@example.com,51,Frisco,TX,2024-01-27
CUST01621,Emma Martin,emma.martin@example.com,65,Denton,TX,2024-09-29
CUST03136,Liam Moore,liam.moore@example.com,49,Arlington,TX,2025-06-12
CUST02690,Liam Johnson,liam.johnson@example.com,70,Denton,TX,2024-11-26
CUST02708,Ethan Davis,ethan.davis@example.com,60,Frisco,TX,2023-09-18
CUST00298,Sophia Miller,sophia.miller@example.com,74,Denton,TX,2024-05-07
CUST02340,Olivia Garcia,olivia.garcia@example.com,69,Arlington,TX,2023-03-26
CUST00654,Liam Jackson,liam.jackson@example.com,28,Frisco,TX,2023-09-28
CUST03775,James Jackson,james.jackson@example.com,67,Austin,TX,2026-04-03
CUST01256,Emma Jackson,emma.jackson@example.com,26,Houston,TX,2026-06-25
CUST04521,Ava Garcia,ava.garcia@example.com,72,Arlington,TX,2024-12-11
CUST00231,Sophia Jones,sophia.jones@example.com,44,Denton,TX,2024-06-15
CUST03277,Harper Anderson,harper.anderson@example.com,43,Houston,TX,2026-05-23
CUST03231,Olivia Brown,olivia.brown@example.com,60,Fort Worth,TX,2025-02-22
CUST00692,Amelia Thomas,amelia.thomas@example.com,53,Fort Worth,TX,2024-02-16
CUST02755,Harper Williams,harper.williams@example.com,53,Dallas,TX,2023-09-08
CUST04864,Olivia Johnson,olivia.johnson@example.com,48,Fort Worth,TX,2024-10-09
CUST00970,Ava Miller,ava.miller@example.com,25,Arlington,TX,2025-03-02
CUST00634,Sophia Smith,sophia.smith@example.com,43,Dallas,TX,2024-03-28
CUST04093,Mia Miller,mia.miller@example.com,20,Arlington,TX,2024-11-29
CUST04078,Harper Smith,harper.smith@example.com,33,Frisco,TX,2024-10-27
CUST01322,Mason Jackson,mason.jackson@example.com,23,Houston,TX,2024-06-16
CUST01832,Mason Brown,mason.brown@example.com,69,Plano,TX,2023-05-09
CUST02179,Harper Taylor,harper.taylor@example.com,24,Plano,TX,2026-01-02
CUST01418,Ava Moore,ava.moore@example.com,47,Frisco,TX,2023-10-01
CUST01783,Mia Moore,mia.moore@example.com,27,Plano,TX,2026-02-12
CUST04716,Olivia Thomas,olivia.thomas@example.com,46,Plano,TX,2023-08-04
