product_id,warehouse_id,inventory_date,stock_quantity
PROD0259,WH-AUS-01,2026-07-16,218
PROD0193,WH-AUS-01,2026-07-23,900
PROD0195,WH-FTW-01,2026-07-31,375
PROD0141,WH-AUS-01,2026-07-31,597
PROD0053,WH-DAL-01,2026-07-24,786
PROD0047,WH-AUS-01,2026-07-01,562
PROD0497,WH-FTW-01,2026-07-06,363
PROD0154,WH-HOU-01,2026-07-08,917
PROD0246,WH-AUS-01,2026-07-30,391
PROD0466,WH-FTW-01,2026-08-01,984
PROD0052,WH-FTW-01,2026-07-17,931
PROD0093,WH-FTW-01,2026-08-07,218
PROD0482,WH-FTW-01,2026-08-05,446
PROD0492,WH-AUS-01,2026-07-08,146
PROD0243,WH-HOU-01,2026-07-26,943
PROD0205,WH-DAL-01,2026-07-25,826
PROD0071,WH-DAL-01,2026-08-14,796
PROD0364,WH-AUS-01,2026-08-09,604
PROD0111,WH-AUS-01,2026-08-04,126
PROD0387,WH-FTW-01,2026-07-21,511
PROD0042,WH-AUS-01,2026-07-05,847
PROD0347,WH-FTW-01,2026-07-01,255
PROD0279,WH-FTW-01,2026-08-14,359
PROD0103,WH-DAL-01,2026-07-10,698
PROD0316,WH-FTW-01,2026-07-03,373
PROD0120,WH-FTW-01,2026-08-02,288
PROD0302,WH-DAL-01,2026-07-23,104
PROD0406,WH-FTW-01,2026-07-29,239
PROD0385,WH-DAL-01,2026-08-04,953
PROD0318,WH-AUS-01,2026-08-09,852
PROD0267,WH-DAL-01,2026-07-30,492
PROD0439,WH-HOU-01,2026-07-06,464
PROD0452,WH-HOU-01,2026-08-02,828
PROD0316,WH-HOU-01,2026-08-02,503
PROD0331,WH-AUS-01,2026-08-01,98
PROD0440,WH-FTW-01,2026-08-03,218
PROD0318,WH-HOU-01,2026-07-28,561
PROD0246,WH-HOU-01,2026-07-06,742
PROD0401,WH-FTW-01,2026-07-08,549
PROD0448,WH-HOU-01,2026-08-02,124
PROD0373,WH-AUS-01,2026-07-12,229
PROD0018,WH-DAL-01,2026-08-06,382
PROD0358,WH-HOU-01,2026-08-05,229
PROD0181,WH-DAL-01,2026-07-05,557
PROD0474,WH-AUS-01,2026-07-28,258
PROD0388,WH-AUS-01,2026-07-30,789
PROD0338,WH-HOU-01,2026-07-02,986
PROD0431,WH-AUS-01,2026-08-02,380
PROD0191,WH-FTW-01,2026-07-03,272
PROD0435,WH-HOU-01,2026-08-01,62
PROD0395,WH-FTW-01,2026-07-10,775
PROD0100,WH-HOU-01,2026-07-15,759
PROD0394,WH-AUS-01,2026-07-06,867
PROD0265,WH-AUS-01,2026-07-28,193
PROD0287,WH-AUS-01,2026-07-22,339
PROD0219,WH-AUS-01,2026-08-07,363
PROD0007,WH-DAL-01,2026-07-26,102
PROD0211,WH-DAL-01,2026-07-17,589
PROD0300,WH-FTW-01,2026-07-24,970
PROD0288,WH-HOU-01,2026-07-11,501
PROD0306,WH-DAL-01,2026-07-20,580
PROD0401,WH-DAL-01,2026-07-10,965
PROD0482,WH-DAL-01,2026-07-23,665
PROD0415,WH-AUS-01,2026-07-20,542
PROD0287,WH-AUS-01,2026-07-31,736
PROD0083,WH-AUS-01,2026-08-02,433
PROD0357,WH-DAL-01,2026-07-02,443
PROD0190,WH-HOU-01,2026-08-03,510
PROD0132,WH-HOU-01,2026-07-05,105
PROD0057,WH-AUS-01,2026-08-03,540
PROD0350,WH-AUS-01,2026-07-09,986
PROD0226,WH-FTW-01,2026-07-17,824
PROD0011,WH-DAL-01,2026-07-25,640
PROD0021,WH-HOU-01,2026-08-08,646
PROD0150,WH-FTW-01,2026-07-14,925
PROD0028,WH-HOU-01,2026-07-25,759
PROD0159,WH-AUS-01,2026-08-08,690
PROD0442,WH-HOU-01,2026-08-01,49
PROD0056,WH-HOU-01,2026-08-10,132
PROD0417,WH-HOU-01,2026-07-27,957
PROD0304,WH-AUS-01,2026-07-10,228
PROD0276,WH-FTW-01,2026-07-21,519
PROD0002,WH-DAL-01,2026-07-16,722
PROD0315,WH-HOU-01,2026-07-08,541
PROD0323,WH-HOU-01,2026-08-01,38
PROD0477,WH-DAL-01,2026-08-02,311
PROD0074,WH-AUS-01,2026-08-03,522
PROD0334,WH-DAL-01,2026-07-24,663
PROD0313,WH-HOU-01,2026-07-15,334
PROD0072,WH-AUS-01,2026-07-25,833
PROD0485,WH-HOU-01,2026-07-27,81
PROD0487,WH-DAL-01,2026-07-25,188
PROD0063,WH-HOU-01,2026-07-18,884
PROD0450,WH-FTW-01,2026-07-20,507
PROD0270,WH-AUS-01,2026-08-05,603
PROD0106,WH-HOU-01,2026-07-28,808
PROD0499,WH-DAL-01,2026-07-14,164
PROD0202,WH-FTW-01,2026-08-07,295
PROD0026,WH-DAL-01,2026-07-11,662
PROD0360,WH-HOU-01,2026-07-28,595
PROD0063,WH-FTW-01,2026-07-15,816
PROD0104,WH-AUS-01,2026-07-30,129
PROD0283,WH-AUS-01,2026-07-05,405
PROD0213,WH-AUS-01,2026-07-04,323
PROD0286,WH-AUS-01,2026-07-07,125
PROD0206,WH-DAL-01,2026-08-08,212
PROD0261,WH-FTW-01,2026-08-09,646
PROD0143,WH-AUS-01,2026-08-04,673
PROD0312,WH-DAL-01,2026-07-03,693
PROD0446,WH-AUS-01,2026-07-28,604
PROD0058,WH-DAL-01,2026-08-06,985
PROD0440,WH-FTW-01,2026-07-04,745
PROD0140,WH-DAL-01,2026-07-11,885
PROD0139,WH-AUS-01,2026-07-04,260
PROD0013,WH-AUS-01,2026-07-04,715
PROD0332,WH-HOU-01,2026-08-13,669
PROD0147,WH-FTW-01,2026-07-26,191
PROD0362,WH-DAL-01,2026-07-26,689
PROD0227,WH-AUS-01,2026-07-09,662
PROD0436,WH-HOU-01,2026-07-13,576
PROD0046,WH-FTW-01,2026-07-15,189
PROD0315,WH-HOU-01,2026-08-12,751
PROD0113,WH-FTW-01,2026-07-27,185
PROD0498,WH-FTW-01,2026-07-09,493
PROD0102,WH-FTW-01,2026-07-18,291
PROD0095,WH-HOU-01,2026-08-01,495
PROD0235,WH-FTW-01,2026-07-10,681
PROD0284,WH-AUS-01,2026-08-07,95
PROD0455,WH-FTW-01,2026-08-05,838
PROD0400,WH-DAL-01,2026-08-07,20
PROD0369,WH-AUS-01,2026-08-10,363
PROD0002,WH-AUS-01,2026-07-10,17
PROD0127,WH-FTW-01,2026-07-07,70
PROD0160,WH-HOU-01,2026-07-15,723
PROD0134,WH-DAL-01,2026-07-11,758
PROD0497,WH-HOU-01,2026-08-12,935
PROD0254,WH-FTW-01,2026-07-10,427
PROD0087,WH-DAL-01,2026-07-05,52
PROD0350,WH-FTW-01,2026-07-19,306
PROD0142,WH-AUS-01,2026-08-01,236
PROD0441,WH-FTW-01,2026-07-13,422
PROD0272,WH-FTW-01,2026-08-10,116
PROD0317,WH-HOU-01,2026-07-08,696
PROD0013,WH-HOU-01,2026-07-11,643
PROD0453,WH-FTW-01,2026-07-02,787
PROD0498,WH-HOU-01,2026-07-12,388
PROD0368,WH-FTW-01,2026-07-17,649
PROD0330,WH-DAL-01,2026-07-10,40
PROD0094,WH-DAL-01,2026-07-12,441
PROD0188,WH-DAL-01,2026-08-08,364
PROD0491,WH-HOU-01,2026-08-12,69
PROD0015,WH-DAL-01,2026-08-06,662
PROD0179,WH-FTW-01,2026-08-05,68
PROD0361,WH-DAL-01,2026-08-14,662
PROD0224,WH-DAL-01,2026-08-07,587
PROD0070,WH-HOU-01,2026-07-17,346
PROD0375,WH-DAL-01,2026-08-05,985
PROD0276,WH-AUS-01,2026-08-11,942
PROD0069,WH-AUS-01,2026-08-01,905
PROD0055,WH-HOU-01,2026-07-21,516
PROD0448,WH-FTW-01,2026-07-24,565
PROD0363,WH-DAL-01,2026-07-21,665
PROD0008,WH-DAL-01,2026-07-05,624
PROD0375,WH-FTW-01,2026-08-12,829
PROD0330,WH-AUS-01,2026-08-01,477
PROD0029,WH-DAL-01,2026-07-15,412
PROD0464,WH-DAL-01,2026-07-31,143
PROD0179,WH-FTW-01,2026-07-19,532
PROD0391,WH-AUS-01,2026-07-10,902
PROD0490,WH-FTW-01,2026-07-09,305
PROD0210,WH-FTW-01,2026-07-11,660
PROD0159,WH-DAL-01,2026-07-24,931
PROD0349,WH-DAL-01,2026-07-04,120
PROD0485,WH-FTW-01,2026-08-02,675
PROD0258,WH-HOU-01,2026-07-31,780
PROD0340,WH-DAL-01,2026-07-24,719
PROD0360,WH-AUS-01,2026-07-02,336
PROD0199,WH-DAL-01,2026-07-06,361
PROD0110,WH-AUS-01,2026-08-02,582
PROD0370,WH-AUS-01,2026-07-03,847
PROD0026,WH-AUS-01,2026-08-05,927
PROD0439,WH-FTW-01,2026-08-02,53
PROD0050,WH-DAL-01,2026-07-04,165
PROD0485,WH-HOU-01,2026-08-07,355
PROD0014,WH-AUS-01,2026-07-24,618
PROD0437,WH-DAL-01,2026-07-07,653
PROD0150,WH-DAL-01,2026-08-10,591
PROD0362,WH-AUS-01,2026-07-06,394
PROD0304,WH-AUS-01,2026-07-08,589
PROD0114,WH-FTW-01,2026-07-11,415
PROD0271,WH-DAL-01,2026-07-05,957
PROD0297,WH-FTW-01,2026-07-12,972
PROD0404,WH-AUS-01,2026-07-31,64
PROD0346,WH-DAL-01,2026-07-20,550
PROD0176,WH-DAL-01,2026-07-15,614
PROD0106,WH-DAL-01,2026-07-01,760
PROD0149,WH-DAL-01,2026-08-03,349
PROD0415,WH-HOU-01,2026-07-23,279
PROD0174,WH-HOU-01,2026-07-26,976
PROD0033,WH-AUS-01,2026-07-18,78
PROD0296,WH-FTW-01,2026-07-06,168
PROD0069,WH-HOU-01,2026-08-08,478
PROD0109,WH-HOU-01,2026-07-23,733
PROD0222,WH-DAL-01,2026-07-24,755
PROD0417,WH-FTW-01,2026-07-06,41
PROD0444,WH-AUS-01,2026-08-13,358
PROD0023,WH-FTW-01,2026-07-18,324
PROD0405,WH-FTW-01,2026-07-20,712
PROD0423,WH-AUS-01,2026-08-13,123
PROD0287,WH-DAL-01,2026-08-09,99
PROD0123,WH-DAL-01,2026-07-17,67
PROD0350,WH-HOU-01,2026-08-05,323
PROD0199,WH-AUS-01,2026-08-14,832
PROD0020,WH-HOU-01,2026-07-03,625
PROD0449,WH-FTW-01,2026-08-11,317
PROD0272,WH-FTW-01,2026-08-13,343
PROD0165,WH-AUS-01,2026-07-26,991
PROD0152,WH-HOU-01,2026-08-02,114
PROD0429,WH-HOU-01,2026-08-11,741
PROD0162,WH-FTW-01,2026-07-17,586
PROD0340,WH-DAL-01,2026-07-26,825
PROD0467,WH-HOU-01,2026-07-13,278
PROD0373,WH-FTW-01,2026-07-23,10
PROD0264,WH-AUS-01,2026-07-30,857
PROD0075,WH-DAL-01,2026-07-04,627
PROD0480,WH-DAL-01,2026-07-08,517
PROD0323,WH-FTW-01,2026-07-31,468
PROD0314,WH-HOU-01,2026-07-08,233
PROD0051,WH-AUS-01,2026-07-04,814
PROD0232,WH-FTW-01,2026-07-25,82
PROD0424,WH-AUS-01,2026-07-15,730
PROD0403,WH-HOU-01,2026-08-03,155
PROD0447,WH-AUS-01,2026-08-02,961
PROD0218,WH-HOU-01,2026-08-09,359
PROD0180,WH-FTW-01,2026-07-27,482
PROD0132,WH-AUS-01,2026-07-18,505
PROD0484,WH-AUS-01,2026-07-27,279
PROD0345,WH-DAL-01,2026-07-15,849
PROD0289,WH-AUS-01,2026-07-04,710
PROD0462,WH-HOU-01,2026-07-06,41
PROD0455,WH-FTW-01,2026-07-28,499
PROD0026,WH-FTW-01,2026-08-10,238
PROD0272,WH-HOU-01,2026-07-14,267
PROD0051,WH-DAL-01,2026-07-05,616
PROD0249,WH-HOU-01,2026-07-06,125
PROD0396,WH-HOU-01,2026-07-15,756
PROD0351,WH-DAL-01,2026-08-02,906
PROD0088,WH-AUS-01,2026-07-05,437
PROD0123,WH-HOU-01,2026-08-07,49
PROD0392,WH-FTW-01,2026-07-16,156
PROD0101,WH-AUS-01,2026-07-01,597
PROD0012,WH-AUS-01,2026-07-07,827
PROD0164,WH-HOU-01,2026-07-04,693
PROD0206,WH-DAL-01,2026-07-22,258
PROD0211,WH-AUS-01,2026-07-30,791
PROD0236,WH-FTW-01,2026-07-13,694
PROD0202,WH-DAL-01,2026-07-27,220
PROD0080,WH-AUS-01,2026-07-30,757
PROD0495,WH-DAL-01,2026-07-12,101
PROD0459,WH-AUS-01,2026-07-04,114
PROD0235,WH-AUS-01,2026-07-11,346
PROD0254,WH-AUS-01,2026-08-10,48
PROD0432,WH-AUS-01,2026-07-17,958
PROD0033,WH-AUS-01,2026-07-09,361
PROD0357,WH-FTW-01,2026-07-15,295
PROD0008,WH-HOU-01,2026-07-05,127
PROD0027,WH-HOU-01,2026-07-07,60
PROD0030,WH-FTW-01,2026-07-10,97
PROD0012,WH-FTW-01,2026-07-31,78
PROD0476,WH-HOU-01,2026-07-04,209
PROD0013,WH-HOU-01,2026-07-13,586
PROD0329,WH-FTW-01,2026-08-11,855
PROD0363,WH-HOU-01,2026-08-01,270
PROD0089,WH-AUS-01,2026-07-02,746
PROD0025,WH-HOU-01,2026-08-02,598
PROD0428,WH-AUS-01,2026-08-14,332
PROD0080,WH-HOU-01,2026-07-07,3
PROD0074,WH-DAL-01,2026-07-18,482
PROD0473,WH-HOU-01,2026-07-02,250
PROD0390,WH-AUS-01,2026-08-07,680
PROD0296,WH-DAL-01,2026-08-06,135
PROD0443,WH-AUS-01,2026-08-06,252
PROD0031,WH-AUS-01,2026-07-12,221
PROD0385,WH-HOU-01,2026-07-07,911
PROD0142,WH-FTW-01,2026-07-12,966
PROD0116,WH-FTW-01,2026-07-14,856
PROD0334,WH-AUS-01,2026-07-24,146
PROD0334,WH-DAL-01,2026-08-02,656
PROD0497,WH-AUS-01,2026-07-10,541
PROD0303,WH-FTW-01,2026-07-06,805
PROD0352,WH-DAL-01,2026-07-28,654
PROD0373,WH-AUS-01,2026-07-01,91
PROD0183,WH-DAL-01,2026-08-07,548
PROD0473,WH-DAL-01,2026-08-09,339
PROD0400,WH-AUS-01,2026-08-07,663
PROD0180,WH-DAL-01,2026-07-03,510
PROD0250,WH-HOU-01,2026-07-29,898
PROD0497,WH-HOU-01,2026-08-07,513
PROD0202,WH-FTW-01,2026-08-05,903
PROD0309,WH-HOU-01,2026-07-06,555
PROD0240,WH-DAL-01,2026-07-04,781
PROD0176,WH-HOU-01,2026-08-11,560
PROD0142,WH-DAL-01,2026-07-15,460
PROD0346,WH-HOU-01,2026-07-27,905
PROD0041,WH-AUS-01,2026-07-12,962
PROD0480,WH-FTW-01,2026-07-26,15
PROD0049,WH-FTW-01,2026-07-27,792
PROD0233,WH-DAL-01,2026-07-16,922
PROD0179,WH-HOU-01,2026-08-06,336
PROD0396,WH-FTW-01,2026-07-14,349
PROD0265,WH-HOU-01,2026-08-01,595
PROD0210,WH-AUS-01,2026-08-14,978
PROD0194,WH-HOU-01,2026-08-13,576
PROD0133,WH-HOU-01,2026-07-20,237
PROD0450,WH-AUS-01,2026-07-13,346
PROD0214,WH-AUS-01,2026-08-06,188
PROD0130,WH-AUS-01,2026-08-06,471
PROD0322,WH-AUS-01,2026-08-04,956
PROD0115,WH-DAL-01,2026-08-08,297
PROD0217,WH-DAL-01,2026-07-11,877
PROD0021,WH-HOU-01,2026-07-05,860
PROD0156,WH-AUS-01,2026-07-09,340
PROD0443,WH-AUS-01,2026-07-06,623
PROD0429,WH-HOU-01,2026-08-10,613
PROD0204,WH-AUS-01,2026-07-30,733
PROD0180,WH-HOU-01,2026-07-29,914
PROD0173,WH-FTW-01,2026-07-23,767
PROD0414,WH-HOU-01,2026-07-26,280
PROD0461,WH-FTW-01,2026-07-22,612
PROD0217,WH-DAL-01,2026-07-21,524
PROD0196,WH-AUS-01,2026-07-06,994
PROD0143,WH-FTW-01,2026-07-23,509
PROD0416,WH-AUS-01,2026-07-22,727
PROD0385,WH-AUS-01,2026-07-18,116
PROD0313,WH-HOU-01,2026-08-08,557
PROD0348,WH-HOU-01,2026-07-18,498
PROD0182,WH-HOU-01,2026-07-30,795
PROD0278,WH-AUS-01,2026-08-02,599
PROD0287,WH-HOU-01,2026-07-06,778
PROD0095,WH-AUS-01,2026-07-19,570
PROD0264,WH-DAL-01,2026-07-12,492
PROD0224,WH-FTW-01,2026-08-06,832
PROD0476,WH-FTW-01,2026-07-18,217
PROD0333,WH-FTW-01,2026-08-13,590
PROD0447,WH-DAL-01,2026-07-14,83
PROD0483,WH-FTW-01,2026-07-12,823
PROD0399,WH-HOU-01,2026-07-04,717
PROD0205,WH-FTW-01,2026-08-06,520
PROD0384,WH-HOU-01,2026-07-07,955
PROD0477,WH-HOU-01,2026-08-02,173
PROD0175,WH-HOU-01,2026-08-07,988
PROD0056,WH-DAL-01,2026-08-03,21
PROD0108,WH-FTW-01,2026-08-14,415
PROD0124,WH-AUS-01,2026-07-10,808
PROD0350,WH-HOU-01,2026-07-14,681
PROD0369,WH-DAL-01,2026-07-14,180
PROD0064,WH-HOU-01,2026-07-12,206
PROD0152,WH-HOU-01,2026-07-09,282
PROD0143,WH-AUS-01,2026-07-07,698
PROD0232,WH-AUS-01,2026-07-16,484
PROD0415,WH-AUS-01,2026-07-05,524
PROD0345,WH-DAL-01,2026-08-08,221
PROD0192,WH-DAL-01,2026-07-28,170
PROD0296,WH-HOU-01,2026-08-09,366
PROD0124,WH-DAL-01,2026-08-09,10
PROD0467,WH-DAL-01,2026-07-07,905
PROD0039,WH-FTW-01,2026-08-04,723
PROD0312,WH-FTW-01,2026-08-01,434
PROD0265,WH-AUS-01,2026-07-14,877
PROD0002,WH-FTW-01,2026-07-17,692
PROD0303,WH-DAL-01,2026-07-21,720
PROD0202,WH-DAL-01,2026-08-01,457
PROD0316,WH-AUS-01,2026-07-01,18
PROD0014,WH-HOU-01,2026-08-10,486
PROD0064,WH-AUS-01,2026-07-02,51
PROD0494,WH-HOU-01,2026-08-04,572
PROD0303,WH-HOU-01,2026-07-29,830
PROD0002,WH-DAL-01,2026-07-27,213
PROD0483,WH-HOU-01,2026-08-07,190
PROD0433,WH-DAL-01,2026-07-28,707
PROD0395,WH-FTW-01,2026-07-26,437
PROD0406,WH-AUS-01,2026-07-07,473
PROD0265,WH-DAL-01,2026-07-20,245
PROD0049,WH-HOU-01,2026-08-06,253
PROD0301,WH-HOU-01,2026-08-12,737
PROD0115,WH-FTW-01,2026-08-03,433
PROD0170,WH-HOU-01,2026-08-14,234
PROD0255,WH-FTW-01,2026-08-01,86
PROD0044,WH-FTW-01,2026-07-17,71
PROD0320,WH-FTW-01,2026-07-16,895
PROD0062,WH-AUS-01,2026-07-02,710
PROD0454,WH-HOU-01,2026-07-19,33
PROD0205,WH-HOU-01,2026-07-31,56
PROD0128,WH-DAL-01,2026-08-09,800
PROD0353,WH-AUS-01,2026-08-10,954
PROD0291,WH-FTW-01,2026-07-24,123
PROD0179,WH-HOU-01,2026-07-27,978
PROD0242,WH-FTW-01,2026-07-25,614
PROD0261,WH-DAL-01,2026-07-04,64
PROD0312,WH-FTW-01,2026-08-01,936
PROD0483,WH-HOU-01,2026-07-10,295
PROD0166,WH-HOU-01,2026-07-22,361
PROD0420,WH-HOU-01,2026-07-18,642
PROD0392,WH-FTW-01,2026-08-11,969
PROD0084,WH-HOU-01,2026-07-29,773
PROD0018,WH-AUS-01,2026-07-20,89
PROD0458,WH-FTW-01,2026-07-11,963
PROD0050,WH-FTW-01,2026-08-02,380
PROD0236,WH-AUS-01,2026-08-12,913
PROD0220,WH-AUS-01,2026-07-17,881
PROD0060,WH-AUS-01,2026-08-06,720
PROD0322,WH-HOU-01,2026-08-12,480
PROD0409,WH-AUS-01,2026-08-10,427
PROD0065,WH-HOU-01,2026-07-25,734
PROD0178,WH-HOU-01,2026-07-05,269
PROD0091,WH-FTW-01,2026-08-11,26
PROD0071,WH-FTW-01,2026-07-12,332
PROD0226,WH-AUS-01,2026-07-18,887
PROD0357,WH-AUS-01,2026-07-17,923
PROD0187,WH-AUS-01,2026-07-28,517
PROD0426,WH-FTW-01,2026-07-19,118
PROD0330,WH-FTW-01,2026-08-02,36
PROD0100,WH-AUS-01,2026-07-17,546
PROD0373,WH-AUS-01,2026-07-14,557
PROD0291,WH-HOU-01,2026-08-04,645
PROD0102,WH-HOU-01,2026-07-09,797
PROD0202,WH-HOU-01,2026-07-24,893
PROD0189,WH-FTW-01,2026-07-10,746
PROD0272,WH-AUS-01,2026-08-11,210
PROD0084,WH-DAL-01,2026-08-02,949
PROD0057,WH-FTW-01,2026-07-27,917
PROD0226,WH-AUS-01,2026-08-04,379
PROD0309,WH-DAL-01,2026-07-07,548
PROD0185,WH-DAL-01,2026-07-18,747
PROD0394,WH-AUS-01,2026-07-25,653
PROD0457,WH-DAL-01,2026-07-07,553
PROD0303,WH-DAL-01,2026-07-24,773
PROD0344,WH-DAL-01,2026-07-19,769
PROD0389,WH-AUS-01,2026-08-05,471
PROD0102,WH-HOU-01,2026-07-10,688
PROD0197,WH-FTW-01,2026-07-08,289
PROD0109,WH-FTW-01,2026-08-03,211
PROD0492,WH-FTW-01,2026-07-06,222
PROD0077,WH-AUS-01,2026-07-28,881
PROD0370,WH-DAL-01,2026-08-01,400
PROD0430,WH-FTW-01,2026-07-22,63
PROD0134,WH-DAL-01,2026-08-01,899
PROD0092,WH-AUS-01,2026-07-18,42
PROD0101,WH-FTW-01,2026-07-08,666
PROD0246,WH-FTW-01,2026-07-20,320
PROD0317,WH-FTW-01,2026-07-14,278
PROD0389,WH-HOU-01,2026-07-21,585
PROD0386,WH-DAL-01,2026-07-08,216
PROD0177,WH-FTW-01,2026-07-13,150
PROD0412,WH-DAL-01,2026-07-26,149
PROD0061,WH-AUS-01,2026-07-09,964
PROD0083,WH-AUS-01,2026-08-05,607
PROD0428,WH-DAL-01,2026-07-22,452
PROD0388,WH-HOU-01,2026-07-18,659
PROD0057,WH-HOU-01,2026-07-31,584
PROD0412,WH-HOU-01,2026-07-30,687
PROD0090,WH-DAL-01,2026-08-12,716
PROD0342,WH-FTW-01,2026-07-11,80
PROD0308,WH-AUS-01,2026-07-15,314
PROD0278,WH-DAL-01,2026-07-21,144
PROD0434,WH-FTW-01,2026-07-31,696
PROD0082,WH-HOU-01,2026-07-17,597
PROD0102,WH-HOU-01,2026-07-04,848
PROD0010,WH-FTW-01,2026-07-01,319
PROD0309,WH-FTW-01,2026-07-13,813
PROD0292,WH-FTW-01,2026-07-15,111
PROD0318,WH-DAL-01,2026-08-10,37
PROD0126,WH-AUS-01,2026-08-05,387
PROD0009,WH-AUS-01,2026-08-14,875
PROD0022,WH-FTW-01,2026-08-07,31
PROD0214,WH-AUS-01,2026-07-03,560
PROD0410,WH-AUS-01,2026-07-13,498
PROD0322,WH-DAL-01,2026-07-27,542
PROD0440,WH-AUS-01,2026-07-05,577
PROD0367,WH-HOU-01,2026-07-19,32
PROD0243,WH-FTW-01,2026-08-08,486
PROD0390,WH-AUS-01,2026-07-21,582
PROD0014,WH-DAL-01,2026-08-11,20
PROD0153,WH-FTW-01,2026-08-05,761
PROD0432,WH-FTW-01,2026-07-28,101
PROD0218,WH-AUS-01,2026-07-17,220
PROD0497,WH-FTW-01,2026-07-23,659
PROD0381,WH-FTW-01,2026-07-15,497
PROD0123,WH-HOU-01,2026-07-18,910
PROD0339,WH-AUS-01,2026-07-25,919
PROD0040,WH-HOU-01,2026-08-08,9
PROD0290,WH-FTW-01,2026-07-24,455
PROD0006,WH-FTW-01,2026-07-02,746
PROD0002,WH-FTW-01,2026-07-26,765
PROD0376,WH-HOU-01,2026-07-17,724
PROD0340,WH-DAL-01,2026-08-04,492
PROD0389,WH-HOU-01,2026-08-14,53
PROD0241,WH-HOU-01,2026-07-03,277
PROD0091,WH-HOU-01,2026-07-08,333
PROD0015,WH-HOU-01,2026-07-22,882
PROD0356,WH-FTW-01,2026-07-03,499
PROD0265,WH-HOU-01,2026-07-06,892
PROD0346,WH-HOU-01,2026-07-01,498
PROD0135,WH-DAL-01,2026-07-03,542
PROD0153,WH-HOU-01,2026-07-14,888
PROD0037,WH-HOU-01,2026-07-17,604
PROD0156,WH-FTW-01,2026-08-02,525
PROD0173,WH-DAL-01,2026-07-29,17
PROD0129,WH-FTW-01,2026-08-07,743
PROD0452,WH-FTW-01,2026-07-10,60
PROD0294,WH-HOU-01,2026-08-08,262
PROD0485,WH-FTW-01,2026-08-08,653
PROD0046,WH-FTW-01,2026-08-11,435
PROD0092,WH-DAL-01,2026-08-05,623
PROD0011,WH-HOU-01,2026-07-21,687
PROD0280,WH-HOU-01,2026-08-02,849
PROD0241,WH-AUS-01,2026-08-01,326
PROD0225,WH-HOU-01,2026-07-13,969
PROD0490,WH-FTW-01,2026-07-25,370
PROD0010,WH-DAL-01,2026-07-02,255
PROD0333,WH-AUS-01,2026-08-05,733
PROD0002,WH-AUS-01,2026-07-13,917
PROD0244,WH-FTW-01,2026-07-02,65
PROD0162,WH-AUS-01,2026-07-02,371
PROD0500,WH-HOU-01,2026-07-29,424
PROD0457,WH-DAL-01,2026-07-09,246
PROD0257,WH-HOU-01,2026-07-30,658
PROD0370,WH-FTW-01,2026-08-03,369
PROD0163,WH-FTW-01,2026-08-05,42
PROD0196,WH-FTW-01,2026-08-08,967
PROD0056,WH-FTW-01,2026-07-26,118
PROD0377,WH-FTW-01,2026-08-02,676
PROD0283,WH-HOU-01,2026-08-01,279
PROD0093,WH-FTW-01,2026-07-28,983
PROD0258,WH-AUS-01,2026-07-20,461
PROD0259,WH-HOU-01,2026-07-12,954
PROD0310,WH-DAL-01,2026-07-16,797
PROD0018,WH-FTW-01,2026-07-02,699
PROD0467,WH-AUS-01,2026-07-28,693
PROD0266,WH-HOU-01,2026-07-16,447
PROD0087,WH-HOU-01,2026-07-29,502
PROD0363,WH-FTW-01,2026-07-11,3
PROD0176,WH-AUS-01,2026-07-27,956
PROD0404,WH-FTW-01,2026-08-14,577
PROD0157,WH-AUS-01,2026-07-02,29
PROD0261,WH-FTW-01,2026-08-14,713
PROD0127,WH-HOU-01,2026-08-08,414
PROD0492,WH-HOU-01,2026-07-14,873
PROD0492,WH-DAL-01,2026-07-10,255
PROD0373,WH-FTW-01,2026-07-25,623
PROD0368,WH-DAL-01,2026-07-19,476
PROD0029,WH-DAL-01,2026-07-20,752
PROD0238,WH-AUS-01,2026-07-31,695
PROD0244,WH-AUS-01,2026-08-01,406
PROD0470,WH-AUS-01,2026-07-22,696
PROD0204,WH-AUS-01,2026-07-14,174
PROD0371,WH-AUS-01,2026-07-17,265
PROD0269,WH-FTW-01,2026-08-10,227
PROD0345,WH-FTW-01,2026-08-11,466
PROD0128,WH-FTW-01,2026-08-13,83
PROD0279,WH-AUS-01,2026-08-03,930
PROD0222,WH-AUS-01,2026-07-10,617
PROD0101,WH-HOU-01,2026-07-22,44
PROD0342,WH-FTW-01,2026-07-17,341
PROD0301,WH-AUS-01,2026-08-04,114
PROD0102,WH-HOU-01,2026-07-28,386
PROD0198,WH-FTW-01,2026-08-03,767
PROD0369,WH-FTW-01,2026-07-22,781
PROD0001,WH-AUS-01,2026-07-08,0
PROD0006,WH-FTW-01,2026-07-10,43
PROD0217,WH-AUS-01,2026-07-18,991
PROD0202,WH-AUS-01,2026-08-09,2
PROD0109,WH-AUS-01,2026-08-04,405
PROD0171,WH-DAL-01,2026-07-22,618
PROD0073,WH-AUS-01,2026-08-05,751
PROD0082,WH-HOU-01,2026-08-03,983
PROD0305,WH-HOU-01,2026-08-13,728
PROD0375,WH-HOU-01,2026-08-06,482
PROD0229,WH-AUS-01,2026-07-26,991
PROD0160,WH-DAL-01,2026-07-22,585
PROD0117,WH-DAL-01,2026-08-08,921
PROD0432,WH-HOU-01,2026-07-26,329
PROD0186,WH-AUS-01,2026-07-21,669
PROD0290,WH-AUS-01,2026-07-24,289
PROD0109,WH-AUS-01,2026-08-09,13
PROD0457,WH-DAL-01,2026-08-09,718
PROD0420,WH-AUS-01,2026-08-14,573
PROD0435,WH-AUS-01,2026-08-09,659
PROD0452,WH-AUS-01,2026-07-30,160
PROD0307,WH-AUS-01,2026-07-16,533
PROD0223,WH-DAL-01,2026-08-11,580
PROD0215,WH-AUS-01,2026-07-30,106
PROD0262,WH-DAL-01,2026-08-10,680
PROD0329,WH-HOU-01,2026-08-07,598
PROD0469,WH-HOU-01,2026-07-07,81
PROD0095,WH-DAL-01,2026-08-04,239
PROD0301,WH-DAL-01,2026-08-08,101
PROD0488,WH-AUS-01,2026-07-25,907
PROD0167,WH-AUS-01,2026-07-06,50
PROD0217,WH-AUS-01,2026-08-09,871
PROD0403,WH-FTW-01,2026-07-14,332
PROD0210,WH-DAL-01,2026-07-11,388
PROD0277,WH-DAL-01,2026-07-31,995
PROD0363,WH-HOU-01,2026-07-30,212
PROD0471,WH-DAL-01,2026-07-30,478
PROD0112,WH-AUS-01,2026-07-22,719
PROD0333,WH-FTW-01,2026-07-10,998
PROD0116,WH-DAL-01,2026-08-07,731
PROD0069,WH-FTW-01,2026-07-02,219
PROD0120,WH-FTW-01,2026-08-03,463
PROD0466,WH-DAL-01,2026-08-03,112
PROD0345,WH-DAL-01,2026-07-17,879
PROD0439,WH-FTW-01,2026-08-01,710
PROD0238,WH-AUS-01,2026-07-01,861
PROD0268,WH-FTW-01,2026-08-13,970
PROD0197,WH-FTW-01,2026-08-14,805
PROD0140,WH-HOU-01,2026-08-01,575
PROD0129,WH-HOU-01,2026-08-07,250
PROD0177,WH-FTW-01,2026-08-13,965
PROD0029,WH-AUS-01,2026-07-04,830
PROD0346,WH-HOU-01,2026-08-09,543
PROD0481,WH-AUS-01,2026-07-18,587
PROD0049,WH-AUS-01,2026-07-13,650
PROD0401,WH-AUS-01,2026-07-03,235
PROD0099,WH-DAL-01,2026-08-06,407
PROD0419,WH-HOU-01,2026-07-29,418
PROD0319,WH-FTW-01,2026-07-08,717
PROD0132,WH-AUS-01,2026-08-01,133
PROD0149,WH-FTW-01,2026-07-30,207
PROD0035,WH-HOU-01,2026-08-14,748
PROD0183,WH-DAL-01,2026-07-22,421
PROD0201,WH-FTW-01,2026-08-10,947
PROD0486,WH-HOU-01,2026-07-04,629
PROD0053,WH-HOU-01,2026-07-25,71
PROD0328,WH-AUS-01,2026-07-16,624
PROD0132,WH-AUS-01,2026-07-24,888
PROD0433,WH-DAL-01,2026-07-29,49
PROD0200,WH-FTW-01,2026-07-13,897
PROD0279,WH-DAL-01,2026-08-09,300
PROD0233,WH-FTW-01,2026-07-27,486
PROD0298,WH-DAL-01,2026-08-09,437
PROD0470,WH-FTW-01,2026-08-04,453
PROD0245,WH-AUS-01,2026-07-29,833
PROD0194,WH-HOU-01,2026-07-02,187
PROD0420,WH-AUS-01,2026-08-04,678
PROD0462,WH-AUS-01,2026-08-12,878
PROD0228,WH-AUS-01,2026-07-10,347
PROD0150,WH-DAL-01,2026-07-16,484
PROD0495,WH-FTW-01,2026-07-05,851
PROD0161,WH-DAL-01,2026-08-01,828
PROD0359,WH-DAL-01,2026-07-11,604
PROD0180,WH-AUS-01,2026-08-07,686
PROD0151,WH-HOU-01,2026-08-05,473
PROD0407,WH-AUS-01,2026-08-01,246
PROD0397,WH-AUS-01,2026-08-03,160
PROD0129,WH-FTW-01,2026-07-20,948
PROD0360,WH-HOU-01,2026-07-30,763
PROD0125,WH-FTW-01,2026-07-22,61
PROD0467,WH-DAL-01,2026-07-27,134
PROD0418,WH-AUS-01,2026-08-08,242
PROD0038,WH-AUS-01,2026-07-15,970
PROD0408,WH-DAL-01,2026-08-08,110
PROD0485,WH-FTW-01,2026-07-17,428
PROD0065,WH-AUS-01,2026-08-14,999
PROD0069,WH-FTW-01,2026-07-16,801
PROD0135,WH-AUS-01,2026-07-01,991
PROD0062,WH-HOU-01,2026-07-02,283
PROD0028,WH-HOU-01,2026-07-18,721
PROD0001,WH-FTW-01,2026-07-14,906
PROD0397,WH-FTW-01,2026-08-04,536
PROD0307,WH-AUS-01,2026-07-26,741
PROD0199,WH-DAL-01,2026-08-11,987
PROD0178,WH-DAL-01,2026-07-18,462
PROD0238,WH-DAL-01,2026-08-01,172
PROD0445,WH-FTW-01,2026-07-05,385
PROD0056,WH-HOU-01,2026-07-20,152
PROD0150,WH-FTW-01,2026-08-14,980
PROD0181,WH-AUS-01,2026-07-18,882
PROD0277,WH-DAL-01,2026-07-22,811
PROD0253,WH-FTW-01,2026-07-05,501
PROD0144,WH-AUS-01,2026-07-05,762
PROD0314,WH-HOU-01,2026-07-10,588
PROD0077,WH-DAL-01,2026-08-02,673
PROD0143,WH-AUS-01,2026-08-10,878
PROD0233,WH-FTW-01,2026-07-08,5
PROD0105,WH-FTW-01,2026-08-09,966
PROD0437,WH-HOU-01,2026-07-29,71
PROD0244,WH-AUS-01,2026-07-11,565
PROD0148,WH-HOU-01,2026-07-10,555
PROD0112,WH-AUS-01,2026-07-13,423
PROD0095,WH-FTW-01,2026-07-10,416
PROD0488,WH-AUS-01,2026-07-31,743
PROD0309,WH-FTW-01,2026-08-12,57
PROD0279,WH-HOU-01,2026-07-22,427
PROD0469,WH-AUS-01,2026-07-24,331
PROD0111,WH-AUS-01,2026-07-31,914
PROD0245,WH-HOU-01,2026-07-21,727
PROD0083,WH-DAL-01,2026-07-13,248
PROD0185,WH-HOU-01,2026-07-26,583
PROD0020,WH-DAL-01,2026-07-28,46
PROD0375,WH-HOU-01,2026-07-16,213
PROD0031,WH-FTW-01,2026-07-13,255
PROD0120,WH-HOU-01,2026-07-03,917
PROD0304,WH-HOU-01,2026-07-20,665
PROD0009,WH-FTW-01,2026-08-13,7
PROD0133,WH-DAL-01,2026-07-12,553
PROD0359,WH-DAL-01,2026-07-14,524
PROD0119,WH-HOU-01,2026-07-03,282
PROD0270,WH-HOU-01,2026-07-20,749
PROD0372,WH-HOU-01,2026-07-06,236
PROD0369,WH-FTW-01,2026-07-04,981
PROD0167,WH-DAL-01,2026-07-23,515
PROD0305,WH-DAL-01,2026-07-05,942
PROD0266,WH-FTW-01,2026-07-12,424
PROD0160,WH-FTW-01,2026-07-26,158
PROD0192,WH-DAL-01,2026-08-01,449
PROD0360,WH-AUS-01,2026-07-26,92
PROD0326,WH-DAL-01,2026-07-29,346
PROD0444,WH-DAL-01,2026-08-13,258
PROD0411,WH-HOU-01,2026-07-13,596
PROD0118,WH-AUS-01,2026-07-09,565
PROD0130,WH-AUS-01,2026-07-09,610
PROD0377,WH-HOU-01,2026-08-03,755
PROD0468,WH-AUS-01,2026-08-12,205
PROD0340,WH-DAL-01,2026-07-23,567
PROD0425,WH-AUS-01,2026-07-25,515
PROD0051,WH-HOU-01,2026-07-22,897
PROD0323,WH-AUS-01,2026-07-18,296
PROD0481,WH-AUS-01,2026-08-11,166
PROD0445,WH-AUS-01,2026-08-01,153
PROD0264,WH-FTW-01,2026-07-20,840
PROD0262,WH-FTW-01,2026-07-08,971
PROD0185,WH-AUS-01,2026-07-31,962
PROD0237,WH-AUS-01,2026-07-21,564
PROD0056,WH-DAL-01,2026-07-15,732
PROD0278,WH-HOU-01,2026-07-01,147
PROD0123,WH-HOU-01,2026-07-27,399
PROD0206,WH-AUS-01,2026-07-18,670
PROD0346,WH-HOU-01,2026-07-14,631
PROD0496,WH-AUS-01,2026-08-14,941
PROD0363,WH-FTW-01,2026-07-10,899
PROD0306,WH-FTW-01,2026-08-01,117
PROD0108,WH-DAL-01,2026-08-12,797
PROD0292,WH-DAL-01,2026-07-05,648
PROD0500,WH-FTW-01,2026-07-01,526
PROD0037,WH-DAL-01,2026-07-23,219
PROD0103,WH-DAL-01,2026-08-12,656
PROD0104,WH-FTW-01,2026-08-01,202
PROD0238,WH-DAL-01,2026-08-12,808
PROD0446,WH-DAL-01,2026-07-12,303
PROD0243,WH-HOU-01,2026-08-02,360
PROD0285,WH-HOU-01,2026-07-08,138
PROD0321,WH-AUS-01,2026-07-08,635
PROD0482,WH-FTW-01,2026-07-11,648
PROD0461,WH-FTW-01,2026-08-12,29
PROD0135,WH-DAL-01,2026-07-21,496
PROD0265,WH-HOU-01,2026-08-14,290
PROD0372,WH-DAL-01,2026-08-02,842
PROD0081,WH-FTW-01,2026-07-16,380
PROD0342,WH-AUS-01,2026-07-10,578
PROD0139,WH-FTW-01,2026-07-18,548
PROD0489,WH-FTW-01,2026-08-03,955
PROD0317,WH-HOU-01,2026-07-15,116
PROD0132,WH-DAL-01,2026-08-05,192
PROD0446,WH-FTW-01,2026-07-21,110
PROD0063,WH-DAL-01,2026-07-04,658
PROD0296,WH-AUS-01,2026-08-02,241
PROD0478,WH-HOU-01,2026-07-23,640
PROD0021,WH-FTW-01,2026-08-01,292
PROD0338,WH-AUS-01,2026-07-09,654
PROD0025,WH-AUS-01,2026-08-13,311
PROD0298,WH-AUS-01,2026-07-05,866
PROD0467,WH-HOU-01,2026-08-06,207
PROD0049,WH-FTW-01,2026-07-24,260
PROD0029,WH-FTW-01,2026-07-26,14
PROD0189,WH-DAL-01,2026-07-20,358
PROD0080,WH-DAL-01,2026-08-02,934
PROD0266,WH-FTW-01,2026-07-18,753
PROD0041,WH-AUS-01,2026-08-06,434
PROD0430,WH-AUS-01,2026-08-03,888
PROD0103,WH-FTW-01,2026-07-06,632
PROD0374,WH-HOU-01,2026-07-20,384
PROD0353,WH-FTW-01,2026-07-30,267
PROD0497,WH-HOU-01,2026-07-29,291
PROD0443,WH-HOU-01,2026-07-14,100
PROD0470,WH-HOU-01,2026-08-10,187
PROD0453,WH-DAL-01,2026-07-08,229
PROD0058,WH-FTW-01,2026-07-28,131
PROD0004,WH-AUS-01,2026-07-29,21
PROD0297,WH-AUS-01,2026-07-14,971
PROD0017,WH-AUS-01,2026-07-26,505
PROD0054,WH-HOU-01,2026-08-03,544
PROD0496,WH-FTW-01,2026-07-22,101
PROD0493,WH-HOU-01,2026-07-24,130
PROD0111,WH-HOU-01,2026-08-09,174
PROD0122,WH-FTW-01,2026-07-01,471
PROD0448,WH-DAL-01,2026-07-11,900
PROD0348,WH-DAL-01,2026-08-10,846
PROD0303,WH-AUS-01,2026-07-15,686
PROD0207,WH-FTW-01,2026-07-25,437
PROD0482,WH-AUS-01,2026-07-17,995
PROD0456,WH-AUS-01,2026-07-18,518
PROD0125,WH-HOU-01,2026-07-29,391
PROD0311,WH-DAL-01,2026-07-24,405
PROD0120,WH-HOU-01,2026-07-07,273
PROD0487,WH-AUS-01,2026-07-31,135
PROD0041,WH-DAL-01,2026-07-03,269
PROD0141,WH-AUS-01,2026-07-15,67
PROD0468,WH-DAL-01,2026-07-02,400
PROD0379,WH-AUS-01,2026-08-03,379
PROD0306,WH-DAL-01,2026-08-12,331
PROD0168,WH-AUS-01,2026-08-05,505
PROD0058,WH-HOU-01,2026-07-07,83
PROD0161,WH-HOU-01,2026-08-14,93
PROD0288,WH-DAL-01,2026-07-09,685
PROD0466,WH-AUS-01,2026-08-01,808
PROD0301,WH-DAL-01,2026-08-10,902
PROD0469,WH-FTW-01,2026-08-11,834
PROD0395,WH-HOU-01,2026-08-10,20
PROD0459,WH-DAL-01,2026-07-31,463
PROD0329,WH-HOU-01,2026-07-24,97
PROD0336,WH-DAL-01,2026-07-02,355
PROD0381,WH-AUS-01,2026-07-11,239
PROD0230,WH-HOU-01,2026-07-02,219
PROD0156,WH-FTW-01,2026-07-08,982
PROD0117,WH-AUS-01,2026-07-03,413
PROD0214,WH-DAL-01,2026-07-20,277
PROD0112,WH-AUS-01,2026-07-09,18
PROD0374,WH-FTW-01,2026-07-11,890
PROD0039,WH-AUS-01,2026-07-28,155
PROD0416,WH-AUS-01,2026-07-26,514
PROD0470,WH-FTW-01,2026-07-24,747
PROD0060,WH-AUS-01,2026-08-06,630
PROD0259,WH-FTW-01,2026-08-12,183
PROD0222,WH-AUS-01,2026-07-13,799
PROD0459,WH-HOU-01,2026-07-20,213
PROD0343,WH-HOU-01,2026-07-31,909
PROD0077,WH-DAL-01,2026-07-18,942
PROD0154,WH-DAL-01,2026-07-26,459
PROD0154,WH-FTW-01,2026-08-06,971
PROD0019,WH-DAL-01,2026-07-02,623
PROD0097,WH-FTW-01,2026-07-27,444
PROD0213,WH-DAL-01,2026-07-19,371
PROD0355,WH-AUS-01,2026-07-18,778
PROD0060,WH-AUS-01,2026-07-03,325
PROD0472,WH-AUS-01,2026-08-10,693
PROD0430,WH-DAL-01,2026-07-26,776
PROD0150,WH-HOU-01,2026-08-14,567
PROD0142,WH-DAL-01,2026-07-25,382
PROD0035,WH-FTW-01,2026-08-08,337
PROD0389,WH-DAL-01,2026-07-01,81
PROD0086,WH-FTW-01,2026-07-01,561
PROD0217,WH-FTW-01,2026-07-30,737
PROD0354,WH-HOU-01,2026-07-02,829
PROD0162,WH-HOU-01,2026-07-28,395
PROD0241,WH-AUS-01,2026-07-27,856
PROD0297,WH-FTW-01,2026-07-08,966
PROD0079,WH-DAL-01,2026-07-25,495
PROD0138,WH-FTW-01,2026-07-19,198
PROD0104,WH-HOU-01,2026-07-13,619
PROD0228,WH-FTW-01,2026-07-31,736
PROD0183,WH-DAL-01,2026-07-04,282
PROD0499,WH-DAL-01,2026-07-06,188
PROD0431,WH-DAL-01,2026-08-04,992
PROD0139,WH-HOU-01,2026-07-13,79
PROD0452,WH-FTW-01,2026-07-08,952
PROD0456,WH-DAL-01,2026-07-23,698
PROD0203,WH-FTW-01,2026-08-04,656
PROD0477,WH-DAL-01,2026-08-11,993
PROD0052,WH-FTW-01,2026-07-13,333
PROD0362,WH-HOU-01,2026-07-22,4
PROD0250,WH-AUS-01,2026-08-09,0
PROD0346,WH-FTW-01,2026-08-11,429
PROD0159,WH-FTW-01,2026-07-29,361
PROD0409,WH-HOU-01,2026-07-06,583
PROD0162,WH-DAL-01,2026-07-16,844
PROD0075,WH-AUS-01,2026-07-23,257
PROD0027,WH-HOU-01,2026-08-08,223
PROD0333,WH-DAL-01,2026-08-09,189
PROD0321,WH-HOU-01,2026-08-01,644
PROD0074,WH-AUS-01,2026-07-23,668
PROD0486,WH-DAL-01,2026-07-03,228
PROD0013,WH-DAL-01,2026-07-09,511
PROD0166,WH-FTW-01,2026-07-06,913
PROD0118,WH-DAL-01,2026-07-04,127
PROD0234,WH-HOU-01,2026-07-20,975
PROD0066,WH-AUS-01,2026-08-06,878
PROD0108,WH-DAL-01,2026-07-05,528
PROD0449,WH-DAL-01,2026-08-11,469
PROD0386,WH-FTW-01,2026-07-14,329
PROD0032,WH-HOU-01,2026-07-03,111
PROD0076,WH-DAL-01,2026-07-19,190
PROD0360,WH-HOU-01,2026-07-27,247
PROD0372,WH-DAL-01,2026-07-30,177
PROD0295,WH-AUS-01,2026-08-04,79
PROD0289,WH-HOU-01,2026-07-02,878
PROD0292,WH-HOU-01,2026-07-02,731
PROD0021,WH-DAL-01,2026-07-15,635
PROD0119,WH-DAL-01,2026-07-08,320
PROD0487,WH-FTW-01,2026-07-30,946
PROD0005,WH-FTW-01,2026-08-07,569
PROD0080,WH-HOU-01,2026-07-23,593
PROD0142,WH-AUS-01,2026-07-31,995
PROD0054,WH-FTW-01,2026-08-02,771
PROD0140,WH-HOU-01,2026-07-04,410
PROD0035,WH-AUS-01,2026-08-08,994
PROD0067,WH-HOU-01,2026-07-10,747
PROD0020,WH-DAL-01,2026-07-01,46
PROD0485,WH-HOU-01,2026-07-26,678
PROD0457,WH-HOU-01,2026-08-08,770
PROD0328,WH-DAL-01,2026-08-14,330
PROD0382,WH-FTW-01,2026-08-02,653
PROD0187,WH-DAL-01,2026-07-28,89
PROD0273,WH-HOU-01,2026-07-30,704
PROD0056,WH-DAL-01,2026-07-09,50
PROD0416,WH-HOU-01,2026-08-04,972
PROD0092,WH-DAL-01,2026-08-11,637
PROD0487,WH-AUS-01,2026-08-03,936
PROD0205,WH-FTW-01,2026-07-06,638
PROD0102,WH-DAL-01,2026-07-19,75
PROD0237,WH-FTW-01,2026-07-30,341
PROD0399,WH-FTW-01,2026-07-19,741
PROD0171,WH-DAL-01,2026-07-11,15
PROD0246,WH-FTW-01,2026-07-18,587
PROD0092,WH-AUS-01,2026-07-17,296
PROD0278,WH-AUS-01,2026-07-10,317
PROD0322,WH-FTW-01,2026-07-16,728
PROD0267,WH-HOU-01,2026-07-07,246
PROD0118,WH-DAL-01,2026-08-01,253
PROD0297,WH-FTW-01,2026-08-09,167
PROD0119,WH-HOU-01,2026-07-09,817
PROD0094,WH-DAL-01,2026-07-19,428
PROD0212,WH-DAL-01,2026-07-25,218
PROD0174,WH-HOU-01,2026-08-03,712
PROD0265,WH-HOU-01,2026-08-10,991
PROD0423,WH-DAL-01,2026-07-01,561
PROD0450,WH-AUS-01,2026-07-03,299
PROD0227,WH-DAL-01,2026-08-01,682
PROD0073,WH-AUS-01,2026-07-16,70
PROD0249,WH-DAL-01,2026-07-22,396
PROD0049,WH-AUS-01,2026-07-05,911
PROD0426,WH-HOU-01,2026-07-07,347
PROD0334,WH-HOU-01,2026-08-03,665
PROD0142,WH-DAL-01,2026-08-10,249
PROD0320,WH-DAL-01,2026-07-15,107
PROD0065,WH-HOU-01,2026-08-04,84
PROD0012,WH-AUS-01,2026-08-01,213
PROD0227,WH-HOU-01,2026-07-25,550
PROD0242,WH-HOU-01,2026-08-09,338
PROD0345,WH-FTW-01,2026-07-21,615
PROD0071,WH-FTW-01,2026-08-10,103
PROD0301,WH-FTW-01,2026-07-15,844
PROD0487,WH-AUS-01,2026-07-30,571
PROD0227,WH-HOU-01,2026-07-14,111
PROD0459,WH-AUS-01,2026-07-30,154
PROD0263,WH-FTW-01,2026-07-23,178
PROD0239,WH-DAL-01,2026-07-04,493
PROD0151,WH-DAL-01,2026-07-27,965
PROD0344,WH-AUS-01,2026-07-24,306
PROD0239,WH-DAL-01,2026-07-30,853
PROD0189,WH-AUS-01,2026-07-14,695
PROD0065,WH-AUS-01,2026-07-08,218
PROD0183,WH-DAL-01,2026-07-04,841
PROD0292,WH-DAL-01,2026-07-30,128
PROD0427,WH-AUS-01,2026-08-01,381
PROD0010,WH-AUS-01,2026-08-10,318
PROD0013,WH-AUS-01,2026-07-12,909
PROD0319,WH-DAL-01,2026-07-14,368
PROD0058,WH-FTW-01,2026-07-05,147
PROD0287,WH-HOU-01,2026-07-27,687
PROD0427,WH-HOU-01,2026-08-05,323
PROD0075,WH-AUS-01,2026-07-11,82
PROD0352,WH-FTW-01,2026-07-09,820
PROD0407,WH-HOU-01,2026-07-17,347
PROD0095,WH-FTW-01,2026-07-07,696
PROD0163,WH-FTW-01,2026-07-27,159
PROD0443,WH-DAL-01,2026-08-09,63
PROD0350,WH-FTW-01,2026-07-08,142
PROD0206,WH-AUS-01,2026-07-27,724
PROD0055,WH-HOU-01,2026-07-26,69
PROD0156,WH-HOU-01,2026-08-06,262
PROD0078,WH-AUS-01,2026-07-03,638
PROD0341,WH-FTW-01,2026-07-22,531
PROD0432,WH-AUS-01,2026-07-18,982
PROD0109,WH-HOU-01,2026-07-09,854
PROD0403,WH-HOU-01,2026-07-29,15
PROD0366,WH-DAL-01,2026-08-02,473
PROD0370,WH-HOU-01,2026-08-14,183
PROD0400,WH-FTW-01,2026-07-07,205
PROD0039,WH-DAL-01,2026-08-02,214
PROD0355,WH-DAL-01,2026-07-05,203
PROD0323,WH-DAL-01,2026-08-06,277
PROD0389,WH-HOU-01,2026-07-10,838
PROD0165,WH-DAL-01,2026-07-08,173
PROD0154,WH-AUS-01,2026-07-01,137
PROD0220,WH-FTW-01,2026-08-09,725
PROD0028,WH-FTW-01,2026-07-17,988
PROD0205,WH-AUS-01,2026-07-14,149
PROD0242,WH-DAL-01,2026-07-30,31
PROD0439,WH-AUS-01,2026-07-21,251
PROD0383,WH-HOU-01,2026-08-06,189
PROD0154,WH-DAL-01,2026-07-21,231
PROD0104,WH-AUS-01,2026-07-09,358
PROD0290,WH-AUS-01,2026-07-20,624
PROD0324,WH-HOU-01,2026-07-12,610
PROD0086,WH-AUS-01,2026-07-30,441
PROD0481,WH-DAL-01,2026-07-02,400
PROD0498,WH-HOU-01,2026-07-04,444
PROD0007,WH-HOU-01,2026-08-01,705
PROD0457,WH-HOU-01,2026-07-03,719
PROD0365,WH-FTW-01,2026-07-31,438
PROD0341,WH-FTW-01,2026-07-29,376
PROD0244,WH-AUS-01,2026-07-14,83
PROD0362,WH-DAL-01,2026-07-24,552
PROD0337,WH-DAL-01,2026-08-01,685
PROD0371,WH-DAL-01,2026-07-13,944
PROD0162,WH-AUS-01,2026-07-18,113
PROD0301,WH-AUS-01,2026-07-22,518
PROD0493,WH-HOU-01,2026-07-11,616
PROD0044,WH-FTW-01,2026-07-31,576
PROD0261,WH-AUS-01,2026-07-24,213
PROD0301,WH-AUS-01,2026-07-05,9
PROD0487,WH-AUS-01,2026-07-08,120
PROD0230,WH-DAL-01,2026-07-13,598
PROD0040,WH-DAL-01,2026-08-13,559
PROD0330,WH-AUS-01,2026-07-14,560
PROD0025,WH-FTW-01,2026-07-10,464
PROD0266,WH-FTW-01,2026-07-23,132
PROD0164,WH-DAL-01,2026-07-13,953
PROD0300,WH-DAL-01,2026-07-03,880
PROD0405,WH-FTW-01,2026-07-10,415
PROD0461,WH-DAL-01,2026-08-08,146
PROD0083,WH-AUS-01,2026-07-26,364
PROD0021,WH-AUS-01,2026-08-03,641
PROD0295,WH-DAL-01,2026-07-28,245
PROD0350,WH-AUS-01,2026-08-11,330
PROD0250,WH-AUS-01,2026-07-21,670
PROD0332,WH-FTW-01,2026-08-14,776
PROD0426,WH-DAL-01,2026-07-11,352
PROD0038,WH-HOU-01,2026-07-20,67
PROD0132,WH-HOU-01,2026-07-24,87
PROD0472,WH-HOU-01,2026-07-22,91
PROD0251,WH-DAL-01,2026-07-09,580
PROD0430,WH-HOU-01,2026-08-05,829
PROD0104,WH-HOU-01,2026-08-14,323
PROD0497,WH-AUS-01,2026-07-28,242
PROD0429,WH-AUS-01,2026-07-22,569
PROD0095,WH-FTW-01,2026-07-31,162
PROD0310,WH-DAL-01,2026-08-06,733
PROD0217,WH-FTW-01,2026-07-20,973
PROD0147,WH-DAL-01,2026-07-21,214
PROD0274,WH-DAL-01,2026-08-04,106
PROD0166,WH-AUS-01,2026-07-09,591
PROD0146,WH-DAL-01,2026-08-06,221
PROD0055,WH-AUS-01,2026-08-06,80
PROD0088,WH-DAL-01,2026-07-10,38
PROD0431,WH-FTW-01,2026-07-25,898
PROD0252,WH-HOU-01,2026-07-10,621
PROD0133,WH-AUS-01,2026-07-01,666
PROD0283,WH-FTW-01,2026-07-12,448
PROD0255,WH-DAL-01,2026-08-11,263
PROD0407,WH-DAL-01,2026-08-03,218
PROD0389,WH-DAL-01,2026-07-21,627
PROD0009,WH-DAL-01,2026-07-31,237
PROD0455,WH-HOU-01,2026-08-01,213
PROD0257,WH-AUS-01,2026-07-15,106
PROD0239,WH-HOU-01,2026-07-20,726
PROD0076,WH-DAL-01,2026-08-03,251
PROD0364,WH-DAL-01,2026-07-07,732
PROD0421,WH-HOU-01,2026-08-09,846
PROD0109,WH-AUS-01,2026-07-28,673
PROD0155,WH-HOU-01,2026-07-03,937
PROD0475,WH-HOU-01,2026-07-10,284
PROD0038,WH-DAL-01,2026-07-22,702
PROD0187,WH-FTW-01,2026-08-14,738
PROD0170,WH-DAL-01,2026-07-20,792
PROD0200,WH-FTW-01,2026-07-18,505
PROD0464,WH-HOU-01,2026-08-01,175
PROD0021,WH-FTW-01,2026-07-04,37
PROD0141,WH-DAL-01,2026-08-02,280
PROD0216,WH-AUS-01,2026-07-02,909
PROD0361,WH-FTW-01,2026-07-16,251
PROD0418,WH-FTW-01,2026-07-08,562
PROD0401,WH-DAL-01,2026-08-06,271
PROD0473,WH-FTW-01,2026-07-07,972
PROD0177,WH-AUS-01,2026-07-17,452
PROD0332,WH-AUS-01,2026-07-26,777
PROD0473,WH-AUS-01,2026-08-12,623
PROD0024,WH-HOU-01,2026-07-14,62
PROD0498,WH-AUS-01,2026-07-08,689
PROD0342,WH-AUS-01,2026-07-19,272
PROD0440,WH-AUS-01,2026-07-28,432
PROD0173,WH-HOU-01,2026-07-13,647
PROD0349,WH-FTW-01,2026-08-06,661
PROD0224,WH-DAL-01,2026-07-03,389
PROD0292,WH-FTW-01,2026-07-09,33
PROD0043,WH-DAL-01,2026-08-09,969
PROD0289,WH-AUS-01,2026-08-11,4
PROD0163,WH-DAL-01,2026-07-14,147
PROD0360,WH-FTW-01,2026-07-11,347
PROD0413,WH-AUS-01,2026-08-05,269
PROD0344,WH-AUS-01,2026-07-14,985
PROD0068,WH-HOU-01,2026-07-22,161
PROD0397,WH-FTW-01,2026-07-26,989
PROD0206,WH-DAL-01,2026-08-09,245
PROD0500,WH-DAL-01,2026-08-01,807
PROD0086,WH-AUS-01,2026-08-12,825
PROD0254,WH-FTW-01,2026-08-05,419
PROD0239,WH-AUS-01,2026-07-27,882
PROD0030,WH-AUS-01,2026-07-12,141
PROD0450,WH-HOU-01,2026-08-05,948
PROD0181,WH-HOU-01,2026-07-21,54
PROD0426,WH-DAL-01,2026-07-03,579
PROD0229,WH-AUS-01,2026-07-31,171
PROD0094,WH-HOU-01,2026-08-13,674
PROD0105,WH-FTW-01,2026-08-12,355
PROD0238,WH-HOU-01,2026-07-19,155
PROD0231,WH-DAL-01,2026-07-18,771
PROD0283,WH-AUS-01,2026-07-14,981
PROD0374,WH-HOU-01,2026-08-05,293
PROD0323,WH-HOU-01,2026-07-27,762
PROD0154,WH-FTW-01,2026-08-06,546
PROD0317,WH-AUS-01,2026-08-11,116
PROD0299,WH-AUS-01,2026-07-04,453
PROD0077,WH-HOU-01,2026-07-01,840
PROD0349,WH-FTW-01,2026-07-20,758
PROD0408,WH-AUS-01,2026-07-04,456
PROD0213,WH-AUS-01,2026-07-01,598
PROD0219,WH-FTW-01,2026-07-25,637
PROD0366,WH-HOU-01,2026-07-19,800
PROD0267,WH-HOU-01,2026-08-12,964
PROD0030,WH-FTW-01,2026-07-23,14
PROD0131,WH-HOU-01,2026-08-02,802
PROD0246,WH-FTW-01,2026-07-17,135
PROD0355,WH-DAL-01,2026-08-02,499
PROD0074,WH-AUS-01,2026-07-11,51
PROD0215,WH-HOU-01,2026-08-07,853
PROD0254,WH-AUS-01,2026-08-08,304
PROD0360,WH-HOU-01,2026-08-13,253
PROD0483,WH-FTW-01,2026-07-07,557
PROD0008,WH-AUS-01,2026-07-21,440
PROD0413,WH-DAL-01,2026-07-30,443
PROD0367,WH-AUS-01,2026-07-25,382
PROD0048,WH-AUS-01,2026-07-08,103
PROD0368,WH-FTW-01,2026-07-30,791
PROD0102,WH-DAL-01,2026-07-08,301
PROD0037,WH-HOU-01,2026-07-20,304
PROD0154,WH-FTW-01,2026-08-04,140
PROD0140,WH-AUS-01,2026-07-03,575
PROD0147,WH-AUS-01,2026-07-17,204
PROD0027,WH-AUS-01,2026-07-25,800
PROD0181,WH-DAL-01,2026-08-14,303
PROD0494,WH-HOU-01,2026-07-04,852
PROD0405,WH-AUS-01,2026-08-01,12
PROD0156,WH-DAL-01,2026-07-12,556
PROD0120,WH-FTW-01,2026-07-04,775
PROD0071,WH-AUS-01,2026-08-11,902
PROD0442,WH-AUS-01,2026-08-14,652
PROD0447,WH-HOU-01,2026-08-14,946
PROD0075,WH-HOU-01,2026-07-15,301
PROD0122,WH-FTW-01,2026-07-27,946
PROD0155,WH-HOU-01,2026-07-06,689
PROD0206,WH-AUS-01,2026-08-02,128
PROD0326,WH-HOU-01,2026-07-07,859
PROD0228,WH-AUS-01,2026-07-03,547
PROD0049,WH-HOU-01,2026-08-04,888
PROD0071,WH-FTW-01,2026-07-19,232
PROD0044,WH-AUS-01,2026-07-05,301
PROD0381,WH-AUS-01,2026-07-14,162
PROD0099,WH-DAL-01,2026-07-05,639
PROD0186,WH-DAL-01,2026-08-12,510
PROD0297,WH-FTW-01,2026-07-07,212
PROD0009,WH-HOU-01,2026-08-09,125
PROD0492,WH-HOU-01,2026-08-14,321
PROD0207,WH-FTW-01,2026-08-06,472
PROD0068,WH-FTW-01,2026-08-01,894
PROD0298,WH-AUS-01,2026-08-11,726
PROD0376,WH-FTW-01,2026-07-05,212
PROD0352,WH-HOU-01,2026-07-10,912
PROD0441,WH-FTW-01,2026-08-13,599
PROD0329,WH-DAL-01,2026-07-10,736
PROD0254,WH-FTW-01,2026-07-18,719
PROD0269,WH-FTW-01,2026-07-20,16
PROD0334,WH-DAL-01,2026-07-11,911
PROD0094,WH-DAL-01,2026-08-08,388
PROD0065,WH-DAL-01,2026-08-12,751
PROD0305,WH-FTW-01,2026-07-09,866
PROD0199,WH-HOU-01,2026-07-27,776
PROD0028,WH-FTW-01,2026-07-14,861
PROD0105,WH-FTW-01,2026-07-11,168
PROD0460,WH-HOU-01,2026-08-07,174
PROD0313,WH-AUS-01,2026-07-13,57
PROD0299,WH-FTW-01,2026-07-10,853
PROD0482,WH-HOU-01,2026-07-15,441
PROD0165,WH-FTW-01,2026-07-08,51
PROD0466,WH-AUS-01,2026-07-24,949
PROD0116,WH-AUS-01,2026-08-02,997
PROD0408,WH-AUS-01,2026-08-03,167
PROD0068,WH-AUS-01,2026-07-15,164
PROD0437,WH-HOU-01,2026-08-12,947
PROD0270,WH-AUS-01,2026-08-07,743
PROD0230,WH-FTW-01,2026-08-09,271
PROD0249,WH-FTW-01,2026-08-10,533
PROD0138,WH-DAL-01,2026-07-11,154
PROD0020,WH-AUS-01,2026-07-08,902
PROD0481,WH-DAL-01,2026-07-18,293
PROD0042,WH-FTW-01,2026-07-06,92
PROD0103,WH-DAL-01,2026-07-14,305
PROD0450,WH-FTW-01,2026-07-22,39
PROD0420,WH-DAL-01,2026-07-01,744
PROD0251,WH-HOU-01,2026-08-10,429
PROD0208,WH-FTW-01,2026-07-16,928
PROD0031,WH-AUS-01,2026-07-18,482
PROD0190,WH-FTW-01,2026-07-22,985
PROD0172,WH-FTW-01,2026-08-09,826
PROD0349,WH-HOU-01,2026-08-12,124
PROD0356,WH-AUS-01,2026-08-02,687
PROD0463,WH-FTW-01,2026-07-18,398
PROD0218,WH-FTW-01,2026-07-24,599
PROD0290,WH-FTW-01,2026-08-09,386
PROD0308,WH-HOU-01,2026-07-31,132
PROD0298,WH-HOU-01,2026-08-02,317
PROD0116,WH-DAL-01,2026-07-06,20
PROD0406,WH-AUS-01,2026-07-17,688
PROD0455,WH-HOU-01,2026-08-03,457
PROD0325,WH-AUS-01,2026-08-06,793
PROD0058,WH-FTW-01,2026-08-11,934
PROD0297,WH-HOU-01,2026-07-20,572
PROD0443,WH-HOU-01,2026-07-04,131
PROD0307,WH-AUS-01,2026-07-24,674
PROD0094,WH-HOU-01,2026-07-11,402
PROD0353,WH-FTW-01,2026-08-12,196
PROD0237,WH-DAL-01,2026-07-22,773
PROD0181,WH-DAL-01,2026-07-27,442
PROD0469,WH-AUS-01,2026-08-05,442
PROD0209,WH-HOU-01,2026-07-29,112
PROD0094,WH-HOU-01,2026-07-11,910
PROD0372,WH-FTW-01,2026-07-31,133
PROD0002,WH-DAL-01,2026-07-02,556
PROD0154,WH-DAL-01,2026-07-16,917
PROD0091,WH-DAL-01,2026-07-18,3
PROD0195,WH-FTW-01,2026-07-12,782
PROD0121,WH-DAL-01,2026-08-08,478
PROD0048,WH-AUS-01,2026-07-13,860
PROD0372,WH-FTW-01,2026-07-30,447
PROD0387,WH-FTW-01,2026-07-18,278
PROD0057,WH-AUS-01,2026-07-05,117
PROD0297,WH-HOU-01,2026-07-30,385
PROD0229,WH-FTW-01,2026-08-06,644
PROD0089,WH-AUS-01,2026-07-03,949
PROD0274,WH-HOU-01,2026-07-01,49
PROD0079,WH-DAL-01,2026-08-04,323
PROD0101,WH-AUS-01,2026-07-08,367
PROD0255,WH-FTW-01,2026-07-08,708
PROD0353,WH-AUS-01,2026-08-05,95
PROD0243,WH-AUS-01,2026-07-11,878
PROD0497,WH-FTW-01,2026-07-10,591
PROD0172,WH-FTW-01,2026-07-17,483
PROD0312,WH-AUS-01,2026-08-05,835
PROD0304,WH-FTW-01,2026-08-10,826
PROD0017,WH-FTW-01,2026-07-30,904
PROD0104,WH-FTW-01,2026-07-13,891
PROD0203,WH-AUS-01,2026-07-10,190
PROD0070,WH-DAL-01,2026-08-14,156
PROD0054,WH-HOU-01,2026-08-09,897
PROD0500,WH-HOU-01,2026-07-03,411
PROD0015,WH-HOU-01,2026-08-01,397
PROD0105,WH-HOU-01,2026-07-18,565
PROD0176,WH-DAL-01,2026-08-05,569
PROD0197,WH-FTW-01,2026-08-05,704
PROD0418,WH-AUS-01,2026-07-19,101
PROD0103,WH-AUS-01,2026-08-01,758
PROD0204,WH-FTW-01,2026-08-05,420
PROD0043,WH-AUS-01,2026-07-04,680
PROD0177,WH-AUS-01,2026-07-05,358
PROD0488,WH-DAL-01,2026-08-14,437
PROD0097,WH-HOU-01,2026-08-01,339
PROD0108,WH-HOU-01,2026-07-07,429
PROD0326,WH-HOU-01,2026-07-08,505
PROD0337,WH-HOU-01,2026-07-03,16
PROD0474,WH-DAL-01,2026-08-01,15
PROD0064,WH-AUS-01,2026-08-05,957
PROD0406,WH-HOU-01,2026-08-03,170
PROD0189,WH-DAL-01,2026-08-07,194
PROD0384,WH-HOU-01,2026-08-02,841
PROD0090,WH-FTW-01,2026-07-24,173
PROD0170,WH-AUS-01,2026-07-20,68
PROD0035,WH-FTW-01,2026-07-11,627
PROD0077,WH-AUS-01,2026-08-08,784
PROD0232,WH-DAL-01,2026-07-02,8
PROD0437,WH-AUS-01,2026-07-01,681
PROD0433,WH-AUS-01,2026-07-07,309
PROD0197,WH-AUS-01,2026-07-14,712
PROD0406,WH-FTW-01,2026-07-03,213
PROD0359,WH-FTW-01,2026-07-16,37
PROD0291,WH-DAL-01,2026-07-31,723
PROD0070,WH-DAL-01,2026-07-16,814
PROD0110,WH-AUS-01,2026-07-02,692
PROD0329,WH-FTW-01,2026-07-21,457
PROD0343,WH-HOU-01,2026-08-03,554
PROD0049,WH-HOU-01,2026-07-10,650
PROD0489,WH-HOU-01,2026-07-09,908
PROD0365,WH-FTW-01,2026-07-14,923
PROD0093,WH-DAL-01,2026-07-16,683
PROD0304,WH-HOU-01,2026-07-29,389
PROD0395,WH-DAL-01,2026-07-19,784
PROD0293,WH-AUS-01,2026-07-22,519
PROD0305,WH-AUS-01,2026-07-24,154
PROD0378,WH-AUS-01,2026-07-17,206
PROD0400,WH-AUS-01,2026-08-07,721
PROD0375,WH-FTW-01,2026-07-09,209
PROD0453,WH-HOU-01,2026-07-30,351
PROD0019,WH-FTW-01,2026-07-27,304
PROD0221,WH-FTW-01,2026-08-06,18
PROD0286,WH-AUS-01,2026-07-11,391
PROD0330,WH-AUS-01,2026-07-06,223
PROD0159,WH-AUS-01,2026-07-22,414
PROD0460,WH-HOU-01,2026-07-26,50
PROD0275,WH-HOU-01,2026-07-15,577
PROD0221,WH-HOU-01,2026-08-09,37
PROD0341,WH-FTW-01,2026-07-15,183
PROD0455,WH-AUS-01,2026-08-13,250
PROD0090,WH-DAL-01,2026-07-10,621
PROD0006,WH-HOU-01,2026-07-06,355
PROD0045,WH-HOU-01,2026-08-07,283
PROD0062,WH-DAL-01,2026-07-26,661
PROD0222,WH-HOU-01,2026-07-17,234
PROD0341,WH-HOU-01,2026-07-05,479
PROD0019,WH-AUS-01,2026-08-12,13
PROD0029,WH-DAL-01,2026-07-02,771
PROD0340,WH-HOU-01,2026-07-26,808
PROD0048,WH-HOU-01,2026-07-17,137
PROD0363,WH-AUS-01,2026-08-10,501
PROD0042,WH-FTW-01,2026-07-15,574
PROD0463,WH-DAL-01,2026-07-26,360
PROD0380,WH-AUS-01,2026-08-10,669
PROD0071,WH-DAL-01,2026-07-24,237
PROD0194,WH-AUS-01,2026-08-08,356
PROD0249,WH-AUS-01,2026-07-27,150
PROD0306,WH-HOU-01,2026-08-07,708
PROD0379,WH-DAL-01,2026-07-13,134
PROD0377,WH-HOU-01,2026-07-08,422
PROD0447,WH-HOU-01,2026-07-12,51
PROD0318,WH-AUS-01,2026-07-29,442
PROD0240,WH-DAL-01,2026-07-19,373
PROD0127,WH-FTW-01,2026-08-09,407
PROD0036,WH-FTW-01,2026-07-05,269
PROD0394,WH-DAL-01,2026-08-05,167
PROD0357,WH-DAL-01,2026-07-22,640
PROD0438,WH-AUS-01,2026-08-02,297
PROD0171,WH-FTW-01,2026-08-02,915
PROD0016,WH-AUS-01,2026-07-09,211
PROD0329,WH-HOU-01,2026-07-30,238
PROD0049,WH-AUS-01,2026-07-10,738
PROD0204,WH-DAL-01,2026-07-25,747
PROD0430,WH-AUS-01,2026-07-21,691
PROD0348,WH-DAL-01,2026-07-23,624
PROD0143,WH-DAL-01,2026-08-03,995
PROD0005,WH-AUS-01,2026-07-19,611
PROD0197,WH-FTW-01,2026-07-10,267
PROD0124,WH-HOU-01,2026-07-06,863
PROD0196,WH-DAL-01,2026-07-21,904
PROD0439,WH-AUS-01,2026-07-31,989
PROD0136,WH-AUS-01,2026-07-27,543
PROD0246,WH-DAL-01,2026-07-22,654
PROD0442,WH-AUS-01,2026-07-17,264
PROD0054,WH-FTW-01,2026-07-05,72
PROD0005,WH-DAL-01,2026-07-19,643
PROD0467,WH-FTW-01,2026-07-21,808
PROD0172,WH-FTW-01,2026-07-01,473
PROD0219,WH-FTW-01,2026-07-15,279
PROD0263,WH-DAL-01,2026-07-11,156
PROD0248,WH-DAL-01,2026-07-23,194
PROD0262,WH-FTW-01,2026-08-08,820
PROD0056,WH-FTW-01,2026-07-27,628
PROD0147,WH-FTW-01,2026-07-17,13
PROD0377,WH-HOU-01,2026-07-20,777
PROD0294,WH-AUS-01,2026-08-04,368
PROD0353,WH-FTW-01,2026-07-16,525
PROD0481,WH-FTW-01,2026-07-13,197
PROD0446,WH-AUS-01,2026-07-12,777
PROD0325,WH-DAL-01,2026-07-13,5
PROD0336,WH-HOU-01,2026-07-19,339
PROD0303,WH-FTW-01,2026-08-08,932
PROD0394,WH-DAL-01,2026-08-11,267
PROD0051,WH-AUS-01,2026-08-12,695
PROD0007,WH-AUS-01,2026-07-31,611
PROD0016,WH-DAL-01,2026-08-12,94
PROD0030,WH-AUS-01,2026-07-29,988
PROD0062,WH-FTW-01,2026-07-05,666
PROD0165,WH-HOU-01,2026-07-27,630
PROD0142,WH-FTW-01,2026-08-10,720
PROD0432,WH-AUS-01,2026-07-10,206
PROD0360,WH-FTW-01,2026-08-11,834
PROD0273,WH-DAL-01,2026-07-30,795
PROD0392,WH-AUS-01,2026-07-23,829
PROD0397,WH-HOU-01,2026-08-08,548
PROD0157,WH-FTW-01,2026-08-11,51
PROD0323,WH-DAL-01,2026-07-31,116
PROD0200,WH-HOU-01,2026-07-26,657
PROD0480,WH-AUS-01,2026-07-10,908
PROD0389,WH-HOU-01,2026-07-03,494
PROD0075,WH-FTW-01,2026-07-08,104
PROD0446,WH-HOU-01,2026-07-01,90
PROD0164,WH-HOU-01,2026-07-08,135
PROD0419,WH-DAL-01,2026-08-02,709
PROD0221,WH-AUS-01,2026-07-23,340
PROD0434,WH-AUS-01,2026-07-06,76
PROD0005,WH-FTW-01,2026-07-17,102
PROD0269,WH-DAL-01,2026-08-02,432
PROD0024,WH-DAL-01,2026-07-15,982
PROD0083,WH-HOU-01,2026-08-01,5
PROD0490,WH-DAL-01,2026-07-06,265
PROD0345,WH-DAL-01,2026-07-17,911
PROD0351,WH-DAL-01,2026-07-28,793
PROD0281,WH-DAL-01,2026-08-08,160
PROD0393,WH-FTW-01,2026-07-03,606
PROD0280,WH-DAL-01,2026-08-02,672
PROD0358,WH-HOU-01,2026-07-26,11
PROD0284,WH-DAL-01,2026-07-21,187
PROD0438,WH-HOU-01,2026-07-24,593
PROD0454,WH-DAL-01,2026-07-30,18
PROD0086,WH-AUS-01,2026-08-13,615
PROD0274,WH-AUS-01,2026-07-27,767
PROD0181,WH-HOU-01,2026-07-04,310
PROD0201,WH-AUS-01,2026-08-13,124
PROD0060,WH-DAL-01,2026-07-18,705
PROD0197,WH-AUS-01,2026-08-04,114
PROD0417,WH-AUS-01,2026-07-27,922
PROD0393,WH-HOU-01,2026-07-07,893
PROD0435,WH-AUS-01,2026-07-24,464
PROD0083,WH-AUS-01,2026-07-14,211
PROD0303,WH-HOU-01,2026-08-14,436
PROD0053,WH-HOU-01,2026-08-12,978
PROD0325,WH-HOU-01,2026-08-10,786
PROD0434,WH-AUS-01,2026-07-28,20
PROD0189,WH-DAL-01,2026-07-24,923
PROD0390,WH-FTW-01,2026-08-14,897
PROD0477,WH-FTW-01,2026-07-07,286
PROD0297,WH-HOU-01,2026-08-08,495
PROD0062,WH-FTW-01,2026-08-01,669
PROD0157,WH-DAL-01,2026-08-12,444
PROD0243,WH-DAL-01,2026-07-10,104
PROD0181,WH-HOU-01,2026-07-13,597
PROD0034,WH-DAL-01,2026-07-22,888
PROD0150,WH-HOU-01,2026-08-08,994
PROD0124,WH-DAL-01,2026-08-12,737
PROD0083,WH-HOU-01,2026-08-03,126
PROD0476,WH-HOU-01,2026-08-07,789
PROD0038,WH-HOU-01,2026-08-08,433
PROD0387,WH-HOU-01,2026-08-06,495
PROD0437,WH-HOU-01,2026-07-24,121
PROD0432,WH-AUS-01,2026-08-05,411
PROD0410,WH-AUS-01,2026-08-08,495
PROD0282,WH-DAL-01,2026-07-14,152
PROD0197,WH-AUS-01,2026-07-03,116
PROD0156,WH-AUS-01,2026-07-02,847
PROD0404,WH-HOU-01,2026-07-31,573
PROD0436,WH-AUS-01,2026-07-09,209
PROD0421,WH-AUS-01,2026-07-08,464
PROD0425,WH-AUS-01,2026-08-05,813
PROD0441,WH-FTW-01,2026-07-14,456
PROD0394,WH-HOU-01,2026-08-09,105
PROD0096,WH-HOU-01,2026-08-11,788
PROD0468,WH-DAL-01,2026-07-15,372
PROD0334,WH-DAL-01,2026-07-07,652
PROD0317,WH-HOU-01,2026-08-01,710
PROD0188,WH-AUS-01,2026-07-01,158
PROD0221,WH-AUS-01,2026-08-05,299
PROD0095,WH-DAL-01,2026-07-04,236
PROD0103,WH-DAL-01,2026-08-09,447
PROD0348,WH-AUS-01,2026-07-08,46
PROD0439,WH-HOU-01,2026-07-19,638
PROD0481,WH-AUS-01,2026-07-20,498
PROD0495,WH-HOU-01,2026-07-13,761
PROD0259,WH-AUS-01,2026-08-08,373
PROD0192,WH-FTW-01,2026-07-14,325
PROD0070,WH-FTW-01,2026-07-04,913
PROD0331,WH-FTW-01,2026-08-09,112
PROD0497,WH-AUS-01,2026-07-04,152
PROD0253,WH-HOU-01,2026-07-26,981
PROD0026,WH-AUS-01,2026-07-28,319
PROD0017,WH-DAL-01,2026-08-14,646
PROD0409,WH-AUS-01,2026-07-17,137
PROD0319,WH-DAL-01,2026-08-10,303
PROD0155,WH-HOU-01,2026-08-05,757
PROD0141,WH-DAL-01,2026-07-09,375
PROD0014,WH-FTW-01,2026-08-09,524
PROD0128,WH-HOU-01,2026-07-19,708
PROD0079,WH-AUS-01,2026-07-17,232
PROD0020,WH-AUS-01,2026-07-08,767
PROD0049,WH-DAL-01,2026-08-01,850
PROD0088,WH-FTW-01,2026-07-10,450
PROD0232,WH-FTW-01,2026-07-01,720
PROD0171,WH-HOU-01,2026-08-01,402
PROD0499,WH-AUS-01,2026-08-10,910
PROD0073,WH-AUS-01,2026-07-12,226
PROD0053,WH-DAL-01,2026-07-26,454
PROD0218,WH-FTW-01,2026-07-24,416
PROD0086,WH-FTW-01,2026-08-01,262
PROD0340,WH-DAL-01,2026-07-20,121
PROD0205,WH-AUS-01,2026-07-27,798
PROD0384,WH-DAL-01,2026-07-04,448
PROD0263,WH-FTW-01,2026-08-06,780
PROD0099,WH-DAL-01,2026-07-30,91
PROD0023,WH-AUS-01,2026-07-14,335
PROD0319,WH-HOU-01,2026-07-10,690
PROD0483,WH-FTW-01,2026-07-08,536
PROD0281,WH-AUS-01,2026-07-10,344
PROD0130,WH-FTW-01,2026-08-02,88
PROD0226,WH-HOU-01,2026-08-02,771
PROD0474,WH-DAL-01,2026-07-24,866
PROD0348,WH-HOU-01,2026-07-06,836
PROD0445,WH-DAL-01,2026-07-08,6
PROD0279,WH-FTW-01,2026-08-10,493
PROD0494,WH-AUS-01,2026-07-21,129
PROD0119,WH-AUS-01,2026-08-08,55
PROD0031,WH-AUS-01,2026-07-26,508
PROD0269,WH-AUS-01,2026-07-08,823
PROD0310,WH-HOU-01,2026-07-16,807
PROD0467,WH-DAL-01,2026-07-08,904
PROD0295,WH-FTW-01,2026-07-02,888
PROD0500,WH-DAL-01,2026-07-02,780
PROD0232,WH-FTW-01,2026-07-12,97
PROD0011,WH-HOU-01,2026-08-07,856
PROD0492,WH-HOU-01,2026-07-24,756
PROD0066,WH-HOU-01,2026-07-08,703
PROD0478,WH-AUS-01,2026-07-25,269
PROD0117,WH-AUS-01,2026-08-09,565
PROD0286,WH-FTW-01,2026-08-11,103
PROD0065,WH-HOU-01,2026-08-09,216
PROD0139,WH-AUS-01,2026-07-04,500
PROD0073,WH-DAL-01,2026-08-05,577
PROD0180,WH-AUS-01,2026-07-22,7
PROD0351,WH-DAL-01,2026-07-31,474
PROD0058,WH-FTW-01,2026-08-11,717
PROD0349,WH-DAL-01,2026-07-30,319
PROD0014,WH-HOU-01,2026-07-18,859
PROD0206,WH-HOU-01,2026-07-31,485
PROD0448,WH-HOU-01,2026-08-02,372
PROD0009,WH-HOU-01,2026-08-10,194
PROD0304,WH-DAL-01,2026-07-21,901
PROD0129,WH-HOU-01,2026-07-21,38
PROD0040,WH-FTW-01,2026-07-12,198
PROD0254,WH-AUS-01,2026-07-03,993
PROD0314,WH-FTW-01,2026-07-10,399
PROD0446,WH-FTW-01,2026-07-08,658
PROD0474,WH-FTW-01,2026-07-17,188
PROD0471,WH-DAL-01,2026-08-12,995
PROD0326,WH-DAL-01,2026-07-30,210
PROD0475,WH-FTW-01,2026-08-08,818
PROD0469,WH-FTW-01,2026-07-03,18
PROD0186,WH-HOU-01,2026-07-14,565
PROD0165,WH-HOU-01,2026-07-16,731
PROD0303,WH-AUS-01,2026-07-18,321
PROD0290,WH-AUS-01,2026-07-05,145
PROD0019,WH-DAL-01,2026-07-12,262
PROD0321,WH-AUS-01,2026-08-07,460
PROD0497,WH-AUS-01,2026-07-15,674
PROD0484,WH-HOU-01,2026-08-03,910
PROD0443,WH-AUS-01,2026-07-12,736
PROD0338,WH-AUS-01,2026-08-05,434
PROD0002,WH-FTW-01,2026-07-15,661
PROD0403,WH-FTW-01,2026-08-07,363
PROD0464,WH-FTW-01,2026-08-09,929
PROD0359,WH-FTW-01,2026-07-03,617
PROD0111,WH-FTW-01,2026-08-12,393
PROD0227,WH-HOU-01,2026-07-30,29
PROD0475,WH-FTW-01,2026-08-06,688
PROD0101,WH-FTW-01,2026-07-13,927
PROD0047,WH-FTW-01,2026-08-12,478
PROD0411,WH-FTW-01,2026-07-04,719
PROD0264,WH-AUS-01,2026-07-22,594
PROD0371,WH-HOU-01,2026-08-12,999
PROD0099,WH-AUS-01,2026-07-02,413
PROD0225,WH-FTW-01,2026-07-09,105
PROD0111,WH-HOU-01,2026-08-05,193
PROD0119,WH-DAL-01,2026-08-06,605
PROD0084,WH-FTW-01,2026-08-01,60
PROD0068,WH-HOU-01,2026-08-07,735
PROD0113,WH-FTW-01,2026-07-23,164
PROD0499,WH-FTW-01,2026-07-18,471
PROD0230,WH-DAL-01,2026-08-07,345
PROD0248,WH-HOU-01,2026-07-03,709
PROD0421,WH-AUS-01,2026-08-08,581
PROD0110,WH-FTW-01,2026-07-28,210
PROD0206,WH-AUS-01,2026-07-18,928
PROD0407,WH-FTW-01,2026-07-29,513
PROD0069,WH-FTW-01,2026-07-11,201
PROD0438,WH-DAL-01,2026-07-31,526
PROD0014,WH-DAL-01,2026-08-11,963
PROD0044,WH-FTW-01,2026-07-19,864
PROD0284,WH-HOU-01,2026-07-13,196
PROD0206,WH-HOU-01,2026-07-29,47
PROD0353,WH-FTW-01,2026-08-12,462
PROD0083,WH-DAL-01,2026-07-31,463
PROD0262,WH-FTW-01,2026-08-02,413
PROD0143,WH-AUS-01,2026-07-26,163
PROD0169,WH-FTW-01,2026-07-03,802
PROD0084,WH-HOU-01,2026-07-27,129
PROD0370,WH-HOU-01,2026-07-17,400
PROD0196,WH-DAL-01,2026-08-03,764
PROD0078,WH-AUS-01,2026-07-10,166
PROD0240,WH-HOU-01,2026-07-26,387
PROD0293,WH-FTW-01,2026-08-06,99
PROD0214,WH-AUS-01,2026-08-01,14
PROD0057,WH-DAL-01,2026-07-06,157
PROD0073,WH-HOU-01,2026-07-26,988
PROD0449,WH-DAL-01,2026-08-10,333
PROD0133,WH-FTW-01,2026-07-17,473
PROD0218,WH-DAL-01,2026-07-23,533
PROD0286,WH-AUS-01,2026-08-09,600
PROD0449,WH-HOU-01,2026-08-14,8
PROD0466,WH-FTW-01,2026-08-01,207
PROD0226,WH-DAL-01,2026-08-01,935
PROD0275,WH-AUS-01,2026-08-12,995
PROD0156,WH-HOU-01,2026-08-07,4
PROD0280,WH-FTW-01,2026-07-29,196
PROD0200,WH-HOU-01,2026-07-04,565
PROD0241,WH-DAL-01,2026-07-11,532
PROD0139,WH-HOU-01,2026-07-24,602
PROD0138,WH-FTW-01,2026-07-25,953
PROD0309,WH-AUS-01,2026-07-09,874
PROD0390,WH-AUS-01,2026-07-31,441
PROD0320,WH-HOU-01,2026-07-30,279
PROD0271,WH-DAL-01,2026-07-17,731
PROD0282,WH-AUS-01,2026-07-10,365
PROD0353,WH-FTW-01,2026-07-19,237
PROD0078,WH-HOU-01,2026-08-07,744
PROD0149,WH-FTW-01,2026-08-02,662
PROD0316,WH-AUS-01,2026-07-28,967
PROD0227,WH-FTW-01,2026-07-08,1
PROD0365,WH-FTW-01,2026-07-22,485
PROD0287,WH-AUS-01,2026-07-04,806
PROD0098,WH-AUS-01,2026-07-29,513
PROD0011,WH-AUS-01,2026-07-19,938
PROD0341,WH-FTW-01,2026-08-08,378
PROD0009,WH-HOU-01,2026-08-10,113
PROD0391,WH-FTW-01,2026-07-20,51
PROD0293,WH-DAL-01,2026-08-10,839
PROD0155,WH-HOU-01,2026-08-01,942
PROD0388,WH-AUS-01,2026-08-04,432
PROD0126,WH-DAL-01,2026-08-13,663
PROD0206,WH-DAL-01,2026-07-01,867
PROD0229,WH-DAL-01,2026-07-09,298
PROD0051,WH-AUS-01,2026-08-01,129
PROD0307,WH-FTW-01,2026-07-16,439
PROD0089,WH-HOU-01,2026-07-20,921
PROD0122,WH-FTW-01,2026-07-17,608
PROD0278,WH-AUS-01,2026-07-03,170
PROD0263,WH-DAL-01,2026-07-06,793
PROD0135,WH-DAL-01,2026-07-27,362
PROD0304,WH-FTW-01,2026-07-21,239
PROD0263,WH-FTW-01,2026-08-04,804
PROD0132,WH-FTW-01,2026-07-02,548
PROD0408,WH-HOU-01,2026-07-01,332
PROD0307,WH-DAL-01,2026-08-08,554
PROD0330,WH-FTW-01,2026-08-05,164
PROD0147,WH-FTW-01,2026-07-28,254
PROD0140,WH-DAL-01,2026-07-02,211
PROD0189,WH-FTW-01,2026-08-14,576
PROD0112,WH-AUS-01,2026-07-12,471
PROD0477,WH-DAL-01,2026-08-07,485
PROD0388,WH-AUS-01,2026-07-08,703
PROD0048,WH-AUS-01,2026-07-22,304
PROD0486,WH-FTW-01,2026-07-17,876
PROD0370,WH-FTW-01,2026-07-04,275
PROD0318,WH-DAL-01,2026-07-15,748
PROD0217,WH-AUS-01,2026-07-16,572
PROD0032,WH-DAL-01,2026-07-30,124
PROD0044,WH-DAL-01,2026-08-01,339
PROD0484,WH-DAL-01,2026-07-23,570
PROD0042,WH-HOU-01,2026-07-16,195
PROD0044,WH-AUS-01,2026-07-30,169
PROD0449,WH-AUS-01,2026-07-13,362
PROD0431,WH-HOU-01,2026-08-03,545
PROD0263,WH-DAL-01,2026-08-14,764
PROD0063,WH-FTW-01,2026-07-25,525
PROD0034,WH-DAL-01,2026-07-20,895
PROD0047,WH-FTW-01,2026-07-06,119
PROD0468,WH-DAL-01,2026-07-25,820
PROD0347,WH-FTW-01,2026-08-07,141
PROD0153,WH-AUS-01,2026-07-31,544
PROD0227,WH-FTW-01,2026-08-01,886
PROD0481,WH-HOU-01,2026-07-07,392
PROD0324,WH-HOU-01,2026-07-17,765
PROD0168,WH-DAL-01,2026-08-04,231
PROD0138,WH-AUS-01,2026-08-05,453
PROD0356,WH-DAL-01,2026-08-12,678
PROD0074,WH-HOU-01,2026-08-08,340
PROD0390,WH-FTW-01,2026-08-01,5
PROD0113,WH-HOU-01,2026-08-08,305
PROD0375,WH-FTW-01,2026-07-12,950
PROD0357,WH-DAL-01,2026-08-09,588
PROD0288,WH-HOU-01,2026-07-23,263
PROD0363,WH-FTW-01,2026-08-09,104
PROD0215,WH-DAL-01,2026-07-16,910
PROD0121,WH-HOU-01,2026-08-05,102
PROD0031,WH-AUS-01,2026-07-31,83
PROD0410,WH-HOU-01,2026-08-04,778
PROD0171,WH-FTW-01,2026-07-17,133
PROD0281,WH-FTW-01,2026-07-05,949
PROD0199,WH-DAL-01,2026-08-12,630
PROD0067,WH-AUS-01,2026-08-04,523
PROD0133,WH-FTW-01,2026-07-04,692
PROD0233,WH-AUS-01,2026-07-04,923
PROD0365,WH-FTW-01,2026-07-26,579
PROD0354,WH-DAL-01,2026-07-17,919
PROD0480,WH-DAL-01,2026-07-24,35
PROD0231,WH-FTW-01,2026-08-02,135
PROD0044,WH-FTW-01,2026-07-03,707
PROD0071,WH-HOU-01,2026-07-12,242
PROD0193,WH-AUS-01,2026-08-12,872
PROD0381,WH-DAL-01,2026-07-16,716
PROD0229,WH-DAL-01,2026-07-20,642
PROD0190,WH-HOU-01,2026-07-16,559
PROD0172,WH-HOU-01,2026-08-03,303
PROD0346,WH-AUS-01,2026-07-05,44
PROD0328,WH-DAL-01,2026-07-08,211
PROD0049,WH-AUS-01,2026-07-18,34
PROD0274,WH-AUS-01,2026-07-22,72
PROD0414,WH-HOU-01,2026-07-31,33
PROD0139,WH-AUS-01,2026-07-27,932
PROD0356,WH-DAL-01,2026-07-15,400
PROD0271,WH-FTW-01,2026-08-10,167
PROD0210,WH-FTW-01,2026-08-02,554
PROD0125,WH-FTW-01,2026-08-09,596
PROD0366,WH-DAL-01,2026-07-19,960
PROD0252,WH-HOU-01,2026-07-05,185
PROD0305,WH-HOU-01,2026-07-14,62
PROD0335,WH-DAL-01,2026-07-30,476
PROD0417,WH-HOU-01,2026-08-07,60
PROD0178,WH-HOU-01,2026-07-04,934
PROD0142,WH-AUS-01,2026-07-20,6
PROD0029,WH-HOU-01,2026-08-01,298
PROD0304,WH-FTW-01,2026-08-13,402
PROD0093,WH-HOU-01,2026-07-19,745
PROD0362,WH-FTW-01,2026-08-11,730
PROD0483,WH-DAL-01,2026-07-08,617
PROD0462,WH-HOU-01,2026-07-24,300
PROD0187,WH-FTW-01,2026-07-15,411
PROD0126,WH-FTW-01,2026-07-24,195
PROD0402,WH-AUS-01,2026-08-01,779
PROD0063,WH-HOU-01,2026-08-07,98
PROD0493,WH-HOU-01,2026-08-13,243
PROD0281,WH-DAL-01,2026-08-02,142
PROD0384,WH-DAL-01,2026-07-08,701
PROD0014,WH-AUS-01,2026-07-22,236
PROD0121,WH-FTW-01,2026-07-08,827
PROD0318,WH-DAL-01,2026-08-13,344
PROD0293,WH-AUS-01,2026-07-26,717
PROD0236,WH-FTW-01,2026-07-16,41
PROD0228,WH-HOU-01,2026-07-01,236
PROD0254,WH-HOU-01,2026-08-07,504
PROD0416,WH-FTW-01,2026-07-05,348
PROD0111,WH-FTW-01,2026-07-01,895
PROD0316,WH-DAL-01,2026-07-27,949
PROD0183,WH-FTW-01,2026-07-10,942
PROD0050,WH-DAL-01,2026-08-03,931
PROD0443,WH-FTW-01,2026-07-01,797
PROD0136,WH-FTW-01,2026-07-22,688
PROD0282,WH-HOU-01,2026-07-21,121
PROD0260,WH-DAL-01,2026-08-03,52
PROD0444,WH-DAL-01,2026-07-17,349
PROD0269,WH-FTW-01,2026-07-11,199
PROD0281,WH-HOU-01,2026-07-25,948
PROD0189,WH-AUS-01,2026-07-01,997
PROD0234,WH-HOU-01,2026-07-23,646
PROD0026,WH-HOU-01,2026-07-03,60
PROD0250,WH-AUS-01,2026-07-25,251
PROD0348,WH-HOU-01,2026-07-17,991
PROD0307,WH-DAL-01,2026-07-29,322
PROD0144,WH-DAL-01,2026-07-02,818
PROD0383,WH-DAL-01,2026-08-06,503
PROD0137,WH-FTW-01,2026-08-14,885
PROD0371,WH-DAL-01,2026-08-12,390
PROD0300,WH-DAL-01,2026-07-06,710
PROD0415,WH-AUS-01,2026-07-15,997
PROD0483,WH-FTW-01,2026-07-27,770
PROD0407,WH-FTW-01,2026-08-02,581
PROD0037,WH-FTW-01,2026-07-08,713
PROD0437,WH-DAL-01,2026-07-02,909
PROD0259,WH-FTW-01,2026-07-15,116
PROD0101,WH-FTW-01,2026-08-03,178
PROD0023,WH-HOU-01,2026-07-19,741
PROD0299,WH-FTW-01,2026-07-01,922
PROD0199,WH-HOU-01,2026-07-14,940
PROD0322,WH-FTW-01,2026-08-04,148
PROD0059,WH-DAL-01,2026-07-24,849
PROD0466,WH-FTW-01,2026-07-29,937
PROD0483,WH-FTW-01,2026-08-08,185
PROD0234,WH-DAL-01,2026-08-06,34
PROD0448,WH-AUS-01,2026-08-09,855
PROD0256,WH-DAL-01,2026-07-14,244
PROD0144,WH-FTW-01,2026-08-10,874
PROD0019,WH-AUS-01,2026-07-20,322
PROD0422,WH-DAL-01,2026-07-12,967
PROD0002,WH-HOU-01,2026-08-03,633
PROD0231,WH-DAL-01,2026-07-30,53
PROD0023,WH-AUS-01,2026-08-03,143
PROD0437,WH-DAL-01,2026-07-23,363
PROD0002,WH-FTW-01,2026-07-17,111
PROD0350,WH-HOU-01,2026-07-22,12
PROD0313,WH-DAL-01,2026-07-09,492
PROD0343,WH-HOU-01,2026-07-19,164
PROD0102,WH-DAL-01,2026-07-21,910
PROD0417,WH-AUS-01,2026-08-12,214
PROD0128,WH-AUS-01,2026-07-23,38
PROD0302,WH-AUS-01,2026-07-02,874
PROD0097,WH-FTW-01,2026-08-01,287
PROD0050,WH-DAL-01,2026-07-19,618
PROD0348,WH-HOU-01,2026-07-06,160
PROD0086,WH-HOU-01,2026-08-13,767
PROD0446,WH-HOU-01,2026-07-23,938
PROD0407,WH-DAL-01,2026-07-07,986
PROD0476,WH-AUS-01,2026-07-12,501
PROD0123,WH-DAL-01,2026-08-01,500
PROD0160,WH-AUS-01,2026-07-31,265
PROD0046,WH-FTW-01,2026-08-07,395
PROD0151,WH-DAL-01,2026-08-09,71
PROD0223,WH-AUS-01,2026-08-01,160
PROD0141,WH-HOU-01,2026-07-11,293
PROD0268,WH-FTW-01,2026-08-13,508
PROD0108,WH-FTW-01,2026-07-28,33
PROD0216,WH-DAL-01,2026-07-02,845
PROD0147,WH-FTW-01,2026-07-29,945
PROD0003,WH-DAL-01,2026-08-01,210
PROD0480,WH-FTW-01,2026-07-07,938
PROD0220,WH-FTW-01,2026-07-29,55
PROD0018,WH-HOU-01,2026-07-05,957
PROD0260,WH-HOU-01,2026-07-29,779
PROD0399,WH-DAL-01,2026-08-06,63
PROD0400,WH-FTW-01,2026-07-02,955
PROD0283,WH-DAL-01,2026-08-08,175
PROD0243,WH-FTW-01,2026-07-29,740
PROD0232,WH-DAL-01,2026-08-11,360
PROD0150,WH-DAL-01,2026-07-21,686
PROD0222,WH-HOU-01,2026-08-09,529
PROD0445,WH-DAL-01,2026-07-12,496
PROD0406,WH-AUS-01,2026-07-26,645
PROD0349,WH-DAL-01,2026-08-01,260
PROD0445,WH-AUS-01,2026-07-20,882
PROD0075,WH-AUS-01,2026-07-05,619
PROD0484,WH-FTW-01,2026-07-04,886
PROD0311,WH-DAL-01,2026-08-10,418
PROD0368,WH-DAL-01,2026-07-10,92
PROD0048,WH-FTW-01,2026-07-12,995
PROD0052,WH-DAL-01,2026-08-02,79
PROD0207,WH-FTW-01,2026-07-05,101
PROD0242,WH-FTW-01,2026-07-11,218
PROD0321,WH-HOU-01,2026-08-06,19
PROD0004,WH-FTW-01,2026-07-30,761
PROD0254,WH-HOU-01,2026-07-27,947
PROD0058,WH-AUS-01,2026-07-30,943
PROD0236,WH-DAL-01,2026-08-12,279
PROD0382,WH-AUS-01,2026-07-13,454
PROD0364,WH-AUS-01,2026-07-25,909
PROD0220,WH-HOU-01,2026-07-15,835
PROD0049,WH-AUS-01,2026-07-02,144
PROD0440,WH-FTW-01,2026-08-11,622
PROD0087,WH-AUS-01,2026-07-11,746
PROD0081,WH-AUS-01,2026-07-01,224
PROD0359,WH-AUS-01,2026-07-22,855
PROD0016,WH-FTW-01,2026-07-01,460
PROD0344,WH-DAL-01,2026-08-13,471
PROD0173,WH-DAL-01,2026-08-04,382
PROD0047,WH-FTW-01,2026-07-10,12
PROD0318,WH-AUS-01,2026-08-01,409
PROD0277,WH-HOU-01,2026-07-13,9
PROD0151,WH-AUS-01,2026-07-06,232
PROD0020,WH-AUS-01,2026-08-03,403
PROD0096,WH-AUS-01,2026-07-09,216
PROD0237,WH-AUS-01,2026-07-20,98
PROD0495,WH-HOU-01,2026-07-09,397
PROD0197,WH-FTW-01,2026-07-31,629
PROD0381,WH-AUS-01,2026-07-20,242
PROD0416,WH-DAL-01,2026-08-12,820
PROD0206,WH-AUS-01,2026-07-04,233
PROD0275,WH-DAL-01,2026-08-07,911
PROD0024,WH-AUS-01,2026-08-08,572
PROD0484,WH-HOU-01,2026-07-29,551
PROD0219,WH-DAL-01,2026-08-07,79
PROD0489,WH-HOU-01,2026-07-17,840
PROD0253,WH-FTW-01,2026-08-09,311
PROD0233,WH-DAL-01,2026-07-17,727
PROD0139,WH-HOU-01,2026-08-08,233
PROD0145,WH-HOU-01,2026-08-03,787
PROD0414,WH-AUS-01,2026-08-08,860
PROD0174,WH-HOU-01,2026-08-04,742
PROD0419,WH-HOU-01,2026-08-13,739
PROD0399,WH-HOU-01,2026-08-12,376
PROD0089,WH-AUS-01,2026-08-05,544
PROD0230,WH-AUS-01,2026-07-22,15
PROD0071,WH-HOU-01,2026-07-21,690
PROD0386,WH-DAL-01,2026-07-18,243
PROD0367,WH-AUS-01,2026-07-14,292
PROD0259,WH-FTW-01,2026-07-28,266
PROD0305,WH-DAL-01,2026-07-18,59
PROD0179,WH-DAL-01,2026-08-02,496
PROD0034,WH-HOU-01,2026-07-28,444
PROD0071,WH-HOU-01,2026-07-19,167
PROD0340,WH-FTW-01,2026-08-03,187
PROD0306,WH-FTW-01,2026-07-15,41
PROD0129,WH-AUS-01,2026-07-15,590
PROD0222,WH-FTW-01,2026-07-20,3
PROD0321,WH-FTW-01,2026-08-06,345
PROD0157,WH-HOU-01,2026-07-28,808
PROD0389,WH-DAL-01,2026-08-05,600
PROD0451,WH-HOU-01,2026-07-13,917
PROD0444,WH-AUS-01,2026-07-07,577
PROD0158,WH-FTW-01,2026-07-21,503
PROD0449,WH-FTW-01,2026-07-18,847
PROD0235,WH-HOU-01,2026-07-10,801
PROD0331,WH-FTW-01,2026-08-08,176
PROD0145,WH-HOU-01,2026-07-03,845
PROD0246,WH-DAL-01,2026-07-23,431
PROD0295,WH-HOU-01,2026-07-06,248
PROD0123,WH-AUS-01,2026-08-07,666
PROD0055,WH-HOU-01,2026-07-27,246
PROD0085,WH-AUS-01,2026-07-30,58
PROD0378,WH-FTW-01,2026-07-30,328
PROD0348,WH-HOU-01,2026-07-15,488
PROD0004,WH-AUS-01,2026-07-02,247
PROD0382,WH-FTW-01,2026-07-03,473
PROD0040,WH-AUS-01,2026-07-10,844
PROD0203,WH-AUS-01,2026-07-30,405
PROD0180,WH-AUS-01,2026-07-20,20
PROD0194,WH-DAL-01,2026-07-10,446
PROD0230,WH-AUS-01,2026-07-16,896
PROD0121,WH-AUS-01,2026-08-05,674
PROD0183,WH-HOU-01,2026-08-07,693
PROD0457,WH-HOU-01,2026-07-04,813
PROD0487,WH-FTW-01,2026-07-24,365
PROD0079,WH-AUS-01,2026-07-24,115
PROD0101,WH-FTW-01,2026-07-06,519
PROD0052,WH-HOU-01,2026-07-09,305
PROD0396,WH-HOU-01,2026-07-02,631
PROD0381,WH-AUS-01,2026-08-11,483
PROD0229,WH-HOU-01,2026-07-12,892
PROD0134,WH-HOU-01,2026-07-19,421
PROD0368,WH-DAL-01,2026-07-16,885
PROD0249,WH-HOU-01,2026-08-01,714
PROD0061,WH-DAL-01,2026-07-10,66
PROD0297,WH-FTW-01,2026-07-03,154
PROD0445,WH-AUS-01,2026-07-21,916
PROD0460,WH-AUS-01,2026-08-13,412
PROD0438,WH-FTW-01,2026-08-06,945
PROD0118,WH-AUS-01,2026-08-01,738
PROD0044,WH-HOU-01,2026-07-11,301
PROD0417,WH-HOU-01,2026-08-12,759
PROD0301,WH-HOU-01,2026-07-11,594
PROD0414,WH-AUS-01,2026-08-13,315
PROD0491,WH-HOU-01,2026-08-11,751
PROD0212,WH-AUS-01,2026-07-04,171
PROD0266,WH-DAL-01,2026-07-13,823
PROD0204,WH-FTW-01,2026-07-11,202
PROD0008,WH-AUS-01,2026-08-03,726
PROD0128,WH-DAL-01,2026-07-01,167
PROD0279,WH-DAL-01,2026-08-04,471
PROD0388,WH-HOU-01,2026-07-06,175
PROD0437,WH-AUS-01,2026-07-18,725
PROD0477,WH-AUS-01,2026-07-09,766
PROD0494,WH-FTW-01,2026-07-23,279
PROD0161,WH-FTW-01,2026-07-25,965
PROD0196,WH-HOU-01,2026-08-07,229
PROD0143,WH-AUS-01,2026-08-11,429
PROD0247,WH-FTW-01,2026-07-22,944
PROD0012,WH-FTW-01,2026-07-17,106
PROD0276,WH-FTW-01,2026-07-09,773
PROD0190,WH-AUS-01,2026-08-07,424
PROD0114,WH-DAL-01,2026-08-10,142
PROD0496,WH-HOU-01,2026-07-13,195
PROD0098,WH-HOU-01,2026-07-18,497
PROD0472,WH-DAL-01,2026-07-10,558
PROD0464,WH-DAL-01,2026-07-15,140
PROD0035,WH-FTW-01,2026-08-06,246
PROD0287,WH-FTW-01,2026-07-18,839
PROD0363,WH-FTW-01,2026-07-05,207
PROD0056,WH-FTW-01,2026-08-05,734
PROD0327,WH-HOU-01,2026-07-05,431
PROD0043,WH-HOU-01,2026-08-06,441
PROD0206,WH-HOU-01,2026-08-14,793
PROD0109,WH-DAL-01,2026-07-08,32
PROD0320,WH-AUS-01,2026-07-20,101
PROD0252,WH-HOU-01,2026-08-03,163
PROD0416,WH-HOU-01,2026-07-26,879
PROD0155,WH-HOU-01,2026-08-09,458
PROD0279,WH-DAL-01,2026-08-11,181
PROD0089,WH-AUS-01,2026-07-15,562
PROD0377,WH-AUS-01,2026-07-25,316
PROD0109,WH-DAL-01,2026-07-31,938
PROD0044,WH-DAL-01,2026-07-09,920
PROD0224,WH-DAL-01,2026-08-06,381
PROD0291,WH-FTW-01,2026-08-04,83
PROD0294,WH-AUS-01,2026-07-26,540
PROD0457,WH-AUS-01,2026-07-04,694
PROD0177,WH-FTW-01,2026-07-26,561
PROD0085,WH-HOU-01,2026-07-11,895
PROD0127,WH-FTW-01,2026-08-08,956
PROD0434,WH-AUS-01,2026-07-05,15
PROD0238,WH-AUS-01,2026-07-20,263
PROD0004,WH-AUS-01,2026-07-23,138
PROD0210,WH-AUS-01,2026-08-06,773
PROD0490,WH-FTW-01,2026-07-03,167
PROD0080,WH-HOU-01,2026-08-13,799
PROD0140,WH-DAL-01,2026-07-13,710
PROD0179,WH-DAL-01,2026-08-05,109
PROD0118,WH-AUS-01,2026-08-02,35
PROD0140,WH-FTW-01,2026-07-21,918
PROD0447,WH-AUS-01,2026-07-20,174
PROD0108,WH-HOU-01,2026-07-18,666
PROD0217,WH-HOU-01,2026-07-28,281
PROD0121,WH-HOU-01,2026-07-27,690
PROD0031,WH-FTW-01,2026-07-24,54
PROD0366,WH-AUS-01,2026-08-02,58
PROD0173,WH-FTW-01,2026-07-06,847
PROD0327,WH-DAL-01,2026-08-05,821
PROD0023,WH-FTW-01,2026-08-05,903
PROD0425,WH-FTW-01,2026-07-10,988
PROD0161,WH-HOU-01,2026-07-27,746
PROD0167,WH-AUS-01,2026-07-15,934
PROD0201,WH-HOU-01,2026-08-04,535
PROD0058,WH-AUS-01,2026-08-01,659
PROD0448,WH-DAL-01,2026-07-29,218
PROD0300,WH-DAL-01,2026-08-07,212
PROD0184,WH-HOU-01,2026-07-03,891
PROD0164,WH-FTW-01,2026-07-16,838
PROD0120,WH-FTW-01,2026-08-05,190
PROD0145,WH-FTW-01,2026-08-08,818
PROD0076,WH-DAL-01,2026-07-12,980
PROD0317,WH-HOU-01,2026-07-31,945
PROD0229,WH-DAL-01,2026-08-05,194
PROD0170,WH-HOU-01,2026-08-03,426
PROD0375,WH-DAL-01,2026-07-27,619
PROD0494,WH-HOU-01,2026-07-05,443
PROD0098,WH-DAL-01,2026-08-04,175
PROD0432,WH-AUS-01,2026-07-11,915
PROD0008,WH-FTW-01,2026-07-19,205
PROD0312,WH-HOU-01,2026-07-14,745
PROD0252,WH-DAL-01,2026-08-03,677
PROD0338,WH-FTW-01,2026-08-07,498
PROD0340,WH-DAL-01,2026-07-14,596
PROD0203,WH-AUS-01,2026-07-14,778
PROD0345,WH-HOU-01,2026-07-21,960
PROD0173,WH-FTW-01,2026-07-14,463
PROD0147,WH-DAL-01,2026-07-04,395
PROD0126,WH-HOU-01,2026-07-19,618
PROD0209,WH-AUS-01,2026-08-05,331
PROD0407,WH-FTW-01,2026-07-18,969
PROD0287,WH-DAL-01,2026-07-23,586
PROD0173,WH-FTW-01,2026-07-19,547
PROD0131,WH-AUS-01,2026-07-28,125
PROD0460,WH-HOU-01,2026-07-12,805
PROD0272,WH-DAL-01,2026-07-01,223
PROD0203,WH-FTW-01,2026-07-19,233
PROD0169,WH-FTW-01,2026-07-30,348
PROD0479,WH-AUS-01,2026-08-04,53
PROD0499,WH-AUS-01,2026-08-06,920
PROD0091,WH-HOU-01,2026-07-07,109
PROD0365,WH-FTW-01,2026-07-07,917
PROD0465,WH-AUS-01,2026-08-13,876
PROD0092,WH-HOU-01,2026-07-05,271
PROD0002,WH-DAL-01,2026-07-07,451
PROD0294,WH-HOU-01,2026-08-02,688
PROD0064,WH-DAL-01,2026-08-14,336
PROD0018,WH-HOU-01,2026-08-03,824
PROD0485,WH-HOU-01,2026-07-21,249
PROD0205,WH-HOU-01,2026-07-08,424
PROD0336,WH-DAL-01,2026-07-23,592
PROD0366,WH-FTW-01,2026-08-03,222
PROD0131,WH-AUS-01,2026-07-23,575
PROD0142,WH-AUS-01,2026-08-05,135
PROD0021,WH-HOU-01,2026-07-11,950
PROD0044,WH-AUS-01,2026-07-10,681
PROD0064,WH-HOU-01,2026-08-07,761
PROD0176,WH-AUS-01,2026-08-06,690
PROD0472,WH-DAL-01,2026-08-06,652
PROD0196,WH-FTW-01,2026-07-02,282
PROD0062,WH-DAL-01,2026-07-03,999
PROD0305,WH-HOU-01,2026-07-11,679
PROD0366,WH-AUS-01,2026-08-13,121
PROD0362,WH-AUS-01,2026-07-26,279
PROD0034,WH-AUS-01,2026-07-24,991
PROD0098,WH-HOU-01,2026-08-13,336
PROD0327,WH-HOU-01,2026-08-06,732
PROD0056,WH-AUS-01,2026-07-14,333
PROD0310,WH-AUS-01,2026-07-27,669
PROD0069,WH-AUS-01,2026-07-07,484
PROD0100,WH-AUS-01,2026-07-02,292
PROD0184,WH-HOU-01,2026-07-15,681
PROD0212,WH-HOU-01,2026-07-30,793
PROD0040,WH-FTW-01,2026-07-06,839
PROD0132,WH-AUS-01,2026-07-27,719
PROD0446,WH-DAL-01,2026-07-22,1
PROD0407,WH-DAL-01,2026-07-05,297
PROD0097,WH-FTW-01,2026-07-29,856
PROD0324,WH-AUS-01,2026-08-03,116
PROD0274,WH-HOU-01,2026-07-17,714
PROD0452,WH-DAL-01,2026-07-08,811
PROD0115,WH-FTW-01,2026-07-15,651
PROD0169,WH-DAL-01,2026-07-16,791
PROD0227,WH-HOU-01,2026-07-26,20
PROD0351,WH-FTW-01,2026-07-18,657
PROD0469,WH-AUS-01,2026-08-05,749
PROD0220,WH-DAL-01,2026-07-07,204
PROD0455,WH-AUS-01,2026-07-29,171
PROD0054,WH-AUS-01,2026-07-03,175
PROD0046,WH-FTW-01,2026-07-08,991
PROD0049,WH-AUS-01,2026-07-21,336
PROD0462,WH-HOU-01,2026-07-07,44
PROD0385,WH-HOU-01,2026-07-28,834
PROD0388,WH-DAL-01,2026-08-01,26
PROD0348,WH-FTW-01,2026-08-03,95
PROD0064,WH-FTW-01,2026-08-02,727
PROD0289,WH-HOU-01,2026-07-29,531
PROD0288,WH-HOU-01,2026-08-11,991
PROD0181,WH-FTW-01,2026-07-19,595
PROD0100,WH-FTW-01,2026-07-23,478
PROD0489,WH-HOU-01,2026-07-20,249
PROD0473,WH-DAL-01,2026-07-24,695
PROD0022,WH-HOU-01,2026-07-03,124
PROD0005,WH-FTW-01,2026-07-14,124
PROD0398,WH-HOU-01,2026-07-26,396
PROD0153,WH-HOU-01,2026-07-01,332
PROD0245,WH-DAL-01,2026-07-24,710
PROD0389,WH-HOU-01,2026-07-06,68
PROD0186,WH-AUS-01,2026-07-04,807
PROD0197,WH-HOU-01,2026-07-29,902
PROD0499,WH-DAL-01,2026-07-09,760
PROD0004,WH-DAL-01,2026-07-04,725
PROD0252,WH-DAL-01,2026-07-04,273
PROD0120,WH-AUS-01,2026-07-15,507
PROD0042,WH-AUS-01,2026-07-31,83
PROD0140,WH-AUS-01,2026-07-24,566
PROD0166,WH-DAL-01,2026-07-22,106
PROD0107,WH-AUS-01,2026-07-30,815
PROD0288,WH-HOU-01,2026-08-14,204
PROD0357,WH-HOU-01,2026-08-04,998
PROD0037,WH-HOU-01,2026-07-26,662
PROD0251,WH-FTW-01,2026-07-02,71
PROD0124,WH-DAL-01,2026-07-15,347
PROD0336,WH-FTW-01,2026-07-28,265
PROD0070,WH-DAL-01,2026-07-29,746
PROD0251,WH-HOU-01,2026-07-28,543
PROD0233,WH-FTW-01,2026-07-14,953
PROD0294,WH-DAL-01,2026-07-04,595
PROD0368,WH-HOU-01,2026-07-22,826
PROD0278,WH-FTW-01,2026-08-06,976
PROD0149,WH-HOU-01,2026-08-08,947
PROD0095,WH-AUS-01,2026-07-25,468
PROD0469,WH-FTW-01,2026-07-01,696
PROD0326,WH-FTW-01,2026-07-16,406
PROD0045,WH-DAL-01,2026-07-13,149
PROD0070,WH-DAL-01,2026-07-25,624
PROD0215,WH-DAL-01,2026-08-01,169
PROD0116,WH-FTW-01,2026-07-23,545
PROD0272,WH-HOU-01,2026-07-23,552
PROD0061,WH-AUS-01,2026-08-02,736
PROD0407,WH-AUS-01,2026-07-18,684
PROD0109,WH-FTW-01,2026-08-06,12
PROD0048,WH-AUS-01,2026-07-06,675
PROD0252,WH-FTW-01,2026-07-02,925
PROD0054,WH-DAL-01,2026-08-10,148
PROD0373,WH-HOU-01,2026-07-11,259
PROD0140,WH-HOU-01,2026-07-09,693
PROD0395,WH-DAL-01,2026-07-15,254
PROD0115,WH-AUS-01,2026-07-11,852
PROD0387,WH-FTW-01,2026-07-07,777
PROD0098,WH-AUS-01,2026-07-22,733
PROD0129,WH-HOU-01,2026-08-10,419
PROD0109,WH-HOU-01,2026-07-04,570
PROD0195,WH-FTW-01,2026-07-06,517
PROD0152,WH-AUS-01,2026-07-07,84
PROD0038,WH-AUS-01,2026-08-01,611
PROD0162,WH-DAL-01,2026-07-15,934
PROD0267,WH-FTW-01,2026-07-04,575
PROD0392,WH-HOU-01,2026-07-26,947
PROD0457,WH-HOU-01,2026-08-08,155
PROD0348,WH-FTW-01,2026-08-12,387
PROD0460,WH-HOU-01,2026-08-01,339
PROD0258,WH-DAL-01,2026-07-31,653
PROD0178,WH-DAL-01,2026-07-31,885
PROD0265,WH-DAL-01,2026-07-28,445
PROD0407,WH-AUS-01,2026-08-05,286
PROD0228,WH-FTW-01,2026-07-21,148
PROD0318,WH-FTW-01,2026-08-08,775
PROD0268,WH-DAL-01,2026-07-27,998
PROD0301,WH-HOU-01,2026-07-09,714
PROD0100,WH-HOU-01,2026-07-28,989
PROD0188,WH-HOU-01,2026-07-10,948
PROD0271,WH-FTW-01,2026-08-01,666
PROD0305,WH-HOU-01,2026-08-06,358
PROD0168,WH-HOU-01,2026-07-21,469
PROD0059,WH-FTW-01,2026-07-26,427
PROD0168,WH-FTW-01,2026-08-06,139
PROD0222,WH-DAL-01,2026-07-28,483
PROD0169,WH-HOU-01,2026-07-25,289
PROD0467,WH-DAL-01,2026-07-13,974
PROD0377,WH-HOU-01,2026-07-28,583
PROD0106,WH-FTW-01,2026-07-07,198
PROD0043,WH-HOU-01,2026-07-31,6
PROD0174,WH-DAL-01,2026-07-17,558
PROD0163,WH-FTW-01,2026-07-12,909
PROD0330,WH-HOU-01,2026-07-18,886
PROD0185,WH-AUS-01,2026-08-12,476
PROD0194,WH-HOU-01,2026-07-19,250
PROD0410,WH-AUS-01,2026-07-18,252
PROD0178,WH-AUS-01,2026-07-20,974
PROD0473,WH-FTW-01,2026-07-05,19
PROD0424,WH-DAL-01,2026-07-14,842
PROD0163,WH-FTW-01,2026-07-14,441
PROD0168,WH-AUS-01,2026-07-07,749
PROD0468,WH-HOU-01,2026-08-02,779
PROD0414,WH-DAL-01,2026-07-19,251
PROD0008,WH-FTW-01,2026-07-22,816
PROD0069,WH-HOU-01,2026-08-07,597
PROD0066,WH-HOU-01,2026-07-05,36
PROD0266,WH-FTW-01,2026-07-10,119
PROD0313,WH-HOU-01,2026-07-31,471
PROD0433,WH-HOU-01,2026-07-23,580
PROD0168,WH-AUS-01,2026-08-07,190
PROD0001,WH-FTW-01,2026-07-15,858
PROD0121,WH-AUS-01,2026-07-03,184
PROD0456,WH-DAL-01,2026-08-02,541
PROD0347,WH-DAL-01,2026-07-21,203
PROD0323,WH-FTW-01,2026-07-09,898
PROD0175,WH-AUS-01,2026-07-31,784
PROD0453,WH-DAL-01,2026-07-07,818
PROD0084,WH-HOU-01,2026-08-05,630
PROD0344,WH-DAL-01,2026-07-23,936
PROD0080,WH-FTW-01,2026-07-24,507
PROD0198,WH-DAL-01,2026-07-11,661
PROD0360,WH-HOU-01,2026-08-03,799
PROD0058,WH-AUS-01,2026-07-02,523
PROD0153,WH-AUS-01,2026-07-16,787
PROD0234,WH-DAL-01,2026-07-23,184
PROD0478,WH-AUS-01,2026-08-12,460
PROD0175,WH-DAL-01,2026-07-06,866
PROD0170,WH-AUS-01,2026-07-02,25
PROD0114,WH-DAL-01,2026-07-22,217
PROD0092,WH-HOU-01,2026-07-05,927
PROD0492,WH-FTW-01,2026-08-14,683
PROD0124,WH-HOU-01,2026-07-27,864
PROD0427,WH-HOU-01,2026-07-24,444
PROD0354,WH-AUS-01,2026-07-19,34
PROD0295,WH-DAL-01,2026-08-03,799
PROD0408,WH-AUS-01,2026-07-04,850
PROD0470,WH-HOU-01,2026-07-03,836
PROD0065,WH-DAL-01,2026-08-03,58
PROD0207,WH-DAL-01,2026-07-07,845
PROD0313,WH-DAL-01,2026-07-09,862
PROD0496,WH-AUS-01,2026-07-01,992
PROD0419,WH-DAL-01,2026-07-28,111
PROD0043,WH-AUS-01,2026-08-05,73
PROD0424,WH-FTW-01,2026-07-08,1
PROD0462,WH-HOU-01,2026-07-10,228
PROD0461,WH-HOU-01,2026-07-25,823
PROD0167,WH-FTW-01,2026-07-27,342
PROD0263,WH-HOU-01,2026-07-03,376
PROD0016,WH-HOU-01,2026-08-05,156
PROD0046,WH-DAL-01,2026-07-25,140
PROD0493,WH-FTW-01,2026-08-14,28
PROD0236,WH-AUS-01,2026-07-30,731
PROD0435,WH-DAL-01,2026-07-16,889
PROD0367,WH-DAL-01,2026-08-04,468
PROD0011,WH-AUS-01,2026-07-21,281
PROD0461,WH-FTW-01,2026-08-14,358
PROD0164,WH-DAL-01,2026-08-09,383
PROD0238,WH-HOU-01,2026-07-22,216
PROD0223,WH-AUS-01,2026-07-04,996
PROD0463,WH-AUS-01,2026-08-02,246
PROD0359,WH-DAL-01,2026-07-31,335
PROD0286,WH-DAL-01,2026-08-02,26
PROD0410,WH-DAL-01,2026-08-09,41
PROD0105,WH-DAL-01,2026-08-13,151
PROD0034,WH-HOU-01,2026-07-20,970
PROD0288,WH-HOU-01,2026-07-12,713
PROD0135,WH-FTW-01,2026-07-30,719
PROD0079,WH-HOU-01,2026-08-02,341
PROD0456,WH-DAL-01,2026-07-27,386
PROD0235,WH-FTW-01,2026-07-20,546
PROD0310,WH-DAL-01,2026-08-11,993
PROD0376,WH-AUS-01,2026-07-21,337
PROD0370,WH-AUS-01,2026-07-04,222
PROD0094,WH-FTW-01,2026-07-29,136
PROD0365,WH-DAL-01,2026-07-04,115
PROD0293,WH-HOU-01,2026-07-11,153
PROD0208,WH-DAL-01,2026-08-04,574
PROD0008,WH-FTW-01,2026-08-05,218
PROD0218,WH-DAL-01,2026-07-25,143
PROD0054,WH-FTW-01,2026-08-12,635
PROD0010,WH-FTW-01,2026-08-03,596
PROD0421,WH-FTW-01,2026-07-06,515
PROD0140,WH-DAL-01,2026-08-14,350
PROD0128,WH-AUS-01,2026-07-11,319
PROD0132,WH-DAL-01,2026-07-29,457
PROD0219,WH-DAL-01,2026-08-11,339
PROD0495,WH-FTW-01,2026-07-28,971
PROD0049,WH-DAL-01,2026-07-02,411
PROD0301,WH-FTW-01,2026-08-04,265
PROD0290,WH-DAL-01,2026-08-11,793
PROD0121,WH-AUS-01,2026-07-03,745
PROD0399,WH-FTW-01,2026-07-28,605
PROD0270,WH-DAL-01,2026-07-02,836
PROD0419,WH-AUS-01,2026-08-14,478
PROD0016,WH-FTW-01,2026-07-12,689
PROD0127,WH-DAL-01,2026-07-06,447
PROD0015,WH-FTW-01,2026-08-10,559
PROD0323,WH-AUS-01,2026-07-28,308
PROD0345,WH-FTW-01,2026-08-06,703
PROD0453,WH-FTW-01,2026-07-14,332
PROD0427,WH-FTW-01,2026-07-23,789
PROD0326,WH-DAL-01,2026-07-12,711
PROD0428,WH-FTW-01,2026-08-09,968
PROD0282,WH-HOU-01,2026-08-14,923
PROD0073,WH-DAL-01,2026-07-28,843
PROD0089,WH-AUS-01,2026-07-10,646
PROD0424,WH-HOU-01,2026-07-07,402
PROD0460,WH-FTW-01,2026-07-08,42
PROD0087,WH-FTW-01,2026-07-17,245
PROD0231,WH-AUS-01,2026-08-10,750
PROD0480,WH-FTW-01,2026-07-30,142
PROD0456,WH-FTW-01,2026-07-29,792
PROD0110,WH-AUS-01,2026-07-19,848
PROD0431,WH-AUS-01,2026-08-11,815
PROD0031,WH-FTW-01,2026-08-10,51
PROD0387,WH-HOU-01,2026-08-07,65
PROD0222,WH-HOU-01,2026-07-03,90
PROD0419,WH-DAL-01,2026-07-06,671
PROD0499,WH-FTW-01,2026-07-08,677
PROD0241,WH-DAL-01,2026-07-15,101
PROD0178,WH-FTW-01,2026-07-07,545
PROD0457,WH-HOU-01,2026-07-12,338
PROD0350,WH-HOU-01,2026-07-01,815
PROD0334,WH-FTW-01,2026-08-14,587
PROD0408,WH-HOU-01,2026-07-16,967
PROD0201,WH-DAL-01,2026-07-28,128
PROD0380,WH-AUS-01,2026-07-12,263
PROD0022,WH-HOU-01,2026-08-03,296
PROD0164,WH-DAL-01,2026-08-02,433
PROD0095,WH-AUS-01,2026-07-20,549
PROD0348,WH-AUS-01,2026-07-20,582
PROD0290,WH-AUS-01,2026-08-12,947
PROD0496,WH-FTW-01,2026-07-07,633
PROD0421,WH-DAL-01,2026-07-25,732
PROD0484,WH-AUS-01,2026-07-13,747
PROD0163,WH-AUS-01,2026-08-03,178
PROD0129,WH-AUS-01,2026-07-18,542
PROD0237,WH-DAL-01,2026-07-16,359
PROD0332,WH-HOU-01,2026-07-28,683
PROD0053,WH-AUS-01,2026-08-05,906
PROD0004,WH-HOU-01,2026-08-09,608
PROD0129,WH-AUS-01,2026-08-04,25
PROD0303,WH-DAL-01,2026-07-19,188
PROD0295,WH-FTW-01,2026-07-20,404
PROD0448,WH-DAL-01,2026-08-01,662
PROD0033,WH-DAL-01,2026-07-11,800
PROD0155,WH-FTW-01,2026-07-30,31
PROD0346,WH-AUS-01,2026-07-19,662
PROD0414,WH-FTW-01,2026-08-02,392
PROD0491,WH-FTW-01,2026-07-13,258
PROD0298,WH-DAL-01,2026-08-01,892
PROD0454,WH-HOU-01,2026-07-17,874
PROD0212,WH-FTW-01,2026-08-10,410
PROD0470,WH-DAL-01,2026-07-03,682
PROD0186,WH-DAL-01,2026-07-05,478
PROD0231,WH-FTW-01,2026-07-26,244
PROD0377,WH-FTW-01,2026-07-07,756
PROD0326,WH-FTW-01,2026-07-18,342
PROD0250,WH-HOU-01,2026-08-08,618
PROD0264,WH-DAL-01,2026-08-14,677
PROD0426,WH-AUS-01,2026-08-07,10
PROD0019,WH-HOU-01,2026-07-13,41
PROD0020,WH-DAL-01,2026-07-01,448
PROD0066,WH-HOU-01,2026-08-04,960
PROD0383,WH-HOU-01,2026-07-23,329
PROD0111,WH-AUS-01,2026-07-20,844
PROD0060,WH-AUS-01,2026-08-07,118
PROD0423,WH-HOU-01,2026-07-29,436
PROD0442,WH-FTW-01,2026-08-14,79
PROD0500,WH-HOU-01,2026-08-06,328
PROD0125,WH-FTW-01,2026-07-06,769
PROD0305,WH-DAL-01,2026-07-13,883
PROD0179,WH-HOU-01,2026-07-23,209
PROD0489,WH-FTW-01,2026-07-04,172
PROD0283,WH-DAL-01,2026-08-05,916
PROD0391,WH-AUS-01,2026-07-15,101
PROD0122,WH-DAL-01,2026-07-11,902
PROD0308,WH-DAL-01,2026-07-22,898
PROD0323,WH-FTW-01,2026-07-30,513
PROD0286,WH-AUS-01,2026-08-13,219
PROD0026,WH-DAL-01,2026-07-18,74
PROD0387,WH-AUS-01,2026-07-10,936
PROD0378,WH-DAL-01,2026-07-05,54
PROD0299,WH-DAL-01,2026-07-31,468
PROD0164,WH-DAL-01,2026-08-02,162
PROD0412,WH-DAL-01,2026-07-18,694
PROD0297,WH-DAL-01,2026-07-07,358
PROD0070,WH-AUS-01,2026-07-25,274
PROD0429,WH-HOU-01,2026-07-21,993
PROD0381,WH-FTW-01,2026-08-03,460
PROD0002,WH-FTW-01,2026-07-23,674
PROD0283,WH-FTW-01,2026-07-16,842
PROD0313,WH-DAL-01,2026-07-27,828
PROD0466,WH-HOU-01,2026-07-13,156
PROD0180,WH-FTW-01,2026-07-13,189
PROD0261,WH-DAL-01,2026-07-25,715
PROD0308,WH-FTW-01,2026-08-11,18
PROD0194,WH-HOU-01,2026-08-02,916
PROD0288,WH-DAL-01,2026-07-17,990
PROD0447,WH-HOU-01,2026-07-25,116
PROD0258,WH-HOU-01,2026-07-18,928
PROD0057,WH-DAL-01,2026-07-18,120
PROD0057,WH-DAL-01,2026-07-16,86
PROD0383,WH-AUS-01,2026-07-27,459
PROD0342,WH-FTW-01,2026-07-10,18
PROD0395,WH-AUS-01,2026-07-24,532
PROD0227,WH-HOU-01,2026-07-24,554
PROD0069,WH-HOU-01,2026-07-01,939
PROD0050,WH-AUS-01,2026-08-01,579
PROD0484,WH-HOU-01,2026-07-19,927
PROD0026,WH-HOU-01,2026-07-09,371
PROD0353,WH-AUS-01,2026-07-05,290
PROD0418,WH-HOU-01,2026-07-22,70
PROD0058,WH-HOU-01,2026-07-24,377
PROD0258,WH-DAL-01,2026-07-30,306
PROD0354,WH-DAL-01,2026-07-12,57
PROD0238,WH-AUS-01,2026-07-16,622
PROD0459,WH-DAL-01,2026-07-12,423
PROD0131,WH-HOU-01,2026-07-21,790
PROD0399,WH-HOU-01,2026-07-11,814
PROD0016,WH-DAL-01,2026-07-21,152
PROD0070,WH-FTW-01,2026-07-02,767
PROD0205,WH-DAL-01,2026-07-27,882
PROD0197,WH-FTW-01,2026-08-11,28
PROD0059,WH-HOU-01,2026-07-25,649
PROD0001,WH-AUS-01,2026-07-11,830
PROD0357,WH-DAL-01,2026-08-10,353
PROD0078,WH-AUS-01,2026-07-17,902
PROD0225,WH-HOU-01,2026-08-02,476
PROD0430,WH-DAL-01,2026-08-04,999
PROD0103,WH-DAL-01,2026-07-20,11
PROD0223,WH-FTW-01,2026-07-26,710
PROD0322,WH-DAL-01,2026-07-15,558
PROD0370,WH-DAL-01,2026-07-19,39
PROD0083,WH-FTW-01,2026-07-01,175
PROD0231,WH-FTW-01,2026-07-25,125
PROD0386,WH-FTW-01,2026-08-03,736
PROD0243,WH-HOU-01,2026-08-10,740
PROD0397,WH-AUS-01,2026-08-01,426
PROD0218,WH-AUS-01,2026-07-13,177
PROD0479,WH-HOU-01,2026-07-19,748
PROD0476,WH-FTW-01,2026-08-09,299
PROD0399,WH-DAL-01,2026-07-21,887
PROD0328,WH-AUS-01,2026-07-18,358
PROD0237,WH-HOU-01,2026-07-08,604
PROD0065,WH-DAL-01,2026-07-19,75
PROD0358,WH-AUS-01,2026-07-21,622
PROD0046,WH-AUS-01,2026-08-06,91
PROD0500,WH-DAL-01,2026-08-04,567
PROD0092,WH-HOU-01,2026-07-21,52
PROD0224,WH-DAL-01,2026-07-03,174
PROD0051,WH-HOU-01,2026-07-30,408
PROD0371,WH-FTW-01,2026-08-12,721
PROD0094,WH-FTW-01,2026-07-31,461
PROD0367,WH-HOU-01,2026-07-03,982
PROD0161,WH-FTW-01,2026-07-30,592
PROD0369,WH-AUS-01,2026-08-11,559
PROD0165,WH-HOU-01,2026-07-04,714
PROD0467,WH-FTW-01,2026-07-30,887
PROD0072,WH-AUS-01,2026-07-27,639
PROD0403,WH-AUS-01,2026-07-05,499
PROD0255,WH-DAL-01,2026-07-29,151
PROD0290,WH-AUS-01,2026-07-31,760
PROD0183,WH-HOU-01,2026-07-09,44
PROD0029,WH-FTW-01,2026-07-24,91
PROD0443,WH-HOU-01,2026-07-12,101
PROD0382,WH-FTW-01,2026-07-18,729
PROD0387,WH-HOU-01,2026-07-02,504
PROD0485,WH-FTW-01,2026-08-11,551
PROD0428,WH-AUS-01,2026-07-09,185
PROD0345,WH-FTW-01,2026-07-24,317
PROD0045,WH-DAL-01,2026-07-06,795
PROD0314,WH-HOU-01,2026-07-05,336
PROD0296,WH-DAL-01,2026-08-02,899
PROD0124,WH-FTW-01,2026-08-10,365
PROD0265,WH-DAL-01,2026-07-24,307
PROD0200,WH-FTW-01,2026-07-07,611
PROD0299,WH-FTW-01,2026-07-01,201
PROD0455,WH-DAL-01,2026-08-09,470
PROD0238,WH-HOU-01,2026-07-08,473
PROD0013,WH-HOU-01,2026-08-02,222
PROD0239,WH-FTW-01,2026-08-04,143
PROD0499,WH-AUS-01,2026-07-24,677
PROD0097,WH-FTW-01,2026-07-03,838
PROD0361,WH-HOU-01,2026-07-04,265
PROD0160,WH-DAL-01,2026-07-28,417
PROD0405,WH-AUS-01,2026-07-08,7
PROD0085,WH-FTW-01,2026-07-24,6
PROD0435,WH-HOU-01,2026-07-10,167
PROD0480,WH-DAL-01,2026-07-22,690
PROD0016,WH-DAL-01,2026-07-07,834
PROD0176,WH-AUS-01,2026-07-25,43
PROD0304,WH-DAL-01,2026-07-28,548
PROD0057,WH-DAL-01,2026-08-09,814
PROD0325,WH-FTW-01,2026-07-29,770
PROD0228,WH-AUS-01,2026-07-07,416
PROD0279,WH-HOU-01,2026-07-12,276
PROD0085,WH-DAL-01,2026-08-07,524
PROD0183,WH-AUS-01,2026-07-20,559
PROD0280,WH-FTW-01,2026-08-02,93
PROD0454,WH-AUS-01,2026-08-07,247
PROD0004,WH-HOU-01,2026-08-07,221
PROD0266,WH-AUS-01,2026-07-04,567
PROD0140,WH-FTW-01,2026-07-20,879
PROD0042,WH-HOU-01,2026-08-04,951
PROD0030,WH-HOU-01,2026-07-02,142
PROD0257,WH-HOU-01,2026-08-07,740
PROD0147,WH-DAL-01,2026-07-19,723
PROD0241,WH-AUS-01,2026-08-09,815
PROD0165,WH-DAL-01,2026-07-16,824
PROD0150,WH-FTW-01,2026-07-16,554
PROD0383,WH-FTW-01,2026-07-02,647
PROD0002,WH-FTW-01,2026-08-09,979
PROD0322,WH-FTW-01,2026-08-10,541
PROD0295,WH-FTW-01,2026-07-21,440
PROD0106,WH-AUS-01,2026-07-17,712
PROD0211,WH-AUS-01,2026-07-21,25
PROD0103,WH-FTW-01,2026-08-09,744
PROD0135,WH-AUS-01,2026-08-01,69
PROD0351,WH-HOU-01,2026-07-08,323
PROD0018,WH-AUS-01,2026-08-11,74
PROD0001,WH-HOU-01,2026-07-12,796
PROD0065,WH-AUS-01,2026-07-23,758
PROD0082,WH-FTW-01,2026-07-16,731
PROD0166,WH-AUS-01,2026-07-27,672
PROD0067,WH-AUS-01,2026-07-07,715
PROD0018,WH-DAL-01,2026-08-09,403
PROD0406,WH-FTW-01,2026-07-15,996
PROD0392,WH-HOU-01,2026-07-08,70
PROD0253,WH-DAL-01,2026-07-23,578
PROD0294,WH-HOU-01,2026-08-02,857
PROD0074,WH-AUS-01,2026-07-30,489
PROD0131,WH-AUS-01,2026-07-23,431
PROD0492,WH-HOU-01,2026-08-10,17
PROD0017,WH-HOU-01,2026-08-10,229
PROD0007,WH-HOU-01,2026-08-12,790
PROD0229,WH-AUS-01,2026-07-24,308
PROD0254,WH-HOU-01,2026-07-03,783
PROD0470,WH-FTW-01,2026-07-14,744
PROD0239,WH-AUS-01,2026-07-02,438
PROD0105,WH-DAL-01,2026-07-06,623
PROD0395,WH-AUS-01,2026-08-01,548
PROD0048,WH-FTW-01,2026-07-19,212
PROD0019,WH-DAL-01,2026-07-10,822
PROD0157,WH-AUS-01,2026-08-03,827
PROD0412,WH-FTW-01,2026-07-26,332
PROD0156,WH-FTW-01,2026-07-25,955
PROD0189,WH-FTW-01,2026-07-04,542
PROD0036,WH-HOU-01,2026-07-19,163
PROD0152,WH-DAL-01,2026-07-02,305
PROD0364,WH-HOU-01,2026-07-30,216
PROD0439,WH-HOU-01,2026-07-16,637
PROD0075,WH-AUS-01,2026-08-08,175
PROD0159,WH-HOU-01,2026-07-09,665
PROD0121,WH-HOU-01,2026-07-15,432
PROD0264,WH-HOU-01,2026-07-14,513
PROD0048,WH-DAL-01,2026-08-08,420
PROD0402,WH-AUS-01,2026-08-01,93
PROD0224,WH-AUS-01,2026-07-24,935
PROD0296,WH-HOU-01,2026-08-10,786
PROD0479,WH-AUS-01,2026-07-09,86
PROD0268,WH-HOU-01,2026-07-24,929
PROD0308,WH-FTW-01,2026-07-29,218
PROD0348,WH-FTW-01,2026-08-13,677
PROD0435,WH-AUS-01,2026-08-04,493
PROD0376,WH-FTW-01,2026-07-27,678
PROD0442,WH-FTW-01,2026-08-04,887
PROD0123,WH-HOU-01,2026-08-09,590
PROD0123,WH-FTW-01,2026-07-03,117
PROD0264,WH-HOU-01,2026-08-09,46
PROD0275,WH-HOU-01,2026-07-16,904
PROD0408,WH-FTW-01,2026-07-03,401
PROD0158,WH-AUS-01,2026-07-27,88
PROD0160,WH-AUS-01,2026-07-16,81
PROD0252,WH-AUS-01,2026-07-08,375
PROD0370,WH-HOU-01,2026-07-04,274
PROD0395,WH-AUS-01,2026-07-12,273
PROD0079,WH-DAL-01,2026-08-11,961
PROD0386,WH-DAL-01,2026-08-06,331
PROD0074,WH-HOU-01,2026-07-18,812
PROD0450,WH-AUS-01,2026-07-21,755
PROD0028,WH-AUS-01,2026-07-06,540
PROD0395,WH-HOU-01,2026-08-11,242
PROD0124,WH-AUS-01,2026-07-07,702
PROD0283,WH-AUS-01,2026-07-13,363
PROD0351,WH-AUS-01,2026-08-02,189
PROD0107,WH-DAL-01,2026-07-09,707
PROD0328,WH-DAL-01,2026-08-09,41
PROD0299,WH-HOU-01,2026-08-03,842
PROD0391,WH-DAL-01,2026-07-13,204
PROD0153,WH-AUS-01,2026-07-23,674
PROD0273,WH-AUS-01,2026-07-12,874
PROD0058,WH-DAL-01,2026-08-12,903
PROD0212,WH-DAL-01,2026-08-12,334
PROD0431,WH-AUS-01,2026-08-05,792
PROD0404,WH-DAL-01,2026-07-20,319
PROD0322,WH-HOU-01,2026-08-13,317
PROD0066,WH-DAL-01,2026-07-01,666
PROD0218,WH-HOU-01,2026-07-18,877
PROD0412,WH-AUS-01,2026-08-14,949
PROD0206,WH-FTW-01,2026-07-18,951
PROD0142,WH-AUS-01,2026-07-03,935
PROD0119,WH-FTW-01,2026-08-04,911
PROD0015,WH-FTW-01,2026-07-26,924
PROD0208,WH-AUS-01,2026-08-10,694
PROD0109,WH-HOU-01,2026-08-05,750
PROD0122,WH-AUS-01,2026-07-29,526
PROD0103,WH-DAL-01,2026-08-04,617
PROD0355,WH-DAL-01,2026-07-10,740
PROD0314,WH-HOU-01,2026-07-30,260
PROD0452,WH-FTW-01,2026-07-07,572
PROD0019,WH-AUS-01,2026-07-14,63
PROD0253,WH-HOU-01,2026-07-29,230
PROD0100,WH-AUS-01,2026-08-02,488
PROD0482,WH-DAL-01,2026-07-28,914
PROD0303,WH-DAL-01,2026-07-14,524
PROD0291,WH-HOU-01,2026-07-28,693
PROD0134,WH-FTW-01,2026-07-24,475
PROD0328,WH-AUS-01,2026-07-14,751
PROD0043,WH-DAL-01,2026-08-02,882
PROD0152,WH-DAL-01,2026-08-12,955
PROD0099,WH-HOU-01,2026-08-12,436
PROD0030,WH-DAL-01,2026-08-12,469
PROD0171,WH-AUS-01,2026-08-07,97
PROD0476,WH-FTW-01,2026-08-14,720
PROD0400,WH-HOU-01,2026-07-04,704
PROD0251,WH-AUS-01,2026-07-05,163
PROD0021,WH-AUS-01,2026-07-06,294
PROD0481,WH-HOU-01,2026-07-14,624
PROD0071,WH-AUS-01,2026-08-10,950
PROD0011,WH-DAL-01,2026-08-14,236
PROD0475,WH-AUS-01,2026-08-06,597
PROD0034,WH-FTW-01,2026-08-02,582
PROD0479,WH-HOU-01,2026-07-14,99
PROD0497,WH-FTW-01,2026-08-07,630
PROD0123,WH-FTW-01,2026-07-08,260
PROD0415,WH-FTW-01,2026-07-01,100
PROD0411,WH-DAL-01,2026-07-22,787
PROD0455,WH-AUS-01,2026-07-30,335
PROD0045,WH-AUS-01,2026-07-22,897
PROD0092,WH-HOU-01,2026-08-12,339
PROD0396,WH-FTW-01,2026-08-11,380
PROD0165,WH-FTW-01,2026-07-28,428
PROD0323,WH-HOU-01,2026-07-06,767
PROD0380,WH-DAL-01,2026-08-01,299
PROD0429,WH-HOU-01,2026-07-25,514
PROD0090,WH-FTW-01,2026-07-13,69
PROD0312,WH-HOU-01,2026-08-14,225
PROD0306,WH-FTW-01,2026-07-10,410
PROD0241,WH-DAL-01,2026-07-17,275
PROD0434,WH-FTW-01,2026-07-14,873
PROD0289,WH-AUS-01,2026-07-16,776
PROD0184,WH-HOU-01,2026-07-28,259
PROD0412,WH-HOU-01,2026-07-13,27
PROD0086,WH-AUS-01,2026-07-27,182
PROD0147,WH-HOU-01,2026-07-17,417
PROD0364,WH-AUS-01,2026-07-10,139
PROD0461,WH-AUS-01,2026-08-04,539
PROD0089,WH-FTW-01,2026-08-07,197
PROD0196,WH-AUS-01,2026-07-10,868
PROD0374,WH-HOU-01,2026-08-11,884
PROD0039,WH-HOU-01,2026-08-02,413
PROD0138,WH-HOU-01,2026-08-06,458
PROD0106,WH-AUS-01,2026-07-26,667
PROD0495,WH-DAL-01,2026-07-26,232
PROD0345,WH-AUS-01,2026-08-01,723
PROD0390,WH-AUS-01,2026-08-09,438
PROD0182,WH-DAL-01,2026-07-22,243
PROD0227,WH-HOU-01,2026-07-30,909
PROD0428,WH-DAL-01,2026-08-09,632
PROD0354,WH-FTW-01,2026-07-06,406
PROD0358,WH-FTW-01,2026-07-24,153
PROD0187,WH-AUS-01,2026-08-11,678
PROD0147,WH-HOU-01,2026-07-15,585
PROD0418,WH-AUS-01,2026-08-07,292
PROD0080,WH-DAL-01,2026-07-11,73
PROD0085,WH-DAL-01,2026-08-02,403
PROD0134,WH-HOU-01,2026-07-27,648
PROD0445,WH-AUS-01,2026-07-08,303
PROD0004,WH-FTW-01,2026-08-14,838
PROD0363,WH-FTW-01,2026-08-07,710
PROD0235,WH-FTW-01,2026-07-08,555
PROD0463,WH-AUS-01,2026-07-11,462
PROD0379,WH-HOU-01,2026-07-19,674
PROD0233,WH-AUS-01,2026-08-02,576
PROD0182,WH-AUS-01,2026-07-15,421
PROD0039,WH-FTW-01,2026-07-07,217
PROD0476,WH-FTW-01,2026-07-09,797
PROD0396,WH-AUS-01,2026-07-10,476
PROD0087,WH-AUS-01,2026-07-12,789
PROD0427,WH-AUS-01,2026-07-14,418
PROD0051,WH-HOU-01,2026-07-03,597
PROD0449,WH-DAL-01,2026-07-23,711
PROD0009,WH-HOU-01,2026-08-10,803
PROD0422,WH-HOU-01,2026-07-28,547
PROD0341,WH-DAL-01,2026-08-06,643
PROD0326,WH-AUS-01,2026-08-12,469
PROD0223,WH-AUS-01,2026-07-08,442
PROD0459,WH-FTW-01,2026-08-02,562
PROD0384,WH-HOU-01,2026-07-12,229
PROD0038,WH-FTW-01,2026-07-21,382
PROD0081,WH-FTW-01,2026-07-22,390
PROD0098,WH-HOU-01,2026-07-19,328
PROD0492,WH-FTW-01,2026-08-10,899
PROD0105,WH-AUS-01,2026-08-06,668
PROD0043,WH-DAL-01,2026-07-26,489
PROD0221,WH-HOU-01,2026-07-03,50
PROD0053,WH-DAL-01,2026-07-26,342
PROD0438,WH-DAL-01,2026-07-23,129
PROD0351,WH-FTW-01,2026-08-02,232
PROD0434,WH-HOU-01,2026-07-12,172
PROD0030,WH-DAL-01,2026-07-17,890
PROD0035,WH-FTW-01,2026-07-23,821
PROD0125,WH-HOU-01,2026-07-06,216
PROD0283,WH-DAL-01,2026-07-04,935
PROD0312,WH-FTW-01,2026-08-01,657
PROD0467,WH-DAL-01,2026-07-13,976
PROD0092,WH-FTW-01,2026-07-28,887
PROD0133,WH-FTW-01,2026-08-08,236
PROD0203,WH-AUS-01,2026-08-11,619
PROD0218,WH-AUS-01,2026-08-05,119
PROD0454,WH-AUS-01,2026-07-21,505
PROD0161,WH-DAL-01,2026-07-11,755
PROD0338,WH-DAL-01,2026-07-01,823
PROD0108,WH-FTW-01,2026-08-01,559
PROD0070,WH-DAL-01,2026-08-05,765
PROD0414,WH-FTW-01,2026-07-13,684
PROD0078,WH-AUS-01,2026-08-02,659
PROD0309,WH-DAL-01,2026-08-04,243
PROD0077,WH-FTW-01,2026-08-12,180
PROD0257,WH-DAL-01,2026-07-05,185
PROD0149,WH-AUS-01,2026-07-17,184
PROD0402,WH-DAL-01,2026-08-13,327
PROD0102,WH-FTW-01,2026-07-22,645
PROD0236,WH-AUS-01,2026-07-14,67
PROD0103,WH-DAL-01,2026-07-10,728
PROD0272,WH-DAL-01,2026-08-04,906
PROD0133,WH-FTW-01,2026-08-14,858
PROD0080,WH-HOU-01,2026-08-05,430
PROD0137,WH-DAL-01,2026-07-23,814
PROD0489,WH-DAL-01,2026-08-13,299
PROD0083,WH-AUS-01,2026-08-09,625
PROD0400,WH-DAL-01,2026-08-10,242
PROD0289,WH-DAL-01,2026-07-19,660
PROD0302,WH-DAL-01,2026-08-05,538
PROD0348,WH-FTW-01,2026-07-27,561
PROD0390,WH-HOU-01,2026-07-03,234
PROD0242,WH-DAL-01,2026-07-05,270
PROD0235,WH-HOU-01,2026-07-25,75
PROD0053,WH-FTW-01,2026-07-05,405
PROD0062,WH-AUS-01,2026-08-14,224
PROD0221,WH-AUS-01,2026-07-06,563
PROD0378,WH-AUS-01,2026-07-01,945
PROD0319,WH-FTW-01,2026-07-31,501
PROD0467,WH-HOU-01,2026-08-12,751
PROD0348,WH-FTW-01,2026-08-05,698
PROD0132,WH-AUS-01,2026-08-12,756
PROD0188,WH-AUS-01,2026-08-01,564
PROD0258,WH-HOU-01,2026-07-07,752
PROD0360,WH-AUS-01,2026-08-01,558
PROD0346,WH-FTW-01,2026-07-05,795
PROD0334,WH-AUS-01,2026-07-08,249
PROD0496,WH-FTW-01,2026-07-14,405
PROD0270,WH-FTW-01,2026-07-10,919
PROD0460,WH-DAL-01,2026-07-28,148
PROD0349,WH-FTW-01,2026-07-28,363
PROD0154,WH-FTW-01,2026-07-25,739
PROD0246,WH-AUS-01,2026-08-03,709
PROD0029,WH-AUS-01,2026-07-06,460
PROD0352,WH-AUS-01,2026-07-24,422
PROD0251,WH-DAL-01,2026-08-03,308
PROD0292,WH-AUS-01,2026-07-13,500
PROD0111,WH-AUS-01,2026-07-01,766
PROD0436,WH-DAL-01,2026-08-10,403
PROD0247,WH-FTW-01,2026-07-19,251
PROD0474,WH-HOU-01,2026-08-09,136
PROD0264,WH-DAL-01,2026-08-13,858
PROD0374,WH-AUS-01,2026-07-21,39
PROD0122,WH-FTW-01,2026-07-09,189
PROD0050,WH-AUS-01,2026-08-11,471
PROD0014,WH-FTW-01,2026-08-05,877
PROD0180,WH-HOU-01,2026-07-09,498
PROD0251,WH-DAL-01,2026-07-04,35
PROD0109,WH-HOU-01,2026-08-03,937
PROD0141,WH-FTW-01,2026-07-01,650
PROD0062,WH-HOU-01,2026-08-05,609
PROD0122,WH-FTW-01,2026-08-11,654
PROD0352,WH-FTW-01,2026-07-06,19
PROD0100,WH-DAL-01,2026-08-10,270
PROD0255,WH-FTW-01,2026-07-04,818
PROD0452,WH-DAL-01,2026-07-13,677
PROD0358,WH-AUS-01,2026-07-01,613
PROD0267,WH-DAL-01,2026-07-24,653
PROD0012,WH-AUS-01,2026-07-27,186
PROD0193,WH-AUS-01,2026-07-10,50
PROD0064,WH-AUS-01,2026-08-11,643
PROD0176,WH-AUS-01,2026-07-06,568
PROD0236,WH-AUS-01,2026-08-14,883
PROD0265,WH-HOU-01,2026-08-11,187
PROD0241,WH-AUS-01,2026-07-13,899
PROD0037,WH-AUS-01,2026-07-16,833
PROD0112,WH-HOU-01,2026-07-05,190
PROD0026,WH-DAL-01,2026-07-29,704
PROD0343,WH-DAL-01,2026-08-05,422
PROD0385,WH-DAL-01,2026-07-26,508
PROD0068,WH-HOU-01,2026-07-26,639
PROD0398,WH-AUS-01,2026-07-07,859
PROD0203,WH-FTW-01,2026-07-02,869
PROD0430,WH-DAL-01,2026-08-10,508
PROD0032,WH-HOU-01,2026-08-10,897
PROD0167,WH-DAL-01,2026-07-09,391
PROD0367,WH-HOU-01,2026-07-09,529
PROD0108,WH-DAL-01,2026-08-07,210
PROD0246,WH-AUS-01,2026-07-02,194
PROD0374,WH-DAL-01,2026-07-13,880
PROD0237,WH-HOU-01,2026-08-04,503
PROD0085,WH-HOU-01,2026-07-06,46
PROD0487,WH-AUS-01,2026-07-23,618
PROD0387,WH-FTW-01,2026-07-07,584
PROD0037,WH-AUS-01,2026-08-06,156
PROD0351,WH-AUS-01,2026-07-30,984
PROD0128,WH-AUS-01,2026-08-08,157
PROD0152,WH-DAL-01,2026-07-02,44
PROD0145,WH-FTW-01,2026-07-06,95
PROD0106,WH-AUS-01,2026-07-03,224
PROD0289,WH-FTW-01,2026-08-08,314
PROD0222,WH-HOU-01,2026-07-14,74
PROD0459,WH-AUS-01,2026-07-14,177
PROD0322,WH-HOU-01,2026-07-15,442
PROD0159,WH-FTW-01,2026-07-25,694
PROD0260,WH-DAL-01,2026-08-07,184
PROD0007,WH-HOU-01,2026-08-07,165
PROD0203,WH-DAL-01,2026-07-18,94
PROD0237,WH-AUS-01,2026-08-14,898
PROD0347,WH-HOU-01,2026-07-27,11
PROD0446,WH-FTW-01,2026-07-18,922
PROD0219,WH-FTW-01,2026-07-07,332
PROD0110,WH-FTW-01,2026-07-08,199
PROD0412,WH-HOU-01,2026-07-18,276
PROD0104,WH-DAL-01,2026-08-13,905
PROD0432,WH-FTW-01,2026-07-07,528
PROD0251,WH-AUS-01,2026-08-11,908
PROD0007,WH-DAL-01,2026-07-06,740
PROD0449,WH-FTW-01,2026-07-14,262
PROD0095,WH-DAL-01,2026-07-16,773
PROD0201,WH-AUS-01,2026-07-18,481
PROD0059,WH-DAL-01,2026-08-08,105
PROD0084,WH-DAL-01,2026-08-12,50
PROD0187,WH-AUS-01,2026-07-10,924
PROD0358,WH-HOU-01,2026-07-17,609
PROD0015,WH-FTW-01,2026-07-10,932
PROD0451,WH-FTW-01,2026-07-24,655
PROD0425,WH-DAL-01,2026-07-25,151
PROD0164,WH-AUS-01,2026-07-11,924
PROD0272,WH-HOU-01,2026-07-02,585
PROD0194,WH-AUS-01,2026-07-06,982
PROD0446,WH-HOU-01,2026-08-08,838
PROD0206,WH-FTW-01,2026-07-11,981
PROD0047,WH-FTW-01,2026-07-14,496
PROD0367,WH-DAL-01,2026-08-03,80
PROD0160,WH-FTW-01,2026-08-03,163
PROD0098,WH-HOU-01,2026-08-06,967
PROD0214,WH-AUS-01,2026-08-09,388
PROD0206,WH-AUS-01,2026-07-15,748
PROD0124,WH-DAL-01,2026-07-30,77
PROD0084,WH-HOU-01,2026-07-11,101
PROD0210,WH-DAL-01,2026-07-20,620
PROD0251,WH-HOU-01,2026-07-25,608
PROD0409,WH-AUS-01,2026-07-28,907
PROD0441,WH-DAL-01,2026-07-13,703
PROD0226,WH-DAL-01,2026-07-23,250
PROD0381,WH-AUS-01,2026-07-11,326
PROD0151,WH-FTW-01,2026-07-15,973
PROD0070,WH-HOU-01,2026-07-27,44
PROD0144,WH-AUS-01,2026-07-09,787
PROD0159,WH-FTW-01,2026-07-22,567
PROD0429,WH-DAL-01,2026-07-29,489
PROD0339,WH-AUS-01,2026-07-01,488
PROD0426,WH-DAL-01,2026-07-19,765
PROD0032,WH-FTW-01,2026-08-08,914
PROD0490,WH-DAL-01,2026-08-04,589
PROD0421,WH-HOU-01,2026-08-01,477
PROD0174,WH-DAL-01,2026-07-15,697
PROD0043,WH-HOU-01,2026-07-08,125
PROD0213,WH-AUS-01,2026-07-14,547
PROD0197,WH-HOU-01,2026-08-10,693
PROD0413,WH-DAL-01,2026-07-07,729
PROD0313,WH-DAL-01,2026-08-12,177
PROD0234,WH-FTW-01,2026-07-07,900
PROD0155,WH-HOU-01,2026-08-01,828
PROD0275,WH-DAL-01,2026-08-09,559
PROD0450,WH-AUS-01,2026-07-20,688
PROD0217,WH-AUS-01,2026-08-03,82
PROD0146,WH-FTW-01,2026-07-06,159
PROD0427,WH-DAL-01,2026-07-21,655
PROD0451,WH-FTW-01,2026-07-27,857
PROD0158,WH-FTW-01,2026-07-14,451
PROD0184,WH-AUS-01,2026-07-28,662
PROD0199,WH-FTW-01,2026-07-07,601
PROD0258,WH-AUS-01,2026-07-25,657
PROD0151,WH-AUS-01,2026-08-13,495
PROD0481,WH-AUS-01,2026-07-11,341
PROD0101,WH-AUS-01,2026-08-09,64
PROD0290,WH-FTW-01,2026-08-14,303
PROD0252,WH-DAL-01,2026-07-05,789
PROD0033,WH-AUS-01,2026-08-10,908
PROD0055,WH-DAL-01,2026-08-07,796
PROD0220,WH-DAL-01,2026-07-04,864
PROD0462,WH-DAL-01,2026-07-02,500
PROD0055,WH-DAL-01,2026-07-28,17
PROD0209,WH-FTW-01,2026-07-04,300
PROD0459,WH-DAL-01,2026-08-02,383
PROD0428,WH-HOU-01,2026-07-26,181
PROD0123,WH-FTW-01,2026-07-19,552
PROD0480,WH-AUS-01,2026-07-29,704
PROD0423,WH-DAL-01,2026-07-11,333
PROD0275,WH-DAL-01,2026-08-10,561
PROD0115,WH-AUS-01,2026-08-14,28
PROD0259,WH-AUS-01,2026-07-15,654
PROD0274,WH-FTW-01,2026-07-17,713
PROD0242,WH-AUS-01,2026-08-14,739
PROD0381,WH-DAL-01,2026-07-27,413
PROD0499,WH-HOU-01,2026-07-04,30
PROD0077,WH-AUS-01,2026-07-12,543
PROD0453,WH-AUS-01,2026-08-08,368
PROD0460,WH-DAL-01,2026-07-05,306
PROD0433,WH-HOU-01,2026-07-02,21
PROD0151,WH-AUS-01,2026-07-08,54
PROD0467,WH-AUS-01,2026-08-08,82
PROD0082,WH-FTW-01,2026-07-31,48
PROD0148,WH-FTW-01,2026-07-28,538
PROD0142,WH-FTW-01,2026-08-01,521
PROD0423,WH-AUS-01,2026-07-25,7
PROD0286,WH-HOU-01,2026-07-13,163
PROD0192,WH-AUS-01,2026-08-11,396
PROD0062,WH-AUS-01,2026-07-22,563
PROD0407,WH-HOU-01,2026-08-14,726
PROD0272,WH-HOU-01,2026-07-16,293
PROD0122,WH-AUS-01,2026-07-24,253
PROD0061,WH-AUS-01,2026-07-30,250
PROD0065,WH-DAL-01,2026-07-27,101
PROD0205,WH-HOU-01,2026-08-14,423
PROD0159,WH-FTW-01,2026-07-18,799
PROD0453,WH-HOU-01,2026-07-08,940
PROD0049,WH-HOU-01,2026-07-03,274
PROD0427,WH-DAL-01,2026-07-15,68
PROD0373,WH-AUS-01,2026-07-09,450
PROD0331,WH-HOU-01,2026-08-02,540
PROD0207,WH-FTW-01,2026-08-09,265
PROD0244,WH-DAL-01,2026-07-25,396
PROD0499,WH-FTW-01,2026-07-07,304
PROD0188,WH-FTW-01,2026-07-19,967
PROD0430,WH-DAL-01,2026-07-17,531
PROD0271,WH-HOU-01,2026-07-10,998
PROD0305,WH-FTW-01,2026-07-07,374
PROD0479,WH-AUS-01,2026-08-11,511
PROD0309,WH-DAL-01,2026-07-06,291
PROD0005,WH-AUS-01,2026-07-07,408
PROD0391,WH-DAL-01,2026-07-23,913
PROD0021,WH-DAL-01,2026-07-24,729
PROD0044,WH-DAL-01,2026-07-04,578
PROD0216,WH-FTW-01,2026-07-06,727
PROD0127,WH-AUS-01,2026-07-02,417
PROD0449,WH-HOU-01,2026-07-08,954
PROD0446,WH-AUS-01,2026-07-04,333
PROD0431,WH-FTW-01,2026-07-22,37
PROD0157,WH-FTW-01,2026-07-14,170
PROD0063,WH-DAL-01,2026-08-14,132
PROD0113,WH-DAL-01,2026-07-09,935
PROD0152,WH-HOU-01,2026-07-31,530
PROD0432,WH-FTW-01,2026-07-03,473
PROD0133,WH-AUS-01,2026-07-26,513
PROD0343,WH-FTW-01,2026-07-03,50
PROD0150,WH-HOU-01,2026-07-31,767
PROD0122,WH-FTW-01,2026-07-26,493
PROD0257,WH-HOU-01,2026-07-02,60
PROD0284,WH-FTW-01,2026-07-29,288
PROD0230,WH-DAL-01,2026-08-02,207
PROD0198,WH-DAL-01,2026-08-01,466
PROD0224,WH-DAL-01,2026-07-20,333
PROD0205,WH-AUS-01,2026-07-03,516
PROD0385,WH-FTW-01,2026-08-09,99
PROD0366,WH-FTW-01,2026-07-19,886
PROD0250,WH-HOU-01,2026-08-08,337
PROD0334,WH-AUS-01,2026-08-05,767
PROD0037,WH-DAL-01,2026-07-15,344
PROD0166,WH-AUS-01,2026-08-03,768
PROD0393,WH-AUS-01,2026-07-12,575
PROD0034,WH-AUS-01,2026-08-09,648
PROD0427,WH-FTW-01,2026-07-23,395
PROD0316,WH-AUS-01,2026-08-11,374
PROD0468,WH-FTW-01,2026-07-13,88
PROD0373,WH-FTW-01,2026-08-03,97
PROD0053,WH-FTW-01,2026-07-02,201
PROD0048,WH-HOU-01,2026-08-11,859
PROD0417,WH-HOU-01,2026-07-31,629
PROD0125,WH-DAL-01,2026-07-25,955
PROD0045,WH-AUS-01,2026-07-17,277
PROD0341,WH-DAL-01,2026-07-04,331
PROD0026,WH-HOU-01,2026-07-26,275
PROD0487,WH-DAL-01,2026-07-24,355
PROD0393,WH-HOU-01,2026-08-13,26
PROD0060,WH-DAL-01,2026-07-08,693
PROD0390,WH-FTW-01,2026-07-25,522
PROD0093,WH-DAL-01,2026-07-10,684
PROD0356,WH-AUS-01,2026-07-26,521
PROD0423,WH-AUS-01,2026-07-19,5
PROD0275,WH-AUS-01,2026-07-24,964
PROD0172,WH-HOU-01,2026-07-24,881
PROD0284,WH-AUS-01,2026-07-09,449
PROD0483,WH-AUS-01,2026-07-27,384
PROD0231,WH-DAL-01,2026-07-28,521
PROD0370,WH-FTW-01,2026-08-07,555
PROD0003,WH-DAL-01,2026-07-03,405
PROD0357,WH-HOU-01,2026-08-08,223
PROD0398,WH-HOU-01,2026-08-10,763
PROD0015,WH-FTW-01,2026-07-06,773
PROD0246,WH-AUS-01,2026-08-05,656
PROD0155,WH-AUS-01,2026-08-10,194
PROD0414,WH-DAL-01,2026-07-02,618
PROD0469,WH-HOU-01,2026-07-04,607
PROD0471,WH-AUS-01,2026-07-29,546
PROD0009,WH-AUS-01,2026-07-16,589
PROD0071,WH-DAL-01,2026-08-12,991
PROD0301,WH-AUS-01,2026-07-29,723
PROD0444,WH-AUS-01,2026-07-09,279
PROD0062,WH-FTW-01,2026-08-11,984
PROD0379,WH-HOU-01,2026-07-16,309
PROD0482,WH-HOU-01,2026-07-02,754
PROD0449,WH-FTW-01,2026-07-08,859
PROD0216,WH-DAL-01,2026-07-19,2
PROD0401,WH-AUS-01,2026-07-07,680
PROD0049,WH-DAL-01,2026-07-04,124
PROD0001,WH-AUS-01,2026-07-30,155
PROD0068,WH-AUS-01,2026-07-31,724
PROD0414,WH-DAL-01,2026-08-11,118
PROD0355,WH-FTW-01,2026-07-03,837
PROD0098,WH-HOU-01,2026-07-28,35
PROD0042,WH-AUS-01,2026-08-01,968
PROD0239,WH-HOU-01,2026-08-13,573
PROD0394,WH-FTW-01,2026-08-11,625
PROD0291,WH-AUS-01,2026-07-28,125
PROD0496,WH-AUS-01,2026-08-13,534
PROD0022,WH-FTW-01,2026-07-16,46
PROD0019,WH-FTW-01,2026-07-18,506
PROD0415,WH-FTW-01,2026-08-05,862
PROD0094,WH-HOU-01,2026-07-05,232
PROD0002,WH-AUS-01,2026-08-12,599
PROD0317,WH-AUS-01,2026-08-06,656
PROD0037,WH-FTW-01,2026-07-06,473
PROD0181,WH-AUS-01,2026-07-03,936
PROD0289,WH-FTW-01,2026-08-01,353
PROD0242,WH-AUS-01,2026-07-26,516
PROD0078,WH-HOU-01,2026-08-03,189
PROD0281,WH-AUS-01,2026-07-03,112
PROD0272,WH-HOU-01,2026-08-09,312
PROD0026,WH-FTW-01,2026-07-30,833
PROD0484,WH-AUS-01,2026-07-02,878
PROD0444,WH-FTW-01,2026-08-14,981
PROD0405,WH-HOU-01,2026-08-10,883
PROD0270,WH-HOU-01,2026-07-01,132
PROD0076,WH-FTW-01,2026-07-21,345
PROD0041,WH-FTW-01,2026-08-11,340
PROD0312,WH-FTW-01,2026-07-07,634
PROD0245,WH-HOU-01,2026-07-19,193
PROD0092,WH-HOU-01,2026-08-03,482
PROD0306,WH-FTW-01,2026-07-27,340
PROD0422,WH-FTW-01,2026-07-18,782
PROD0468,WH-FTW-01,2026-07-09,461
PROD0094,WH-AUS-01,2026-07-14,25
PROD0030,WH-FTW-01,2026-08-11,519
PROD0365,WH-HOU-01,2026-07-24,428
PROD0340,WH-FTW-01,2026-07-07,317
PROD0220,WH-AUS-01,2026-07-30,399
PROD0440,WH-HOU-01,2026-08-09,613
PROD0136,WH-AUS-01,2026-07-05,661
PROD0266,WH-HOU-01,2026-07-10,688
PROD0410,WH-DAL-01,2026-07-11,55
PROD0302,WH-AUS-01,2026-07-04,22
PROD0132,WH-FTW-01,2026-07-02,391
PROD0004,WH-HOU-01,2026-08-14,326
PROD0225,WH-FTW-01,2026-08-09,219
PROD0446,WH-DAL-01,2026-08-09,665
PROD0086,WH-FTW-01,2026-07-21,533
PROD0383,WH-HOU-01,2026-07-10,219
PROD0088,WH-DAL-01,2026-07-30,753
PROD0488,WH-HOU-01,2026-07-09,948
PROD0047,WH-DAL-01,2026-07-07,921
PROD0232,WH-DAL-01,2026-07-19,931
PROD0222,WH-FTW-01,2026-07-16,802
PROD0148,WH-AUS-01,2026-08-11,328
PROD0173,WH-AUS-01,2026-07-29,459
PROD0384,WH-FTW-01,2026-07-18,588
PROD0180,WH-DAL-01,2026-07-14,977
PROD0111,WH-AUS-01,2026-07-10,98
PROD0191,WH-AUS-01,2026-07-12,629
PROD0038,WH-FTW-01,2026-08-13,321
PROD0441,WH-FTW-01,2026-08-04,2
PROD0066,WH-AUS-01,2026-07-21,484
PROD0103,WH-HOU-01,2026-07-22,741
PROD0017,WH-HOU-01,2026-08-02,812
PROD0292,WH-FTW-01,2026-07-10,198
PROD0230,WH-FTW-01,2026-07-16,891
PROD0338,WH-DAL-01,2026-07-18,35
PROD0280,WH-DAL-01,2026-08-12,793
PROD0004,WH-DAL-01,2026-07-22,213
PROD0443,WH-FTW-01,2026-07-06,81
PROD0412,WH-AUS-01,2026-08-04,619
PROD0411,WH-DAL-01,2026-08-12,419
PROD0462,WH-DAL-01,2026-07-07,473
PROD0249,WH-HOU-01,2026-07-26,951
PROD0009,WH-FTW-01,2026-08-07,446
PROD0004,WH-DAL-01,2026-07-10,6
PROD0394,WH-FTW-01,2026-08-10,248
PROD0015,WH-HOU-01,2026-08-14,555
PROD0441,WH-FTW-01,2026-08-05,57
PROD0259,WH-FTW-01,2026-08-14,417
PROD0424,WH-AUS-01,2026-07-10,281
PROD0354,WH-HOU-01,2026-07-16,685
PROD0455,WH-AUS-01,2026-08-06,264
PROD0228,WH-AUS-01,2026-07-06,807
PROD0472,WH-FTW-01,2026-07-24,162
PROD0419,WH-DAL-01,2026-08-11,940
PROD0332,WH-FTW-01,2026-07-18,932
PROD0351,WH-DAL-01,2026-07-12,780
PROD0098,WH-FTW-01,2026-07-23,299
PROD0093,WH-DAL-01,2026-08-13,496
PROD0170,WH-DAL-01,2026-07-19,554
PROD0110,WH-DAL-01,2026-07-26,9
PROD0378,WH-DAL-01,2026-07-25,695
PROD0081,WH-FTW-01,2026-07-28,302
PROD0122,WH-AUS-01,2026-07-27,45
PROD0072,WH-HOU-01,2026-08-07,587
PROD0292,WH-AUS-01,2026-07-03,112
PROD0075,WH-HOU-01,2026-08-08,769
PROD0166,WH-AUS-01,2026-08-14,869
PROD0371,WH-AUS-01,2026-08-05,272
PROD0414,WH-HOU-01,2026-07-24,742
PROD0064,WH-AUS-01,2026-08-08,709
PROD0283,WH-DAL-01,2026-07-03,623
PROD0134,WH-FTW-01,2026-07-04,574
PROD0247,WH-FTW-01,2026-07-05,314
PROD0105,WH-FTW-01,2026-08-12,866
PROD0151,WH-FTW-01,2026-07-17,613
PROD0236,WH-HOU-01,2026-07-08,694
PROD0283,WH-DAL-01,2026-07-09,393
PROD0281,WH-AUS-01,2026-07-10,270
PROD0465,WH-FTW-01,2026-08-06,434
PROD0406,WH-HOU-01,2026-07-10,866
PROD0365,WH-HOU-01,2026-07-28,728
PROD0369,WH-FTW-01,2026-08-08,174
PROD0373,WH-HOU-01,2026-07-10,118
PROD0278,WH-FTW-01,2026-08-06,346
PROD0381,WH-AUS-01,2026-07-24,785
PROD0232,WH-DAL-01,2026-07-24,619
PROD0046,WH-DAL-01,2026-08-10,772
PROD0500,WH-AUS-01,2026-08-12,502
PROD0447,WH-FTW-01,2026-07-13,679
PROD0433,WH-DAL-01,2026-08-01,660
PROD0187,WH-DAL-01,2026-08-08,176
PROD0307,WH-AUS-01,2026-08-11,924
PROD0492,WH-FTW-01,2026-07-15,330
PROD0345,WH-FTW-01,2026-08-03,143
PROD0027,WH-AUS-01,2026-07-08,213
PROD0268,WH-AUS-01,2026-08-08,299
PROD0198,WH-DAL-01,2026-07-02,97
PROD0305,WH-FTW-01,2026-07-19,233
PROD0080,WH-DAL-01,2026-07-15,838
PROD0189,WH-HOU-01,2026-07-05,276
PROD0175,WH-DAL-01,2026-07-11,561
PROD0085,WH-HOU-01,2026-08-09,791
PROD0352,WH-FTW-01,2026-07-21,596
PROD0252,WH-DAL-01,2026-07-07,626
PROD0218,WH-HOU-01,2026-07-30,885
PROD0341,WH-HOU-01,2026-07-29,35
PROD0390,WH-AUS-01,2026-08-08,213
PROD0230,WH-HOU-01,2026-07-10,945
PROD0290,WH-HOU-01,2026-08-02,762
PROD0017,WH-FTW-01,2026-07-18,514
PROD0402,WH-HOU-01,2026-08-09,947
PROD0081,WH-HOU-01,2026-07-24,868
PROD0331,WH-HOU-01,2026-07-31,970
PROD0169,WH-AUS-01,2026-07-06,487
PROD0129,WH-HOU-01,2026-07-21,506
PROD0281,WH-HOU-01,2026-08-05,107
PROD0365,WH-HOU-01,2026-07-07,417
PROD0047,WH-AUS-01,2026-07-05,857
PROD0052,WH-AUS-01,2026-08-03,278
PROD0399,WH-DAL-01,2026-07-24,999
PROD0419,WH-DAL-01,2026-07-14,159
PROD0204,WH-DAL-01,2026-07-29,339
PROD0105,WH-HOU-01,2026-07-13,264
PROD0278,WH-HOU-01,2026-08-07,25
PROD0304,WH-HOU-01,2026-07-14,430
PROD0343,WH-DAL-01,2026-07-15,782
PROD0192,WH-HOU-01,2026-07-10,854
PROD0173,WH-HOU-01,2026-07-11,286
PROD0322,WH-HOU-01,2026-07-19,27
PROD0179,WH-HOU-01,2026-07-17,819
PROD0304,WH-AUS-01,2026-07-05,776
PROD0301,WH-DAL-01,2026-07-17,755
PROD0063,WH-FTW-01,2026-07-31,260
PROD0108,WH-FTW-01,2026-08-06,15
PROD0453,WH-DAL-01,2026-07-11,697
PROD0291,WH-AUS-01,2026-07-10,928
PROD0371,WH-FTW-01,2026-08-03,349
PROD0249,WH-FTW-01,2026-07-24,15
PROD0348,WH-HOU-01,2026-07-13,841
PROD0001,WH-HOU-01,2026-08-03,533
PROD0401,WH-HOU-01,2026-07-15,731
PROD0125,WH-DAL-01,2026-08-04,694
PROD0406,WH-FTW-01,2026-07-16,855
PROD0496,WH-AUS-01,2026-08-03,673
PROD0002,WH-AUS-01,2026-08-12,845
PROD0055,WH-FTW-01,2026-07-23,430
PROD0193,WH-AUS-01,2026-08-02,494
PROD0357,WH-HOU-01,2026-07-30,70
PROD0413,WH-HOU-01,2026-07-02,211
PROD0080,WH-HOU-01,2026-07-11,971
PROD0175,WH-DAL-01,2026-07-23,67
PROD0344,WH-DAL-01,2026-07-29,769
PROD0237,WH-FTW-01,2026-07-18,631
PROD0441,WH-FTW-01,2026-07-18,268
PROD0307,WH-DAL-01,2026-08-09,779
PROD0034,WH-HOU-01,2026-07-27,357
PROD0428,WH-HOU-01,2026-07-20,700
PROD0367,WH-HOU-01,2026-07-25,327
PROD0071,WH-DAL-01,2026-07-03,765
PROD0243,WH-HOU-01,2026-07-31,112
PROD0115,WH-HOU-01,2026-07-17,378
PROD0402,WH-FTW-01,2026-07-06,935
PROD0203,WH-DAL-01,2026-07-31,577
PROD0151,WH-AUS-01,2026-07-28,340
PROD0044,WH-AUS-01,2026-07-22,204
PROD0077,WH-FTW-01,2026-07-25,389
PROD0078,WH-HOU-01,2026-07-28,261
PROD0146,WH-DAL-01,2026-07-21,661
PROD0002,WH-AUS-01,2026-07-28,654
PROD0301,WH-FTW-01,2026-08-09,760
PROD0112,WH-AUS-01,2026-07-04,357
PROD0386,WH-AUS-01,2026-07-02,993
PROD0196,WH-AUS-01,2026-07-31,532
PROD0465,WH-HOU-01,2026-08-08,984
PROD0462,WH-DAL-01,2026-07-22,484
PROD0150,WH-AUS-01,2026-07-23,807
PROD0080,WH-AUS-01,2026-07-11,455
PROD0191,WH-AUS-01,2026-07-05,73
PROD0329,WH-AUS-01,2026-07-27,271
PROD0079,WH-DAL-01,2026-07-27,266
PROD0353,WH-DAL-01,2026-08-03,825
PROD0259,WH-DAL-01,2026-07-03,260
PROD0388,WH-AUS-01,2026-07-22,595
PROD0419,WH-DAL-01,2026-08-04,470
PROD0481,WH-AUS-01,2026-07-28,883
PROD0170,WH-AUS-01,2026-07-16,669
PROD0266,WH-DAL-01,2026-08-12,696
PROD0060,WH-AUS-01,2026-07-07,924
PROD0370,WH-DAL-01,2026-07-03,821
PROD0139,WH-HOU-01,2026-08-14,64
PROD0463,WH-AUS-01,2026-08-01,25
PROD0292,WH-AUS-01,2026-07-13,18
PROD0111,WH-FTW-01,2026-07-30,422
PROD0018,WH-DAL-01,2026-07-21,372
PROD0018,WH-AUS-01,2026-07-12,3
PROD0156,WH-FTW-01,2026-07-20,915
PROD0265,WH-FTW-01,2026-08-03,552
PROD0415,WH-HOU-01,2026-07-10,190
PROD0498,WH-AUS-01,2026-07-27,674
PROD0242,WH-HOU-01,2026-07-05,67
PROD0337,WH-DAL-01,2026-07-11,630
PROD0085,WH-DAL-01,2026-07-16,393
PROD0306,WH-FTW-01,2026-07-10,557
PROD0081,WH-FTW-01,2026-07-25,301
PROD0194,WH-HOU-01,2026-07-06,294
PROD0243,WH-HOU-01,2026-08-10,56
PROD0369,WH-DAL-01,2026-07-11,929
PROD0011,WH-HOU-01,2026-07-20,36
PROD0023,WH-FTW-01,2026-07-15,670
PROD0340,WH-AUS-01,2026-07-04,672
PROD0368,WH-HOU-01,2026-07-04,499
PROD0228,WH-DAL-01,2026-07-20,202
PROD0211,WH-AUS-01,2026-08-13,910
PROD0332,WH-FTW-01,2026-08-12,75
PROD0004,WH-DAL-01,2026-07-05,328
PROD0122,WH-AUS-01,2026-08-02,70
PROD0467,WH-HOU-01,2026-07-18,723
PROD0470,WH-HOU-01,2026-07-25,1
PROD0144,WH-DAL-01,2026-07-03,287
PROD0125,WH-HOU-01,2026-07-13,949
PROD0268,WH-DAL-01,2026-07-12,858
PROD0099,WH-FTW-01,2026-07-09,929
PROD0428,WH-FTW-01,2026-07-28,998
PROD0299,WH-FTW-01,2026-07-08,921
PROD0296,WH-HOU-01,2026-07-10,387
PROD0339,WH-DAL-01,2026-07-19,269
PROD0430,WH-HOU-01,2026-07-31,746
PROD0098,WH-DAL-01,2026-08-13,106
PROD0041,WH-HOU-01,2026-07-04,750
PROD0255,WH-AUS-01,2026-07-16,327
PROD0384,WH-FTW-01,2026-07-01,933
PROD0178,WH-AUS-01,2026-07-04,872
PROD0353,WH-AUS-01,2026-07-30,313
PROD0263,WH-FTW-01,2026-07-28,530
PROD0480,WH-HOU-01,2026-07-14,618
PROD0248,WH-HOU-01,2026-07-18,957
PROD0487,WH-AUS-01,2026-07-04,483
PROD0043,WH-HOU-01,2026-07-01,227
PROD0450,WH-DAL-01,2026-07-22,553
PROD0018,WH-AUS-01,2026-07-11,25
PROD0398,WH-DAL-01,2026-07-19,470
PROD0260,WH-FTW-01,2026-07-07,82
PROD0018,WH-HOU-01,2026-07-27,341
PROD0211,WH-DAL-01,2026-07-28,769
PROD0184,WH-HOU-01,2026-08-03,122
PROD0034,WH-AUS-01,2026-07-03,656
PROD0124,WH-FTW-01,2026-08-12,835
PROD0335,WH-FTW-01,2026-07-13,353
PROD0268,WH-HOU-01,2026-08-04,414
PROD0363,WH-DAL-01,2026-08-02,769
PROD0084,WH-DAL-01,2026-07-22,820
PROD0347,WH-FTW-01,2026-08-02,303
PROD0471,WH-DAL-01,2026-08-09,964
PROD0477,WH-FTW-01,2026-07-04,446
PROD0282,WH-AUS-01,2026-07-21,350
PROD0194,WH-HOU-01,2026-08-06,490
PROD0259,WH-FTW-01,2026-07-25,945
PROD0341,WH-AUS-01,2026-07-03,607
PROD0037,WH-AUS-01,2026-07-09,210
PROD0183,WH-DAL-01,2026-07-05,756
PROD0403,WH-AUS-01,2026-07-19,282
PROD0292,WH-HOU-01,2026-08-09,466
PROD0440,WH-AUS-01,2026-08-10,976
PROD0434,WH-FTW-01,2026-07-24,720
PROD0477,WH-AUS-01,2026-08-10,587
PROD0365,WH-FTW-01,2026-07-20,545
PROD0066,WH-HOU-01,2026-07-06,380
PROD0398,WH-DAL-01,2026-07-01,125
PROD0215,WH-FTW-01,2026-08-01,292
PROD0434,WH-DAL-01,2026-08-11,351
PROD0051,WH-DAL-01,2026-07-21,547
PROD0449,WH-DAL-01,2026-07-29,591
PROD0131,WH-AUS-01,2026-07-08,73
PROD0179,WH-DAL-01,2026-07-03,247
PROD0400,WH-AUS-01,2026-07-15,557
PROD0099,WH-HOU-01,2026-07-08,79
PROD0161,WH-HOU-01,2026-07-26,602
PROD0105,WH-FTW-01,2026-07-15,809
PROD0359,WH-DAL-01,2026-07-17,357
PROD0229,WH-HOU-01,2026-08-09,227
PROD0466,WH-DAL-01,2026-07-01,965
PROD0220,WH-HOU-01,2026-07-26,213
PROD0044,WH-HOU-01,2026-07-19,328
PROD0473,WH-DAL-01,2026-07-27,519
PROD0317,WH-AUS-01,2026-08-07,38
PROD0474,WH-DAL-01,2026-07-14,331
PROD0104,WH-HOU-01,2026-07-14,587
PROD0434,WH-FTW-01,2026-08-12,959
PROD0426,WH-AUS-01,2026-07-09,304
PROD0088,WH-DAL-01,2026-08-12,338
PROD0350,WH-DAL-01,2026-08-04,332
PROD0162,WH-HOU-01,2026-07-27,811
PROD0056,WH-DAL-01,2026-07-24,346
PROD0096,WH-DAL-01,2026-07-31,665
PROD0303,WH-HOU-01,2026-08-10,282
PROD0275,WH-DAL-01,2026-07-07,454
PROD0235,WH-HOU-01,2026-08-11,201
PROD0194,WH-AUS-01,2026-07-28,905
PROD0293,WH-HOU-01,2026-08-09,253
PROD0250,WH-DAL-01,2026-07-14,796
PROD0398,WH-FTW-01,2026-08-12,284
PROD0393,WH-AUS-01,2026-07-14,571
PROD0477,WH-AUS-01,2026-07-30,665
PROD0403,WH-FTW-01,2026-08-01,639
PROD0338,WH-AUS-01,2026-07-11,998
PROD0427,WH-FTW-01,2026-08-11,798
PROD0039,WH-HOU-01,2026-07-20,47
PROD0054,WH-FTW-01,2026-08-11,207
PROD0306,WH-DAL-01,2026-07-17,779
PROD0044,WH-FTW-01,2026-07-18,95
PROD0430,WH-DAL-01,2026-07-01,701
PROD0477,WH-AUS-01,2026-08-02,760
PROD0084,WH-HOU-01,2026-07-09,829
PROD0302,WH-DAL-01,2026-07-11,216
PROD0209,WH-FTW-01,2026-08-07,585
PROD0127,WH-AUS-01,2026-07-03,825
PROD0038,WH-DAL-01,2026-08-09,304
PROD0369,WH-DAL-01,2026-07-14,327
PROD0409,WH-HOU-01,2026-07-04,102
PROD0427,WH-AUS-01,2026-07-23,849
PROD0263,WH-FTW-01,2026-07-12,972
PROD0236,WH-AUS-01,2026-08-07,816
PROD0113,WH-AUS-01,2026-07-31,710
PROD0032,WH-HOU-01,2026-07-26,841
PROD0056,WH-FTW-01,2026-07-30,151
PROD0334,WH-FTW-01,2026-08-01,83
PROD0420,WH-FTW-01,2026-08-06,617
PROD0267,WH-DAL-01,2026-07-17,976
PROD0106,WH-AUS-01,2026-07-19,232
PROD0289,WH-DAL-01,2026-07-14,349
PROD0178,WH-DAL-01,2026-07-04,566
PROD0016,WH-AUS-01,2026-07-12,782
PROD0323,WH-FTW-01,2026-07-07,990
PROD0475,WH-DAL-01,2026-07-04,928
PROD0426,WH-AUS-01,2026-08-05,785
PROD0381,WH-AUS-01,2026-08-09,877
PROD0111,WH-AUS-01,2026-07-04,314
PROD0010,WH-FTW-01,2026-08-11,304
PROD0263,WH-DAL-01,2026-07-01,358
PROD0442,WH-AUS-01,2026-07-21,373
PROD0175,WH-AUS-01,2026-08-02,142
PROD0060,WH-FTW-01,2026-08-05,572
PROD0020,WH-HOU-01,2026-07-02,458
PROD0005,WH-DAL-01,2026-08-12,25
PROD0340,WH-HOU-01,2026-07-04,505
PROD0446,WH-FTW-01,2026-08-06,975
PROD0074,WH-AUS-01,2026-07-09,193
PROD0197,WH-DAL-01,2026-07-28,473
PROD0038,WH-HOU-01,2026-07-11,148
PROD0132,WH-AUS-01,2026-07-20,397
PROD0056,WH-AUS-01,2026-07-13,391
PROD0145,WH-FTW-01,2026-07-02,168
PROD0042,WH-HOU-01,2026-07-13,155
PROD0093,WH-HOU-01,2026-07-03,348
PROD0481,WH-DAL-01,2026-07-01,226
PROD0188,WH-AUS-01,2026-08-10,658
PROD0410,WH-DAL-01,2026-07-19,851
PROD0373,WH-HOU-01,2026-07-23,893
PROD0370,WH-AUS-01,2026-08-11,979
PROD0337,WH-DAL-01,2026-07-01,713
PROD0237,WH-DAL-01,2026-08-13,596
PROD0256,WH-FTW-01,2026-07-30,198
PROD0238,WH-HOU-01,2026-07-31,94
PROD0174,WH-FTW-01,2026-07-01,876
PROD0414,WH-DAL-01,2026-08-12,857
PROD0005,WH-DAL-01,2026-07-06,804
PROD0457,WH-FTW-01,2026-07-11,534
PROD0400,WH-AUS-01,2026-07-05,193
PROD0446,WH-HOU-01,2026-07-20,189
PROD0168,WH-DAL-01,2026-07-25,461
PROD0486,WH-DAL-01,2026-07-24,55
PROD0022,WH-AUS-01,2026-08-05,564
PROD0269,WH-HOU-01,2026-08-11,110
PROD0488,WH-FTW-01,2026-08-12,365
PROD0386,WH-AUS-01,2026-07-26,611
PROD0446,WH-HOU-01,2026-07-16,270
PROD0309,WH-FTW-01,2026-07-22,609
PROD0013,WH-HOU-01,2026-07-10,629
PROD0316,WH-FTW-01,2026-07-12,586
PROD0469,WH-AUS-01,2026-08-13,896
PROD0049,WH-FTW-01,2026-07-29,540
PROD0039,WH-DAL-01,2026-07-30,766
PROD0086,WH-FTW-01,2026-07-12,42
PROD0042,WH-FTW-01,2026-07-25,978
PROD0089,WH-AUS-01,2026-07-14,415
PROD0053,WH-AUS-01,2026-07-24,824
PROD0259,WH-HOU-01,2026-08-09,385
PROD0115,WH-AUS-01,2026-07-04,425
PROD0123,WH-HOU-01,2026-08-10,248
PROD0344,WH-AUS-01,2026-07-15,290
PROD0018,WH-HOU-01,2026-08-05,685
PROD0347,WH-AUS-01,2026-07-11,678
PROD0037,WH-FTW-01,2026-07-05,591
PROD0487,WH-DAL-01,2026-07-07,562
PROD0292,WH-HOU-01,2026-08-13,172
PROD0176,WH-FTW-01,2026-07-13,934
PROD0218,WH-AUS-01,2026-07-27,548
PROD0497,WH-DAL-01,2026-07-18,998
PROD0031,WH-AUS-01,2026-07-29,215
PROD0080,WH-FTW-01,2026-08-08,758
PROD0458,WH-FTW-01,2026-08-11,776
PROD0385,WH-HOU-01,2026-08-08,895
PROD0185,WH-DAL-01,2026-08-09,936
PROD0073,WH-AUS-01,2026-07-15,375
PROD0059,WH-DAL-01,2026-07-02,375
PROD0037,WH-DAL-01,2026-07-17,561
PROD0014,WH-HOU-01,2026-07-10,560
PROD0093,WH-FTW-01,2026-08-09,521
PROD0002,WH-AUS-01,2026-07-10,461
PROD0259,WH-AUS-01,2026-08-14,483
PROD0178,WH-HOU-01,2026-07-03,219
PROD0283,WH-HOU-01,2026-07-25,524
PROD0262,WH-DAL-01,2026-07-30,385
PROD0037,WH-AUS-01,2026-07-10,535
PROD0221,WH-HOU-01,2026-07-12,577
PROD0109,WH-HOU-01,2026-07-20,263
PROD0013,WH-DAL-01,2026-07-25,450
PROD0272,WH-AUS-01,2026-07-16,625
PROD0181,WH-HOU-01,2026-08-09,642
PROD0255,WH-DAL-01,2026-07-12,681
PROD0368,WH-HOU-01,2026-08-09,234
PROD0129,WH-DAL-01,2026-07-11,805
PROD0472,WH-HOU-01,2026-08-05,225
PROD0043,WH-FTW-01,2026-07-30,124
PROD0284,WH-AUS-01,2026-07-20,377
PROD0075,WH-HOU-01,2026-07-01,887
PROD0151,WH-AUS-01,2026-07-09,397
PROD0350,WH-DAL-01,2026-07-12,562
PROD0175,WH-DAL-01,2026-07-25,440
PROD0463,WH-HOU-01,2026-07-03,213
PROD0023,WH-FTW-01,2026-07-19,584
PROD0310,WH-AUS-01,2026-07-12,16
PROD0184,WH-HOU-01,2026-07-19,914
PROD0206,WH-DAL-01,2026-07-22,122
PROD0401,WH-HOU-01,2026-07-03,958
PROD0314,WH-FTW-01,2026-07-19,422
PROD0494,WH-AUS-01,2026-08-03,162
PROD0359,WH-AUS-01,2026-07-20,669
PROD0447,WH-AUS-01,2026-07-29,168
PROD0015,WH-DAL-01,2026-07-25,219
PROD0074,WH-AUS-01,2026-08-04,869
PROD0192,WH-DAL-01,2026-08-12,790
PROD0224,WH-DAL-01,2026-07-12,627
PROD0379,WH-HOU-01,2026-07-03,652
PROD0023,WH-HOU-01,2026-08-10,701
PROD0358,WH-FTW-01,2026-07-30,112
PROD0171,WH-AUS-01,2026-07-05,214
PROD0204,WH-DAL-01,2026-08-10,370
PROD0265,WH-DAL-01,2026-07-02,336
PROD0172,WH-HOU-01,2026-07-30,106
PROD0444,WH-FTW-01,2026-07-10,61
PROD0155,WH-DAL-01,2026-07-30,248
PROD0213,WH-DAL-01,2026-08-02,265
PROD0446,WH-FTW-01,2026-08-06,118
PROD0044,WH-DAL-01,2026-07-08,321
PROD0255,WH-HOU-01,2026-07-05,247
PROD0302,WH-HOU-01,2026-08-01,451
PROD0473,WH-FTW-01,2026-07-26,874
PROD0458,WH-AUS-01,2026-07-09,233
PROD0398,WH-AUS-01,2026-07-17,682
PROD0141,WH-FTW-01,2026-07-28,903
PROD0111,WH-DAL-01,2026-08-09,990
PROD0021,WH-DAL-01,2026-07-10,838
PROD0240,WH-AUS-01,2026-07-26,984
PROD0428,WH-DAL-01,2026-07-23,370
PROD0131,WH-FTW-01,2026-08-14,367
PROD0079,WH-AUS-01,2026-07-14,43
PROD0134,WH-AUS-01,2026-07-03,765
PROD0004,WH-HOU-01,2026-07-30,488
PROD0079,WH-FTW-01,2026-08-09,700
PROD0456,WH-AUS-01,2026-07-22,647
PROD0016,WH-FTW-01,2026-07-03,955
PROD0192,WH-DAL-01,2026-08-13,311
PROD0353,WH-AUS-01,2026-07-19,877
PROD0331,WH-AUS-01,2026-08-03,655
PROD0144,WH-AUS-01,2026-07-13,352
PROD0147,WH-DAL-01,2026-07-03,541
PROD0339,WH-HOU-01,2026-07-08,103
PROD0304,WH-AUS-01,2026-08-05,532
PROD0259,WH-AUS-01,2026-07-07,344
PROD0269,WH-FTW-01,2026-07-07,795
PROD0425,WH-HOU-01,2026-07-04,901
PROD0391,WH-FTW-01,2026-07-04,865
PROD0186,WH-AUS-01,2026-08-10,303
PROD0005,WH-DAL-01,2026-07-18,304
PROD0391,WH-FTW-01,2026-08-12,741
PROD0042,WH-FTW-01,2026-08-05,459
PROD0177,WH-HOU-01,2026-07-04,391
PROD0335,WH-DAL-01,2026-07-23,484
PROD0412,WH-HOU-01,2026-07-31,988
PROD0271,WH-FTW-01,2026-08-01,930
PROD0251,WH-AUS-01,2026-07-28,234
PROD0449,WH-DAL-01,2026-08-01,457
PROD0275,WH-AUS-01,2026-08-06,327
PROD0382,WH-AUS-01,2026-07-04,31
PROD0479,WH-DAL-01,2026-07-16,653
PROD0484,WH-DAL-01,2026-07-09,68
PROD0097,WH-FTW-01,2026-07-22,157
PROD0173,WH-DAL-01,2026-07-26,924
PROD0077,WH-FTW-01,2026-07-02,940
PROD0205,WH-AUS-01,2026-08-10,502
PROD0111,WH-AUS-01,2026-07-11,564
PROD0393,WH-FTW-01,2026-07-15,860
PROD0486,WH-DAL-01,2026-08-06,121
PROD0104,WH-AUS-01,2026-07-28,205
PROD0072,WH-DAL-01,2026-07-20,727
PROD0093,WH-AUS-01,2026-07-03,107
PROD0241,WH-DAL-01,2026-07-05,77
PROD0198,WH-FTW-01,2026-07-25,800
PROD0085,WH-FTW-01,2026-08-06,967
PROD0255,WH-AUS-01,2026-07-04,124
PROD0266,WH-HOU-01,2026-07-12,366
PROD0360,WH-DAL-01,2026-07-28,440
PROD0342,WH-DAL-01,2026-07-05,104
PROD0421,WH-DAL-01,2026-08-08,807
PROD0063,WH-DAL-01,2026-08-13,282
PROD0307,WH-FTW-01,2026-07-22,667
PROD0008,WH-DAL-01,2026-07-15,448
PROD0390,WH-AUS-01,2026-07-20,315
PROD0240,WH-AUS-01,2026-07-10,13
PROD0379,WH-HOU-01,2026-08-05,311
PROD0364,WH-HOU-01,2026-07-22,315
PROD0092,WH-HOU-01,2026-07-07,904
PROD0213,WH-HOU-01,2026-08-06,294
PROD0055,WH-AUS-01,2026-08-09,388
PROD0346,WH-FTW-01,2026-07-06,71
PROD0063,WH-AUS-01,2026-07-24,53
PROD0020,WH-HOU-01,2026-08-03,210
PROD0288,WH-FTW-01,2026-07-21,198
PROD0369,WH-FTW-01,2026-08-06,100
PROD0352,WH-FTW-01,2026-08-03,111
PROD0443,WH-HOU-01,2026-08-11,345
PROD0131,WH-AUS-01,2026-07-02,686
PROD0481,WH-DAL-01,2026-07-13,952
PROD0037,WH-FTW-01,2026-07-22,826
PROD0465,WH-FTW-01,2026-08-13,518
PROD0076,WH-FTW-01,2026-08-14,970
PROD0048,WH-AUS-01,2026-08-01,547
PROD0336,WH-DAL-01,2026-08-09,566
PROD0431,WH-DAL-01,2026-08-04,861
PROD0144,WH-AUS-01,2026-07-10,298
PROD0429,WH-AUS-01,2026-07-18,343
PROD0395,WH-AUS-01,2026-07-22,521
PROD0072,WH-HOU-01,2026-08-06,636
PROD0116,WH-HOU-01,2026-07-28,662
PROD0274,WH-FTW-01,2026-07-12,168
PROD0186,WH-AUS-01,2026-07-16,168
PROD0310,WH-AUS-01,2026-08-07,99
PROD0063,WH-AUS-01,2026-07-31,535
PROD0267,WH-FTW-01,2026-08-09,472
PROD0088,WH-HOU-01,2026-08-07,112
PROD0115,WH-DAL-01,2026-07-11,686
PROD0497,WH-AUS-01,2026-07-04,384
PROD0092,WH-HOU-01,2026-07-07,468
PROD0031,WH-AUS-01,2026-08-10,644
PROD0247,WH-AUS-01,2026-07-07,193
PROD0225,WH-HOU-01,2026-07-24,123
PROD0162,WH-FTW-01,2026-07-13,861
PROD0352,WH-FTW-01,2026-07-17,520
PROD0247,WH-HOU-01,2026-08-03,383
PROD0174,WH-FTW-01,2026-07-21,356
PROD0057,WH-DAL-01,2026-08-10,739
PROD0043,WH-HOU-01,2026-08-03,852
PROD0051,WH-DAL-01,2026-07-09,545
PROD0102,WH-DAL-01,2026-07-20,819
PROD0084,WH-DAL-01,2026-07-18,343
PROD0231,WH-DAL-01,2026-07-10,96
PROD0412,WH-FTW-01,2026-07-23,640
PROD0369,WH-FTW-01,2026-07-30,903
PROD0032,WH-HOU-01,2026-07-03,40
PROD0249,WH-AUS-01,2026-08-07,651
PROD0421,WH-DAL-01,2026-07-17,1
PROD0021,WH-AUS-01,2026-07-19,870
PROD0039,WH-AUS-01,2026-08-13,121
PROD0480,WH-FTW-01,2026-07-21,456
PROD0079,WH-AUS-01,2026-07-22,169
PROD0026,WH-DAL-01,2026-07-18,481
PROD0135,WH-DAL-01,2026-07-15,197
PROD0280,WH-AUS-01,2026-07-04,384
PROD0172,WH-DAL-01,2026-07-31,982
PROD0382,WH-HOU-01,2026-07-05,994
PROD0227,WH-HOU-01,2026-08-14,675
PROD0191,WH-DAL-01,2026-07-26,549
PROD0476,WH-AUS-01,2026-08-10,144
PROD0290,WH-DAL-01,2026-07-24,186
PROD0095,WH-HOU-01,2026-07-10,373
PROD0352,WH-FTW-01,2026-08-02,728
PROD0312,WH-AUS-01,2026-07-07,514
PROD0414,WH-AUS-01,2026-08-13,470
PROD0276,WH-HOU-01,2026-07-30,720
PROD0378,WH-DAL-01,2026-07-02,655
PROD0369,WH-DAL-01,2026-07-28,350
PROD0210,WH-FTW-01,2026-07-24,197
PROD0338,WH-FTW-01,2026-07-28,722
PROD0310,WH-FTW-01,2026-07-27,721
PROD0407,WH-FTW-01,2026-07-31,252
PROD0409,WH-AUS-01,2026-07-14,33
PROD0147,WH-FTW-01,2026-07-30,161
PROD0283,WH-AUS-01,2026-08-01,357
PROD0061,WH-HOU-01,2026-08-03,935
PROD0126,WH-FTW-01,2026-07-10,632
PROD0013,WH-DAL-01,2026-08-04,34
PROD0219,WH-FTW-01,2026-08-08,617
PROD0341,WH-FTW-01,2026-08-06,579
PROD0217,WH-HOU-01,2026-07-29,744
PROD0087,WH-DAL-01,2026-07-10,152
PROD0470,WH-DAL-01,2026-07-16,85
PROD0168,WH-DAL-01,2026-07-11,912
PROD0406,WH-DAL-01,2026-08-01,474
PROD0135,WH-DAL-01,2026-08-11,747
PROD0365,WH-DAL-01,2026-08-02,524
PROD0177,WH-FTW-01,2026-08-11,650
PROD0400,WH-HOU-01,2026-08-11,794
PROD0181,WH-DAL-01,2026-07-11,817
PROD0456,WH-DAL-01,2026-08-05,437
PROD0015,WH-FTW-01,2026-07-01,80
PROD0406,WH-DAL-01,2026-07-09,878
PROD0085,WH-HOU-01,2026-07-01,852
PROD0095,WH-DAL-01,2026-08-05,990
PROD0184,WH-FTW-01,2026-07-27,267
PROD0035,WH-FTW-01,2026-07-09,350
PROD0281,WH-FTW-01,2026-07-26,98
PROD0091,WH-AUS-01,2026-07-28,144
PROD0394,WH-FTW-01,2026-08-07,538
PROD0478,WH-AUS-01,2026-07-09,308
PROD0406,WH-FTW-01,2026-07-14,326
PROD0044,WH-FTW-01,2026-08-14,927
PROD0348,WH-FTW-01,2026-07-29,814
PROD0171,WH-DAL-01,2026-07-05,261
PROD0420,WH-FTW-01,2026-07-05,96
PROD0063,WH-AUS-01,2026-07-26,425
PROD0106,WH-DAL-01,2026-07-13,240
PROD0308,WH-AUS-01,2026-07-31,99
PROD0089,WH-HOU-01,2026-08-03,949
PROD0489,WH-FTW-01,2026-08-03,629
PROD0037,WH-FTW-01,2026-07-19,192
PROD0288,WH-AUS-01,2026-07-23,145
PROD0253,WH-FTW-01,2026-08-09,68
PROD0158,WH-DAL-01,2026-07-23,447
PROD0318,WH-FTW-01,2026-07-02,763
PROD0178,WH-AUS-01,2026-08-05,284
PROD0181,WH-DAL-01,2026-08-13,972
PROD0298,WH-HOU-01,2026-07-03,927
PROD0030,WH-DAL-01,2026-08-10,937
PROD0226,WH-DAL-01,2026-07-19,77
PROD0009,WH-DAL-01,2026-07-30,761
PROD0002,WH-HOU-01,2026-08-10,149
PROD0209,WH-DAL-01,2026-08-09,80
PROD0117,WH-FTW-01,2026-08-08,543
PROD0252,WH-DAL-01,2026-07-09,359
PROD0210,WH-DAL-01,2026-08-09,815
PROD0262,WH-HOU-01,2026-08-01,275
PROD0075,WH-DAL-01,2026-08-12,264
PROD0336,WH-FTW-01,2026-08-09,232
PROD0064,WH-HOU-01,2026-07-18,755
PROD0212,WH-HOU-01,2026-08-07,118
PROD0363,WH-FTW-01,2026-07-24,630
PROD0128,WH-HOU-01,2026-07-18,375
PROD0106,WH-DAL-01,2026-08-12,625
PROD0085,WH-FTW-01,2026-07-04,768
PROD0218,WH-HOU-01,2026-07-06,456
PROD0136,WH-FTW-01,2026-08-05,895
PROD0491,WH-AUS-01,2026-07-26,773
PROD0423,WH-AUS-01,2026-07-09,461
PROD0439,WH-FTW-01,2026-08-07,396
PROD0356,WH-AUS-01,2026-07-01,610
PROD0313,WH-HOU-01,2026-07-23,518
PROD0393,WH-FTW-01,2026-07-09,302
PROD0268,WH-HOU-01,2026-07-28,421
PROD0050,WH-DAL-01,2026-07-14,491
PROD0389,WH-FTW-01,2026-07-22,72
PROD0093,WH-FTW-01,2026-07-05,245
PROD0388,WH-HOU-01,2026-07-15,57
PROD0128,WH-DAL-01,2026-07-15,309
PROD0140,WH-DAL-01,2026-08-04,250
PROD0423,WH-DAL-01,2026-07-31,865
PROD0147,WH-DAL-01,2026-07-25,320
PROD0466,WH-AUS-01,2026-07-10,398
PROD0128,WH-HOU-01,2026-08-07,166
PROD0187,WH-FTW-01,2026-08-04,449
PROD0122,WH-AUS-01,2026-08-04,313
PROD0441,WH-FTW-01,2026-07-06,138
PROD0190,WH-FTW-01,2026-07-17,127
PROD0099,WH-AUS-01,2026-07-08,420
PROD0187,WH-FTW-01,2026-08-06,187
PROD0431,WH-FTW-01,2026-07-31,776
PROD0334,WH-HOU-01,2026-07-07,649
PROD0357,WH-FTW-01,2026-08-03,112
PROD0226,WH-DAL-01,2026-07-17,188
PROD0323,WH-AUS-01,2026-08-06,812
PROD0372,WH-DAL-01,2026-07-06,373
PROD0431,WH-AUS-01,2026-07-13,88
PROD0407,WH-AUS-01,2026-07-14,966
PROD0141,WH-DAL-01,2026-07-22,174
PROD0353,WH-HOU-01,2026-07-26,454
PROD0137,WH-AUS-01,2026-07-08,32
PROD0174,WH-DAL-01,2026-08-06,232
PROD0115,WH-AUS-01,2026-07-12,533
PROD0167,WH-HOU-01,2026-07-11,878
PROD0182,WH-AUS-01,2026-07-09,568
PROD0083,WH-FTW-01,2026-08-02,588
PROD0317,WH-HOU-01,2026-07-19,997
PROD0211,WH-DAL-01,2026-07-10,327
PROD0211,WH-DAL-01,2026-08-07,275
PROD0297,WH-DAL-01,2026-07-03,950
PROD0202,WH-HOU-01,2026-08-03,57
PROD0393,WH-DAL-01,2026-08-01,556
PROD0175,WH-HOU-01,2026-08-13,142
PROD0314,WH-HOU-01,2026-07-31,410
PROD0381,WH-HOU-01,2026-08-12,299
PROD0346,WH-AUS-01,2026-07-25,461
PROD0366,WH-DAL-01,2026-07-31,885
PROD0410,WH-HOU-01,2026-07-27,952
PROD0367,WH-DAL-01,2026-08-02,320
PROD0063,WH-HOU-01,2026-07-15,253
PROD0038,WH-HOU-01,2026-08-05,192
PROD0130,WH-DAL-01,2026-08-11,708
PROD0132,WH-AUS-01,2026-08-08,672
PROD0490,WH-HOU-01,2026-07-21,429
PROD0119,WH-HOU-01,2026-08-03,998
PROD0190,WH-AUS-01,2026-07-19,524
PROD0182,WH-HOU-01,2026-07-08,681
PROD0288,WH-AUS-01,2026-07-18,831
PROD0262,WH-DAL-01,2026-07-12,346
PROD0440,WH-FTW-01,2026-07-22,729
PROD0047,WH-DAL-01,2026-07-13,853
PROD0458,WH-FTW-01,2026-07-12,904
PROD0022,WH-FTW-01,2026-07-03,881
PROD0087,WH-FTW-01,2026-07-22,969
PROD0407,WH-DAL-01,2026-08-07,258
PROD0007,WH-FTW-01,2026-07-14,819
PROD0017,WH-HOU-01,2026-08-05,846
PROD0058,WH-FTW-01,2026-08-14,550
PROD0187,WH-AUS-01,2026-07-09,218
PROD0400,WH-FTW-01,2026-07-04,750
PROD0032,WH-FTW-01,2026-07-01,13
PROD0376,WH-AUS-01,2026-07-04,552
PROD0423,WH-AUS-01,2026-07-16,897
PROD0478,WH-HOU-01,2026-07-27,442
PROD0369,WH-DAL-01,2026-08-13,891
PROD0186,WH-HOU-01,2026-07-22,242
PROD0173,WH-AUS-01,2026-08-13,580
PROD0092,WH-AUS-01,2026-07-02,683
PROD0158,WH-HOU-01,2026-07-25,654
PROD0453,WH-AUS-01,2026-07-16,816
PROD0412,WH-AUS-01,2026-08-03,101
PROD0098,WH-DAL-01,2026-07-28,835
PROD0360,WH-AUS-01,2026-07-22,15
PROD0033,WH-DAL-01,2026-07-10,790
PROD0419,WH-HOU-01,2026-07-04,117
PROD0147,WH-AUS-01,2026-07-12,442
PROD0191,WH-AUS-01,2026-08-05,415
PROD0188,WH-AUS-01,2026-07-22,544
PROD0160,WH-HOU-01,2026-07-26,292
PROD0495,WH-AUS-01,2026-07-19,377
PROD0408,WH-HOU-01,2026-07-31,794
PROD0095,WH-FTW-01,2026-08-10,106
PROD0269,WH-DAL-01,2026-07-17,869
PROD0253,WH-FTW-01,2026-08-04,250
PROD0147,WH-AUS-01,2026-08-04,297
PROD0481,WH-AUS-01,2026-08-14,959
PROD0217,WH-FTW-01,2026-08-07,797
PROD0002,WH-HOU-01,2026-07-13,708
PROD0401,WH-FTW-01,2026-08-01,842
PROD0032,WH-HOU-01,2026-07-02,902
PROD0120,WH-AUS-01,2026-07-18,428
PROD0236,WH-AUS-01,2026-08-11,668
PROD0470,WH-HOU-01,2026-08-01,384
PROD0038,WH-FTW-01,2026-07-01,83
PROD0491,WH-AUS-01,2026-07-31,958
PROD0302,WH-FTW-01,2026-08-05,622
PROD0478,WH-FTW-01,2026-07-18,149
PROD0384,WH-FTW-01,2026-08-03,642
PROD0329,WH-HOU-01,2026-08-13,442
PROD0355,WH-DAL-01,2026-08-03,309
PROD0051,WH-FTW-01,2026-07-01,54
PROD0430,WH-HOU-01,2026-08-05,964
PROD0045,WH-FTW-01,2026-08-02,627
PROD0175,WH-AUS-01,2026-07-11,218
PROD0410,WH-FTW-01,2026-08-01,479
PROD0435,WH-AUS-01,2026-07-21,678
PROD0040,WH-FTW-01,2026-08-06,391
PROD0299,WH-AUS-01,2026-07-19,393
PROD0279,WH-HOU-01,2026-08-14,383
PROD0422,WH-DAL-01,2026-07-23,658
PROD0269,WH-FTW-01,2026-08-14,996
PROD0231,WH-FTW-01,2026-07-16,638
PROD0273,WH-AUS-01,2026-07-30,32
PROD0265,WH-FTW-01,2026-07-31,485
PROD0429,WH-HOU-01,2026-07-02,248
PROD0330,WH-DAL-01,2026-07-18,298
PROD0470,WH-AUS-01,2026-08-14,430
PROD0125,WH-DAL-01,2026-07-09,6
PROD0051,WH-DAL-01,2026-07-14,322
PROD0287,WH-HOU-01,2026-07-07,135
PROD0396,WH-DAL-01,2026-07-25,329
PROD0250,WH-DAL-01,2026-07-10,488
PROD0147,WH-AUS-01,2026-07-04,991
PROD0358,WH-DAL-01,2026-08-04,96
PROD0014,WH-HOU-01,2026-07-29,981
PROD0320,WH-DAL-01,2026-07-13,887
PROD0307,WH-FTW-01,2026-07-15,414
PROD0422,WH-HOU-01,2026-07-14,558
PROD0034,WH-AUS-01,2026-07-22,929
PROD0299,WH-AUS-01,2026-07-09,339
PROD0494,WH-FTW-01,2026-08-13,12
PROD0331,WH-AUS-01,2026-07-25,33
PROD0486,WH-AUS-01,2026-07-03,774
PROD0252,WH-DAL-01,2026-08-10,955
PROD0140,WH-FTW-01,2026-07-09,494
PROD0470,WH-FTW-01,2026-08-11,267
PROD0483,WH-DAL-01,2026-07-27,506
PROD0358,WH-AUS-01,2026-07-18,609
PROD0319,WH-DAL-01,2026-07-19,827
PROD0317,WH-HOU-01,2026-07-03,124
PROD0253,WH-HOU-01,2026-07-29,280
PROD0084,WH-AUS-01,2026-07-15,642
PROD0292,WH-DAL-01,2026-08-05,935
PROD0478,WH-DAL-01,2026-08-08,705
PROD0484,WH-DAL-01,2026-08-06,550
PROD0436,WH-AUS-01,2026-07-04,97
PROD0316,WH-HOU-01,2026-07-06,82
PROD0450,WH-FTW-01,2026-08-06,967
PROD0301,WH-DAL-01,2026-07-09,668
PROD0431,WH-HOU-01,2026-07-17,232
PROD0329,WH-HOU-01,2026-08-11,587
PROD0038,WH-FTW-01,2026-07-31,75
PROD0353,WH-AUS-01,2026-07-20,603
PROD0225,WH-FTW-01,2026-07-28,87
PROD0168,WH-AUS-01,2026-07-03,714
PROD0370,WH-FTW-01,2026-08-14,624
PROD0445,WH-FTW-01,2026-07-21,986
PROD0287,WH-AUS-01,2026-07-05,225
PROD0153,WH-AUS-01,2026-07-05,171
PROD0377,WH-FTW-01,2026-07-23,697
PROD0015,WH-DAL-01,2026-07-12,380
PROD0393,WH-AUS-01,2026-07-26,515
PROD0381,WH-FTW-01,2026-07-20,605
PROD0368,WH-HOU-01,2026-07-02,113
PROD0414,WH-HOU-01,2026-07-19,143
PROD0070,WH-DAL-01,2026-07-05,109
PROD0010,WH-DAL-01,2026-07-18,930
PROD0475,WH-DAL-01,2026-07-21,934
PROD0150,WH-AUS-01,2026-07-06,521
PROD0304,WH-HOU-01,2026-07-13,339
PROD0352,WH-FTW-01,2026-07-28,303
PROD0045,WH-DAL-01,2026-07-08,5
PROD0004,WH-HOU-01,2026-07-27,146
PROD0108,WH-HOU-01,2026-07-13,605
PROD0394,WH-FTW-01,2026-07-28,106
PROD0234,WH-DAL-01,2026-08-11,209
PROD0310,WH-AUS-01,2026-07-29,574
PROD0357,WH-HOU-01,2026-07-01,565
PROD0019,WH-HOU-01,2026-07-14,212
PROD0031,WH-AUS-01,2026-07-10,377
PROD0413,WH-AUS-01,2026-07-21,411
PROD0218,WH-FTW-01,2026-08-14,758
PROD0359,WH-DAL-01,2026-08-11,852
PROD0256,WH-AUS-01,2026-07-27,583
PROD0356,WH-FTW-01,2026-08-08,125
PROD0012,WH-FTW-01,2026-07-21,332
PROD0223,WH-HOU-01,2026-07-17,650
PROD0382,WH-DAL-01,2026-07-28,81
PROD0392,WH-AUS-01,2026-07-30,553
PROD0206,WH-AUS-01,2026-07-27,896
PROD0021,WH-DAL-01,2026-07-20,208
PROD0231,WH-FTW-01,2026-08-05,470
PROD0233,WH-HOU-01,2026-08-08,371
PROD0332,WH-AUS-01,2026-08-01,694
PROD0111,WH-FTW-01,2026-08-12,681
PROD0309,WH-HOU-01,2026-07-05,393
PROD0049,WH-DAL-01,2026-08-10,680
PROD0430,WH-HOU-01,2026-08-04,748
PROD0359,WH-HOU-01,2026-08-08,220
PROD0237,WH-DAL-01,2026-07-22,941
PROD0289,WH-HOU-01,2026-07-09,138
PROD0332,WH-AUS-01,2026-08-11,266
PROD0064,WH-FTW-01,2026-07-12,387
PROD0336,WH-HOU-01,2026-07-16,489
PROD0448,WH-DAL-01,2026-07-09,270
PROD0213,WH-DAL-01,2026-07-18,518
PROD0377,WH-HOU-01,2026-07-30,67
PROD0173,WH-HOU-01,2026-07-03,221
PROD0179,WH-DAL-01,2026-08-02,246
PROD0023,WH-DAL-01,2026-07-28,613
PROD0463,WH-FTW-01,2026-07-16,281
PROD0378,WH-FTW-01,2026-07-28,450
PROD0080,WH-AUS-01,2026-07-25,101
PROD0145,WH-FTW-01,2026-08-08,545
PROD0414,WH-AUS-01,2026-08-10,507
PROD0182,WH-AUS-01,2026-07-30,413
PROD0468,WH-FTW-01,2026-08-04,37
PROD0193,WH-FTW-01,2026-07-26,714
PROD0141,WH-AUS-01,2026-08-11,743
PROD0394,WH-AUS-01,2026-08-13,455
PROD0165,WH-FTW-01,2026-07-05,286
PROD0065,WH-AUS-01,2026-08-04,327
PROD0142,WH-HOU-01,2026-07-29,676
PROD0014,WH-AUS-01,2026-07-13,506
PROD0444,WH-FTW-01,2026-07-26,827
PROD0138,WH-FTW-01,2026-07-09,894
PROD0251,WH-FTW-01,2026-08-03,295
PROD0038,WH-AUS-01,2026-07-20,575
PROD0199,WH-FTW-01,2026-07-24,644
PROD0091,WH-DAL-01,2026-08-02,483
PROD0319,WH-DAL-01,2026-08-07,585
PROD0119,WH-DAL-01,2026-07-18,695
PROD0367,WH-FTW-01,2026-07-10,71
PROD0258,WH-DAL-01,2026-08-01,792
PROD0068,WH-AUS-01,2026-08-02,16
PROD0360,WH-FTW-01,2026-08-05,340
PROD0273,WH-FTW-01,2026-08-11,668
PROD0380,WH-AUS-01,2026-07-17,338
PROD0468,WH-FTW-01,2026-07-14,275
PROD0199,WH-DAL-01,2026-08-09,17
PROD0438,WH-AUS-01,2026-07-21,192
PROD0443,WH-DAL-01,2026-07-03,784
PROD0435,WH-HOU-01,2026-07-23,765
PROD0198,WH-HOU-01,2026-07-28,999
PROD0191,WH-HOU-01,2026-08-11,12
PROD0072,WH-DAL-01,2026-07-09,163
PROD0266,WH-FTW-01,2026-08-06,551
PROD0089,WH-HOU-01,2026-08-12,908
PROD0132,WH-DAL-01,2026-07-21,35
PROD0464,WH-FTW-01,2026-07-05,167
PROD0062,WH-DAL-01,2026-08-13,368
PROD0264,WH-AUS-01,2026-07-11,19
PROD0369,WH-DAL-01,2026-08-07,116
PROD0306,WH-HOU-01,2026-08-03,866
PROD0357,WH-HOU-01,2026-08-07,363
PROD0216,WH-HOU-01,2026-08-10,642
PROD0184,WH-DAL-01,2026-07-10,794
PROD0338,WH-AUS-01,2026-07-11,526
PROD0190,WH-AUS-01,2026-07-09,987
PROD0068,WH-AUS-01,2026-08-11,340
PROD0023,WH-HOU-01,2026-07-02,223
PROD0087,WH-FTW-01,2026-07-21,174
PROD0453,WH-DAL-01,2026-08-08,773
PROD0311,WH-AUS-01,2026-07-11,503
PROD0369,WH-DAL-01,2026-07-07,828
PROD0268,WH-AUS-01,2026-07-10,17
PROD0129,WH-FTW-01,2026-08-02,128
PROD0134,WH-FTW-01,2026-08-03,599
PROD0024,WH-FTW-01,2026-08-14,756
PROD0445,WH-FTW-01,2026-07-14,214
PROD0463,WH-AUS-01,2026-07-16,212
PROD0493,WH-FTW-01,2026-07-15,727
PROD0269,WH-AUS-01,2026-07-07,400
PROD0396,WH-FTW-01,2026-07-27,588
PROD0444,WH-FTW-01,2026-07-11,511
PROD0476,WH-DAL-01,2026-08-03,39
PROD0206,WH-AUS-01,2026-08-08,347
PROD0166,WH-FTW-01,2026-07-23,801
PROD0209,WH-DAL-01,2026-07-04,63
PROD0112,WH-AUS-01,2026-07-21,472
PROD0075,WH-FTW-01,2026-08-04,546
PROD0228,WH-DAL-01,2026-08-06,308
PROD0284,WH-HOU-01,2026-07-24,419
PROD0117,WH-AUS-01,2026-08-13,145
PROD0043,WH-FTW-01,2026-07-16,350
PROD0089,WH-FTW-01,2026-07-11,654
PROD0204,WH-FTW-01,2026-08-01,596
PROD0357,WH-AUS-01,2026-07-01,482
PROD0369,WH-FTW-01,2026-07-20,544
PROD0084,WH-DAL-01,2026-08-08,600
PROD0348,WH-FTW-01,2026-07-29,517
PROD0057,WH-HOU-01,2026-07-09,526
PROD0336,WH-FTW-01,2026-08-04,947
PROD0376,WH-HOU-01,2026-08-07,782
PROD0392,WH-AUS-01,2026-07-06,454
PROD0329,WH-FTW-01,2026-07-13,131
PROD0348,WH-FTW-01,2026-07-11,421
PROD0323,WH-HOU-01,2026-07-27,261
PROD0045,WH-AUS-01,2026-07-06,666
PROD0102,WH-AUS-01,2026-08-12,247
PROD0366,WH-FTW-01,2026-07-27,625
PROD0425,WH-AUS-01,2026-07-11,325
PROD0035,WH-FTW-01,2026-07-15,405
PROD0359,WH-AUS-01,2026-07-26,273
PROD0300,WH-FTW-01,2026-07-24,600
PROD0080,WH-FTW-01,2026-07-26,382
PROD0261,WH-FTW-01,2026-08-13,175
PROD0453,WH-DAL-01,2026-07-03,640
PROD0483,WH-DAL-01,2026-08-14,507
PROD0362,WH-AUS-01,2026-07-28,444
PROD0282,WH-AUS-01,2026-07-21,844
PROD0073,WH-FTW-01,2026-07-26,402
PROD0192,WH-AUS-01,2026-08-01,577
PROD0302,WH-DAL-01,2026-07-27,607
PROD0478,WH-DAL-01,2026-07-20,944
PROD0420,WH-DAL-01,2026-07-30,944
PROD0411,WH-FTW-01,2026-07-25,224
PROD0065,WH-HOU-01,2026-08-11,772
PROD0062,WH-DAL-01,2026-07-11,634
PROD0187,WH-FTW-01,2026-07-23,866
PROD0304,WH-AUS-01,2026-07-28,552
PROD0365,WH-HOU-01,2026-08-10,977
PROD0249,WH-AUS-01,2026-07-07,750
PROD0474,WH-DAL-01,2026-08-10,61
PROD0458,WH-FTW-01,2026-07-04,147
PROD0132,WH-HOU-01,2026-08-12,588
PROD0061,WH-FTW-01,2026-08-13,585
PROD0048,WH-HOU-01,2026-07-02,107
PROD0125,WH-HOU-01,2026-07-14,951
PROD0192,WH-HOU-01,2026-07-03,16
PROD0452,WH-HOU-01,2026-07-27,259
PROD0260,WH-AUS-01,2026-07-02,111
PROD0486,WH-DAL-01,2026-08-09,431
PROD0073,WH-FTW-01,2026-07-16,918
PROD0162,WH-HOU-01,2026-07-07,84
PROD0448,WH-HOU-01,2026-08-05,697
PROD0453,WH-FTW-01,2026-07-12,128
PROD0287,WH-HOU-01,2026-07-30,434
PROD0484,WH-HOU-01,2026-07-05,354
PROD0097,WH-FTW-01,2026-07-28,826
PROD0013,WH-AUS-01,2026-08-12,133
PROD0459,WH-AUS-01,2026-07-26,404
PROD0037,WH-AUS-01,2026-08-04,466
PROD0355,WH-FTW-01,2026-07-21,36
PROD0424,WH-FTW-01,2026-08-09,83
PROD0306,WH-AUS-01,2026-07-04,182
PROD0305,WH-AUS-01,2026-08-14,887
PROD0303,WH-FTW-01,2026-07-22,394
PROD0402,WH-HOU-01,2026-07-26,689
PROD0186,WH-AUS-01,2026-08-13,191
PROD0119,WH-AUS-01,2026-07-07,69
PROD0414,WH-HOU-01,2026-08-10,248
PROD0231,WH-DAL-01,2026-07-02,785
PROD0205,WH-DAL-01,2026-07-06,157
PROD0197,WH-FTW-01,2026-07-06,914
PROD0106,WH-FTW-01,2026-07-30,29
PROD0070,WH-HOU-01,2026-07-11,656
PROD0112,WH-HOU-01,2026-07-29,357
PROD0262,WH-DAL-01,2026-07-06,956
PROD0173,WH-HOU-01,2026-07-31,634
PROD0131,WH-HOU-01,2026-07-08,508
PROD0434,WH-AUS-01,2026-07-24,773
PROD0477,WH-AUS-01,2026-07-16,657
PROD0185,WH-AUS-01,2026-07-18,13
PROD0213,WH-DAL-01,2026-07-07,997
PROD0045,WH-FTW-01,2026-07-08,900
PROD0072,WH-HOU-01,2026-08-05,771
PROD0284,WH-FTW-01,2026-07-31,776
PROD0177,WH-HOU-01,2026-07-20,363
PROD0445,WH-DAL-01,2026-07-09,34
PROD0204,WH-HOU-01,2026-07-04,426
PROD0170,WH-DAL-01,2026-07-23,251
PROD0112,WH-AUS-01,2026-08-08,321
PROD0038,WH-DAL-01,2026-08-08,967
PROD0269,WH-FTW-01,2026-07-26,169
PROD0287,WH-DAL-01,2026-07-24,235
PROD0192,WH-DAL-01,2026-08-04,667
PROD0161,WH-FTW-01,2026-07-13,464
PROD0480,WH-DAL-01,2026-08-12,455
PROD0347,WH-HOU-01,2026-07-09,859
PROD0146,WH-DAL-01,2026-08-03,221
PROD0207,WH-HOU-01,2026-07-23,200
PROD0324,WH-AUS-01,2026-08-03,658
PROD0256,WH-AUS-01,2026-07-10,970
PROD0049,WH-HOU-01,2026-08-11,272
PROD0365,WH-HOU-01,2026-07-31,315
PROD0046,WH-HOU-01,2026-08-11,799
PROD0180,WH-FTW-01,2026-07-19,587
PROD0249,WH-AUS-01,2026-07-23,289
PROD0114,WH-FTW-01,2026-07-28,76
PROD0239,WH-AUS-01,2026-08-14,67
PROD0056,WH-DAL-01,2026-07-10,712
PROD0299,WH-FTW-01,2026-08-07,530
PROD0298,WH-FTW-01,2026-08-03,804
PROD0331,WH-DAL-01,2026-07-01,835
PROD0019,WH-FTW-01,2026-08-12,882
PROD0413,WH-DAL-01,2026-07-21,568
PROD0015,WH-DAL-01,2026-08-01,200
PROD0417,WH-FTW-01,2026-08-14,963
PROD0445,WH-HOU-01,2026-07-09,83
PROD0169,WH-AUS-01,2026-07-11,488
PROD0096,WH-DAL-01,2026-07-13,797
PROD0341,WH-FTW-01,2026-07-27,114
PROD0183,WH-DAL-01,2026-08-06,693
PROD0257,WH-AUS-01,2026-07-18,273
PROD0437,WH-DAL-01,2026-07-18,29
PROD0377,WH-FTW-01,2026-07-11,574
PROD0206,WH-HOU-01,2026-08-08,72
PROD0337,WH-DAL-01,2026-07-29,798
PROD0253,WH-DAL-01,2026-07-22,991
PROD0346,WH-AUS-01,2026-07-31,680
PROD0070,WH-DAL-01,2026-07-10,791
PROD0496,WH-FTW-01,2026-08-13,584
PROD0391,WH-FTW-01,2026-07-02,139
PROD0181,WH-HOU-01,2026-07-07,321
PROD0126,WH-DAL-01,2026-08-07,967
PROD0185,WH-HOU-01,2026-08-13,189
PROD0016,WH-FTW-01,2026-07-04,683
PROD0337,WH-AUS-01,2026-08-09,725
PROD0370,WH-DAL-01,2026-07-06,88
PROD0098,WH-DAL-01,2026-07-15,10
PROD0249,WH-DAL-01,2026-07-28,883
PROD0497,WH-HOU-01,2026-07-02,219
PROD0238,WH-DAL-01,2026-08-12,239
PROD0169,WH-HOU-01,2026-07-19,315
PROD0123,WH-AUS-01,2026-07-26,356
PROD0408,WH-FTW-01,2026-07-16,592
PROD0442,WH-AUS-01,2026-07-25,882
PROD0293,WH-DAL-01,2026-08-02,269
PROD0063,WH-DAL-01,2026-07-28,684
PROD0266,WH-FTW-01,2026-07-24,556
PROD0027,WH-FTW-01,2026-07-28,561
PROD0023,WH-FTW-01,2026-07-24,160
PROD0130,WH-DAL-01,2026-07-24,171
PROD0393,WH-FTW-01,2026-07-31,168
PROD0421,WH-HOU-01,2026-07-12,468
PROD0374,WH-FTW-01,2026-08-11,132
PROD0369,WH-DAL-01,2026-07-07,954
PROD0324,WH-HOU-01,2026-07-28,165
PROD0287,WH-DAL-01,2026-07-27,96
PROD0480,WH-HOU-01,2026-07-26,415
PROD0469,WH-HOU-01,2026-07-10,401
PROD0213,WH-AUS-01,2026-08-02,724
PROD0396,WH-HOU-01,2026-07-26,779
PROD0312,WH-DAL-01,2026-07-07,816
PROD0463,WH-HOU-01,2026-07-24,54
PROD0271,WH-FTW-01,2026-07-08,674
PROD0210,WH-AUS-01,2026-08-06,24
PROD0404,WH-FTW-01,2026-08-14,534
PROD0154,WH-DAL-01,2026-07-04,199
PROD0256,WH-HOU-01,2026-07-09,989
PROD0305,WH-AUS-01,2026-07-22,483
PROD0108,WH-FTW-01,2026-08-14,24
PROD0280,WH-HOU-01,2026-07-11,4
PROD0499,WH-AUS-01,2026-07-15,736
PROD0341,WH-HOU-01,2026-08-05,686
PROD0142,WH-AUS-01,2026-07-19,357
PROD0500,WH-DAL-01,2026-07-18,864
PROD0114,WH-AUS-01,2026-07-12,157
PROD0066,WH-FTW-01,2026-07-23,396
PROD0052,WH-HOU-01,2026-08-02,716
PROD0213,WH-HOU-01,2026-07-18,645
PROD0479,WH-AUS-01,2026-07-18,918
PROD0003,WH-FTW-01,2026-08-09,573
PROD0212,WH-HOU-01,2026-07-13,748
PROD0022,WH-AUS-01,2026-07-30,988
PROD0367,WH-FTW-01,2026-08-13,491
PROD0267,WH-DAL-01,2026-08-12,911
PROD0341,WH-DAL-01,2026-07-23,402
PROD0447,WH-DAL-01,2026-07-21,753
PROD0127,WH-AUS-01,2026-07-03,642
PROD0017,WH-DAL-01,2026-07-18,752
PROD0264,WH-FTW-01,2026-07-29,483
PROD0162,WH-DAL-01,2026-07-20,108
PROD0321,WH-DAL-01,2026-07-06,839
PROD0142,WH-FTW-01,2026-07-10,940
PROD0123,WH-AUS-01,2026-07-10,926
PROD0437,WH-AUS-01,2026-08-06,769
PROD0388,WH-FTW-01,2026-07-15,877
PROD0046,WH-HOU-01,2026-07-08,62
PROD0003,WH-FTW-01,2026-07-07,555
PROD0041,WH-FTW-01,2026-08-05,491
PROD0216,WH-HOU-01,2026-07-20,522
PROD0173,WH-HOU-01,2026-07-28,527
PROD0309,WH-AUS-01,2026-08-07,408
PROD0458,WH-DAL-01,2026-07-07,37
PROD0026,WH-HOU-01,2026-07-26,725
PROD0415,WH-AUS-01,2026-07-01,834
PROD0043,WH-FTW-01,2026-07-24,325
PROD0170,WH-FTW-01,2026-07-09,295
PROD0296,WH-AUS-01,2026-07-10,395
PROD0437,WH-AUS-01,2026-07-03,600
PROD0243,WH-HOU-01,2026-07-22,806
PROD0489,WH-HOU-01,2026-08-11,526
PROD0330,WH-HOU-01,2026-08-14,360
PROD0461,WH-AUS-01,2026-07-08,427
PROD0072,WH-FTW-01,2026-07-19,632
PROD0378,WH-HOU-01,2026-07-21,409
PROD0220,WH-AUS-01,2026-07-23,716
PROD0303,WH-FTW-01,2026-07-11,989
PROD0495,WH-FTW-01,2026-08-06,423
PROD0412,WH-AUS-01,2026-07-20,199
PROD0101,WH-DAL-01,2026-07-23,269
PROD0398,WH-FTW-01,2026-07-22,766
PROD0023,WH-FTW-01,2026-07-19,260
PROD0123,WH-AUS-01,2026-07-04,40
PROD0021,WH-DAL-01,2026-08-11,170
PROD0187,WH-DAL-01,2026-07-03,672
PROD0300,WH-HOU-01,2026-07-13,868
PROD0097,WH-HOU-01,2026-07-27,306
PROD0051,WH-FTW-01,2026-07-07,827
PROD0445,WH-AUS-01,2026-07-27,78
PROD0251,WH-HOU-01,2026-07-07,894
PROD0093,WH-DAL-01,2026-07-15,608
PROD0055,WH-AUS-01,2026-07-02,968
PROD0063,WH-DAL-01,2026-07-13,583
PROD0208,WH-HOU-01,2026-08-13,629
PROD0394,WH-FTW-01,2026-07-21,909
PROD0429,WH-AUS-01,2026-08-08,501
PROD0338,WH-HOU-01,2026-07-28,699
PROD0378,WH-HOU-01,2026-07-08,731
PROD0345,WH-FTW-01,2026-08-05,543
PROD0148,WH-HOU-01,2026-07-25,212
PROD0275,WH-HOU-01,2026-08-03,790
PROD0004,WH-AUS-01,2026-07-22,492
PROD0133,WH-AUS-01,2026-07-17,278
PROD0102,WH-HOU-01,2026-08-10,447
PROD0132,WH-DAL-01,2026-08-10,596
PROD0119,WH-AUS-01,2026-07-14,685
PROD0356,WH-HOU-01,2026-07-04,291
PROD0380,WH-AUS-01,2026-08-04,515
PROD0448,WH-FTW-01,2026-08-01,555
PROD0006,WH-HOU-01,2026-07-04,847
PROD0139,WH-FTW-01,2026-07-24,281
PROD0181,WH-HOU-01,2026-07-24,162
PROD0457,WH-DAL-01,2026-08-09,724
PROD0322,WH-DAL-01,2026-07-20,649
PROD0173,WH-AUS-01,2026-08-03,496
PROD0009,WH-AUS-01,2026-07-23,705
PROD0009,WH-DAL-01,2026-07-15,63
PROD0457,WH-FTW-01,2026-07-08,170
PROD0283,WH-HOU-01,2026-07-04,268
PROD0041,WH-HOU-01,2026-08-06,866
PROD0369,WH-AUS-01,2026-07-19,215
PROD0493,WH-HOU-01,2026-07-30,603
PROD0152,WH-HOU-01,2026-07-14,101
PROD0329,WH-DAL-01,2026-07-25,315
PROD0216,WH-AUS-01,2026-08-14,929
PROD0359,WH-AUS-01,2026-07-08,851
PROD0026,WH-DAL-01,2026-07-18,489
PROD0173,WH-AUS-01,2026-07-13,997
PROD0076,WH-FTW-01,2026-07-25,798
PROD0048,WH-HOU-01,2026-07-18,142
PROD0362,WH-AUS-01,2026-07-26,825
PROD0193,WH-DAL-01,2026-07-15,806
PROD0449,WH-DAL-01,2026-08-04,534
PROD0429,WH-HOU-01,2026-08-12,501
PROD0252,WH-HOU-01,2026-07-08,181
PROD0153,WH-AUS-01,2026-07-26,323
PROD0420,WH-HOU-01,2026-07-22,462
PROD0279,WH-HOU-01,2026-07-28,938
PROD0475,WH-DAL-01,2026-07-12,286
PROD0040,WH-DAL-01,2026-08-12,335
PROD0338,WH-FTW-01,2026-07-06,449
PROD0328,WH-FTW-01,2026-07-09,529
PROD0150,WH-FTW-01,2026-07-09,257
PROD0082,WH-HOU-01,2026-08-11,49
PROD0090,WH-DAL-01,2026-08-12,369
PROD0175,WH-AUS-01,2026-07-16,705
PROD0093,WH-AUS-01,2026-07-27,672
PROD0106,WH-AUS-01,2026-07-12,821
PROD0342,WH-DAL-01,2026-08-04,863
PROD0313,WH-HOU-01,2026-08-06,967
PROD0271,WH-FTW-01,2026-07-14,75
PROD0132,WH-FTW-01,2026-08-07,87
PROD0288,WH-HOU-01,2026-07-30,49
PROD0139,WH-HOU-01,2026-07-21,810
PROD0391,WH-DAL-01,2026-07-20,53
PROD0006,WH-HOU-01,2026-07-23,445
PROD0137,WH-FTW-01,2026-07-24,530
PROD0400,WH-FTW-01,2026-08-09,7
PROD0147,WH-AUS-01,2026-07-11,446
PROD0326,WH-HOU-01,2026-07-10,697
PROD0255,WH-FTW-01,2026-08-06,92
PROD0424,WH-HOU-01,2026-08-04,297
PROD0249,WH-HOU-01,2026-07-14,946
PROD0391,WH-DAL-01,2026-07-15,533
PROD0360,WH-FTW-01,2026-07-02,323
PROD0231,WH-HOU-01,2026-07-07,461
PROD0181,WH-DAL-01,2026-07-24,585
PROD0099,WH-FTW-01,2026-08-04,789
PROD0184,WH-FTW-01,2026-07-24,365
PROD0326,WH-AUS-01,2026-07-02,61
PROD0415,WH-DAL-01,2026-07-25,492
PROD0420,WH-HOU-01,2026-08-10,295
PROD0445,WH-HOU-01,2026-07-24,910
PROD0232,WH-FTW-01,2026-07-16,264
PROD0442,WH-HOU-01,2026-07-19,178
PROD0197,WH-AUS-01,2026-07-27,709
PROD0140,WH-AUS-01,2026-07-02,503
PROD0107,WH-FTW-01,2026-08-01,293
PROD0071,WH-FTW-01,2026-07-21,426
PROD0469,WH-AUS-01,2026-08-14,553
PROD0210,WH-AUS-01,2026-07-03,56
PROD0364,WH-AUS-01,2026-08-12,57
PROD0256,WH-HOU-01,2026-07-15,740
PROD0122,WH-DAL-01,2026-07-21,52
PROD0142,WH-FTW-01,2026-07-08,966
PROD0132,WH-HOU-01,2026-07-27,748
PROD0168,WH-DAL-01,2026-07-11,979
PROD0473,WH-FTW-01,2026-08-11,902
PROD0345,WH-DAL-01,2026-07-03,324
PROD0439,WH-HOU-01,2026-07-12,958
PROD0379,WH-FTW-01,2026-07-22,720
PROD0289,WH-DAL-01,2026-07-29,800
PROD0399,WH-DAL-01,2026-08-09,603
PROD0159,WH-AUS-01,2026-07-03,567
PROD0119,WH-HOU-01,2026-07-30,524
PROD0494,WH-DAL-01,2026-07-12,465
PROD0362,WH-AUS-01,2026-07-17,140
PROD0102,WH-AUS-01,2026-08-07,410
PROD0145,WH-HOU-01,2026-07-13,660
PROD0340,WH-FTW-01,2026-08-05,493
PROD0431,WH-DAL-01,2026-07-31,880
PROD0197,WH-AUS-01,2026-07-20,107
PROD0093,WH-AUS-01,2026-08-03,154
PROD0166,WH-AUS-01,2026-08-08,239
PROD0377,WH-AUS-01,2026-07-22,171
PROD0324,WH-FTW-01,2026-08-08,472
PROD0102,WH-DAL-01,2026-07-14,284
PROD0100,WH-HOU-01,2026-07-03,335
PROD0067,WH-DAL-01,2026-07-16,628
PROD0170,WH-DAL-01,2026-07-01,366
PROD0263,WH-AUS-01,2026-07-09,485
PROD0319,WH-DAL-01,2026-07-04,130
PROD0310,WH-FTW-01,2026-07-04,935
PROD0290,WH-AUS-01,2026-07-28,642
PROD0322,WH-FTW-01,2026-07-05,539
PROD0023,WH-HOU-01,2026-07-03,514
PROD0056,WH-DAL-01,2026-08-06,750
PROD0122,WH-AUS-01,2026-07-10,715
PROD0338,WH-HOU-01,2026-07-02,400
PROD0031,WH-HOU-01,2026-07-19,718
PROD0012,WH-FTW-01,2026-07-20,597
PROD0431,WH-HOU-01,2026-07-01,373
PROD0269,WH-DAL-01,2026-08-13,172
PROD0235,WH-AUS-01,2026-07-21,589
PROD0134,WH-FTW-01,2026-07-23,965
PROD0390,WH-HOU-01,2026-07-15,589
PROD0094,WH-FTW-01,2026-08-07,802
PROD0352,WH-DAL-01,2026-07-01,459
PROD0156,WH-AUS-01,2026-07-16,810
PROD0436,WH-HOU-01,2026-07-15,809
PROD0379,WH-AUS-01,2026-07-20,934
PROD0091,WH-FTW-01,2026-07-18,97
PROD0168,WH-AUS-01,2026-07-04,657
PROD0225,WH-FTW-01,2026-07-01,980
PROD0042,WH-DAL-01,2026-07-11,123
PROD0337,WH-DAL-01,2026-07-25,77
PROD0333,WH-FTW-01,2026-07-03,478
PROD0336,WH-HOU-01,2026-08-04,28
PROD0410,WH-DAL-01,2026-07-21,256
PROD0091,WH-DAL-01,2026-08-13,769
PROD0441,WH-AUS-01,2026-07-18,551
PROD0412,WH-HOU-01,2026-07-01,186
PROD0217,WH-DAL-01,2026-07-04,597
PROD0380,WH-HOU-01,2026-07-29,280
PROD0248,WH-AUS-01,2026-07-15,839
PROD0046,WH-AUS-01,2026-07-14,632
PROD0049,WH-AUS-01,2026-07-11,118
PROD0343,WH-DAL-01,2026-08-12,998
PROD0179,WH-DAL-01,2026-07-23,379
PROD0406,WH-HOU-01,2026-07-07,212
PROD0366,WH-HOU-01,2026-08-12,98
PROD0079,WH-AUS-01,2026-07-18,420
PROD0420,WH-HOU-01,2026-07-07,559
PROD0199,WH-FTW-01,2026-07-09,108
PROD0445,WH-FTW-01,2026-07-25,574
PROD0086,WH-FTW-01,2026-07-22,750
PROD0478,WH-HOU-01,2026-07-19,235
PROD0010,WH-HOU-01,2026-08-11,295
PROD0153,WH-FTW-01,2026-07-10,717
PROD0173,WH-FTW-01,2026-07-16,531
PROD0275,WH-DAL-01,2026-08-02,785
PROD0483,WH-AUS-01,2026-07-06,713
PROD0385,WH-DAL-01,2026-07-09,4
PROD0160,WH-HOU-01,2026-08-05,772
PROD0497,WH-FTW-01,2026-08-01,276
PROD0376,WH-FTW-01,2026-07-16,585
PROD0287,WH-HOU-01,2026-08-04,465
PROD0161,WH-HOU-01,2026-08-04,552
PROD0384,WH-HOU-01,2026-07-11,57
PROD0108,WH-AUS-01,2026-08-01,615
PROD0305,WH-DAL-01,2026-07-28,645
PROD0399,WH-FTW-01,2026-08-14,81
PROD0232,WH-FTW-01,2026-07-30,515
PROD0235,WH-DAL-01,2026-07-22,544
PROD0359,WH-HOU-01,2026-07-24,516
PROD0012,WH-HOU-01,2026-07-02,795
PROD0276,WH-DAL-01,2026-07-30,58
PROD0449,WH-AUS-01,2026-08-11,839
PROD0135,WH-FTW-01,2026-08-02,26
PROD0073,WH-AUS-01,2026-08-07,221
PROD0214,WH-HOU-01,2026-07-24,5
PROD0062,WH-HOU-01,2026-08-07,718
PROD0047,WH-HOU-01,2026-08-09,695
PROD0046,WH-DAL-01,2026-07-18,500
PROD0431,WH-HOU-01,2026-07-17,327
PROD0418,WH-HOU-01,2026-07-29,853
PROD0111,WH-FTW-01,2026-07-15,897
PROD0479,WH-HOU-01,2026-07-10,736
PROD0009,WH-AUS-01,2026-07-15,489
PROD0452,WH-DAL-01,2026-08-07,16
PROD0207,WH-AUS-01,2026-07-17,878
PROD0141,WH-FTW-01,2026-07-22,132
PROD0076,WH-FTW-01,2026-07-20,130
PROD0098,WH-DAL-01,2026-07-15,967
PROD0188,WH-HOU-01,2026-07-19,521
PROD0297,WH-FTW-01,2026-07-20,757
PROD0329,WH-HOU-01,2026-07-12,177
PROD0479,WH-FTW-01,2026-07-16,729
PROD0424,WH-HOU-01,2026-08-03,500
PROD0021,WH-HOU-01,2026-08-13,820
PROD0100,WH-AUS-01,2026-08-10,383
PROD0330,WH-DAL-01,2026-07-20,540
PROD0065,WH-AUS-01,2026-07-24,79
PROD0212,WH-AUS-01,2026-08-05,342
PROD0019,WH-HOU-01,2026-07-30,569
PROD0397,WH-DAL-01,2026-07-20,7
PROD0081,WH-FTW-01,2026-07-25,202
PROD0221,WH-AUS-01,2026-07-05,730
PROD0123,WH-DAL-01,2026-08-06,116
PROD0261,WH-AUS-01,2026-07-15,714
PROD0250,WH-AUS-01,2026-07-21,101
PROD0180,WH-AUS-01,2026-07-17,563
PROD0271,WH-AUS-01,2026-07-01,621
PROD0464,WH-AUS-01,2026-08-07,651
PROD0028,WH-DAL-01,2026-08-06,303
PROD0098,WH-HOU-01,2026-07-30,957
PROD0398,WH-AUS-01,2026-08-04,798
PROD0458,WH-AUS-01,2026-07-20,27
PROD0406,WH-DAL-01,2026-07-04,497
PROD0083,WH-AUS-01,2026-07-24,750
PROD0256,WH-AUS-01,2026-08-03,591
PROD0005,WH-DAL-01,2026-08-05,850
PROD0391,WH-DAL-01,2026-07-14,657
PROD0268,WH-AUS-01,2026-07-30,814
PROD0454,WH-HOU-01,2026-08-14,342
PROD0128,WH-AUS-01,2026-07-03,973
PROD0471,WH-HOU-01,2026-07-22,334
PROD0374,WH-DAL-01,2026-07-17,753
PROD0115,WH-DAL-01,2026-08-03,832
PROD0071,WH-DAL-01,2026-07-12,778
PROD0283,WH-DAL-01,2026-07-17,624
PROD0266,WH-DAL-01,2026-07-05,363
PROD0080,WH-HOU-01,2026-07-18,844
PROD0497,WH-HOU-01,2026-07-05,735
PROD0170,WH-DAL-01,2026-07-11,939
PROD0499,WH-FTW-01,2026-07-07,76
PROD0367,WH-AUS-01,2026-07-05,166
PROD0236,WH-HOU-01,2026-07-06,193
PROD0017,WH-HOU-01,2026-07-24,207
PROD0065,WH-DAL-01,2026-08-03,678
PROD0189,WH-FTW-01,2026-07-18,296
PROD0446,WH-FTW-01,2026-08-02,782
PROD0467,WH-HOU-01,2026-08-06,705
PROD0346,WH-AUS-01,2026-07-11,558
PROD0437,WH-HOU-01,2026-08-07,152
PROD0040,WH-AUS-01,2026-07-17,277
PROD0132,WH-FTW-01,2026-08-10,476
PROD0204,WH-DAL-01,2026-07-30,822
PROD0315,WH-HOU-01,2026-08-05,870
PROD0033,WH-AUS-01,2026-07-20,481
PROD0213,WH-HOU-01,2026-07-02,349
PROD0488,WH-FTW-01,2026-07-13,301
PROD0220,WH-HOU-01,2026-08-03,998
PROD0182,WH-FTW-01,2026-08-03,926
PROD0058,WH-AUS-01,2026-08-09,406
PROD0094,WH-HOU-01,2026-08-13,384
PROD0487,WH-FTW-01,2026-07-16,902
PROD0387,WH-HOU-01,2026-07-07,167
PROD0298,WH-FTW-01,2026-07-17,695
PROD0193,WH-FTW-01,2026-08-08,256
PROD0450,WH-DAL-01,2026-07-18,537
PROD0101,WH-HOU-01,2026-07-14,76
PROD0118,WH-FTW-01,2026-08-13,416
PROD0435,WH-FTW-01,2026-07-02,261
PROD0124,WH-AUS-01,2026-07-12,427
PROD0309,WH-AUS-01,2026-07-14,260
PROD0479,WH-FTW-01,2026-07-12,681
PROD0331,WH-AUS-01,2026-08-01,928
PROD0460,WH-FTW-01,2026-07-16,274
PROD0312,WH-DAL-01,2026-07-20,525
PROD0375,WH-HOU-01,2026-08-08,109
PROD0130,WH-DAL-01,2026-07-21,354
PROD0212,WH-FTW-01,2026-07-15,473
PROD0358,WH-DAL-01,2026-08-13,350
PROD0177,WH-DAL-01,2026-07-19,228
PROD0268,WH-FTW-01,2026-07-29,251
PROD0175,WH-HOU-01,2026-07-17,210
PROD0044,WH-DAL-01,2026-07-09,570
PROD0251,WH-DAL-01,2026-08-06,195
PROD0440,WH-FTW-01,2026-07-05,673
PROD0059,WH-HOU-01,2026-07-03,601
PROD0205,WH-FTW-01,2026-07-09,261
PROD0048,WH-HOU-01,2026-07-11,199
PROD0311,WH-AUS-01,2026-08-04,432
PROD0414,WH-AUS-01,2026-07-13,708
PROD0133,WH-DAL-01,2026-07-18,740
PROD0350,WH-HOU-01,2026-07-16,570
PROD0150,WH-FTW-01,2026-07-02,831
PROD0310,WH-FTW-01,2026-07-06,471
PROD0309,WH-FTW-01,2026-07-25,450
PROD0067,WH-FTW-01,2026-07-21,901
PROD0484,WH-AUS-01,2026-08-01,754
PROD0449,WH-DAL-01,2026-08-09,679
PROD0194,WH-AUS-01,2026-07-23,736
PROD0015,WH-FTW-01,2026-08-11,204
PROD0400,WH-FTW-01,2026-07-02,485
PROD0173,WH-FTW-01,2026-07-21,430
PROD0351,WH-DAL-01,2026-07-26,976
PROD0417,WH-AUS-01,2026-08-13,879
PROD0044,WH-AUS-01,2026-08-07,550
PROD0391,WH-DAL-01,2026-08-02,497
PROD0078,WH-FTW-01,2026-07-13,35
PROD0340,WH-HOU-01,2026-07-04,139
PROD0189,WH-HOU-01,2026-08-10,798
PROD0202,WH-HOU-01,2026-08-05,67
PROD0494,WH-AUS-01,2026-07-29,362
PROD0257,WH-AUS-01,2026-07-01,921
PROD0107,WH-DAL-01,2026-07-23,396
PROD0317,WH-HOU-01,2026-07-31,636
PROD0253,WH-HOU-01,2026-07-16,168
PROD0319,WH-FTW-01,2026-08-06,941
PROD0458,WH-HOU-01,2026-08-13,183
PROD0036,WH-DAL-01,2026-08-08,689
PROD0033,WH-HOU-01,2026-07-07,712
PROD0125,WH-AUS-01,2026-07-01,780
PROD0241,WH-FTW-01,2026-08-01,618
PROD0149,WH-DAL-01,2026-07-31,171
PROD0061,WH-FTW-01,2026-07-23,901
PROD0473,WH-AUS-01,2026-08-09,287
PROD0184,WH-AUS-01,2026-07-28,433
PROD0094,WH-AUS-01,2026-07-02,407
PROD0209,WH-FTW-01,2026-07-11,483
PROD0043,WH-AUS-01,2026-08-03,147
PROD0102,WH-FTW-01,2026-08-14,518
PROD0399,WH-DAL-01,2026-07-20,200
PROD0163,WH-DAL-01,2026-08-11,277
PROD0073,WH-AUS-01,2026-07-14,289
PROD0312,WH-DAL-01,2026-07-25,262
PROD0247,WH-HOU-01,2026-08-01,887
PROD0121,WH-AUS-01,2026-07-09,106
PROD0044,WH-DAL-01,2026-08-13,973
PROD0230,WH-HOU-01,2026-08-01,397
PROD0015,WH-AUS-01,2026-07-21,529
PROD0036,WH-FTW-01,2026-07-02,616
PROD0241,WH-DAL-01,2026-07-02,566
PROD0012,WH-HOU-01,2026-07-20,593
PROD0181,WH-AUS-01,2026-07-21,212
PROD0331,WH-HOU-01,2026-07-17,343
PROD0242,WH-DAL-01,2026-08-06,420
PROD0239,WH-DAL-01,2026-07-12,543
PROD0232,WH-HOU-01,2026-07-27,337
PROD0310,WH-HOU-01,2026-08-12,198
PROD0302,WH-AUS-01,2026-07-07,955
PROD0173,WH-FTW-01,2026-07-05,911
PROD0110,WH-AUS-01,2026-07-25,118
PROD0418,WH-DAL-01,2026-08-01,796
PROD0011,WH-HOU-01,2026-07-21,841
PROD0143,WH-FTW-01,2026-08-06,639
PROD0085,WH-DAL-01,2026-08-12,100
PROD0345,WH-FTW-01,2026-07-11,934
PROD0259,WH-AUS-01,2026-08-03,533
PROD0088,WH-FTW-01,2026-07-15,269
PROD0477,WH-AUS-01,2026-07-20,270
PROD0353,WH-AUS-01,2026-07-04,601
PROD0027,WH-FTW-01,2026-07-27,570
PROD0251,WH-DAL-01,2026-07-19,0
PROD0205,WH-AUS-01,2026-07-26,523
PROD0065,WH-FTW-01,2026-07-05,174
PROD0049,WH-DAL-01,2026-08-08,182
PROD0254,WH-FTW-01,2026-08-10,383
PROD0400,WH-AUS-01,2026-07-26,342
PROD0065,WH-DAL-01,2026-07-29,746
PROD0460,WH-FTW-01,2026-08-07,572
PROD0466,WH-AUS-01,2026-07-07,198
PROD0469,WH-DAL-01,2026-08-09,337
PROD0410,WH-DAL-01,2026-07-24,423
PROD0276,WH-AUS-01,2026-08-02,728
PROD0315,WH-DAL-01,2026-07-18,411
PROD0182,WH-HOU-01,2026-08-14,451
PROD0332,WH-AUS-01,2026-08-14,22
PROD0260,WH-DAL-01,2026-07-22,929
PROD0193,WH-FTW-01,2026-07-19,385
PROD0130,WH-DAL-01,2026-07-30,77
PROD0217,WH-HOU-01,2026-07-29,651
PROD0261,WH-AUS-01,2026-07-26,1
PROD0064,WH-HOU-01,2026-07-30,678
PROD0090,WH-DAL-01,2026-08-05,420
PROD0029,WH-AUS-01,2026-07-12,671
PROD0223,WH-AUS-01,2026-07-20,660
PROD0147,WH-FTW-01,2026-07-26,358
PROD0130,WH-HOU-01,2026-07-25,365
PROD0448,WH-DAL-01,2026-07-22,26
PROD0058,WH-DAL-01,2026-08-05,756
PROD0020,WH-HOU-01,2026-07-10,505
PROD0069,WH-FTW-01,2026-07-08,38
PROD0018,WH-FTW-01,2026-07-10,996
PROD0460,WH-HOU-01,2026-07-24,298
PROD0305,WH-HOU-01,2026-07-28,84
PROD0378,WH-HOU-01,2026-07-31,143
PROD0199,WH-AUS-01,2026-08-06,750
PROD0440,WH-AUS-01,2026-07-11,518
PROD0400,WH-AUS-01,2026-08-11,943
PROD0319,WH-AUS-01,2026-07-28,216
PROD0388,WH-HOU-01,2026-08-06,909
PROD0385,WH-DAL-01,2026-07-01,10
PROD0227,WH-HOU-01,2026-08-05,74
PROD0399,WH-HOU-01,2026-08-05,691
PROD0116,WH-HOU-01,2026-08-12,746
PROD0397,WH-DAL-01,2026-07-12,909
PROD0320,WH-DAL-01,2026-07-27,230
PROD0001,WH-FTW-01,2026-07-11,99
PROD0088,WH-FTW-01,2026-07-22,168
PROD0009,WH-DAL-01,2026-08-04,610
PROD0300,WH-FTW-01,2026-07-18,712
PROD0080,WH-FTW-01,2026-07-02,385
PROD0420,WH-HOU-01,2026-08-14,98
PROD0109,WH-AUS-01,2026-07-08,17
PROD0193,WH-DAL-01,2026-08-06,769
PROD0291,WH-AUS-01,2026-07-13,525
PROD0466,WH-FTW-01,2026-08-02,259
PROD0293,WH-FTW-01,2026-07-04,912
PROD0161,WH-FTW-01,2026-07-25,796
PROD0015,WH-AUS-01,2026-07-24,434
PROD0349,WH-FTW-01,2026-08-01,626
PROD0324,WH-HOU-01,2026-07-06,91
PROD0010,WH-HOU-01,2026-07-31,879
PROD0042,WH-FTW-01,2026-07-08,902
PROD0015,WH-AUS-01,2026-07-22,720
PROD0310,WH-DAL-01,2026-07-31,924
PROD0045,WH-FTW-01,2026-07-24,607
PROD0219,WH-HOU-01,2026-07-20,714
PROD0035,WH-AUS-01,2026-07-27,239
PROD0117,WH-FTW-01,2026-08-09,674
PROD0138,WH-HOU-01,2026-07-15,931
PROD0398,WH-DAL-01,2026-07-24,560
PROD0468,WH-HOU-01,2026-07-30,853
PROD0228,WH-AUS-01,2026-07-10,900
PROD0128,WH-HOU-01,2026-07-15,361
PROD0476,WH-FTW-01,2026-07-16,480
PROD0078,WH-DAL-01,2026-07-07,199
PROD0036,WH-DAL-01,2026-08-04,378
PROD0273,WH-HOU-01,2026-08-07,966
PROD0113,WH-DAL-01,2026-08-11,6
PROD0150,WH-FTW-01,2026-08-14,733
PROD0082,WH-DAL-01,2026-08-08,571
PROD0393,WH-DAL-01,2026-07-09,750
PROD0500,WH-DAL-01,2026-07-15,773
PROD0177,WH-DAL-01,2026-07-22,286
PROD0178,WH-DAL-01,2026-07-29,45
PROD0362,WH-FTW-01,2026-07-11,756
PROD0055,WH-AUS-01,2026-07-06,499
PROD0394,WH-AUS-01,2026-07-26,277
PROD0017,WH-DAL-01,2026-08-12,460
PROD0195,WH-AUS-01,2026-07-08,317
PROD0429,WH-DAL-01,2026-07-17,837
PROD0282,WH-DAL-01,2026-07-13,297
PROD0075,WH-FTW-01,2026-08-06,949
PROD0014,WH-HOU-01,2026-08-08,625
PROD0461,WH-FTW-01,2026-07-23,141
PROD0077,WH-HOU-01,2026-07-02,706
PROD0481,WH-FTW-01,2026-07-22,539
PROD0018,WH-AUS-01,2026-07-02,150
PROD0139,WH-FTW-01,2026-07-08,230
PROD0301,WH-FTW-01,2026-08-13,674
PROD0002,WH-FTW-01,2026-08-06,638
PROD0478,WH-AUS-01,2026-08-11,376
PROD0080,WH-DAL-01,2026-08-13,930
PROD0281,WH-DAL-01,2026-07-02,969
PROD0483,WH-FTW-01,2026-08-02,408
PROD0007,WH-FTW-01,2026-08-05,223
PROD0255,WH-FTW-01,2026-07-12,191
PROD0398,WH-HOU-01,2026-07-21,784
PROD0062,WH-AUS-01,2026-08-06,946
PROD0313,WH-FTW-01,2026-07-25,27
PROD0372,WH-AUS-01,2026-08-14,268
PROD0209,WH-AUS-01,2026-07-03,279
PROD0416,WH-DAL-01,2026-07-01,436
PROD0343,WH-HOU-01,2026-07-23,410
PROD0331,WH-AUS-01,2026-08-04,846
PROD0116,WH-DAL-01,2026-07-12,874
PROD0456,WH-AUS-01,2026-07-31,427
PROD0356,WH-HOU-01,2026-08-10,602
PROD0397,WH-HOU-01,2026-07-14,559
PROD0102,WH-HOU-01,2026-07-09,320
PROD0323,WH-HOU-01,2026-07-22,354
PROD0209,WH-HOU-01,2026-07-11,179
PROD0475,WH-FTW-01,2026-07-27,349
PROD0186,WH-HOU-01,2026-07-08,635
PROD0489,WH-DAL-01,2026-08-02,531
PROD0211,WH-HOU-01,2026-08-11,483
PROD0284,WH-HOU-01,2026-07-29,719
PROD0286,WH-DAL-01,2026-07-24,388
PROD0233,WH-HOU-01,2026-08-03,451
PROD0194,WH-FTW-01,2026-07-06,47
PROD0372,WH-HOU-01,2026-07-04,589
PROD0269,WH-FTW-01,2026-07-19,132
PROD0465,WH-FTW-01,2026-07-07,457
PROD0498,WH-DAL-01,2026-08-02,243
PROD0082,WH-FTW-01,2026-07-04,376
PROD0418,WH-FTW-01,2026-07-29,891
PROD0075,WH-AUS-01,2026-08-05,488
PROD0442,WH-DAL-01,2026-07-16,751
PROD0498,WH-HOU-01,2026-07-14,941
PROD0064,WH-HOU-01,2026-07-23,522
PROD0433,WH-DAL-01,2026-07-18,626
PROD0468,WH-DAL-01,2026-07-01,277
PROD0031,WH-DAL-01,2026-07-18,12
PROD0167,WH-AUS-01,2026-07-10,424
PROD0137,WH-FTW-01,2026-08-07,445
PROD0247,WH-HOU-01,2026-07-31,366
PROD0285,WH-HOU-01,2026-07-17,677
PROD0243,WH-HOU-01,2026-07-09,664
PROD0404,WH-FTW-01,2026-07-14,330
PROD0309,WH-DAL-01,2026-07-05,250
PROD0192,WH-FTW-01,2026-07-20,847
PROD0060,WH-HOU-01,2026-08-13,539
PROD0072,WH-HOU-01,2026-08-01,852
PROD0354,WH-HOU-01,2026-07-16,392
PROD0107,WH-FTW-01,2026-07-27,249
PROD0065,WH-HOU-01,2026-07-21,581
PROD0351,WH-HOU-01,2026-08-02,913
PROD0310,WH-HOU-01,2026-07-25,860
PROD0160,WH-HOU-01,2026-08-11,665
PROD0309,WH-HOU-01,2026-07-20,933
PROD0193,WH-FTW-01,2026-07-03,750
PROD0426,WH-HOU-01,2026-07-07,527
PROD0354,WH-AUS-01,2026-07-09,378
PROD0284,WH-DAL-01,2026-07-06,583
PROD0414,WH-HOU-01,2026-07-10,429
PROD0123,WH-HOU-01,2026-07-17,219
PROD0376,WH-AUS-01,2026-07-23,598
PROD0268,WH-DAL-01,2026-07-28,874
PROD0027,WH-HOU-01,2026-07-04,303
PROD0266,WH-AUS-01,2026-08-01,30
PROD0193,WH-HOU-01,2026-07-01,642
PROD0393,WH-AUS-01,2026-07-05,271
PROD0185,WH-DAL-01,2026-07-12,268
PROD0077,WH-FTW-01,2026-07-01,378
PROD0484,WH-AUS-01,2026-07-06,196
PROD0336,WH-DAL-01,2026-07-04,23
PROD0216,WH-DAL-01,2026-07-30,116
PROD0303,WH-FTW-01,2026-07-11,584
PROD0408,WH-HOU-01,2026-07-17,78
PROD0178,WH-HOU-01,2026-08-11,133
PROD0390,WH-HOU-01,2026-08-10,343
PROD0030,WH-FTW-01,2026-08-07,875
PROD0015,WH-DAL-01,2026-07-28,868
PROD0393,WH-AUS-01,2026-07-06,766
PROD0402,WH-AUS-01,2026-08-03,865
PROD0100,WH-AUS-01,2026-07-18,65
PROD0053,WH-DAL-01,2026-08-10,516
PROD0102,WH-HOU-01,2026-07-28,731
PROD0306,WH-HOU-01,2026-07-09,616
PROD0168,WH-DAL-01,2026-07-26,378
PROD0418,WH-HOU-01,2026-07-05,875
PROD0072,WH-DAL-01,2026-07-01,991
PROD0462,WH-AUS-01,2026-07-06,145
PROD0334,WH-DAL-01,2026-07-06,42
PROD0491,WH-FTW-01,2026-07-07,704
PROD0084,WH-FTW-01,2026-07-06,287
PROD0413,WH-DAL-01,2026-07-10,924
PROD0237,WH-DAL-01,2026-08-12,979
PROD0023,WH-AUS-01,2026-08-01,516
PROD0256,WH-FTW-01,2026-07-20,264
PROD0229,WH-HOU-01,2026-07-03,22
PROD0279,WH-HOU-01,2026-08-03,490
PROD0322,WH-HOU-01,2026-07-13,989
PROD0357,WH-FTW-01,2026-07-17,864
PROD0205,WH-FTW-01,2026-07-26,654
PROD0372,WH-HOU-01,2026-08-11,439
PROD0471,WH-FTW-01,2026-07-21,953
PROD0443,WH-DAL-01,2026-07-05,822
PROD0320,WH-FTW-01,2026-08-11,723
PROD0176,WH-FTW-01,2026-08-14,48
PROD0188,WH-AUS-01,2026-07-31,430
PROD0486,WH-DAL-01,2026-07-12,578
PROD0404,WH-FTW-01,2026-07-25,88
PROD0108,WH-DAL-01,2026-07-09,257
PROD0237,WH-DAL-01,2026-07-09,262
PROD0313,WH-AUS-01,2026-07-17,488
PROD0002,WH-FTW-01,2026-07-13,444
PROD0292,WH-DAL-01,2026-07-04,288
PROD0337,WH-HOU-01,2026-08-06,256
PROD0304,WH-FTW-01,2026-07-05,151
PROD0313,WH-AUS-01,2026-08-07,571
PROD0329,WH-AUS-01,2026-07-25,159
PROD0049,WH-HOU-01,2026-07-24,246
PROD0106,WH-DAL-01,2026-08-05,574
PROD0422,WH-DAL-01,2026-07-31,142
PROD0461,WH-AUS-01,2026-07-05,896
PROD0165,WH-FTW-01,2026-07-11,676
PROD0483,WH-HOU-01,2026-08-12,608
PROD0497,WH-DAL-01,2026-07-12,334
PROD0073,WH-AUS-01,2026-07-28,278
PROD0414,WH-FTW-01,2026-08-13,915
PROD0181,WH-FTW-01,2026-07-05,316
PROD0133,WH-FTW-01,2026-07-28,967
PROD0020,WH-AUS-01,2026-08-13,619
PROD0036,WH-DAL-01,2026-07-22,718
PROD0413,WH-DAL-01,2026-08-11,237
PROD0215,WH-HOU-01,2026-07-26,774
PROD0478,WH-HOU-01,2026-07-26,286
PROD0137,WH-AUS-01,2026-07-16,246
PROD0199,WH-FTW-01,2026-08-05,432
PROD0075,WH-DAL-01,2026-07-19,502
PROD0333,WH-HOU-01,2026-07-14,80
PROD0113,WH-HOU-01,2026-08-12,758
PROD0090,WH-DAL-01,2026-08-09,961
PROD0330,WH-DAL-01,2026-07-17,282
PROD0213,WH-DAL-01,2026-08-04,827
PROD0209,WH-FTW-01,2026-08-03,902
PROD0317,WH-DAL-01,2026-08-12,805
PROD0317,WH-DAL-01,2026-08-10,439
PROD0198,WH-HOU-01,2026-08-09,619
PROD0018,WH-AUS-01,2026-07-01,412
PROD0328,WH-HOU-01,2026-08-05,653
PROD0440,WH-AUS-01,2026-07-03,679
PROD0444,WH-HOU-01,2026-08-13,943
PROD0219,WH-AUS-01,2026-07-01,641
PROD0471,WH-HOU-01,2026-07-03,176
PROD0292,WH-DAL-01,2026-07-15,632
PROD0033,WH-DAL-01,2026-08-03,361
PROD0238,WH-DAL-01,2026-08-02,981
PROD0049,WH-DAL-01,2026-08-08,992
PROD0365,WH-HOU-01,2026-08-03,428
PROD0452,WH-FTW-01,2026-07-30,293
PROD0241,WH-AUS-01,2026-07-12,192
PROD0498,WH-DAL-01,2026-08-13,256
PROD0046,WH-AUS-01,2026-08-07,218
PROD0115,WH-DAL-01,2026-08-11,207
PROD0123,WH-DAL-01,2026-07-19,850
PROD0351,WH-HOU-01,2026-07-11,3
PROD0119,WH-DAL-01,2026-07-06,632
PROD0439,WH-HOU-01,2026-07-18,513
PROD0444,WH-DAL-01,2026-07-26,248
PROD0102,WH-DAL-01,2026-08-03,134
PROD0330,WH-DAL-01,2026-08-14,363
PROD0075,WH-DAL-01,2026-07-21,302
PROD0401,WH-FTW-01,2026-07-28,657
PROD0081,WH-FTW-01,2026-07-15,847
PROD0332,WH-DAL-01,2026-08-01,998
PROD0258,WH-HOU-01,2026-07-19,846
PROD0389,WH-HOU-01,2026-07-05,775
PROD0139,WH-AUS-01,2026-07-17,328
PROD0034,WH-HOU-01,2026-08-12,593
PROD0091,WH-HOU-01,2026-07-12,225
PROD0326,WH-DAL-01,2026-07-04,601
PROD0023,WH-FTW-01,2026-08-03,104
PROD0488,WH-DAL-01,2026-08-11,484
PROD0207,WH-HOU-01,2026-08-10,714
PROD0061,WH-AUS-01,2026-08-04,569
PROD0347,WH-FTW-01,2026-08-11,806
PROD0219,WH-FTW-01,2026-08-02,61
PROD0017,WH-HOU-01,2026-07-18,1
PROD0327,WH-AUS-01,2026-07-06,285
PROD0326,WH-DAL-01,2026-07-26,475
PROD0099,WH-HOU-01,2026-07-13,780
PROD0036,WH-AUS-01,2026-08-03,398
PROD0038,WH-AUS-01,2026-07-06,574
PROD0337,WH-AUS-01,2026-08-08,538
PROD0476,WH-DAL-01,2026-07-20,598
PROD0127,WH-FTW-01,2026-07-05,156
PROD0498,WH-HOU-01,2026-07-05,512
PROD0444,WH-DAL-01,2026-07-26,423
PROD0321,WH-AUS-01,2026-07-27,779
PROD0213,WH-DAL-01,2026-07-28,838
PROD0484,WH-FTW-01,2026-07-22,903
PROD0031,WH-HOU-01,2026-07-07,6
PROD0278,WH-HOU-01,2026-07-20,852
PROD0040,WH-FTW-01,2026-07-31,185
PROD0041,WH-HOU-01,2026-08-05,364
PROD0127,WH-DAL-01,2026-07-24,858
PROD0330,WH-FTW-01,2026-07-30,424
PROD0348,WH-AUS-01,2026-07-06,766
PROD0411,WH-FTW-01,2026-08-04,661
PROD0252,WH-DAL-01,2026-07-07,253
PROD0077,WH-HOU-01,2026-08-11,340
PROD0321,WH-DAL-01,2026-07-05,377
PROD0180,WH-HOU-01,2026-07-31,530
PROD0491,WH-AUS-01,2026-08-03,613
PROD0214,WH-DAL-01,2026-07-08,289
PROD0471,WH-FTW-01,2026-07-15,46
PROD0309,WH-FTW-01,2026-07-20,66
PROD0115,WH-HOU-01,2026-07-11,194
PROD0162,WH-AUS-01,2026-07-29,67
PROD0075,WH-AUS-01,2026-07-28,683
PROD0278,WH-AUS-01,2026-08-13,91
PROD0177,WH-AUS-01,2026-07-18,740
PROD0133,WH-FTW-01,2026-08-01,103
PROD0138,WH-DAL-01,2026-07-19,219
PROD0073,WH-HOU-01,2026-07-20,313
PROD0441,WH-HOU-01,2026-08-14,889
PROD0337,WH-AUS-01,2026-07-01,366
PROD0255,WH-HOU-01,2026-07-12,425
PROD0256,WH-DAL-01,2026-08-05,459
PROD0080,WH-AUS-01,2026-07-04,165
PROD0330,WH-AUS-01,2026-07-23,504
PROD0055,WH-HOU-01,2026-07-16,689
PROD0149,WH-FTW-01,2026-07-24,250
PROD0194,WH-HOU-01,2026-08-11,48
PROD0303,WH-DAL-01,2026-07-19,497
PROD0292,WH-HOU-01,2026-08-02,778
PROD0417,WH-HOU-01,2026-07-17,439
PROD0073,WH-FTW-01,2026-07-03,886
PROD0145,WH-HOU-01,2026-07-18,640
PROD0097,WH-HOU-01,2026-07-15,251
PROD0268,WH-DAL-01,2026-07-14,835
PROD0269,WH-FTW-01,2026-07-30,813
PROD0046,WH-DAL-01,2026-07-25,177
PROD0237,WH-FTW-01,2026-07-08,761
PROD0193,WH-AUS-01,2026-07-26,799
PROD0040,WH-FTW-01,2026-07-10,772
PROD0236,WH-HOU-01,2026-07-10,700
PROD0214,WH-DAL-01,2026-07-14,899
PROD0202,WH-AUS-01,2026-07-04,304
PROD0432,WH-FTW-01,2026-07-30,298
PROD0441,WH-HOU-01,2026-07-24,431
PROD0294,WH-AUS-01,2026-07-02,992
PROD0305,WH-DAL-01,2026-07-18,764
PROD0424,WH-FTW-01,2026-07-16,190
PROD0376,WH-DAL-01,2026-08-13,526
PROD0108,WH-AUS-01,2026-08-08,903
PROD0115,WH-HOU-01,2026-07-30,500
PROD0052,WH-AUS-01,2026-07-10,672
PROD0373,WH-HOU-01,2026-07-04,881
PROD0416,WH-HOU-01,2026-07-24,659
PROD0397,WH-FTW-01,2026-07-01,728
PROD0065,WH-AUS-01,2026-07-25,225
PROD0238,WH-AUS-01,2026-07-29,574
PROD0088,WH-AUS-01,2026-07-25,72
PROD0292,WH-DAL-01,2026-08-03,299
PROD0214,WH-FTW-01,2026-08-07,271
