order_id,customer_id,order_date,status,total_amount,payment_method
ORD000001,CUST03035,2026-01-27,Cancelled,34.21,Debit Card
ORD000002,CUST04890,2026-04-22,Completed,46.7,Apple Pay
ORD000003,CUST02578,2026-03-31,Processing,145.18,Apple Pay
ORD000004,CUST00676,2026-08-07,Completed,81.23,Google Pay
ORD000005,CUST02440,2026-05-09,Processing,121.88,PayPal
ORD000006,CUST01682,2026-02-13,Completed,90.06,Credit Card
ORD000007,CUST01277,2026-07-31,Shipped,30.74,Credit Card
ORD000008,CUST04768,2026-02-21,Shipped,232.95,Debit Card
ORD000009,CUST03248,2026-06-02,Cancelled,53.49,Credit Card
ORD000010,CUST04935,2026-07-21,Shipped,124.9,PayPal
ORD000011,CUST03649,2026-03-06,Completed,188.89,PayPal
ORD000012,CUST01313,2026-07-27,Processing,23.28,Google Pay
ORD000013,CUST01074,2026-01-11,Completed,56.57,Debit Card
ORD000014,CUST04100,2026-03-09,Completed,98.35,Debit Card
ORD000015,CUST01655,2026-05-01,Completed,49.6,Credit Card
ORD000016,CUST03748,2026-03-18,Completed,409.95,Apple Pay
ORD000017,CUST04089,2026-08-01,Completed,72.75,Debit Card
ORD000018,CUST01894,2026-01-15,Shipped,93.09,Credit Card
ORD000019,CUST01286,2026-02-26,Completed,218.04,Apple Pay
ORD000020,CUST00535,2026-03-15,Completed,22.96,Credit Card
ORD000021,CUST03448,2026-03-05,Shipped,44.33,Google Pay
ORD000022,CUST01380,2026-01-11,Completed,30.84,Debit Card
ORD000023,CUST00646,2026-05-01,Completed,81.67,Credit Card
ORD000024,CUST00024,2026-08-12,Cancelled,189.72,Google Pay
ORD000025,CUST04653,2026-08-13,Completed,29.01,Credit Card
ORD000026,CUST04452,2026-05-05,Cancelled,22.47,PayPal
ORD000027,CUST04966,2026-05-28,Completed,68.41,Credit Card
ORD000028,CUST04671,2026-01-30,Cancelled,156.28,PayPal
ORD000029,CUST04125,2026-01-10,Completed,34.74,Debit Card
ORD000030,CUST00365,2026-02-23,Processing,29.67,Credit Card
ORD000031,CUST02656,2026-07-05,Shipped,182.72,Google Pay
ORD000032,CUST00409,2026-07-26,Shipped,52.7,Debit Card
ORD000033,CUST01315,2026-06-06,Cancelled,94.12,Debit Card
ORD000034,CUST00219,2026-05-09,Completed,158.67,PayPal
ORD000035,CUST04704,2026-02-27,Shipped,86.67,Debit Card
ORD000036,CUST01540,2026-05-29,Processing,61.82,Credit Card
ORD000037,CUST03434,2026-05-23,Cancelled,30.63,Credit Card
ORD000038,CUST04954,2026-07-14,Completed,41.59,PayPal
ORD000039,CUST01603,2026-06-10,Completed,77.09,Credit Card
ORD000040,CUST02705,2026-06-15,Shipped,144.1,PayPal
ORD000041,CUST03649,2026-05-27,Completed,43.15,Apple Pay
ORD000042,CUST01106,2026-05-12,Shipped,39.91,PayPal
ORD000043,CUST03412,2026-03-17,Completed,84.7,Google Pay
ORD000044,CUST02489,2026-03-30,Cancelled,35.36,Google Pay
ORD000045,CUST00617,2026-04-08,Cancelled,82.12,Credit Card
ORD000046,CUST04322,2026-03-22,Completed,33.14,Apple Pay
ORD000047,CUST02419,2026-07-05,Shipped,72.39,Google Pay
ORD000048,CUST00028,2026-03-11,Completed,48.24,Google Pay
ORD000049,CUST03056,2026-01-12,Completed,65.35,Google Pay
ORD000050,CUST00016,2026-05-07,Processing,106.08,Credit Card
ORD000051,CUST03349,2026-03-20,Processing,56.46,Debit Card
ORD000052,CUST00333,2026-05-25,Completed,80.08,Debit Card
ORD000053,CUST04579,2026-05-09,Completed,37.17,Debit Card
ORD000054,CUST04662,2026-01-14,Completed,41.13,Credit Card
ORD000055,CUST02162,2026-04-29,Completed,28.01,Debit Card
ORD000056,CUST02086,2026-01-02,Cancelled,57.76,PayPal
ORD000057,CUST04550,2026-01-04,Cancelled,74.06,Credit Card
ORD000058,CUST03954,2026-03-07,Processing,79.07,Credit Card
ORD000059,CUST02790,2026-03-31,Processing,197.91,Apple Pay
ORD000060,CUST04262,2026-06-23,Processing,84.2,Google Pay
ORD000061,CUST02253,2026-06-27,Shipped,44.58,Apple Pay
ORD000062,CUST04974,2026-03-01,Shipped,307.56,Debit Card
ORD000063,CUST00245,2026-06-29,Processing,34.8,Credit Card
ORD000064,CUST01895,2026-04-07,Completed,69.41,Credit Card
ORD000065,CUST01357,2026-06-25,Shipped,131.34,Debit Card
ORD000066,CUST00943,2026-06-16,Cancelled,89.16,Google Pay
ORD000067,CUST03468,2026-05-07,Shipped,13.99,Apple Pay
ORD000068,CUST03193,2026-07-17,Shipped,96.96,Google Pay
ORD000069,CUST01746,2026-03-01,Shipped,41.08,Debit Card
ORD000070,CUST04506,2026-06-07,Completed,35.41,Apple Pay
ORD000071,CUST02358,2026-08-02,Shipped,18.62,Apple Pay
ORD000072,CUST03880,2026-06-04,Completed,67.25,Google Pay
ORD000073,CUST03778,2026-03-24,Completed,43.95,Google Pay
ORD000074,CUST02116,2026-03-15,Cancelled,76.64,Credit Card
ORD000075,CUST02268,2026-02-24,Cancelled,32.64,Credit Card
ORD000076,CUST02268,2026-07-17,Shipped,736.57,Google Pay
ORD000077,CUST01497,2026-01-26,Completed,45.36,Debit Card
ORD000078,CUST02797,2026-06-19,Completed,135.99,Google Pay
ORD000079,CUST04482,2026-05-01,Cancelled,134.13,Credit Card
ORD000080,CUST00930,2026-03-08,Shipped,119.34,Apple Pay
ORD000081,CUST03325,2026-04-26,Completed,33.1,Debit Card
ORD000082,CUST04501,2026-03-08,Processing,231.35,Credit Card
ORD000083,CUST04588,2026-06-29,Cancelled,73.44,Debit Card
ORD000084,CUST00357,2026-01-06,Shipped,79.72,Debit Card
ORD000085,CUST04311,2026-04-24,Completed,57.08,Apple Pay
ORD000086,CUST04065,2026-01-10,Completed,60.62,Credit Card
ORD000087,CUST03842,2026-02-07,Cancelled,62.45,Google Pay
ORD000088,CUST03931,2026-05-04,Completed,20.57,Debit Card
ORD000089,CUST04848,2026-03-18,Completed,72.27,Debit Card
ORD000090,CUST00827,2026-04-12,Shipped,105.59,Apple Pay
ORD000091,CUST00666,2026-01-12,Cancelled,40.43,Credit Card
ORD000092,CUST02029,2026-02-15,Cancelled,56.11,Debit Card
ORD000093,CUST03692,2026-02-18,Completed,18.33,Debit Card
ORD000094,CUST02583,2026-04-01,Cancelled,131.18,PayPal
ORD000095,CUST00554,2026-05-04,Completed,179.72,PayPal
ORD000096,CUST00328,2026-03-13,Cancelled,70.32,Debit Card
ORD000097,CUST01189,2026-07-10,Completed,77.25,Apple Pay
ORD000098,CUST00150,2026-07-16,Processing,74.14,Google Pay
ORD000099,CUST04753,2026-04-12,Processing,101.91,PayPal
ORD000100,CUST02854,2026-02-12,Shipped,71.94,PayPal
ORD000101,CUST01937,2026-08-10,Completed,123.52,Credit Card
ORD000102,CUST04389,2026-03-01,Completed,97.61,Google Pay
ORD000103,CUST02737,2026-04-11,Completed,103.42,PayPal
ORD000104,CUST00957,2026-06-06,Shipped,78.95,Google Pay
ORD000105,CUST03249,2026-03-27,Completed,99.68,Google Pay
ORD000106,CUST00416,2026-07-25,Cancelled,35.33,Credit Card
ORD000107,CUST03455,2026-05-06,Completed,15.81,Debit Card
ORD000108,CUST02646,2026-07-21,Shipped,57.04,Debit Card
ORD000109,CUST03775,2026-01-11,Completed,221.81,PayPal
ORD000110,CUST00085,2026-02-04,Completed,95.97,Credit Card
ORD000111,CUST01936,2026-01-23,Cancelled,101.05,PayPal
ORD000112,CUST01417,2026-07-19,Shipped,29.81,PayPal
ORD000113,CUST01071,2026-05-29,Cancelled,82.59,Debit Card
ORD000114,CUST03413,2026-06-14,Cancelled,28.06,Credit Card
ORD000115,CUST01522,2026-01-28,Cancelled,59.66,Google Pay
ORD000116,CUST01502,2026-04-26,Completed,50.22,Debit Card
ORD000117,CUST04092,2026-04-05,Processing,83.56,PayPal
ORD000118,CUST02474,2026-02-27,Completed,61.74,PayPal
ORD000119,CUST00736,2026-02-22,Cancelled,112.81,Apple Pay
ORD000120,CUST02839,2026-01-28,Processing,124.05,Credit Card
ORD000121,CUST02563,2026-02-11,Shipped,142.6,Google Pay
ORD000122,CUST03907,2026-08-07,Completed,500.24,Google Pay
ORD000123,CUST01273,2026-03-26,Completed,35.52,PayPal
ORD000124,CUST04837,2026-07-20,Completed,45.39,Apple Pay
ORD000125,CUST01863,2026-04-03,Completed,46.21,Apple Pay
ORD000126,CUST04227,2026-05-04,Shipped,15.54,Credit Card
ORD000127,CUST01764,2026-07-08,Shipped,73.55,PayPal
ORD000128,CUST04419,2026-07-26,Processing,56.39,PayPal
ORD000129,CUST00823,2026-06-10,Shipped,135.34,PayPal
ORD000130,CUST00543,2026-07-02,Completed,114.4,Credit Card
ORD000131,CUST02766,2026-06-14,Shipped,82.5,Google Pay
ORD000132,CUST02079,2026-02-16,Processing,72.95,Debit Card
ORD000133,CUST00885,2026-06-13,Shipped,40.79,Apple Pay
ORD000134,CUST04287,2026-04-25,Shipped,69.27,Google Pay
ORD000135,CUST03650,2026-06-05,Completed,78.85,Debit Card
ORD000136,CUST04511,2026-01-10,Shipped,59.23,Google Pay
ORD000137,CUST03572,2026-01-23,Completed,59.52,Google Pay
ORD000138,CUST03934,2026-08-08,Processing,66.64,Google Pay
ORD000139,CUST03667,2026-08-14,Processing,69.94,Google Pay
ORD000140,CUST01722,2026-01-05,Processing,113.36,PayPal
ORD000141,CUST00375,2026-03-23,Shipped,9.67,Google Pay
ORD000142,CUST00558,2026-04-29,Completed,73.41,Debit Card
ORD000143,CUST01281,2026-01-06,Cancelled,72.5,Debit Card
ORD000144,CUST03424,2026-05-05,Cancelled,109.33,Apple Pay
ORD000145,CUST01129,2026-06-19,Processing,56.19,Credit Card
ORD000146,CUST01361,2026-02-16,Completed,13.92,Debit Card
ORD000147,CUST03598,2026-08-03,Cancelled,16.91,Debit Card
ORD000148,CUST01101,2026-01-28,Cancelled,14.07,Debit Card
ORD000149,CUST01535,2026-01-13,Completed,122.76,Debit Card
ORD000150,CUST02626,2026-01-25,Completed,22.06,Credit Card
ORD000151,CUST04128,2026-01-07,Completed,152.0,Credit Card
ORD000152,CUST01632,2026-07-13,Processing,46.54,Google Pay
ORD000153,CUST00058,2026-03-21,Completed,51.95,Debit Card
ORD000154,CUST01128,2026-07-05,Completed,204.46,Debit Card
ORD000155,CUST00312,2026-03-07,Cancelled,73.5,Apple Pay
ORD000156,CUST03718,2026-02-05,Completed,23.21,Apple Pay
ORD000157,CUST02002,2026-01-02,Completed,65.68,Apple Pay
ORD000158,CUST02738,2026-04-23,Shipped,118.14,Apple Pay
ORD000159,CUST03878,2026-02-07,Processing,41.55,Google Pay
ORD000160,CUST02283,2026-07-21,Cancelled,216.19,PayPal
ORD000161,CUST03184,2026-01-14,Cancelled,25.18,Apple Pay
ORD000162,CUST01432,2026-06-04,Processing,13.8,Apple Pay
ORD000163,CUST03126,2026-05-23,Completed,204.41,Credit Card
ORD000164,CUST04898,2026-03-26,Shipped,33.29,Debit Card
ORD000165,CUST04335,2026-05-20,Cancelled,30.51,Google Pay
ORD000166,CUST01776,2026-04-25,Shipped,42.47,Debit Card
ORD000167,CUST01319,2026-06-20,Shipped,30.53,PayPal
ORD000168,CUST04208,2026-04-07,Processing,113.24,Google Pay
ORD000169,CUST03160,2026-07-04,Processing,43.58,PayPal
ORD000170,CUST01329,2026-03-27,Cancelled,26.24,Debit Card
ORD000171,CUST04386,2026-04-12,Cancelled,49.82,Credit Card
ORD000172,CUST03975,2026-06-25,Cancelled,31.99,Apple Pay
ORD000173,CUST04678,2026-07-08,Completed,58.69,Debit Card
ORD000174,CUST04466,2026-03-23,Processing,30.94,Google Pay
ORD000175,CUST00220,2026-02-13,Processing,52.65,Apple Pay
ORD000176,CUST03303,2026-06-29,Completed,53.55,Google Pay
ORD000177,CUST02867,2026-07-09,Processing,222.63,PayPal
ORD000178,CUST01897,2026-05-10,Completed,137.63,Google Pay
ORD000179,CUST04445,2026-04-03,Completed,68.1,Credit Card
ORD000180,CUST02303,2026-07-18,Completed,48.72,PayPal
ORD000181,CUST04548,2026-06-08,Cancelled,48.29,Debit Card
ORD000182,CUST04185,2026-04-15,Completed,66.01,Apple Pay
ORD000183,CUST04967,2026-05-05,Completed,33.53,Apple Pay
ORD000184,CUST03727,2026-07-29,Shipped,46.39,Credit Card
ORD000185,CUST02043,2026-03-14,Processing,50.65,Google Pay
ORD000186,CUST00523,2026-03-13,Completed,59.47,Debit Card
ORD000187,CUST02708,2026-06-10,Completed,67.42,Google Pay
ORD000188,CUST02999,2026-05-13,Completed,100.38,Google Pay
ORD000189,CUST03922,2026-03-19,Completed,115.11,Credit Card
ORD000190,CUST00910,2026-02-27,Shipped,88.24,PayPal
ORD000191,CUST04538,2026-07-24,Completed,204.59,PayPal
ORD000192,CUST04134,2026-05-05,Completed,95.62,Credit Card
ORD000193,CUST01881,2026-01-11,Completed,58.05,Credit Card
ORD000194,CUST03280,2026-07-31,Cancelled,56.96,Credit Card
ORD000195,CUST04306,2026-05-31,Completed,114.14,Google Pay
ORD000196,CUST02561,2026-06-22,Processing,50.82,Google Pay
ORD000197,CUST03073,2026-01-27,Completed,80.22,Debit Card
ORD000198,CUST03827,2026-07-26,Shipped,85.97,Credit Card
ORD000199,CUST04477,2026-08-10,Completed,10.7,Google Pay
ORD000200,CUST02876,2026-02-25,Completed,21.22,PayPal
ORD000201,CUST02907,2026-05-06,Completed,111.17,Credit Card
ORD000202,CUST04490,2026-02-28,Shipped,82.45,PayPal
ORD000203,CUST04492,2026-07-27,Cancelled,8.74,Apple Pay
ORD000204,CUST00545,2026-04-19,Completed,9.05,Debit Card
ORD000205,CUST03098,2026-02-09,Cancelled,166.8,Apple Pay
ORD000206,CUST03626,2026-05-26,Cancelled,95.03,Debit Card
ORD000207,CUST03506,2026-06-28,Completed,158.45,Credit Card
ORD000208,CUST01085,2026-03-02,Cancelled,30.67,Debit Card
ORD000209,CUST00553,2026-05-02,Completed,39.3,Google Pay
ORD000210,CUST01154,2026-04-16,Cancelled,215.72,PayPal
ORD000211,CUST03939,2026-01-23,Processing,80.53,Google Pay
ORD000212,CUST02246,2026-02-05,Shipped,64.01,Credit Card
ORD000213,CUST01687,2026-02-07,Completed,53.95,Apple Pay
ORD000214,CUST00694,2026-03-13,Completed,18.0,PayPal
ORD000215,CUST03791,2026-02-25,Completed,133.13,Credit Card
ORD000216,CUST00498,2026-06-16,Completed,15.13,Google Pay
ORD000217,CUST02096,2026-08-09,Shipped,95.55,Google Pay
ORD000218,CUST00613,2026-03-17,Shipped,63.96,Debit Card
ORD000219,CUST03968,2026-07-29,Cancelled,74.24,Debit Card
ORD000220,CUST00376,2026-07-30,Completed,39.94,Apple Pay
ORD000221,CUST00806,2026-08-13,Completed,167.64,Debit Card
ORD000222,CUST00921,2026-07-16,Cancelled,40.25,Debit Card
ORD000223,CUST04971,2026-06-05,Completed,59.38,Debit Card
ORD000224,CUST03605,2026-08-06,Completed,60.91,Apple Pay
ORD000225,CUST01444,2026-04-17,Completed,47.84,Credit Card
ORD000226,CUST01546,2026-05-29,Completed,80.21,PayPal
ORD000227,CUST01211,2026-03-03,Cancelled,100.01,Credit Card
ORD000228,CUST02081,2026-01-23,Completed,55.87,Credit Card
ORD000229,CUST04688,2026-05-29,Completed,93.68,Credit Card
ORD000230,CUST02149,2026-07-22,Processing,94.59,Google Pay
ORD000231,CUST01509,2026-04-30,Cancelled,79.7,PayPal
ORD000232,CUST00914,2026-05-24,Processing,173.33,PayPal
ORD000233,CUST02781,2026-07-09,Shipped,187.25,Google Pay
ORD000234,CUST00390,2026-08-13,Completed,45.66,Google Pay
ORD000235,CUST04050,2026-08-07,Completed,48.91,Debit Card
ORD000236,CUST04256,2026-03-06,Completed,98.01,Google Pay
ORD000237,CUST04988,2026-04-18,Completed,57.69,Apple Pay
ORD000238,CUST03626,2026-03-21,Shipped,74.99,Google Pay
ORD000239,CUST01071,2026-05-13,Completed,26.57,Debit Card
ORD000240,CUST04792,2026-06-23,Shipped,49.87,Google Pay
ORD000241,CUST04854,2026-03-05,Completed,63.95,Apple Pay
ORD000242,CUST02571,2026-07-29,Processing,31.82,Google Pay
ORD000243,CUST03738,2026-02-10,Completed,18.98,Credit Card
ORD000244,CUST02780,2026-04-08,Cancelled,147.4,PayPal
ORD000245,CUST00339,2026-06-21,Cancelled,20.49,Apple Pay
ORD000246,CUST01977,2026-03-30,Completed,180.04,Apple Pay
ORD000247,CUST03437,2026-04-16,Shipped,133.07,Apple Pay
ORD000248,CUST00795,2026-08-14,Completed,74.9,Credit Card
ORD000249,CUST01723,2026-05-23,Completed,82.76,Credit Card
ORD000250,CUST03220,2026-07-15,Processing,101.78,PayPal
ORD000251,CUST00899,2026-06-28,Processing,45.08,Debit Card
ORD000252,CUST00103,2026-02-23,Completed,46.52,PayPal
ORD000253,CUST02860,2026-07-15,Completed,52.7,Apple Pay
ORD000254,CUST04189,2026-08-05,Shipped,76.84,Apple Pay
ORD000255,CUST01448,2026-03-18,Completed,37.8,Apple Pay
ORD000256,CUST04215,2026-02-11,Completed,42.3,PayPal
ORD000257,CUST02033,2026-06-23,Processing,245.11,Debit Card
ORD000258,CUST04033,2026-01-25,Completed,74.99,Debit Card
ORD000259,CUST03061,2026-03-08,Completed,26.75,PayPal
ORD000260,CUST01535,2026-06-12,Cancelled,109.93,Apple Pay
ORD000261,CUST02848,2026-04-22,Completed,49.51,PayPal
ORD000262,CUST03210,2026-03-14,Completed,39.55,PayPal
ORD000263,CUST04571,2026-07-25,Cancelled,333.32,Google Pay
ORD000264,CUST03464,2026-05-30,Cancelled,63.57,Google Pay
ORD000265,CUST00435,2026-04-22,Processing,34.4,Credit Card
ORD000266,CUST01258,2026-05-17,Completed,40.17,Credit Card
ORD000267,CUST00055,2026-06-01,Completed,66.95,PayPal
ORD000268,CUST00931,2026-01-23,Cancelled,66.64,Google Pay
ORD000269,CUST02800,2026-07-08,Shipped,83.67,Apple Pay
ORD000270,CUST00312,2026-06-14,Shipped,18.24,Credit Card
ORD000271,CUST00957,2026-06-22,Completed,27.63,Apple Pay
ORD000272,CUST04084,2026-01-15,Completed,52.92,Apple Pay
ORD000273,CUST04853,2026-07-04,Completed,41.57,Credit Card
ORD000274,CUST02513,2026-05-07,Processing,28.39,PayPal
ORD000275,CUST01264,2026-01-14,Completed,78.16,Google Pay
ORD000276,CUST02748,2026-02-21,Shipped,83.06,Credit Card
ORD000277,CUST02783,2026-03-25,Completed,201.17,Debit Card
ORD000278,CUST01094,2026-02-05,Completed,98.82,Debit Card
ORD000279,CUST02787,2026-06-04,Completed,84.48,Apple Pay
ORD000280,CUST02816,2026-05-25,Cancelled,53.44,Debit Card
ORD000281,CUST03764,2026-08-06,Completed,403.52,Apple Pay
ORD000282,CUST04036,2026-06-18,Shipped,47.74,Google Pay
ORD000283,CUST04840,2026-01-04,Completed,47.46,Credit Card
ORD000284,CUST02324,2026-05-11,Shipped,118.87,Credit Card
ORD000285,CUST00233,2026-01-19,Shipped,19.67,Google Pay
ORD000286,CUST02102,2026-06-18,Shipped,57.07,Apple Pay
ORD000287,CUST04353,2026-06-17,Processing,64.81,PayPal
ORD000288,CUST02029,2026-02-27,Shipped,45.48,Debit Card
ORD000289,CUST01930,2026-06-16,Shipped,125.76,Google Pay
ORD000290,CUST01459,2026-01-07,Completed,85.22,Debit Card
ORD000291,CUST01649,2026-02-05,Completed,74.22,PayPal
ORD000292,CUST00408,2026-07-30,Completed,63.24,Apple Pay
ORD000293,CUST03341,2026-03-17,Completed,46.96,Debit Card
ORD000294,CUST01978,2026-05-28,Processing,14.1,Apple Pay
ORD000295,CUST02414,2026-04-12,Completed,88.2,PayPal
ORD000296,CUST04938,2026-03-17,Processing,118.08,Apple Pay
ORD000297,CUST01761,2026-06-06,Processing,60.05,PayPal
ORD000298,CUST03598,2026-08-10,Completed,21.19,Credit Card
ORD000299,CUST01379,2026-07-31,Cancelled,42.68,Debit Card
ORD000300,CUST00621,2026-03-09,Completed,43.24,Debit Card
ORD000301,CUST00930,2026-03-07,Completed,43.76,PayPal
ORD000302,CUST00975,2026-02-16,Processing,85.66,PayPal
ORD000303,CUST04488,2026-08-10,Processing,24.13,Google Pay
ORD000304,CUST04448,2026-05-31,Completed,52.69,PayPal
ORD000305,CUST02854,2026-05-14,Processing,53.97,PayPal
ORD000306,CUST01690,2026-01-18,Shipped,173.88,Apple Pay
ORD000307,CUST04672,2026-06-30,Shipped,79.63,Apple Pay
ORD000308,CUST04619,2026-01-22,Processing,44.34,Debit Card
ORD000309,CUST00726,2026-03-09,Shipped,159.57,Apple Pay
ORD000310,CUST00162,2026-07-22,Processing,25.93,Apple Pay
ORD000311,CUST00659,2026-06-12,Completed,37.7,Debit Card
ORD000312,CUST02898,2026-07-22,Processing,16.9,Credit Card
ORD000313,CUST04620,2026-04-08,Completed,182.61,Google Pay
ORD000314,CUST04100,2026-01-09,Completed,70.1,Apple Pay
ORD000315,CUST02543,2026-06-08,Shipped,52.07,Credit Card
ORD000316,CUST01579,2026-08-12,Completed,143.66,Google Pay
ORD000317,CUST03995,2026-06-20,Shipped,40.21,Debit Card
ORD000318,CUST01075,2026-03-16,Cancelled,44.13,Apple Pay
ORD000319,CUST03206,2026-01-17,Cancelled,129.71,Apple Pay
ORD000320,CUST04045,2026-02-20,Cancelled,40.29,PayPal
ORD000321,CUST03434,2026-07-13,Completed,42.94,Apple Pay
ORD000322,CUST00878,2026-01-24,Cancelled,63.24,Apple Pay
ORD000323,CUST01092,2026-05-05,Processing,76.59,Credit Card
ORD000324,CUST03060,2026-01-15,Cancelled,101.04,Credit Card
ORD000325,CUST01675,2026-06-05,Completed,51.98,Apple Pay
ORD000326,CUST01609,2026-05-11,Shipped,18.68,Google Pay
ORD000327,CUST02827,2026-06-06,Completed,77.3,Debit Card
ORD000328,CUST01218,2026-02-21,Shipped,69.58,Credit Card
ORD000329,CUST03053,2026-02-23,Completed,68.27,Google Pay
ORD000330,CUST00314,2026-02-27,Processing,35.55,Apple Pay
ORD000331,CUST00730,2026-02-14,Shipped,16.21,PayPal
ORD000332,CUST04040,2026-04-28,Completed,59.01,Credit Card
ORD000333,CUST00384,2026-03-18,Processing,31.08,Credit Card
ORD000334,CUST01813,2026-02-19,Shipped,89.11,PayPal
ORD000335,CUST02325,2026-01-22,Processing,101.9,Apple Pay
ORD000336,CUST03430,2026-02-21,Completed,20.53,Credit Card
ORD000337,CUST02746,2026-06-30,Processing,36.93,Apple Pay
ORD000338,CUST01865,2026-01-31,Completed,199.0,Google Pay
ORD000339,CUST03292,2026-03-12,Shipped,44.2,Credit Card
ORD000340,CUST04847,2026-06-25,Completed,69.27,Apple Pay
ORD000341,CUST00228,2026-03-31,Processing,111.63,Google Pay
ORD000342,CUST02065,2026-01-31,Completed,70.53,Credit Card
ORD000343,CUST00012,2026-04-12,Completed,129.37,Debit Card
ORD000344,CUST01523,2026-05-12,Completed,116.18,Apple Pay
ORD000345,CUST00692,2026-06-12,Completed,153.15,Google Pay
ORD000346,CUST03706,2026-04-07,Completed,68.13,Debit Card
ORD000347,CUST01740,2026-03-08,Processing,45.52,Apple Pay
ORD000348,CUST01526,2026-07-11,Completed,24.01,Credit Card
ORD000349,CUST00070,2026-07-30,Completed,80.96,Apple Pay
ORD000350,CUST02249,2026-05-17,Processing,144.31,Google Pay
ORD000351,CUST03124,2026-06-23,Cancelled,35.93,Credit Card
ORD000352,CUST04725,2026-03-24,Completed,38.84,Credit Card
ORD000353,CUST03331,2026-07-03,Processing,46.91,Credit Card
ORD000354,CUST01288,2026-02-25,Completed,32.08,PayPal
ORD000355,CUST00576,2026-07-30,Processing,66.99,Google Pay
ORD000356,CUST02173,2026-01-26,Completed,42.4,Debit Card
ORD000357,CUST04955,2026-03-01,Completed,26.22,Credit Card
ORD000358,CUST00745,2026-05-08,Shipped,33.77,Google Pay
ORD000359,CUST02528,2026-07-24,Completed,165.52,PayPal
ORD000360,CUST03074,2026-08-02,Cancelled,65.3,PayPal
ORD000361,CUST04211,2026-05-07,Completed,166.47,Credit Card
ORD000362,CUST04577,2026-03-13,Completed,41.32,Google Pay
ORD000363,CUST01025,2026-08-04,Completed,21.9,PayPal
ORD000364,CUST00942,2026-03-31,Cancelled,49.84,Credit Card
ORD000365,CUST00768,2026-06-25,Completed,190.76,Apple Pay
ORD000366,CUST02439,2026-02-27,Shipped,11.86,Apple Pay
ORD000367,CUST00834,2026-03-04,Completed,17.82,Apple Pay
ORD000368,CUST02191,2026-04-30,Completed,49.02,Debit Card
ORD000369,CUST00628,2026-07-05,Cancelled,126.39,Google Pay
ORD000370,CUST00377,2026-05-11,Completed,29.1,Apple Pay
ORD000371,CUST03887,2026-05-15,Processing,68.03,PayPal
ORD000372,CUST00090,2026-06-29,Completed,57.94,Debit Card
ORD000373,CUST02856,2026-04-24,Completed,139.28,Apple Pay
ORD000374,CUST01066,2026-07-09,Completed,304.94,Credit Card
ORD000375,CUST01059,2026-01-02,Processing,34.78,PayPal
ORD000376,CUST03060,2026-06-10,Shipped,47.02,Debit Card
ORD000377,CUST04073,2026-05-20,Completed,57.57,Debit Card
ORD000378,CUST02601,2026-02-17,Completed,34.01,PayPal
ORD000379,CUST04220,2026-07-23,Completed,208.56,Apple Pay
ORD000380,CUST02105,2026-02-22,Completed,27.63,Credit Card
ORD000381,CUST02854,2026-07-21,Completed,145.42,Credit Card
ORD000382,CUST02656,2026-05-05,Completed,44.72,Credit Card
ORD000383,CUST01516,2026-06-18,Shipped,57.79,Debit Card
ORD000384,CUST03018,2026-04-27,Completed,65.71,Apple Pay
ORD000385,CUST04148,2026-04-01,Processing,43.08,PayPal
ORD000386,CUST01574,2026-03-23,Processing,104.08,Google Pay
ORD000387,CUST02537,2026-07-05,Completed,81.42,Credit Card
ORD000388,CUST03927,2026-03-09,Processing,176.29,PayPal
ORD000389,CUST02053,2026-05-31,Completed,94.33,PayPal
ORD000390,CUST03797,2026-08-01,Processing,26.08,Credit Card
ORD000391,CUST00632,2026-06-13,Shipped,54.23,Google Pay
ORD000392,CUST01862,2026-04-04,Cancelled,182.51,Debit Card
ORD000393,CUST03953,2026-08-01,Completed,40.5,Debit Card
ORD000394,CUST01233,2026-08-03,Cancelled,170.73,Apple Pay
ORD000395,CUST02265,2026-05-29,Completed,100.01,Debit Card
ORD000396,CUST02048,2026-03-13,Completed,105.9,PayPal
ORD000397,CUST00536,2026-04-13,Processing,13.51,Debit Card
ORD000398,CUST03534,2026-07-02,Processing,81.0,Apple Pay
ORD000399,CUST04826,2026-07-03,Completed,258.61,PayPal
ORD000400,CUST03098,2026-01-13,Completed,32.8,PayPal
ORD000401,CUST01276,2026-05-04,Completed,183.77,Google Pay
ORD000402,CUST03074,2026-05-30,Completed,68.66,Credit Card
ORD000403,CUST01026,2026-01-07,Shipped,34.36,Credit Card
ORD000404,CUST02052,2026-01-24,Completed,49.41,Credit Card
ORD000405,CUST03622,2026-07-08,Completed,18.26,Apple Pay
ORD000406,CUST04564,2026-05-13,Completed,62.04,Debit Card
ORD000407,CUST00201,2026-02-19,Completed,80.51,Credit Card
ORD000408,CUST04404,2026-07-09,Completed,315.89,Debit Card
ORD000409,CUST03324,2026-07-02,Completed,79.07,Credit Card
ORD000410,CUST03359,2026-01-26,Shipped,164.29,Google Pay
ORD000411,CUST02972,2026-05-18,Cancelled,29.99,Debit Card
ORD000412,CUST04979,2026-01-11,Completed,53.12,Apple Pay
ORD000413,CUST00586,2026-02-09,Processing,75.4,Apple Pay
ORD000414,CUST03346,2026-04-12,Cancelled,33.02,Debit Card
ORD000415,CUST03855,2026-01-11,Completed,51.82,Apple Pay
ORD000416,CUST04605,2026-04-22,Completed,119.15,PayPal
ORD000417,CUST03425,2026-04-04,Shipped,331.15,Apple Pay
ORD000418,CUST04101,2026-01-04,Cancelled,107.2,Google Pay
ORD000419,CUST00360,2026-01-02,Cancelled,36.77,Google Pay
ORD000420,CUST03670,2026-07-24,Completed,58.82,Debit Card
ORD000421,CUST04310,2026-06-16,Completed,28.97,Apple Pay
ORD000422,CUST03478,2026-07-28,Completed,72.26,Debit Card
ORD000423,CUST04659,2026-05-31,Completed,171.0,Credit Card
ORD000424,CUST02813,2026-02-14,Completed,74.52,PayPal
ORD000425,CUST00045,2026-03-15,Shipped,59.94,Debit Card
ORD000426,CUST02751,2026-07-24,Processing,57.54,Debit Card
ORD000427,CUST00634,2026-06-19,Completed,69.1,Debit Card
ORD000428,CUST01211,2026-04-13,Cancelled,193.77,Debit Card
ORD000429,CUST01750,2026-02-11,Completed,103.46,Google Pay
ORD000430,CUST03242,2026-01-29,Completed,29.3,PayPal
ORD000431,CUST02769,2026-05-24,Shipped,39.84,Credit Card
ORD000432,CUST00594,2026-07-14,Completed,142.04,PayPal
ORD000433,CUST01425,2026-04-10,Processing,80.28,Debit Card
ORD000434,CUST01927,2026-07-07,Shipped,16.76,Google Pay
ORD000435,CUST00857,2026-05-12,Completed,126.33,Credit Card
ORD000436,CUST00552,2026-04-10,Completed,44.88,Debit Card
ORD000437,CUST04139,2026-01-16,Completed,36.88,Debit Card
ORD000438,CUST02889,2026-06-18,Shipped,125.26,Apple Pay
ORD000439,CUST04275,2026-01-06,Completed,119.94,PayPal
ORD000440,CUST01481,2026-02-11,Completed,55.93,PayPal
ORD000441,CUST00607,2026-05-08,Completed,81.96,PayPal
ORD000442,CUST00672,2026-07-04,Processing,39.46,Apple Pay
ORD000443,CUST03316,2026-06-05,Completed,35.93,Google Pay
ORD000444,CUST00017,2026-04-10,Completed,47.02,Google Pay
ORD000445,CUST02874,2026-05-31,Completed,47.26,Google Pay
ORD000446,CUST02595,2026-03-17,Completed,39.71,Credit Card
ORD000447,CUST02485,2026-02-11,Completed,111.79,Apple Pay
ORD000448,CUST00616,2026-04-05,Completed,64.89,Apple Pay
ORD000449,CUST03206,2026-01-12,Completed,30.8,Google Pay
ORD000450,CUST02850,2026-05-04,Completed,38.84,Google Pay
ORD000451,CUST04408,2026-08-12,Completed,25.68,Google Pay
ORD000452,CUST03808,2026-08-05,Completed,57.22,Apple Pay
ORD000453,CUST02073,2026-03-05,Completed,166.17,Google Pay
ORD000454,CUST00525,2026-07-05,Cancelled,74.23,PayPal
ORD000455,CUST03174,2026-06-28,Completed,64.85,Google Pay
ORD000456,CUST01474,2026-01-29,Shipped,21.45,PayPal
ORD000457,CUST02426,2026-01-19,Processing,157.3,Debit Card
ORD000458,CUST04984,2026-08-02,Processing,62.32,Debit Card
ORD000459,CUST03275,2026-08-04,Shipped,64.88,Apple Pay
ORD000460,CUST03339,2026-04-07,Completed,27.01,Credit Card
ORD000461,CUST02008,2026-02-14,Completed,55.45,Debit Card
ORD000462,CUST04558,2026-02-23,Completed,31.8,Apple Pay
ORD000463,CUST02413,2026-04-20,Shipped,37.55,Apple Pay
ORD000464,CUST02152,2026-03-21,Processing,18.33,PayPal
ORD000465,CUST03183,2026-07-13,Processing,15.47,PayPal
ORD000466,CUST00428,2026-07-19,Completed,273.45,Google Pay
ORD000467,CUST04565,2026-01-13,Processing,69.41,Debit Card
ORD000468,CUST01015,2026-08-10,Processing,134.51,PayPal
ORD000469,CUST01605,2026-07-12,Completed,49.33,Credit Card
ORD000470,CUST00870,2026-05-20,Completed,53.3,Apple Pay
ORD000471,CUST02728,2026-04-23,Cancelled,28.77,Google Pay
ORD000472,CUST02853,2026-03-12,Processing,92.43,PayPal
ORD000473,CUST00886,2026-01-14,Cancelled,101.76,PayPal
ORD000474,CUST02609,2026-02-11,Cancelled,87.06,PayPal
ORD000475,CUST01274,2026-04-09,Completed,60.45,Debit Card
ORD000476,CUST04427,2026-08-08,Completed,74.36,PayPal
ORD000477,CUST01956,2026-03-17,Completed,44.56,Apple Pay
ORD000478,CUST00587,2026-04-14,Completed,124.85,PayPal
ORD000479,CUST00201,2026-06-25,Completed,23.23,Credit Card
ORD000480,CUST04550,2026-05-01,Completed,34.54,PayPal
ORD000481,CUST03618,2026-06-01,Processing,51.61,Google Pay
ORD000482,CUST00826,2026-03-06,Shipped,24.95,Google Pay
ORD000483,CUST00111,2026-05-25,Processing,20.62,Credit Card
ORD000484,CUST02912,2026-02-07,Completed,51.73,Google Pay
ORD000485,CUST03900,2026-01-28,Completed,44.46,Debit Card
ORD000486,CUST00908,2026-02-02,Completed,53.96,Apple Pay
ORD000487,CUST03716,2026-06-01,Completed,60.89,Apple Pay
ORD000488,CUST03690,2026-04-21,Cancelled,92.21,Debit Card
ORD000489,CUST00555,2026-05-06,Completed,64.69,Google Pay
ORD000490,CUST01904,2026-05-08,Cancelled,204.43,Credit Card
ORD000491,CUST00107,2026-03-11,Shipped,69.17,Credit Card
ORD000492,CUST03337,2026-03-26,Completed,178.16,Apple Pay
ORD000493,CUST02535,2026-05-12,Cancelled,125.84,Credit Card
ORD000494,CUST02227,2026-06-10,Processing,134.51,Debit Card
ORD000495,CUST03294,2026-04-29,Completed,20.38,Apple Pay
ORD000496,CUST01394,2026-01-10,Completed,69.08,PayPal
ORD000497,CUST02685,2026-02-05,Completed,78.61,Debit Card
ORD000498,CUST02836,2026-07-24,Processing,49.22,Debit Card
ORD000499,CUST00167,2026-03-14,Shipped,67.43,Credit Card
ORD000500,CUST02711,2026-06-08,Processing,29.64,Credit Card
ORD000501,CUST03625,2026-05-12,Completed,164.97,Credit Card
ORD000502,CUST02348,2026-05-02,Completed,60.86,PayPal
ORD000503,CUST01405,2026-07-31,Completed,80.25,Debit Card
ORD000504,CUST01526,2026-05-16,Shipped,34.64,Google Pay
ORD000505,CUST04410,2026-01-27,Completed,181.26,Apple Pay
ORD000506,CUST04912,2026-06-13,Completed,107.63,Credit Card
ORD000507,CUST04839,2026-05-17,Cancelled,125.41,Credit Card
ORD000508,CUST02775,2026-06-20,Shipped,249.13,Debit Card
ORD000509,CUST00826,2026-06-01,Completed,52.03,PayPal
ORD000510,CUST01125,2026-06-14,Cancelled,91.61,Credit Card
ORD000511,CUST00569,2026-02-10,Processing,86.99,PayPal
ORD000512,CUST01959,2026-04-14,Shipped,40.84,PayPal
ORD000513,CUST03740,2026-08-10,Shipped,79.01,Google Pay
ORD000514,CUST02110,2026-01-26,Shipped,34.62,PayPal
ORD000515,CUST04465,2026-05-12,Completed,59.27,Google Pay
ORD000516,CUST04190,2026-04-26,Shipped,19.46,Apple Pay
ORD000517,CUST04095,2026-05-09,Processing,34.8,PayPal
ORD000518,CUST02931,2026-05-28,Completed,16.75,Apple Pay
ORD000519,CUST00764,2026-08-08,Completed,174.34,PayPal
ORD000520,CUST03361,2026-06-22,Completed,96.11,Google Pay
ORD000521,CUST03451,2026-08-04,Processing,43.47,Google Pay
ORD000522,CUST02148,2026-04-02,Processing,35.63,Apple Pay
ORD000523,CUST03396,2026-08-08,Shipped,135.2,Debit Card
ORD000524,CUST04425,2026-07-16,Completed,209.58,Debit Card
ORD000525,CUST03720,2026-04-06,Cancelled,104.76,Debit Card
ORD000526,CUST04802,2026-02-21,Cancelled,152.91,PayPal
ORD000527,CUST00221,2026-04-04,Processing,59.95,Debit Card
ORD000528,CUST01862,2026-03-05,Processing,14.09,Apple Pay
ORD000529,CUST02615,2026-01-21,Processing,56.06,Debit Card
ORD000530,CUST01022,2026-04-16,Completed,66.04,Apple Pay
ORD000531,CUST00110,2026-03-21,Processing,127.02,Apple Pay
ORD000532,CUST04245,2026-07-19,Cancelled,46.13,PayPal
ORD000533,CUST03849,2026-03-17,Completed,26.91,Google Pay
ORD000534,CUST00699,2026-04-06,Cancelled,17.3,PayPal
ORD000535,CUST00108,2026-01-25,Processing,95.78,PayPal
ORD000536,CUST00389,2026-07-14,Cancelled,48.96,Credit Card
ORD000537,CUST00425,2026-01-26,Completed,27.77,Debit Card
ORD000538,CUST02495,2026-04-10,Completed,93.24,Debit Card
ORD000539,CUST02966,2026-03-22,Completed,105.26,Apple Pay
ORD000540,CUST02704,2026-01-27,Shipped,52.42,Google Pay
ORD000541,CUST02000,2026-06-29,Processing,122.01,Debit Card
ORD000542,CUST03576,2026-03-04,Completed,95.2,Debit Card
ORD000543,CUST01528,2026-03-27,Completed,54.66,Google Pay
ORD000544,CUST04054,2026-04-28,Completed,51.88,Debit Card
ORD000545,CUST02027,2026-06-22,Completed,47.72,Credit Card
ORD000546,CUST02369,2026-07-05,Completed,60.34,Debit Card
ORD000547,CUST02767,2026-02-07,Completed,172.18,Credit Card
ORD000548,CUST01856,2026-06-12,Cancelled,138.5,PayPal
ORD000549,CUST00447,2026-02-15,Shipped,86.62,PayPal
ORD000550,CUST01598,2026-05-07,Completed,215.84,Credit Card
ORD000551,CUST00210,2026-03-12,Shipped,134.24,Apple Pay
ORD000552,CUST00849,2026-05-11,Completed,54.21,Credit Card
ORD000553,CUST01652,2026-05-14,Cancelled,90.05,Apple Pay
ORD000554,CUST01917,2026-01-13,Processing,156.43,Google Pay
ORD000555,CUST03530,2026-06-23,Completed,64.2,Google Pay
ORD000556,CUST01919,2026-07-26,Shipped,52.18,Credit Card
ORD000557,CUST00577,2026-03-31,Cancelled,216.21,Apple Pay
ORD000558,CUST00689,2026-04-22,Shipped,88.56,PayPal
ORD000559,CUST00790,2026-02-02,Processing,125.47,Credit Card
ORD000560,CUST01356,2026-07-26,Completed,36.66,Credit Card
ORD000561,CUST01688,2026-03-03,Completed,114.07,Apple Pay
ORD000562,CUST00350,2026-03-04,Shipped,52.85,Google Pay
ORD000563,CUST02718,2026-02-25,Completed,58.77,PayPal
ORD000564,CUST03540,2026-02-08,Cancelled,30.74,Apple Pay
ORD000565,CUST04522,2026-03-01,Completed,51.56,Apple Pay
ORD000566,CUST04423,2026-04-15,Shipped,22.31,PayPal
ORD000567,CUST01130,2026-07-25,Completed,133.31,Credit Card
ORD000568,CUST04351,2026-05-07,Cancelled,41.18,Credit Card
ORD000569,CUST04540,2026-03-24,Processing,76.74,Debit Card
ORD000570,CUST04209,2026-08-08,Shipped,26.82,PayPal
ORD000571,CUST04785,2026-06-01,Completed,84.95,Apple Pay
ORD000572,CUST00991,2026-06-27,Processing,10.28,Debit Card
ORD000573,CUST01874,2026-04-15,Completed,32.07,Debit Card
ORD000574,CUST04142,2026-06-10,Completed,155.8,Debit Card
ORD000575,CUST04853,2026-07-23,Completed,38.01,Credit Card
ORD000576,CUST01377,2026-03-15,Shipped,52.19,Google Pay
ORD000577,CUST01227,2026-05-15,Processing,13.26,Debit Card
ORD000578,CUST00564,2026-06-23,Completed,155.62,Apple Pay
ORD000579,CUST02888,2026-05-02,Completed,50.41,Credit Card
ORD000580,CUST01341,2026-03-03,Completed,152.02,Google Pay
ORD000581,CUST03738,2026-01-01,Cancelled,37.3,Google Pay
ORD000582,CUST01438,2026-03-20,Processing,21.4,Debit Card
ORD000583,CUST00095,2026-04-28,Processing,162.22,Debit Card
ORD000584,CUST03297,2026-03-06,Completed,79.52,Credit Card
ORD000585,CUST00949,2026-06-22,Completed,64.92,Debit Card
ORD000586,CUST04649,2026-07-31,Completed,39.59,Credit Card
ORD000587,CUST02693,2026-07-02,Cancelled,139.23,Google Pay
ORD000588,CUST04162,2026-03-07,Completed,16.61,Apple Pay
ORD000589,CUST03282,2026-03-08,Processing,105.78,Apple Pay
ORD000590,CUST01498,2026-04-10,Completed,26.14,PayPal
ORD000591,CUST04761,2026-07-27,Completed,83.23,PayPal
ORD000592,CUST02732,2026-02-23,Completed,243.38,PayPal
ORD000593,CUST02744,2026-08-09,Cancelled,58.67,Apple Pay
ORD000594,CUST04276,2026-05-01,Completed,56.8,Debit Card
ORD000595,CUST02882,2026-04-10,Processing,42.06,Credit Card
ORD000596,CUST00202,2026-07-10,Completed,54.05,Apple Pay
ORD000597,CUST01499,2026-07-01,Shipped,44.25,PayPal
ORD000598,CUST03087,2026-04-13,Cancelled,61.28,PayPal
ORD000599,CUST03114,2026-06-29,Completed,49.39,Debit Card
ORD000600,CUST02591,2026-07-01,Processing,53.61,PayPal
ORD000601,CUST01949,2026-07-14,Completed,40.71,PayPal
ORD000602,CUST03605,2026-06-14,Completed,55.25,Credit Card
ORD000603,CUST03964,2026-04-18,Processing,58.72,Debit Card
ORD000604,CUST00694,2026-01-12,Processing,193.19,Google Pay
ORD000605,CUST01720,2026-07-06,Completed,183.94,Google Pay
ORD000606,CUST03934,2026-05-28,Completed,75.85,PayPal
ORD000607,CUST03733,2026-03-28,Shipped,44.21,PayPal
ORD000608,CUST02660,2026-03-27,Shipped,76.96,Credit Card
ORD000609,CUST01722,2026-02-01,Shipped,34.04,Google Pay
ORD000610,CUST04052,2026-03-12,Processing,40.94,Debit Card
ORD000611,CUST02292,2026-08-02,Processing,62.74,Debit Card
ORD000612,CUST04200,2026-02-13,Processing,37.92,Apple Pay
ORD000613,CUST02699,2026-03-07,Shipped,38.45,Apple Pay
ORD000614,CUST03375,2026-03-19,Completed,43.56,Debit Card
ORD000615,CUST01011,2026-02-24,Processing,298.9,Apple Pay
ORD000616,CUST01042,2026-01-16,Processing,68.11,Credit Card
ORD000617,CUST01558,2026-03-29,Processing,17.98,PayPal
ORD000618,CUST01208,2026-03-12,Shipped,69.17,Debit Card
ORD000619,CUST01681,2026-03-09,Completed,83.09,Google Pay
ORD000620,CUST03622,2026-06-29,Shipped,57.84,Google Pay
ORD000621,CUST03353,2026-05-04,Completed,92.45,Debit Card
ORD000622,CUST01679,2026-06-14,Shipped,40.49,Apple Pay
ORD000623,CUST03597,2026-06-23,Completed,54.51,Apple Pay
ORD000624,CUST02746,2026-06-18,Completed,56.74,Debit Card
ORD000625,CUST03546,2026-05-13,Processing,37.28,Debit Card
ORD000626,CUST02994,2026-07-13,Shipped,31.04,Debit Card
ORD000627,CUST00781,2026-01-05,Completed,63.7,Credit Card
ORD000628,CUST00946,2026-07-10,Completed,70.85,Google Pay
ORD000629,CUST03429,2026-05-05,Completed,8.48,Credit Card
ORD000630,CUST03099,2026-05-11,Processing,42.07,Credit Card
ORD000631,CUST00548,2026-05-16,Completed,49.47,PayPal
ORD000632,CUST02208,2026-06-03,Shipped,68.53,Credit Card
ORD000633,CUST02985,2026-03-15,Processing,107.19,Google Pay
ORD000634,CUST02591,2026-05-05,Cancelled,48.5,Apple Pay
ORD000635,CUST02175,2026-04-08,Shipped,90.63,Google Pay
ORD000636,CUST01798,2026-05-03,Shipped,23.02,Debit Card
ORD000637,CUST01881,2026-04-10,Completed,154.27,Debit Card
ORD000638,CUST03057,2026-02-22,Shipped,58.23,Debit Card
ORD000639,CUST02258,2026-03-17,Completed,21.03,Credit Card
ORD000640,CUST02198,2026-07-31,Processing,91.57,PayPal
ORD000641,CUST00031,2026-05-08,Completed,50.12,Apple Pay
ORD000642,CUST00612,2026-06-06,Shipped,218.21,Credit Card
ORD000643,CUST04398,2026-01-14,Shipped,184.48,Debit Card
ORD000644,CUST03011,2026-01-05,Completed,112.35,Google Pay
ORD000645,CUST02913,2026-04-22,Completed,8.04,Debit Card
ORD000646,CUST03803,2026-01-27,Cancelled,51.47,Google Pay
ORD000647,CUST02813,2026-05-05,Completed,146.71,Apple Pay
ORD000648,CUST00683,2026-07-15,Cancelled,108.69,Debit Card
ORD000649,CUST00257,2026-01-29,Completed,31.64,Apple Pay
ORD000650,CUST00940,2026-01-03,Cancelled,56.09,Debit Card
ORD000651,CUST02895,2026-08-13,Completed,91.47,Debit Card
ORD000652,CUST03186,2026-06-07,Completed,19.77,Google Pay
ORD000653,CUST00777,2026-05-17,Shipped,21.01,PayPal
ORD000654,CUST02733,2026-01-01,Cancelled,332.23,Google Pay
ORD000655,CUST00732,2026-01-23,Shipped,48.65,Credit Card
ORD000656,CUST02043,2026-03-08,Cancelled,15.85,Apple Pay
ORD000657,CUST00970,2026-06-09,Processing,37.16,Apple Pay
ORD000658,CUST00103,2026-08-04,Cancelled,75.76,PayPal
ORD000659,CUST01084,2026-01-06,Completed,105.29,Debit Card
ORD000660,CUST04863,2026-07-24,Cancelled,38.05,Apple Pay
ORD000661,CUST03071,2026-02-18,Cancelled,26.11,PayPal
ORD000662,CUST03749,2026-05-23,Completed,111.03,Credit Card
ORD000663,CUST00372,2026-07-05,Completed,31.15,Apple Pay
ORD000664,CUST00679,2026-06-30,Processing,50.55,Credit Card
ORD000665,CUST00202,2026-01-30,Processing,96.54,Google Pay
ORD000666,CUST00089,2026-07-23,Completed,42.94,Apple Pay
ORD000667,CUST01997,2026-02-09,Processing,245.79,Apple Pay
ORD000668,CUST04495,2026-07-06,Completed,33.23,Debit Card
ORD000669,CUST00188,2026-03-04,Completed,46.64,Credit Card
ORD000670,CUST04748,2026-02-17,Cancelled,45.75,Google Pay
ORD000671,CUST01555,2026-08-08,Completed,38.64,PayPal
ORD000672,CUST04683,2026-05-04,Completed,128.94,Google Pay
ORD000673,CUST00230,2026-03-09,Completed,47.28,Apple Pay
ORD000674,CUST03553,2026-05-15,Completed,445.16,Credit Card
ORD000675,CUST00055,2026-06-24,Cancelled,64.78,Apple Pay
ORD000676,CUST04367,2026-02-12,Cancelled,70.35,PayPal
ORD000677,CUST04032,2026-05-24,Completed,20.16,PayPal
ORD000678,CUST01124,2026-01-22,Completed,40.25,Apple Pay
ORD000679,CUST03141,2026-03-04,Completed,97.41,Apple Pay
ORD000680,CUST03371,2026-06-23,Shipped,88.38,Apple Pay
ORD000681,CUST01553,2026-06-22,Completed,28.7,Credit Card
ORD000682,CUST00116,2026-02-10,Completed,43.7,Debit Card
ORD000683,CUST03614,2026-06-02,Completed,6.37,PayPal
ORD000684,CUST04419,2026-02-19,Completed,34.69,Credit Card
ORD000685,CUST02611,2026-03-08,Completed,202.26,PayPal
ORD000686,CUST00360,2026-06-29,Completed,71.04,Apple Pay
ORD000687,CUST00028,2026-03-27,Completed,132.38,PayPal
ORD000688,CUST03838,2026-06-08,Shipped,18.56,Google Pay
ORD000689,CUST03534,2026-02-06,Processing,64.53,PayPal
ORD000690,CUST01419,2026-05-30,Completed,55.59,Google Pay
ORD000691,CUST04040,2026-01-27,Completed,39.04,Credit Card
ORD000692,CUST02917,2026-04-30,Shipped,51.34,Credit Card
ORD000693,CUST01295,2026-05-10,Processing,41.72,Google Pay
ORD000694,CUST03630,2026-01-22,Processing,26.68,PayPal
ORD000695,CUST02076,2026-06-30,Cancelled,66.3,Credit Card
ORD000696,CUST04840,2026-01-17,Cancelled,111.26,PayPal
ORD000697,CUST03678,2026-04-22,Completed,34.91,Debit Card
ORD000698,CUST03154,2026-05-05,Cancelled,36.05,Debit Card
ORD000699,CUST01779,2026-02-25,Processing,106.09,Google Pay
ORD000700,CUST04676,2026-07-31,Processing,62.44,Google Pay
ORD000701,CUST03895,2026-08-04,Completed,47.27,PayPal
ORD000702,CUST02499,2026-06-08,Cancelled,64.65,Debit Card
ORD000703,CUST04529,2026-02-12,Cancelled,255.47,Debit Card
ORD000704,CUST00374,2026-07-19,Completed,134.94,Google Pay
ORD000705,CUST02266,2026-05-01,Processing,201.68,Apple Pay
ORD000706,CUST01132,2026-06-30,Completed,100.99,PayPal
ORD000707,CUST01843,2026-05-13,Completed,35.38,PayPal
ORD000708,CUST01574,2026-05-10,Completed,44.28,Credit Card
ORD000709,CUST04445,2026-05-01,Completed,35.54,Google Pay
ORD000710,CUST00788,2026-07-06,Processing,93.31,Credit Card
ORD000711,CUST01546,2026-05-12,Completed,48.78,Apple Pay
ORD000712,CUST04122,2026-06-11,Completed,33.66,Credit Card
ORD000713,CUST04955,2026-07-14,Completed,55.72,Apple Pay
ORD000714,CUST00370,2026-04-22,Completed,22.66,Credit Card
ORD000715,CUST04980,2026-07-31,Completed,122.26,Google Pay
ORD000716,CUST04375,2026-07-20,Completed,30.68,Apple Pay
ORD000717,CUST01703,2026-05-14,Shipped,114.29,PayPal
ORD000718,CUST01658,2026-07-05,Cancelled,83.61,Google Pay
ORD000719,CUST01929,2026-06-24,Shipped,90.31,Google Pay
ORD000720,CUST04056,2026-01-05,Completed,27.06,Debit Card
ORD000721,CUST00607,2026-03-02,Cancelled,63.21,PayPal
ORD000722,CUST02577,2026-02-25,Completed,41.97,Credit Card
ORD000723,CUST04125,2026-04-12,Shipped,17.7,Google Pay
ORD000724,CUST00323,2026-06-12,Completed,164.88,Credit Card
ORD000725,CUST01877,2026-04-29,Completed,56.45,Google Pay
ORD000726,CUST00584,2026-08-11,Processing,44.02,PayPal
ORD000727,CUST02810,2026-01-13,Cancelled,157.87,Google Pay
ORD000728,CUST00656,2026-01-26,Completed,118.74,Credit Card
ORD000729,CUST04882,2026-08-02,Completed,609.44,Credit Card
ORD000730,CUST00223,2026-08-12,Shipped,31.0,PayPal
ORD000731,CUST02123,2026-03-05,Cancelled,40.5,Credit Card
ORD000732,CUST02221,2026-07-26,Shipped,234.6,Apple Pay
ORD000733,CUST03551,2026-05-19,Completed,33.14,Google Pay
ORD000734,CUST02443,2026-03-03,Completed,36.18,Apple Pay
ORD000735,CUST04929,2026-07-27,Processing,57.01,Debit Card
ORD000736,CUST03986,2026-06-24,Processing,191.31,Debit Card
ORD000737,CUST00167,2026-05-04,Cancelled,41.63,Google Pay
ORD000738,CUST02017,2026-03-11,Completed,297.18,Credit Card
ORD000739,CUST00118,2026-03-16,Completed,59.78,PayPal
ORD000740,CUST01810,2026-07-05,Cancelled,154.31,Debit Card
ORD000741,CUST02207,2026-01-10,Shipped,47.53,Credit Card
ORD000742,CUST01251,2026-05-24,Shipped,30.49,PayPal
ORD000743,CUST04007,2026-01-12,Completed,90.15,Google Pay
ORD000744,CUST03110,2026-07-18,Processing,21.82,Credit Card
ORD000745,CUST04559,2026-08-07,Processing,19.12,Apple Pay
ORD000746,CUST01672,2026-03-29,Shipped,98.96,Google Pay
ORD000747,CUST02152,2026-02-19,Completed,40.41,Debit Card
ORD000748,CUST02298,2026-05-23,Cancelled,23.0,Google Pay
ORD000749,CUST01037,2026-02-28,Completed,39.65,Google Pay
ORD000750,CUST02615,2026-07-17,Cancelled,89.41,PayPal
ORD000751,CUST01880,2026-03-03,Completed,31.24,Debit Card
ORD000752,CUST00597,2026-07-30,Processing,8.56,PayPal
ORD000753,CUST00621,2026-03-13,Cancelled,53.93,Google Pay
ORD000754,CUST00071,2026-07-09,Processing,77.56,Credit Card
ORD000755,CUST01804,2026-02-19,Processing,106.49,Apple Pay
ORD000756,CUST04534,2026-07-24,Completed,123.43,Apple Pay
ORD000757,CUST01068,2026-02-23,Completed,53.99,PayPal
ORD000758,CUST01926,2026-02-23,Cancelled,228.2,Credit Card
ORD000759,CUST01038,2026-08-13,Completed,55.36,Apple Pay
ORD000760,CUST03443,2026-08-12,Processing,51.49,Credit Card
ORD000761,CUST03184,2026-06-05,Shipped,49.27,PayPal
ORD000762,CUST01403,2026-04-14,Processing,66.67,Debit Card
ORD000763,CUST02362,2026-02-20,Completed,86.14,Credit Card
ORD000764,CUST01439,2026-03-15,Cancelled,160.31,Credit Card
ORD000765,CUST03812,2026-06-10,Completed,41.32,Debit Card
ORD000766,CUST00485,2026-05-09,Shipped,34.41,Google Pay
ORD000767,CUST04265,2026-03-26,Completed,66.6,Google Pay
ORD000768,CUST04899,2026-03-10,Shipped,44.41,Google Pay
ORD000769,CUST00246,2026-05-09,Completed,27.54,PayPal
ORD000770,CUST04945,2026-04-27,Shipped,140.17,Google Pay
ORD000771,CUST03372,2026-02-24,Processing,137.11,PayPal
ORD000772,CUST01351,2026-03-26,Completed,21.58,Debit Card
ORD000773,CUST00530,2026-03-30,Cancelled,54.85,Credit Card
ORD000774,CUST04943,2026-07-31,Completed,90.37,Apple Pay
ORD000775,CUST03815,2026-06-22,Completed,231.68,Apple Pay
ORD000776,CUST01789,2026-03-14,Shipped,57.77,PayPal
ORD000777,CUST01703,2026-03-21,Shipped,110.41,PayPal
ORD000778,CUST03626,2026-08-08,Shipped,46.61,Credit Card
ORD000779,CUST03321,2026-06-17,Cancelled,82.91,Debit Card
ORD000780,CUST00760,2026-04-20,Processing,113.42,Credit Card
ORD000781,CUST01404,2026-03-02,Completed,77.03,PayPal
ORD000782,CUST00798,2026-06-13,Completed,61.48,Credit Card
ORD000783,CUST00532,2026-04-13,Completed,118.79,PayPal
ORD000784,CUST01918,2026-04-23,Completed,157.13,Apple Pay
ORD000785,CUST04960,2026-06-01,Cancelled,67.05,Credit Card
ORD000786,CUST04138,2026-03-21,Shipped,124.33,Debit Card
ORD000787,CUST03417,2026-05-22,Completed,40.74,Apple Pay
ORD000788,CUST00599,2026-04-22,Shipped,45.66,Debit Card
ORD000789,CUST00306,2026-04-08,Cancelled,180.87,Debit Card
ORD000790,CUST04905,2026-03-29,Completed,7.91,PayPal
ORD000791,CUST02910,2026-07-22,Processing,51.07,Debit Card
ORD000792,CUST00679,2026-04-10,Shipped,70.22,Google Pay
ORD000793,CUST03385,2026-04-30,Completed,26.73,Debit Card
ORD000794,CUST00731,2026-05-09,Processing,128.18,Credit Card
ORD000795,CUST02026,2026-02-16,Completed,58.34,PayPal
ORD000796,CUST04999,2026-07-23,Completed,99.42,PayPal
ORD000797,CUST04229,2026-05-29,Shipped,173.58,Google Pay
ORD000798,CUST02767,2026-07-20,Processing,142.82,PayPal
ORD000799,CUST02099,2026-02-08,Processing,47.31,PayPal
ORD000800,CUST00392,2026-01-03,Completed,27.22,Apple Pay
ORD000801,CUST02744,2026-05-24,Shipped,45.48,Apple Pay
ORD000802,CUST03785,2026-03-09,Completed,67.34,Apple Pay
ORD000803,CUST03838,2026-06-03,Processing,17.38,Google Pay
ORD000804,CUST04604,2026-07-01,Completed,183.34,PayPal
ORD000805,CUST01686,2026-01-13,Shipped,65.69,PayPal
ORD000806,CUST02915,2026-07-08,Shipped,51.23,PayPal
ORD000807,CUST01419,2026-01-20,Completed,15.6,Debit Card
ORD000808,CUST04192,2026-03-24,Completed,60.9,PayPal
ORD000809,CUST04202,2026-01-27,Completed,64.53,PayPal
ORD000810,CUST04091,2026-05-10,Processing,33.54,Credit Card
ORD000811,CUST03727,2026-01-10,Cancelled,74.32,Credit Card
ORD000812,CUST04774,2026-07-07,Completed,55.12,PayPal
ORD000813,CUST03630,2026-03-30,Completed,19.62,Debit Card
ORD000814,CUST03314,2026-01-19,Completed,97.36,Debit Card
ORD000815,CUST04952,2026-05-23,Completed,340.19,Google Pay
ORD000816,CUST04886,2026-04-13,Cancelled,211.28,Google Pay
ORD000817,CUST04611,2026-02-16,Cancelled,85.13,PayPal
ORD000818,CUST01085,2026-06-01,Cancelled,73.26,Apple Pay
ORD000819,CUST01008,2026-01-16,Cancelled,21.01,Debit Card
ORD000820,CUST01318,2026-03-22,Completed,71.96,Apple Pay
ORD000821,CUST02350,2026-07-07,Processing,49.13,Google Pay
ORD000822,CUST02694,2026-07-27,Cancelled,10.2,Debit Card
ORD000823,CUST02279,2026-07-29,Cancelled,46.36,Apple Pay
ORD000824,CUST03723,2026-06-26,Completed,40.36,PayPal
ORD000825,CUST03694,2026-05-12,Cancelled,20.46,Apple Pay
ORD000826,CUST04393,2026-07-13,Processing,56.2,Google Pay
ORD000827,CUST04551,2026-06-26,Processing,21.45,Debit Card
ORD000828,CUST04336,2026-04-23,Completed,80.11,Debit Card
ORD000829,CUST03248,2026-06-08,Processing,89.19,Debit Card
ORD000830,CUST03135,2026-03-07,Cancelled,14.24,PayPal
ORD000831,CUST02599,2026-02-23,Shipped,45.22,Debit Card
ORD000832,CUST02186,2026-01-02,Cancelled,43.47,Apple Pay
ORD000833,CUST04053,2026-03-02,Completed,51.15,Credit Card
ORD000834,CUST04550,2026-01-15,Completed,10.83,Credit Card
ORD000835,CUST03825,2026-03-01,Completed,79.05,PayPal
ORD000836,CUST03521,2026-04-22,Completed,174.72,Apple Pay
ORD000837,CUST01250,2026-02-12,Completed,174.42,PayPal
ORD000838,CUST02075,2026-04-03,Cancelled,114.06,Credit Card
ORD000839,CUST02505,2026-08-14,Completed,14.74,Debit Card
ORD000840,CUST04791,2026-06-17,Shipped,38.84,Credit Card
ORD000841,CUST04806,2026-08-12,Completed,85.84,Credit Card
ORD000842,CUST02015,2026-08-01,Completed,83.31,Credit Card
ORD000843,CUST04945,2026-01-30,Shipped,136.03,PayPal
ORD000844,CUST00949,2026-03-04,Completed,50.21,Google Pay
ORD000845,CUST00107,2026-01-24,Shipped,25.69,PayPal
ORD000846,CUST02492,2026-06-21,Cancelled,87.46,Google Pay
ORD000847,CUST04693,2026-01-14,Processing,43.23,PayPal
ORD000848,CUST00155,2026-01-28,Processing,160.18,Credit Card
ORD000849,CUST03241,2026-05-22,Shipped,96.59,Debit Card
ORD000850,CUST00796,2026-07-03,Completed,46.59,Apple Pay
ORD000851,CUST04368,2026-04-18,Processing,67.89,Google Pay
ORD000852,CUST01571,2026-02-03,Processing,131.81,PayPal
ORD000853,CUST01635,2026-03-19,Shipped,87.46,Debit Card
ORD000854,CUST01939,2026-08-05,Processing,66.47,Apple Pay
ORD000855,CUST01533,2026-01-12,Cancelled,71.98,Debit Card
ORD000856,CUST03029,2026-07-03,Completed,48.74,Google Pay
ORD000857,CUST04218,2026-03-02,Processing,80.53,Google Pay
ORD000858,CUST01441,2026-04-15,Cancelled,61.3,Apple Pay
ORD000859,CUST01399,2026-07-08,Shipped,29.2,Apple Pay
ORD000860,CUST03647,2026-02-09,Processing,81.41,Google Pay
ORD000861,CUST03398,2026-05-28,Processing,88.75,Google Pay
ORD000862,CUST04246,2026-06-19,Completed,122.11,Credit Card
ORD000863,CUST04803,2026-01-07,Shipped,19.9,Apple Pay
ORD000864,CUST03043,2026-03-20,Shipped,72.77,Apple Pay
ORD000865,CUST01616,2026-05-01,Cancelled,45.99,Google Pay
ORD000866,CUST01514,2026-03-14,Completed,90.05,PayPal
ORD000867,CUST02599,2026-03-09,Completed,25.46,Credit Card
ORD000868,CUST00845,2026-01-31,Cancelled,149.49,PayPal
ORD000869,CUST03420,2026-08-03,Completed,28.46,Google Pay
ORD000870,CUST03531,2026-03-11,Processing,42.37,Credit Card
ORD000871,CUST02328,2026-08-08,Completed,402.83,Credit Card
ORD000872,CUST03041,2026-07-23,Completed,64.4,Google Pay
ORD000873,CUST01977,2026-02-16,Completed,129.48,Debit Card
ORD000874,CUST01836,2026-06-28,Shipped,71.77,Debit Card
ORD000875,CUST04900,2026-02-27,Shipped,146.63,Apple Pay
ORD000876,CUST00355,2026-05-30,Cancelled,105.96,Google Pay
ORD000877,CUST01606,2026-01-24,Completed,34.5,Google Pay
ORD000878,CUST04474,2026-02-03,Completed,17.39,PayPal
ORD000879,CUST03196,2026-03-04,Cancelled,24.69,Google Pay
ORD000880,CUST02128,2026-07-07,Cancelled,42.37,Debit Card
ORD000881,CUST00988,2026-05-27,Shipped,89.6,Google Pay
ORD000882,CUST04329,2026-01-24,Completed,121.64,PayPal
ORD000883,CUST00154,2026-03-05,Completed,58.4,Apple Pay
ORD000884,CUST00907,2026-05-28,Completed,67.77,Credit Card
ORD000885,CUST03764,2026-04-26,Completed,11.93,Apple Pay
ORD000886,CUST01621,2026-04-08,Completed,49.46,PayPal
ORD000887,CUST03629,2026-01-27,Completed,56.5,Google Pay
ORD000888,CUST03575,2026-07-05,Completed,82.62,Debit Card
ORD000889,CUST04419,2026-02-13,Completed,48.03,Google Pay
ORD000890,CUST00332,2026-04-03,Completed,42.5,Credit Card
ORD000891,CUST04339,2026-03-06,Processing,226.29,Debit Card
ORD000892,CUST00430,2026-04-29,Shipped,22.99,Apple Pay
ORD000893,CUST02424,2026-06-23,Cancelled,157.05,PayPal
ORD000894,CUST00081,2026-02-23,Cancelled,93.36,Apple Pay
ORD000895,CUST01574,2026-04-30,Completed,55.24,Credit Card
ORD000896,CUST00420,2026-06-16,Completed,281.94,Credit Card
ORD000897,CUST00467,2026-01-07,Cancelled,57.68,Google Pay
ORD000898,CUST03394,2026-02-23,Completed,33.12,Google Pay
ORD000899,CUST01566,2026-02-12,Processing,70.09,Google Pay
ORD000900,CUST01519,2026-01-20,Shipped,111.39,Credit Card
ORD000901,CUST04031,2026-03-25,Shipped,88.84,Debit Card
ORD000902,CUST02036,2026-06-02,Completed,41.34,Apple Pay
ORD000903,CUST00804,2026-02-12,Cancelled,96.12,Apple Pay
ORD000904,CUST01078,2026-08-01,Cancelled,18.13,PayPal
ORD000905,CUST01633,2026-07-20,Cancelled,156.47,PayPal
ORD000906,CUST01985,2026-05-07,Completed,105.64,Debit Card
ORD000907,CUST00004,2026-06-04,Cancelled,13.22,Google Pay
ORD000908,CUST00603,2026-08-08,Completed,36.16,Google Pay
ORD000909,CUST02368,2026-06-02,Completed,144.37,Debit Card
ORD000910,CUST03676,2026-02-05,Completed,51.36,Apple Pay
ORD000911,CUST00501,2026-08-14,Completed,58.86,Google Pay
ORD000912,CUST00185,2026-03-07,Shipped,161.45,Apple Pay
ORD000913,CUST03510,2026-05-01,Cancelled,39.84,Credit Card
ORD000914,CUST03252,2026-01-09,Completed,13.45,PayPal
ORD000915,CUST03148,2026-03-24,Shipped,158.79,Google Pay
ORD000916,CUST02941,2026-03-20,Completed,44.43,PayPal
ORD000917,CUST01296,2026-06-30,Cancelled,59.23,Debit Card
ORD000918,CUST00055,2026-01-21,Shipped,52.66,Credit Card
ORD000919,CUST01725,2026-06-27,Processing,42.97,Google Pay
ORD000920,CUST02911,2026-01-16,Completed,32.98,Google Pay
ORD000921,CUST01871,2026-07-13,Cancelled,53.2,Apple Pay
ORD000922,CUST04173,2026-01-26,Cancelled,30.9,PayPal
ORD000923,CUST02344,2026-06-21,Completed,157.54,Credit Card
ORD000924,CUST03291,2026-01-29,Shipped,141.32,Apple Pay
ORD000925,CUST03349,2026-08-13,Cancelled,88.88,Credit Card
ORD000926,CUST01602,2026-04-08,Cancelled,86.9,Credit Card
ORD000927,CUST02794,2026-06-23,Completed,18.36,Debit Card
ORD000928,CUST03338,2026-08-07,Completed,133.18,Debit Card
ORD000929,CUST02091,2026-03-12,Cancelled,44.06,Apple Pay
ORD000930,CUST01252,2026-06-26,Cancelled,155.27,Apple Pay
ORD000931,CUST00171,2026-05-23,Completed,197.98,Apple Pay
ORD000932,CUST02810,2026-01-17,Completed,50.95,Credit Card
ORD000933,CUST02355,2026-05-17,Processing,12.56,Google Pay
ORD000934,CUST01774,2026-07-24,Shipped,70.95,Debit Card
ORD000935,CUST03755,2026-02-01,Processing,26.84,Google Pay
ORD000936,CUST03992,2026-03-07,Completed,39.66,PayPal
ORD000937,CUST02082,2026-02-28,Cancelled,52.06,Debit Card
ORD000938,CUST00827,2026-06-09,Completed,117.13,PayPal
ORD000939,CUST01666,2026-04-21,Shipped,82.67,PayPal
ORD000940,CUST00130,2026-07-31,Completed,177.21,Apple Pay
ORD000941,CUST01418,2026-06-20,Cancelled,34.6,Credit Card
ORD000942,CUST03788,2026-03-24,Completed,132.8,Google Pay
ORD000943,CUST01408,2026-04-20,Processing,103.8,PayPal
ORD000944,CUST00594,2026-08-07,Completed,96.68,Apple Pay
ORD000945,CUST01038,2026-02-28,Completed,131.38,Credit Card
ORD000946,CUST02129,2026-01-30,Completed,107.81,Debit Card
ORD000947,CUST03279,2026-01-11,Completed,19.46,PayPal
ORD000948,CUST04300,2026-07-27,Cancelled,40.27,Apple Pay
ORD000949,CUST00023,2026-04-29,Completed,119.38,Apple Pay
ORD000950,CUST01634,2026-06-03,Cancelled,84.66,Apple Pay
ORD000951,CUST04002,2026-04-04,Cancelled,124.9,Debit Card
ORD000952,CUST04200,2026-01-02,Completed,69.61,Credit Card
ORD000953,CUST01406,2026-06-11,Shipped,41.61,Google Pay
ORD000954,CUST01479,2026-06-18,Completed,33.97,Google Pay
ORD000955,CUST01195,2026-08-02,Completed,19.06,PayPal
ORD000956,CUST00576,2026-01-31,Completed,87.28,Credit Card
ORD000957,CUST01607,2026-03-04,Processing,21.92,PayPal
ORD000958,CUST04370,2026-07-02,Processing,60.37,Google Pay
ORD000959,CUST00452,2026-04-27,Completed,55.68,Debit Card
ORD000960,CUST00125,2026-07-08,Completed,131.64,Credit Card
ORD000961,CUST03455,2026-08-01,Cancelled,300.51,Credit Card
ORD000962,CUST02365,2026-05-07,Processing,46.0,PayPal
ORD000963,CUST01867,2026-02-05,Shipped,87.14,PayPal
ORD000964,CUST01684,2026-02-09,Completed,60.26,Debit Card
ORD000965,CUST00907,2026-01-23,Shipped,32.24,Credit Card
ORD000966,CUST03535,2026-06-03,Cancelled,137.99,Google Pay
ORD000967,CUST00430,2026-01-18,Completed,79.83,Google Pay
ORD000968,CUST02752,2026-03-20,Completed,91.15,Apple Pay
ORD000969,CUST03826,2026-02-03,Completed,113.1,Google Pay
ORD000970,CUST00362,2026-08-02,Shipped,113.67,Apple Pay
ORD000971,CUST04892,2026-06-05,Processing,53.77,Apple Pay
ORD000972,CUST00432,2026-04-17,Completed,125.88,PayPal
ORD000973,CUST02723,2026-02-18,Completed,53.85,Google Pay
ORD000974,CUST04955,2026-07-11,Cancelled,25.97,Apple Pay
ORD000975,CUST03062,2026-07-18,Processing,85.53,Google Pay
ORD000976,CUST03224,2026-07-10,Processing,155.83,Google Pay
ORD000977,CUST01631,2026-03-03,Completed,37.79,Google Pay
ORD000978,CUST04672,2026-02-11,Completed,19.95,Debit Card
ORD000979,CUST04989,2026-01-24,Shipped,65.92,Apple Pay
ORD000980,CUST00270,2026-06-12,Cancelled,29.0,Google Pay
ORD000981,CUST01124,2026-07-24,Processing,40.55,PayPal
ORD000982,CUST03177,2026-07-02,Shipped,64.47,Debit Card
ORD000983,CUST03393,2026-06-26,Shipped,7.59,Apple Pay
ORD000984,CUST04534,2026-03-18,Cancelled,43.82,Credit Card
ORD000985,CUST01043,2026-04-05,Completed,46.13,Apple Pay
ORD000986,CUST01642,2026-07-06,Cancelled,220.2,Debit Card
ORD000987,CUST02442,2026-03-24,Shipped,54.08,PayPal
ORD000988,CUST03298,2026-04-03,Shipped,268.39,Debit Card
ORD000989,CUST01384,2026-01-22,Completed,143.29,Google Pay
ORD000990,CUST03997,2026-04-15,Cancelled,82.58,Debit Card
ORD000991,CUST00015,2026-03-26,Shipped,77.51,Credit Card
ORD000992,CUST01675,2026-03-02,Completed,75.76,Credit Card
ORD000993,CUST03618,2026-07-27,Completed,66.34,Google Pay
ORD000994,CUST01481,2026-06-07,Shipped,21.4,Google Pay
ORD000995,CUST01746,2026-03-10,Processing,76.97,Credit Card
ORD000996,CUST03047,2026-07-07,Cancelled,64.51,PayPal
ORD000997,CUST04211,2026-01-06,Shipped,69.9,Debit Card
ORD000998,CUST00976,2026-03-26,Completed,204.24,Credit Card
ORD000999,CUST01686,2026-04-24,Processing,52.18,Google Pay
ORD001000,CUST02084,2026-05-19,Completed,28.63,Google Pay
ORD001001,CUST02290,2026-01-24,Cancelled,40.75,PayPal
ORD001002,CUST01687,2026-08-08,Completed,108.28,Apple Pay
ORD001003,CUST04159,2026-03-20,Completed,73.63,Google Pay
ORD001004,CUST00509,2026-04-20,Completed,62.32,PayPal
ORD001005,CUST00188,2026-04-14,Completed,23.07,Credit Card
ORD001006,CUST02783,2026-02-20,Completed,139.56,Apple Pay
ORD001007,CUST04189,2026-01-19,Shipped,39.32,Credit Card
ORD001008,CUST04101,2026-06-27,Completed,77.66,PayPal
ORD001009,CUST03510,2026-07-28,Shipped,56.25,Credit Card
ORD001010,CUST03518,2026-05-11,Completed,19.85,Debit Card
ORD001011,CUST02073,2026-05-11,Completed,78.2,PayPal
ORD001012,CUST00098,2026-05-08,Completed,26.08,Apple Pay
ORD001013,CUST01292,2026-04-02,Processing,76.36,Google Pay
ORD001014,CUST03465,2026-01-31,Completed,41.82,Credit Card
ORD001015,CUST01788,2026-04-16,Completed,52.75,PayPal
ORD001016,CUST00684,2026-05-04,Processing,99.16,Credit Card
ORD001017,CUST01133,2026-04-23,Completed,24.95,PayPal
ORD001018,CUST04123,2026-06-24,Shipped,527.95,PayPal
ORD001019,CUST03205,2026-05-16,Shipped,33.38,Apple Pay
ORD001020,CUST03124,2026-01-17,Completed,98.36,Credit Card
ORD001021,CUST03837,2026-04-09,Processing,113.44,Credit Card
ORD001022,CUST04877,2026-04-10,Completed,175.77,PayPal
ORD001023,CUST01615,2026-08-07,Completed,37.79,Debit Card
ORD001024,CUST01042,2026-04-14,Completed,35.74,Google Pay
ORD001025,CUST02866,2026-02-14,Completed,130.05,Google Pay
ORD001026,CUST00855,2026-04-07,Cancelled,88.34,Debit Card
ORD001027,CUST02027,2026-03-01,Shipped,89.72,Apple Pay
ORD001028,CUST01988,2026-04-24,Cancelled,160.5,Debit Card
ORD001029,CUST02551,2026-07-22,Completed,64.51,Debit Card
ORD001030,CUST00240,2026-01-21,Shipped,68.48,Apple Pay
ORD001031,CUST00490,2026-07-17,Shipped,153.01,PayPal
ORD001032,CUST03852,2026-04-22,Completed,68.26,Credit Card
ORD001033,CUST01037,2026-05-29,Shipped,29.67,Google Pay
ORD001034,CUST01339,2026-05-05,Processing,32.17,Google Pay
ORD001035,CUST04781,2026-07-05,Shipped,50.04,Google Pay
ORD001036,CUST03270,2026-07-02,Processing,77.43,Debit Card
ORD001037,CUST02555,2026-01-28,Shipped,118.02,PayPal
ORD001038,CUST03501,2026-03-22,Completed,323.21,PayPal
ORD001039,CUST03863,2026-03-23,Completed,50.78,Debit Card
ORD001040,CUST01768,2026-07-22,Completed,22.63,Apple Pay
ORD001041,CUST04709,2026-02-15,Completed,19.76,Apple Pay
ORD001042,CUST00162,2026-02-13,Completed,51.93,PayPal
ORD001043,CUST00656,2026-03-30,Completed,59.93,Debit Card
ORD001044,CUST03007,2026-08-10,Shipped,92.78,Google Pay
ORD001045,CUST04717,2026-06-02,Shipped,334.67,Credit Card
ORD001046,CUST03507,2026-07-18,Completed,93.0,PayPal
ORD001047,CUST01257,2026-06-26,Completed,64.09,Google Pay
ORD001048,CUST02159,2026-04-28,Processing,121.64,PayPal
ORD001049,CUST01952,2026-06-23,Completed,19.92,Credit Card
ORD001050,CUST00750,2026-08-07,Shipped,71.86,Apple Pay
ORD001051,CUST00709,2026-04-30,Processing,19.32,PayPal
ORD001052,CUST01622,2026-08-06,Cancelled,161.65,Debit Card
ORD001053,CUST04137,2026-03-04,Shipped,23.45,Apple Pay
ORD001054,CUST04656,2026-03-18,Completed,121.07,Apple Pay
ORD001055,CUST00466,2026-03-29,Processing,106.55,Google Pay
ORD001056,CUST03996,2026-05-20,Cancelled,169.29,Debit Card
ORD001057,CUST01101,2026-03-19,Processing,31.67,PayPal
ORD001058,CUST01714,2026-07-04,Processing,57.93,PayPal
ORD001059,CUST04586,2026-07-20,Completed,120.06,Debit Card
ORD001060,CUST00117,2026-03-05,Cancelled,76.95,Apple Pay
ORD001061,CUST02482,2026-06-08,Processing,85.08,PayPal
ORD001062,CUST00196,2026-01-04,Shipped,101.13,PayPal
ORD001063,CUST04715,2026-07-01,Completed,47.82,PayPal
ORD001064,CUST01475,2026-03-24,Shipped,30.75,Credit Card
ORD001065,CUST02473,2026-07-12,Cancelled,34.69,Debit Card
ORD001066,CUST04130,2026-08-09,Processing,56.68,Credit Card
ORD001067,CUST03055,2026-01-06,Processing,35.8,Credit Card
ORD001068,CUST01275,2026-07-12,Cancelled,49.4,Google Pay
ORD001069,CUST03710,2026-08-05,Shipped,59.35,PayPal
ORD001070,CUST00339,2026-04-01,Completed,174.69,Credit Card
ORD001071,CUST03512,2026-01-22,Processing,27.98,Debit Card
ORD001072,CUST04276,2026-05-25,Processing,35.48,Google Pay
ORD001073,CUST04718,2026-07-06,Completed,58.57,Google Pay
ORD001074,CUST03300,2026-01-29,Shipped,29.34,Apple Pay
ORD001075,CUST01657,2026-07-14,Processing,7.17,Apple Pay
ORD001076,CUST00643,2026-05-25,Shipped,39.21,Google Pay
ORD001077,CUST01681,2026-01-02,Completed,50.24,Debit Card
ORD001078,CUST01351,2026-02-01,Shipped,68.54,Credit Card
ORD001079,CUST00619,2026-05-30,Shipped,30.63,Apple Pay
ORD001080,CUST01170,2026-04-13,Completed,194.62,Credit Card
ORD001081,CUST00252,2026-08-13,Processing,103.93,Debit Card
ORD001082,CUST00302,2026-07-05,Shipped,27.78,Credit Card
ORD001083,CUST03142,2026-06-30,Completed,39.33,Google Pay
ORD001084,CUST01567,2026-08-02,Processing,37.31,Apple Pay
ORD001085,CUST03165,2026-06-24,Completed,28.48,Debit Card
ORD001086,CUST03958,2026-05-12,Completed,134.74,Google Pay
ORD001087,CUST02211,2026-06-15,Cancelled,28.6,Debit Card
ORD001088,CUST03153,2026-04-27,Completed,64.94,Apple Pay
ORD001089,CUST03660,2026-05-21,Processing,41.97,Credit Card
ORD001090,CUST00612,2026-03-02,Cancelled,52.48,Debit Card
ORD001091,CUST01944,2026-08-03,Completed,124.02,Apple Pay
ORD001092,CUST00074,2026-03-05,Completed,75.36,Google Pay
ORD001093,CUST02874,2026-03-18,Processing,77.83,Apple Pay
ORD001094,CUST04638,2026-07-31,Cancelled,75.28,Credit Card
ORD001095,CUST00157,2026-02-02,Completed,84.64,Apple Pay
ORD001096,CUST03559,2026-04-08,Processing,28.97,Google Pay
ORD001097,CUST00256,2026-06-15,Completed,37.48,Google Pay
ORD001098,CUST03111,2026-05-06,Completed,78.21,Debit Card
ORD001099,CUST01052,2026-06-06,Shipped,36.38,Google Pay
ORD001100,CUST02418,2026-03-02,Completed,47.17,PayPal
ORD001101,CUST02257,2026-02-01,Shipped,73.11,Google Pay
ORD001102,CUST02635,2026-05-19,Completed,130.69,Credit Card
ORD001103,CUST02897,2026-01-18,Completed,109.73,Google Pay
ORD001104,CUST01892,2026-02-14,Completed,184.77,Debit Card
ORD001105,CUST03684,2026-01-21,Completed,66.86,Google Pay
ORD001106,CUST04412,2026-01-12,Completed,65.54,Apple Pay
ORD001107,CUST03465,2026-04-13,Processing,37.97,Apple Pay
ORD001108,CUST02492,2026-01-20,Completed,88.96,Apple Pay
ORD001109,CUST03740,2026-01-07,Completed,145.23,PayPal
ORD001110,CUST01776,2026-04-01,Cancelled,40.7,Debit Card
ORD001111,CUST03937,2026-07-18,Completed,82.45,Apple Pay
ORD001112,CUST01971,2026-05-10,Completed,132.06,Apple Pay
ORD001113,CUST03720,2026-02-12,Cancelled,33.65,Apple Pay
ORD001114,CUST03954,2026-04-07,Completed,88.61,Debit Card
ORD001115,CUST02493,2026-01-21,Shipped,92.21,Apple Pay
ORD001116,CUST04666,2026-01-29,Completed,12.69,PayPal
ORD001117,CUST00649,2026-02-01,Completed,41.47,Apple Pay
ORD001118,CUST01641,2026-06-22,Completed,27.64,Credit Card
ORD001119,CUST04435,2026-03-17,Completed,42.17,PayPal
ORD001120,CUST00529,2026-07-24,Completed,45.07,Credit Card
ORD001121,CUST02102,2026-04-13,Shipped,58.78,Apple Pay
ORD001122,CUST00419,2026-04-23,Cancelled,113.82,Apple Pay
ORD001123,CUST02353,2026-07-06,Completed,141.71,Debit Card
ORD001124,CUST03510,2026-04-14,Cancelled,68.2,Credit Card
ORD001125,CUST00085,2026-05-11,Completed,149.69,Credit Card
ORD001126,CUST02300,2026-02-08,Completed,107.9,Google Pay
ORD001127,CUST01752,2026-02-20,Processing,56.84,Google Pay
ORD001128,CUST04222,2026-04-26,Processing,168.37,Google Pay
ORD001129,CUST02658,2026-01-08,Cancelled,63.24,Google Pay
ORD001130,CUST03976,2026-04-20,Completed,71.76,Credit Card
ORD001131,CUST02352,2026-02-15,Completed,30.64,Debit Card
ORD001132,CUST03100,2026-07-13,Shipped,77.63,Google Pay
ORD001133,CUST01290,2026-01-06,Processing,81.07,Credit Card
ORD001134,CUST03124,2026-04-22,Completed,110.64,Debit Card
ORD001135,CUST02703,2026-02-27,Completed,51.54,Debit Card
ORD001136,CUST00644,2026-06-18,Completed,36.25,Google Pay
ORD001137,CUST02906,2026-05-02,Completed,80.36,Credit Card
ORD001138,CUST04068,2026-07-26,Completed,101.25,PayPal
ORD001139,CUST04064,2026-04-25,Completed,47.65,Credit Card
ORD001140,CUST04670,2026-02-23,Cancelled,33.51,Debit Card
ORD001141,CUST02923,2026-03-17,Processing,45.22,Apple Pay
ORD001142,CUST02022,2026-06-18,Completed,183.33,Google Pay
ORD001143,CUST03625,2026-02-17,Completed,30.52,Debit Card
ORD001144,CUST02871,2026-08-12,Cancelled,29.95,PayPal
ORD001145,CUST03119,2026-03-11,Shipped,223.16,PayPal
ORD001146,CUST00137,2026-06-04,Completed,54.07,PayPal
ORD001147,CUST04226,2026-02-16,Completed,25.63,PayPal
ORD001148,CUST01219,2026-07-24,Completed,22.43,Credit Card
ORD001149,CUST01018,2026-04-27,Cancelled,90.17,Debit Card
ORD001150,CUST03701,2026-01-23,Cancelled,76.3,PayPal
ORD001151,CUST04528,2026-07-21,Processing,90.69,Debit Card
ORD001152,CUST03141,2026-05-22,Completed,33.02,Debit Card
ORD001153,CUST03530,2026-03-02,Cancelled,26.28,Apple Pay
ORD001154,CUST02588,2026-07-14,Processing,87.99,Credit Card
ORD001155,CUST02383,2026-05-06,Cancelled,29.02,Apple Pay
ORD001156,CUST02606,2026-03-17,Completed,53.76,Google Pay
ORD001157,CUST03088,2026-06-02,Processing,32.47,Google Pay
ORD001158,CUST03528,2026-03-06,Cancelled,191.27,Google Pay
ORD001159,CUST02558,2026-04-06,Processing,115.08,Apple Pay
ORD001160,CUST00209,2026-06-01,Processing,381.62,Debit Card
ORD001161,CUST03811,2026-06-30,Cancelled,94.36,Google Pay
ORD001162,CUST04154,2026-04-16,Processing,75.13,Google Pay
ORD001163,CUST02008,2026-07-20,Completed,97.11,Apple Pay
ORD001164,CUST02864,2026-06-27,Completed,20.06,Debit Card
ORD001165,CUST03377,2026-05-09,Cancelled,17.32,Google Pay
ORD001166,CUST01369,2026-02-08,Completed,99.29,Credit Card
ORD001167,CUST03801,2026-07-21,Completed,40.18,Google Pay
ORD001168,CUST01038,2026-02-13,Completed,60.32,Apple Pay
ORD001169,CUST04473,2026-04-15,Shipped,19.29,Apple Pay
ORD001170,CUST02291,2026-04-04,Cancelled,41.97,Credit Card
ORD001171,CUST00993,2026-05-13,Processing,46.85,Debit Card
ORD001172,CUST02939,2026-05-03,Completed,115.28,Credit Card
ORD001173,CUST04511,2026-07-15,Cancelled,66.23,Google Pay
ORD001174,CUST00394,2026-05-04,Completed,22.96,Apple Pay
ORD001175,CUST03687,2026-04-19,Processing,41.91,Debit Card
ORD001176,CUST04825,2026-03-13,Shipped,131.17,Google Pay
ORD001177,CUST00358,2026-07-27,Cancelled,43.99,Credit Card
ORD001178,CUST04005,2026-03-06,Processing,113.34,Google Pay
ORD001179,CUST01182,2026-03-20,Completed,41.15,Credit Card
ORD001180,CUST02066,2026-03-29,Completed,76.28,PayPal
ORD001181,CUST03903,2026-05-23,Cancelled,62.87,PayPal
ORD001182,CUST03419,2026-06-27,Completed,55.94,Apple Pay
ORD001183,CUST03130,2026-01-06,Shipped,24.09,Debit Card
ORD001184,CUST00155,2026-03-07,Completed,19.5,Apple Pay
ORD001185,CUST03559,2026-03-10,Processing,71.54,Google Pay
ORD001186,CUST01555,2026-04-25,Shipped,61.93,PayPal
ORD001187,CUST00487,2026-06-16,Cancelled,41.55,Apple Pay
ORD001188,CUST01383,2026-04-15,Completed,32.71,Credit Card
ORD001189,CUST02416,2026-04-08,Processing,154.0,Debit Card
ORD001190,CUST01071,2026-04-06,Completed,120.7,PayPal
ORD001191,CUST02255,2026-06-06,Processing,101.73,Debit Card
ORD001192,CUST01507,2026-08-09,Completed,186.52,Debit Card
ORD001193,CUST01876,2026-08-04,Cancelled,27.96,PayPal
ORD001194,CUST02191,2026-02-15,Cancelled,73.18,Credit Card
ORD001195,CUST01071,2026-05-02,Shipped,22.81,Credit Card
ORD001196,CUST00191,2026-01-31,Shipped,45.53,Credit Card
ORD001197,CUST00140,2026-06-01,Completed,48.57,Debit Card
ORD001198,CUST04711,2026-04-29,Completed,37.5,Credit Card
ORD001199,CUST04011,2026-05-06,Cancelled,58.68,Google Pay
ORD001200,CUST03412,2026-05-23,Cancelled,271.95,Google Pay
ORD001201,CUST02973,2026-07-23,Completed,72.46,Credit Card
ORD001202,CUST01515,2026-05-28,Completed,119.82,Credit Card
ORD001203,CUST03121,2026-05-12,Cancelled,64.86,PayPal
ORD001204,CUST03971,2026-07-05,Processing,18.68,PayPal
ORD001205,CUST04720,2026-07-24,Completed,38.8,Apple Pay
ORD001206,CUST03525,2026-07-08,Completed,41.49,Debit Card
ORD001207,CUST01346,2026-05-07,Completed,58.57,Debit Card
ORD001208,CUST04183,2026-04-18,Completed,92.12,PayPal
ORD001209,CUST01918,2026-05-18,Processing,110.28,Google Pay
ORD001210,CUST04378,2026-02-10,Completed,77.03,Apple Pay
ORD001211,CUST03911,2026-02-22,Completed,126.77,PayPal
ORD001212,CUST00453,2026-03-28,Completed,38.22,Apple Pay
ORD001213,CUST04143,2026-07-18,Cancelled,89.39,Debit Card
ORD001214,CUST01612,2026-05-01,Completed,85.66,Debit Card
ORD001215,CUST03168,2026-03-17,Completed,113.37,Debit Card
ORD001216,CUST02079,2026-02-17,Completed,36.12,Google Pay
ORD001217,CUST02582,2026-05-23,Completed,218.96,PayPal
ORD001218,CUST02065,2026-05-15,Processing,34.76,Apple Pay
ORD001219,CUST01259,2026-03-13,Shipped,43.62,PayPal
ORD001220,CUST04488,2026-07-18,Processing,101.72,Debit Card
ORD001221,CUST00354,2026-06-20,Cancelled,20.11,Debit Card
ORD001222,CUST04401,2026-01-04,Cancelled,31.38,PayPal
ORD001223,CUST03637,2026-05-04,Cancelled,64.11,Credit Card
ORD001224,CUST01564,2026-06-28,Completed,16.84,Credit Card
ORD001225,CUST00712,2026-03-12,Processing,34.54,PayPal
ORD001226,CUST03503,2026-05-06,Processing,64.18,Debit Card
ORD001227,CUST02733,2026-02-28,Completed,33.93,Apple Pay
ORD001228,CUST04882,2026-04-19,Completed,210.06,Credit Card
ORD001229,CUST00857,2026-02-10,Completed,100.24,PayPal
ORD001230,CUST04273,2026-07-08,Shipped,82.75,Google Pay
ORD001231,CUST01430,2026-01-30,Cancelled,66.57,PayPal
ORD001232,CUST02493,2026-05-03,Completed,103.21,Debit Card
ORD001233,CUST03199,2026-05-26,Completed,62.83,PayPal
ORD001234,CUST03421,2026-01-30,Completed,30.15,Credit Card
ORD001235,CUST02069,2026-05-15,Completed,76.65,Credit Card
ORD001236,CUST04807,2026-02-21,Shipped,36.56,PayPal
ORD001237,CUST03492,2026-06-25,Completed,81.44,Apple Pay
ORD001238,CUST00152,2026-01-23,Processing,74.2,PayPal
ORD001239,CUST03232,2026-05-04,Completed,38.79,Apple Pay
ORD001240,CUST02907,2026-06-14,Cancelled,254.91,Credit Card
ORD001241,CUST03552,2026-03-12,Shipped,147.26,Google Pay
ORD001242,CUST01467,2026-08-09,Completed,58.06,Apple Pay
ORD001243,CUST04192,2026-08-14,Completed,86.07,PayPal
ORD001244,CUST03424,2026-04-13,Shipped,76.24,Debit Card
ORD001245,CUST04058,2026-02-22,Shipped,41.32,Debit Card
ORD001246,CUST02926,2026-04-15,Processing,90.0,PayPal
ORD001247,CUST03666,2026-06-22,Cancelled,52.58,Credit Card
ORD001248,CUST04736,2026-06-26,Processing,22.59,Credit Card
ORD001249,CUST03431,2026-02-18,Processing,42.18,Credit Card
ORD001250,CUST01157,2026-04-21,Cancelled,42.36,PayPal
ORD001251,CUST04208,2026-07-29,Completed,15.58,Debit Card
ORD001252,CUST03409,2026-06-24,Processing,153.62,Google Pay
ORD001253,CUST01162,2026-04-17,Cancelled,41.76,Debit Card
ORD001254,CUST01260,2026-06-02,Shipped,46.33,Credit Card
ORD001255,CUST04091,2026-04-01,Shipped,291.67,PayPal
ORD001256,CUST02842,2026-06-04,Cancelled,30.5,PayPal
ORD001257,CUST03203,2026-05-20,Shipped,56.48,Google Pay
ORD001258,CUST02982,2026-05-31,Completed,19.83,Debit Card
ORD001259,CUST03555,2026-01-17,Completed,38.55,Credit Card
ORD001260,CUST03473,2026-02-13,Cancelled,41.89,Google Pay
ORD001261,CUST01225,2026-03-12,Cancelled,132.16,Credit Card
ORD001262,CUST04388,2026-05-05,Completed,33.66,Debit Card
ORD001263,CUST02390,2026-06-01,Cancelled,109.43,Google Pay
ORD001264,CUST01015,2026-07-18,Processing,399.43,Credit Card
ORD001265,CUST04681,2026-04-03,Shipped,205.45,Apple Pay
ORD001266,CUST02027,2026-03-01,Processing,8.19,PayPal
ORD001267,CUST03714,2026-02-22,Cancelled,85.28,Debit Card
ORD001268,CUST01493,2026-08-08,Shipped,181.27,PayPal
ORD001269,CUST04123,2026-08-03,Completed,33.79,Credit Card
ORD001270,CUST01701,2026-03-15,Shipped,56.85,Google Pay
ORD001271,CUST00455,2026-05-24,Completed,48.47,Credit Card
ORD001272,CUST00918,2026-04-17,Completed,117.72,Apple Pay
ORD001273,CUST00014,2026-04-08,Shipped,43.22,Apple Pay
ORD001274,CUST04375,2026-01-25,Cancelled,229.93,Debit Card
ORD001275,CUST00490,2026-03-07,Completed,142.66,PayPal
ORD001276,CUST00985,2026-02-19,Completed,20.13,Credit Card
ORD001277,CUST00961,2026-03-10,Completed,20.31,Apple Pay
ORD001278,CUST01783,2026-03-19,Completed,69.89,Google Pay
ORD001279,CUST01870,2026-08-11,Cancelled,51.93,Credit Card
ORD001280,CUST03305,2026-06-17,Processing,57.24,Debit Card
ORD001281,CUST02645,2026-05-14,Processing,40.5,Google Pay
ORD001282,CUST04346,2026-03-05,Shipped,28.67,PayPal
ORD001283,CUST04836,2026-01-28,Completed,61.49,Debit Card
ORD001284,CUST03669,2026-01-09,Completed,83.93,PayPal
ORD001285,CUST04402,2026-01-06,Completed,125.04,PayPal
ORD001286,CUST01826,2026-05-25,Processing,140.16,Apple Pay
ORD001287,CUST03308,2026-06-17,Shipped,62.11,PayPal
ORD001288,CUST03363,2026-04-09,Shipped,77.48,Google Pay
ORD001289,CUST03111,2026-07-23,Completed,18.64,Google Pay
ORD001290,CUST02766,2026-06-22,Completed,99.71,Google Pay
ORD001291,CUST04279,2026-03-23,Completed,154.03,Credit Card
ORD001292,CUST03771,2026-04-29,Processing,95.45,Apple Pay
ORD001293,CUST02693,2026-06-20,Shipped,58.35,Apple Pay
ORD001294,CUST00030,2026-08-14,Completed,30.86,Google Pay
ORD001295,CUST00767,2026-06-23,Completed,30.91,Credit Card
ORD001296,CUST00615,2026-07-10,Shipped,52.71,PayPal
ORD001297,CUST01005,2026-05-09,Completed,83.19,PayPal
ORD001298,CUST02122,2026-07-06,Completed,14.17,PayPal
ORD001299,CUST03127,2026-03-04,Completed,23.9,Apple Pay
ORD001300,CUST03010,2026-07-26,Completed,116.45,PayPal
ORD001301,CUST03820,2026-05-05,Shipped,202.22,Credit Card
ORD001302,CUST00024,2026-01-18,Completed,53.39,Credit Card
ORD001303,CUST04060,2026-03-27,Completed,95.47,PayPal
ORD001304,CUST03094,2026-07-29,Completed,55.65,Apple Pay
ORD001305,CUST02911,2026-07-12,Completed,65.79,Debit Card
ORD001306,CUST01971,2026-01-20,Completed,28.02,Google Pay
ORD001307,CUST01539,2026-07-03,Shipped,89.08,PayPal
ORD001308,CUST03142,2026-07-01,Completed,35.89,PayPal
ORD001309,CUST04768,2026-02-17,Completed,71.57,Google Pay
ORD001310,CUST03970,2026-02-23,Completed,102.19,Debit Card
ORD001311,CUST02925,2026-04-12,Completed,93.65,PayPal
ORD001312,CUST00571,2026-03-30,Shipped,34.31,PayPal
ORD001313,CUST04860,2026-05-24,Completed,72.9,Debit Card
ORD001314,CUST01243,2026-05-28,Cancelled,40.34,Google Pay
ORD001315,CUST00713,2026-02-16,Shipped,101.26,Credit Card
ORD001316,CUST04863,2026-08-13,Completed,108.33,PayPal
ORD001317,CUST01294,2026-05-15,Completed,104.19,PayPal
ORD001318,CUST02867,2026-05-31,Completed,172.17,Apple Pay
ORD001319,CUST01675,2026-07-22,Completed,87.85,Debit Card
ORD001320,CUST03664,2026-06-10,Shipped,179.2,PayPal
ORD001321,CUST01360,2026-06-17,Completed,102.02,Apple Pay
ORD001322,CUST00636,2026-04-20,Completed,37.74,Credit Card
ORD001323,CUST01210,2026-01-05,Cancelled,73.02,Debit Card
ORD001324,CUST02613,2026-06-22,Completed,130.82,Credit Card
ORD001325,CUST01298,2026-04-21,Shipped,137.87,Apple Pay
ORD001326,CUST00358,2026-02-10,Shipped,46.15,Google Pay
ORD001327,CUST00241,2026-05-16,Completed,45.76,Debit Card
ORD001328,CUST02605,2026-07-28,Completed,96.65,Google Pay
ORD001329,CUST04065,2026-03-23,Completed,36.59,Apple Pay
ORD001330,CUST01827,2026-06-27,Shipped,54.83,Debit Card
ORD001331,CUST03559,2026-08-07,Completed,68.28,PayPal
ORD001332,CUST03861,2026-01-31,Processing,57.02,Apple Pay
ORD001333,CUST04252,2026-01-04,Cancelled,112.52,Apple Pay
ORD001334,CUST04448,2026-07-13,Shipped,106.94,Credit Card
ORD001335,CUST04140,2026-02-25,Processing,70.73,Google Pay
ORD001336,CUST00138,2026-01-05,Processing,28.85,Debit Card
ORD001337,CUST03735,2026-03-22,Shipped,168.19,Debit Card
ORD001338,CUST01968,2026-02-23,Completed,37.09,PayPal
ORD001339,CUST04850,2026-05-04,Completed,42.86,Debit Card
ORD001340,CUST00143,2026-04-06,Completed,35.24,PayPal
ORD001341,CUST03634,2026-04-03,Completed,21.97,Debit Card
ORD001342,CUST02560,2026-03-21,Cancelled,124.43,Credit Card
ORD001343,CUST04158,2026-01-01,Shipped,220.95,Apple Pay
ORD001344,CUST02020,2026-07-23,Completed,25.52,Debit Card
ORD001345,CUST02850,2026-07-30,Completed,17.14,Apple Pay
ORD001346,CUST01193,2026-03-14,Completed,67.84,Google Pay
ORD001347,CUST02314,2026-03-02,Completed,77.96,Apple Pay
ORD001348,CUST02356,2026-05-06,Processing,13.7,Google Pay
ORD001349,CUST02507,2026-01-07,Cancelled,29.44,Debit Card
ORD001350,CUST00334,2026-06-07,Completed,153.52,Credit Card
ORD001351,CUST02563,2026-05-05,Completed,93.15,Credit Card
ORD001352,CUST02721,2026-01-15,Completed,152.66,Apple Pay
ORD001353,CUST02439,2026-04-18,Completed,29.25,Credit Card
ORD001354,CUST01796,2026-01-04,Cancelled,60.57,Google Pay
ORD001355,CUST00254,2026-03-04,Completed,58.02,Credit Card
ORD001356,CUST03658,2026-03-11,Shipped,128.75,Credit Card
ORD001357,CUST01424,2026-02-07,Processing,38.83,Credit Card
ORD001358,CUST03238,2026-06-24,Completed,42.41,PayPal
ORD001359,CUST03332,2026-07-07,Shipped,86.44,PayPal
ORD001360,CUST01028,2026-01-02,Completed,104.78,Apple Pay
ORD001361,CUST02167,2026-07-16,Cancelled,43.98,Debit Card
ORD001362,CUST03995,2026-01-08,Cancelled,71.25,Debit Card
ORD001363,CUST00470,2026-02-20,Completed,116.94,Google Pay
ORD001364,CUST01094,2026-04-27,Shipped,75.41,Google Pay
ORD001365,CUST04790,2026-08-10,Cancelled,44.34,Apple Pay
ORD001366,CUST02913,2026-04-22,Completed,74.78,PayPal
ORD001367,CUST00181,2026-01-19,Cancelled,95.32,Credit Card
ORD001368,CUST04068,2026-04-04,Completed,63.97,PayPal
ORD001369,CUST03077,2026-01-31,Completed,87.95,PayPal
ORD001370,CUST01221,2026-03-21,Completed,118.08,Apple Pay
ORD001371,CUST04143,2026-04-12,Completed,81.07,PayPal
ORD001372,CUST03624,2026-01-22,Processing,110.74,Debit Card
ORD001373,CUST04730,2026-02-02,Completed,53.96,PayPal
ORD001374,CUST01564,2026-08-02,Completed,43.22,Debit Card
ORD001375,CUST04685,2026-07-19,Cancelled,163.36,Google Pay
ORD001376,CUST03633,2026-06-14,Completed,12.62,Google Pay
ORD001377,CUST02358,2026-05-20,Shipped,81.2,Apple Pay
ORD001378,CUST01563,2026-04-24,Cancelled,48.88,Credit Card
ORD001379,CUST04936,2026-07-16,Completed,97.52,PayPal
ORD001380,CUST01414,2026-03-05,Shipped,26.41,Credit Card
ORD001381,CUST02507,2026-06-02,Cancelled,78.0,Debit Card
ORD001382,CUST04829,2026-07-01,Completed,91.4,Credit Card
ORD001383,CUST01018,2026-01-29,Shipped,79.96,PayPal
ORD001384,CUST03655,2026-01-13,Completed,32.83,Credit Card
ORD001385,CUST00758,2026-01-26,Completed,39.67,Credit Card
ORD001386,CUST03780,2026-01-22,Cancelled,98.72,Credit Card
ORD001387,CUST00621,2026-04-03,Completed,56.06,Apple Pay
ORD001388,CUST01889,2026-03-17,Processing,14.93,Credit Card
ORD001389,CUST03585,2026-04-20,Cancelled,43.3,PayPal
ORD001390,CUST00182,2026-04-02,Completed,138.38,PayPal
ORD001391,CUST02729,2026-03-14,Cancelled,54.54,Credit Card
ORD001392,CUST02296,2026-04-29,Completed,23.97,Apple Pay
ORD001393,CUST02668,2026-01-10,Completed,47.03,Debit Card
ORD001394,CUST01800,2026-02-17,Completed,59.61,Credit Card
ORD001395,CUST01500,2026-06-19,Completed,35.72,Apple Pay
ORD001396,CUST00985,2026-03-31,Shipped,155.02,Google Pay
ORD001397,CUST03554,2026-07-06,Completed,48.94,PayPal
ORD001398,CUST02365,2026-06-30,Cancelled,51.61,Google Pay
ORD001399,CUST03306,2026-06-17,Completed,54.23,PayPal
ORD001400,CUST02216,2026-07-22,Cancelled,17.06,Debit Card
ORD001401,CUST02791,2026-07-09,Processing,78.58,Apple Pay
ORD001402,CUST00126,2026-01-06,Completed,39.9,Debit Card
ORD001403,CUST02621,2026-05-12,Shipped,10.94,Google Pay
ORD001404,CUST04216,2026-04-01,Shipped,21.13,Apple Pay
ORD001405,CUST01452,2026-02-24,Processing,58.19,Google Pay
ORD001406,CUST01009,2026-05-06,Cancelled,142.72,Credit Card
ORD001407,CUST01214,2026-08-04,Cancelled,99.75,Google Pay
ORD001408,CUST03705,2026-07-16,Cancelled,89.01,Debit Card
ORD001409,CUST03131,2026-05-11,Shipped,64.8,Debit Card
ORD001410,CUST00697,2026-01-07,Completed,78.86,Credit Card
ORD001411,CUST02271,2026-03-29,Completed,64.64,Apple Pay
ORD001412,CUST01516,2026-03-27,Completed,36.04,Google Pay
ORD001413,CUST01035,2026-05-20,Completed,37.0,Google Pay
ORD001414,CUST02841,2026-04-09,Completed,60.98,Google Pay
ORD001415,CUST01536,2026-05-25,Completed,35.36,Apple Pay
ORD001416,CUST00814,2026-07-14,Cancelled,18.56,Debit Card
ORD001417,CUST00310,2026-03-16,Cancelled,91.83,Credit Card
ORD001418,CUST01012,2026-07-17,Processing,82.02,Apple Pay
ORD001419,CUST01019,2026-04-17,Completed,18.28,Credit Card
ORD001420,CUST03412,2026-06-13,Completed,25.48,PayPal
ORD001421,CUST03719,2026-05-25,Cancelled,76.41,Credit Card
ORD001422,CUST04921,2026-03-27,Processing,27.05,PayPal
ORD001423,CUST03811,2026-01-01,Completed,61.52,Credit Card
ORD001424,CUST02045,2026-04-30,Completed,108.76,PayPal
ORD001425,CUST01117,2026-03-08,Processing,43.68,Google Pay
ORD001426,CUST04724,2026-07-27,Completed,95.89,Apple Pay
ORD001427,CUST01157,2026-04-09,Cancelled,42.36,Google Pay
ORD001428,CUST00989,2026-07-25,Completed,47.9,Debit Card
ORD001429,CUST02467,2026-02-18,Completed,80.75,Apple Pay
ORD001430,CUST01829,2026-02-20,Processing,96.61,Google Pay
ORD001431,CUST02078,2026-03-12,Completed,25.08,Credit Card
ORD001432,CUST02346,2026-08-06,Completed,23.97,Apple Pay
ORD001433,CUST01085,2026-04-30,Completed,20.75,Credit Card
ORD001434,CUST02506,2026-06-20,Completed,195.12,Google Pay
ORD001435,CUST04045,2026-04-22,Completed,44.49,Apple Pay
ORD001436,CUST02352,2026-01-31,Completed,37.0,Google Pay
ORD001437,CUST03006,2026-01-24,Completed,74.03,Debit Card
ORD001438,CUST04436,2026-07-30,Completed,18.94,Google Pay
ORD001439,CUST02496,2026-02-06,Processing,46.43,Debit Card
ORD001440,CUST00077,2026-07-12,Completed,60.64,Google Pay
ORD001441,CUST02563,2026-08-05,Completed,30.56,Apple Pay
ORD001442,CUST01573,2026-03-04,Shipped,26.86,Credit Card
ORD001443,CUST04188,2026-02-25,Shipped,46.34,Apple Pay
ORD001444,CUST04562,2026-07-21,Completed,42.8,Google Pay
ORD001445,CUST03671,2026-01-18,Shipped,41.95,Google Pay
ORD001446,CUST03112,2026-04-16,Completed,21.21,Google Pay
ORD001447,CUST02738,2026-07-12,Shipped,21.11,PayPal
ORD001448,CUST01353,2026-06-06,Completed,145.61,Debit Card
ORD001449,CUST00947,2026-03-18,Cancelled,24.11,Credit Card
ORD001450,CUST04650,2026-01-04,Completed,52.22,Debit Card
ORD001451,CUST03869,2026-05-01,Cancelled,53.79,Google Pay
ORD001452,CUST03138,2026-05-20,Cancelled,43.12,Google Pay
ORD001453,CUST03487,2026-07-03,Cancelled,53.83,Debit Card
ORD001454,CUST04188,2026-02-17,Cancelled,47.02,Debit Card
ORD001455,CUST01003,2026-05-27,Completed,45.12,Debit Card
ORD001456,CUST04464,2026-01-26,Completed,126.14,PayPal
ORD001457,CUST00820,2026-04-18,Completed,30.96,Debit Card
ORD001458,CUST00423,2026-02-07,Completed,38.67,Google Pay
ORD001459,CUST00572,2026-03-21,Processing,114.31,Credit Card
ORD001460,CUST02910,2026-06-02,Shipped,39.92,Apple Pay
ORD001461,CUST04531,2026-07-03,Processing,44.09,Debit Card
ORD001462,CUST01424,2026-07-21,Completed,39.55,Debit Card
ORD001463,CUST01634,2026-01-28,Cancelled,125.68,Debit Card
ORD001464,CUST01754,2026-03-02,Cancelled,112.35,Credit Card
ORD001465,CUST00468,2026-08-08,Completed,26.31,Debit Card
ORD001466,CUST04888,2026-03-30,Completed,162.3,Debit Card
ORD001467,CUST02923,2026-03-30,Processing,13.25,Debit Card
ORD001468,CUST02304,2026-06-28,Completed,18.68,Credit Card
ORD001469,CUST01707,2026-05-20,Processing,19.91,Apple Pay
ORD001470,CUST00073,2026-01-08,Completed,27.89,Google Pay
ORD001471,CUST00147,2026-05-02,Completed,44.59,Credit Card
ORD001472,CUST00317,2026-04-13,Cancelled,28.49,Debit Card
ORD001473,CUST00606,2026-07-05,Completed,25.88,PayPal
ORD001474,CUST00575,2026-03-29,Completed,83.38,Credit Card
ORD001475,CUST01178,2026-01-23,Completed,46.76,Debit Card
ORD001476,CUST03327,2026-02-06,Processing,100.82,Debit Card
ORD001477,CUST03423,2026-01-11,Completed,110.31,Google Pay
ORD001478,CUST02595,2026-01-17,Completed,64.52,Credit Card
ORD001479,CUST02883,2026-08-08,Completed,93.97,Credit Card
ORD001480,CUST00312,2026-07-03,Completed,50.54,Google Pay
ORD001481,CUST02856,2026-06-30,Completed,24.13,PayPal
ORD001482,CUST00765,2026-07-14,Completed,21.48,PayPal
ORD001483,CUST02996,2026-05-10,Processing,14.81,Apple Pay
ORD001484,CUST03201,2026-01-29,Cancelled,98.18,Apple Pay
ORD001485,CUST00436,2026-02-26,Processing,63.83,Google Pay
ORD001486,CUST03352,2026-06-11,Shipped,7.22,Credit Card
ORD001487,CUST04454,2026-03-19,Processing,89.82,Debit Card
ORD001488,CUST02978,2026-05-02,Completed,59.87,PayPal
ORD001489,CUST02931,2026-08-13,Shipped,30.33,Credit Card
ORD001490,CUST02300,2026-04-22,Shipped,30.06,Apple Pay
ORD001491,CUST00135,2026-07-29,Shipped,47.01,PayPal
ORD001492,CUST03915,2026-04-03,Shipped,131.79,Debit Card
ORD001493,CUST04619,2026-01-02,Processing,58.89,Apple Pay
ORD001494,CUST00804,2026-05-04,Shipped,34.65,Debit Card
ORD001495,CUST02708,2026-07-22,Completed,271.3,Apple Pay
ORD001496,CUST02367,2026-01-31,Completed,114.61,Debit Card
ORD001497,CUST04176,2026-04-27,Completed,113.15,PayPal
ORD001498,CUST03263,2026-04-23,Completed,118.74,Google Pay
ORD001499,CUST01477,2026-07-24,Cancelled,138.0,Debit Card
ORD001500,CUST03416,2026-02-13,Completed,81.0,PayPal
ORD001501,CUST02462,2026-05-07,Completed,61.21,Credit Card
ORD001502,CUST03943,2026-03-31,Shipped,65.02,Credit Card
ORD001503,CUST02041,2026-07-03,Completed,22.96,Apple Pay
ORD001504,CUST04464,2026-08-14,Shipped,12.57,Google Pay
ORD001505,CUST01007,2026-07-01,Processing,99.14,Apple Pay
ORD001506,CUST00993,2026-06-30,Completed,215.71,Debit Card
ORD001507,CUST04692,2026-04-24,Completed,46.31,Google Pay
ORD001508,CUST01897,2026-03-15,Completed,159.42,Debit Card
ORD001509,CUST03066,2026-07-23,Shipped,176.75,PayPal
ORD001510,CUST02749,2026-08-02,Completed,42.05,Google Pay
ORD001511,CUST02662,2026-02-15,Completed,140.67,Credit Card
ORD001512,CUST02979,2026-02-23,Completed,93.96,PayPal
ORD001513,CUST01824,2026-06-08,Completed,48.06,PayPal
ORD001514,CUST03408,2026-07-30,Completed,87.55,Debit Card
ORD001515,CUST04507,2026-04-19,Completed,73.72,Apple Pay
ORD001516,CUST04483,2026-01-24,Shipped,15.27,Debit Card
ORD001517,CUST01749,2026-06-02,Completed,344.56,PayPal
ORD001518,CUST02662,2026-06-12,Processing,28.45,Google Pay
ORD001519,CUST00019,2026-02-26,Processing,69.21,Credit Card
ORD001520,CUST03359,2026-03-13,Shipped,217.91,PayPal
ORD001521,CUST00276,2026-03-10,Shipped,49.87,Apple Pay
ORD001522,CUST04079,2026-08-02,Completed,35.89,Apple Pay
ORD001523,CUST04755,2026-01-28,Processing,66.08,Google Pay
ORD001524,CUST02946,2026-07-23,Completed,47.37,Apple Pay
ORD001525,CUST04648,2026-02-02,Processing,142.12,Google Pay
ORD001526,CUST04775,2026-02-22,Shipped,33.6,Apple Pay
ORD001527,CUST04699,2026-05-02,Shipped,40.43,Debit Card
ORD001528,CUST00365,2026-01-16,Completed,56.72,Credit Card
ORD001529,CUST01974,2026-06-03,Completed,24.48,Credit Card
ORD001530,CUST00795,2026-05-20,Shipped,41.02,PayPal
ORD001531,CUST00590,2026-03-28,Cancelled,41.26,PayPal
ORD001532,CUST04295,2026-08-06,Completed,24.85,Debit Card
ORD001533,CUST04314,2026-04-15,Processing,39.08,Debit Card
ORD001534,CUST00741,2026-03-18,Completed,101.27,Credit Card
ORD001535,CUST04746,2026-03-28,Processing,14.87,PayPal
ORD001536,CUST02195,2026-01-31,Cancelled,122.76,PayPal
ORD001537,CUST00670,2026-04-10,Shipped,41.8,Credit Card
ORD001538,CUST01438,2026-06-04,Shipped,75.86,Google Pay
ORD001539,CUST04761,2026-02-05,Completed,121.71,Debit Card
ORD001540,CUST00856,2026-02-28,Shipped,31.26,PayPal
ORD001541,CUST02378,2026-04-16,Cancelled,82.68,Credit Card
ORD001542,CUST04991,2026-08-03,Completed,24.13,Debit Card
ORD001543,CUST04034,2026-01-03,Cancelled,22.68,Credit Card
ORD001544,CUST01894,2026-08-10,Completed,50.8,Google Pay
ORD001545,CUST01187,2026-05-01,Shipped,53.94,Apple Pay
ORD001546,CUST01843,2026-06-09,Processing,118.54,PayPal
ORD001547,CUST00327,2026-01-15,Processing,21.49,Debit Card
ORD001548,CUST03227,2026-03-16,Completed,91.22,Credit Card
ORD001549,CUST02401,2026-07-13,Cancelled,45.06,Credit Card
ORD001550,CUST04279,2026-08-06,Cancelled,54.64,Debit Card
ORD001551,CUST04551,2026-07-10,Cancelled,13.44,PayPal
ORD001552,CUST04102,2026-08-14,Cancelled,51.29,PayPal
ORD001553,CUST04016,2026-01-01,Completed,100.96,Credit Card
ORD001554,CUST04307,2026-07-22,Shipped,48.17,PayPal
ORD001555,CUST00051,2026-05-13,Cancelled,46.13,Apple Pay
ORD001556,CUST01469,2026-03-31,Completed,217.51,Google Pay
ORD001557,CUST01010,2026-01-06,Completed,57.46,Google Pay
ORD001558,CUST04473,2026-05-13,Processing,17.06,Apple Pay
ORD001559,CUST03558,2026-04-26,Shipped,19.74,PayPal
ORD001560,CUST01075,2026-03-14,Completed,166.48,Credit Card
ORD001561,CUST00154,2026-06-05,Completed,41.74,PayPal
ORD001562,CUST00582,2026-07-30,Shipped,104.57,Debit Card
ORD001563,CUST00788,2026-03-10,Processing,45.58,Debit Card
ORD001564,CUST04887,2026-08-03,Completed,78.54,PayPal
ORD001565,CUST03382,2026-02-13,Completed,43.34,Apple Pay
ORD001566,CUST02268,2026-05-24,Completed,53.83,Debit Card
ORD001567,CUST04259,2026-07-18,Cancelled,81.9,Google Pay
ORD001568,CUST00971,2026-07-25,Shipped,24.71,Credit Card
ORD001569,CUST00648,2026-05-30,Completed,72.91,Apple Pay
ORD001570,CUST00946,2026-07-20,Completed,68.06,Debit Card
ORD001571,CUST04785,2026-05-31,Completed,20.24,Credit Card
ORD001572,CUST01496,2026-06-20,Processing,389.8,Google Pay
ORD001573,CUST02048,2026-03-09,Completed,46.36,Debit Card
ORD001574,CUST01173,2026-06-20,Completed,28.58,Debit Card
ORD001575,CUST04219,2026-06-03,Processing,168.87,Credit Card
ORD001576,CUST04900,2026-02-10,Processing,24.93,Credit Card
ORD001577,CUST02887,2026-03-11,Cancelled,38.96,PayPal
ORD001578,CUST04159,2026-01-31,Completed,66.57,Debit Card
ORD001579,CUST00733,2026-01-17,Completed,39.62,Google Pay
ORD001580,CUST03088,2026-05-17,Completed,87.06,Credit Card
ORD001581,CUST03462,2026-08-07,Completed,88.16,Apple Pay
ORD001582,CUST01658,2026-02-24,Processing,34.82,Debit Card
ORD001583,CUST00479,2026-01-06,Completed,168.47,Apple Pay
ORD001584,CUST01138,2026-07-17,Completed,48.53,Debit Card
ORD001585,CUST03954,2026-07-11,Completed,69.37,Credit Card
ORD001586,CUST00977,2026-05-12,Processing,45.9,PayPal
ORD001587,CUST00237,2026-04-17,Completed,44.16,Debit Card
ORD001588,CUST02524,2026-07-14,Completed,57.37,Credit Card
ORD001589,CUST04044,2026-03-29,Cancelled,219.72,Credit Card
ORD001590,CUST00598,2026-07-03,Completed,80.9,Credit Card
ORD001591,CUST01703,2026-01-18,Shipped,28.85,Apple Pay
ORD001592,CUST02177,2026-06-09,Processing,63.77,Credit Card
ORD001593,CUST02558,2026-08-01,Shipped,40.71,Apple Pay
ORD001594,CUST00165,2026-02-17,Processing,119.05,Google Pay
ORD001595,CUST02325,2026-01-29,Processing,55.78,PayPal
ORD001596,CUST03040,2026-06-09,Shipped,22.29,Credit Card
ORD001597,CUST00570,2026-06-02,Completed,80.22,Google Pay
ORD001598,CUST03329,2026-03-17,Completed,33.75,Credit Card
ORD001599,CUST00141,2026-03-04,Processing,80.02,Google Pay
ORD001600,CUST00686,2026-01-09,Shipped,117.87,Credit Card
ORD001601,CUST00687,2026-07-18,Completed,49.4,PayPal
ORD001602,CUST03281,2026-01-14,Processing,53.89,Credit Card
ORD001603,CUST02764,2026-01-20,Cancelled,67.99,Apple Pay
ORD001604,CUST03591,2026-07-31,Processing,37.95,Credit Card
ORD001605,CUST02039,2026-01-10,Completed,64.26,Debit Card
ORD001606,CUST01075,2026-05-19,Completed,69.82,Apple Pay
ORD001607,CUST02226,2026-06-16,Shipped,32.44,Google Pay
ORD001608,CUST01342,2026-05-27,Completed,139.58,Credit Card
ORD001609,CUST01690,2026-05-27,Cancelled,18.09,Credit Card
ORD001610,CUST03011,2026-06-20,Completed,106.18,Credit Card
ORD001611,CUST00364,2026-07-08,Cancelled,158.48,Debit Card
ORD001612,CUST01068,2026-03-11,Processing,104.82,PayPal
ORD001613,CUST02641,2026-03-13,Completed,28.78,PayPal
ORD001614,CUST03750,2026-03-06,Completed,110.56,Apple Pay
ORD001615,CUST02031,2026-05-31,Processing,263.22,Apple Pay
ORD001616,CUST00618,2026-04-14,Completed,53.2,Debit Card
ORD001617,CUST04455,2026-03-01,Completed,60.31,Debit Card
ORD001618,CUST03147,2026-05-18,Completed,103.52,Debit Card
ORD001619,CUST01983,2026-03-04,Completed,32.76,Google Pay
ORD001620,CUST00194,2026-05-10,Completed,20.62,Debit Card
ORD001621,CUST04459,2026-02-05,Processing,81.03,Debit Card
ORD001622,CUST01120,2026-04-28,Completed,61.9,Debit Card
ORD001623,CUST04203,2026-02-26,Shipped,29.21,Debit Card
ORD001624,CUST00527,2026-07-13,Shipped,79.02,PayPal
ORD001625,CUST01953,2026-03-20,Completed,47.27,Credit Card
ORD001626,CUST04880,2026-01-20,Shipped,78.49,Credit Card
ORD001627,CUST01783,2026-02-11,Processing,68.86,PayPal
ORD001628,CUST02674,2026-01-21,Completed,66.29,Debit Card
ORD001629,CUST02398,2026-08-10,Processing,59.74,Google Pay
ORD001630,CUST03725,2026-08-04,Completed,17.68,Google Pay
ORD001631,CUST02590,2026-07-13,Completed,21.07,Apple Pay
ORD001632,CUST03527,2026-06-15,Shipped,212.33,Credit Card
ORD001633,CUST03850,2026-08-02,Completed,159.02,Apple Pay
ORD001634,CUST01635,2026-04-03,Shipped,49.7,Debit Card
ORD001635,CUST03010,2026-03-19,Processing,81.47,Apple Pay
ORD001636,CUST00094,2026-07-16,Processing,18.74,Debit Card
ORD001637,CUST03795,2026-01-24,Completed,21.31,Apple Pay
ORD001638,CUST03367,2026-01-26,Completed,7.67,PayPal
ORD001639,CUST02947,2026-05-10,Completed,28.35,Debit Card
ORD001640,CUST00089,2026-06-23,Completed,38.28,Google Pay
ORD001641,CUST02551,2026-04-19,Completed,98.98,Debit Card
ORD001642,CUST02815,2026-02-03,Processing,51.25,Google Pay
ORD001643,CUST01446,2026-07-09,Completed,72.68,Google Pay
ORD001644,CUST04622,2026-08-03,Processing,46.57,Apple Pay
ORD001645,CUST01831,2026-06-18,Cancelled,54.9,Credit Card
ORD001646,CUST02742,2026-04-09,Completed,46.73,Credit Card
ORD001647,CUST00555,2026-05-23,Completed,72.34,Credit Card
ORD001648,CUST03765,2026-02-24,Processing,8.88,Google Pay
ORD001649,CUST02435,2026-01-03,Completed,60.17,Credit Card
ORD001650,CUST00681,2026-03-17,Completed,54.11,Debit Card
ORD001651,CUST01632,2026-06-15,Completed,193.81,Debit Card
ORD001652,CUST00203,2026-06-28,Completed,70.75,Debit Card
ORD001653,CUST04543,2026-05-25,Shipped,183.61,Google Pay
ORD001654,CUST03919,2026-08-07,Completed,34.78,Google Pay
ORD001655,CUST03140,2026-07-30,Completed,35.59,Credit Card
ORD001656,CUST04874,2026-02-18,Completed,195.37,Apple Pay
ORD001657,CUST02226,2026-05-29,Completed,51.11,Google Pay
ORD001658,CUST01687,2026-03-29,Cancelled,34.27,PayPal
ORD001659,CUST00829,2026-06-01,Shipped,61.25,Debit Card
ORD001660,CUST04655,2026-07-30,Completed,68.95,Debit Card
ORD001661,CUST02023,2026-08-11,Completed,143.13,Credit Card
ORD001662,CUST00103,2026-02-09,Shipped,34.4,Apple Pay
ORD001663,CUST01558,2026-05-28,Cancelled,101.36,Debit Card
ORD001664,CUST04212,2026-07-26,Shipped,205.73,Google Pay
ORD001665,CUST04955,2026-04-14,Completed,131.93,Apple Pay
ORD001666,CUST04088,2026-06-12,Cancelled,213.96,Debit Card
ORD001667,CUST02512,2026-06-25,Completed,60.85,Credit Card
ORD001668,CUST00104,2026-06-10,Processing,92.11,Credit Card
ORD001669,CUST03439,2026-04-14,Shipped,35.1,Credit Card
ORD001670,CUST02858,2026-07-03,Completed,338.22,Google Pay
ORD001671,CUST00807,2026-02-10,Shipped,113.08,Credit Card
ORD001672,CUST04656,2026-07-01,Completed,70.89,PayPal
ORD001673,CUST02075,2026-02-13,Completed,58.08,Google Pay
ORD001674,CUST00527,2026-07-29,Completed,13.56,PayPal
ORD001675,CUST03437,2026-03-22,Processing,13.21,Credit Card
ORD001676,CUST00298,2026-07-19,Processing,28.07,Apple Pay
ORD001677,CUST04873,2026-03-25,Completed,41.3,Google Pay
ORD001678,CUST00361,2026-05-19,Processing,95.02,PayPal
ORD001679,CUST03718,2026-08-10,Completed,106.26,Google Pay
ORD001680,CUST04600,2026-08-07,Processing,60.33,PayPal
ORD001681,CUST01977,2026-05-22,Completed,75.67,Google Pay
ORD001682,CUST02078,2026-06-19,Shipped,53.21,Debit Card
ORD001683,CUST03412,2026-07-26,Processing,129.97,PayPal
ORD001684,CUST02174,2026-01-12,Processing,36.19,PayPal
ORD001685,CUST04692,2026-07-31,Completed,48.43,Google Pay
ORD001686,CUST01590,2026-01-17,Completed,68.98,Apple Pay
ORD001687,CUST01390,2026-03-31,Shipped,35.14,Debit Card
ORD001688,CUST03515,2026-07-25,Cancelled,21.24,PayPal
ORD001689,CUST00263,2026-01-25,Cancelled,77.47,Credit Card
ORD001690,CUST02984,2026-01-26,Completed,292.07,Credit Card
ORD001691,CUST02920,2026-06-24,Processing,65.29,Google Pay
ORD001692,CUST01864,2026-06-02,Completed,101.81,Apple Pay
ORD001693,CUST00002,2026-08-05,Completed,47.61,Debit Card
ORD001694,CUST01934,2026-03-01,Processing,79.76,PayPal
ORD001695,CUST00394,2026-03-01,Processing,22.42,Credit Card
ORD001696,CUST00306,2026-01-27,Completed,28.34,PayPal
ORD001697,CUST00530,2026-06-20,Completed,92.5,Credit Card
ORD001698,CUST04624,2026-03-17,Shipped,51.11,Google Pay
ORD001699,CUST03380,2026-01-20,Cancelled,18.81,Google Pay
ORD001700,CUST00965,2026-07-10,Processing,45.0,PayPal
ORD001701,CUST04020,2026-07-27,Completed,115.13,Google Pay
ORD001702,CUST00671,2026-06-02,Completed,38.94,Debit Card
ORD001703,CUST04069,2026-06-04,Completed,12.33,Google Pay
ORD001704,CUST02253,2026-06-29,Shipped,206.37,Debit Card
ORD001705,CUST02673,2026-03-23,Cancelled,65.38,Google Pay
ORD001706,CUST01714,2026-01-10,Processing,188.7,PayPal
ORD001707,CUST04045,2026-06-27,Completed,77.22,Debit Card
ORD001708,CUST04817,2026-01-30,Completed,38.29,Apple Pay
ORD001709,CUST00636,2026-01-01,Cancelled,77.34,PayPal
ORD001710,CUST03500,2026-02-23,Shipped,75.35,Debit Card
ORD001711,CUST04653,2026-01-04,Cancelled,217.89,Credit Card
ORD001712,CUST01118,2026-08-03,Processing,148.36,Credit Card
ORD001713,CUST02155,2026-05-15,Completed,97.5,Apple Pay
ORD001714,CUST04224,2026-01-30,Completed,78.93,Credit Card
ORD001715,CUST00038,2026-03-31,Processing,63.84,PayPal
ORD001716,CUST01633,2026-03-06,Processing,40.21,Debit Card
ORD001717,CUST04294,2026-05-04,Completed,128.16,PayPal
ORD001718,CUST03776,2026-01-29,Shipped,44.88,Google Pay
ORD001719,CUST02055,2026-06-02,Shipped,50.91,Google Pay
ORD001720,CUST04086,2026-02-09,Cancelled,63.31,Credit Card
ORD001721,CUST03404,2026-01-26,Completed,38.93,Apple Pay
ORD001722,CUST00519,2026-01-17,Completed,44.12,Apple Pay
ORD001723,CUST02242,2026-06-08,Completed,60.44,Google Pay
ORD001724,CUST02364,2026-07-08,Processing,57.09,Apple Pay
ORD001725,CUST01042,2026-01-08,Cancelled,167.17,Apple Pay
ORD001726,CUST04716,2026-03-10,Completed,20.71,Credit Card
ORD001727,CUST01395,2026-01-01,Completed,89.45,PayPal
ORD001728,CUST02870,2026-03-20,Cancelled,43.07,PayPal
ORD001729,CUST03677,2026-03-12,Shipped,47.3,Debit Card
ORD001730,CUST03722,2026-02-15,Completed,11.43,PayPal
ORD001731,CUST03773,2026-04-18,Completed,35.81,PayPal
ORD001732,CUST00235,2026-08-07,Completed,86.78,Credit Card
ORD001733,CUST03141,2026-04-09,Cancelled,37.18,Credit Card
ORD001734,CUST00447,2026-05-04,Cancelled,43.23,PayPal
ORD001735,CUST04706,2026-08-07,Completed,48.77,Debit Card
ORD001736,CUST00008,2026-05-28,Completed,69.53,PayPal
ORD001737,CUST04558,2026-07-29,Completed,193.24,PayPal
ORD001738,CUST01000,2026-06-17,Completed,57.33,Google Pay
ORD001739,CUST01335,2026-01-02,Processing,456.37,Debit Card
ORD001740,CUST00134,2026-08-10,Processing,368.68,PayPal
ORD001741,CUST02433,2026-07-08,Completed,190.06,Credit Card
ORD001742,CUST00056,2026-08-10,Shipped,123.02,PayPal
ORD001743,CUST03186,2026-03-12,Completed,76.89,Apple Pay
ORD001744,CUST01112,2026-04-13,Processing,174.69,Google Pay
ORD001745,CUST03180,2026-03-18,Completed,264.68,Google Pay
ORD001746,CUST01524,2026-04-07,Cancelled,65.24,Google Pay
ORD001747,CUST00144,2026-01-30,Completed,72.74,Debit Card
ORD001748,CUST02917,2026-01-30,Processing,103.53,Google Pay
ORD001749,CUST02104,2026-08-03,Completed,56.22,PayPal
ORD001750,CUST00620,2026-06-22,Completed,169.72,Debit Card
ORD001751,CUST01887,2026-01-24,Processing,25.48,Apple Pay
ORD001752,CUST02021,2026-07-31,Completed,76.82,Credit Card
ORD001753,CUST01409,2026-08-08,Cancelled,26.28,Google Pay
ORD001754,CUST02922,2026-07-03,Completed,58.72,PayPal
ORD001755,CUST04735,2026-07-30,Completed,36.04,Debit Card
ORD001756,CUST03374,2026-03-02,Shipped,58.03,PayPal
ORD001757,CUST03477,2026-05-21,Shipped,18.67,Google Pay
ORD001758,CUST00837,2026-05-05,Completed,91.77,Credit Card
ORD001759,CUST03903,2026-03-21,Cancelled,46.09,Debit Card
ORD001760,CUST01586,2026-07-03,Shipped,126.94,PayPal
ORD001761,CUST04876,2026-01-15,Completed,58.08,Debit Card
ORD001762,CUST00837,2026-01-11,Shipped,108.71,Google Pay
ORD001763,CUST02558,2026-05-20,Processing,43.57,Google Pay
ORD001764,CUST02860,2026-03-27,Completed,105.69,Apple Pay
ORD001765,CUST04361,2026-03-30,Completed,264.08,Apple Pay
ORD001766,CUST01398,2026-01-03,Cancelled,35.36,Google Pay
ORD001767,CUST03823,2026-01-24,Completed,106.45,Debit Card
ORD001768,CUST04398,2026-03-30,Processing,25.26,PayPal
ORD001769,CUST03431,2026-01-09,Processing,54.81,PayPal
ORD001770,CUST00805,2026-08-08,Completed,16.55,Debit Card
ORD001771,CUST01076,2026-02-15,Shipped,96.03,Credit Card
ORD001772,CUST04195,2026-04-04,Completed,39.89,Debit Card
ORD001773,CUST02641,2026-03-12,Completed,101.81,Google Pay
ORD001774,CUST03085,2026-07-07,Shipped,74.68,Google Pay
ORD001775,CUST01414,2026-05-19,Completed,50.98,Apple Pay
ORD001776,CUST04453,2026-01-10,Cancelled,103.99,PayPal
ORD001777,CUST01664,2026-01-03,Completed,126.91,Apple Pay
ORD001778,CUST02976,2026-01-19,Shipped,45.0,PayPal
ORD001779,CUST04107,2026-05-10,Processing,130.36,Debit Card
ORD001780,CUST04177,2026-05-25,Completed,51.49,Credit Card
ORD001781,CUST02054,2026-08-09,Cancelled,8.86,PayPal
ORD001782,CUST02421,2026-05-10,Completed,70.18,Credit Card
ORD001783,CUST02529,2026-06-30,Completed,38.34,Credit Card
ORD001784,CUST04318,2026-05-24,Completed,46.14,Credit Card
ORD001785,CUST01941,2026-04-23,Processing,14.7,Debit Card
ORD001786,CUST03153,2026-05-18,Completed,74.39,Credit Card
ORD001787,CUST01947,2026-07-15,Cancelled,37.24,Credit Card
ORD001788,CUST00515,2026-02-12,Processing,41.84,Google Pay
ORD001789,CUST00221,2026-08-06,Completed,126.46,Google Pay
ORD001790,CUST00228,2026-02-27,Shipped,13.8,PayPal
ORD001791,CUST02338,2026-04-23,Completed,78.28,Google Pay
ORD001792,CUST04389,2026-07-07,Processing,79.36,PayPal
ORD001793,CUST03265,2026-05-02,Completed,71.25,Credit Card
ORD001794,CUST00956,2026-06-01,Completed,130.85,Google Pay
ORD001795,CUST01498,2026-07-23,Completed,112.05,Apple Pay
ORD001796,CUST01281,2026-03-26,Completed,66.09,Debit Card
ORD001797,CUST01979,2026-04-16,Completed,35.65,Google Pay
ORD001798,CUST01530,2026-05-24,Shipped,44.08,Debit Card
ORD001799,CUST04484,2026-04-10,Cancelled,59.37,Google Pay
ORD001800,CUST02663,2026-04-09,Completed,11.79,Google Pay
ORD001801,CUST02414,2026-01-09,Processing,42.51,Apple Pay
ORD001802,CUST02706,2026-01-06,Processing,139.34,Credit Card
ORD001803,CUST03536,2026-04-18,Shipped,45.89,PayPal
ORD001804,CUST04285,2026-07-12,Shipped,106.18,Google Pay
ORD001805,CUST00918,2026-07-25,Cancelled,111.14,Google Pay
ORD001806,CUST01202,2026-06-01,Completed,140.9,Debit Card
ORD001807,CUST02423,2026-05-18,Shipped,48.3,Credit Card
ORD001808,CUST01622,2026-03-23,Processing,50.55,Google Pay
ORD001809,CUST00760,2026-07-20,Completed,74.92,Google Pay
ORD001810,CUST04290,2026-01-27,Shipped,34.57,PayPal
ORD001811,CUST01489,2026-04-29,Shipped,36.94,Credit Card
ORD001812,CUST04259,2026-07-30,Processing,121.58,Credit Card
ORD001813,CUST04372,2026-04-10,Completed,37.09,Google Pay
ORD001814,CUST04460,2026-01-03,Completed,86.26,Credit Card
ORD001815,CUST01666,2026-02-07,Completed,79.69,Credit Card
ORD001816,CUST02003,2026-07-20,Cancelled,59.94,PayPal
ORD001817,CUST00460,2026-03-15,Completed,72.75,Apple Pay
ORD001818,CUST03022,2026-03-14,Shipped,97.26,PayPal
ORD001819,CUST02291,2026-01-17,Shipped,165.11,Apple Pay
ORD001820,CUST01366,2026-04-16,Completed,31.25,PayPal
ORD001821,CUST03202,2026-02-17,Completed,30.48,Google Pay
ORD001822,CUST04753,2026-06-26,Cancelled,56.3,PayPal
ORD001823,CUST01384,2026-06-20,Completed,77.29,Credit Card
ORD001824,CUST02136,2026-03-25,Processing,73.5,Credit Card
ORD001825,CUST04838,2026-01-07,Completed,201.07,Debit Card
ORD001826,CUST03033,2026-07-15,Cancelled,30.84,Google Pay
ORD001827,CUST03710,2026-05-06,Completed,18.98,Credit Card
ORD001828,CUST01522,2026-07-21,Processing,86.46,Google Pay
ORD001829,CUST01624,2026-05-29,Completed,70.54,PayPal
ORD001830,CUST00682,2026-07-25,Completed,54.84,Credit Card
ORD001831,CUST03135,2026-06-02,Processing,106.19,Google Pay
ORD001832,CUST03262,2026-03-22,Completed,19.23,PayPal
ORD001833,CUST04995,2026-07-08,Completed,17.95,Apple Pay
ORD001834,CUST04697,2026-06-05,Cancelled,14.86,Debit Card
ORD001835,CUST03420,2026-07-25,Completed,36.72,PayPal
ORD001836,CUST01868,2026-02-21,Cancelled,141.91,Apple Pay
ORD001837,CUST03610,2026-01-13,Completed,21.37,Google Pay
ORD001838,CUST01200,2026-02-03,Completed,62.0,Apple Pay
ORD001839,CUST02824,2026-05-07,Processing,74.7,Credit Card
ORD001840,CUST02949,2026-04-15,Processing,178.21,Google Pay
ORD001841,CUST03979,2026-07-14,Processing,33.0,Debit Card
ORD001842,CUST03626,2026-05-12,Completed,32.09,Debit Card
ORD001843,CUST04579,2026-02-13,Completed,124.53,Google Pay
ORD001844,CUST00169,2026-05-06,Completed,28.49,Credit Card
ORD001845,CUST02022,2026-05-23,Completed,140.7,Google Pay
ORD001846,CUST02195,2026-07-31,Completed,77.47,Google Pay
ORD001847,CUST00439,2026-01-08,Completed,17.53,Google Pay
ORD001848,CUST03261,2026-04-24,Completed,95.32,PayPal
ORD001849,CUST04256,2026-01-05,Completed,82.78,Debit Card
ORD001850,CUST04910,2026-07-13,Processing,50.93,Debit Card
ORD001851,CUST02450,2026-08-08,Completed,38.93,Credit Card
ORD001852,CUST04682,2026-03-27,Shipped,186.95,Debit Card
ORD001853,CUST00864,2026-03-14,Shipped,10.87,Credit Card
ORD001854,CUST00140,2026-04-02,Processing,20.93,Credit Card
ORD001855,CUST04424,2026-05-01,Cancelled,41.68,Debit Card
ORD001856,CUST00225,2026-02-15,Cancelled,84.64,Google Pay
ORD001857,CUST00558,2026-07-12,Cancelled,60.24,Google Pay
ORD001858,CUST01574,2026-04-26,Completed,36.8,PayPal
ORD001859,CUST00386,2026-04-23,Completed,87.44,Credit Card
ORD001860,CUST00521,2026-03-07,Completed,17.88,Apple Pay
ORD001861,CUST03973,2026-06-03,Completed,77.82,Apple Pay
ORD001862,CUST02835,2026-01-31,Completed,48.91,Debit Card
ORD001863,CUST03143,2026-02-20,Completed,96.52,Debit Card
ORD001864,CUST01834,2026-02-10,Shipped,85.25,Apple Pay
ORD001865,CUST04543,2026-02-20,Completed,102.85,PayPal
ORD001866,CUST03162,2026-05-27,Completed,39.35,Credit Card
ORD001867,CUST03502,2026-04-05,Completed,36.03,Credit Card
ORD001868,CUST04203,2026-03-14,Cancelled,69.14,Debit Card
ORD001869,CUST01500,2026-05-11,Cancelled,21.75,Debit Card
ORD001870,CUST02964,2026-02-07,Completed,284.49,Google Pay
ORD001871,CUST01478,2026-07-17,Completed,185.95,PayPal
ORD001872,CUST00904,2026-06-22,Completed,20.3,Credit Card
ORD001873,CUST01632,2026-07-18,Shipped,70.79,Google Pay
ORD001874,CUST03987,2026-02-10,Processing,138.04,Apple Pay
ORD001875,CUST01171,2026-06-02,Cancelled,45.84,Google Pay
ORD001876,CUST02328,2026-08-05,Shipped,35.7,Apple Pay
ORD001877,CUST04120,2026-06-27,Cancelled,137.89,Apple Pay
ORD001878,CUST01745,2026-05-09,Completed,155.56,Credit Card
ORD001879,CUST02040,2026-02-23,Completed,19.52,Google Pay
ORD001880,CUST00120,2026-03-27,Processing,65.51,Credit Card
ORD001881,CUST03858,2026-07-31,Shipped,55.45,PayPal
ORD001882,CUST01676,2026-01-13,Shipped,17.62,PayPal
ORD001883,CUST01321,2026-02-09,Processing,19.6,PayPal
ORD001884,CUST04951,2026-01-21,Completed,31.67,PayPal
ORD001885,CUST01016,2026-08-03,Completed,61.01,Apple Pay
ORD001886,CUST04544,2026-06-18,Shipped,149.02,PayPal
ORD001887,CUST01744,2026-07-08,Completed,8.61,Credit Card
ORD001888,CUST01943,2026-06-10,Shipped,65.57,Google Pay
ORD001889,CUST03542,2026-07-20,Shipped,30.98,Google Pay
ORD001890,CUST01447,2026-01-29,Shipped,87.52,Credit Card
ORD001891,CUST03617,2026-05-05,Completed,123.06,Debit Card
ORD001892,CUST03895,2026-07-02,Completed,125.67,Debit Card
ORD001893,CUST01725,2026-02-01,Shipped,56.36,Debit Card
ORD001894,CUST02273,2026-01-11,Completed,47.7,Debit Card
ORD001895,CUST04063,2026-06-29,Cancelled,153.4,Apple Pay
ORD001896,CUST04282,2026-02-05,Cancelled,47.86,Apple Pay
ORD001897,CUST00072,2026-04-03,Completed,62.75,Google Pay
ORD001898,CUST04170,2026-04-22,Processing,43.66,Google Pay
ORD001899,CUST02201,2026-06-08,Completed,76.3,Apple Pay
ORD001900,CUST02144,2026-05-22,Processing,23.18,Apple Pay
ORD001901,CUST03758,2026-07-10,Shipped,49.13,Google Pay
ORD001902,CUST03182,2026-06-29,Completed,64.36,Credit Card
ORD001903,CUST01482,2026-07-01,Shipped,124.43,Apple Pay
ORD001904,CUST02876,2026-04-27,Shipped,53.5,Credit Card
ORD001905,CUST04861,2026-02-19,Processing,10.83,PayPal
ORD001906,CUST04080,2026-08-05,Shipped,39.91,Credit Card
ORD001907,CUST01097,2026-05-03,Completed,167.55,Credit Card
ORD001908,CUST04308,2026-07-01,Completed,67.35,Apple Pay
ORD001909,CUST00724,2026-08-06,Processing,36.35,PayPal
ORD001910,CUST03240,2026-08-02,Completed,29.78,Debit Card
ORD001911,CUST02379,2026-03-14,Cancelled,78.37,Credit Card
ORD001912,CUST04847,2026-04-07,Shipped,37.3,PayPal
ORD001913,CUST03215,2026-03-28,Cancelled,61.51,PayPal
ORD001914,CUST02872,2026-07-31,Processing,35.29,Apple Pay
ORD001915,CUST04490,2026-04-07,Cancelled,32.31,PayPal
ORD001916,CUST04608,2026-06-12,Shipped,46.07,Debit Card
ORD001917,CUST04782,2026-04-20,Shipped,55.36,Apple Pay
ORD001918,CUST03920,2026-06-07,Processing,58.03,Credit Card
ORD001919,CUST01721,2026-04-20,Completed,49.66,Apple Pay
ORD001920,CUST03400,2026-02-24,Completed,130.09,Credit Card
ORD001921,CUST01858,2026-04-04,Shipped,45.33,Apple Pay
ORD001922,CUST02766,2026-08-02,Completed,165.31,PayPal
ORD001923,CUST02397,2026-04-19,Shipped,53.88,Debit Card
ORD001924,CUST03765,2026-05-09,Shipped,37.97,Apple Pay
ORD001925,CUST04022,2026-01-15,Completed,74.27,Google Pay
ORD001926,CUST03887,2026-06-02,Shipped,101.88,PayPal
ORD001927,CUST02563,2026-01-20,Completed,34.05,Apple Pay
ORD001928,CUST02447,2026-07-18,Cancelled,22.11,PayPal
ORD001929,CUST03668,2026-05-24,Processing,121.22,Google Pay
ORD001930,CUST02262,2026-02-21,Cancelled,154.13,PayPal
ORD001931,CUST03618,2026-03-28,Completed,87.92,PayPal
ORD001932,CUST01313,2026-08-01,Cancelled,35.81,Apple Pay
ORD001933,CUST01865,2026-03-06,Completed,54.26,PayPal
ORD001934,CUST02306,2026-04-21,Shipped,26.07,Apple Pay
ORD001935,CUST01808,2026-03-25,Processing,124.09,Debit Card
ORD001936,CUST02742,2026-04-21,Completed,70.33,Google Pay
ORD001937,CUST03337,2026-07-30,Completed,82.63,Credit Card
ORD001938,CUST00998,2026-03-11,Completed,66.07,Google Pay
ORD001939,CUST02320,2026-08-12,Cancelled,60.5,PayPal
ORD001940,CUST03208,2026-05-09,Completed,69.84,Apple Pay
ORD001941,CUST00599,2026-04-04,Cancelled,60.32,Credit Card
ORD001942,CUST01084,2026-05-06,Processing,136.61,Credit Card
ORD001943,CUST03582,2026-01-16,Completed,22.6,PayPal
ORD001944,CUST03087,2026-06-04,Cancelled,32.89,Credit Card
ORD001945,CUST02303,2026-01-18,Completed,46.81,Apple Pay
ORD001946,CUST02785,2026-03-18,Cancelled,53.0,PayPal
ORD001947,CUST00722,2026-02-13,Cancelled,121.67,Google Pay
ORD001948,CUST01155,2026-02-19,Completed,23.24,PayPal
ORD001949,CUST00017,2026-04-02,Completed,88.21,PayPal
ORD001950,CUST00992,2026-07-21,Completed,54.74,Credit Card
ORD001951,CUST04974,2026-01-14,Processing,109.63,Debit Card
ORD001952,CUST02233,2026-02-21,Cancelled,79.51,Credit Card
ORD001953,CUST03463,2026-04-03,Shipped,55.19,Debit Card
ORD001954,CUST01447,2026-05-01,Completed,30.09,PayPal
ORD001955,CUST01466,2026-07-22,Completed,76.69,PayPal
ORD001956,CUST03768,2026-02-19,Cancelled,45.73,Google Pay
ORD001957,CUST03628,2026-05-03,Processing,55.97,Credit Card
ORD001958,CUST03084,2026-08-07,Shipped,104.36,Google Pay
ORD001959,CUST01544,2026-01-17,Completed,169.52,Apple Pay
ORD001960,CUST00080,2026-05-04,Processing,19.27,PayPal
ORD001961,CUST03288,2026-04-30,Completed,104.66,Google Pay
ORD001962,CUST01272,2026-05-11,Cancelled,149.75,Apple Pay
ORD001963,CUST01565,2026-07-09,Cancelled,53.77,Debit Card
ORD001964,CUST01714,2026-04-05,Cancelled,26.92,Credit Card
ORD001965,CUST01010,2026-05-29,Completed,77.6,Apple Pay
ORD001966,CUST00773,2026-02-02,Cancelled,53.09,Credit Card
ORD001967,CUST00483,2026-01-01,Completed,705.24,PayPal
ORD001968,CUST02393,2026-07-17,Cancelled,76.24,Debit Card
ORD001969,CUST03180,2026-04-25,Completed,42.98,PayPal
ORD001970,CUST01582,2026-07-03,Cancelled,21.57,Apple Pay
ORD001971,CUST02522,2026-01-04,Completed,30.55,Debit Card
ORD001972,CUST01106,2026-05-30,Completed,112.16,Apple Pay
ORD001973,CUST03710,2026-07-24,Processing,17.93,Credit Card
ORD001974,CUST03362,2026-07-05,Completed,18.36,PayPal
ORD001975,CUST04271,2026-06-21,Shipped,121.2,Credit Card
ORD001976,CUST00842,2026-02-26,Completed,46.4,Debit Card
ORD001977,CUST03535,2026-08-10,Completed,50.09,Google Pay
ORD001978,CUST01873,2026-06-17,Cancelled,90.47,Credit Card
ORD001979,CUST03506,2026-08-06,Completed,51.03,Debit Card
ORD001980,CUST03321,2026-02-25,Completed,19.76,Debit Card
ORD001981,CUST02729,2026-03-04,Completed,38.02,Apple Pay
ORD001982,CUST00955,2026-04-13,Cancelled,83.79,Credit Card
ORD001983,CUST01596,2026-04-27,Completed,63.23,PayPal
ORD001984,CUST02289,2026-06-16,Completed,172.33,Credit Card
ORD001985,CUST04436,2026-01-07,Completed,80.5,Apple Pay
ORD001986,CUST00744,2026-05-22,Shipped,33.02,Debit Card
ORD001987,CUST01495,2026-05-05,Processing,161.49,PayPal
ORD001988,CUST03347,2026-03-31,Completed,169.25,Google Pay
ORD001989,CUST04111,2026-05-26,Shipped,36.86,PayPal
ORD001990,CUST01989,2026-02-24,Completed,89.47,Credit Card
ORD001991,CUST00208,2026-04-25,Shipped,96.2,PayPal
ORD001992,CUST01084,2026-07-03,Completed,76.54,Credit Card
ORD001993,CUST02413,2026-08-04,Shipped,23.01,PayPal
ORD001994,CUST03312,2026-07-04,Completed,488.74,Credit Card
ORD001995,CUST04011,2026-05-03,Cancelled,44.73,Debit Card
ORD001996,CUST00397,2026-04-26,Cancelled,77.64,Debit Card
ORD001997,CUST01958,2026-07-05,Cancelled,114.8,Credit Card
ORD001998,CUST04890,2026-04-25,Completed,45.18,Credit Card
ORD001999,CUST00209,2026-06-02,Completed,143.74,Google Pay
ORD002000,CUST00433,2026-04-24,Cancelled,60.31,Credit Card
ORD002001,CUST02657,2026-04-06,Completed,38.68,Apple Pay
ORD002002,CUST02437,2026-07-17,Completed,22.22,Credit Card
ORD002003,CUST04679,2026-03-21,Shipped,46.33,Debit Card
ORD002004,CUST04528,2026-01-03,Completed,77.8,PayPal
ORD002005,CUST04447,2026-05-29,Shipped,48.39,Debit Card
ORD002006,CUST00134,2026-06-09,Completed,95.41,Apple Pay
ORD002007,CUST00639,2026-05-10,Completed,192.25,PayPal
ORD002008,CUST01229,2026-04-21,Completed,48.79,Debit Card
ORD002009,CUST03370,2026-01-20,Completed,134.42,Credit Card
ORD002010,CUST04213,2026-07-22,Completed,68.4,Credit Card
ORD002011,CUST04020,2026-04-25,Cancelled,74.81,PayPal
ORD002012,CUST01291,2026-05-26,Completed,60.82,Google Pay
ORD002013,CUST02197,2026-07-01,Shipped,79.51,Apple Pay
ORD002014,CUST01704,2026-03-16,Completed,34.02,Debit Card
ORD002015,CUST02227,2026-02-05,Processing,36.22,Debit Card
ORD002016,CUST02196,2026-04-12,Completed,39.63,Apple Pay
ORD002017,CUST04561,2026-03-17,Completed,17.73,Debit Card
ORD002018,CUST00976,2026-03-02,Processing,25.85,PayPal
ORD002019,CUST01029,2026-03-01,Cancelled,56.59,Google Pay
ORD002020,CUST00526,2026-08-11,Completed,40.35,PayPal
ORD002021,CUST02328,2026-04-27,Completed,58.43,Google Pay
ORD002022,CUST02547,2026-02-05,Completed,93.51,Credit Card
ORD002023,CUST00836,2026-08-10,Completed,71.8,Google Pay
ORD002024,CUST02484,2026-06-21,Shipped,55.88,Google Pay
ORD002025,CUST02864,2026-03-09,Shipped,16.56,Google Pay
ORD002026,CUST02735,2026-07-13,Processing,62.47,Debit Card
ORD002027,CUST01539,2026-02-13,Completed,37.58,Google Pay
ORD002028,CUST01911,2026-03-18,Cancelled,97.98,Apple Pay
ORD002029,CUST04050,2026-03-31,Shipped,34.53,Credit Card
ORD002030,CUST02643,2026-01-29,Completed,27.08,Credit Card
ORD002031,CUST01304,2026-06-25,Completed,163.06,Debit Card
ORD002032,CUST00132,2026-06-13,Cancelled,17.08,PayPal
ORD002033,CUST00393,2026-08-08,Completed,196.92,Apple Pay
ORD002034,CUST04577,2026-05-16,Shipped,64.99,PayPal
ORD002035,CUST03585,2026-05-13,Processing,47.68,Google Pay
ORD002036,CUST02676,2026-04-06,Shipped,44.58,PayPal
ORD002037,CUST02467,2026-08-10,Completed,111.72,Apple Pay
ORD002038,CUST01226,2026-07-25,Shipped,70.26,Debit Card
ORD002039,CUST02706,2026-06-24,Completed,68.15,Debit Card
ORD002040,CUST00462,2026-05-06,Processing,57.63,Google Pay
ORD002041,CUST01802,2026-06-20,Processing,43.7,Apple Pay
ORD002042,CUST03274,2026-05-18,Completed,144.76,Debit Card
ORD002043,CUST03986,2026-01-10,Completed,43.28,Google Pay
ORD002044,CUST00152,2026-05-14,Completed,24.58,PayPal
ORD002045,CUST02270,2026-01-16,Completed,74.74,Apple Pay
ORD002046,CUST04175,2026-07-07,Completed,22.16,Debit Card
ORD002047,CUST01786,2026-01-26,Shipped,169.32,Apple Pay
ORD002048,CUST03461,2026-01-21,Completed,80.47,Debit Card
ORD002049,CUST01837,2026-04-10,Shipped,13.71,Debit Card
ORD002050,CUST01398,2026-07-05,Completed,78.78,Apple Pay
ORD002051,CUST01076,2026-06-18,Cancelled,46.47,Debit Card
ORD002052,CUST04507,2026-04-16,Completed,147.24,PayPal
ORD002053,CUST02009,2026-01-30,Completed,54.69,Google Pay
ORD002054,CUST01494,2026-05-13,Completed,55.56,Credit Card
ORD002055,CUST01136,2026-05-18,Processing,45.6,Apple Pay
ORD002056,CUST01549,2026-04-05,Completed,49.06,Apple Pay
ORD002057,CUST00785,2026-05-19,Shipped,14.04,Google Pay
ORD002058,CUST01421,2026-07-10,Completed,40.51,PayPal
ORD002059,CUST04839,2026-05-15,Completed,29.88,Credit Card
ORD002060,CUST02436,2026-07-06,Completed,44.98,PayPal
ORD002061,CUST03482,2026-05-20,Cancelled,129.63,Apple Pay
ORD002062,CUST03652,2026-03-05,Processing,187.38,Credit Card
ORD002063,CUST02064,2026-05-03,Cancelled,69.85,Debit Card
ORD002064,CUST02021,2026-04-23,Completed,39.57,Apple Pay
ORD002065,CUST04758,2026-02-10,Shipped,22.4,PayPal
ORD002066,CUST02150,2026-07-07,Cancelled,42.78,Google Pay
ORD002067,CUST00951,2026-07-19,Completed,25.19,Debit Card
ORD002068,CUST00025,2026-01-28,Cancelled,51.57,Credit Card
ORD002069,CUST00018,2026-05-03,Completed,57.9,Apple Pay
ORD002070,CUST03826,2026-03-21,Completed,68.77,Google Pay
ORD002071,CUST00570,2026-07-10,Completed,64.76,Google Pay
ORD002072,CUST01356,2026-01-03,Completed,15.67,PayPal
ORD002073,CUST01593,2026-04-11,Shipped,30.82,Google Pay
ORD002074,CUST00831,2026-02-01,Completed,31.22,PayPal
ORD002075,CUST03083,2026-01-21,Cancelled,44.13,Credit Card
ORD002076,CUST00872,2026-05-01,Completed,64.8,Apple Pay
ORD002077,CUST00835,2026-02-24,Completed,35.21,Credit Card
ORD002078,CUST03313,2026-01-18,Cancelled,551.42,PayPal
ORD002079,CUST04953,2026-02-22,Completed,142.55,Credit Card
ORD002080,CUST03117,2026-04-22,Completed,29.2,Apple Pay
ORD002081,CUST00970,2026-05-01,Completed,152.87,Apple Pay
ORD002082,CUST00593,2026-04-20,Completed,193.52,Google Pay
ORD002083,CUST00255,2026-03-16,Processing,25.14,PayPal
ORD002084,CUST02115,2026-03-02,Cancelled,26.33,Credit Card
ORD002085,CUST02966,2026-06-27,Cancelled,65.85,Google Pay
ORD002086,CUST02662,2026-01-08,Shipped,126.75,Google Pay
ORD002087,CUST00603,2026-01-12,Cancelled,75.86,Credit Card
ORD002088,CUST01066,2026-06-28,Completed,18.07,PayPal
ORD002089,CUST01840,2026-07-13,Completed,34.61,PayPal
ORD002090,CUST02432,2026-02-10,Completed,39.97,Apple Pay
ORD002091,CUST00966,2026-05-30,Completed,108.66,PayPal
ORD002092,CUST01738,2026-05-07,Completed,22.33,Google Pay
ORD002093,CUST00485,2026-05-17,Cancelled,24.98,Apple Pay
ORD002094,CUST04135,2026-03-19,Completed,62.91,Debit Card
ORD002095,CUST00011,2026-07-26,Completed,60.18,Apple Pay
ORD002096,CUST04720,2026-05-19,Processing,113.48,Google Pay
ORD002097,CUST04505,2026-05-21,Completed,39.03,Credit Card
ORD002098,CUST02028,2026-07-03,Completed,128.51,Credit Card
ORD002099,CUST03365,2026-06-05,Processing,114.33,Credit Card
ORD002100,CUST03088,2026-03-30,Cancelled,56.13,Google Pay
ORD002101,CUST03039,2026-03-05,Shipped,41.38,Apple Pay
ORD002102,CUST00605,2026-03-05,Completed,196.53,Credit Card
ORD002103,CUST00969,2026-03-11,Shipped,83.69,PayPal
ORD002104,CUST04261,2026-02-24,Completed,49.31,Debit Card
ORD002105,CUST00437,2026-02-06,Completed,30.6,Credit Card
ORD002106,CUST02775,2026-06-10,Cancelled,150.15,Credit Card
ORD002107,CUST01810,2026-01-25,Shipped,38.39,Debit Card
ORD002108,CUST04910,2026-04-24,Completed,41.4,PayPal
ORD002109,CUST02770,2026-01-23,Completed,35.55,Debit Card
ORD002110,CUST01830,2026-07-07,Completed,46.36,Credit Card
ORD002111,CUST00293,2026-07-03,Shipped,79.85,Credit Card
ORD002112,CUST03952,2026-07-10,Shipped,42.13,Apple Pay
ORD002113,CUST00462,2026-05-16,Shipped,56.33,Google Pay
ORD002114,CUST03885,2026-01-17,Completed,36.83,Apple Pay
ORD002115,CUST03234,2026-04-05,Completed,84.92,Apple Pay
ORD002116,CUST02092,2026-03-31,Cancelled,56.23,Apple Pay
ORD002117,CUST03937,2026-07-04,Completed,25.48,Apple Pay
ORD002118,CUST02940,2026-03-16,Completed,55.28,Apple Pay
ORD002119,CUST04807,2026-03-03,Shipped,71.03,PayPal
ORD002120,CUST00089,2026-08-10,Cancelled,45.2,Google Pay
ORD002121,CUST01664,2026-01-11,Processing,14.09,Google Pay
ORD002122,CUST03302,2026-07-14,Completed,144.94,Google Pay
ORD002123,CUST02721,2026-06-17,Completed,29.83,PayPal
ORD002124,CUST02938,2026-06-17,Completed,92.88,PayPal
ORD002125,CUST00422,2026-05-01,Cancelled,46.26,PayPal
ORD002126,CUST03750,2026-02-25,Completed,56.43,Credit Card
ORD002127,CUST04972,2026-02-22,Shipped,52.51,Google Pay
ORD002128,CUST04434,2026-03-26,Cancelled,121.77,Debit Card
ORD002129,CUST00266,2026-01-28,Shipped,71.04,Apple Pay
ORD002130,CUST02851,2026-03-27,Completed,66.78,Credit Card
ORD002131,CUST01379,2026-06-19,Cancelled,25.72,Credit Card
ORD002132,CUST01815,2026-04-25,Completed,172.16,Apple Pay
ORD002133,CUST02265,2026-02-15,Completed,20.82,Credit Card
ORD002134,CUST04417,2026-01-18,Processing,149.99,PayPal
ORD002135,CUST00850,2026-01-23,Processing,16.8,Credit Card
ORD002136,CUST04815,2026-06-03,Completed,214.55,Google Pay
ORD002137,CUST03737,2026-04-09,Completed,80.53,Google Pay
ORD002138,CUST00992,2026-01-29,Completed,42.06,Debit Card
ORD002139,CUST03765,2026-02-21,Cancelled,22.91,Google Pay
ORD002140,CUST01809,2026-04-20,Shipped,59.67,Apple Pay
ORD002141,CUST03275,2026-07-22,Completed,83.19,Apple Pay
ORD002142,CUST00717,2026-04-16,Completed,62.81,Google Pay
ORD002143,CUST00896,2026-02-15,Completed,45.37,PayPal
ORD002144,CUST01177,2026-01-01,Cancelled,36.27,Google Pay
ORD002145,CUST03754,2026-07-10,Shipped,137.95,PayPal
ORD002146,CUST01777,2026-05-24,Processing,48.24,Apple Pay
ORD002147,CUST02805,2026-01-25,Completed,78.19,Google Pay
ORD002148,CUST03393,2026-03-03,Completed,88.46,Debit Card
ORD002149,CUST01460,2026-03-23,Processing,25.3,Apple Pay
ORD002150,CUST02544,2026-03-21,Processing,56.21,Debit Card
ORD002151,CUST04638,2026-07-30,Processing,151.3,Apple Pay
ORD002152,CUST04731,2026-05-24,Cancelled,73.95,Credit Card
ORD002153,CUST03554,2026-07-16,Completed,82.43,Credit Card
ORD002154,CUST01350,2026-04-01,Shipped,44.84,Credit Card
ORD002155,CUST02987,2026-07-17,Completed,129.21,Debit Card
ORD002156,CUST03331,2026-05-01,Completed,236.6,PayPal
ORD002157,CUST04794,2026-06-11,Completed,35.05,Apple Pay
ORD002158,CUST02123,2026-07-27,Cancelled,104.57,Credit Card
ORD002159,CUST03629,2026-02-22,Shipped,23.03,Debit Card
ORD002160,CUST00498,2026-05-31,Cancelled,92.38,Apple Pay
ORD002161,CUST03488,2026-06-20,Shipped,82.13,Credit Card
ORD002162,CUST00722,2026-02-13,Completed,27.09,Credit Card
ORD002163,CUST01364,2026-02-01,Completed,115.34,Credit Card
ORD002164,CUST00308,2026-01-23,Processing,30.05,Debit Card
ORD002165,CUST02752,2026-05-28,Completed,233.45,PayPal
ORD002166,CUST00884,2026-01-19,Processing,66.72,Credit Card
ORD002167,CUST01265,2026-08-09,Completed,54.17,Credit Card
ORD002168,CUST04349,2026-07-19,Completed,37.82,PayPal
ORD002169,CUST02445,2026-01-29,Cancelled,92.34,PayPal
ORD002170,CUST03034,2026-05-26,Completed,76.62,Google Pay
ORD002171,CUST01053,2026-03-10,Cancelled,66.66,Credit Card
ORD002172,CUST00494,2026-05-20,Completed,35.69,Apple Pay
ORD002173,CUST02022,2026-01-10,Completed,50.02,Google Pay
ORD002174,CUST01748,2026-04-21,Completed,36.0,Apple Pay
ORD002175,CUST03303,2026-02-06,Processing,18.17,PayPal
ORD002176,CUST02280,2026-03-22,Completed,54.72,Google Pay
ORD002177,CUST00932,2026-04-06,Completed,27.67,Debit Card
ORD002178,CUST01926,2026-02-24,Cancelled,247.88,Google Pay
ORD002179,CUST00757,2026-05-12,Completed,224.52,Google Pay
ORD002180,CUST01055,2026-08-11,Shipped,77.25,PayPal
ORD002181,CUST03931,2026-05-08,Completed,16.76,Credit Card
ORD002182,CUST04552,2026-03-04,Completed,83.13,PayPal
ORD002183,CUST04355,2026-08-06,Completed,51.79,PayPal
ORD002184,CUST04527,2026-01-12,Shipped,131.66,PayPal
ORD002185,CUST03454,2026-05-26,Cancelled,123.13,Apple Pay
ORD002186,CUST02517,2026-01-08,Shipped,35.53,Debit Card
ORD002187,CUST01965,2026-02-01,Completed,46.73,Apple Pay
ORD002188,CUST00647,2026-07-31,Processing,44.39,Google Pay
ORD002189,CUST04543,2026-02-18,Completed,45.06,PayPal
ORD002190,CUST02831,2026-04-14,Completed,19.91,Credit Card
ORD002191,CUST00195,2026-07-10,Completed,78.86,PayPal
ORD002192,CUST01146,2026-07-24,Completed,63.88,Apple Pay
ORD002193,CUST02510,2026-07-06,Completed,48.01,Debit Card
ORD002194,CUST04292,2026-03-28,Completed,73.12,Apple Pay
ORD002195,CUST02084,2026-07-14,Shipped,75.83,PayPal
ORD002196,CUST04741,2026-04-09,Completed,136.46,Debit Card
ORD002197,CUST03353,2026-06-16,Completed,112.96,Credit Card
ORD002198,CUST00322,2026-02-19,Processing,124.25,Apple Pay
ORD002199,CUST02288,2026-08-01,Completed,32.18,Apple Pay
ORD002200,CUST03132,2026-07-18,Completed,27.53,Google Pay
ORD002201,CUST04746,2026-06-03,Cancelled,117.44,Debit Card
ORD002202,CUST01703,2026-05-31,Processing,199.48,Apple Pay
ORD002203,CUST02213,2026-04-06,Completed,109.28,Google Pay
ORD002204,CUST00831,2026-03-04,Cancelled,76.01,Credit Card
ORD002205,CUST00189,2026-07-13,Completed,60.63,Apple Pay
ORD002206,CUST04053,2026-06-16,Shipped,446.96,Apple Pay
ORD002207,CUST00092,2026-03-07,Completed,108.1,PayPal
ORD002208,CUST03878,2026-04-13,Shipped,52.46,Apple Pay
ORD002209,CUST01912,2026-02-15,Completed,241.94,Credit Card
ORD002210,CUST02337,2026-05-23,Processing,201.44,Google Pay
ORD002211,CUST01581,2026-01-16,Processing,22.13,Debit Card
ORD002212,CUST01409,2026-04-30,Cancelled,25.55,Credit Card
ORD002213,CUST00175,2026-03-31,Completed,52.23,Debit Card
ORD002214,CUST00474,2026-03-13,Completed,147.39,Credit Card
ORD002215,CUST03433,2026-01-16,Cancelled,40.21,Google Pay
ORD002216,CUST00270,2026-03-26,Cancelled,29.55,PayPal
ORD002217,CUST02045,2026-02-08,Completed,106.68,Google Pay
ORD002218,CUST03196,2026-05-19,Completed,15.63,Debit Card
ORD002219,CUST00694,2026-08-04,Shipped,47.19,Debit Card
ORD002220,CUST04472,2026-02-05,Shipped,28.46,Apple Pay
ORD002221,CUST01416,2026-01-18,Completed,59.99,PayPal
ORD002222,CUST02084,2026-05-31,Completed,31.08,Google Pay
ORD002223,CUST01236,2026-03-18,Completed,54.26,Google Pay
ORD002224,CUST03968,2026-02-18,Completed,81.05,Debit Card
ORD002225,CUST01972,2026-06-19,Completed,66.08,PayPal
ORD002226,CUST00134,2026-04-13,Processing,41.43,Google Pay
ORD002227,CUST02913,2026-02-13,Cancelled,47.5,PayPal
ORD002228,CUST04786,2026-04-19,Processing,292.42,PayPal
ORD002229,CUST00841,2026-05-09,Completed,111.94,Google Pay
ORD002230,CUST01462,2026-01-07,Processing,51.3,PayPal
ORD002231,CUST04935,2026-02-17,Completed,68.36,Credit Card
ORD002232,CUST03473,2026-04-22,Processing,82.77,Debit Card
ORD002233,CUST04844,2026-08-01,Completed,35.4,PayPal
ORD002234,CUST02876,2026-05-24,Cancelled,60.43,PayPal
ORD002235,CUST02510,2026-02-17,Processing,28.46,Credit Card
ORD002236,CUST00966,2026-07-25,Processing,30.1,Apple Pay
ORD002237,CUST02039,2026-06-20,Processing,111.36,PayPal
ORD002238,CUST04241,2026-02-20,Processing,121.99,Google Pay
ORD002239,CUST01851,2026-04-17,Cancelled,135.28,Apple Pay
ORD002240,CUST00735,2026-03-07,Completed,57.39,Apple Pay
ORD002241,CUST02454,2026-01-31,Completed,42.72,Credit Card
ORD002242,CUST03017,2026-02-08,Processing,60.79,Google Pay
ORD002243,CUST03003,2026-01-09,Completed,17.23,Apple Pay
ORD002244,CUST02316,2026-02-10,Cancelled,159.42,PayPal
ORD002245,CUST04004,2026-03-04,Completed,9.06,Credit Card
ORD002246,CUST02314,2026-01-14,Shipped,119.24,Credit Card
ORD002247,CUST04624,2026-02-27,Completed,30.19,Credit Card
ORD002248,CUST03164,2026-07-21,Completed,60.0,Debit Card
ORD002249,CUST03320,2026-03-29,Shipped,33.26,Apple Pay
ORD002250,CUST03462,2026-04-07,Processing,33.61,Google Pay
ORD002251,CUST00430,2026-04-08,Cancelled,10.93,Google Pay
ORD002252,CUST02989,2026-07-31,Cancelled,24.81,Debit Card
ORD002253,CUST03797,2026-07-11,Completed,114.12,PayPal
ORD002254,CUST01597,2026-06-05,Completed,25.6,Apple Pay
ORD002255,CUST03363,2026-05-12,Shipped,24.85,Credit Card
ORD002256,CUST02351,2026-06-11,Completed,55.94,Debit Card
ORD002257,CUST01780,2026-05-12,Cancelled,11.82,Debit Card
ORD002258,CUST03989,2026-03-11,Cancelled,47.2,Apple Pay
ORD002259,CUST02449,2026-07-05,Processing,72.31,Google Pay
ORD002260,CUST02871,2026-03-27,Processing,78.23,Apple Pay
ORD002261,CUST02911,2026-01-04,Completed,29.19,Google Pay
ORD002262,CUST04614,2026-02-19,Cancelled,140.55,Apple Pay
ORD002263,CUST04261,2026-01-05,Processing,123.33,Google Pay
ORD002264,CUST02073,2026-03-16,Completed,18.01,Debit Card
ORD002265,CUST03808,2026-02-14,Shipped,99.49,Google Pay
ORD002266,CUST04225,2026-06-12,Completed,67.1,Apple Pay
ORD002267,CUST02865,2026-07-30,Shipped,86.22,PayPal
ORD002268,CUST03619,2026-07-22,Completed,39.2,Apple Pay
ORD002269,CUST01018,2026-07-22,Completed,24.41,Debit Card
ORD002270,CUST04691,2026-04-27,Shipped,54.37,Google Pay
ORD002271,CUST01333,2026-01-27,Completed,78.63,Google Pay
ORD002272,CUST02484,2026-05-10,Completed,79.65,Google Pay
ORD002273,CUST00182,2026-07-01,Cancelled,76.69,Debit Card
ORD002274,CUST04840,2026-04-28,Cancelled,28.42,Apple Pay
ORD002275,CUST01839,2026-07-19,Completed,157.5,Google Pay
ORD002276,CUST02452,2026-08-14,Shipped,139.06,PayPal
ORD002277,CUST01953,2026-04-14,Shipped,71.71,PayPal
ORD002278,CUST04701,2026-07-31,Completed,30.97,Credit Card
ORD002279,CUST00263,2026-08-03,Completed,72.51,PayPal
ORD002280,CUST00661,2026-07-26,Processing,44.72,Credit Card
ORD002281,CUST01316,2026-06-25,Cancelled,47.15,Google Pay
ORD002282,CUST02920,2026-07-24,Processing,96.49,Debit Card
ORD002283,CUST04918,2026-08-11,Completed,45.0,Debit Card
ORD002284,CUST02195,2026-02-18,Cancelled,162.37,Debit Card
ORD002285,CUST02073,2026-04-20,Shipped,93.82,Google Pay
ORD002286,CUST02020,2026-03-19,Completed,122.18,Google Pay
ORD002287,CUST02741,2026-01-01,Completed,32.22,Apple Pay
ORD002288,CUST00816,2026-04-30,Cancelled,39.17,PayPal
ORD002289,CUST04778,2026-08-07,Completed,25.27,Google Pay
ORD002290,CUST03419,2026-06-10,Processing,152.05,PayPal
ORD002291,CUST04098,2026-02-04,Cancelled,452.85,Debit Card
ORD002292,CUST03718,2026-07-01,Cancelled,86.86,PayPal
ORD002293,CUST04735,2026-02-25,Completed,72.34,Apple Pay
ORD002294,CUST03630,2026-05-23,Completed,43.21,Debit Card
ORD002295,CUST02754,2026-07-16,Shipped,187.12,PayPal
ORD002296,CUST03368,2026-01-04,Shipped,58.48,Apple Pay
ORD002297,CUST04686,2026-04-20,Completed,38.34,PayPal
ORD002298,CUST00202,2026-03-25,Processing,21.47,Apple Pay
ORD002299,CUST01005,2026-07-11,Completed,29.04,PayPal
ORD002300,CUST01313,2026-01-22,Cancelled,63.38,Debit Card
ORD002301,CUST02026,2026-01-24,Shipped,16.72,Debit Card
ORD002302,CUST03134,2026-06-24,Completed,25.57,Credit Card
ORD002303,CUST03574,2026-03-16,Cancelled,193.31,Apple Pay
ORD002304,CUST04222,2026-04-20,Processing,107.83,PayPal
ORD002305,CUST03672,2026-05-14,Completed,48.05,PayPal
ORD002306,CUST04942,2026-06-04,Processing,116.76,PayPal
ORD002307,CUST01797,2026-05-18,Completed,35.32,Google Pay
ORD002308,CUST04275,2026-06-16,Processing,104.13,Apple Pay
ORD002309,CUST01605,2026-07-21,Completed,46.8,PayPal
ORD002310,CUST01903,2026-04-20,Completed,239.49,Credit Card
ORD002311,CUST04000,2026-03-31,Processing,27.21,Debit Card
ORD002312,CUST04589,2026-02-06,Cancelled,176.13,Google Pay
ORD002313,CUST03505,2026-02-23,Completed,55.17,Google Pay
ORD002314,CUST02620,2026-08-13,Completed,16.2,Debit Card
ORD002315,CUST02350,2026-02-20,Completed,74.93,Google Pay
ORD002316,CUST04365,2026-03-01,Processing,98.42,Credit Card
ORD002317,CUST04720,2026-03-13,Completed,172.34,Credit Card
ORD002318,CUST02673,2026-05-08,Cancelled,102.82,Debit Card
ORD002319,CUST00819,2026-02-20,Cancelled,31.47,Apple Pay
ORD002320,CUST02678,2026-03-03,Cancelled,124.81,Google Pay
ORD002321,CUST00548,2026-02-18,Completed,62.67,PayPal
ORD002322,CUST04433,2026-06-28,Completed,19.95,PayPal
ORD002323,CUST00359,2026-01-28,Processing,56.88,Credit Card
ORD002324,CUST03362,2026-06-13,Completed,26.48,Apple Pay
ORD002325,CUST01925,2026-06-02,Completed,54.72,Apple Pay
ORD002326,CUST04912,2026-06-13,Completed,100.48,Google Pay
ORD002327,CUST04456,2026-03-18,Shipped,27.42,Google Pay
ORD002328,CUST04443,2026-07-07,Completed,74.14,Debit Card
ORD002329,CUST04648,2026-01-07,Cancelled,128.81,Credit Card
ORD002330,CUST02702,2026-03-06,Cancelled,38.96,Debit Card
ORD002331,CUST01931,2026-07-20,Completed,49.45,Debit Card
ORD002332,CUST00422,2026-05-03,Completed,127.47,Apple Pay
ORD002333,CUST00336,2026-08-08,Cancelled,131.6,Google Pay
ORD002334,CUST01527,2026-02-05,Processing,26.82,PayPal
ORD002335,CUST00057,2026-08-10,Completed,29.12,Debit Card
ORD002336,CUST03951,2026-03-14,Cancelled,104.92,Credit Card
ORD002337,CUST03148,2026-01-30,Processing,51.33,Debit Card
ORD002338,CUST03538,2026-02-16,Completed,54.13,PayPal
ORD002339,CUST00722,2026-04-01,Completed,17.63,PayPal
ORD002340,CUST04078,2026-01-29,Completed,43.69,Credit Card
ORD002341,CUST00386,2026-01-05,Completed,53.82,PayPal
ORD002342,CUST02818,2026-03-06,Processing,100.1,PayPal
ORD002343,CUST02888,2026-04-25,Completed,46.49,PayPal
ORD002344,CUST02720,2026-07-16,Completed,100.31,Debit Card
ORD002345,CUST00260,2026-03-04,Cancelled,53.48,Credit Card
ORD002346,CUST04489,2026-04-03,Completed,145.34,Debit Card
ORD002347,CUST00600,2026-07-03,Completed,59.74,Credit Card
ORD002348,CUST03256,2026-01-17,Completed,42.06,PayPal
ORD002349,CUST01040,2026-05-07,Completed,36.17,PayPal
ORD002350,CUST04049,2026-02-20,Completed,29.19,Google Pay
ORD002351,CUST00756,2026-04-23,Completed,75.16,PayPal
ORD002352,CUST03578,2026-02-06,Completed,237.95,Credit Card
ORD002353,CUST03158,2026-03-29,Completed,104.58,Apple Pay
ORD002354,CUST02759,2026-04-26,Processing,80.55,Credit Card
ORD002355,CUST00477,2026-05-05,Cancelled,25.47,PayPal
ORD002356,CUST01600,2026-08-07,Shipped,26.4,PayPal
ORD002357,CUST02360,2026-05-17,Completed,117.37,Apple Pay
ORD002358,CUST01262,2026-02-07,Completed,83.32,PayPal
ORD002359,CUST01583,2026-02-22,Completed,38.68,Google Pay
ORD002360,CUST02839,2026-05-21,Completed,18.16,Apple Pay
ORD002361,CUST04826,2026-03-31,Completed,52.51,Debit Card
ORD002362,CUST03571,2026-02-22,Completed,32.16,Google Pay
ORD002363,CUST01499,2026-07-22,Completed,41.68,Credit Card
ORD002364,CUST00749,2026-04-29,Processing,24.57,Google Pay
ORD002365,CUST04812,2026-08-04,Completed,106.11,Google Pay
ORD002366,CUST02387,2026-04-29,Completed,39.36,PayPal
ORD002367,CUST00531,2026-08-13,Completed,86.3,Debit Card
ORD002368,CUST04788,2026-02-18,Processing,79.09,Apple Pay
ORD002369,CUST02210,2026-05-02,Processing,40.16,Google Pay
ORD002370,CUST04064,2026-03-11,Completed,53.0,PayPal
ORD002371,CUST03869,2026-06-12,Completed,206.82,Google Pay
ORD002372,CUST01109,2026-01-16,Processing,29.36,Debit Card
ORD002373,CUST00490,2026-01-13,Completed,33.51,Apple Pay
ORD002374,CUST00005,2026-05-01,Completed,13.87,PayPal
ORD002375,CUST00076,2026-05-19,Completed,54.44,Google Pay
ORD002376,CUST02729,2026-03-28,Cancelled,13.91,Debit Card
ORD002377,CUST00473,2026-05-10,Cancelled,42.88,Credit Card
ORD002378,CUST03210,2026-04-04,Cancelled,17.01,Credit Card
ORD002379,CUST01382,2026-01-19,Processing,100.32,Debit Card
ORD002380,CUST00838,2026-04-14,Completed,53.63,Apple Pay
ORD002381,CUST00603,2026-02-14,Completed,5.86,Google Pay
ORD002382,CUST01187,2026-06-23,Completed,30.65,Google Pay
ORD002383,CUST01482,2026-02-16,Shipped,43.22,Debit Card
ORD002384,CUST03273,2026-06-26,Cancelled,87.25,Google Pay
ORD002385,CUST00232,2026-03-20,Processing,110.85,Apple Pay
ORD002386,CUST00328,2026-02-11,Processing,79.54,Debit Card
ORD002387,CUST00950,2026-06-10,Completed,74.58,Credit Card
ORD002388,CUST01887,2026-04-18,Completed,80.63,Credit Card
ORD002389,CUST04096,2026-06-18,Cancelled,94.99,PayPal
ORD002390,CUST02298,2026-04-29,Completed,60.82,Credit Card
ORD002391,CUST01308,2026-07-16,Processing,51.86,Google Pay
ORD002392,CUST00198,2026-03-27,Processing,68.65,Apple Pay
ORD002393,CUST04512,2026-08-07,Cancelled,136.41,Apple Pay
ORD002394,CUST02780,2026-04-21,Cancelled,11.64,PayPal
ORD002395,CUST03337,2026-01-19,Completed,12.11,Google Pay
ORD002396,CUST01339,2026-02-08,Completed,89.31,Debit Card
ORD002397,CUST01692,2026-05-15,Shipped,32.18,PayPal
ORD002398,CUST00216,2026-02-08,Completed,63.36,Google Pay
ORD002399,CUST01650,2026-04-08,Completed,59.03,Debit Card
ORD002400,CUST02863,2026-02-03,Completed,274.21,Credit Card
ORD002401,CUST00610,2026-08-07,Processing,96.81,Credit Card
ORD002402,CUST02559,2026-06-21,Shipped,121.91,Debit Card
ORD002403,CUST00918,2026-07-16,Shipped,48.55,PayPal
ORD002404,CUST04253,2026-03-09,Shipped,34.34,Debit Card
ORD002405,CUST00162,2026-07-10,Completed,33.36,Google Pay
ORD002406,CUST04138,2026-07-18,Cancelled,142.33,Debit Card
ORD002407,CUST02812,2026-02-17,Cancelled,87.11,Google Pay
ORD002408,CUST03422,2026-01-03,Processing,63.64,Google Pay
ORD002409,CUST04216,2026-08-01,Completed,199.96,Credit Card
ORD002410,CUST01099,2026-06-11,Completed,54.74,Google Pay
ORD002411,CUST02722,2026-04-23,Shipped,35.18,Apple Pay
ORD002412,CUST02709,2026-05-17,Completed,47.49,Credit Card
ORD002413,CUST00123,2026-03-02,Processing,128.06,Credit Card
ORD002414,CUST02701,2026-05-28,Processing,23.11,Debit Card
ORD002415,CUST03254,2026-06-17,Completed,58.36,Google Pay
ORD002416,CUST03062,2026-05-05,Cancelled,186.19,Debit Card
ORD002417,CUST03962,2026-01-12,Processing,80.18,Google Pay
ORD002418,CUST00789,2026-04-13,Cancelled,52.57,Credit Card
ORD002419,CUST00257,2026-01-28,Completed,232.34,Apple Pay
ORD002420,CUST04026,2026-06-25,Completed,77.04,Credit Card
ORD002421,CUST03655,2026-08-13,Shipped,19.53,PayPal
ORD002422,CUST03252,2026-07-21,Shipped,53.49,Debit Card
ORD002423,CUST03590,2026-03-16,Processing,141.31,Apple Pay
ORD002424,CUST04776,2026-05-15,Processing,67.86,Debit Card
ORD002425,CUST00608,2026-03-23,Shipped,178.91,Google Pay
ORD002426,CUST04427,2026-03-24,Completed,28.46,Debit Card
ORD002427,CUST03928,2026-05-22,Shipped,56.81,Credit Card
ORD002428,CUST02153,2026-07-28,Completed,77.43,Credit Card
ORD002429,CUST00547,2026-08-03,Shipped,25.25,Debit Card
ORD002430,CUST04889,2026-05-27,Completed,60.09,Google Pay
ORD002431,CUST01905,2026-02-23,Completed,81.24,Google Pay
ORD002432,CUST01683,2026-07-07,Completed,24.9,Apple Pay
ORD002433,CUST00489,2026-03-08,Shipped,21.39,Credit Card
ORD002434,CUST01823,2026-06-11,Completed,138.58,Debit Card
ORD002435,CUST03122,2026-03-30,Completed,65.44,Apple Pay
ORD002436,CUST03775,2026-06-18,Shipped,11.69,PayPal
ORD002437,CUST03073,2026-06-08,Completed,37.5,Apple Pay
ORD002438,CUST03453,2026-06-16,Completed,63.78,PayPal
ORD002439,CUST00650,2026-03-19,Shipped,12.28,PayPal
ORD002440,CUST00648,2026-06-29,Shipped,31.65,Apple Pay
ORD002441,CUST00381,2026-06-24,Completed,48.23,Credit Card
ORD002442,CUST02067,2026-01-20,Shipped,48.23,Apple Pay
ORD002443,CUST01864,2026-04-06,Completed,28.84,Apple Pay
ORD002444,CUST02291,2026-08-13,Shipped,54.67,Credit Card
ORD002445,CUST04225,2026-06-29,Processing,45.43,Credit Card
ORD002446,CUST01200,2026-04-05,Completed,52.67,Credit Card
ORD002447,CUST04505,2026-03-12,Completed,74.92,Credit Card
ORD002448,CUST04888,2026-07-09,Completed,16.41,Credit Card
ORD002449,CUST02991,2026-05-13,Cancelled,99.46,Credit Card
ORD002450,CUST01108,2026-07-04,Cancelled,87.26,Apple Pay
ORD002451,CUST03448,2026-05-12,Completed,84.67,Debit Card
ORD002452,CUST00222,2026-05-19,Cancelled,53.24,Debit Card
ORD002453,CUST01440,2026-01-19,Completed,52.46,Debit Card
ORD002454,CUST00618,2026-04-12,Completed,55.34,Apple Pay
ORD002455,CUST02571,2026-07-31,Completed,63.56,Credit Card
ORD002456,CUST02756,2026-01-27,Completed,105.03,PayPal
ORD002457,CUST02791,2026-01-29,Completed,102.41,Credit Card
ORD002458,CUST03943,2026-01-18,Cancelled,49.53,Google Pay
ORD002459,CUST03310,2026-06-14,Processing,91.13,Credit Card
ORD002460,CUST04055,2026-07-08,Shipped,84.94,Debit Card
ORD002461,CUST00225,2026-06-24,Cancelled,97.99,Credit Card
ORD002462,CUST02242,2026-03-30,Cancelled,46.08,Credit Card
ORD002463,CUST04153,2026-01-20,Processing,148.25,Google Pay
ORD002464,CUST03697,2026-03-11,Shipped,106.23,PayPal
ORD002465,CUST03351,2026-04-10,Completed,28.15,PayPal
ORD002466,CUST03828,2026-06-26,Shipped,34.44,Debit Card
ORD002467,CUST01404,2026-05-23,Processing,174.84,PayPal
ORD002468,CUST04213,2026-01-18,Completed,16.46,Debit Card
ORD002469,CUST00410,2026-02-07,Completed,59.26,Apple Pay
ORD002470,CUST01917,2026-04-30,Shipped,262.43,Google Pay
ORD002471,CUST03439,2026-03-30,Completed,128.01,Credit Card
ORD002472,CUST04068,2026-03-25,Completed,123.71,Google Pay
ORD002473,CUST02860,2026-05-30,Completed,26.19,PayPal
ORD002474,CUST01984,2026-07-23,Shipped,105.29,Credit Card
ORD002475,CUST02052,2026-04-14,Completed,176.55,Google Pay
ORD002476,CUST03702,2026-07-07,Processing,48.58,Google Pay
ORD002477,CUST00023,2026-04-21,Completed,60.47,Debit Card
ORD002478,CUST02969,2026-08-13,Shipped,122.58,Apple Pay
ORD002479,CUST00745,2026-08-09,Processing,51.88,Google Pay
ORD002480,CUST00602,2026-07-13,Completed,20.89,Credit Card
ORD002481,CUST03036,2026-01-26,Completed,8.95,Apple Pay
ORD002482,CUST01843,2026-03-05,Cancelled,75.26,Apple Pay
ORD002483,CUST02675,2026-08-12,Processing,42.41,Credit Card
ORD002484,CUST04177,2026-02-27,Cancelled,8.8,Apple Pay
ORD002485,CUST02663,2026-05-11,Processing,34.51,PayPal
ORD002486,CUST00483,2026-01-30,Shipped,45.96,Apple Pay
ORD002487,CUST04037,2026-01-19,Completed,42.98,Debit Card
ORD002488,CUST02640,2026-01-10,Completed,133.09,Apple Pay
ORD002489,CUST03312,2026-03-30,Completed,95.66,Google Pay
ORD002490,CUST04129,2026-06-23,Completed,54.51,Apple Pay
ORD002491,CUST04376,2026-05-27,Cancelled,24.73,Debit Card
ORD002492,CUST03826,2026-05-07,Completed,98.92,Debit Card
ORD002493,CUST02200,2026-07-05,Cancelled,168.81,Apple Pay
ORD002494,CUST01683,2026-05-04,Completed,202.8,PayPal
ORD002495,CUST04797,2026-04-17,Completed,49.84,Apple Pay
ORD002496,CUST03609,2026-03-26,Processing,91.33,Credit Card
ORD002497,CUST01019,2026-01-06,Processing,38.4,Debit Card
ORD002498,CUST04761,2026-02-20,Cancelled,33.87,Apple Pay
ORD002499,CUST02971,2026-05-22,Cancelled,100.09,PayPal
ORD002500,CUST01312,2026-02-27,Processing,25.13,PayPal
ORD002501,CUST01419,2026-05-16,Cancelled,42.98,PayPal
ORD002502,CUST02501,2026-01-02,Processing,134.78,Google Pay
ORD002503,CUST02668,2026-01-18,Cancelled,42.49,Google Pay
ORD002504,CUST01387,2026-08-02,Completed,29.28,Google Pay
ORD002505,CUST01145,2026-07-04,Cancelled,243.6,Credit Card
ORD002506,CUST02064,2026-08-10,Processing,89.57,Credit Card
ORD002507,CUST04835,2026-04-02,Completed,19.15,Apple Pay
ORD002508,CUST01547,2026-06-12,Completed,76.32,Google Pay
ORD002509,CUST02146,2026-07-13,Completed,55.45,Google Pay
ORD002510,CUST02164,2026-02-25,Processing,106.46,Credit Card
ORD002511,CUST03013,2026-07-29,Shipped,85.78,PayPal
ORD002512,CUST04445,2026-02-12,Cancelled,58.51,PayPal
ORD002513,CUST04328,2026-03-14,Processing,72.61,Debit Card
ORD002514,CUST03183,2026-08-08,Shipped,75.39,Apple Pay
ORD002515,CUST03424,2026-03-13,Processing,79.87,Apple Pay
ORD002516,CUST04002,2026-04-27,Completed,46.38,Google Pay
ORD002517,CUST03560,2026-01-08,Processing,22.01,Credit Card
ORD002518,CUST01557,2026-01-05,Processing,51.67,Apple Pay
ORD002519,CUST02687,2026-01-13,Processing,43.84,PayPal
ORD002520,CUST02333,2026-01-07,Processing,57.85,Credit Card
ORD002521,CUST01657,2026-01-21,Completed,130.61,Google Pay
ORD002522,CUST00545,2026-08-09,Cancelled,167.12,Google Pay
ORD002523,CUST00392,2026-02-06,Completed,99.79,Apple Pay
ORD002524,CUST01989,2026-06-22,Completed,106.56,Apple Pay
ORD002525,CUST04086,2026-06-29,Completed,56.57,Debit Card
ORD002526,CUST00297,2026-06-25,Shipped,46.05,Apple Pay
ORD002527,CUST01087,2026-03-03,Completed,101.0,Apple Pay
ORD002528,CUST04366,2026-07-25,Completed,119.22,PayPal
ORD002529,CUST03262,2026-04-11,Completed,118.11,PayPal
ORD002530,CUST04606,2026-04-29,Shipped,54.63,Credit Card
ORD002531,CUST01117,2026-06-28,Shipped,63.97,Apple Pay
ORD002532,CUST01077,2026-05-12,Completed,234.29,Apple Pay
ORD002533,CUST00496,2026-04-30,Completed,11.04,Google Pay
ORD002534,CUST02996,2026-03-27,Cancelled,119.87,PayPal
ORD002535,CUST00094,2026-07-03,Shipped,47.55,Google Pay
ORD002536,CUST04721,2026-03-16,Completed,47.55,Apple Pay
ORD002537,CUST04325,2026-02-03,Completed,49.41,PayPal
ORD002538,CUST00721,2026-02-14,Cancelled,16.51,Apple Pay
ORD002539,CUST04363,2026-05-24,Completed,52.1,Debit Card
ORD002540,CUST04377,2026-05-17,Completed,147.75,Google Pay
ORD002541,CUST04027,2026-07-27,Completed,49.12,PayPal
ORD002542,CUST04056,2026-01-16,Processing,54.09,PayPal
ORD002543,CUST01107,2026-04-05,Processing,32.36,Apple Pay
ORD002544,CUST03933,2026-06-08,Completed,61.27,Apple Pay
ORD002545,CUST03723,2026-05-21,Completed,10.06,Credit Card
ORD002546,CUST01372,2026-05-08,Completed,34.63,Credit Card
ORD002547,CUST00423,2026-01-05,Completed,79.11,Google Pay
ORD002548,CUST02006,2026-05-03,Completed,23.84,PayPal
ORD002549,CUST04550,2026-05-07,Cancelled,25.37,Apple Pay
ORD002550,CUST04603,2026-06-24,Cancelled,43.52,Google Pay
ORD002551,CUST04412,2026-06-16,Shipped,85.48,PayPal
ORD002552,CUST00764,2026-01-18,Completed,122.47,Apple Pay
ORD002553,CUST03369,2026-05-28,Completed,60.39,Credit Card
ORD002554,CUST00898,2026-05-10,Completed,48.44,PayPal
ORD002555,CUST00953,2026-02-09,Completed,80.13,Apple Pay
ORD002556,CUST02923,2026-06-07,Cancelled,51.61,Google Pay
ORD002557,CUST04480,2026-01-10,Completed,100.93,Google Pay
ORD002558,CUST03198,2026-03-05,Completed,170.65,Debit Card
ORD002559,CUST04199,2026-02-11,Shipped,54.03,PayPal
ORD002560,CUST00900,2026-07-22,Processing,27.18,Google Pay
ORD002561,CUST04024,2026-06-30,Processing,57.93,PayPal
ORD002562,CUST04206,2026-04-03,Completed,247.2,Google Pay
ORD002563,CUST03642,2026-06-30,Shipped,75.32,PayPal
ORD002564,CUST03544,2026-02-09,Cancelled,30.34,PayPal
ORD002565,CUST03642,2026-05-24,Completed,61.88,PayPal
ORD002566,CUST04766,2026-06-25,Shipped,57.34,Debit Card
ORD002567,CUST03091,2026-05-05,Completed,33.73,Credit Card
ORD002568,CUST04480,2026-03-02,Shipped,145.9,PayPal
ORD002569,CUST00762,2026-08-08,Shipped,92.99,Credit Card
ORD002570,CUST02408,2026-07-28,Processing,135.87,Credit Card
ORD002571,CUST00886,2026-06-15,Shipped,6.93,Credit Card
ORD002572,CUST02644,2026-04-24,Completed,73.41,Google Pay
ORD002573,CUST03244,2026-02-13,Completed,63.74,Apple Pay
ORD002574,CUST01236,2026-05-23,Completed,30.32,Credit Card
ORD002575,CUST02934,2026-04-05,Shipped,81.98,PayPal
ORD002576,CUST01469,2026-03-02,Completed,30.71,Apple Pay
ORD002577,CUST00010,2026-01-07,Processing,19.6,Google Pay
ORD002578,CUST00792,2026-05-04,Completed,100.33,Debit Card
ORD002579,CUST01663,2026-01-30,Completed,54.14,Credit Card
ORD002580,CUST00744,2026-06-13,Completed,19.17,Credit Card
ORD002581,CUST02429,2026-04-23,Processing,164.95,Google Pay
ORD002582,CUST03494,2026-03-31,Cancelled,62.94,PayPal
ORD002583,CUST04547,2026-05-19,Completed,34.37,PayPal
ORD002584,CUST01117,2026-05-03,Completed,19.25,Apple Pay
ORD002585,CUST02442,2026-07-17,Cancelled,27.86,Apple Pay
ORD002586,CUST01355,2026-04-16,Completed,19.23,PayPal
ORD002587,CUST02481,2026-06-06,Cancelled,200.15,Debit Card
ORD002588,CUST03002,2026-04-02,Shipped,244.66,PayPal
ORD002589,CUST01187,2026-07-26,Completed,142.37,Debit Card
ORD002590,CUST04088,2026-04-03,Cancelled,18.88,Google Pay
ORD002591,CUST02832,2026-05-14,Completed,88.11,Debit Card
ORD002592,CUST03662,2026-04-22,Processing,309.04,Google Pay
ORD002593,CUST01749,2026-07-23,Completed,34.4,Credit Card
ORD002594,CUST02864,2026-02-20,Completed,56.63,PayPal
ORD002595,CUST01115,2026-03-21,Shipped,212.05,Apple Pay
ORD002596,CUST03265,2026-04-20,Completed,77.0,Credit Card
ORD002597,CUST03091,2026-02-07,Completed,96.32,Apple Pay
ORD002598,CUST01064,2026-07-20,Processing,37.37,Debit Card
ORD002599,CUST03749,2026-01-22,Processing,21.67,PayPal
ORD002600,CUST04546,2026-08-13,Completed,84.54,PayPal
ORD002601,CUST02733,2026-03-31,Completed,42.67,PayPal
ORD002602,CUST01873,2026-07-01,Processing,38.14,Credit Card
ORD002603,CUST04721,2026-06-17,Completed,34.56,Google Pay
ORD002604,CUST01970,2026-05-15,Completed,107.64,Debit Card
ORD002605,CUST00885,2026-04-20,Cancelled,84.36,Credit Card
ORD002606,CUST03964,2026-08-12,Completed,230.47,Credit Card
ORD002607,CUST03679,2026-06-17,Cancelled,135.62,Google Pay
ORD002608,CUST00319,2026-04-17,Processing,67.19,Apple Pay
ORD002609,CUST03817,2026-05-04,Completed,64.91,Apple Pay
ORD002610,CUST03718,2026-01-24,Shipped,126.72,PayPal
ORD002611,CUST03196,2026-02-10,Shipped,67.01,Credit Card
ORD002612,CUST01375,2026-02-20,Completed,144.1,Google Pay
ORD002613,CUST00488,2026-06-16,Shipped,68.46,Google Pay
ORD002614,CUST00451,2026-04-12,Processing,96.41,Apple Pay
ORD002615,CUST00353,2026-04-24,Completed,173.2,Google Pay
ORD002616,CUST01941,2026-07-30,Cancelled,20.28,Apple Pay
ORD002617,CUST02368,2026-06-20,Completed,161.83,Apple Pay
ORD002618,CUST03237,2026-03-10,Processing,169.35,Credit Card
ORD002619,CUST00248,2026-08-10,Completed,51.49,Debit Card
ORD002620,CUST03504,2026-07-06,Completed,65.73,PayPal
ORD002621,CUST00568,2026-06-02,Processing,48.86,Debit Card
ORD002622,CUST00684,2026-04-04,Completed,41.01,Google Pay
ORD002623,CUST00644,2026-04-30,Completed,147.88,Debit Card
ORD002624,CUST00479,2026-01-25,Shipped,22.73,Debit Card
ORD002625,CUST02761,2026-07-20,Cancelled,67.47,Apple Pay
ORD002626,CUST04464,2026-08-07,Completed,24.7,Credit Card
ORD002627,CUST04453,2026-06-01,Completed,42.34,Google Pay
ORD002628,CUST01369,2026-07-09,Shipped,27.91,PayPal
ORD002629,CUST02227,2026-04-14,Shipped,65.21,Apple Pay
ORD002630,CUST03497,2026-02-12,Completed,88.64,PayPal
ORD002631,CUST03613,2026-02-28,Processing,139.73,Credit Card
ORD002632,CUST04008,2026-02-23,Processing,60.53,Debit Card
ORD002633,CUST01843,2026-03-20,Processing,240.95,Debit Card
ORD002634,CUST03378,2026-06-03,Processing,44.86,Credit Card
ORD002635,CUST02415,2026-02-23,Shipped,104.83,Google Pay
ORD002636,CUST01060,2026-07-08,Completed,160.69,Apple Pay
ORD002637,CUST01645,2026-08-10,Completed,48.08,Debit Card
ORD002638,CUST04924,2026-03-16,Completed,91.81,Credit Card
ORD002639,CUST01812,2026-04-03,Completed,10.61,Apple Pay
ORD002640,CUST02194,2026-07-26,Processing,135.08,Apple Pay
ORD002641,CUST02428,2026-06-21,Shipped,34.31,Credit Card
ORD002642,CUST00168,2026-05-17,Processing,181.07,Debit Card
ORD002643,CUST04183,2026-02-11,Completed,59.34,Google Pay
ORD002644,CUST00154,2026-06-06,Shipped,119.93,Debit Card
ORD002645,CUST02545,2026-03-20,Completed,40.1,Debit Card
ORD002646,CUST03869,2026-03-22,Completed,559.18,Debit Card
ORD002647,CUST00315,2026-07-27,Completed,69.41,Debit Card
ORD002648,CUST00723,2026-02-27,Completed,314.71,PayPal
ORD002649,CUST03632,2026-03-27,Completed,60.96,Credit Card
ORD002650,CUST03346,2026-07-10,Completed,48.11,Google Pay
ORD002651,CUST02812,2026-06-26,Completed,97.87,Google Pay
ORD002652,CUST02310,2026-04-17,Completed,143.11,PayPal
ORD002653,CUST02502,2026-05-19,Completed,115.89,Google Pay
ORD002654,CUST03334,2026-04-12,Shipped,90.09,PayPal
ORD002655,CUST02024,2026-08-05,Shipped,62.95,PayPal
ORD002656,CUST00350,2026-02-23,Shipped,111.1,Google Pay
ORD002657,CUST00824,2026-01-30,Shipped,81.5,Google Pay
ORD002658,CUST00438,2026-07-13,Completed,55.13,Debit Card
ORD002659,CUST00169,2026-03-06,Processing,54.49,PayPal
ORD002660,CUST03820,2026-02-27,Processing,167.11,Apple Pay
ORD002661,CUST03415,2026-07-04,Cancelled,24.22,Credit Card
ORD002662,CUST03302,2026-02-06,Shipped,112.52,Debit Card
ORD002663,CUST04119,2026-04-28,Cancelled,104.36,PayPal
ORD002664,CUST03036,2026-07-01,Cancelled,290.57,Debit Card
ORD002665,CUST04377,2026-03-14,Completed,6.56,Debit Card
ORD002666,CUST03591,2026-03-10,Completed,20.61,Credit Card
ORD002667,CUST02770,2026-06-01,Completed,32.55,Google Pay
ORD002668,CUST02301,2026-03-04,Processing,38.85,Google Pay
ORD002669,CUST04500,2026-08-07,Completed,117.54,Credit Card
ORD002670,CUST02181,2026-04-04,Completed,23.87,Debit Card
ORD002671,CUST03346,2026-06-28,Shipped,49.44,PayPal
ORD002672,CUST02666,2026-01-15,Completed,37.35,Google Pay
ORD002673,CUST00232,2026-06-24,Completed,49.36,Apple Pay
ORD002674,CUST02593,2026-07-20,Cancelled,160.76,PayPal
ORD002675,CUST04175,2026-06-23,Completed,90.28,Debit Card
ORD002676,CUST01059,2026-01-30,Processing,39.34,Apple Pay
ORD002677,CUST02543,2026-04-23,Cancelled,22.95,PayPal
ORD002678,CUST01134,2026-03-20,Cancelled,87.95,Credit Card
ORD002679,CUST03647,2026-05-28,Shipped,38.21,Apple Pay
ORD002680,CUST02376,2026-02-26,Completed,50.04,Debit Card
ORD002681,CUST03881,2026-06-26,Shipped,50.83,Apple Pay
ORD002682,CUST02738,2026-02-25,Completed,131.37,Credit Card
ORD002683,CUST02432,2026-02-25,Completed,47.3,Google Pay
ORD002684,CUST01388,2026-06-02,Processing,45.29,Google Pay
ORD002685,CUST03304,2026-01-09,Completed,31.87,Google Pay
ORD002686,CUST01438,2026-01-22,Completed,35.49,Credit Card
ORD002687,CUST03366,2026-03-18,Processing,114.64,PayPal
ORD002688,CUST04643,2026-06-14,Completed,60.66,Credit Card
ORD002689,CUST01730,2026-05-04,Cancelled,52.64,Apple Pay
ORD002690,CUST02440,2026-01-28,Cancelled,23.88,PayPal
ORD002691,CUST03174,2026-05-22,Completed,29.26,Google Pay
ORD002692,CUST03908,2026-06-07,Shipped,87.82,Credit Card
ORD002693,CUST01317,2026-06-16,Shipped,51.85,Debit Card
ORD002694,CUST00685,2026-07-04,Shipped,51.82,Google Pay
ORD002695,CUST02589,2026-05-13,Completed,77.45,Debit Card
ORD002696,CUST03544,2026-01-12,Completed,94.77,PayPal
ORD002697,CUST03088,2026-06-12,Completed,98.08,Google Pay
ORD002698,CUST01676,2026-06-18,Shipped,49.53,Credit Card
ORD002699,CUST02114,2026-03-04,Processing,55.55,Debit Card
ORD002700,CUST00958,2026-06-19,Shipped,87.27,Credit Card
ORD002701,CUST03544,2026-05-05,Completed,12.61,Google Pay
ORD002702,CUST03095,2026-07-12,Processing,67.71,Credit Card
ORD002703,CUST04798,2026-07-12,Processing,99.33,Google Pay
ORD002704,CUST02808,2026-04-16,Completed,37.15,Apple Pay
ORD002705,CUST00821,2026-06-20,Completed,24.71,Credit Card
ORD002706,CUST00888,2026-07-07,Completed,164.02,Apple Pay
ORD002707,CUST03729,2026-05-28,Processing,34.7,Debit Card
ORD002708,CUST03994,2026-04-08,Completed,58.6,Credit Card
ORD002709,CUST03085,2026-04-29,Completed,75.02,Credit Card
ORD002710,CUST00876,2026-08-14,Completed,31.92,Debit Card
ORD002711,CUST04262,2026-07-10,Completed,20.03,Credit Card
ORD002712,CUST03997,2026-04-29,Shipped,73.47,Google Pay
ORD002713,CUST00557,2026-06-01,Shipped,22.78,Apple Pay
ORD002714,CUST02215,2026-08-08,Processing,96.75,PayPal
ORD002715,CUST00709,2026-07-22,Processing,54.34,Google Pay
ORD002716,CUST00718,2026-07-19,Processing,271.3,PayPal
ORD002717,CUST03666,2026-06-12,Shipped,66.69,Debit Card
ORD002718,CUST02145,2026-02-10,Processing,36.59,Debit Card
ORD002719,CUST02020,2026-05-02,Processing,104.88,Credit Card
ORD002720,CUST03780,2026-01-16,Shipped,128.09,Google Pay
ORD002721,CUST00291,2026-05-02,Shipped,23.54,PayPal
ORD002722,CUST02184,2026-03-21,Processing,81.65,Apple Pay
ORD002723,CUST03880,2026-04-16,Processing,76.8,Google Pay
ORD002724,CUST02937,2026-01-06,Completed,118.8,Debit Card
ORD002725,CUST02415,2026-01-20,Completed,29.44,Google Pay
ORD002726,CUST02296,2026-07-03,Shipped,99.95,Apple Pay
ORD002727,CUST02814,2026-07-22,Completed,80.55,Google Pay
ORD002728,CUST01238,2026-05-16,Shipped,50.95,Credit Card
ORD002729,CUST02118,2026-07-31,Cancelled,391.85,Apple Pay
ORD002730,CUST04842,2026-08-12,Completed,26.28,PayPal
ORD002731,CUST03044,2026-04-07,Completed,50.92,Debit Card
ORD002732,CUST03088,2026-01-06,Completed,32.25,Google Pay
ORD002733,CUST03559,2026-08-08,Completed,76.47,Apple Pay
ORD002734,CUST00699,2026-01-08,Completed,199.24,Credit Card
ORD002735,CUST02854,2026-07-09,Completed,164.47,Credit Card
ORD002736,CUST03809,2026-01-14,Cancelled,9.59,PayPal
ORD002737,CUST04620,2026-05-11,Completed,182.26,Debit Card
ORD002738,CUST01846,2026-05-10,Completed,42.53,Credit Card
ORD002739,CUST04015,2026-01-22,Completed,36.99,Debit Card
ORD002740,CUST03183,2026-08-13,Completed,66.99,Apple Pay
ORD002741,CUST00464,2026-03-26,Completed,49.4,Google Pay
ORD002742,CUST03861,2026-07-17,Shipped,47.65,PayPal
ORD002743,CUST00451,2026-07-18,Processing,36.09,Credit Card
ORD002744,CUST01916,2026-05-14,Completed,75.54,Google Pay
ORD002745,CUST00924,2026-06-27,Completed,141.52,Credit Card
ORD002746,CUST03623,2026-02-13,Completed,66.83,PayPal
ORD002747,CUST00316,2026-01-08,Completed,56.29,Credit Card
ORD002748,CUST04767,2026-01-24,Completed,93.05,PayPal
ORD002749,CUST04794,2026-01-27,Completed,146.55,Google Pay
ORD002750,CUST01377,2026-06-30,Completed,65.99,Apple Pay
ORD002751,CUST02816,2026-02-20,Completed,53.95,PayPal
ORD002752,CUST01263,2026-06-05,Completed,93.99,Apple Pay
ORD002753,CUST01128,2026-07-06,Completed,37.31,Debit Card
ORD002754,CUST02926,2026-03-10,Processing,14.34,Google Pay
ORD002755,CUST01053,2026-07-30,Shipped,92.58,PayPal
ORD002756,CUST04185,2026-07-20,Completed,45.01,Google Pay
ORD002757,CUST02423,2026-01-25,Completed,41.67,Apple Pay
ORD002758,CUST03469,2026-02-13,Completed,15.93,Apple Pay
ORD002759,CUST04460,2026-06-24,Shipped,35.76,Google Pay
ORD002760,CUST04022,2026-04-29,Completed,47.12,Google Pay
ORD002761,CUST04410,2026-04-19,Completed,165.38,Apple Pay
ORD002762,CUST00548,2026-04-30,Completed,205.89,Google Pay
ORD002763,CUST04892,2026-01-13,Completed,53.15,Apple Pay
ORD002764,CUST03524,2026-06-30,Completed,88.56,Debit Card
ORD002765,CUST01530,2026-02-22,Shipped,27.02,Apple Pay
ORD002766,CUST00107,2026-02-06,Shipped,65.85,Credit Card
ORD002767,CUST00857,2026-07-10,Cancelled,45.26,Apple Pay
ORD002768,CUST02985,2026-07-13,Cancelled,19.99,Debit Card
ORD002769,CUST04387,2026-04-25,Completed,133.24,Apple Pay
ORD002770,CUST04713,2026-02-09,Processing,69.36,Google Pay
ORD002771,CUST01251,2026-03-19,Completed,98.03,Debit Card
ORD002772,CUST01612,2026-07-08,Completed,45.9,PayPal
ORD002773,CUST01791,2026-04-05,Completed,11.97,Apple Pay
ORD002774,CUST00868,2026-05-14,Shipped,22.23,Google Pay
ORD002775,CUST02770,2026-01-25,Completed,114.36,PayPal
ORD002776,CUST04254,2026-04-13,Cancelled,50.83,PayPal
ORD002777,CUST00328,2026-02-15,Completed,92.46,PayPal
ORD002778,CUST03817,2026-06-08,Completed,44.82,Credit Card
ORD002779,CUST03149,2026-04-12,Cancelled,64.41,Google Pay
ORD002780,CUST03382,2026-07-27,Completed,60.36,Credit Card
ORD002781,CUST02375,2026-07-10,Shipped,31.63,Google Pay
ORD002782,CUST02556,2026-04-01,Processing,72.41,Google Pay
ORD002783,CUST04966,2026-04-04,Completed,177.73,Debit Card
ORD002784,CUST01131,2026-03-09,Shipped,42.75,PayPal
ORD002785,CUST04337,2026-02-08,Completed,18.86,Apple Pay
ORD002786,CUST02483,2026-03-21,Completed,99.88,Debit Card
ORD002787,CUST03100,2026-06-13,Completed,23.11,Apple Pay
ORD002788,CUST02752,2026-05-15,Completed,30.29,PayPal
ORD002789,CUST03321,2026-03-26,Cancelled,49.82,Google Pay
ORD002790,CUST01557,2026-03-07,Cancelled,93.86,Debit Card
ORD002791,CUST03544,2026-02-24,Cancelled,84.73,Credit Card
ORD002792,CUST04509,2026-03-13,Completed,48.21,Google Pay
ORD002793,CUST00569,2026-02-11,Processing,23.98,Credit Card
ORD002794,CUST01655,2026-06-04,Completed,394.58,Google Pay
ORD002795,CUST03237,2026-05-10,Cancelled,68.61,Google Pay
ORD002796,CUST03120,2026-03-11,Completed,107.13,PayPal
ORD002797,CUST03734,2026-05-12,Completed,84.67,Debit Card
ORD002798,CUST03230,2026-01-21,Completed,172.94,Apple Pay
ORD002799,CUST00151,2026-01-01,Completed,28.7,PayPal
ORD002800,CUST02273,2026-06-15,Completed,77.9,Apple Pay
ORD002801,CUST04352,2026-03-01,Processing,48.22,Google Pay
ORD002802,CUST02109,2026-03-17,Completed,28.24,Credit Card
ORD002803,CUST01796,2026-04-01,Processing,150.18,Apple Pay
ORD002804,CUST02428,2026-05-22,Processing,31.17,Credit Card
ORD002805,CUST03515,2026-07-26,Processing,84.61,Apple Pay
ORD002806,CUST00349,2026-03-29,Shipped,196.44,Credit Card
ORD002807,CUST02079,2026-03-23,Processing,193.5,PayPal
ORD002808,CUST00397,2026-01-17,Completed,31.63,Apple Pay
ORD002809,CUST02977,2026-03-14,Shipped,119.34,PayPal
ORD002810,CUST02610,2026-06-24,Completed,91.23,PayPal
ORD002811,CUST01159,2026-07-29,Completed,26.42,Credit Card
ORD002812,CUST00146,2026-02-25,Completed,16.46,Apple Pay
ORD002813,CUST02227,2026-05-07,Processing,60.61,Apple Pay
ORD002814,CUST00264,2026-02-22,Completed,140.66,Debit Card
ORD002815,CUST04300,2026-05-08,Processing,462.63,Credit Card
ORD002816,CUST03102,2026-05-26,Processing,39.49,Apple Pay
ORD002817,CUST02107,2026-07-16,Cancelled,68.54,Google Pay
ORD002818,CUST03081,2026-02-17,Completed,29.14,Debit Card
ORD002819,CUST00988,2026-05-17,Completed,183.26,Apple Pay
ORD002820,CUST01348,2026-02-23,Completed,75.57,Credit Card
ORD002821,CUST01361,2026-06-12,Shipped,82.1,Google Pay
ORD002822,CUST02839,2026-06-23,Completed,66.07,Apple Pay
ORD002823,CUST01727,2026-01-01,Processing,33.62,PayPal
ORD002824,CUST02290,2026-02-10,Cancelled,114.17,PayPal
ORD002825,CUST00908,2026-03-14,Shipped,123.95,Google Pay
ORD002826,CUST01184,2026-06-09,Completed,147.99,Google Pay
ORD002827,CUST02825,2026-07-31,Processing,126.66,Google Pay
ORD002828,CUST01259,2026-03-18,Completed,30.97,Google Pay
ORD002829,CUST00199,2026-02-09,Completed,52.62,Credit Card
ORD002830,CUST01057,2026-05-19,Completed,81.66,PayPal
ORD002831,CUST02456,2026-07-09,Completed,38.86,Apple Pay
ORD002832,CUST03366,2026-06-23,Completed,27.11,Apple Pay
ORD002833,CUST01261,2026-02-17,Completed,49.57,PayPal
ORD002834,CUST03979,2026-02-12,Shipped,67.16,Apple Pay
ORD002835,CUST02836,2026-06-28,Processing,626.49,PayPal
ORD002836,CUST01314,2026-07-08,Shipped,149.47,Debit Card
ORD002837,CUST01903,2026-02-11,Shipped,36.56,PayPal
ORD002838,CUST03976,2026-06-03,Completed,36.2,Apple Pay
ORD002839,CUST00578,2026-04-14,Processing,28.56,Debit Card
ORD002840,CUST04431,2026-01-11,Completed,102.34,Apple Pay
ORD002841,CUST01021,2026-01-25,Cancelled,46.19,Credit Card
ORD002842,CUST03654,2026-02-09,Cancelled,54.91,Apple Pay
ORD002843,CUST03845,2026-01-25,Completed,43.16,Debit Card
ORD002844,CUST03574,2026-03-25,Shipped,300.71,PayPal
ORD002845,CUST02294,2026-04-16,Cancelled,150.19,Apple Pay
ORD002846,CUST00611,2026-04-29,Completed,30.06,PayPal
ORD002847,CUST00329,2026-07-22,Cancelled,27.13,Apple Pay
ORD002848,CUST00547,2026-04-18,Completed,140.58,Google Pay
ORD002849,CUST00339,2026-03-15,Shipped,30.97,Apple Pay
ORD002850,CUST03182,2026-06-29,Shipped,151.46,Google Pay
ORD002851,CUST03042,2026-04-23,Completed,100.43,Apple Pay
ORD002852,CUST00807,2026-05-11,Processing,31.68,Apple Pay
ORD002853,CUST01034,2026-02-08,Cancelled,95.37,Google Pay
ORD002854,CUST03274,2026-04-01,Completed,80.27,Credit Card
ORD002855,CUST03988,2026-06-12,Completed,19.95,PayPal
ORD002856,CUST03334,2026-06-17,Completed,60.58,Debit Card
ORD002857,CUST02741,2026-08-11,Completed,47.05,Apple Pay
ORD002858,CUST04526,2026-08-01,Processing,78.07,Debit Card
ORD002859,CUST04902,2026-01-22,Completed,53.73,Credit Card
ORD002860,CUST01697,2026-07-09,Shipped,78.51,Apple Pay
ORD002861,CUST03651,2026-01-19,Processing,39.15,Google Pay
ORD002862,CUST02083,2026-01-14,Cancelled,55.54,Google Pay
ORD002863,CUST01999,2026-04-19,Shipped,23.95,Apple Pay
ORD002864,CUST04653,2026-06-27,Completed,45.54,Google Pay
ORD002865,CUST01686,2026-07-09,Completed,44.92,Credit Card
ORD002866,CUST04587,2026-08-03,Processing,22.05,PayPal
ORD002867,CUST01604,2026-08-06,Cancelled,62.98,PayPal
ORD002868,CUST04350,2026-02-12,Completed,187.54,Credit Card
ORD002869,CUST04113,2026-02-24,Completed,36.71,Google Pay
ORD002870,CUST00261,2026-06-17,Processing,136.42,PayPal
ORD002871,CUST03797,2026-01-12,Processing,73.64,Google Pay
ORD002872,CUST02776,2026-07-12,Shipped,15.28,Google Pay
ORD002873,CUST00501,2026-06-11,Completed,339.31,Debit Card
ORD002874,CUST01016,2026-04-18,Processing,31.82,PayPal
ORD002875,CUST02334,2026-03-24,Completed,61.3,Google Pay
ORD002876,CUST02055,2026-01-23,Shipped,78.93,Debit Card
ORD002877,CUST03964,2026-07-18,Completed,58.92,Credit Card
ORD002878,CUST03675,2026-05-15,Shipped,106.99,PayPal
ORD002879,CUST04056,2026-07-12,Completed,142.38,Credit Card
ORD002880,CUST02707,2026-05-26,Completed,32.07,Credit Card
ORD002881,CUST02100,2026-05-16,Completed,51.63,Apple Pay
ORD002882,CUST02566,2026-03-30,Shipped,37.66,PayPal
ORD002883,CUST03018,2026-02-11,Completed,37.5,Credit Card
ORD002884,CUST00109,2026-04-03,Shipped,65.24,Credit Card
ORD002885,CUST03423,2026-08-03,Processing,121.11,Credit Card
ORD002886,CUST00066,2026-04-03,Completed,19.45,Google Pay
ORD002887,CUST03082,2026-01-01,Shipped,54.27,PayPal
ORD002888,CUST04298,2026-03-20,Completed,33.37,PayPal
ORD002889,CUST02949,2026-05-23,Completed,93.74,PayPal
ORD002890,CUST00214,2026-06-05,Cancelled,87.77,PayPal
ORD002891,CUST04423,2026-06-13,Cancelled,119.91,PayPal
ORD002892,CUST01041,2026-04-16,Completed,25.08,Credit Card
ORD002893,CUST04619,2026-08-12,Processing,76.86,Debit Card
ORD002894,CUST00988,2026-02-15,Processing,57.11,Apple Pay
ORD002895,CUST03196,2026-07-24,Completed,18.85,PayPal
ORD002896,CUST00504,2026-01-21,Completed,20.86,Google Pay
ORD002897,CUST00756,2026-06-26,Processing,43.8,Debit Card
ORD002898,CUST01342,2026-06-16,Processing,60.4,Google Pay
ORD002899,CUST02589,2026-02-07,Completed,140.81,Credit Card
ORD002900,CUST01382,2026-01-09,Shipped,48.83,Apple Pay
ORD002901,CUST02988,2026-01-20,Completed,77.96,Credit Card
ORD002902,CUST02845,2026-03-25,Cancelled,64.15,Credit Card
ORD002903,CUST02520,2026-01-08,Processing,31.51,PayPal
ORD002904,CUST03727,2026-01-14,Shipped,43.18,Google Pay
ORD002905,CUST01888,2026-03-03,Shipped,61.42,PayPal
ORD002906,CUST01324,2026-07-31,Shipped,25.34,Credit Card
ORD002907,CUST03810,2026-06-12,Shipped,90.29,Apple Pay
ORD002908,CUST03748,2026-02-24,Completed,166.02,Debit Card
ORD002909,CUST02132,2026-02-14,Completed,185.18,Credit Card
ORD002910,CUST02425,2026-05-29,Cancelled,97.82,Credit Card
ORD002911,CUST03385,2026-02-22,Completed,76.48,Credit Card
ORD002912,CUST02252,2026-07-01,Completed,16.44,Google Pay
ORD002913,CUST01009,2026-03-27,Completed,29.66,Debit Card
ORD002914,CUST01318,2026-06-20,Completed,23.02,Apple Pay
ORD002915,CUST03217,2026-01-06,Completed,43.22,Credit Card
ORD002916,CUST04635,2026-07-02,Completed,103.2,Debit Card
ORD002917,CUST00017,2026-02-13,Shipped,72.57,Credit Card
ORD002918,CUST04671,2026-04-01,Processing,78.36,Debit Card
ORD002919,CUST01803,2026-07-15,Completed,83.98,Debit Card
ORD002920,CUST02624,2026-01-04,Completed,35.77,Google Pay
ORD002921,CUST00130,2026-05-01,Completed,51.51,Google Pay
ORD002922,CUST01474,2026-03-04,Processing,70.01,Debit Card
ORD002923,CUST00950,2026-04-02,Completed,131.57,PayPal
ORD002924,CUST03997,2026-08-07,Completed,55.05,Credit Card
ORD002925,CUST01069,2026-07-05,Completed,51.23,Google Pay
ORD002926,CUST04312,2026-07-01,Shipped,22.91,Debit Card
ORD002927,CUST01624,2026-03-22,Shipped,34.14,PayPal
ORD002928,CUST02896,2026-02-07,Shipped,70.78,Debit Card
ORD002929,CUST02737,2026-07-07,Cancelled,53.59,Apple Pay
ORD002930,CUST02313,2026-02-21,Cancelled,21.61,Debit Card
ORD002931,CUST01947,2026-06-06,Completed,21.32,Apple Pay
ORD002932,CUST00617,2026-06-17,Completed,28.5,Google Pay
ORD002933,CUST01870,2026-07-18,Shipped,49.54,Google Pay
ORD002934,CUST00301,2026-01-08,Completed,119.34,Debit Card
ORD002935,CUST00985,2026-04-15,Shipped,72.39,Google Pay
ORD002936,CUST03692,2026-08-13,Completed,30.81,Debit Card
ORD002937,CUST04502,2026-08-12,Completed,36.69,Debit Card
ORD002938,CUST03427,2026-06-12,Completed,84.66,Apple Pay
ORD002939,CUST00161,2026-07-29,Completed,76.5,Credit Card
ORD002940,CUST00026,2026-04-25,Completed,37.31,Debit Card
ORD002941,CUST00083,2026-05-03,Processing,12.01,Credit Card
ORD002942,CUST00173,2026-01-16,Processing,74.77,PayPal
ORD002943,CUST00999,2026-01-18,Processing,47.52,Google Pay
ORD002944,CUST03142,2026-07-06,Completed,202.92,PayPal
ORD002945,CUST02883,2026-08-05,Completed,47.49,PayPal
ORD002946,CUST04102,2026-02-03,Completed,59.31,Debit Card
ORD002947,CUST02844,2026-05-12,Completed,51.99,PayPal
ORD002948,CUST04621,2026-07-16,Completed,81.96,Debit Card
ORD002949,CUST02111,2026-05-07,Completed,79.63,Google Pay
ORD002950,CUST03085,2026-07-25,Shipped,27.58,Google Pay
ORD002951,CUST02046,2026-07-12,Processing,23.77,PayPal
ORD002952,CUST00761,2026-03-02,Completed,130.58,Debit Card
ORD002953,CUST00205,2026-08-02,Processing,43.45,Apple Pay
ORD002954,CUST04993,2026-02-15,Shipped,88.48,Apple Pay
ORD002955,CUST03103,2026-05-29,Cancelled,47.43,Credit Card
ORD002956,CUST02036,2026-03-18,Completed,16.32,Credit Card
ORD002957,CUST01553,2026-08-09,Completed,160.36,Credit Card
ORD002958,CUST04973,2026-05-03,Completed,104.88,PayPal
ORD002959,CUST00825,2026-06-15,Completed,88.35,Debit Card
ORD002960,CUST02957,2026-03-14,Shipped,31.0,Credit Card
ORD002961,CUST03749,2026-08-13,Completed,99.41,Debit Card
ORD002962,CUST02446,2026-03-27,Completed,73.12,PayPal
ORD002963,CUST03897,2026-03-22,Processing,36.61,Debit Card
ORD002964,CUST00839,2026-07-07,Processing,49.94,Debit Card
ORD002965,CUST04696,2026-08-03,Cancelled,57.39,PayPal
ORD002966,CUST03684,2026-06-13,Shipped,39.98,Apple Pay
ORD002967,CUST01962,2026-05-14,Completed,75.17,Debit Card
ORD002968,CUST00938,2026-06-16,Processing,110.4,Debit Card
ORD002969,CUST02932,2026-06-06,Cancelled,43.71,Google Pay
ORD002970,CUST00425,2026-06-04,Completed,55.97,Google Pay
ORD002971,CUST03311,2026-03-10,Cancelled,55.81,Credit Card
ORD002972,CUST03052,2026-05-17,Cancelled,107.92,Credit Card
ORD002973,CUST02906,2026-06-01,Completed,68.62,PayPal
ORD002974,CUST02138,2026-07-10,Processing,124.13,PayPal
ORD002975,CUST04047,2026-05-27,Cancelled,38.12,Google Pay
ORD002976,CUST03211,2026-04-07,Cancelled,59.88,Google Pay
ORD002977,CUST02695,2026-05-03,Completed,90.31,Credit Card
ORD002978,CUST03596,2026-06-07,Completed,98.73,Google Pay
ORD002979,CUST01268,2026-07-05,Completed,46.35,Debit Card
ORD002980,CUST03577,2026-06-17,Processing,58.94,Debit Card
ORD002981,CUST00422,2026-04-29,Completed,33.97,Google Pay
ORD002982,CUST03267,2026-07-15,Shipped,15.61,PayPal
ORD002983,CUST01658,2026-02-01,Completed,48.48,Credit Card
ORD002984,CUST02101,2026-04-23,Shipped,48.62,Debit Card
ORD002985,CUST03940,2026-03-06,Shipped,44.97,PayPal
ORD002986,CUST00685,2026-06-11,Processing,28.32,Google Pay
ORD002987,CUST02227,2026-03-26,Completed,89.53,Credit Card
ORD002988,CUST04389,2026-06-08,Shipped,97.81,Credit Card
ORD002989,CUST02423,2026-02-28,Completed,57.69,PayPal
ORD002990,CUST01078,2026-07-25,Processing,34.18,PayPal
ORD002991,CUST03986,2026-01-26,Cancelled,40.26,PayPal
ORD002992,CUST03841,2026-05-30,Cancelled,59.12,Google Pay
ORD002993,CUST03317,2026-06-11,Shipped,109.46,Google Pay
ORD002994,CUST02844,2026-08-13,Processing,23.84,PayPal
ORD002995,CUST03440,2026-05-01,Completed,40.91,Google Pay
ORD002996,CUST04112,2026-01-13,Processing,66.93,Credit Card
ORD002997,CUST04272,2026-08-12,Processing,102.42,Apple Pay
ORD002998,CUST01904,2026-02-24,Cancelled,23.95,Google Pay
ORD002999,CUST04225,2026-05-16,Shipped,36.01,Credit Card
ORD003000,CUST03295,2026-07-09,Completed,11.86,Apple Pay
ORD003001,CUST04980,2026-05-30,Processing,150.89,Apple Pay
ORD003002,CUST00426,2026-02-25,Shipped,27.79,PayPal
ORD003003,CUST02402,2026-03-25,Cancelled,85.4,PayPal
ORD003004,CUST00750,2026-05-29,Completed,164.1,Credit Card
ORD003005,CUST04840,2026-04-08,Completed,161.27,PayPal
ORD003006,CUST04575,2026-06-26,Completed,17.07,Apple Pay
ORD003007,CUST00044,2026-04-04,Completed,122.77,Credit Card
ORD003008,CUST01560,2026-05-14,Shipped,106.74,Credit Card
ORD003009,CUST04195,2026-02-04,Completed,118.22,Credit Card
ORD003010,CUST03469,2026-06-04,Cancelled,12.88,PayPal
ORD003011,CUST03952,2026-07-31,Shipped,39.83,PayPal
ORD003012,CUST04267,2026-05-06,Cancelled,18.37,PayPal
ORD003013,CUST00148,2026-04-23,Cancelled,43.18,Google Pay
ORD003014,CUST02171,2026-06-17,Completed,106.22,Google Pay
ORD003015,CUST00112,2026-01-14,Completed,236.97,Google Pay
ORD003016,CUST04164,2026-03-15,Shipped,109.61,Credit Card
ORD003017,CUST00828,2026-02-21,Completed,79.97,PayPal
ORD003018,CUST01753,2026-04-16,Shipped,42.16,Google Pay
ORD003019,CUST02940,2026-07-26,Completed,40.95,Credit Card
ORD003020,CUST03729,2026-02-09,Completed,80.98,Apple Pay
ORD003021,CUST03617,2026-02-12,Processing,55.73,Google Pay
ORD003022,CUST03724,2026-04-22,Completed,90.19,Credit Card
ORD003023,CUST02278,2026-07-05,Completed,54.95,Debit Card
ORD003024,CUST00160,2026-01-03,Completed,167.64,Google Pay
ORD003025,CUST03366,2026-05-23,Processing,121.5,Apple Pay
ORD003026,CUST02234,2026-06-22,Completed,33.3,Credit Card
ORD003027,CUST01014,2026-04-05,Shipped,103.03,Google Pay
ORD003028,CUST04973,2026-05-19,Shipped,72.22,Google Pay
ORD003029,CUST00552,2026-06-16,Completed,36.37,Debit Card
ORD003030,CUST01176,2026-01-19,Completed,257.0,Credit Card
ORD003031,CUST01164,2026-07-26,Cancelled,74.68,Credit Card
ORD003032,CUST01309,2026-05-28,Shipped,77.23,Credit Card
ORD003033,CUST01493,2026-08-02,Completed,104.91,PayPal
ORD003034,CUST01242,2026-07-18,Completed,89.85,Debit Card
ORD003035,CUST04532,2026-02-25,Completed,119.91,Credit Card
ORD003036,CUST04828,2026-03-19,Processing,25.6,Debit Card
ORD003037,CUST01778,2026-04-28,Cancelled,161.26,PayPal
ORD003038,CUST00060,2026-05-12,Completed,79.47,Credit Card
ORD003039,CUST01634,2026-01-09,Completed,71.67,Debit Card
ORD003040,CUST02452,2026-06-02,Completed,35.8,Debit Card
ORD003041,CUST00336,2026-06-24,Processing,32.09,PayPal
ORD003042,CUST00831,2026-02-18,Shipped,31.56,Debit Card
ORD003043,CUST01593,2026-06-04,Completed,43.05,PayPal
ORD003044,CUST04381,2026-01-28,Completed,62.9,Google Pay
ORD003045,CUST00960,2026-08-04,Completed,23.43,Debit Card
ORD003046,CUST04167,2026-08-13,Cancelled,207.68,PayPal
ORD003047,CUST01122,2026-08-13,Processing,85.75,Apple Pay
ORD003048,CUST02224,2026-07-09,Completed,28.89,Credit Card
ORD003049,CUST03817,2026-01-16,Cancelled,119.61,Credit Card
ORD003050,CUST04980,2026-03-28,Cancelled,42.27,Credit Card
ORD003051,CUST01099,2026-06-23,Processing,35.13,PayPal
ORD003052,CUST00143,2026-07-22,Processing,149.54,PayPal
ORD003053,CUST02979,2026-06-23,Completed,38.11,Credit Card
ORD003054,CUST01047,2026-06-17,Completed,62.52,PayPal
ORD003055,CUST01069,2026-03-24,Processing,114.04,Debit Card
ORD003056,CUST04188,2026-02-03,Completed,137.92,Debit Card
ORD003057,CUST03341,2026-08-03,Shipped,72.17,Debit Card
ORD003058,CUST04774,2026-05-18,Completed,18.0,Google Pay
ORD003059,CUST03436,2026-01-01,Completed,28.6,Credit Card
ORD003060,CUST03780,2026-03-07,Completed,166.27,Apple Pay
ORD003061,CUST04478,2026-04-25,Completed,110.39,Credit Card
ORD003062,CUST00966,2026-08-02,Completed,95.51,Debit Card
ORD003063,CUST01180,2026-05-25,Shipped,36.36,Credit Card
ORD003064,CUST02435,2026-02-16,Shipped,29.83,Google Pay
ORD003065,CUST00501,2026-01-24,Completed,22.36,Debit Card
ORD003066,CUST04555,2026-06-27,Processing,41.69,Google Pay
ORD003067,CUST00050,2026-08-01,Completed,78.64,Google Pay
ORD003068,CUST00970,2026-04-14,Completed,166.71,Google Pay
ORD003069,CUST00988,2026-01-29,Completed,56.11,Debit Card
ORD003070,CUST04628,2026-07-25,Completed,59.26,Google Pay
ORD003071,CUST01116,2026-03-13,Completed,116.15,Google Pay
ORD003072,CUST03933,2026-08-10,Completed,43.0,Apple Pay
ORD003073,CUST01480,2026-03-27,Completed,54.43,Credit Card
ORD003074,CUST04435,2026-08-03,Completed,63.94,Apple Pay
ORD003075,CUST03125,2026-04-14,Cancelled,41.94,Credit Card
ORD003076,CUST03568,2026-05-21,Completed,84.92,Debit Card
ORD003077,CUST01659,2026-07-11,Cancelled,65.93,Apple Pay
ORD003078,CUST01877,2026-06-05,Shipped,69.11,PayPal
ORD003079,CUST02052,2026-08-10,Completed,30.18,Debit Card
ORD003080,CUST04377,2026-05-13,Completed,106.86,Debit Card
ORD003081,CUST02816,2026-03-15,Completed,196.1,Credit Card
ORD003082,CUST00971,2026-05-17,Shipped,101.33,Credit Card
ORD003083,CUST00208,2026-05-22,Cancelled,35.65,Google Pay
ORD003084,CUST00260,2026-04-12,Completed,20.15,PayPal
ORD003085,CUST04359,2026-05-18,Cancelled,55.41,Debit Card
ORD003086,CUST00783,2026-06-10,Processing,91.29,Debit Card
ORD003087,CUST00505,2026-03-16,Completed,37.46,Apple Pay
ORD003088,CUST01574,2026-02-09,Processing,48.23,Credit Card
ORD003089,CUST04299,2026-05-14,Processing,132.38,Apple Pay
ORD003090,CUST01760,2026-01-17,Shipped,19.86,Credit Card
ORD003091,CUST03795,2026-06-13,Completed,75.36,Credit Card
ORD003092,CUST03591,2026-03-11,Cancelled,28.68,Apple Pay
ORD003093,CUST04141,2026-03-02,Completed,109.38,Apple Pay
ORD003094,CUST01402,2026-04-21,Shipped,103.01,Apple Pay
ORD003095,CUST00789,2026-07-21,Shipped,58.69,Credit Card
ORD003096,CUST03330,2026-06-26,Completed,74.07,PayPal
ORD003097,CUST02845,2026-07-16,Completed,31.9,Apple Pay
ORD003098,CUST03986,2026-03-24,Cancelled,108.78,Credit Card
ORD003099,CUST04013,2026-07-18,Shipped,79.77,Apple Pay
ORD003100,CUST02093,2026-01-24,Processing,58.27,PayPal
ORD003101,CUST02968,2026-02-20,Completed,34.96,PayPal
ORD003102,CUST01070,2026-06-19,Cancelled,64.48,Google Pay
ORD003103,CUST01676,2026-05-27,Completed,46.43,Google Pay
ORD003104,CUST02613,2026-03-03,Shipped,105.05,PayPal
ORD003105,CUST04397,2026-07-22,Cancelled,190.49,Apple Pay
ORD003106,CUST00288,2026-03-08,Processing,95.9,Google Pay
ORD003107,CUST00786,2026-01-30,Completed,47.1,Credit Card
ORD003108,CUST02317,2026-04-17,Completed,167.0,PayPal
ORD003109,CUST02839,2026-06-15,Completed,45.55,Apple Pay
ORD003110,CUST03638,2026-05-14,Processing,73.74,Credit Card
ORD003111,CUST02629,2026-04-21,Completed,45.11,PayPal
ORD003112,CUST01266,2026-05-30,Shipped,61.29,PayPal
ORD003113,CUST02984,2026-05-01,Completed,17.94,Apple Pay
ORD003114,CUST03016,2026-01-11,Completed,26.03,Apple Pay
ORD003115,CUST00071,2026-03-13,Completed,57.76,Debit Card
ORD003116,CUST04931,2026-04-01,Completed,74.06,Apple Pay
ORD003117,CUST02461,2026-01-29,Shipped,54.79,Credit Card
ORD003118,CUST00612,2026-04-29,Processing,110.78,Google Pay
ORD003119,CUST03524,2026-04-29,Cancelled,13.64,Apple Pay
ORD003120,CUST03703,2026-01-08,Cancelled,84.14,Apple Pay
ORD003121,CUST02577,2026-08-03,Completed,152.65,Google Pay
ORD003122,CUST00191,2026-08-09,Completed,103.91,Google Pay
ORD003123,CUST01748,2026-03-21,Shipped,95.97,PayPal
ORD003124,CUST02126,2026-06-12,Shipped,121.08,PayPal
ORD003125,CUST01629,2026-03-13,Cancelled,25.88,Google Pay
ORD003126,CUST04985,2026-07-19,Shipped,25.8,Google Pay
ORD003127,CUST03373,2026-06-22,Processing,48.44,Google Pay
ORD003128,CUST02997,2026-02-02,Completed,56.13,Credit Card
ORD003129,CUST00017,2026-01-05,Completed,68.69,Debit Card
ORD003130,CUST04911,2026-07-09,Cancelled,25.96,Credit Card
ORD003131,CUST01598,2026-06-14,Cancelled,50.24,Debit Card
ORD003132,CUST01067,2026-05-25,Completed,118.39,PayPal
ORD003133,CUST03140,2026-01-22,Completed,47.01,Google Pay
ORD003134,CUST03452,2026-03-19,Processing,19.72,Credit Card
ORD003135,CUST02260,2026-06-09,Cancelled,20.01,Google Pay
ORD003136,CUST02251,2026-01-14,Completed,120.99,Google Pay
ORD003137,CUST02774,2026-05-28,Completed,169.76,Google Pay
ORD003138,CUST04205,2026-05-30,Completed,35.08,Credit Card
ORD003139,CUST00284,2026-01-30,Cancelled,109.98,Google Pay
ORD003140,CUST02989,2026-07-01,Completed,93.78,PayPal
ORD003141,CUST04833,2026-06-10,Completed,22.24,Debit Card
ORD003142,CUST00603,2026-01-05,Completed,85.71,Apple Pay
ORD003143,CUST01364,2026-01-18,Shipped,98.1,PayPal
ORD003144,CUST03353,2026-03-04,Completed,49.28,Debit Card
ORD003145,CUST04076,2026-06-23,Cancelled,45.45,Apple Pay
ORD003146,CUST04587,2026-05-15,Completed,70.86,Google Pay
ORD003147,CUST00801,2026-06-06,Completed,34.93,PayPal
ORD003148,CUST00760,2026-02-26,Shipped,136.82,Apple Pay
ORD003149,CUST01494,2026-06-24,Completed,59.72,Apple Pay
ORD003150,CUST04801,2026-01-09,Completed,44.55,Apple Pay
ORD003151,CUST03935,2026-07-06,Completed,54.51,Google Pay
ORD003152,CUST00815,2026-04-22,Completed,121.48,Debit Card
ORD003153,CUST04899,2026-04-15,Completed,54.47,Debit Card
ORD003154,CUST00373,2026-05-03,Cancelled,44.0,PayPal
ORD003155,CUST02999,2026-03-12,Completed,19.87,Google Pay
ORD003156,CUST02892,2026-07-18,Completed,68.03,Debit Card
ORD003157,CUST03792,2026-04-23,Cancelled,49.45,PayPal
ORD003158,CUST03320,2026-06-20,Completed,26.14,Debit Card
ORD003159,CUST02190,2026-02-28,Shipped,81.73,Credit Card
ORD003160,CUST02450,2026-01-06,Completed,28.13,Google Pay
ORD003161,CUST03968,2026-04-20,Shipped,38.45,Credit Card
ORD003162,CUST00823,2026-04-21,Completed,83.76,Debit Card
ORD003163,CUST00222,2026-02-22,Completed,83.43,Debit Card
ORD003164,CUST03938,2026-03-05,Cancelled,63.76,Credit Card
ORD003165,CUST01388,2026-08-07,Completed,49.91,Google Pay
ORD003166,CUST03889,2026-01-04,Completed,43.2,PayPal
ORD003167,CUST02161,2026-01-01,Processing,32.7,Apple Pay
ORD003168,CUST03271,2026-03-11,Completed,49.37,Credit Card
ORD003169,CUST01926,2026-01-31,Completed,126.72,Google Pay
ORD003170,CUST04694,2026-03-06,Completed,27.81,Google Pay
ORD003171,CUST02952,2026-04-27,Shipped,9.9,Apple Pay
ORD003172,CUST04581,2026-07-16,Processing,35.82,PayPal
ORD003173,CUST03994,2026-01-19,Cancelled,175.58,PayPal
ORD003174,CUST02599,2026-07-16,Completed,45.61,Debit Card
ORD003175,CUST01667,2026-04-28,Completed,60.94,Debit Card
ORD003176,CUST03082,2026-03-10,Shipped,63.73,Credit Card
ORD003177,CUST03886,2026-06-26,Completed,37.38,PayPal
ORD003178,CUST04758,2026-01-31,Completed,155.27,Credit Card
ORD003179,CUST02115,2026-07-07,Cancelled,51.1,Debit Card
ORD003180,CUST02753,2026-07-18,Cancelled,128.04,Credit Card
ORD003181,CUST03169,2026-03-20,Completed,62.54,Apple Pay
ORD003182,CUST01555,2026-02-24,Completed,64.34,Credit Card
ORD003183,CUST01081,2026-07-24,Completed,29.28,Debit Card
ORD003184,CUST03935,2026-07-23,Completed,123.31,Debit Card
ORD003185,CUST00088,2026-05-07,Cancelled,53.06,Apple Pay
ORD003186,CUST02701,2026-07-30,Completed,66.45,Apple Pay
ORD003187,CUST02704,2026-03-18,Processing,198.21,PayPal
ORD003188,CUST02960,2026-04-01,Completed,73.12,Apple Pay
ORD003189,CUST02419,2026-06-15,Cancelled,68.36,Apple Pay
ORD003190,CUST02423,2026-06-10,Completed,119.95,PayPal
ORD003191,CUST04148,2026-01-06,Cancelled,96.16,Apple Pay
ORD003192,CUST01748,2026-05-21,Completed,43.69,Google Pay
ORD003193,CUST00041,2026-07-24,Completed,40.33,Google Pay
ORD003194,CUST02139,2026-07-24,Cancelled,82.41,Google Pay
ORD003195,CUST00039,2026-01-20,Completed,41.02,Apple Pay
ORD003196,CUST03085,2026-04-10,Shipped,62.27,Debit Card
ORD003197,CUST03680,2026-06-14,Completed,25.08,Debit Card
ORD003198,CUST02152,2026-02-14,Completed,196.25,PayPal
ORD003199,CUST03938,2026-07-20,Completed,38.79,Debit Card
ORD003200,CUST02091,2026-03-22,Processing,91.66,Debit Card
ORD003201,CUST00209,2026-02-28,Cancelled,93.86,PayPal
ORD003202,CUST00600,2026-02-21,Completed,204.34,Google Pay
ORD003203,CUST00605,2026-05-26,Completed,75.43,PayPal
ORD003204,CUST02524,2026-01-25,Shipped,45.78,Debit Card
ORD003205,CUST03710,2026-05-03,Shipped,58.73,Debit Card
ORD003206,CUST02157,2026-07-26,Shipped,32.86,PayPal
ORD003207,CUST00214,2026-08-03,Completed,152.29,Apple Pay
ORD003208,CUST01577,2026-05-09,Shipped,48.33,Debit Card
ORD003209,CUST02819,2026-02-10,Cancelled,206.57,Debit Card
ORD003210,CUST02125,2026-04-12,Shipped,38.14,PayPal
ORD003211,CUST00269,2026-01-18,Completed,365.87,Debit Card
ORD003212,CUST02409,2026-05-09,Shipped,37.42,Apple Pay
ORD003213,CUST02578,2026-06-16,Completed,36.08,Apple Pay
ORD003214,CUST04779,2026-07-21,Completed,38.57,PayPal
ORD003215,CUST04258,2026-06-08,Completed,37.81,Credit Card
ORD003216,CUST04561,2026-04-12,Completed,78.25,Google Pay
ORD003217,CUST00823,2026-03-12,Completed,33.91,Apple Pay
ORD003218,CUST03636,2026-06-15,Processing,27.0,Apple Pay
ORD003219,CUST02596,2026-01-08,Cancelled,31.98,Google Pay
ORD003220,CUST03954,2026-06-11,Cancelled,249.11,PayPal
ORD003221,CUST03832,2026-03-14,Shipped,27.37,Debit Card
ORD003222,CUST02100,2026-03-30,Processing,68.8,PayPal
ORD003223,CUST04584,2026-01-27,Completed,31.75,Credit Card
ORD003224,CUST03603,2026-06-18,Completed,83.29,Credit Card
ORD003225,CUST03468,2026-01-07,Completed,67.42,Google Pay
ORD003226,CUST00651,2026-02-01,Completed,193.29,Credit Card
ORD003227,CUST01635,2026-03-14,Completed,44.31,Credit Card
ORD003228,CUST04815,2026-07-28,Shipped,81.32,Google Pay
ORD003229,CUST01168,2026-04-09,Completed,125.4,Google Pay
ORD003230,CUST04077,2026-04-22,Completed,46.61,Google Pay
ORD003231,CUST00199,2026-05-24,Completed,69.95,Google Pay
ORD003232,CUST01356,2026-05-10,Processing,21.05,Google Pay
ORD003233,CUST03506,2026-06-20,Cancelled,82.44,Apple Pay
ORD003234,CUST00803,2026-01-31,Completed,68.54,Debit Card
ORD003235,CUST00701,2026-03-21,Completed,35.45,Google Pay
ORD003236,CUST00503,2026-06-24,Cancelled,25.42,Debit Card
ORD003237,CUST04565,2026-02-02,Completed,49.78,Credit Card
ORD003238,CUST02414,2026-08-01,Processing,26.24,Apple Pay
ORD003239,CUST04720,2026-05-25,Shipped,64.65,Google Pay
ORD003240,CUST02968,2026-04-09,Completed,93.11,Apple Pay
ORD003241,CUST02871,2026-02-23,Processing,17.67,PayPal
ORD003242,CUST04759,2026-02-23,Cancelled,33.51,Debit Card
ORD003243,CUST04847,2026-06-28,Completed,185.9,Google Pay
ORD003244,CUST03468,2026-06-29,Completed,92.51,Debit Card
ORD003245,CUST01419,2026-05-15,Shipped,22.37,Debit Card
ORD003246,CUST01099,2026-07-01,Completed,42.79,PayPal
ORD003247,CUST03170,2026-08-09,Completed,17.01,Debit Card
ORD003248,CUST00383,2026-05-19,Processing,134.39,Credit Card
ORD003249,CUST03941,2026-07-09,Cancelled,59.68,Debit Card
ORD003250,CUST01394,2026-01-30,Processing,66.14,PayPal
ORD003251,CUST03328,2026-03-23,Cancelled,139.07,PayPal
ORD003252,CUST01653,2026-02-26,Completed,51.36,Google Pay
ORD003253,CUST04272,2026-06-23,Completed,73.1,Credit Card
ORD003254,CUST04324,2026-07-27,Processing,129.3,Debit Card
ORD003255,CUST02395,2026-03-11,Completed,34.05,PayPal
ORD003256,CUST02039,2026-03-07,Cancelled,25.21,PayPal
ORD003257,CUST01986,2026-07-02,Cancelled,211.8,Debit Card
ORD003258,CUST01263,2026-04-17,Completed,35.96,Debit Card
ORD003259,CUST01712,2026-07-05,Completed,11.56,Google Pay
ORD003260,CUST00350,2026-01-10,Shipped,36.42,Google Pay
ORD003261,CUST04027,2026-05-12,Completed,37.59,Credit Card
ORD003262,CUST00441,2026-03-15,Cancelled,248.08,Google Pay
ORD003263,CUST02809,2026-03-14,Processing,88.69,Google Pay
ORD003264,CUST02563,2026-03-03,Completed,52.0,Apple Pay
ORD003265,CUST03153,2026-04-19,Processing,37.23,Debit Card
ORD003266,CUST01385,2026-06-20,Completed,97.33,Google Pay
ORD003267,CUST00288,2026-02-11,Cancelled,125.99,Apple Pay
ORD003268,CUST02056,2026-01-24,Completed,85.46,Apple Pay
ORD003269,CUST00998,2026-01-05,Cancelled,114.97,Google Pay
ORD003270,CUST02334,2026-04-09,Completed,178.59,PayPal
ORD003271,CUST01423,2026-07-15,Completed,64.44,Google Pay
ORD003272,CUST00074,2026-04-09,Cancelled,42.3,Google Pay
ORD003273,CUST01463,2026-04-30,Shipped,44.67,Debit Card
ORD003274,CUST03195,2026-03-18,Processing,145.04,PayPal
ORD003275,CUST02206,2026-04-11,Shipped,100.56,Credit Card
ORD003276,CUST00430,2026-04-06,Shipped,66.97,Google Pay
ORD003277,CUST01472,2026-06-22,Shipped,41.31,Google Pay
ORD003278,CUST03482,2026-07-06,Shipped,34.26,Debit Card
ORD003279,CUST03181,2026-04-30,Processing,60.37,Credit Card
ORD003280,CUST04942,2026-03-06,Completed,29.99,Apple Pay
ORD003281,CUST01731,2026-07-10,Processing,51.45,PayPal
ORD003282,CUST00036,2026-05-01,Completed,139.1,Credit Card
ORD003283,CUST01021,2026-07-22,Completed,55.06,Google Pay
ORD003284,CUST01998,2026-03-31,Processing,51.08,Apple Pay
ORD003285,CUST02761,2026-07-14,Processing,66.67,Debit Card
ORD003286,CUST03118,2026-06-26,Processing,118.66,Google Pay
ORD003287,CUST02536,2026-04-25,Cancelled,213.2,Debit Card
ORD003288,CUST04715,2026-03-18,Completed,26.84,PayPal
ORD003289,CUST04266,2026-02-01,Processing,140.06,Debit Card
ORD003290,CUST00146,2026-04-22,Completed,105.74,Credit Card
ORD003291,CUST04964,2026-06-27,Completed,25.43,Credit Card
ORD003292,CUST04516,2026-08-03,Completed,30.45,PayPal
ORD003293,CUST04669,2026-07-05,Completed,117.89,PayPal
ORD003294,CUST01027,2026-02-21,Completed,88.93,PayPal
ORD003295,CUST03666,2026-01-23,Completed,17.93,Credit Card
ORD003296,CUST01287,2026-01-30,Processing,33.73,Google Pay
ORD003297,CUST02847,2026-03-11,Processing,87.64,Credit Card
ORD003298,CUST00321,2026-03-12,Cancelled,115.58,Debit Card
ORD003299,CUST04096,2026-04-21,Processing,79.76,PayPal
ORD003300,CUST02294,2026-06-07,Completed,13.86,Apple Pay
ORD003301,CUST01613,2026-02-06,Completed,36.44,Credit Card
ORD003302,CUST00477,2026-02-17,Completed,30.42,Apple Pay
ORD003303,CUST03165,2026-06-09,Completed,97.95,Google Pay
ORD003304,CUST01827,2026-03-11,Cancelled,43.53,Credit Card
ORD003305,CUST00783,2026-02-04,Processing,87.7,Google Pay
ORD003306,CUST04629,2026-08-12,Cancelled,68.04,Google Pay
ORD003307,CUST01948,2026-07-23,Completed,26.62,Credit Card
ORD003308,CUST03332,2026-03-09,Completed,111.93,Credit Card
ORD003309,CUST04675,2026-06-09,Processing,136.36,Google Pay
ORD003310,CUST01594,2026-02-28,Shipped,116.01,PayPal
ORD003311,CUST01748,2026-04-28,Processing,70.22,Credit Card
ORD003312,CUST02034,2026-06-12,Completed,56.51,Google Pay
ORD003313,CUST00257,2026-04-22,Shipped,39.34,Debit Card
ORD003314,CUST02992,2026-05-24,Processing,146.37,Apple Pay
ORD003315,CUST01418,2026-04-29,Processing,187.32,Debit Card
ORD003316,CUST04978,2026-04-25,Shipped,38.05,Credit Card
ORD003317,CUST04115,2026-07-26,Shipped,28.16,Credit Card
ORD003318,CUST00110,2026-04-15,Completed,29.08,Credit Card
ORD003319,CUST02553,2026-06-29,Cancelled,30.76,Credit Card
ORD003320,CUST01058,2026-03-07,Shipped,75.98,Debit Card
ORD003321,CUST04351,2026-01-06,Completed,24.0,PayPal
ORD003322,CUST04734,2026-01-14,Shipped,40.77,Google Pay
ORD003323,CUST02043,2026-06-06,Completed,41.58,Google Pay
ORD003324,CUST02182,2026-04-16,Shipped,68.14,Google Pay
ORD003325,CUST04493,2026-06-03,Processing,52.27,Apple Pay
ORD003326,CUST03559,2026-01-18,Completed,82.55,Credit Card
ORD003327,CUST01622,2026-01-04,Shipped,55.65,Debit Card
ORD003328,CUST03659,2026-02-26,Completed,69.43,Debit Card
ORD003329,CUST02695,2026-04-29,Cancelled,233.39,Debit Card
ORD003330,CUST03885,2026-02-22,Completed,66.39,PayPal
ORD003331,CUST04781,2026-04-12,Completed,72.82,Credit Card
ORD003332,CUST03285,2026-01-25,Processing,328.76,Google Pay
ORD003333,CUST02167,2026-06-24,Completed,54.32,Google Pay
ORD003334,CUST03887,2026-06-29,Shipped,168.65,Credit Card
ORD003335,CUST04398,2026-08-09,Cancelled,142.67,Google Pay
ORD003336,CUST04323,2026-06-11,Cancelled,31.29,Google Pay
ORD003337,CUST04452,2026-05-24,Cancelled,66.94,Credit Card
ORD003338,CUST04797,2026-04-04,Completed,94.44,Debit Card
ORD003339,CUST03393,2026-08-03,Completed,116.61,Apple Pay
ORD003340,CUST02271,2026-05-07,Shipped,34.73,Credit Card
ORD003341,CUST03712,2026-05-04,Cancelled,34.66,Google Pay
ORD003342,CUST01587,2026-02-05,Cancelled,112.5,Google Pay
ORD003343,CUST01215,2026-06-05,Cancelled,29.73,Apple Pay
ORD003344,CUST01646,2026-07-12,Cancelled,48.07,Apple Pay
ORD003345,CUST01351,2026-03-13,Shipped,22.24,Apple Pay
ORD003346,CUST03199,2026-02-22,Completed,33.73,Credit Card
ORD003347,CUST00365,2026-06-19,Cancelled,50.86,Debit Card
ORD003348,CUST03940,2026-03-20,Cancelled,54.7,Apple Pay
ORD003349,CUST04615,2026-04-08,Completed,66.68,PayPal
ORD003350,CUST03200,2026-05-27,Completed,55.03,Debit Card
ORD003351,CUST01627,2026-02-13,Completed,113.92,Apple Pay
ORD003352,CUST03202,2026-01-30,Shipped,144.3,Google Pay
ORD003353,CUST01646,2026-03-15,Processing,37.02,Credit Card
ORD003354,CUST00982,2026-06-21,Completed,18.69,Google Pay
ORD003355,CUST02396,2026-04-27,Processing,80.9,Google Pay
ORD003356,CUST02037,2026-06-04,Cancelled,123.35,Credit Card
ORD003357,CUST03553,2026-03-25,Processing,35.05,Debit Card
ORD003358,CUST00922,2026-08-05,Shipped,48.69,Google Pay
ORD003359,CUST03747,2026-03-14,Processing,118.96,Debit Card
ORD003360,CUST03659,2026-02-03,Completed,131.11,Credit Card
ORD003361,CUST03783,2026-05-07,Completed,83.82,Apple Pay
ORD003362,CUST03996,2026-03-26,Shipped,61.95,Google Pay
ORD003363,CUST04457,2026-06-01,Completed,42.97,Google Pay
ORD003364,CUST04278,2026-02-25,Shipped,70.5,Credit Card
ORD003365,CUST01475,2026-01-07,Completed,64.11,Credit Card
ORD003366,CUST04659,2026-07-15,Shipped,96.02,Apple Pay
ORD003367,CUST04410,2026-02-20,Completed,80.04,Credit Card
ORD003368,CUST02069,2026-05-16,Completed,22.93,PayPal
ORD003369,CUST03768,2026-07-03,Cancelled,54.61,PayPal
ORD003370,CUST02853,2026-07-24,Cancelled,150.56,Credit Card
ORD003371,CUST00403,2026-02-27,Processing,11.25,Apple Pay
ORD003372,CUST01148,2026-03-26,Shipped,23.52,PayPal
ORD003373,CUST00613,2026-03-10,Completed,29.88,Google Pay
ORD003374,CUST01877,2026-01-08,Completed,95.98,Apple Pay
ORD003375,CUST01614,2026-07-13,Completed,42.55,Credit Card
ORD003376,CUST03018,2026-06-01,Completed,65.48,PayPal
ORD003377,CUST04789,2026-06-19,Completed,85.28,Apple Pay
ORD003378,CUST01735,2026-02-23,Processing,84.9,Google Pay
ORD003379,CUST03549,2026-05-24,Cancelled,37.97,Credit Card
ORD003380,CUST02920,2026-05-12,Processing,48.38,Debit Card
ORD003381,CUST04936,2026-02-28,Shipped,52.49,PayPal
ORD003382,CUST02151,2026-04-04,Cancelled,192.25,Google Pay
ORD003383,CUST02381,2026-02-15,Cancelled,51.99,Apple Pay
ORD003384,CUST01811,2026-04-04,Completed,92.93,PayPal
ORD003385,CUST03202,2026-04-09,Shipped,99.59,PayPal
ORD003386,CUST00753,2026-01-13,Completed,129.91,Credit Card
ORD003387,CUST02473,2026-02-06,Completed,111.89,Google Pay
ORD003388,CUST01342,2026-07-01,Cancelled,62.77,PayPal
ORD003389,CUST00505,2026-06-26,Shipped,85.27,PayPal
ORD003390,CUST03483,2026-03-16,Completed,345.07,Google Pay
ORD003391,CUST01970,2026-02-27,Cancelled,35.99,Apple Pay
ORD003392,CUST04050,2026-01-19,Processing,42.38,Credit Card
ORD003393,CUST04148,2026-05-26,Completed,26.98,PayPal
ORD003394,CUST03638,2026-07-07,Completed,68.77,Google Pay
ORD003395,CUST02423,2026-05-25,Completed,43.63,Debit Card
ORD003396,CUST04485,2026-05-19,Completed,28.73,Apple Pay
ORD003397,CUST00674,2026-05-23,Processing,60.66,Credit Card
ORD003398,CUST00593,2026-07-19,Processing,23.17,Debit Card
ORD003399,CUST02780,2026-04-18,Shipped,145.52,Apple Pay
ORD003400,CUST03669,2026-08-09,Cancelled,125.01,PayPal
ORD003401,CUST02553,2026-05-25,Completed,207.68,Credit Card
ORD003402,CUST04179,2026-03-31,Completed,387.04,Apple Pay
ORD003403,CUST03139,2026-04-30,Shipped,19.3,Apple Pay
ORD003404,CUST04510,2026-01-05,Processing,53.91,Apple Pay
ORD003405,CUST02501,2026-07-08,Completed,149.11,Apple Pay
ORD003406,CUST02794,2026-05-12,Processing,146.74,Debit Card
ORD003407,CUST04294,2026-02-25,Processing,110.16,Credit Card
ORD003408,CUST01713,2026-08-04,Completed,29.0,PayPal
ORD003409,CUST02346,2026-07-22,Completed,73.42,Credit Card
ORD003410,CUST00300,2026-08-10,Completed,126.67,Debit Card
ORD003411,CUST04225,2026-04-14,Completed,47.41,Credit Card
ORD003412,CUST01907,2026-02-17,Cancelled,35.37,Debit Card
ORD003413,CUST02486,2026-02-17,Processing,49.76,Debit Card
ORD003414,CUST00207,2026-06-12,Processing,40.59,Debit Card
ORD003415,CUST00294,2026-04-19,Completed,73.01,Debit Card
ORD003416,CUST01874,2026-06-10,Cancelled,22.09,Apple Pay
ORD003417,CUST03759,2026-04-10,Completed,190.4,Credit Card
ORD003418,CUST02089,2026-01-21,Processing,40.67,Google Pay
ORD003419,CUST01773,2026-04-12,Cancelled,29.68,Debit Card
ORD003420,CUST02864,2026-01-05,Completed,45.54,Debit Card
ORD003421,CUST04722,2026-07-11,Completed,72.89,Credit Card
ORD003422,CUST04374,2026-07-16,Processing,20.3,Apple Pay
ORD003423,CUST03427,2026-05-29,Shipped,40.4,PayPal
ORD003424,CUST00529,2026-03-30,Shipped,57.74,Debit Card
ORD003425,CUST02134,2026-03-15,Processing,37.65,Apple Pay
ORD003426,CUST01925,2026-05-02,Completed,30.78,Apple Pay
ORD003427,CUST04789,2026-07-30,Processing,117.12,Google Pay
ORD003428,CUST01361,2026-06-09,Processing,115.43,Debit Card
ORD003429,CUST00863,2026-05-26,Processing,114.18,Apple Pay
ORD003430,CUST03217,2026-02-27,Completed,89.7,Google Pay
ORD003431,CUST02363,2026-04-08,Processing,26.25,Apple Pay
ORD003432,CUST04321,2026-03-20,Processing,59.36,Google Pay
ORD003433,CUST03495,2026-06-01,Completed,155.77,Google Pay
ORD003434,CUST01968,2026-01-05,Processing,25.84,Google Pay
ORD003435,CUST00068,2026-05-07,Shipped,30.27,Apple Pay
ORD003436,CUST01643,2026-06-30,Shipped,72.88,PayPal
ORD003437,CUST01021,2026-04-06,Cancelled,102.75,Credit Card
ORD003438,CUST03144,2026-07-20,Processing,97.2,Google Pay
ORD003439,CUST01471,2026-07-02,Completed,75.57,Debit Card
ORD003440,CUST01383,2026-05-13,Processing,29.9,Credit Card
ORD003441,CUST02931,2026-07-16,Processing,85.05,PayPal
ORD003442,CUST01337,2026-05-02,Cancelled,39.11,Credit Card
ORD003443,CUST03167,2026-06-18,Completed,76.6,Credit Card
ORD003444,CUST01243,2026-04-08,Cancelled,55.4,PayPal
ORD003445,CUST01706,2026-05-15,Completed,48.41,Debit Card
ORD003446,CUST03200,2026-03-31,Completed,308.34,Google Pay
ORD003447,CUST02595,2026-05-09,Completed,26.33,Apple Pay
ORD003448,CUST03938,2026-02-21,Completed,36.01,Debit Card
ORD003449,CUST01680,2026-04-08,Completed,127.49,Debit Card
ORD003450,CUST01316,2026-01-26,Processing,204.26,Google Pay
ORD003451,CUST04827,2026-05-01,Shipped,96.4,Debit Card
ORD003452,CUST00568,2026-08-12,Completed,51.45,Debit Card
ORD003453,CUST02705,2026-07-10,Completed,34.7,Credit Card
ORD003454,CUST02452,2026-01-12,Processing,110.36,Credit Card
ORD003455,CUST01749,2026-03-11,Cancelled,60.01,PayPal
ORD003456,CUST04692,2026-03-25,Completed,41.87,PayPal
ORD003457,CUST00648,2026-01-19,Completed,127.62,PayPal
ORD003458,CUST02194,2026-07-27,Cancelled,54.32,Apple Pay
ORD003459,CUST02809,2026-05-12,Completed,24.07,Google Pay
ORD003460,CUST00125,2026-04-06,Completed,65.59,Apple Pay
ORD003461,CUST01538,2026-07-29,Completed,47.36,Apple Pay
ORD003462,CUST04576,2026-01-05,Completed,30.03,PayPal
ORD003463,CUST04808,2026-05-01,Shipped,74.8,Google Pay
ORD003464,CUST01971,2026-05-08,Processing,82.81,Apple Pay
ORD003465,CUST02763,2026-02-23,Completed,10.34,Credit Card
ORD003466,CUST01818,2026-07-17,Cancelled,129.53,Apple Pay
ORD003467,CUST00815,2026-07-04,Processing,121.92,Credit Card
ORD003468,CUST03102,2026-07-25,Completed,55.66,Apple Pay
ORD003469,CUST04152,2026-06-29,Processing,34.7,Google Pay
ORD003470,CUST01655,2026-01-18,Completed,88.13,Credit Card
ORD003471,CUST00132,2026-03-05,Cancelled,60.45,Credit Card
ORD003472,CUST00231,2026-05-18,Completed,41.58,PayPal
ORD003473,CUST00395,2026-01-23,Completed,42.22,Credit Card
ORD003474,CUST03574,2026-04-30,Completed,68.32,Apple Pay
ORD003475,CUST00982,2026-04-25,Completed,152.84,Apple Pay
ORD003476,CUST00933,2026-03-23,Cancelled,24.03,PayPal
ORD003477,CUST01410,2026-07-15,Cancelled,74.99,Debit Card
ORD003478,CUST02956,2026-06-29,Processing,32.42,Credit Card
ORD003479,CUST04629,2026-04-06,Shipped,75.39,Credit Card
ORD003480,CUST04651,2026-06-24,Shipped,90.31,Credit Card
ORD003481,CUST02742,2026-07-17,Shipped,25.43,Apple Pay
ORD003482,CUST02939,2026-01-26,Completed,90.07,Google Pay
ORD003483,CUST03421,2026-07-17,Shipped,72.31,Google Pay
ORD003484,CUST02505,2026-04-09,Cancelled,150.33,Google Pay
ORD003485,CUST03034,2026-06-20,Cancelled,61.28,PayPal
ORD003486,CUST03980,2026-07-16,Processing,73.7,PayPal
ORD003487,CUST03824,2026-07-10,Completed,81.39,Apple Pay
ORD003488,CUST04481,2026-07-25,Completed,162.91,Google Pay
ORD003489,CUST00712,2026-03-07,Shipped,16.91,Debit Card
ORD003490,CUST02977,2026-04-14,Shipped,20.31,Credit Card
ORD003491,CUST01472,2026-07-10,Shipped,56.16,Google Pay
ORD003492,CUST03700,2026-05-21,Completed,77.81,Debit Card
ORD003493,CUST03187,2026-06-28,Processing,18.93,Credit Card
ORD003494,CUST04750,2026-01-05,Shipped,57.74,Credit Card
ORD003495,CUST01143,2026-06-24,Completed,35.6,PayPal
ORD003496,CUST03982,2026-06-13,Completed,24.4,Debit Card
ORD003497,CUST02569,2026-06-13,Completed,53.44,Google Pay
ORD003498,CUST01609,2026-06-27,Processing,99.32,Google Pay
ORD003499,CUST04634,2026-07-03,Cancelled,220.33,Apple Pay
ORD003500,CUST03823,2026-01-19,Completed,265.11,Debit Card
ORD003501,CUST01898,2026-01-20,Completed,144.22,Credit Card
ORD003502,CUST02193,2026-05-30,Cancelled,75.67,PayPal
ORD003503,CUST04073,2026-01-31,Completed,55.94,Apple Pay
ORD003504,CUST01092,2026-04-15,Completed,66.98,PayPal
ORD003505,CUST00700,2026-07-09,Completed,66.93,Credit Card
ORD003506,CUST04093,2026-02-13,Cancelled,132.07,Credit Card
ORD003507,CUST01902,2026-07-15,Cancelled,184.9,PayPal
ORD003508,CUST02179,2026-07-14,Processing,26.7,Apple Pay
ORD003509,CUST00733,2026-04-11,Shipped,49.01,Credit Card
ORD003510,CUST00513,2026-03-30,Cancelled,117.95,Google Pay
ORD003511,CUST02688,2026-02-18,Completed,55.21,Google Pay
ORD003512,CUST04097,2026-02-28,Processing,45.2,Google Pay
ORD003513,CUST03757,2026-05-12,Completed,135.83,Apple Pay
ORD003514,CUST00432,2026-04-27,Shipped,42.27,Apple Pay
ORD003515,CUST04495,2026-06-16,Completed,95.62,Debit Card
ORD003516,CUST00808,2026-05-15,Completed,48.31,Debit Card
ORD003517,CUST01280,2026-07-18,Processing,284.79,Google Pay
ORD003518,CUST02222,2026-06-26,Completed,144.91,PayPal
ORD003519,CUST00855,2026-03-30,Completed,47.89,PayPal
ORD003520,CUST03213,2026-01-15,Completed,73.28,Google Pay
ORD003521,CUST02587,2026-01-07,Processing,90.99,Debit Card
ORD003522,CUST04841,2026-06-24,Completed,45.01,Apple Pay
ORD003523,CUST02769,2026-04-26,Cancelled,48.39,PayPal
ORD003524,CUST04339,2026-07-15,Completed,108.56,Apple Pay
ORD003525,CUST03341,2026-04-08,Cancelled,60.11,Google Pay
ORD003526,CUST03229,2026-04-28,Cancelled,22.56,Apple Pay
ORD003527,CUST01620,2026-06-22,Completed,89.58,PayPal
ORD003528,CUST00276,2026-04-18,Shipped,118.51,Debit Card
ORD003529,CUST04104,2026-04-16,Shipped,48.0,PayPal
ORD003530,CUST03864,2026-05-27,Processing,35.12,Credit Card
ORD003531,CUST00715,2026-02-16,Completed,152.92,Apple Pay
ORD003532,CUST02081,2026-02-22,Shipped,67.22,Apple Pay
ORD003533,CUST00810,2026-06-04,Completed,57.06,Apple Pay
ORD003534,CUST03727,2026-05-13,Completed,56.97,Google Pay
ORD003535,CUST03979,2026-03-01,Shipped,167.11,Google Pay
ORD003536,CUST00862,2026-03-18,Cancelled,72.49,PayPal
ORD003537,CUST00037,2026-03-03,Cancelled,82.27,Debit Card
ORD003538,CUST03812,2026-02-28,Shipped,54.09,Credit Card
ORD003539,CUST02082,2026-07-08,Processing,60.98,Debit Card
ORD003540,CUST00455,2026-02-25,Cancelled,48.34,Debit Card
ORD003541,CUST04540,2026-03-19,Processing,85.0,Credit Card
ORD003542,CUST03309,2026-08-10,Completed,27.73,Google Pay
ORD003543,CUST04308,2026-02-16,Completed,71.07,Apple Pay
ORD003544,CUST03212,2026-06-25,Completed,46.7,Google Pay
ORD003545,CUST02656,2026-05-18,Completed,42.12,Apple Pay
ORD003546,CUST00982,2026-06-09,Processing,82.46,Apple Pay
ORD003547,CUST04392,2026-07-12,Cancelled,60.37,Google Pay
ORD003548,CUST00152,2026-01-24,Completed,30.11,Debit Card
ORD003549,CUST03295,2026-01-29,Processing,32.48,Apple Pay
ORD003550,CUST00600,2026-05-15,Completed,69.45,Google Pay
ORD003551,CUST01323,2026-04-05,Completed,34.89,Debit Card
ORD003552,CUST01512,2026-05-25,Processing,18.92,Credit Card
ORD003553,CUST02259,2026-04-04,Completed,107.41,Apple Pay
ORD003554,CUST00232,2026-01-25,Completed,25.37,Debit Card
ORD003555,CUST02743,2026-08-08,Shipped,47.02,Apple Pay
ORD003556,CUST04463,2026-02-05,Shipped,31.77,Debit Card
ORD003557,CUST04577,2026-07-08,Completed,31.19,Credit Card
ORD003558,CUST00572,2026-03-12,Shipped,76.56,Apple Pay
ORD003559,CUST01203,2026-06-12,Completed,38.13,Google Pay
ORD003560,CUST01508,2026-04-30,Completed,51.61,Debit Card
ORD003561,CUST01613,2026-07-31,Completed,16.98,Credit Card
ORD003562,CUST03567,2026-07-25,Completed,205.37,Apple Pay
ORD003563,CUST04041,2026-02-19,Completed,77.53,Credit Card
ORD003564,CUST01571,2026-07-03,Completed,160.36,Credit Card
ORD003565,CUST01040,2026-08-10,Completed,147.57,Apple Pay
ORD003566,CUST01426,2026-05-08,Cancelled,138.56,Apple Pay
ORD003567,CUST04082,2026-07-12,Processing,50.74,Debit Card
ORD003568,CUST00171,2026-02-10,Completed,62.31,Google Pay
ORD003569,CUST00189,2026-01-25,Completed,30.04,Credit Card
ORD003570,CUST04882,2026-06-11,Processing,64.17,Apple Pay
ORD003571,CUST04679,2026-05-16,Completed,25.25,Credit Card
ORD003572,CUST00600,2026-02-25,Completed,162.2,Debit Card
ORD003573,CUST04942,2026-03-25,Completed,113.04,Debit Card
ORD003574,CUST04018,2026-06-07,Shipped,93.32,Debit Card
ORD003575,CUST03333,2026-03-09,Completed,40.73,Google Pay
ORD003576,CUST03577,2026-01-21,Shipped,136.68,PayPal
ORD003577,CUST02390,2026-04-01,Shipped,19.95,PayPal
ORD003578,CUST00954,2026-01-10,Cancelled,56.04,PayPal
ORD003579,CUST01626,2026-03-28,Completed,67.17,Google Pay
ORD003580,CUST01871,2026-02-02,Shipped,188.74,Google Pay
ORD003581,CUST04262,2026-07-22,Cancelled,24.36,Credit Card
ORD003582,CUST02025,2026-04-15,Completed,155.88,Credit Card
ORD003583,CUST04330,2026-03-24,Shipped,135.68,Debit Card
ORD003584,CUST00641,2026-07-22,Completed,140.9,Google Pay
ORD003585,CUST01828,2026-01-04,Completed,40.39,PayPal
ORD003586,CUST04703,2026-01-23,Cancelled,82.66,PayPal
ORD003587,CUST00540,2026-07-16,Completed,113.51,Credit Card
ORD003588,CUST02366,2026-02-22,Completed,74.14,Debit Card
ORD003589,CUST04439,2026-04-23,Completed,77.46,Debit Card
ORD003590,CUST03502,2026-05-13,Completed,84.8,Apple Pay
ORD003591,CUST03948,2026-01-18,Completed,38.62,Google Pay
ORD003592,CUST03027,2026-01-17,Completed,38.2,PayPal
ORD003593,CUST04733,2026-07-05,Cancelled,103.9,PayPal
ORD003594,CUST03538,2026-07-14,Completed,39.59,Credit Card
ORD003595,CUST04175,2026-04-17,Cancelled,76.11,Credit Card
ORD003596,CUST02497,2026-04-23,Cancelled,24.6,Google Pay
ORD003597,CUST04287,2026-05-02,Processing,51.96,Credit Card
ORD003598,CUST04740,2026-07-19,Processing,173.2,Credit Card
ORD003599,CUST02090,2026-07-03,Completed,70.25,PayPal
ORD003600,CUST03322,2026-06-17,Cancelled,139.01,Google Pay
ORD003601,CUST03582,2026-03-28,Completed,195.92,PayPal
ORD003602,CUST02550,2026-08-03,Shipped,113.72,PayPal
ORD003603,CUST01217,2026-01-02,Shipped,82.02,Credit Card
ORD003604,CUST04886,2026-05-01,Processing,56.19,PayPal
ORD003605,CUST03979,2026-04-13,Completed,51.98,Google Pay
ORD003606,CUST00742,2026-05-29,Completed,48.2,Credit Card
ORD003607,CUST04186,2026-06-29,Shipped,130.44,Google Pay
ORD003608,CUST01715,2026-06-01,Cancelled,70.3,Debit Card
ORD003609,CUST04045,2026-02-22,Cancelled,110.0,Google Pay
ORD003610,CUST00648,2026-06-15,Shipped,191.36,Google Pay
ORD003611,CUST02798,2026-05-28,Completed,233.52,Apple Pay
ORD003612,CUST00819,2026-02-19,Shipped,98.48,Google Pay
ORD003613,CUST00243,2026-06-16,Processing,98.17,PayPal
ORD003614,CUST04315,2026-03-01,Completed,52.46,PayPal
ORD003615,CUST04105,2026-04-24,Completed,116.65,Credit Card
ORD003616,CUST04526,2026-08-07,Cancelled,33.34,Debit Card
ORD003617,CUST03878,2026-04-18,Shipped,64.72,Credit Card
ORD003618,CUST00013,2026-02-08,Completed,29.62,Google Pay
ORD003619,CUST03018,2026-03-12,Processing,24.44,Google Pay
ORD003620,CUST00690,2026-05-08,Cancelled,75.61,PayPal
ORD003621,CUST03139,2026-02-02,Shipped,30.44,Google Pay
ORD003622,CUST03741,2026-06-06,Processing,41.46,Google Pay
ORD003623,CUST00677,2026-03-15,Completed,81.88,PayPal
ORD003624,CUST03575,2026-01-10,Cancelled,117.94,Debit Card
ORD003625,CUST04304,2026-07-23,Processing,240.14,Google Pay
ORD003626,CUST01324,2026-07-14,Cancelled,16.09,Apple Pay
ORD003627,CUST02866,2026-05-11,Processing,33.05,Debit Card
ORD003628,CUST01003,2026-07-24,Processing,16.16,Debit Card
ORD003629,CUST02503,2026-04-19,Cancelled,24.84,PayPal
ORD003630,CUST01766,2026-06-08,Completed,87.12,Credit Card
ORD003631,CUST01554,2026-01-27,Completed,59.12,Google Pay
ORD003632,CUST02292,2026-07-17,Cancelled,19.66,Google Pay
ORD003633,CUST01986,2026-01-27,Completed,76.11,Credit Card
ORD003634,CUST04867,2026-04-21,Completed,178.17,Google Pay
ORD003635,CUST00238,2026-01-09,Shipped,28.89,Apple Pay
ORD003636,CUST03318,2026-01-06,Cancelled,81.06,Credit Card
ORD003637,CUST02393,2026-05-14,Completed,184.68,PayPal
ORD003638,CUST03556,2026-01-26,Cancelled,32.53,Credit Card
ORD003639,CUST01585,2026-02-12,Cancelled,56.92,Debit Card
ORD003640,CUST01308,2026-01-19,Cancelled,21.55,PayPal
ORD003641,CUST02086,2026-01-16,Processing,155.63,Debit Card
ORD003642,CUST01820,2026-04-15,Completed,80.82,PayPal
ORD003643,CUST00032,2026-01-23,Completed,39.41,Credit Card
ORD003644,CUST00292,2026-07-22,Completed,52.98,Debit Card
ORD003645,CUST03687,2026-07-27,Cancelled,116.26,PayPal
ORD003646,CUST04388,2026-06-06,Completed,19.7,Google Pay
ORD003647,CUST01643,2026-06-15,Cancelled,34.02,Debit Card
ORD003648,CUST00578,2026-02-28,Processing,70.42,Apple Pay
ORD003649,CUST03910,2026-02-17,Processing,112.68,PayPal
ORD003650,CUST01224,2026-05-28,Cancelled,83.04,Google Pay
ORD003651,CUST04077,2026-01-21,Completed,21.92,Google Pay
ORD003652,CUST02653,2026-06-05,Processing,121.39,Credit Card
ORD003653,CUST00447,2026-06-27,Shipped,137.86,Credit Card
ORD003654,CUST03420,2026-02-02,Completed,121.94,Debit Card
ORD003655,CUST04374,2026-04-24,Completed,61.2,Debit Card
ORD003656,CUST03042,2026-02-09,Processing,40.51,Apple Pay
ORD003657,CUST02580,2026-08-06,Completed,165.84,Google Pay
ORD003658,CUST01423,2026-07-01,Cancelled,43.49,PayPal
ORD003659,CUST02610,2026-01-10,Shipped,66.33,Apple Pay
ORD003660,CUST03082,2026-06-11,Shipped,115.36,Apple Pay
ORD003661,CUST00059,2026-03-14,Cancelled,146.73,Apple Pay
ORD003662,CUST03160,2026-02-05,Shipped,36.44,PayPal
ORD003663,CUST00459,2026-03-16,Completed,150.14,Apple Pay
ORD003664,CUST00104,2026-07-21,Processing,41.27,Credit Card
ORD003665,CUST04927,2026-05-15,Shipped,105.8,Credit Card
ORD003666,CUST00789,2026-04-25,Processing,95.89,Credit Card
ORD003667,CUST00742,2026-01-16,Completed,63.37,Apple Pay
ORD003668,CUST03407,2026-06-28,Completed,23.19,Apple Pay
ORD003669,CUST01573,2026-08-06,Cancelled,29.79,Google Pay
ORD003670,CUST02702,2026-08-12,Completed,120.96,Debit Card
ORD003671,CUST04651,2026-07-08,Completed,83.35,Google Pay
ORD003672,CUST04724,2026-06-08,Completed,89.21,Credit Card
ORD003673,CUST03413,2026-06-09,Processing,49.64,Debit Card
ORD003674,CUST02977,2026-02-14,Completed,46.39,Google Pay
ORD003675,CUST02135,2026-07-23,Completed,83.87,PayPal
ORD003676,CUST00428,2026-01-27,Processing,48.02,PayPal
ORD003677,CUST01945,2026-01-22,Completed,83.12,PayPal
ORD003678,CUST01272,2026-05-23,Shipped,26.53,Credit Card
ORD003679,CUST04980,2026-01-08,Completed,64.13,Debit Card
ORD003680,CUST04582,2026-07-15,Completed,36.43,Credit Card
ORD003681,CUST04700,2026-04-26,Completed,70.85,PayPal
ORD003682,CUST00412,2026-05-16,Completed,28.13,Apple Pay
ORD003683,CUST01932,2026-03-28,Completed,149.88,Credit Card
ORD003684,CUST02496,2026-04-27,Cancelled,19.33,Debit Card
ORD003685,CUST00247,2026-01-16,Completed,126.13,Credit Card
ORD003686,CUST02818,2026-06-25,Cancelled,48.44,Debit Card
ORD003687,CUST02172,2026-06-11,Completed,93.32,Apple Pay
ORD003688,CUST03332,2026-08-02,Completed,83.52,Google Pay
ORD003689,CUST02925,2026-04-23,Shipped,41.92,Debit Card
ORD003690,CUST02061,2026-08-03,Completed,45.23,Debit Card
ORD003691,CUST03335,2026-02-26,Shipped,125.78,PayPal
ORD003692,CUST04896,2026-05-13,Cancelled,67.56,PayPal
ORD003693,CUST00945,2026-02-13,Completed,49.85,Apple Pay
ORD003694,CUST02248,2026-03-12,Processing,45.63,Credit Card
ORD003695,CUST01263,2026-02-06,Completed,51.25,Google Pay
ORD003696,CUST00176,2026-08-06,Completed,192.37,Google Pay
ORD003697,CUST01053,2026-05-04,Completed,172.97,Apple Pay
ORD003698,CUST02725,2026-01-28,Shipped,197.84,Google Pay
ORD003699,CUST02583,2026-03-09,Completed,191.6,Credit Card
ORD003700,CUST01318,2026-04-23,Cancelled,36.88,PayPal
ORD003701,CUST04573,2026-08-12,Cancelled,63.4,Apple Pay
ORD003702,CUST03368,2026-06-15,Cancelled,39.72,Google Pay
ORD003703,CUST01675,2026-02-15,Shipped,112.9,Apple Pay
ORD003704,CUST00334,2026-07-20,Completed,54.02,Apple Pay
ORD003705,CUST01265,2026-04-10,Completed,44.83,Debit Card
ORD003706,CUST03178,2026-01-26,Completed,45.84,Debit Card
ORD003707,CUST02946,2026-03-16,Completed,36.03,Apple Pay
ORD003708,CUST04781,2026-07-31,Completed,98.98,Debit Card
ORD003709,CUST04657,2026-06-30,Processing,87.65,Google Pay
ORD003710,CUST04219,2026-07-10,Cancelled,36.83,Apple Pay
ORD003711,CUST02666,2026-04-22,Processing,114.04,Debit Card
ORD003712,CUST04936,2026-03-04,Completed,75.99,Google Pay
ORD003713,CUST00416,2026-04-22,Completed,30.88,PayPal
ORD003714,CUST00708,2026-06-15,Completed,29.06,PayPal
ORD003715,CUST02685,2026-05-23,Shipped,31.7,Apple Pay
ORD003716,CUST03367,2026-04-09,Completed,114.69,Credit Card
ORD003717,CUST03504,2026-01-09,Cancelled,170.14,Google Pay
ORD003718,CUST04443,2026-08-13,Completed,8.7,Apple Pay
ORD003719,CUST02560,2026-03-16,Completed,26.17,Debit Card
ORD003720,CUST04945,2026-01-22,Completed,149.66,PayPal
ORD003721,CUST03972,2026-07-17,Completed,49.37,Debit Card
ORD003722,CUST04631,2026-07-03,Processing,126.03,Google Pay
ORD003723,CUST02958,2026-02-06,Completed,63.86,Apple Pay
ORD003724,CUST01730,2026-02-26,Completed,75.12,PayPal
ORD003725,CUST01902,2026-07-07,Shipped,130.15,Google Pay
ORD003726,CUST04760,2026-04-24,Completed,59.21,PayPal
ORD003727,CUST01042,2026-08-01,Completed,33.43,PayPal
ORD003728,CUST00027,2026-05-20,Processing,90.19,Apple Pay
ORD003729,CUST02584,2026-05-15,Cancelled,45.47,Apple Pay
ORD003730,CUST01053,2026-07-13,Cancelled,297.16,Credit Card
ORD003731,CUST01675,2026-04-13,Completed,54.12,Credit Card
ORD003732,CUST03056,2026-02-10,Completed,87.34,Credit Card
ORD003733,CUST01659,2026-06-01,Processing,115.26,Credit Card
ORD003734,CUST04736,2026-08-06,Processing,140.7,Debit Card
ORD003735,CUST03952,2026-06-02,Completed,137.47,Credit Card
ORD003736,CUST03189,2026-07-09,Completed,137.4,Debit Card
ORD003737,CUST01742,2026-07-31,Processing,56.45,PayPal
ORD003738,CUST04088,2026-04-15,Cancelled,105.26,Debit Card
ORD003739,CUST04138,2026-04-16,Shipped,16.15,PayPal
ORD003740,CUST03232,2026-02-13,Shipped,95.09,Credit Card
ORD003741,CUST01715,2026-05-10,Processing,98.46,Debit Card
ORD003742,CUST03197,2026-06-19,Completed,108.84,PayPal
ORD003743,CUST03332,2026-06-10,Shipped,112.42,Credit Card
ORD003744,CUST03348,2026-05-25,Completed,113.49,PayPal
ORD003745,CUST01987,2026-05-02,Completed,47.7,Apple Pay
ORD003746,CUST03545,2026-07-10,Completed,50.87,PayPal
ORD003747,CUST00702,2026-05-30,Completed,98.58,Credit Card
ORD003748,CUST01455,2026-01-01,Processing,17.59,Google Pay
ORD003749,CUST03787,2026-04-04,Completed,21.76,Apple Pay
ORD003750,CUST02472,2026-07-17,Cancelled,40.1,Debit Card
ORD003751,CUST04261,2026-07-01,Completed,45.41,Apple Pay
ORD003752,CUST03045,2026-01-14,Cancelled,74.45,Credit Card
ORD003753,CUST03884,2026-04-10,Shipped,262.49,PayPal
ORD003754,CUST02941,2026-08-13,Processing,44.17,Google Pay
ORD003755,CUST01821,2026-04-12,Completed,83.76,Credit Card
ORD003756,CUST02803,2026-02-22,Completed,19.42,PayPal
ORD003757,CUST03796,2026-01-06,Processing,44.38,Credit Card
ORD003758,CUST02464,2026-03-31,Completed,99.29,Google Pay
ORD003759,CUST03372,2026-03-05,Shipped,46.42,PayPal
ORD003760,CUST00336,2026-03-29,Processing,39.66,Google Pay
ORD003761,CUST01925,2026-02-02,Completed,14.19,PayPal
ORD003762,CUST04977,2026-03-13,Shipped,35.64,Apple Pay
ORD003763,CUST03861,2026-02-13,Completed,133.85,Credit Card
ORD003764,CUST02789,2026-04-17,Processing,44.73,Debit Card
ORD003765,CUST04126,2026-02-03,Cancelled,64.37,Debit Card
ORD003766,CUST03607,2026-06-11,Completed,35.89,Credit Card
ORD003767,CUST01541,2026-06-01,Cancelled,49.11,Debit Card
ORD003768,CUST00575,2026-01-02,Processing,139.69,Google Pay
ORD003769,CUST00221,2026-05-16,Completed,44.29,Debit Card
ORD003770,CUST04923,2026-04-27,Cancelled,36.21,Credit Card
ORD003771,CUST02014,2026-06-02,Cancelled,142.2,Apple Pay
ORD003772,CUST02642,2026-05-01,Cancelled,59.13,Credit Card
ORD003773,CUST00754,2026-08-10,Processing,48.92,Credit Card
ORD003774,CUST01021,2026-02-01,Completed,68.4,PayPal
ORD003775,CUST01489,2026-02-25,Cancelled,127.04,Debit Card
ORD003776,CUST01962,2026-04-04,Shipped,66.17,Debit Card
ORD003777,CUST03484,2026-01-07,Shipped,37.16,PayPal
ORD003778,CUST00438,2026-06-25,Completed,65.75,Google Pay
ORD003779,CUST00479,2026-03-29,Completed,20.16,Google Pay
ORD003780,CUST00783,2026-07-01,Completed,31.83,PayPal
ORD003781,CUST04168,2026-07-10,Shipped,76.31,Debit Card
ORD003782,CUST04678,2026-07-20,Cancelled,61.62,Google Pay
ORD003783,CUST00220,2026-07-27,Completed,79.66,Google Pay
ORD003784,CUST01028,2026-05-10,Processing,81.56,Apple Pay
ORD003785,CUST00290,2026-02-04,Completed,107.44,Google Pay
ORD003786,CUST00380,2026-04-08,Completed,65.2,Debit Card
ORD003787,CUST03974,2026-01-22,Cancelled,122.6,Apple Pay
ORD003788,CUST02852,2026-07-30,Processing,83.25,Apple Pay
ORD003789,CUST01379,2026-07-11,Shipped,86.55,Debit Card
ORD003790,CUST01959,2026-02-28,Completed,33.64,PayPal
ORD003791,CUST02128,2026-06-26,Completed,36.55,Credit Card
ORD003792,CUST00066,2026-02-21,Processing,41.78,Google Pay
ORD003793,CUST02184,2026-05-29,Shipped,228.49,PayPal
ORD003794,CUST04495,2026-05-20,Shipped,157.4,Credit Card
ORD003795,CUST03775,2026-01-11,Processing,32.48,Debit Card
ORD003796,CUST04443,2026-07-01,Completed,59.49,Google Pay
ORD003797,CUST03920,2026-07-30,Completed,34.51,PayPal
ORD003798,CUST00778,2026-05-02,Processing,35.19,Credit Card
ORD003799,CUST02567,2026-07-17,Processing,122.31,Debit Card
ORD003800,CUST01904,2026-01-14,Processing,21.59,Apple Pay
ORD003801,CUST02762,2026-02-02,Shipped,83.95,Apple Pay
ORD003802,CUST03852,2026-04-12,Cancelled,57.76,Apple Pay
ORD003803,CUST00079,2026-03-18,Cancelled,121.25,Debit Card
ORD003804,CUST01582,2026-01-26,Completed,69.07,Credit Card
ORD003805,CUST02163,2026-05-22,Shipped,171.99,Debit Card
ORD003806,CUST00986,2026-08-04,Shipped,61.97,Apple Pay
ORD003807,CUST01486,2026-06-25,Completed,117.62,Debit Card
ORD003808,CUST02621,2026-03-06,Processing,70.31,Google Pay
ORD003809,CUST00965,2026-02-15,Shipped,63.55,Credit Card
ORD003810,CUST02548,2026-05-07,Shipped,141.33,Google Pay
ORD003811,CUST00829,2026-07-02,Processing,63.83,Apple Pay
ORD003812,CUST03174,2026-04-04,Cancelled,68.11,Credit Card
ORD003813,CUST02674,2026-03-15,Completed,37.06,Google Pay
ORD003814,CUST01719,2026-05-08,Completed,61.97,Debit Card
ORD003815,CUST02433,2026-03-15,Completed,9.24,PayPal
ORD003816,CUST01229,2026-08-08,Cancelled,44.48,Debit Card
ORD003817,CUST02411,2026-07-15,Shipped,76.13,Apple Pay
ORD003818,CUST03779,2026-07-25,Completed,54.48,PayPal
ORD003819,CUST01841,2026-05-20,Completed,51.82,Credit Card
ORD003820,CUST00498,2026-07-01,Cancelled,89.85,PayPal
ORD003821,CUST00537,2026-07-11,Cancelled,180.8,Credit Card
ORD003822,CUST03306,2026-04-12,Processing,45.61,Google Pay
ORD003823,CUST01165,2026-02-16,Completed,110.58,Google Pay
ORD003824,CUST01972,2026-06-14,Processing,59.53,Google Pay
ORD003825,CUST03528,2026-07-21,Cancelled,87.11,Google Pay
ORD003826,CUST00300,2026-06-18,Cancelled,246.3,Google Pay
ORD003827,CUST02387,2026-01-27,Cancelled,115.74,PayPal
ORD003828,CUST04399,2026-06-19,Completed,145.44,Credit Card
ORD003829,CUST03964,2026-07-23,Cancelled,45.46,Google Pay
ORD003830,CUST04688,2026-03-27,Completed,56.72,Google Pay
ORD003831,CUST04172,2026-03-09,Completed,28.37,Credit Card
ORD003832,CUST03860,2026-06-06,Completed,39.45,PayPal
ORD003833,CUST00914,2026-06-13,Completed,69.53,Google Pay
ORD003834,CUST04876,2026-04-19,Shipped,37.11,PayPal
ORD003835,CUST03696,2026-02-26,Completed,71.03,Google Pay
ORD003836,CUST00921,2026-07-25,Completed,43.87,PayPal
ORD003837,CUST01524,2026-05-20,Completed,66.84,Apple Pay
ORD003838,CUST01750,2026-06-22,Completed,96.53,Google Pay
ORD003839,CUST03618,2026-05-28,Shipped,91.39,Google Pay
ORD003840,CUST02701,2026-02-14,Cancelled,80.87,Debit Card
ORD003841,CUST01006,2026-01-23,Completed,152.62,Debit Card
ORD003842,CUST01702,2026-07-09,Completed,16.46,PayPal
ORD003843,CUST03303,2026-08-02,Shipped,59.09,Debit Card
ORD003844,CUST00804,2026-02-03,Shipped,104.01,PayPal
ORD003845,CUST03367,2026-01-21,Completed,14.36,Google Pay
ORD003846,CUST02893,2026-06-28,Processing,202.29,Google Pay
ORD003847,CUST03499,2026-05-17,Completed,48.88,Apple Pay
ORD003848,CUST04968,2026-07-21,Cancelled,37.58,Apple Pay
ORD003849,CUST03163,2026-04-23,Shipped,103.27,Debit Card
ORD003850,CUST00115,2026-01-10,Completed,35.1,Google Pay
ORD003851,CUST03330,2026-02-21,Completed,155.23,PayPal
ORD003852,CUST04469,2026-02-14,Completed,61.21,Debit Card
ORD003853,CUST04946,2026-06-29,Completed,162.84,Apple Pay
ORD003854,CUST02138,2026-01-30,Processing,142.92,Credit Card
ORD003855,CUST04853,2026-07-11,Processing,65.72,PayPal
ORD003856,CUST00031,2026-08-13,Processing,37.47,Credit Card
ORD003857,CUST01806,2026-05-10,Processing,203.73,Debit Card
ORD003858,CUST03570,2026-06-26,Completed,20.88,Debit Card
ORD003859,CUST01437,2026-04-06,Shipped,47.59,Credit Card
ORD003860,CUST04786,2026-06-22,Cancelled,110.75,Debit Card
ORD003861,CUST03429,2026-01-17,Cancelled,21.62,Debit Card
ORD003862,CUST00457,2026-01-28,Processing,25.66,Google Pay
ORD003863,CUST00449,2026-05-06,Completed,53.11,PayPal
ORD003864,CUST00068,2026-02-14,Cancelled,73.27,Apple Pay
ORD003865,CUST04090,2026-01-17,Processing,16.1,Google Pay
ORD003866,CUST01863,2026-07-06,Completed,133.32,Debit Card
ORD003867,CUST01803,2026-05-22,Completed,54.25,Apple Pay
ORD003868,CUST04970,2026-04-26,Completed,99.02,Debit Card
ORD003869,CUST04563,2026-05-18,Processing,35.78,PayPal
ORD003870,CUST03432,2026-08-14,Completed,46.15,Debit Card
ORD003871,CUST00128,2026-07-25,Completed,74.58,Credit Card
ORD003872,CUST04829,2026-03-22,Processing,67.36,Credit Card
ORD003873,CUST03826,2026-08-02,Completed,96.71,Credit Card
ORD003874,CUST01268,2026-01-18,Completed,100.11,Credit Card
ORD003875,CUST04011,2026-02-04,Shipped,26.81,Apple Pay
ORD003876,CUST01043,2026-06-25,Completed,68.92,Credit Card
ORD003877,CUST03739,2026-02-27,Processing,53.72,Debit Card
ORD003878,CUST00368,2026-04-25,Completed,79.61,Google Pay
ORD003879,CUST02605,2026-01-18,Completed,48.24,Debit Card
ORD003880,CUST02641,2026-06-29,Completed,62.6,Debit Card
ORD003881,CUST04908,2026-06-07,Completed,235.9,Debit Card
ORD003882,CUST00059,2026-02-06,Cancelled,26.41,Debit Card
ORD003883,CUST04257,2026-02-09,Completed,44.05,Google Pay
ORD003884,CUST00103,2026-01-06,Processing,11.75,Credit Card
ORD003885,CUST04942,2026-03-20,Completed,41.4,PayPal
ORD003886,CUST04508,2026-06-12,Shipped,27.81,Apple Pay
ORD003887,CUST00786,2026-06-03,Cancelled,235.84,Google Pay
ORD003888,CUST04279,2026-04-15,Completed,48.0,Google Pay
ORD003889,CUST03946,2026-04-01,Processing,45.46,Google Pay
ORD003890,CUST02447,2026-06-07,Processing,94.96,Apple Pay
ORD003891,CUST00957,2026-03-16,Cancelled,28.5,Debit Card
ORD003892,CUST02703,2026-04-26,Completed,103.35,Apple Pay
ORD003893,CUST00437,2026-06-01,Completed,100.93,Google Pay
ORD003894,CUST02366,2026-05-02,Completed,180.88,Debit Card
ORD003895,CUST04702,2026-02-24,Completed,88.52,Google Pay
ORD003896,CUST00497,2026-07-25,Completed,16.65,PayPal
ORD003897,CUST01367,2026-08-03,Shipped,133.93,Credit Card
ORD003898,CUST02866,2026-01-09,Completed,557.94,Credit Card
ORD003899,CUST01852,2026-04-16,Completed,59.14,Google Pay
ORD003900,CUST01023,2026-03-03,Processing,60.38,Debit Card
ORD003901,CUST03131,2026-04-21,Cancelled,42.86,PayPal
ORD003902,CUST02845,2026-05-26,Shipped,19.21,PayPal
ORD003903,CUST01490,2026-02-20,Cancelled,78.01,Debit Card
ORD003904,CUST02335,2026-04-13,Cancelled,41.09,Debit Card
ORD003905,CUST04433,2026-01-19,Completed,76.21,PayPal
ORD003906,CUST03390,2026-03-10,Completed,77.86,Credit Card
ORD003907,CUST00203,2026-04-27,Completed,228.0,Credit Card
ORD003908,CUST00231,2026-03-23,Completed,45.54,PayPal
ORD003909,CUST03635,2026-05-03,Completed,25.29,Apple Pay
ORD003910,CUST03129,2026-02-02,Cancelled,73.62,PayPal
ORD003911,CUST02692,2026-04-18,Shipped,56.34,Google Pay
ORD003912,CUST03492,2026-06-15,Cancelled,223.62,Apple Pay
ORD003913,CUST02963,2026-01-13,Shipped,108.06,Debit Card
ORD003914,CUST02328,2026-06-26,Completed,55.0,PayPal
ORD003915,CUST04905,2026-03-14,Processing,123.32,PayPal
ORD003916,CUST04562,2026-03-31,Cancelled,131.71,Apple Pay
ORD003917,CUST02785,2026-06-30,Shipped,31.22,PayPal
ORD003918,CUST00804,2026-05-09,Completed,82.71,Google Pay
ORD003919,CUST04362,2026-01-12,Processing,285.31,Credit Card
ORD003920,CUST03724,2026-06-01,Completed,21.32,PayPal
ORD003921,CUST02902,2026-05-09,Shipped,35.65,Credit Card
ORD003922,CUST00176,2026-03-09,Shipped,52.35,Debit Card
ORD003923,CUST01445,2026-05-15,Cancelled,86.61,Debit Card
ORD003924,CUST04004,2026-04-26,Cancelled,75.82,PayPal
ORD003925,CUST03533,2026-04-02,Completed,69.81,Debit Card
ORD003926,CUST04350,2026-07-16,Shipped,52.5,PayPal
ORD003927,CUST01544,2026-02-08,Completed,75.13,Credit Card
ORD003928,CUST04999,2026-02-01,Shipped,162.52,Apple Pay
ORD003929,CUST02155,2026-06-26,Completed,199.7,PayPal
ORD003930,CUST02106,2026-06-08,Shipped,128.87,Apple Pay
ORD003931,CUST03414,2026-04-18,Completed,141.15,Credit Card
ORD003932,CUST03362,2026-03-20,Cancelled,64.14,Credit Card
ORD003933,CUST04180,2026-01-03,Completed,376.87,Apple Pay
ORD003934,CUST01141,2026-04-20,Completed,22.01,PayPal
ORD003935,CUST04808,2026-06-24,Completed,72.11,Apple Pay
ORD003936,CUST01762,2026-04-21,Completed,102.5,PayPal
ORD003937,CUST01941,2026-01-15,Cancelled,63.56,PayPal
ORD003938,CUST01807,2026-02-20,Completed,131.62,Apple Pay
ORD003939,CUST04997,2026-04-17,Cancelled,54.08,Credit Card
ORD003940,CUST03174,2026-07-29,Completed,148.92,Google Pay
ORD003941,CUST00657,2026-08-01,Completed,65.92,Debit Card
ORD003942,CUST02504,2026-07-21,Completed,46.23,Google Pay
ORD003943,CUST00659,2026-01-21,Cancelled,42.36,Credit Card
ORD003944,CUST02839,2026-08-06,Cancelled,73.91,Debit Card
ORD003945,CUST04947,2026-02-10,Completed,39.9,Apple Pay
ORD003946,CUST04237,2026-04-30,Cancelled,8.17,Google Pay
ORD003947,CUST02454,2026-01-03,Shipped,16.22,PayPal
ORD003948,CUST01055,2026-05-09,Completed,42.79,Credit Card
ORD003949,CUST03042,2026-05-29,Processing,47.48,Credit Card
ORD003950,CUST04004,2026-07-22,Completed,145.3,Credit Card
ORD003951,CUST02339,2026-03-21,Shipped,77.3,Google Pay
ORD003952,CUST00111,2026-04-09,Completed,66.39,PayPal
ORD003953,CUST01719,2026-05-29,Processing,36.07,Google Pay
ORD003954,CUST04292,2026-04-15,Cancelled,446.33,PayPal
ORD003955,CUST00126,2026-07-22,Completed,61.09,Debit Card
ORD003956,CUST00262,2026-04-05,Shipped,116.79,Apple Pay
ORD003957,CUST02935,2026-06-26,Processing,61.45,Credit Card
ORD003958,CUST02203,2026-03-06,Completed,91.11,PayPal
ORD003959,CUST01605,2026-02-10,Completed,22.31,Google Pay
ORD003960,CUST04204,2026-08-12,Processing,79.41,Google Pay
ORD003961,CUST02083,2026-03-08,Shipped,64.74,Credit Card
ORD003962,CUST03943,2026-05-04,Cancelled,65.46,Credit Card
ORD003963,CUST00655,2026-08-12,Processing,129.92,Credit Card
ORD003964,CUST02464,2026-02-11,Completed,19.89,Debit Card
ORD003965,CUST00285,2026-03-10,Completed,43.43,Apple Pay
ORD003966,CUST02566,2026-07-04,Completed,14.2,PayPal
ORD003967,CUST03802,2026-06-20,Cancelled,50.2,Credit Card
ORD003968,CUST00027,2026-04-11,Processing,130.16,PayPal
ORD003969,CUST02275,2026-05-20,Processing,120.65,Google Pay
ORD003970,CUST03868,2026-07-25,Completed,51.75,Apple Pay
ORD003971,CUST03973,2026-03-05,Completed,69.81,Apple Pay
ORD003972,CUST01592,2026-04-18,Processing,46.73,PayPal
ORD003973,CUST03382,2026-02-20,Completed,62.27,Google Pay
ORD003974,CUST04944,2026-03-14,Completed,131.41,Google Pay
ORD003975,CUST01129,2026-03-01,Completed,200.34,Debit Card
ORD003976,CUST04114,2026-07-18,Completed,99.81,Credit Card
ORD003977,CUST02137,2026-03-21,Shipped,57.59,Google Pay
ORD003978,CUST00157,2026-06-05,Completed,205.83,Credit Card
ORD003979,CUST01290,2026-05-04,Completed,90.98,Credit Card
ORD003980,CUST02182,2026-07-18,Shipped,50.06,PayPal
ORD003981,CUST02512,2026-01-14,Processing,54.9,Credit Card
ORD003982,CUST01772,2026-06-09,Completed,44.8,PayPal
ORD003983,CUST01156,2026-01-08,Completed,101.41,Apple Pay
ORD003984,CUST02789,2026-01-27,Completed,75.27,Google Pay
ORD003985,CUST02977,2026-02-19,Shipped,70.2,PayPal
ORD003986,CUST03500,2026-07-06,Completed,40.24,Debit Card
ORD003987,CUST02914,2026-02-26,Shipped,241.13,PayPal
ORD003988,CUST00204,2026-01-03,Cancelled,54.82,Credit Card
ORD003989,CUST01823,2026-06-04,Processing,135.35,Debit Card
ORD003990,CUST01360,2026-08-10,Shipped,29.94,Credit Card
ORD003991,CUST02545,2026-02-03,Completed,87.91,Debit Card
ORD003992,CUST00442,2026-01-26,Completed,38.98,PayPal
ORD003993,CUST01316,2026-06-17,Completed,88.4,Credit Card
ORD003994,CUST04038,2026-04-25,Shipped,34.4,PayPal
ORD003995,CUST01149,2026-03-27,Completed,26.46,Google Pay
ORD003996,CUST04967,2026-06-09,Completed,30.87,Debit Card
ORD003997,CUST01199,2026-06-18,Completed,20.05,Apple Pay
ORD003998,CUST02917,2026-05-10,Processing,36.42,Apple Pay
ORD003999,CUST03886,2026-04-21,Completed,106.19,PayPal
ORD004000,CUST04176,2026-07-19,Shipped,35.51,Debit Card
ORD004001,CUST02860,2026-04-16,Cancelled,38.43,Debit Card
ORD004002,CUST02963,2026-05-15,Completed,75.98,PayPal
ORD004003,CUST01368,2026-01-19,Completed,15.87,Apple Pay
ORD004004,CUST04666,2026-02-02,Completed,97.08,Google Pay
ORD004005,CUST02910,2026-01-02,Completed,57.52,Apple Pay
ORD004006,CUST02217,2026-07-14,Cancelled,81.47,Credit Card
ORD004007,CUST03406,2026-08-08,Cancelled,56.21,Apple Pay
ORD004008,CUST03060,2026-07-25,Completed,49.72,Credit Card
ORD004009,CUST02284,2026-01-15,Completed,114.28,Credit Card
ORD004010,CUST04495,2026-01-21,Completed,59.19,Google Pay
ORD004011,CUST00821,2026-03-19,Shipped,92.61,Google Pay
ORD004012,CUST03061,2026-02-28,Shipped,121.68,Apple Pay
ORD004013,CUST02525,2026-04-14,Shipped,26.18,PayPal
ORD004014,CUST04941,2026-03-23,Completed,37.06,Apple Pay
ORD004015,CUST02633,2026-04-28,Shipped,33.75,Google Pay
ORD004016,CUST02663,2026-04-23,Completed,47.35,Credit Card
ORD004017,CUST02826,2026-02-08,Completed,67.76,Credit Card
ORD004018,CUST04454,2026-01-20,Completed,32.36,PayPal
ORD004019,CUST03130,2026-01-01,Cancelled,34.27,Apple Pay
ORD004020,CUST04015,2026-03-14,Completed,47.13,PayPal
ORD004021,CUST04617,2026-01-09,Completed,113.72,PayPal
ORD004022,CUST04489,2026-02-20,Completed,41.94,Apple Pay
ORD004023,CUST01667,2026-06-15,Cancelled,64.47,Debit Card
ORD004024,CUST03401,2026-08-09,Processing,48.96,Apple Pay
ORD004025,CUST03583,2026-01-15,Completed,55.83,PayPal
ORD004026,CUST02201,2026-03-25,Completed,37.88,Debit Card
ORD004027,CUST00893,2026-02-10,Completed,10.94,PayPal
ORD004028,CUST03951,2026-08-10,Cancelled,38.48,PayPal
ORD004029,CUST00984,2026-06-24,Completed,70.63,PayPal
ORD004030,CUST00583,2026-06-03,Processing,63.16,Credit Card
ORD004031,CUST04116,2026-02-23,Completed,98.19,Apple Pay
ORD004032,CUST02641,2026-04-29,Cancelled,21.5,Google Pay
ORD004033,CUST01974,2026-07-17,Cancelled,78.29,Credit Card
ORD004034,CUST03418,2026-06-16,Shipped,41.03,Apple Pay
ORD004035,CUST04115,2026-01-17,Completed,35.25,Credit Card
ORD004036,CUST02416,2026-07-17,Cancelled,86.97,Apple Pay
ORD004037,CUST00889,2026-05-08,Cancelled,105.03,Debit Card
ORD004038,CUST01884,2026-04-02,Processing,134.68,Google Pay
ORD004039,CUST04822,2026-01-09,Shipped,88.9,Debit Card
ORD004040,CUST03823,2026-08-07,Shipped,56.1,Debit Card
ORD004041,CUST00147,2026-02-15,Completed,21.56,Apple Pay
ORD004042,CUST01717,2026-05-14,Cancelled,143.9,PayPal
ORD004043,CUST02478,2026-07-15,Shipped,70.75,PayPal
ORD004044,CUST04944,2026-01-16,Completed,31.61,PayPal
ORD004045,CUST01464,2026-08-03,Completed,70.09,PayPal
ORD004046,CUST02246,2026-04-22,Completed,21.66,Google Pay
ORD004047,CUST01311,2026-03-28,Completed,155.45,Debit Card
ORD004048,CUST04661,2026-06-06,Completed,45.69,Credit Card
ORD004049,CUST00369,2026-06-18,Shipped,27.89,Google Pay
ORD004050,CUST01264,2026-07-15,Shipped,148.82,Apple Pay
ORD004051,CUST02850,2026-03-03,Shipped,23.94,Google Pay
ORD004052,CUST02748,2026-04-14,Completed,59.23,Google Pay
ORD004053,CUST02566,2026-04-30,Shipped,66.25,Apple Pay
ORD004054,CUST01819,2026-06-17,Completed,24.18,Credit Card
ORD004055,CUST01888,2026-07-09,Completed,45.5,Debit Card
ORD004056,CUST03784,2026-06-01,Completed,16.07,Google Pay
ORD004057,CUST00060,2026-05-14,Completed,44.6,Apple Pay
ORD004058,CUST00545,2026-02-09,Processing,16.32,Apple Pay
ORD004059,CUST03065,2026-07-17,Cancelled,112.59,Credit Card
ORD004060,CUST01231,2026-02-27,Completed,38.87,Google Pay
ORD004061,CUST00559,2026-05-22,Shipped,25.9,Apple Pay
ORD004062,CUST01513,2026-03-19,Completed,69.72,Credit Card
ORD004063,CUST00670,2026-06-22,Cancelled,17.65,Credit Card
ORD004064,CUST00258,2026-04-21,Completed,35.95,Apple Pay
ORD004065,CUST01071,2026-04-09,Completed,100.27,Apple Pay
ORD004066,CUST01051,2026-01-06,Shipped,22.58,Google Pay
ORD004067,CUST04039,2026-01-23,Completed,49.55,Google Pay
ORD004068,CUST04023,2026-03-03,Completed,33.6,Debit Card
ORD004069,CUST00145,2026-07-31,Completed,14.01,Apple Pay
ORD004070,CUST02635,2026-01-17,Completed,26.7,PayPal
ORD004071,CUST02570,2026-03-25,Shipped,36.84,PayPal
ORD004072,CUST00801,2026-04-22,Processing,71.22,Debit Card
ORD004073,CUST01486,2026-07-17,Completed,157.9,Apple Pay
ORD004074,CUST03749,2026-04-14,Cancelled,59.37,Credit Card
ORD004075,CUST02430,2026-05-05,Processing,64.99,PayPal
ORD004076,CUST02824,2026-01-28,Processing,102.22,Google Pay
ORD004077,CUST00673,2026-05-21,Completed,81.11,PayPal
ORD004078,CUST03975,2026-06-06,Processing,37.71,Apple Pay
ORD004079,CUST03490,2026-06-22,Shipped,40.21,PayPal
ORD004080,CUST04423,2026-01-20,Completed,89.66,Debit Card
ORD004081,CUST01415,2026-07-05,Cancelled,85.22,Google Pay
ORD004082,CUST03369,2026-07-28,Processing,69.57,Debit Card
ORD004083,CUST04726,2026-04-27,Completed,38.92,Credit Card
ORD004084,CUST03895,2026-02-23,Shipped,187.98,Credit Card
ORD004085,CUST03847,2026-04-19,Completed,34.4,Credit Card
ORD004086,CUST02029,2026-03-05,Completed,55.9,Credit Card
ORD004087,CUST01195,2026-02-21,Completed,161.5,Apple Pay
ORD004088,CUST02025,2026-02-12,Cancelled,65.69,Apple Pay
ORD004089,CUST01358,2026-03-28,Completed,57.8,Apple Pay
ORD004090,CUST02811,2026-01-18,Completed,74.04,Debit Card
ORD004091,CUST00569,2026-03-25,Cancelled,38.47,Debit Card
ORD004092,CUST01946,2026-02-23,Shipped,56.52,PayPal
ORD004093,CUST00347,2026-03-01,Cancelled,101.18,Google Pay
ORD004094,CUST00408,2026-05-03,Completed,116.32,Debit Card
ORD004095,CUST04229,2026-03-12,Completed,184.38,PayPal
ORD004096,CUST03754,2026-05-09,Shipped,35.94,Credit Card
ORD004097,CUST00614,2026-04-23,Cancelled,151.78,Credit Card
ORD004098,CUST00106,2026-02-06,Processing,92.01,Debit Card
ORD004099,CUST02219,2026-02-18,Processing,128.66,Apple Pay
ORD004100,CUST03800,2026-02-04,Completed,23.73,PayPal
ORD004101,CUST04358,2026-04-15,Processing,35.64,Google Pay
ORD004102,CUST03914,2026-07-14,Cancelled,70.91,PayPal
ORD004103,CUST00494,2026-02-04,Completed,98.9,Apple Pay
ORD004104,CUST03869,2026-08-09,Processing,44.68,Apple Pay
ORD004105,CUST04386,2026-01-09,Completed,46.51,Debit Card
ORD004106,CUST03335,2026-06-14,Shipped,28.69,Apple Pay
ORD004107,CUST03921,2026-03-01,Processing,42.49,Apple Pay
ORD004108,CUST01869,2026-02-25,Completed,46.17,Google Pay
ORD004109,CUST01439,2026-04-16,Processing,46.36,Apple Pay
ORD004110,CUST01353,2026-04-21,Processing,32.13,Credit Card
ORD004111,CUST00045,2026-03-30,Cancelled,231.59,Apple Pay
ORD004112,CUST04911,2026-01-12,Completed,123.28,Credit Card
ORD004113,CUST02381,2026-03-12,Completed,96.13,Google Pay
ORD004114,CUST04561,2026-03-12,Completed,134.61,Debit Card
ORD004115,CUST00200,2026-04-29,Completed,90.47,Credit Card
ORD004116,CUST04425,2026-05-12,Completed,288.43,Debit Card
ORD004117,CUST02288,2026-07-08,Completed,34.34,Debit Card
ORD004118,CUST04894,2026-06-22,Cancelled,12.21,Credit Card
ORD004119,CUST04798,2026-04-05,Completed,32.47,PayPal
ORD004120,CUST02631,2026-06-27,Processing,16.26,Apple Pay
ORD004121,CUST02769,2026-02-19,Shipped,25.48,Google Pay
ORD004122,CUST02408,2026-04-13,Cancelled,39.36,Debit Card
ORD004123,CUST03792,2026-07-21,Processing,54.6,PayPal
ORD004124,CUST03294,2026-06-25,Shipped,127.47,Debit Card
ORD004125,CUST02847,2026-01-23,Completed,194.27,PayPal
ORD004126,CUST03312,2026-03-31,Completed,74.2,Google Pay
ORD004127,CUST02552,2026-08-03,Completed,25.7,PayPal
ORD004128,CUST01438,2026-04-03,Completed,42.31,Google Pay
ORD004129,CUST00127,2026-01-08,Shipped,49.13,Apple Pay
ORD004130,CUST01621,2026-07-30,Cancelled,44.74,PayPal
ORD004131,CUST03320,2026-01-29,Completed,23.52,Debit Card
ORD004132,CUST00482,2026-06-20,Shipped,148.24,Apple Pay
ORD004133,CUST04379,2026-02-22,Processing,20.49,Debit Card
ORD004134,CUST02122,2026-05-14,Processing,41.61,Debit Card
ORD004135,CUST03136,2026-08-09,Cancelled,66.36,Apple Pay
ORD004136,CUST02821,2026-01-24,Processing,68.05,Apple Pay
ORD004137,CUST02372,2026-04-30,Completed,45.41,Google Pay
ORD004138,CUST00239,2026-07-21,Completed,74.78,PayPal
ORD004139,CUST01421,2026-05-04,Completed,28.65,Google Pay
ORD004140,CUST00341,2026-05-22,Shipped,56.25,Credit Card
ORD004141,CUST03351,2026-02-21,Completed,24.32,Credit Card
ORD004142,CUST02994,2026-03-11,Completed,32.6,Google Pay
ORD004143,CUST04988,2026-01-04,Shipped,119.45,Google Pay
ORD004144,CUST01487,2026-07-05,Shipped,51.34,PayPal
ORD004145,CUST04558,2026-04-26,Shipped,52.94,Apple Pay
ORD004146,CUST04076,2026-07-26,Completed,42.77,Credit Card
ORD004147,CUST04894,2026-02-06,Shipped,37.66,Apple Pay
ORD004148,CUST00733,2026-02-17,Completed,61.28,Debit Card
ORD004149,CUST03479,2026-05-02,Completed,289.13,Debit Card
ORD004150,CUST00162,2026-02-08,Completed,22.42,Apple Pay
ORD004151,CUST02496,2026-04-02,Shipped,30.39,Debit Card
ORD004152,CUST00132,2026-03-07,Completed,31.16,Credit Card
ORD004153,CUST01858,2026-01-13,Cancelled,12.71,Credit Card
ORD004154,CUST01243,2026-07-13,Cancelled,55.42,Debit Card
ORD004155,CUST03489,2026-03-01,Completed,51.75,Credit Card
ORD004156,CUST00672,2026-05-06,Shipped,38.74,Debit Card
ORD004157,CUST00505,2026-06-18,Completed,95.1,PayPal
ORD004158,CUST02157,2026-02-01,Shipped,43.85,PayPal
ORD004159,CUST01262,2026-06-29,Completed,53.51,Apple Pay
ORD004160,CUST00293,2026-05-13,Processing,67.58,Debit Card
ORD004161,CUST03651,2026-07-14,Completed,46.8,PayPal
ORD004162,CUST04924,2026-03-07,Cancelled,198.1,PayPal
ORD004163,CUST04283,2026-03-19,Shipped,45.64,Credit Card
ORD004164,CUST01060,2026-06-29,Completed,95.13,Apple Pay
ORD004165,CUST02304,2026-05-06,Processing,57.29,Apple Pay
ORD004166,CUST02796,2026-06-26,Completed,59.21,PayPal
ORD004167,CUST01202,2026-01-29,Completed,110.99,PayPal
ORD004168,CUST03314,2026-06-15,Cancelled,48.53,Apple Pay
ORD004169,CUST02089,2026-03-11,Completed,58.11,Credit Card
ORD004170,CUST03429,2026-08-14,Completed,71.8,Google Pay
ORD004171,CUST02161,2026-05-16,Completed,39.91,Credit Card
ORD004172,CUST04950,2026-07-06,Completed,85.24,Google Pay
ORD004173,CUST00719,2026-02-24,Completed,173.46,Apple Pay
ORD004174,CUST01847,2026-04-20,Completed,33.17,Apple Pay
ORD004175,CUST00878,2026-01-02,Completed,38.52,Apple Pay
ORD004176,CUST03268,2026-06-03,Processing,29.09,Debit Card
ORD004177,CUST04498,2026-03-04,Completed,213.94,Debit Card
ORD004178,CUST00064,2026-01-17,Completed,92.06,Debit Card
ORD004179,CUST02700,2026-02-28,Cancelled,24.5,Apple Pay
ORD004180,CUST02934,2026-03-29,Cancelled,21.18,PayPal
ORD004181,CUST00373,2026-08-11,Completed,93.79,Apple Pay
ORD004182,CUST04028,2026-01-16,Completed,308.7,Google Pay
ORD004183,CUST00306,2026-02-27,Completed,57.8,Credit Card
ORD004184,CUST02515,2026-07-11,Completed,21.41,Google Pay
ORD004185,CUST00932,2026-02-19,Completed,19.14,Credit Card
ORD004186,CUST01991,2026-08-01,Completed,46.97,Google Pay
ORD004187,CUST03657,2026-06-03,Processing,22.64,Credit Card
ORD004188,CUST01416,2026-01-17,Processing,50.52,PayPal
ORD004189,CUST00362,2026-04-24,Cancelled,86.58,Credit Card
ORD004190,CUST02769,2026-02-15,Shipped,72.65,Apple Pay
ORD004191,CUST00716,2026-04-16,Completed,82.16,Google Pay
ORD004192,CUST01646,2026-05-07,Processing,71.96,Debit Card
ORD004193,CUST00543,2026-07-15,Shipped,100.41,PayPal
ORD004194,CUST01548,2026-02-19,Cancelled,50.55,Google Pay
ORD004195,CUST02242,2026-06-20,Completed,64.75,PayPal
ORD004196,CUST00652,2026-04-28,Completed,150.07,Debit Card
ORD004197,CUST01051,2026-06-25,Completed,105.11,Debit Card
ORD004198,CUST04743,2026-03-09,Completed,24.96,Debit Card
ORD004199,CUST01853,2026-05-27,Completed,34.35,Debit Card
ORD004200,CUST03002,2026-06-02,Processing,24.71,Debit Card
ORD004201,CUST03085,2026-07-19,Completed,52.39,Apple Pay
ORD004202,CUST02097,2026-05-26,Completed,6.03,Credit Card
ORD004203,CUST00803,2026-02-20,Shipped,91.21,Debit Card
ORD004204,CUST02655,2026-05-26,Shipped,31.1,Google Pay
ORD004205,CUST01681,2026-04-22,Completed,17.29,Google Pay
ORD004206,CUST01608,2026-07-05,Completed,271.91,Debit Card
ORD004207,CUST03523,2026-03-05,Processing,36.43,PayPal
ORD004208,CUST02058,2026-07-18,Processing,18.01,Debit Card
ORD004209,CUST02722,2026-07-04,Completed,40.31,Apple Pay
ORD004210,CUST04822,2026-05-25,Completed,181.5,Credit Card
ORD004211,CUST02564,2026-02-28,Cancelled,5.8,Google Pay
ORD004212,CUST03613,2026-07-14,Processing,121.03,Debit Card
ORD004213,CUST00203,2026-08-02,Processing,17.46,Credit Card
ORD004214,CUST00942,2026-05-23,Shipped,83.76,Credit Card
ORD004215,CUST00589,2026-08-11,Shipped,27.55,Debit Card
ORD004216,CUST00571,2026-04-10,Shipped,61.61,Credit Card
ORD004217,CUST03005,2026-01-26,Cancelled,42.4,Google Pay
ORD004218,CUST00196,2026-06-25,Processing,75.11,Debit Card
ORD004219,CUST01346,2026-01-14,Processing,90.08,PayPal
ORD004220,CUST00418,2026-05-02,Cancelled,85.69,Debit Card
ORD004221,CUST01643,2026-07-28,Processing,36.15,Google Pay
ORD004222,CUST01366,2026-01-09,Completed,72.85,Debit Card
ORD004223,CUST00009,2026-01-07,Completed,115.4,Debit Card
ORD004224,CUST00532,2026-08-07,Completed,51.07,Debit Card
ORD004225,CUST04245,2026-08-08,Completed,67.82,Apple Pay
ORD004226,CUST01553,2026-07-02,Processing,27.29,Apple Pay
ORD004227,CUST01036,2026-05-20,Cancelled,73.65,Google Pay
ORD004228,CUST04572,2026-05-25,Processing,38.5,Credit Card
ORD004229,CUST01618,2026-07-20,Cancelled,52.13,Debit Card
ORD004230,CUST03717,2026-04-18,Completed,59.72,Debit Card
ORD004231,CUST01077,2026-05-16,Completed,69.25,Apple Pay
ORD004232,CUST04302,2026-04-01,Completed,45.11,PayPal
ORD004233,CUST04016,2026-05-04,Completed,192.33,Apple Pay
ORD004234,CUST02963,2026-06-19,Completed,30.66,Credit Card
ORD004235,CUST04841,2026-07-23,Completed,19.76,Debit Card
ORD004236,CUST00913,2026-06-14,Completed,24.8,Debit Card
ORD004237,CUST04150,2026-05-28,Completed,29.48,Google Pay
ORD004238,CUST04071,2026-01-01,Shipped,60.47,PayPal
ORD004239,CUST03562,2026-01-09,Completed,212.48,Google Pay
ORD004240,CUST00344,2026-04-21,Processing,78.66,PayPal
ORD004241,CUST01193,2026-01-24,Shipped,50.04,PayPal
ORD004242,CUST01933,2026-05-05,Cancelled,36.81,PayPal
ORD004243,CUST00703,2026-06-11,Completed,135.79,PayPal
ORD004244,CUST01899,2026-02-05,Shipped,27.83,Google Pay
ORD004245,CUST03594,2026-01-04,Completed,19.76,Debit Card
ORD004246,CUST00199,2026-06-06,Processing,32.27,Debit Card
ORD004247,CUST03233,2026-03-28,Processing,41.14,Google Pay
ORD004248,CUST02823,2026-05-24,Completed,90.17,Apple Pay
ORD004249,CUST04485,2026-01-08,Cancelled,105.25,Credit Card
ORD004250,CUST00474,2026-04-01,Shipped,86.54,PayPal
ORD004251,CUST04861,2026-02-08,Processing,12.57,Google Pay
ORD004252,CUST01655,2026-02-27,Completed,60.25,PayPal
ORD004253,CUST00592,2026-05-20,Processing,61.89,PayPal
ORD004254,CUST01849,2026-06-21,Completed,79.46,PayPal
ORD004255,CUST03042,2026-01-04,Completed,20.68,Google Pay
ORD004256,CUST00168,2026-01-25,Completed,44.53,Debit Card
ORD004257,CUST04380,2026-07-17,Cancelled,43.67,Apple Pay
ORD004258,CUST03271,2026-03-08,Completed,112.0,Apple Pay
ORD004259,CUST04008,2026-06-16,Completed,61.01,Google Pay
ORD004260,CUST04011,2026-04-28,Completed,36.9,Credit Card
ORD004261,CUST04987,2026-01-24,Cancelled,16.59,Apple Pay
ORD004262,CUST03849,2026-08-01,Processing,23.07,Apple Pay
ORD004263,CUST02182,2026-01-06,Completed,89.09,PayPal
ORD004264,CUST01655,2026-04-07,Completed,12.61,Google Pay
ORD004265,CUST04218,2026-03-13,Cancelled,15.12,Debit Card
ORD004266,CUST00833,2026-06-10,Completed,101.99,Google Pay
ORD004267,CUST01022,2026-06-25,Cancelled,93.45,Google Pay
ORD004268,CUST01994,2026-07-14,Completed,23.0,Apple Pay
ORD004269,CUST03493,2026-05-04,Shipped,49.06,PayPal
ORD004270,CUST00895,2026-01-02,Completed,164.53,Google Pay
ORD004271,CUST01516,2026-02-07,Cancelled,61.4,Debit Card
ORD004272,CUST03671,2026-02-09,Shipped,76.46,PayPal
ORD004273,CUST00289,2026-02-25,Processing,169.13,PayPal
ORD004274,CUST01077,2026-04-13,Completed,213.57,Debit Card
ORD004275,CUST01372,2026-04-13,Completed,60.43,Debit Card
ORD004276,CUST01075,2026-08-04,Completed,162.41,Debit Card
ORD004277,CUST04935,2026-01-21,Completed,110.59,Google Pay
ORD004278,CUST02960,2026-04-25,Processing,42.67,PayPal
ORD004279,CUST00040,2026-07-29,Completed,77.85,PayPal
ORD004280,CUST04275,2026-02-04,Completed,16.96,Credit Card
ORD004281,CUST03623,2026-07-22,Processing,89.27,Credit Card
ORD004282,CUST00183,2026-07-22,Shipped,40.96,Credit Card
ORD004283,CUST01760,2026-03-08,Processing,33.82,Google Pay
ORD004284,CUST01770,2026-07-07,Completed,121.86,Google Pay
ORD004285,CUST04801,2026-05-31,Cancelled,28.99,Debit Card
ORD004286,CUST00497,2026-07-12,Cancelled,76.99,Google Pay
ORD004287,CUST00597,2026-07-10,Cancelled,113.94,PayPal
ORD004288,CUST02509,2026-05-31,Completed,43.07,PayPal
ORD004289,CUST03827,2026-08-02,Completed,67.14,Apple Pay
ORD004290,CUST04570,2026-05-03,Processing,34.82,Apple Pay
ORD004291,CUST00685,2026-02-11,Completed,31.02,Google Pay
ORD004292,CUST00319,2026-08-10,Processing,50.62,Apple Pay
ORD004293,CUST03627,2026-07-11,Cancelled,544.65,Google Pay
ORD004294,CUST01436,2026-07-13,Completed,210.0,Debit Card
ORD004295,CUST02404,2026-03-22,Completed,41.09,Debit Card
ORD004296,CUST02665,2026-02-10,Completed,54.31,Apple Pay
ORD004297,CUST04325,2026-04-24,Completed,44.66,Google Pay
ORD004298,CUST00729,2026-01-20,Completed,23.9,Apple Pay
ORD004299,CUST01288,2026-01-09,Completed,35.37,PayPal
ORD004300,CUST04002,2026-02-26,Processing,42.5,Google Pay
ORD004301,CUST00561,2026-05-04,Processing,10.54,Credit Card
ORD004302,CUST01376,2026-07-22,Cancelled,48.33,PayPal
ORD004303,CUST01466,2026-05-25,Completed,98.75,Google Pay
ORD004304,CUST02507,2026-03-19,Completed,231.47,Apple Pay
ORD004305,CUST03887,2026-07-29,Completed,86.71,Apple Pay
ORD004306,CUST00025,2026-01-18,Cancelled,31.88,Apple Pay
ORD004307,CUST01155,2026-03-04,Processing,29.91,Google Pay
ORD004308,CUST04466,2026-07-19,Processing,56.66,Apple Pay
ORD004309,CUST01460,2026-04-03,Completed,61.76,Google Pay
ORD004310,CUST04707,2026-07-19,Shipped,55.23,Google Pay
ORD004311,CUST01221,2026-01-26,Processing,135.63,Apple Pay
ORD004312,CUST02157,2026-08-08,Cancelled,81.44,Debit Card
ORD004313,CUST03292,2026-07-19,Shipped,84.18,Debit Card
ORD004314,CUST00720,2026-03-25,Processing,76.06,PayPal
ORD004315,CUST01106,2026-07-19,Cancelled,37.24,Google Pay
ORD004316,CUST03770,2026-07-25,Processing,19.03,Apple Pay
ORD004317,CUST02480,2026-01-13,Completed,54.98,Apple Pay
ORD004318,CUST01921,2026-04-29,Shipped,38.11,Apple Pay
ORD004319,CUST03080,2026-05-25,Completed,94.34,Debit Card
ORD004320,CUST04732,2026-04-25,Completed,40.04,Credit Card
ORD004321,CUST03170,2026-01-26,Completed,135.88,Google Pay
ORD004322,CUST03173,2026-05-14,Completed,94.66,PayPal
ORD004323,CUST03331,2026-03-22,Cancelled,193.58,PayPal
ORD004324,CUST04452,2026-05-12,Completed,181.42,PayPal
ORD004325,CUST02059,2026-03-30,Shipped,100.94,Google Pay
ORD004326,CUST03322,2026-01-07,Completed,27.05,Google Pay
ORD004327,CUST01871,2026-01-17,Processing,44.26,PayPal
ORD004328,CUST03622,2026-03-27,Cancelled,36.88,PayPal
ORD004329,CUST01146,2026-05-08,Shipped,65.19,Apple Pay
ORD004330,CUST03992,2026-04-28,Completed,82.75,Credit Card
ORD004331,CUST03374,2026-04-02,Completed,48.41,Debit Card
ORD004332,CUST00125,2026-02-19,Completed,91.63,Google Pay
ORD004333,CUST00312,2026-05-08,Completed,38.05,Credit Card
ORD004334,CUST00775,2026-01-06,Processing,12.08,PayPal
ORD004335,CUST02921,2026-06-07,Completed,70.33,PayPal
ORD004336,CUST01832,2026-03-15,Completed,49.66,PayPal
ORD004337,CUST00694,2026-02-25,Shipped,65.88,PayPal
ORD004338,CUST01377,2026-02-08,Shipped,104.21,Apple Pay
ORD004339,CUST00990,2026-05-22,Completed,51.33,Google Pay
ORD004340,CUST02847,2026-02-23,Completed,25.68,PayPal
ORD004341,CUST01753,2026-01-22,Cancelled,39.88,PayPal
ORD004342,CUST02960,2026-07-04,Completed,162.58,Google Pay
ORD004343,CUST02454,2026-02-10,Completed,82.02,Debit Card
ORD004344,CUST03044,2026-03-31,Processing,136.32,Apple Pay
ORD004345,CUST01717,2026-01-10,Completed,43.04,Apple Pay
ORD004346,CUST01627,2026-01-02,Completed,100.9,Credit Card
ORD004347,CUST03089,2026-07-14,Cancelled,118.73,Apple Pay
ORD004348,CUST03332,2026-02-17,Completed,20.59,Credit Card
ORD004349,CUST04029,2026-02-11,Completed,74.18,Debit Card
ORD004350,CUST00890,2026-05-19,Shipped,69.26,Google Pay
ORD004351,CUST01379,2026-07-21,Completed,26.54,PayPal
ORD004352,CUST04585,2026-05-20,Shipped,26.7,Credit Card
ORD004353,CUST04276,2026-05-22,Cancelled,251.84,Apple Pay
ORD004354,CUST01708,2026-01-30,Shipped,68.01,PayPal
ORD004355,CUST02365,2026-03-01,Cancelled,146.15,Debit Card
ORD004356,CUST00232,2026-07-24,Completed,101.2,Google Pay
ORD004357,CUST01813,2026-06-07,Cancelled,62.58,Credit Card
ORD004358,CUST01613,2026-02-07,Cancelled,29.68,Apple Pay
ORD004359,CUST04427,2026-03-16,Shipped,95.09,PayPal
ORD004360,CUST04657,2026-03-06,Completed,60.73,PayPal
ORD004361,CUST02997,2026-08-07,Processing,67.67,PayPal
ORD004362,CUST00248,2026-06-24,Processing,73.09,Google Pay
ORD004363,CUST04379,2026-02-08,Completed,77.36,Credit Card
ORD004364,CUST02080,2026-06-26,Completed,88.34,Google Pay
ORD004365,CUST03742,2026-03-14,Shipped,31.99,Apple Pay
ORD004366,CUST04626,2026-02-27,Processing,98.71,Credit Card
ORD004367,CUST04477,2026-04-17,Completed,100.9,Debit Card
ORD004368,CUST00063,2026-08-06,Cancelled,69.75,Debit Card
ORD004369,CUST04224,2026-03-30,Cancelled,92.1,Google Pay
ORD004370,CUST01552,2026-01-17,Completed,165.69,Google Pay
ORD004371,CUST03006,2026-05-14,Processing,109.21,Google Pay
ORD004372,CUST03323,2026-05-23,Shipped,27.03,Debit Card
ORD004373,CUST00295,2026-07-14,Processing,41.39,Debit Card
ORD004374,CUST04275,2026-04-05,Shipped,52.85,Credit Card
ORD004375,CUST04325,2026-06-05,Completed,39.93,Credit Card
ORD004376,CUST00883,2026-07-20,Cancelled,22.84,Google Pay
ORD004377,CUST00394,2026-06-21,Completed,116.61,PayPal
ORD004378,CUST02740,2026-05-26,Cancelled,34.69,Credit Card
ORD004379,CUST03468,2026-06-09,Shipped,142.31,Debit Card
ORD004380,CUST04168,2026-07-30,Shipped,19.46,Apple Pay
ORD004381,CUST04414,2026-07-16,Completed,104.06,PayPal
ORD004382,CUST03971,2026-06-21,Completed,109.82,Debit Card
ORD004383,CUST04691,2026-03-11,Completed,70.95,PayPal
ORD004384,CUST04475,2026-03-04,Cancelled,50.44,Apple Pay
ORD004385,CUST04232,2026-07-23,Cancelled,59.85,Google Pay
ORD004386,CUST02778,2026-02-27,Completed,61.12,PayPal
ORD004387,CUST03693,2026-06-24,Processing,83.37,Apple Pay
ORD004388,CUST01402,2026-05-06,Shipped,53.21,Apple Pay
ORD004389,CUST00906,2026-05-25,Completed,58.99,PayPal
ORD004390,CUST00530,2026-06-16,Completed,76.37,PayPal
ORD004391,CUST04619,2026-07-06,Shipped,61.42,PayPal
ORD004392,CUST03722,2026-05-15,Completed,32.41,PayPal
ORD004393,CUST00387,2026-03-04,Completed,34.8,Google Pay
ORD004394,CUST02622,2026-04-27,Processing,57.22,Debit Card
ORD004395,CUST00573,2026-07-04,Completed,18.0,Credit Card
ORD004396,CUST00644,2026-07-22,Completed,54.55,Google Pay
ORD004397,CUST04072,2026-06-11,Processing,68.03,PayPal
ORD004398,CUST01293,2026-02-22,Completed,56.6,Apple Pay
ORD004399,CUST03596,2026-07-13,Shipped,83.09,Google Pay
ORD004400,CUST04643,2026-07-25,Completed,69.53,Credit Card
ORD004401,CUST02486,2026-03-23,Cancelled,109.66,Credit Card
ORD004402,CUST00555,2026-06-25,Completed,67.43,Google Pay
ORD004403,CUST02159,2026-07-07,Processing,233.71,Apple Pay
ORD004404,CUST03394,2026-02-12,Processing,61.65,Apple Pay
ORD004405,CUST02575,2026-07-20,Cancelled,102.86,Apple Pay
ORD004406,CUST02225,2026-01-04,Completed,53.0,Debit Card
ORD004407,CUST03610,2026-07-25,Processing,61.89,Apple Pay
ORD004408,CUST04720,2026-03-16,Processing,31.11,Credit Card
ORD004409,CUST01989,2026-04-04,Completed,56.22,PayPal
ORD004410,CUST00944,2026-04-17,Processing,33.76,PayPal
ORD004411,CUST04569,2026-04-01,Completed,134.79,Credit Card
ORD004412,CUST00994,2026-04-03,Processing,68.53,Apple Pay
ORD004413,CUST03460,2026-06-29,Completed,89.93,PayPal
ORD004414,CUST01122,2026-06-09,Shipped,17.78,Credit Card
ORD004415,CUST03447,2026-04-23,Completed,19.35,Apple Pay
ORD004416,CUST04266,2026-08-10,Completed,48.33,Debit Card
ORD004417,CUST00056,2026-03-31,Completed,22.33,PayPal
ORD004418,CUST01757,2026-04-04,Cancelled,8.36,Apple Pay
ORD004419,CUST00658,2026-06-28,Completed,105.69,Apple Pay
ORD004420,CUST00260,2026-05-18,Shipped,75.71,PayPal
ORD004421,CUST04737,2026-05-20,Completed,34.56,Apple Pay
ORD004422,CUST02610,2026-08-13,Shipped,65.78,Google Pay
ORD004423,CUST03910,2026-08-14,Shipped,218.29,Google Pay
ORD004424,CUST00404,2026-07-29,Processing,31.5,Debit Card
ORD004425,CUST00795,2026-06-16,Processing,114.35,Credit Card
ORD004426,CUST01562,2026-07-27,Completed,43.87,Google Pay
ORD004427,CUST01184,2026-07-15,Completed,39.17,Google Pay
ORD004428,CUST02642,2026-05-18,Completed,25.09,Debit Card
ORD004429,CUST02665,2026-04-02,Processing,66.66,Google Pay
ORD004430,CUST04810,2026-04-15,Completed,106.09,Google Pay
ORD004431,CUST03608,2026-07-29,Completed,74.99,PayPal
ORD004432,CUST01958,2026-03-14,Completed,51.84,Debit Card
ORD004433,CUST02094,2026-08-02,Completed,38.35,Apple Pay
ORD004434,CUST01753,2026-01-10,Cancelled,202.61,Apple Pay
ORD004435,CUST05000,2026-04-14,Completed,40.81,Credit Card
ORD004436,CUST03563,2026-05-31,Completed,40.6,Credit Card
ORD004437,CUST01695,2026-07-24,Processing,20.21,Google Pay
ORD004438,CUST00856,2026-08-04,Completed,205.64,Google Pay
ORD004439,CUST01296,2026-05-21,Shipped,18.43,Apple Pay
ORD004440,CUST04756,2026-02-17,Processing,117.36,Debit Card
ORD004441,CUST03622,2026-04-19,Shipped,91.79,PayPal
ORD004442,CUST04207,2026-03-30,Completed,43.1,Credit Card
ORD004443,CUST01039,2026-02-13,Shipped,70.76,Google Pay
ORD004444,CUST04597,2026-04-03,Completed,83.6,Credit Card
ORD004445,CUST04514,2026-07-27,Completed,295.08,Apple Pay
ORD004446,CUST04371,2026-03-05,Completed,206.86,Debit Card
ORD004447,CUST03448,2026-02-09,Cancelled,101.17,Apple Pay
ORD004448,CUST03433,2026-05-14,Completed,72.04,PayPal
ORD004449,CUST03749,2026-04-30,Completed,96.22,Debit Card
ORD004450,CUST02242,2026-03-13,Processing,71.14,PayPal
ORD004451,CUST03531,2026-04-08,Completed,77.41,PayPal
ORD004452,CUST04895,2026-07-29,Processing,38.28,Debit Card
ORD004453,CUST01964,2026-06-20,Completed,57.54,PayPal
ORD004454,CUST03016,2026-02-01,Cancelled,104.12,Credit Card
ORD004455,CUST03568,2026-06-26,Completed,62.71,Google Pay
ORD004456,CUST03871,2026-03-15,Completed,85.06,Debit Card
ORD004457,CUST04865,2026-08-14,Shipped,42.07,Apple Pay
ORD004458,CUST01485,2026-08-03,Completed,58.4,Apple Pay
ORD004459,CUST04235,2026-05-03,Completed,25.4,Google Pay
ORD004460,CUST04957,2026-05-27,Shipped,105.02,Apple Pay
ORD004461,CUST02340,2026-03-25,Completed,17.66,Google Pay
ORD004462,CUST00335,2026-02-21,Completed,84.45,Credit Card
ORD004463,CUST01859,2026-06-29,Shipped,23.16,Apple Pay
ORD004464,CUST01208,2026-02-03,Completed,31.07,Apple Pay
ORD004465,CUST00925,2026-07-06,Shipped,30.33,Credit Card
ORD004466,CUST02946,2026-03-22,Cancelled,110.12,Apple Pay
ORD004467,CUST04440,2026-04-18,Completed,25.85,Apple Pay
ORD004468,CUST04753,2026-05-06,Shipped,53.0,Credit Card
ORD004469,CUST03586,2026-01-05,Completed,45.05,Credit Card
ORD004470,CUST04357,2026-07-13,Completed,50.45,Credit Card
ORD004471,CUST04028,2026-02-10,Shipped,101.86,Apple Pay
ORD004472,CUST04265,2026-02-03,Cancelled,55.18,Google Pay
ORD004473,CUST04756,2026-07-01,Completed,54.58,Google Pay
ORD004474,CUST04296,2026-01-20,Shipped,31.87,Debit Card
ORD004475,CUST04678,2026-07-01,Completed,30.98,Debit Card
ORD004476,CUST04662,2026-03-07,Completed,22.62,Apple Pay
ORD004477,CUST03843,2026-04-02,Processing,47.05,Apple Pay
ORD004478,CUST02399,2026-05-26,Processing,170.63,Google Pay
ORD004479,CUST00028,2026-02-13,Processing,68.43,PayPal
ORD004480,CUST03951,2026-04-13,Completed,62.81,Debit Card
ORD004481,CUST01899,2026-02-17,Completed,20.3,Google Pay
ORD004482,CUST04728,2026-02-04,Shipped,131.67,Apple Pay
ORD004483,CUST02428,2026-07-26,Completed,185.14,Debit Card
ORD004484,CUST01626,2026-04-21,Completed,33.59,Debit Card
ORD004485,CUST02576,2026-02-08,Completed,30.47,Debit Card
ORD004486,CUST02037,2026-01-03,Processing,165.16,Apple Pay
ORD004487,CUST01311,2026-01-19,Cancelled,79.13,Google Pay
ORD004488,CUST03356,2026-08-03,Completed,200.98,PayPal
ORD004489,CUST03721,2026-07-30,Cancelled,137.68,Apple Pay
ORD004490,CUST04903,2026-05-05,Cancelled,15.71,Debit Card
ORD004491,CUST02275,2026-05-26,Completed,183.75,Credit Card
ORD004492,CUST02075,2026-08-10,Completed,66.11,Google Pay
ORD004493,CUST00089,2026-03-24,Completed,61.32,Apple Pay
ORD004494,CUST03805,2026-01-05,Completed,61.74,Debit Card
ORD004495,CUST00122,2026-02-24,Shipped,57.13,PayPal
ORD004496,CUST04962,2026-01-13,Completed,20.82,Debit Card
ORD004497,CUST00033,2026-06-11,Shipped,159.11,Debit Card
ORD004498,CUST04699,2026-08-04,Processing,40.96,Apple Pay
ORD004499,CUST00696,2026-01-18,Completed,48.52,PayPal
ORD004500,CUST03842,2026-03-09,Cancelled,90.41,Credit Card
ORD004501,CUST00525,2026-04-10,Completed,205.36,Apple Pay
ORD004502,CUST00247,2026-07-19,Completed,56.91,Google Pay
ORD004503,CUST03927,2026-06-20,Cancelled,69.4,PayPal
ORD004504,CUST03102,2026-07-12,Completed,160.92,Credit Card
ORD004505,CUST02097,2026-06-18,Cancelled,89.69,Credit Card
ORD004506,CUST01963,2026-02-07,Cancelled,83.79,PayPal
ORD004507,CUST02960,2026-06-15,Completed,7.96,Google Pay
ORD004508,CUST02228,2026-05-21,Completed,48.99,Debit Card
ORD004509,CUST01394,2026-05-05,Shipped,67.9,Apple Pay
ORD004510,CUST01908,2026-01-22,Cancelled,67.41,Google Pay
ORD004511,CUST02024,2026-01-29,Cancelled,114.58,Credit Card
ORD004512,CUST04834,2026-05-17,Cancelled,25.63,Google Pay
ORD004513,CUST02479,2026-08-07,Cancelled,29.48,Debit Card
ORD004514,CUST04460,2026-04-20,Completed,119.17,Google Pay
ORD004515,CUST00982,2026-04-18,Cancelled,129.36,Google Pay
ORD004516,CUST03224,2026-03-09,Processing,29.26,Credit Card
ORD004517,CUST00227,2026-04-14,Completed,72.85,Google Pay
ORD004518,CUST01267,2026-05-25,Cancelled,50.87,Apple Pay
ORD004519,CUST02058,2026-06-14,Completed,38.44,PayPal
ORD004520,CUST02252,2026-07-11,Cancelled,26.06,Credit Card
ORD004521,CUST02942,2026-07-14,Completed,32.21,PayPal
ORD004522,CUST00157,2026-05-12,Cancelled,33.95,Google Pay
ORD004523,CUST02074,2026-02-09,Completed,178.79,Debit Card
ORD004524,CUST04064,2026-05-24,Cancelled,85.35,Credit Card
ORD004525,CUST00761,2026-05-19,Processing,73.62,Google Pay
ORD004526,CUST00774,2026-08-07,Cancelled,27.55,Google Pay
ORD004527,CUST01553,2026-01-26,Cancelled,152.52,Debit Card
ORD004528,CUST00958,2026-04-05,Completed,165.68,Google Pay
ORD004529,CUST00254,2026-04-08,Completed,71.64,Apple Pay
ORD004530,CUST01570,2026-07-19,Cancelled,66.22,Debit Card
ORD004531,CUST03219,2026-04-13,Processing,66.34,Credit Card
ORD004532,CUST04214,2026-07-12,Completed,101.32,Credit Card
ORD004533,CUST03237,2026-05-05,Processing,21.7,PayPal
ORD004534,CUST04646,2026-01-02,Completed,28.64,Apple Pay
ORD004535,CUST04966,2026-04-01,Completed,34.46,Apple Pay
ORD004536,CUST00808,2026-02-14,Processing,43.43,Credit Card
ORD004537,CUST04917,2026-06-20,Completed,74.72,Google Pay
ORD004538,CUST01782,2026-01-03,Completed,123.03,Apple Pay
ORD004539,CUST01222,2026-06-11,Completed,115.75,Apple Pay
ORD004540,CUST03664,2026-03-21,Processing,20.08,Google Pay
ORD004541,CUST03201,2026-07-12,Completed,226.74,Debit Card
ORD004542,CUST00880,2026-03-05,Completed,283.6,Google Pay
ORD004543,CUST00001,2026-05-15,Completed,190.51,PayPal
ORD004544,CUST00167,2026-02-04,Completed,37.24,PayPal
ORD004545,CUST02064,2026-01-22,Completed,42.74,Credit Card
ORD004546,CUST02705,2026-06-25,Completed,20.03,Debit Card
ORD004547,CUST00112,2026-06-09,Completed,73.74,Apple Pay
ORD004548,CUST03440,2026-01-26,Cancelled,73.0,Credit Card
ORD004549,CUST01126,2026-04-30,Completed,46.77,Credit Card
ORD004550,CUST02642,2026-01-06,Completed,31.83,Apple Pay
ORD004551,CUST01430,2026-06-23,Completed,70.5,Apple Pay
ORD004552,CUST02044,2026-07-02,Shipped,53.6,Google Pay
ORD004553,CUST04603,2026-07-22,Processing,79.25,PayPal
ORD004554,CUST01635,2026-08-11,Completed,180.04,Apple Pay
ORD004555,CUST00671,2026-04-28,Shipped,96.4,Google Pay
ORD004556,CUST03112,2026-07-02,Shipped,71.5,PayPal
ORD004557,CUST01691,2026-03-26,Completed,69.31,Debit Card
ORD004558,CUST03958,2026-07-04,Cancelled,29.18,Debit Card
ORD004559,CUST00965,2026-08-02,Shipped,58.19,Debit Card
ORD004560,CUST00281,2026-05-01,Completed,75.03,Apple Pay
ORD004561,CUST04447,2026-03-04,Shipped,115.08,PayPal
ORD004562,CUST01967,2026-05-09,Processing,96.49,PayPal
ORD004563,CUST02809,2026-05-29,Shipped,50.35,Debit Card
ORD004564,CUST01965,2026-01-20,Completed,157.89,Credit Card
ORD004565,CUST04824,2026-07-20,Cancelled,15.42,PayPal
ORD004566,CUST03391,2026-08-07,Completed,89.83,PayPal
ORD004567,CUST00823,2026-01-29,Completed,30.92,Google Pay
ORD004568,CUST01438,2026-02-12,Shipped,176.32,Debit Card
ORD004569,CUST02062,2026-08-13,Cancelled,120.73,Credit Card
ORD004570,CUST03866,2026-06-22,Completed,21.56,Google Pay
ORD004571,CUST04295,2026-03-06,Processing,29.88,Credit Card
ORD004572,CUST04774,2026-05-11,Shipped,17.94,Credit Card
ORD004573,CUST04037,2026-04-06,Shipped,102.58,Credit Card
ORD004574,CUST01465,2026-01-20,Completed,82.82,Apple Pay
ORD004575,CUST00078,2026-03-22,Shipped,113.9,PayPal
ORD004576,CUST02160,2026-02-06,Shipped,9.34,PayPal
ORD004577,CUST04631,2026-02-07,Completed,33.98,Google Pay
ORD004578,CUST03188,2026-07-21,Completed,100.91,Credit Card
ORD004579,CUST01166,2026-02-14,Completed,147.42,Credit Card
ORD004580,CUST00790,2026-08-09,Completed,47.29,PayPal
ORD004581,CUST01564,2026-06-19,Processing,73.79,Credit Card
ORD004582,CUST01323,2026-02-15,Completed,104.35,Credit Card
ORD004583,CUST01503,2026-03-01,Completed,178.02,Credit Card
ORD004584,CUST01492,2026-04-06,Completed,20.31,Debit Card
ORD004585,CUST01660,2026-01-13,Completed,52.0,Debit Card
ORD004586,CUST01316,2026-01-31,Completed,20.79,Debit Card
ORD004587,CUST03063,2026-05-04,Processing,83.25,Google Pay
ORD004588,CUST00125,2026-03-09,Completed,21.9,Credit Card
ORD004589,CUST03063,2026-04-26,Cancelled,60.32,Debit Card
ORD004590,CUST00519,2026-03-03,Completed,65.47,Debit Card
ORD004591,CUST02071,2026-06-26,Cancelled,34.24,Apple Pay
ORD004592,CUST04258,2026-05-26,Completed,121.66,Google Pay
ORD004593,CUST02677,2026-03-16,Completed,71.11,Debit Card
ORD004594,CUST02554,2026-04-16,Completed,62.35,Debit Card
ORD004595,CUST04978,2026-02-22,Completed,37.15,Debit Card
ORD004596,CUST03936,2026-05-26,Cancelled,52.56,Apple Pay
ORD004597,CUST01045,2026-02-20,Completed,31.95,Apple Pay
ORD004598,CUST01788,2026-06-18,Completed,48.46,Google Pay
ORD004599,CUST03536,2026-04-11,Completed,60.84,Credit Card
ORD004600,CUST04579,2026-08-13,Completed,370.58,Credit Card
ORD004601,CUST01967,2026-04-11,Completed,57.2,Google Pay
ORD004602,CUST02357,2026-07-14,Shipped,36.69,Credit Card
ORD004603,CUST04970,2026-07-12,Completed,24.52,PayPal
ORD004604,CUST02251,2026-03-24,Completed,94.4,Credit Card
ORD004605,CUST03488,2026-05-03,Processing,29.02,Apple Pay
ORD004606,CUST00142,2026-05-14,Completed,78.76,Apple Pay
ORD004607,CUST01004,2026-07-21,Completed,158.89,Debit Card
ORD004608,CUST02155,2026-06-14,Cancelled,102.65,Apple Pay
ORD004609,CUST02015,2026-01-12,Completed,31.34,PayPal
ORD004610,CUST04625,2026-03-22,Cancelled,71.27,PayPal
ORD004611,CUST03609,2026-08-07,Completed,149.02,PayPal
ORD004612,CUST00969,2026-01-02,Processing,76.43,Debit Card
ORD004613,CUST03926,2026-02-22,Cancelled,52.27,Credit Card
ORD004614,CUST03959,2026-06-02,Completed,112.84,Debit Card
ORD004615,CUST02736,2026-06-05,Shipped,85.87,Apple Pay
ORD004616,CUST00805,2026-06-22,Completed,66.33,PayPal
ORD004617,CUST01335,2026-02-06,Cancelled,97.06,Debit Card
ORD004618,CUST03985,2026-05-25,Shipped,73.95,Debit Card
ORD004619,CUST00668,2026-03-10,Cancelled,43.72,PayPal
ORD004620,CUST00385,2026-02-25,Completed,69.23,Google Pay
ORD004621,CUST03125,2026-05-01,Completed,50.35,PayPal
ORD004622,CUST01609,2026-02-27,Completed,135.17,Google Pay
ORD004623,CUST03255,2026-07-30,Completed,49.88,PayPal
ORD004624,CUST03441,2026-01-04,Processing,49.99,Credit Card
ORD004625,CUST02749,2026-04-13,Cancelled,107.26,Google Pay
ORD004626,CUST00013,2026-07-02,Completed,51.25,Google Pay
ORD004627,CUST03008,2026-02-18,Completed,64.52,Debit Card
ORD004628,CUST02208,2026-02-07,Completed,47.52,Google Pay
ORD004629,CUST04168,2026-02-14,Cancelled,34.9,Apple Pay
ORD004630,CUST02146,2026-04-18,Cancelled,48.98,Debit Card
ORD004631,CUST01866,2026-06-07,Cancelled,39.27,Debit Card
ORD004632,CUST00101,2026-08-12,Shipped,412.15,Credit Card
ORD004633,CUST04080,2026-02-06,Processing,49.72,Debit Card
ORD004634,CUST04377,2026-07-03,Cancelled,43.24,Debit Card
ORD004635,CUST04979,2026-06-04,Cancelled,110.7,Apple Pay
ORD004636,CUST01313,2026-02-01,Completed,106.71,Debit Card
ORD004637,CUST02797,2026-05-19,Completed,31.99,Google Pay
ORD004638,CUST04705,2026-02-27,Shipped,70.86,Credit Card
ORD004639,CUST00450,2026-03-18,Processing,50.15,Apple Pay
ORD004640,CUST03440,2026-06-12,Shipped,73.67,PayPal
ORD004641,CUST03502,2026-01-17,Cancelled,50.11,PayPal
ORD004642,CUST03168,2026-06-07,Completed,14.24,PayPal
ORD004643,CUST00121,2026-05-26,Cancelled,88.65,Apple Pay
ORD004644,CUST03438,2026-01-30,Completed,82.73,PayPal
ORD004645,CUST03857,2026-03-31,Cancelled,25.44,Google Pay
ORD004646,CUST01076,2026-04-29,Completed,121.13,PayPal
ORD004647,CUST04414,2026-01-16,Completed,121.16,PayPal
ORD004648,CUST02723,2026-03-16,Completed,139.83,Credit Card
ORD004649,CUST00702,2026-07-01,Cancelled,20.41,PayPal
ORD004650,CUST03349,2026-01-04,Completed,108.96,PayPal
ORD004651,CUST03669,2026-05-07,Completed,33.4,Debit Card
ORD004652,CUST03266,2026-04-15,Cancelled,25.64,Google Pay
ORD004653,CUST00021,2026-05-23,Shipped,42.11,Apple Pay
ORD004654,CUST02447,2026-07-23,Completed,51.42,Credit Card
ORD004655,CUST02250,2026-06-04,Shipped,42.14,Apple Pay
ORD004656,CUST02514,2026-01-04,Completed,138.42,PayPal
ORD004657,CUST03223,2026-06-12,Cancelled,29.22,Debit Card
ORD004658,CUST04992,2026-03-26,Processing,119.19,PayPal
ORD004659,CUST01183,2026-03-04,Cancelled,44.66,PayPal
ORD004660,CUST02358,2026-04-10,Processing,64.45,Credit Card
ORD004661,CUST02552,2026-03-07,Shipped,49.68,Credit Card
ORD004662,CUST02074,2026-02-08,Completed,34.28,Apple Pay
ORD004663,CUST00066,2026-06-05,Cancelled,33.73,PayPal
ORD004664,CUST04359,2026-06-11,Completed,24.11,Apple Pay
ORD004665,CUST00472,2026-06-10,Completed,22.65,PayPal
ORD004666,CUST02215,2026-06-27,Processing,53.46,Credit Card
ORD004667,CUST03226,2026-07-07,Processing,157.78,Debit Card
ORD004668,CUST00343,2026-03-13,Shipped,27.59,Apple Pay
ORD004669,CUST00718,2026-03-13,Cancelled,68.24,Apple Pay
ORD004670,CUST02461,2026-02-11,Completed,54.38,Google Pay
ORD004671,CUST03737,2026-03-27,Completed,149.08,Google Pay
ORD004672,CUST03256,2026-04-01,Shipped,84.18,Debit Card
ORD004673,CUST03266,2026-01-28,Completed,38.28,Google Pay
ORD004674,CUST04090,2026-07-22,Cancelled,26.24,Debit Card
ORD004675,CUST02531,2026-06-04,Completed,15.66,PayPal
ORD004676,CUST03633,2026-04-29,Completed,35.39,Google Pay
ORD004677,CUST01056,2026-05-09,Cancelled,274.01,Google Pay
ORD004678,CUST00015,2026-08-08,Completed,40.0,Apple Pay
ORD004679,CUST03390,2026-04-01,Completed,16.11,Debit Card
ORD004680,CUST03315,2026-01-08,Shipped,19.03,Apple Pay
ORD004681,CUST00017,2026-05-01,Shipped,182.83,Google Pay
ORD004682,CUST02582,2026-02-15,Processing,44.14,PayPal
ORD004683,CUST01780,2026-01-24,Cancelled,80.01,Credit Card
ORD004684,CUST01950,2026-04-25,Shipped,75.07,Debit Card
ORD004685,CUST00081,2026-06-17,Processing,38.83,Debit Card
ORD004686,CUST03080,2026-06-28,Shipped,43.34,PayPal
ORD004687,CUST01019,2026-04-29,Completed,31.28,PayPal
ORD004688,CUST00780,2026-01-24,Cancelled,16.79,Debit Card
ORD004689,CUST01825,2026-01-22,Completed,123.6,Debit Card
ORD004690,CUST03865,2026-07-21,Cancelled,105.76,PayPal
ORD004691,CUST02470,2026-03-09,Cancelled,59.54,PayPal
ORD004692,CUST02514,2026-05-16,Completed,63.64,PayPal
ORD004693,CUST02131,2026-02-27,Completed,120.38,Google Pay
ORD004694,CUST00325,2026-01-15,Completed,12.18,Debit Card
ORD004695,CUST03491,2026-01-08,Processing,86.71,Debit Card
ORD004696,CUST00677,2026-08-09,Processing,124.16,PayPal
ORD004697,CUST02012,2026-06-19,Completed,226.67,Apple Pay
ORD004698,CUST04889,2026-06-16,Completed,115.5,Credit Card
ORD004699,CUST03617,2026-02-04,Shipped,184.33,Debit Card
ORD004700,CUST03134,2026-06-18,Shipped,51.77,Google Pay
ORD004701,CUST02705,2026-02-17,Completed,61.07,Credit Card
ORD004702,CUST01195,2026-07-25,Cancelled,34.29,Apple Pay
ORD004703,CUST03076,2026-04-06,Completed,39.41,Google Pay
ORD004704,CUST00905,2026-03-12,Cancelled,116.89,PayPal
ORD004705,CUST04598,2026-02-13,Completed,81.79,Apple Pay
ORD004706,CUST04895,2026-04-07,Shipped,87.3,PayPal
ORD004707,CUST02905,2026-02-04,Completed,20.6,Google Pay
ORD004708,CUST03301,2026-01-27,Completed,85.6,Google Pay
ORD004709,CUST01124,2026-07-12,Completed,157.47,PayPal
ORD004710,CUST04317,2026-03-11,Cancelled,82.6,Credit Card
ORD004711,CUST03058,2026-03-07,Completed,30.86,Debit Card
ORD004712,CUST02271,2026-03-12,Completed,58.87,Debit Card
ORD004713,CUST02725,2026-07-19,Cancelled,163.39,Google Pay
ORD004714,CUST02259,2026-07-10,Completed,75.16,Apple Pay
ORD004715,CUST03863,2026-08-09,Completed,146.91,PayPal
ORD004716,CUST00931,2026-03-21,Completed,231.44,Apple Pay
ORD004717,CUST03647,2026-01-29,Completed,53.15,PayPal
ORD004718,CUST04982,2026-01-31,Completed,28.75,Apple Pay
ORD004719,CUST04358,2026-07-11,Completed,42.74,PayPal
ORD004720,CUST01272,2026-08-02,Completed,233.85,Google Pay
ORD004721,CUST03813,2026-06-30,Completed,108.88,Credit Card
ORD004722,CUST00798,2026-07-21,Completed,71.96,Debit Card
ORD004723,CUST03135,2026-03-09,Shipped,129.0,Apple Pay
ORD004724,CUST03464,2026-01-25,Completed,44.28,Debit Card
ORD004725,CUST02588,2026-04-27,Processing,48.36,Apple Pay
ORD004726,CUST00417,2026-05-21,Cancelled,37.06,Google Pay
ORD004727,CUST04134,2026-03-22,Completed,277.92,Google Pay
ORD004728,CUST02356,2026-06-17,Completed,69.19,Apple Pay
ORD004729,CUST04942,2026-07-19,Cancelled,56.4,Apple Pay
ORD004730,CUST00898,2026-03-28,Completed,70.7,Apple Pay
ORD004731,CUST00053,2026-05-15,Completed,56.88,Google Pay
ORD004732,CUST00606,2026-06-09,Shipped,33.29,Credit Card
ORD004733,CUST03678,2026-01-24,Processing,129.0,Credit Card
ORD004734,CUST04548,2026-01-01,Shipped,18.65,Apple Pay
ORD004735,CUST00461,2026-04-21,Completed,70.2,PayPal
ORD004736,CUST00775,2026-02-16,Completed,94.29,Credit Card
ORD004737,CUST04031,2026-06-28,Completed,20.82,Google Pay
ORD004738,CUST03328,2026-02-05,Completed,83.68,Google Pay
ORD004739,CUST03323,2026-06-04,Completed,44.2,Google Pay
ORD004740,CUST02695,2026-07-17,Processing,19.2,Debit Card
ORD004741,CUST03519,2026-02-11,Shipped,68.87,Debit Card
ORD004742,CUST00485,2026-08-11,Completed,115.66,Google Pay
ORD004743,CUST04188,2026-03-17,Completed,532.15,Credit Card
ORD004744,CUST01188,2026-03-31,Shipped,45.89,Debit Card
ORD004745,CUST03728,2026-03-30,Completed,85.45,PayPal
ORD004746,CUST03997,2026-03-09,Cancelled,115.9,Apple Pay
ORD004747,CUST02993,2026-03-11,Processing,66.55,Debit Card
ORD004748,CUST01710,2026-04-20,Processing,100.73,Debit Card
ORD004749,CUST01990,2026-05-06,Shipped,44.76,Credit Card
ORD004750,CUST04274,2026-05-21,Completed,53.25,Credit Card
ORD004751,CUST04346,2026-06-02,Processing,25.06,PayPal
ORD004752,CUST04861,2026-04-05,Completed,46.45,PayPal
ORD004753,CUST03639,2026-01-22,Completed,19.04,PayPal
ORD004754,CUST02715,2026-01-21,Completed,20.32,PayPal
ORD004755,CUST04187,2026-05-23,Processing,111.96,Debit Card
ORD004756,CUST00339,2026-07-14,Completed,24.41,PayPal
ORD004757,CUST01662,2026-06-14,Cancelled,116.23,PayPal
ORD004758,CUST04265,2026-02-14,Completed,54.01,Google Pay
ORD004759,CUST03695,2026-06-03,Completed,54.09,Debit Card
ORD004760,CUST04876,2026-04-21,Cancelled,35.92,Debit Card
ORD004761,CUST00170,2026-07-28,Completed,59.06,Debit Card
ORD004762,CUST04234,2026-07-02,Cancelled,177.5,Apple Pay
ORD004763,CUST03100,2026-06-27,Completed,36.36,PayPal
ORD004764,CUST04615,2026-06-12,Processing,47.33,PayPal
ORD004765,CUST03013,2026-06-18,Completed,104.74,PayPal
ORD004766,CUST02611,2026-03-13,Processing,26.85,Credit Card
ORD004767,CUST02474,2026-04-26,Completed,25.16,Credit Card
ORD004768,CUST03762,2026-01-11,Processing,58.34,Credit Card
ORD004769,CUST02689,2026-03-29,Cancelled,139.7,Apple Pay
ORD004770,CUST04805,2026-05-16,Completed,56.76,PayPal
ORD004771,CUST01291,2026-02-23,Completed,49.77,Debit Card
ORD004772,CUST02036,2026-08-10,Completed,58.92,Debit Card
ORD004773,CUST00107,2026-05-09,Cancelled,56.66,Google Pay
ORD004774,CUST02608,2026-08-14,Completed,38.35,Credit Card
ORD004775,CUST02186,2026-01-20,Completed,115.75,Apple Pay
ORD004776,CUST01689,2026-04-10,Completed,70.61,Google Pay
ORD004777,CUST00006,2026-02-03,Completed,42.18,Apple Pay
ORD004778,CUST00523,2026-02-26,Completed,63.1,Debit Card
ORD004779,CUST03344,2026-08-14,Cancelled,48.04,PayPal
ORD004780,CUST03896,2026-05-21,Shipped,22.32,Debit Card
ORD004781,CUST00066,2026-05-05,Processing,275.21,Debit Card
ORD004782,CUST03411,2026-07-01,Completed,66.18,Credit Card
ORD004783,CUST02982,2026-02-22,Processing,30.02,Debit Card
ORD004784,CUST04594,2026-02-21,Cancelled,27.05,Apple Pay
ORD004785,CUST02816,2026-05-14,Completed,21.33,PayPal
ORD004786,CUST02018,2026-02-05,Completed,36.06,Credit Card
ORD004787,CUST01743,2026-06-02,Completed,26.31,Google Pay
ORD004788,CUST03510,2026-04-01,Completed,51.81,Debit Card
ORD004789,CUST04082,2026-07-05,Processing,190.3,Credit Card
ORD004790,CUST03535,2026-07-02,Completed,36.92,Credit Card
ORD004791,CUST02783,2026-04-05,Shipped,593.08,Credit Card
ORD004792,CUST00363,2026-01-03,Cancelled,95.45,Apple Pay
ORD004793,CUST03282,2026-01-28,Completed,280.58,Google Pay
ORD004794,CUST01635,2026-05-02,Processing,24.37,Credit Card
ORD004795,CUST00525,2026-07-15,Completed,36.95,Apple Pay
ORD004796,CUST04927,2026-07-28,Completed,38.35,Google Pay
ORD004797,CUST01723,2026-06-15,Completed,57.2,PayPal
ORD004798,CUST00420,2026-02-03,Completed,97.14,Apple Pay
ORD004799,CUST04229,2026-03-25,Processing,20.77,Credit Card
ORD004800,CUST03865,2026-05-21,Cancelled,110.92,Debit Card
ORD004801,CUST01068,2026-04-21,Completed,36.95,Apple Pay
ORD004802,CUST01401,2026-01-05,Completed,216.24,PayPal
ORD004803,CUST01420,2026-05-08,Completed,77.26,Google Pay
ORD004804,CUST03134,2026-07-07,Completed,145.12,PayPal
ORD004805,CUST03637,2026-03-29,Shipped,43.85,Google Pay
ORD004806,CUST04003,2026-04-25,Processing,88.63,Apple Pay
ORD004807,CUST00630,2026-04-12,Cancelled,43.4,Google Pay
ORD004808,CUST04417,2026-01-17,Processing,92.43,Credit Card
ORD004809,CUST01835,2026-07-04,Completed,71.32,Apple Pay
ORD004810,CUST04132,2026-01-31,Cancelled,176.43,Debit Card
ORD004811,CUST02354,2026-04-02,Completed,116.52,PayPal
ORD004812,CUST03056,2026-07-12,Processing,84.17,PayPal
ORD004813,CUST02941,2026-07-13,Completed,68.93,Apple Pay
ORD004814,CUST00012,2026-06-10,Completed,63.68,Debit Card
ORD004815,CUST02131,2026-04-14,Shipped,21.28,Apple Pay
ORD004816,CUST03104,2026-04-03,Completed,27.35,Credit Card
ORD004817,CUST01432,2026-05-12,Cancelled,32.06,Credit Card
ORD004818,CUST03158,2026-03-23,Cancelled,192.68,Debit Card
ORD004819,CUST01435,2026-02-24,Completed,41.56,Apple Pay
ORD004820,CUST00957,2026-06-01,Cancelled,44.06,Debit Card
ORD004821,CUST03859,2026-06-09,Processing,92.48,Debit Card
ORD004822,CUST04809,2026-03-14,Cancelled,31.74,Credit Card
ORD004823,CUST03635,2026-02-16,Completed,162.16,Credit Card
ORD004824,CUST03904,2026-05-24,Cancelled,10.07,Debit Card
ORD004825,CUST00241,2026-05-29,Shipped,143.22,Debit Card
ORD004826,CUST01956,2026-04-04,Cancelled,221.25,Google Pay
ORD004827,CUST02013,2026-03-08,Completed,76.7,Credit Card
ORD004828,CUST04992,2026-04-07,Completed,37.09,Debit Card
ORD004829,CUST04066,2026-06-08,Completed,117.31,Google Pay
ORD004830,CUST02804,2026-04-30,Shipped,35.83,Debit Card
ORD004831,CUST03904,2026-05-22,Completed,264.56,Google Pay
ORD004832,CUST01025,2026-05-14,Processing,89.76,Debit Card
ORD004833,CUST00601,2026-07-16,Completed,31.77,Apple Pay
ORD004834,CUST02330,2026-06-06,Processing,107.81,Credit Card
ORD004835,CUST02699,2026-07-02,Cancelled,29.28,Debit Card
ORD004836,CUST04695,2026-02-06,Processing,34.7,PayPal
ORD004837,CUST03027,2026-07-06,Cancelled,103.67,PayPal
ORD004838,CUST01143,2026-06-13,Completed,36.91,Google Pay
ORD004839,CUST01012,2026-08-01,Processing,65.8,Credit Card
ORD004840,CUST01104,2026-07-23,Shipped,90.46,Google Pay
ORD004841,CUST01647,2026-04-20,Completed,37.67,Credit Card
ORD004842,CUST01701,2026-07-06,Completed,41.21,PayPal
ORD004843,CUST00219,2026-08-03,Completed,200.8,PayPal
ORD004844,CUST03589,2026-03-19,Processing,97.22,Google Pay
ORD004845,CUST00727,2026-07-11,Completed,59.9,Apple Pay
ORD004846,CUST04614,2026-06-20,Completed,56.84,PayPal
ORD004847,CUST00812,2026-04-28,Completed,26.17,Credit Card
ORD004848,CUST04910,2026-02-11,Shipped,84.31,Debit Card
ORD004849,CUST04710,2026-03-15,Completed,65.26,Debit Card
ORD004850,CUST04522,2026-05-05,Completed,114.64,Debit Card
ORD004851,CUST01584,2026-03-01,Completed,13.9,PayPal
ORD004852,CUST04038,2026-07-09,Completed,52.43,Apple Pay
ORD004853,CUST00883,2026-03-05,Completed,56.76,PayPal
ORD004854,CUST00432,2026-08-07,Completed,76.48,Credit Card
ORD004855,CUST04035,2026-02-27,Completed,71.01,PayPal
ORD004856,CUST00948,2026-01-02,Cancelled,87.22,PayPal
ORD004857,CUST03908,2026-03-19,Completed,52.62,PayPal
ORD004858,CUST01668,2026-03-12,Processing,25.2,PayPal
ORD004859,CUST02983,2026-07-28,Cancelled,21.73,Credit Card
ORD004860,CUST02540,2026-04-30,Completed,57.78,PayPal
ORD004861,CUST02114,2026-07-31,Completed,492.19,Apple Pay
ORD004862,CUST00391,2026-01-08,Completed,90.75,Google Pay
ORD004863,CUST00083,2026-07-03,Completed,357.01,Credit Card
ORD004864,CUST01003,2026-07-31,Shipped,98.14,Apple Pay
ORD004865,CUST00481,2026-06-13,Completed,28.86,Debit Card
ORD004866,CUST00777,2026-07-16,Cancelled,55.16,Debit Card
ORD004867,CUST04090,2026-01-13,Shipped,355.71,Credit Card
ORD004868,CUST01755,2026-02-08,Shipped,103.81,Google Pay
ORD004869,CUST01249,2026-04-12,Shipped,101.67,PayPal
ORD004870,CUST01137,2026-03-22,Cancelled,37.16,Credit Card
ORD004871,CUST02700,2026-01-06,Cancelled,60.58,PayPal
ORD004872,CUST03257,2026-01-19,Completed,28.53,PayPal
ORD004873,CUST01536,2026-06-02,Processing,44.5,Debit Card
ORD004874,CUST03245,2026-05-11,Completed,67.45,Google Pay
ORD004875,CUST00523,2026-04-15,Processing,39.2,PayPal
ORD004876,CUST01695,2026-02-22,Completed,117.9,Credit Card
ORD004877,CUST02253,2026-01-28,Shipped,40.26,Debit Card
ORD004878,CUST04838,2026-06-03,Completed,75.55,PayPal
ORD004879,CUST03610,2026-02-16,Processing,120.48,Debit Card
ORD004880,CUST00278,2026-05-16,Cancelled,258.28,Debit Card
ORD004881,CUST00148,2026-02-26,Cancelled,77.95,Credit Card
ORD004882,CUST04874,2026-02-24,Completed,29.41,Credit Card
ORD004883,CUST04515,2026-03-20,Cancelled,59.7,Apple Pay
ORD004884,CUST02586,2026-01-01,Processing,237.96,PayPal
ORD004885,CUST03655,2026-06-17,Completed,117.34,Debit Card
ORD004886,CUST03621,2026-01-23,Completed,69.05,Apple Pay
ORD004887,CUST02440,2026-07-01,Completed,90.19,Credit Card
ORD004888,CUST00940,2026-02-11,Cancelled,73.39,Google Pay
ORD004889,CUST03710,2026-07-27,Cancelled,24.7,Debit Card
ORD004890,CUST04338,2026-06-27,Completed,69.67,Google Pay
ORD004891,CUST01224,2026-01-04,Completed,37.07,Google Pay
ORD004892,CUST03364,2026-01-08,Processing,41.18,Debit Card
ORD004893,CUST03024,2026-06-13,Cancelled,49.48,Apple Pay
ORD004894,CUST01818,2026-01-10,Shipped,14.08,Apple Pay
ORD004895,CUST03373,2026-04-26,Cancelled,53.66,Debit Card
ORD004896,CUST00684,2026-06-07,Processing,18.62,PayPal
ORD004897,CUST01233,2026-04-10,Completed,108.42,Google Pay
ORD004898,CUST03386,2026-01-16,Completed,14.35,Apple Pay
ORD004899,CUST00617,2026-06-07,Cancelled,17.92,Debit Card
ORD004900,CUST02074,2026-03-05,Processing,16.17,Credit Card
ORD004901,CUST02911,2026-04-18,Shipped,75.07,Credit Card
ORD004902,CUST02018,2026-07-21,Shipped,60.09,Debit Card
ORD004903,CUST04224,2026-05-01,Processing,199.27,PayPal
ORD004904,CUST04509,2026-05-19,Completed,81.65,Credit Card
ORD004905,CUST02185,2026-06-11,Shipped,17.6,PayPal
ORD004906,CUST01358,2026-07-27,Shipped,33.48,Debit Card
ORD004907,CUST04667,2026-02-24,Cancelled,69.06,Debit Card
ORD004908,CUST03064,2026-03-24,Cancelled,76.1,Google Pay
ORD004909,CUST02469,2026-01-04,Completed,17.24,Debit Card
ORD004910,CUST03921,2026-06-26,Completed,113.45,PayPal
ORD004911,CUST04237,2026-02-13,Completed,32.9,Apple Pay
ORD004912,CUST01940,2026-06-08,Completed,33.37,Credit Card
ORD004913,CUST03857,2026-02-17,Processing,127.92,Credit Card
ORD004914,CUST00051,2026-04-09,Processing,60.79,Google Pay
ORD004915,CUST02977,2026-04-08,Completed,76.54,Apple Pay
ORD004916,CUST01361,2026-01-26,Completed,87.35,PayPal
ORD004917,CUST03737,2026-04-13,Completed,20.29,PayPal
ORD004918,CUST03803,2026-07-17,Shipped,71.86,Google Pay
ORD004919,CUST03803,2026-04-07,Completed,232.15,Debit Card
ORD004920,CUST00366,2026-08-07,Processing,52.13,Apple Pay
ORD004921,CUST02956,2026-01-12,Processing,78.47,Credit Card
ORD004922,CUST03046,2026-02-14,Completed,357.42,Apple Pay
ORD004923,CUST02004,2026-05-16,Completed,177.84,Google Pay
ORD004924,CUST02902,2026-01-09,Cancelled,44.38,Debit Card
ORD004925,CUST00258,2026-01-01,Shipped,85.09,Apple Pay
ORD004926,CUST03460,2026-05-13,Processing,102.27,Debit Card
ORD004927,CUST00045,2026-03-12,Completed,273.25,Apple Pay
ORD004928,CUST00269,2026-07-29,Shipped,31.85,Credit Card
ORD004929,CUST01335,2026-02-23,Shipped,516.88,PayPal
ORD004930,CUST00672,2026-04-14,Completed,73.88,Apple Pay
ORD004931,CUST03639,2026-06-01,Completed,48.47,PayPal
ORD004932,CUST00235,2026-06-03,Completed,93.24,PayPal
ORD004933,CUST03208,2026-01-10,Completed,46.8,PayPal
ORD004934,CUST02401,2026-07-08,Completed,47.73,Google Pay
ORD004935,CUST01418,2026-02-09,Completed,40.52,Credit Card
ORD004936,CUST04371,2026-02-13,Cancelled,41.19,PayPal
ORD004937,CUST03255,2026-04-22,Cancelled,18.52,Credit Card
ORD004938,CUST00440,2026-01-12,Processing,19.24,Apple Pay
ORD004939,CUST04968,2026-01-22,Completed,34.39,Credit Card
ORD004940,CUST00651,2026-06-04,Completed,72.82,Debit Card
ORD004941,CUST00034,2026-07-14,Completed,36.34,PayPal
ORD004942,CUST02753,2026-03-23,Completed,265.4,Apple Pay
ORD004943,CUST04963,2026-07-16,Completed,94.32,PayPal
ORD004944,CUST03033,2026-05-22,Processing,37.73,PayPal
ORD004945,CUST04928,2026-06-02,Cancelled,213.67,Apple Pay
ORD004946,CUST01111,2026-02-21,Cancelled,51.88,Apple Pay
ORD004947,CUST03282,2026-08-11,Completed,51.59,Google Pay
ORD004948,CUST00462,2026-08-01,Completed,94.6,Google Pay
ORD004949,CUST00322,2026-04-22,Shipped,57.3,Google Pay
ORD004950,CUST04511,2026-04-28,Completed,64.63,Credit Card
ORD004951,CUST01875,2026-02-28,Shipped,96.6,Debit Card
ORD004952,CUST03040,2026-02-07,Completed,27.15,Debit Card
ORD004953,CUST02238,2026-01-20,Completed,55.99,Credit Card
ORD004954,CUST04022,2026-03-19,Completed,31.27,Google Pay
ORD004955,CUST01257,2026-01-20,Completed,77.06,Debit Card
ORD004956,CUST02440,2026-07-03,Cancelled,22.47,Google Pay
ORD004957,CUST04010,2026-04-11,Cancelled,181.7,Apple Pay
ORD004958,CUST03241,2026-04-20,Shipped,39.87,Credit Card
ORD004959,CUST04264,2026-01-30,Shipped,47.77,Google Pay
ORD004960,CUST03303,2026-04-17,Processing,55.68,Credit Card
ORD004961,CUST02712,2026-02-10,Completed,30.69,PayPal
ORD004962,CUST01410,2026-03-25,Shipped,71.0,Credit Card
ORD004963,CUST02429,2026-03-12,Completed,131.18,Credit Card
ORD004964,CUST01833,2026-03-04,Completed,47.9,Google Pay
ORD004965,CUST02025,2026-07-16,Completed,44.83,Credit Card
ORD004966,CUST03347,2026-04-05,Completed,94.69,PayPal
ORD004967,CUST04994,2026-01-29,Processing,90.73,Apple Pay
ORD004968,CUST03932,2026-07-26,Shipped,65.83,Debit Card
ORD004969,CUST02912,2026-08-05,Completed,141.46,Apple Pay
ORD004970,CUST04958,2026-03-18,Completed,80.58,Credit Card
ORD004971,CUST04246,2026-06-21,Processing,208.89,PayPal
ORD004972,CUST03214,2026-08-04,Completed,48.82,PayPal
ORD004973,CUST02164,2026-03-20,Cancelled,27.12,Apple Pay
ORD004974,CUST04920,2026-08-04,Shipped,159.78,Google Pay
ORD004975,CUST01453,2026-08-06,Shipped,17.56,Debit Card
ORD004976,CUST02754,2026-03-24,Completed,33.41,Credit Card
ORD004977,CUST02902,2026-02-26,Completed,30.3,Credit Card
ORD004978,CUST03072,2026-06-01,Shipped,62.98,Apple Pay
ORD004979,CUST04047,2026-05-27,Shipped,57.17,PayPal
ORD004980,CUST00306,2026-01-17,Completed,141.04,PayPal
ORD004981,CUST01385,2026-04-22,Completed,63.22,Google Pay
ORD004982,CUST03368,2026-07-16,Completed,40.37,Debit Card
ORD004983,CUST01575,2026-07-08,Completed,49.57,Credit Card
ORD004984,CUST00873,2026-05-12,Completed,31.28,Apple Pay
ORD004985,CUST00169,2026-05-30,Processing,95.81,Google Pay
ORD004986,CUST01604,2026-07-21,Cancelled,170.95,Debit Card
ORD004987,CUST01031,2026-08-01,Processing,69.84,Credit Card
ORD004988,CUST01735,2026-08-05,Processing,59.59,Debit Card
ORD004989,CUST04443,2026-01-06,Processing,83.6,Credit Card
ORD004990,CUST03668,2026-06-07,Completed,43.89,Debit Card
ORD004991,CUST04831,2026-04-03,Completed,54.67,Debit Card
ORD004992,CUST01277,2026-03-16,Completed,53.73,Apple Pay
ORD004993,CUST00543,2026-05-19,Completed,98.8,Google Pay
ORD004994,CUST00355,2026-02-17,Completed,46.05,PayPal
ORD004995,CUST04809,2026-02-15,Processing,13.71,Debit Card
ORD004996,CUST04037,2026-06-04,Shipped,27.29,Apple Pay
ORD004997,CUST03440,2026-05-27,Processing,303.42,PayPal
ORD004998,CUST00584,2026-03-27,Completed,53.82,Google Pay
ORD004999,CUST00511,2026-04-02,Completed,85.67,Google Pay
ORD005000,CUST00947,2026-02-28,Completed,56.94,Debit Card
ORD005001,CUST03474,2026-05-04,Completed,57.27,Credit Card
ORD005002,CUST01199,2026-07-15,Completed,27.6,Google Pay
ORD005003,CUST02872,2026-07-01,Completed,198.86,Apple Pay
ORD005004,CUST03996,2026-03-24,Shipped,35.75,Debit Card
ORD005005,CUST03922,2026-05-25,Processing,35.16,Google Pay
ORD005006,CUST04174,2026-02-19,Completed,78.87,Debit Card
ORD005007,CUST04536,2026-06-17,Completed,136.4,Credit Card
ORD005008,CUST03304,2026-04-10,Cancelled,49.82,Google Pay
ORD005009,CUST02448,2026-03-28,Cancelled,16.26,Debit Card
ORD005010,CUST03285,2026-04-24,Completed,16.63,Apple Pay
ORD005011,CUST01217,2026-08-08,Processing,178.04,Google Pay
ORD005012,CUST01291,2026-05-19,Processing,63.51,Credit Card
ORD005013,CUST04222,2026-05-02,Shipped,152.95,PayPal
ORD005014,CUST00502,2026-01-14,Completed,71.14,PayPal
ORD005015,CUST02872,2026-01-13,Completed,33.23,Debit Card
ORD005016,CUST00387,2026-03-29,Shipped,79.27,Google Pay
ORD005017,CUST00412,2026-03-21,Shipped,72.79,Google Pay
ORD005018,CUST02007,2026-06-05,Completed,85.59,Credit Card
ORD005019,CUST02148,2026-08-10,Completed,63.93,PayPal
ORD005020,CUST03869,2026-06-21,Shipped,43.14,Apple Pay
ORD005021,CUST01339,2026-03-04,Shipped,134.58,PayPal
ORD005022,CUST00353,2026-04-13,Shipped,57.72,Google Pay
ORD005023,CUST04965,2026-04-16,Completed,71.17,Apple Pay
ORD005024,CUST03189,2026-07-08,Shipped,30.4,Apple Pay
ORD005025,CUST01303,2026-08-07,Processing,28.31,Credit Card
ORD005026,CUST00847,2026-01-17,Cancelled,34.32,Debit Card
ORD005027,CUST00526,2026-02-19,Completed,28.24,Debit Card
ORD005028,CUST02525,2026-06-03,Completed,13.32,Credit Card
ORD005029,CUST01879,2026-05-15,Cancelled,38.93,Google Pay
ORD005030,CUST04106,2026-05-03,Completed,175.28,Google Pay
ORD005031,CUST03631,2026-03-20,Shipped,44.92,Debit Card
ORD005032,CUST03810,2026-01-16,Completed,24.96,PayPal
ORD005033,CUST02820,2026-08-01,Completed,99.15,Credit Card
ORD005034,CUST02908,2026-01-17,Processing,55.56,PayPal
ORD005035,CUST03078,2026-03-31,Processing,46.42,Credit Card
ORD005036,CUST03831,2026-06-12,Completed,26.03,Credit Card
ORD005037,CUST01059,2026-03-25,Cancelled,60.64,Debit Card
ORD005038,CUST02490,2026-03-25,Completed,61.81,Debit Card
ORD005039,CUST03649,2026-05-31,Completed,74.74,PayPal
ORD005040,CUST03265,2026-07-16,Completed,63.54,Google Pay
ORD005041,CUST03602,2026-01-09,Completed,54.62,Apple Pay
ORD005042,CUST02294,2026-08-03,Completed,60.41,PayPal
ORD005043,CUST00675,2026-01-18,Completed,55.87,Credit Card
ORD005044,CUST01879,2026-08-09,Processing,21.48,Apple Pay
ORD005045,CUST01012,2026-03-16,Shipped,237.72,Apple Pay
ORD005046,CUST00794,2026-06-25,Completed,91.92,Apple Pay
ORD005047,CUST00233,2026-03-13,Completed,66.76,Apple Pay
ORD005048,CUST03028,2026-04-01,Completed,51.33,Apple Pay
ORD005049,CUST03610,2026-03-07,Completed,53.59,PayPal
ORD005050,CUST02174,2026-01-23,Completed,73.99,Debit Card
ORD005051,CUST03385,2026-08-01,Completed,161.12,Debit Card
ORD005052,CUST04607,2026-05-18,Completed,37.28,Credit Card
ORD005053,CUST02329,2026-02-07,Processing,72.98,Google Pay
ORD005054,CUST00798,2026-05-08,Shipped,19.44,PayPal
ORD005055,CUST03685,2026-02-28,Shipped,106.58,Apple Pay
ORD005056,CUST04488,2026-03-09,Completed,76.7,Debit Card
ORD005057,CUST04478,2026-03-26,Completed,56.15,Credit Card
ORD005058,CUST02590,2026-04-29,Completed,13.27,Apple Pay
ORD005059,CUST04702,2026-06-20,Completed,40.41,Credit Card
ORD005060,CUST04212,2026-01-12,Cancelled,31.27,Apple Pay
ORD005061,CUST00509,2026-04-22,Completed,31.82,Apple Pay
ORD005062,CUST01464,2026-04-26,Processing,16.45,Debit Card
ORD005063,CUST03363,2026-06-30,Completed,46.71,Debit Card
ORD005064,CUST03111,2026-05-22,Processing,215.92,Apple Pay
ORD005065,CUST01048,2026-02-21,Completed,99.12,Debit Card
ORD005066,CUST04872,2026-03-25,Processing,62.62,PayPal
ORD005067,CUST04436,2026-04-21,Completed,88.68,Apple Pay
ORD005068,CUST00169,2026-07-19,Completed,279.92,Debit Card
ORD005069,CUST01562,2026-08-07,Completed,29.95,Credit Card
ORD005070,CUST03173,2026-03-02,Cancelled,34.94,Credit Card
ORD005071,CUST00575,2026-06-18,Completed,42.91,Credit Card
ORD005072,CUST01743,2026-01-21,Shipped,22.4,Google Pay
ORD005073,CUST04571,2026-06-25,Cancelled,75.57,Credit Card
ORD005074,CUST04017,2026-02-25,Shipped,48.67,Credit Card
ORD005075,CUST02359,2026-02-04,Processing,93.4,PayPal
ORD005076,CUST04025,2026-02-13,Shipped,108.06,PayPal
ORD005077,CUST00531,2026-02-08,Shipped,151.97,Google Pay
ORD005078,CUST00991,2026-05-23,Completed,100.1,PayPal
ORD005079,CUST02121,2026-05-20,Completed,46.36,Debit Card
ORD005080,CUST04965,2026-04-27,Completed,42.23,Credit Card
ORD005081,CUST02442,2026-08-14,Shipped,30.18,Debit Card
ORD005082,CUST02529,2026-01-08,Processing,62.34,Google Pay
ORD005083,CUST02521,2026-05-04,Completed,77.53,Debit Card
ORD005084,CUST04409,2026-04-11,Completed,21.26,Debit Card
ORD005085,CUST01462,2026-08-10,Processing,135.65,Debit Card
ORD005086,CUST00952,2026-03-08,Completed,61.46,PayPal
ORD005087,CUST00965,2026-04-04,Processing,46.31,Credit Card
ORD005088,CUST02135,2026-04-03,Completed,29.65,Debit Card
ORD005089,CUST04455,2026-05-09,Cancelled,161.37,Apple Pay
ORD005090,CUST00695,2026-03-21,Completed,86.15,Credit Card
ORD005091,CUST02245,2026-02-11,Completed,110.36,Credit Card
ORD005092,CUST02804,2026-01-31,Cancelled,55.93,Apple Pay
ORD005093,CUST03912,2026-05-02,Completed,187.11,Google Pay
ORD005094,CUST03025,2026-03-15,Processing,107.39,Google Pay
ORD005095,CUST01409,2026-06-07,Completed,152.32,Credit Card
ORD005096,CUST04594,2026-02-12,Shipped,136.27,PayPal
ORD005097,CUST02979,2026-01-26,Processing,39.01,Google Pay
ORD005098,CUST00462,2026-01-12,Cancelled,69.71,Google Pay
ORD005099,CUST01618,2026-05-07,Shipped,153.53,Debit Card
ORD005100,CUST00417,2026-04-14,Completed,84.96,Debit Card
ORD005101,CUST01389,2026-07-06,Shipped,30.22,Google Pay
ORD005102,CUST04368,2026-03-10,Cancelled,64.22,PayPal
ORD005103,CUST04488,2026-03-14,Cancelled,106.87,Debit Card
ORD005104,CUST02595,2026-01-11,Completed,21.74,PayPal
ORD005105,CUST04821,2026-02-16,Completed,30.62,Credit Card
ORD005106,CUST01747,2026-01-23,Completed,22.31,PayPal
ORD005107,CUST03502,2026-03-22,Completed,84.15,Debit Card
ORD005108,CUST02860,2026-06-20,Shipped,179.75,Apple Pay
ORD005109,CUST03979,2026-03-18,Completed,14.58,PayPal
ORD005110,CUST04491,2026-07-28,Shipped,69.81,Google Pay
ORD005111,CUST04758,2026-08-03,Cancelled,38.65,PayPal
ORD005112,CUST00853,2026-05-03,Completed,199.5,PayPal
ORD005113,CUST03291,2026-06-16,Processing,70.28,PayPal
ORD005114,CUST01712,2026-03-14,Processing,109.79,Google Pay
ORD005115,CUST02526,2026-07-29,Processing,159.93,PayPal
ORD005116,CUST03647,2026-02-24,Shipped,68.25,Apple Pay
ORD005117,CUST02031,2026-01-18,Processing,17.09,Google Pay
ORD005118,CUST00237,2026-04-04,Completed,55.52,Apple Pay
ORD005119,CUST01057,2026-06-19,Completed,69.91,Apple Pay
ORD005120,CUST02261,2026-06-03,Cancelled,26.53,Apple Pay
ORD005121,CUST02427,2026-01-18,Completed,16.09,Google Pay
ORD005122,CUST01026,2026-08-01,Cancelled,22.93,Debit Card
ORD005123,CUST00909,2026-05-08,Completed,153.19,Google Pay
ORD005124,CUST00450,2026-02-10,Completed,26.64,PayPal
ORD005125,CUST00569,2026-06-19,Completed,430.34,Apple Pay
ORD005126,CUST03499,2026-02-02,Processing,164.38,PayPal
ORD005127,CUST02861,2026-02-12,Completed,114.56,Apple Pay
ORD005128,CUST02327,2026-01-14,Shipped,20.44,Apple Pay
ORD005129,CUST04310,2026-07-02,Shipped,161.49,PayPal
ORD005130,CUST01309,2026-02-27,Processing,42.42,Credit Card
ORD005131,CUST00718,2026-05-18,Processing,16.74,Apple Pay
ORD005132,CUST00970,2026-01-28,Completed,72.23,Credit Card
ORD005133,CUST03346,2026-01-14,Completed,82.86,Google Pay
ORD005134,CUST02486,2026-07-30,Cancelled,34.51,Apple Pay
ORD005135,CUST03656,2026-06-03,Shipped,39.62,Apple Pay
ORD005136,CUST02719,2026-03-15,Completed,53.26,Google Pay
ORD005137,CUST00904,2026-05-25,Completed,52.29,PayPal
ORD005138,CUST01451,2026-06-11,Completed,101.9,PayPal
ORD005139,CUST01456,2026-01-14,Cancelled,49.78,Credit Card
ORD005140,CUST04231,2026-06-03,Shipped,190.91,Google Pay
ORD005141,CUST00532,2026-06-11,Completed,75.27,Apple Pay
ORD005142,CUST02268,2026-07-30,Completed,18.88,Credit Card
ORD005143,CUST00333,2026-01-24,Cancelled,135.39,PayPal
ORD005144,CUST01322,2026-08-11,Completed,33.49,Apple Pay
ORD005145,CUST04053,2026-04-14,Completed,134.17,PayPal
ORD005146,CUST01709,2026-03-11,Processing,76.64,Credit Card
ORD005147,CUST03527,2026-01-20,Cancelled,34.05,PayPal
ORD005148,CUST00401,2026-06-16,Cancelled,45.04,PayPal
ORD005149,CUST03631,2026-05-01,Completed,83.05,Google Pay
ORD005150,CUST03038,2026-06-22,Processing,72.97,Credit Card
ORD005151,CUST03992,2026-02-03,Cancelled,117.7,Apple Pay
ORD005152,CUST01479,2026-05-30,Completed,81.69,PayPal
ORD005153,CUST01915,2026-03-12,Completed,60.33,PayPal
ORD005154,CUST01058,2026-02-02,Completed,64.87,Debit Card
ORD005155,CUST02994,2026-01-06,Cancelled,52.88,Credit Card
ORD005156,CUST00042,2026-01-16,Shipped,87.29,Credit Card
ORD005157,CUST04897,2026-07-19,Completed,80.94,Apple Pay
ORD005158,CUST02171,2026-04-19,Processing,72.22,Google Pay
ORD005159,CUST00027,2026-01-23,Completed,302.35,Apple Pay
ORD005160,CUST03534,2026-05-26,Completed,78.73,Credit Card
ORD005161,CUST02619,2026-01-14,Completed,142.79,PayPal
ORD005162,CUST01171,2026-02-19,Processing,38.26,Google Pay
ORD005163,CUST03699,2026-03-02,Processing,60.78,Google Pay
ORD005164,CUST00711,2026-02-05,Completed,13.49,Credit Card
ORD005165,CUST03200,2026-01-15,Cancelled,64.23,Credit Card
ORD005166,CUST02424,2026-01-05,Shipped,39.29,Apple Pay
ORD005167,CUST02019,2026-02-22,Cancelled,36.79,Debit Card
ORD005168,CUST04761,2026-02-17,Shipped,70.13,Credit Card
ORD005169,CUST04879,2026-07-26,Completed,45.52,Credit Card
ORD005170,CUST02899,2026-01-11,Completed,20.48,Apple Pay
ORD005171,CUST02048,2026-01-02,Completed,52.31,Credit Card
ORD005172,CUST01559,2026-03-28,Processing,722.45,Apple Pay
ORD005173,CUST03595,2026-01-24,Cancelled,81.07,Credit Card
ORD005174,CUST01723,2026-07-29,Completed,73.35,PayPal
ORD005175,CUST04053,2026-03-09,Processing,27.34,Credit Card
ORD005176,CUST01652,2026-03-20,Completed,25.3,Debit Card
ORD005177,CUST01779,2026-01-12,Completed,31.34,Google Pay
ORD005178,CUST00684,2026-07-06,Completed,73.42,Apple Pay
ORD005179,CUST01280,2026-03-08,Completed,25.67,Debit Card
ORD005180,CUST02295,2026-06-09,Completed,164.1,Apple Pay
ORD005181,CUST02011,2026-02-05,Completed,26.75,Debit Card
ORD005182,CUST01216,2026-05-29,Shipped,106.19,Apple Pay
ORD005183,CUST02583,2026-04-22,Completed,72.77,Apple Pay
ORD005184,CUST01894,2026-07-17,Completed,172.94,Google Pay
ORD005185,CUST00314,2026-07-13,Completed,28.05,Credit Card
ORD005186,CUST03995,2026-05-02,Completed,516.71,Apple Pay
ORD005187,CUST00444,2026-05-17,Completed,68.92,Apple Pay
ORD005188,CUST01672,2026-07-23,Completed,139.51,Google Pay
ORD005189,CUST02917,2026-02-13,Processing,79.42,Apple Pay
ORD005190,CUST03267,2026-02-28,Shipped,28.69,Apple Pay
ORD005191,CUST04678,2026-06-01,Shipped,35.24,PayPal
ORD005192,CUST04644,2026-05-07,Processing,61.41,PayPal
ORD005193,CUST03096,2026-03-04,Completed,35.14,PayPal
ORD005194,CUST04561,2026-07-25,Completed,66.97,Google Pay
ORD005195,CUST01865,2026-02-10,Completed,111.9,Apple Pay
ORD005196,CUST00716,2026-03-17,Completed,147.99,Google Pay
ORD005197,CUST00892,2026-08-07,Completed,194.21,Google Pay
ORD005198,CUST03808,2026-07-21,Completed,58.46,Debit Card
ORD005199,CUST00501,2026-04-17,Processing,44.86,Credit Card
ORD005200,CUST02783,2026-05-10,Processing,17.94,Debit Card
ORD005201,CUST02641,2026-04-05,Shipped,11.58,Credit Card
ORD005202,CUST04503,2026-01-28,Processing,56.37,Debit Card
ORD005203,CUST01354,2026-05-24,Completed,145.0,Apple Pay
ORD005204,CUST00703,2026-02-28,Completed,65.67,Google Pay
ORD005205,CUST02334,2026-05-09,Completed,80.82,Debit Card
ORD005206,CUST02195,2026-03-27,Completed,29.52,Debit Card
ORD005207,CUST02010,2026-01-01,Completed,44.13,Apple Pay
ORD005208,CUST00384,2026-01-31,Cancelled,136.82,Google Pay
ORD005209,CUST02059,2026-01-22,Shipped,82.25,Credit Card
ORD005210,CUST02324,2026-08-14,Completed,43.58,Debit Card
ORD005211,CUST00886,2026-07-23,Cancelled,96.4,Credit Card
ORD005212,CUST01592,2026-07-06,Completed,65.72,PayPal
ORD005213,CUST04399,2026-04-29,Completed,128.96,Debit Card
ORD005214,CUST02252,2026-08-03,Completed,84.84,Google Pay
ORD005215,CUST04441,2026-01-28,Completed,47.97,PayPal
ORD005216,CUST01784,2026-04-26,Completed,51.63,PayPal
ORD005217,CUST04922,2026-03-17,Completed,23.1,Debit Card
ORD005218,CUST04118,2026-01-27,Processing,19.43,Debit Card
ORD005219,CUST02584,2026-03-28,Processing,44.25,PayPal
ORD005220,CUST01730,2026-05-09,Completed,155.61,Debit Card
ORD005221,CUST00263,2026-05-04,Completed,81.41,Google Pay
ORD005222,CUST02632,2026-04-17,Processing,49.2,Google Pay
ORD005223,CUST03827,2026-05-10,Completed,95.8,PayPal
ORD005224,CUST02431,2026-04-05,Completed,131.76,Debit Card
ORD005225,CUST00392,2026-03-07,Completed,39.38,PayPal
ORD005226,CUST02937,2026-06-26,Processing,39.51,Google Pay
ORD005227,CUST03673,2026-08-05,Processing,563.46,Debit Card
ORD005228,CUST00540,2026-01-19,Cancelled,32.31,Google Pay
ORD005229,CUST01116,2026-06-05,Completed,40.99,Debit Card
ORD005230,CUST00884,2026-07-17,Processing,46.98,Apple Pay
ORD005231,CUST04324,2026-06-16,Completed,29.99,Google Pay
ORD005232,CUST02420,2026-01-19,Processing,15.67,Credit Card
ORD005233,CUST01400,2026-05-07,Shipped,64.3,Debit Card
ORD005234,CUST01577,2026-04-26,Completed,38.87,Apple Pay
ORD005235,CUST02085,2026-03-05,Completed,82.32,Apple Pay
ORD005236,CUST04787,2026-02-27,Shipped,33.62,Apple Pay
ORD005237,CUST01536,2026-01-17,Cancelled,145.59,Google Pay
ORD005238,CUST04754,2026-07-17,Processing,58.15,Credit Card
ORD005239,CUST00090,2026-03-20,Processing,33.5,Apple Pay
ORD005240,CUST04191,2026-08-02,Cancelled,37.41,PayPal
ORD005241,CUST01655,2026-02-10,Shipped,50.57,Debit Card
ORD005242,CUST01902,2026-08-14,Completed,157.34,Debit Card
ORD005243,CUST02680,2026-01-05,Completed,40.12,Credit Card
ORD005244,CUST02171,2026-01-23,Completed,19.54,Credit Card
ORD005245,CUST00366,2026-07-16,Shipped,204.13,Google Pay
ORD005246,CUST03961,2026-05-06,Completed,17.06,PayPal
ORD005247,CUST02373,2026-01-10,Processing,313.14,Debit Card
ORD005248,CUST00519,2026-03-09,Completed,16.63,Apple Pay
ORD005249,CUST04992,2026-05-20,Cancelled,45.83,Apple Pay
ORD005250,CUST03711,2026-04-21,Completed,44.42,Debit Card
ORD005251,CUST00830,2026-05-18,Completed,111.47,PayPal
ORD005252,CUST02634,2026-03-01,Cancelled,98.41,PayPal
ORD005253,CUST00271,2026-05-07,Processing,235.94,Apple Pay
ORD005254,CUST02987,2026-01-30,Cancelled,20.83,Debit Card
ORD005255,CUST03539,2026-04-24,Cancelled,18.02,Apple Pay
ORD005256,CUST04565,2026-06-01,Completed,125.82,Google Pay
ORD005257,CUST04815,2026-03-10,Completed,296.23,Debit Card
ORD005258,CUST01008,2026-01-13,Processing,141.81,PayPal
ORD005259,CUST02318,2026-01-09,Shipped,101.06,Apple Pay
ORD005260,CUST00605,2026-05-26,Shipped,138.54,Credit Card
ORD005261,CUST04474,2026-06-12,Shipped,23.49,Credit Card
ORD005262,CUST00177,2026-08-11,Completed,51.27,Google Pay
ORD005263,CUST02322,2026-08-04,Processing,61.75,Credit Card
ORD005264,CUST01715,2026-05-12,Cancelled,56.13,Google Pay
ORD005265,CUST00637,2026-06-18,Completed,87.42,Google Pay
ORD005266,CUST02624,2026-01-26,Completed,59.28,PayPal
ORD005267,CUST04156,2026-05-05,Processing,44.2,PayPal
ORD005268,CUST02779,2026-02-13,Completed,26.96,Debit Card
ORD005269,CUST03753,2026-06-19,Processing,54.54,Apple Pay
ORD005270,CUST00661,2026-01-10,Completed,24.36,Credit Card
ORD005271,CUST04366,2026-04-15,Processing,56.49,Apple Pay
ORD005272,CUST03188,2026-04-16,Shipped,75.76,Apple Pay
ORD005273,CUST04341,2026-07-20,Cancelled,38.0,Google Pay
ORD005274,CUST04756,2026-01-01,Processing,101.78,Credit Card
ORD005275,CUST00085,2026-07-01,Cancelled,124.05,PayPal
ORD005276,CUST03671,2026-05-24,Completed,42.47,Apple Pay
ORD005277,CUST00907,2026-02-15,Processing,46.19,Google Pay
ORD005278,CUST03522,2026-05-21,Completed,100.85,PayPal
ORD005279,CUST01876,2026-03-05,Completed,29.77,Google Pay
ORD005280,CUST03959,2026-03-19,Cancelled,27.79,Apple Pay
ORD005281,CUST02137,2026-03-28,Completed,47.15,Apple Pay
ORD005282,CUST02597,2026-07-02,Shipped,59.59,Apple Pay
ORD005283,CUST00854,2026-03-04,Completed,41.08,Credit Card
ORD005284,CUST00507,2026-05-26,Completed,90.06,Credit Card
ORD005285,CUST00408,2026-03-02,Processing,23.27,Apple Pay
ORD005286,CUST00524,2026-04-02,Completed,82.68,Credit Card
ORD005287,CUST03051,2026-05-03,Completed,41.37,Google Pay
ORD005288,CUST02398,2026-01-20,Processing,183.51,Google Pay
ORD005289,CUST02900,2026-07-12,Shipped,114.26,Debit Card
ORD005290,CUST00328,2026-03-05,Processing,65.92,PayPal
ORD005291,CUST01836,2026-03-17,Completed,58.62,Google Pay
ORD005292,CUST01310,2026-08-07,Completed,42.07,PayPal
ORD005293,CUST04719,2026-07-11,Cancelled,9.33,Debit Card
ORD005294,CUST02536,2026-04-17,Completed,65.2,Debit Card
ORD005295,CUST02042,2026-05-21,Completed,133.67,PayPal
ORD005296,CUST02535,2026-07-15,Processing,31.17,Apple Pay
ORD005297,CUST02193,2026-08-05,Cancelled,33.91,PayPal
ORD005298,CUST00756,2026-07-17,Completed,64.89,Google Pay
ORD005299,CUST00146,2026-02-26,Completed,24.87,PayPal
ORD005300,CUST03823,2026-02-14,Completed,36.18,Google Pay
ORD005301,CUST03575,2026-04-30,Completed,44.31,Google Pay
ORD005302,CUST01628,2026-03-27,Completed,65.82,Google Pay
ORD005303,CUST04924,2026-02-07,Completed,255.49,Apple Pay
ORD005304,CUST01859,2026-07-01,Completed,58.35,Apple Pay
ORD005305,CUST04723,2026-06-13,Completed,78.83,Debit Card
ORD005306,CUST03599,2026-03-08,Processing,57.24,Credit Card
ORD005307,CUST00630,2026-05-01,Completed,74.42,Apple Pay
ORD005308,CUST03167,2026-05-06,Completed,67.07,Apple Pay
ORD005309,CUST03519,2026-07-26,Processing,118.73,Debit Card
ORD005310,CUST04353,2026-01-11,Completed,196.47,Debit Card
ORD005311,CUST03915,2026-04-08,Completed,54.36,Debit Card
ORD005312,CUST00905,2026-06-04,Cancelled,46.75,PayPal
ORD005313,CUST02618,2026-03-28,Completed,317.52,Google Pay
ORD005314,CUST02790,2026-05-25,Completed,198.82,Apple Pay
ORD005315,CUST00108,2026-05-02,Shipped,77.17,Google Pay
ORD005316,CUST01043,2026-08-03,Cancelled,145.72,Credit Card
ORD005317,CUST01389,2026-04-08,Completed,188.96,Debit Card
ORD005318,CUST01677,2026-08-01,Cancelled,51.84,Credit Card
ORD005319,CUST04256,2026-02-02,Completed,119.74,Debit Card
ORD005320,CUST04196,2026-05-13,Cancelled,68.48,Debit Card
ORD005321,CUST00265,2026-05-03,Cancelled,69.9,Credit Card
ORD005322,CUST03822,2026-03-22,Processing,106.82,Google Pay
ORD005323,CUST02798,2026-03-03,Completed,208.01,Credit Card
ORD005324,CUST03121,2026-03-06,Completed,89.62,PayPal
ORD005325,CUST00677,2026-07-18,Shipped,117.16,Apple Pay
ORD005326,CUST04895,2026-05-05,Processing,116.59,Apple Pay
ORD005327,CUST03487,2026-07-14,Completed,154.68,Google Pay
ORD005328,CUST02707,2026-03-31,Processing,92.98,Google Pay
ORD005329,CUST03970,2026-07-27,Completed,73.08,Google Pay
ORD005330,CUST00608,2026-07-27,Cancelled,48.81,Credit Card
ORD005331,CUST03426,2026-02-13,Shipped,98.38,Credit Card
ORD005332,CUST02395,2026-05-01,Completed,47.45,Credit Card
ORD005333,CUST02860,2026-05-22,Shipped,66.45,Debit Card
ORD005334,CUST04897,2026-08-06,Processing,30.23,Credit Card
ORD005335,CUST01161,2026-04-01,Cancelled,273.99,Apple Pay
ORD005336,CUST01848,2026-02-26,Cancelled,28.9,Apple Pay
ORD005337,CUST04058,2026-02-17,Completed,92.24,Debit Card
ORD005338,CUST01492,2026-05-25,Shipped,36.09,Credit Card
ORD005339,CUST02022,2026-02-13,Completed,23.79,Credit Card
ORD005340,CUST04599,2026-05-12,Shipped,87.24,PayPal
ORD005341,CUST03016,2026-03-22,Processing,178.9,PayPal
ORD005342,CUST04567,2026-04-07,Cancelled,36.47,Apple Pay
ORD005343,CUST02738,2026-01-30,Processing,94.52,Google Pay
ORD005344,CUST02049,2026-05-01,Processing,221.1,Apple Pay
ORD005345,CUST04206,2026-03-26,Completed,312.0,Debit Card
ORD005346,CUST03955,2026-07-28,Processing,51.66,Credit Card
ORD005347,CUST00894,2026-07-22,Completed,61.01,PayPal
ORD005348,CUST01088,2026-07-02,Completed,68.53,Apple Pay
ORD005349,CUST04852,2026-06-07,Shipped,105.04,Debit Card
ORD005350,CUST04149,2026-05-26,Cancelled,55.94,Google Pay
ORD005351,CUST02310,2026-03-25,Cancelled,99.86,Apple Pay
ORD005352,CUST03601,2026-04-08,Completed,60.78,Credit Card
ORD005353,CUST02934,2026-04-02,Cancelled,37.35,Credit Card
ORD005354,CUST02282,2026-03-14,Completed,86.63,PayPal
ORD005355,CUST00073,2026-06-21,Cancelled,42.36,Debit Card
ORD005356,CUST01381,2026-07-09,Completed,31.62,Google Pay
ORD005357,CUST00484,2026-01-31,Cancelled,63.52,Google Pay
ORD005358,CUST01030,2026-04-19,Completed,35.79,Debit Card
ORD005359,CUST03782,2026-01-16,Shipped,49.28,PayPal
ORD005360,CUST04973,2026-04-05,Processing,125.08,Credit Card
ORD005361,CUST03780,2026-08-09,Shipped,41.72,Google Pay
ORD005362,CUST01832,2026-03-18,Completed,27.22,Debit Card
ORD005363,CUST04955,2026-05-31,Processing,95.27,PayPal
ORD005364,CUST02021,2026-05-22,Completed,136.32,Credit Card
ORD005365,CUST00779,2026-01-02,Completed,46.52,Debit Card
ORD005366,CUST03476,2026-05-20,Shipped,162.11,PayPal
ORD005367,CUST04724,2026-07-05,Processing,94.26,Apple Pay
ORD005368,CUST03278,2026-05-08,Completed,173.43,Debit Card
ORD005369,CUST00410,2026-04-02,Shipped,32.41,Google Pay
ORD005370,CUST01060,2026-08-12,Completed,17.85,Debit Card
ORD005371,CUST02310,2026-07-03,Completed,91.05,Credit Card
ORD005372,CUST01601,2026-01-24,Completed,62.63,Debit Card
ORD005373,CUST04988,2026-02-06,Completed,74.1,Credit Card
ORD005374,CUST04544,2026-01-29,Cancelled,84.67,PayPal
ORD005375,CUST02234,2026-02-11,Completed,185.81,Apple Pay
ORD005376,CUST01653,2026-01-18,Completed,39.71,Credit Card
ORD005377,CUST01298,2026-05-11,Cancelled,204.96,PayPal
ORD005378,CUST00352,2026-07-24,Completed,43.86,PayPal
ORD005379,CUST03223,2026-01-13,Processing,87.94,Apple Pay
ORD005380,CUST02432,2026-04-16,Completed,82.08,Google Pay
ORD005381,CUST00465,2026-06-06,Completed,35.87,Google Pay
ORD005382,CUST02514,2026-07-13,Shipped,85.52,Debit Card
ORD005383,CUST03167,2026-02-28,Cancelled,30.95,Google Pay
ORD005384,CUST02210,2026-04-02,Cancelled,15.78,Debit Card
ORD005385,CUST00556,2026-06-25,Cancelled,122.09,Credit Card
ORD005386,CUST00300,2026-01-04,Completed,126.97,Credit Card
ORD005387,CUST03867,2026-02-20,Completed,22.51,Debit Card
ORD005388,CUST00356,2026-05-13,Completed,51.21,Apple Pay
ORD005389,CUST00564,2026-06-16,Cancelled,28.23,Apple Pay
ORD005390,CUST04010,2026-02-10,Completed,95.28,Google Pay
ORD005391,CUST04889,2026-01-05,Shipped,133.09,Credit Card
ORD005392,CUST01023,2026-05-16,Cancelled,32.94,Credit Card
ORD005393,CUST01191,2026-08-14,Completed,13.21,Apple Pay
ORD005394,CUST03211,2026-07-03,Completed,85.98,PayPal
ORD005395,CUST01905,2026-06-02,Shipped,92.5,Apple Pay
ORD005396,CUST02037,2026-04-01,Completed,33.05,Apple Pay
ORD005397,CUST01027,2026-06-29,Completed,42.69,PayPal
ORD005398,CUST00256,2026-02-21,Completed,35.22,Google Pay
ORD005399,CUST02419,2026-05-15,Cancelled,61.05,Debit Card
ORD005400,CUST02564,2026-07-08,Shipped,108.38,Google Pay
ORD005401,CUST02952,2026-08-12,Cancelled,80.76,PayPal
ORD005402,CUST00270,2026-08-01,Shipped,88.74,PayPal
ORD005403,CUST00928,2026-02-16,Completed,24.72,Google Pay
ORD005404,CUST00064,2026-05-07,Completed,40.78,Debit Card
ORD005405,CUST04556,2026-03-23,Completed,138.05,Google Pay
ORD005406,CUST01043,2026-03-07,Processing,26.1,Credit Card
ORD005407,CUST04189,2026-07-06,Processing,33.67,Credit Card
ORD005408,CUST04869,2026-05-13,Completed,94.1,Credit Card
ORD005409,CUST00810,2026-06-21,Completed,16.88,Debit Card
ORD005410,CUST02042,2026-06-19,Processing,30.06,Debit Card
ORD005411,CUST03089,2026-03-02,Completed,105.01,PayPal
ORD005412,CUST01647,2026-07-10,Completed,20.74,Apple Pay
ORD005413,CUST04936,2026-02-19,Completed,35.37,Debit Card
ORD005414,CUST00488,2026-06-15,Completed,92.2,Apple Pay
ORD005415,CUST03082,2026-08-08,Cancelled,27.72,Credit Card
ORD005416,CUST01748,2026-08-11,Completed,109.83,Credit Card
ORD005417,CUST00749,2026-07-01,Shipped,73.2,Apple Pay
ORD005418,CUST03838,2026-06-21,Completed,50.28,Google Pay
ORD005419,CUST00528,2026-06-01,Shipped,15.98,PayPal
ORD005420,CUST01168,2026-05-08,Completed,61.33,PayPal
ORD005421,CUST04650,2026-03-04,Completed,20.13,Google Pay
ORD005422,CUST04611,2026-08-13,Completed,18.09,Apple Pay
ORD005423,CUST03542,2026-06-16,Completed,79.61,Apple Pay
ORD005424,CUST04473,2026-05-20,Processing,73.22,Debit Card
ORD005425,CUST03740,2026-07-10,Completed,14.78,Credit Card
ORD005426,CUST00484,2026-04-13,Cancelled,49.74,Credit Card
ORD005427,CUST00452,2026-01-09,Completed,83.98,Apple Pay
ORD005428,CUST04070,2026-03-20,Completed,72.63,Debit Card
ORD005429,CUST04398,2026-03-28,Completed,69.36,Debit Card
ORD005430,CUST03134,2026-04-19,Completed,50.34,PayPal
ORD005431,CUST01774,2026-01-22,Processing,128.02,PayPal
ORD005432,CUST00999,2026-02-05,Completed,67.83,Apple Pay
ORD005433,CUST02066,2026-03-15,Shipped,133.24,PayPal
ORD005434,CUST00398,2026-06-05,Completed,62.23,Debit Card
ORD005435,CUST01804,2026-02-25,Shipped,27.23,Google Pay
ORD005436,CUST02152,2026-04-09,Completed,68.17,Credit Card
ORD005437,CUST01947,2026-06-06,Shipped,23.55,Apple Pay
ORD005438,CUST03718,2026-01-05,Completed,81.38,PayPal
ORD005439,CUST03416,2026-01-04,Cancelled,228.28,PayPal
ORD005440,CUST01395,2026-06-28,Cancelled,63.04,Debit Card
ORD005441,CUST04129,2026-01-15,Completed,56.35,PayPal
ORD005442,CUST02422,2026-08-10,Completed,113.53,Credit Card
ORD005443,CUST03920,2026-07-07,Completed,72.24,Apple Pay
ORD005444,CUST03084,2026-01-26,Completed,319.61,PayPal
ORD005445,CUST02789,2026-01-23,Shipped,58.63,Google Pay
ORD005446,CUST01845,2026-05-05,Completed,75.42,Google Pay
ORD005447,CUST01805,2026-04-13,Shipped,124.56,Apple Pay
ORD005448,CUST00890,2026-01-29,Completed,21.69,Google Pay
ORD005449,CUST02504,2026-03-27,Completed,99.5,Google Pay
ORD005450,CUST01894,2026-02-26,Shipped,44.4,PayPal
ORD005451,CUST01667,2026-03-03,Completed,48.8,Google Pay
ORD005452,CUST04345,2026-07-06,Completed,103.26,PayPal
ORD005453,CUST03066,2026-02-17,Completed,37.11,Credit Card
ORD005454,CUST03642,2026-04-21,Completed,51.08,Debit Card
ORD005455,CUST03076,2026-07-29,Completed,54.31,PayPal
ORD005456,CUST01260,2026-02-04,Completed,56.86,Debit Card
ORD005457,CUST02221,2026-02-15,Processing,37.15,PayPal
ORD005458,CUST02419,2026-02-02,Processing,89.14,PayPal
ORD005459,CUST02839,2026-03-12,Processing,26.26,Apple Pay
ORD005460,CUST02797,2026-08-14,Cancelled,16.18,PayPal
ORD005461,CUST00787,2026-01-10,Processing,49.06,Google Pay
ORD005462,CUST03368,2026-08-04,Completed,87.73,Google Pay
ORD005463,CUST04936,2026-08-05,Cancelled,89.47,PayPal
ORD005464,CUST02448,2026-06-25,Shipped,74.98,Credit Card
ORD005465,CUST03130,2026-02-13,Completed,47.61,Google Pay
ORD005466,CUST01899,2026-08-07,Completed,79.89,Debit Card
ORD005467,CUST04504,2026-05-06,Cancelled,54.77,Credit Card
ORD005468,CUST03585,2026-04-24,Completed,57.52,Debit Card
ORD005469,CUST04160,2026-07-17,Completed,10.28,PayPal
ORD005470,CUST03950,2026-05-03,Shipped,44.16,PayPal
ORD005471,CUST02468,2026-03-04,Shipped,15.21,PayPal
ORD005472,CUST02194,2026-02-18,Completed,265.64,Google Pay
ORD005473,CUST00017,2026-07-19,Completed,110.25,Credit Card
ORD005474,CUST03023,2026-03-26,Processing,139.33,Debit Card
ORD005475,CUST04994,2026-02-10,Completed,42.19,Apple Pay
ORD005476,CUST01267,2026-07-30,Completed,57.09,Credit Card
ORD005477,CUST00479,2026-04-08,Shipped,24.31,Debit Card
ORD005478,CUST04297,2026-02-08,Completed,26.91,Apple Pay
ORD005479,CUST03978,2026-04-17,Completed,50.14,Credit Card
ORD005480,CUST03545,2026-05-31,Completed,40.92,Credit Card
ORD005481,CUST04275,2026-01-13,Completed,82.72,PayPal
ORD005482,CUST04549,2026-04-16,Completed,79.61,Credit Card
ORD005483,CUST00486,2026-04-21,Processing,45.7,Debit Card
ORD005484,CUST04089,2026-06-30,Cancelled,107.86,PayPal
ORD005485,CUST04674,2026-08-08,Completed,26.88,Credit Card
ORD005486,CUST00338,2026-03-11,Cancelled,25.06,PayPal
ORD005487,CUST00861,2026-02-26,Completed,86.0,Apple Pay
ORD005488,CUST02004,2026-03-17,Shipped,88.2,Debit Card
ORD005489,CUST01472,2026-07-14,Completed,109.19,Apple Pay
ORD005490,CUST02043,2026-06-25,Cancelled,22.02,Debit Card
ORD005491,CUST03429,2026-01-20,Processing,33.71,Google Pay
ORD005492,CUST03121,2026-03-03,Completed,74.49,Apple Pay
ORD005493,CUST01520,2026-06-22,Completed,75.75,Google Pay
ORD005494,CUST00702,2026-03-04,Shipped,227.2,PayPal
ORD005495,CUST04389,2026-05-16,Completed,29.49,Apple Pay
ORD005496,CUST04036,2026-06-03,Completed,269.27,Credit Card
ORD005497,CUST03745,2026-02-07,Processing,86.68,Debit Card
ORD005498,CUST01174,2026-04-02,Completed,136.41,Credit Card
ORD005499,CUST01606,2026-04-09,Completed,92.36,Credit Card
ORD005500,CUST01880,2026-04-18,Shipped,35.97,PayPal
ORD005501,CUST03394,2026-04-15,Cancelled,40.87,PayPal
ORD005502,CUST02125,2026-06-18,Cancelled,60.47,Credit Card
ORD005503,CUST04992,2026-04-17,Completed,20.77,Credit Card
ORD005504,CUST04643,2026-04-12,Shipped,19.27,Credit Card
ORD005505,CUST01447,2026-05-10,Cancelled,39.15,Debit Card
ORD005506,CUST03307,2026-01-07,Completed,98.51,PayPal
ORD005507,CUST03402,2026-05-07,Processing,38.06,Apple Pay
ORD005508,CUST03784,2026-04-15,Completed,57.45,PayPal
ORD005509,CUST02373,2026-06-02,Completed,54.38,Credit Card
ORD005510,CUST00151,2026-02-20,Completed,122.26,Apple Pay
ORD005511,CUST01660,2026-02-19,Completed,81.23,Apple Pay
ORD005512,CUST00879,2026-08-12,Completed,109.74,Apple Pay
ORD005513,CUST02320,2026-03-05,Completed,136.54,PayPal
ORD005514,CUST02884,2026-05-20,Completed,30.22,Credit Card
ORD005515,CUST03996,2026-06-30,Completed,14.02,Credit Card
ORD005516,CUST02416,2026-03-16,Completed,45.32,Google Pay
ORD005517,CUST01516,2026-01-10,Completed,133.36,Debit Card
ORD005518,CUST03388,2026-07-08,Completed,98.05,PayPal
ORD005519,CUST00590,2026-07-02,Completed,46.32,Google Pay
ORD005520,CUST00588,2026-04-09,Shipped,231.13,Google Pay
ORD005521,CUST02620,2026-03-09,Shipped,103.91,Google Pay
ORD005522,CUST01196,2026-06-19,Completed,39.59,PayPal
ORD005523,CUST04354,2026-03-07,Completed,136.41,Debit Card
ORD005524,CUST02327,2026-06-21,Completed,19.94,Apple Pay
ORD005525,CUST02606,2026-01-28,Completed,76.07,Debit Card
ORD005526,CUST02539,2026-04-17,Completed,41.64,Debit Card
ORD005527,CUST00566,2026-04-20,Cancelled,57.55,Credit Card
ORD005528,CUST01757,2026-04-21,Completed,92.16,Google Pay
ORD005529,CUST04076,2026-03-19,Completed,115.31,Google Pay
ORD005530,CUST01361,2026-07-05,Processing,65.26,Apple Pay
ORD005531,CUST02569,2026-04-03,Completed,51.71,Credit Card
ORD005532,CUST02374,2026-05-10,Cancelled,18.11,Apple Pay
ORD005533,CUST01196,2026-07-02,Completed,20.23,PayPal
ORD005534,CUST02132,2026-02-03,Completed,9.96,Credit Card
ORD005535,CUST02889,2026-08-13,Completed,67.79,Google Pay
ORD005536,CUST01568,2026-05-28,Shipped,115.16,Apple Pay
ORD005537,CUST03411,2026-02-16,Cancelled,11.35,Credit Card
ORD005538,CUST02368,2026-08-10,Completed,126.1,Credit Card
ORD005539,CUST03344,2026-04-28,Completed,159.68,Debit Card
ORD005540,CUST03098,2026-05-08,Completed,68.53,Credit Card
ORD005541,CUST01261,2026-01-26,Cancelled,177.39,Credit Card
ORD005542,CUST01334,2026-03-25,Completed,58.54,Google Pay
ORD005543,CUST04329,2026-01-01,Completed,25.04,PayPal
ORD005544,CUST04645,2026-07-12,Processing,47.88,Apple Pay
ORD005545,CUST03337,2026-08-05,Cancelled,185.54,PayPal
ORD005546,CUST03085,2026-04-07,Shipped,39.28,Credit Card
ORD005547,CUST03388,2026-03-28,Completed,80.94,Google Pay
ORD005548,CUST04714,2026-03-16,Completed,88.27,Google Pay
ORD005549,CUST02432,2026-04-18,Processing,137.39,Google Pay
ORD005550,CUST01017,2026-01-15,Completed,16.36,Google Pay
ORD005551,CUST00642,2026-05-22,Completed,159.1,Debit Card
ORD005552,CUST04063,2026-02-24,Cancelled,31.14,Credit Card
ORD005553,CUST00316,2026-05-09,Completed,174.35,Debit Card
ORD005554,CUST02304,2026-02-02,Processing,46.78,Debit Card
ORD005555,CUST00441,2026-03-11,Processing,46.92,Credit Card
ORD005556,CUST01139,2026-02-25,Completed,103.47,Google Pay
ORD005557,CUST00915,2026-01-23,Completed,150.3,Apple Pay
ORD005558,CUST02304,2026-02-23,Shipped,43.36,Google Pay
ORD005559,CUST04143,2026-03-31,Completed,49.53,Google Pay
ORD005560,CUST03422,2026-05-11,Completed,39.43,Debit Card
ORD005561,CUST02079,2026-02-15,Completed,40.34,PayPal
ORD005562,CUST04151,2026-05-14,Processing,85.42,Google Pay
ORD005563,CUST02201,2026-06-02,Cancelled,56.62,Credit Card
ORD005564,CUST04552,2026-01-17,Processing,145.58,Credit Card
ORD005565,CUST00036,2026-06-05,Completed,37.13,Credit Card
ORD005566,CUST00818,2026-06-09,Cancelled,102.22,Debit Card
ORD005567,CUST01947,2026-04-03,Cancelled,99.29,Apple Pay
ORD005568,CUST03957,2026-01-23,Processing,49.55,Apple Pay
ORD005569,CUST04352,2026-05-24,Completed,50.48,Apple Pay
ORD005570,CUST02226,2026-04-06,Completed,84.87,Google Pay
ORD005571,CUST03326,2026-06-03,Cancelled,37.17,Google Pay
ORD005572,CUST00508,2026-06-10,Completed,46.78,PayPal
ORD005573,CUST03746,2026-07-05,Completed,24.21,PayPal
ORD005574,CUST04117,2026-06-25,Shipped,31.93,PayPal
ORD005575,CUST03878,2026-03-24,Completed,29.25,Debit Card
ORD005576,CUST04815,2026-02-24,Completed,31.31,Apple Pay
ORD005577,CUST00460,2026-06-18,Completed,17.64,Google Pay
ORD005578,CUST01406,2026-03-03,Processing,18.99,PayPal
ORD005579,CUST04096,2026-05-25,Cancelled,110.84,Debit Card
ORD005580,CUST02037,2026-04-12,Completed,54.66,PayPal
ORD005581,CUST02678,2026-02-28,Completed,144.32,Google Pay
ORD005582,CUST01745,2026-05-22,Cancelled,125.54,PayPal
ORD005583,CUST02984,2026-07-29,Shipped,43.65,Debit Card
ORD005584,CUST02359,2026-05-29,Completed,31.55,Debit Card
ORD005585,CUST01232,2026-07-10,Shipped,67.1,PayPal
ORD005586,CUST01178,2026-06-23,Completed,44.22,Google Pay
ORD005587,CUST00762,2026-02-24,Completed,94.2,Debit Card
ORD005588,CUST04779,2026-03-03,Completed,15.0,Apple Pay
ORD005589,CUST02355,2026-06-16,Processing,76.38,Debit Card
ORD005590,CUST04715,2026-06-19,Completed,183.64,Credit Card
ORD005591,CUST03727,2026-02-17,Completed,45.69,PayPal
ORD005592,CUST01544,2026-04-13,Completed,92.71,Apple Pay
ORD005593,CUST03678,2026-01-28,Completed,25.55,Google Pay
ORD005594,CUST01934,2026-03-25,Completed,39.63,Apple Pay
ORD005595,CUST03169,2026-05-14,Processing,32.64,Debit Card
ORD005596,CUST03562,2026-02-28,Shipped,176.44,Debit Card
ORD005597,CUST04103,2026-03-31,Cancelled,238.24,Credit Card
ORD005598,CUST03858,2026-03-11,Completed,42.79,Apple Pay
ORD005599,CUST04018,2026-06-16,Completed,150.04,Debit Card
ORD005600,CUST04445,2026-07-04,Completed,90.8,Google Pay
ORD005601,CUST02965,2026-07-01,Completed,46.11,Google Pay
ORD005602,CUST01031,2026-03-01,Completed,183.74,Apple Pay
ORD005603,CUST02548,2026-08-06,Completed,40.21,Apple Pay
ORD005604,CUST02523,2026-05-25,Completed,38.4,Credit Card
ORD005605,CUST04620,2026-06-17,Completed,29.45,Apple Pay
ORD005606,CUST01876,2026-03-07,Completed,112.32,Google Pay
ORD005607,CUST00590,2026-04-25,Completed,30.99,Apple Pay
ORD005608,CUST02281,2026-05-04,Shipped,54.53,Debit Card
ORD005609,CUST03102,2026-08-01,Processing,47.33,Debit Card
ORD005610,CUST02415,2026-07-01,Shipped,41.81,Apple Pay
ORD005611,CUST03898,2026-03-12,Completed,51.46,PayPal
ORD005612,CUST03679,2026-02-13,Completed,45.01,Apple Pay
ORD005613,CUST01844,2026-03-25,Completed,183.02,Credit Card
ORD005614,CUST04152,2026-07-14,Completed,82.2,Google Pay
ORD005615,CUST01939,2026-02-26,Completed,64.23,Google Pay
ORD005616,CUST02195,2026-02-05,Cancelled,45.14,Apple Pay
ORD005617,CUST04460,2026-02-26,Completed,25.07,PayPal
ORD005618,CUST00253,2026-05-01,Cancelled,38.88,Google Pay
ORD005619,CUST01467,2026-06-20,Completed,59.38,PayPal
ORD005620,CUST00736,2026-02-13,Processing,57.78,Google Pay
ORD005621,CUST00340,2026-03-03,Shipped,67.09,Debit Card
ORD005622,CUST03588,2026-04-25,Cancelled,167.97,Credit Card
ORD005623,CUST01377,2026-03-24,Shipped,44.09,Google Pay
ORD005624,CUST04720,2026-03-02,Cancelled,161.91,Apple Pay
ORD005625,CUST00705,2026-04-04,Completed,52.34,Debit Card
ORD005626,CUST03725,2026-01-11,Completed,69.38,PayPal
ORD005627,CUST04419,2026-03-18,Completed,56.28,Credit Card
ORD005628,CUST02909,2026-04-30,Completed,152.87,PayPal
ORD005629,CUST01975,2026-06-10,Shipped,33.51,PayPal
ORD005630,CUST01469,2026-04-12,Completed,105.37,Google Pay
ORD005631,CUST02143,2026-05-01,Completed,204.49,Debit Card
ORD005632,CUST00553,2026-04-22,Completed,56.12,Credit Card
ORD005633,CUST03492,2026-03-07,Completed,7.96,Debit Card
ORD005634,CUST00790,2026-04-20,Processing,27.51,Debit Card
ORD005635,CUST01174,2026-04-30,Completed,44.61,Google Pay
ORD005636,CUST00553,2026-01-23,Processing,79.67,PayPal
ORD005637,CUST03423,2026-06-26,Completed,151.65,Debit Card
ORD005638,CUST04212,2026-05-28,Cancelled,56.19,PayPal
ORD005639,CUST00632,2026-08-10,Processing,44.33,Debit Card
ORD005640,CUST00270,2026-01-15,Completed,96.17,Credit Card
ORD005641,CUST00861,2026-07-13,Shipped,53.79,Apple Pay
ORD005642,CUST00291,2026-01-30,Cancelled,61.46,Apple Pay
ORD005643,CUST01458,2026-08-05,Cancelled,43.0,Apple Pay
ORD005644,CUST00630,2026-01-04,Cancelled,189.74,Google Pay
ORD005645,CUST00475,2026-03-05,Completed,68.88,Google Pay
ORD005646,CUST04633,2026-03-06,Shipped,137.66,PayPal
ORD005647,CUST04081,2026-01-08,Completed,78.39,Google Pay
ORD005648,CUST04781,2026-02-21,Cancelled,132.19,Apple Pay
ORD005649,CUST01761,2026-05-22,Completed,109.47,Google Pay
ORD005650,CUST03083,2026-02-27,Completed,108.91,Apple Pay
ORD005651,CUST04709,2026-01-11,Cancelled,83.55,Debit Card
ORD005652,CUST03975,2026-02-28,Shipped,20.75,Apple Pay
ORD005653,CUST03399,2026-01-24,Shipped,20.28,Apple Pay
ORD005654,CUST02324,2026-03-29,Cancelled,29.44,Credit Card
ORD005655,CUST03562,2026-06-09,Completed,137.5,Credit Card
ORD005656,CUST02393,2026-08-05,Completed,95.14,Credit Card
ORD005657,CUST03845,2026-02-15,Cancelled,47.87,Credit Card
ORD005658,CUST02416,2026-01-28,Processing,167.52,Apple Pay
ORD005659,CUST03805,2026-01-16,Completed,122.27,PayPal
ORD005660,CUST04827,2026-02-11,Completed,87.32,Credit Card
ORD005661,CUST01625,2026-04-13,Completed,99.72,Google Pay
ORD005662,CUST01509,2026-01-16,Completed,91.52,Google Pay
ORD005663,CUST04111,2026-04-10,Completed,25.52,Google Pay
ORD005664,CUST04854,2026-05-20,Completed,62.48,Apple Pay
ORD005665,CUST00004,2026-07-23,Processing,88.4,Debit Card
ORD005666,CUST03448,2026-07-09,Shipped,59.04,Debit Card
ORD005667,CUST02581,2026-02-03,Completed,36.64,Credit Card
ORD005668,CUST03792,2026-02-07,Cancelled,18.13,Google Pay
ORD005669,CUST01161,2026-05-07,Cancelled,34.15,Credit Card
ORD005670,CUST00834,2026-07-31,Completed,115.34,Apple Pay
ORD005671,CUST01999,2026-06-24,Shipped,89.37,Google Pay
ORD005672,CUST01203,2026-07-26,Completed,19.91,Credit Card
ORD005673,CUST02176,2026-01-22,Cancelled,102.37,PayPal
ORD005674,CUST01382,2026-03-21,Completed,24.14,Apple Pay
ORD005675,CUST04174,2026-03-29,Processing,52.83,Apple Pay
ORD005676,CUST02789,2026-01-03,Completed,106.69,Apple Pay
ORD005677,CUST02822,2026-01-01,Shipped,48.08,PayPal
ORD005678,CUST04178,2026-02-22,Completed,22.79,Debit Card
ORD005679,CUST00342,2026-07-11,Completed,9.68,Debit Card
ORD005680,CUST01362,2026-06-21,Shipped,31.12,PayPal
ORD005681,CUST04192,2026-02-16,Completed,44.55,Debit Card
ORD005682,CUST04617,2026-06-15,Completed,79.71,PayPal
ORD005683,CUST00996,2026-07-10,Completed,39.64,Credit Card
ORD005684,CUST00357,2026-04-25,Completed,42.07,PayPal
ORD005685,CUST00186,2026-07-28,Shipped,42.02,Debit Card
ORD005686,CUST01694,2026-02-10,Processing,36.67,PayPal
ORD005687,CUST02591,2026-05-29,Completed,220.57,PayPal
ORD005688,CUST01343,2026-06-22,Cancelled,72.01,Google Pay
ORD005689,CUST01692,2026-05-21,Completed,31.08,PayPal
ORD005690,CUST01083,2026-07-13,Processing,13.78,Debit Card
ORD005691,CUST02058,2026-03-07,Processing,65.88,Apple Pay
ORD005692,CUST02905,2026-02-12,Cancelled,167.02,Credit Card
ORD005693,CUST03196,2026-07-09,Cancelled,86.32,PayPal
ORD005694,CUST04452,2026-03-30,Completed,360.9,Debit Card
ORD005695,CUST03418,2026-08-08,Completed,40.29,Debit Card
ORD005696,CUST02381,2026-06-25,Completed,87.33,Google Pay
ORD005697,CUST00017,2026-04-23,Completed,21.11,Debit Card
ORD005698,CUST00324,2026-01-26,Cancelled,17.57,Apple Pay
ORD005699,CUST02071,2026-04-09,Completed,53.13,Debit Card
ORD005700,CUST00931,2026-08-08,Completed,136.38,Apple Pay
ORD005701,CUST04555,2026-03-02,Completed,195.98,Credit Card
ORD005702,CUST04653,2026-05-05,Processing,62.75,PayPal
ORD005703,CUST01445,2026-04-29,Completed,32.04,Credit Card
ORD005704,CUST04037,2026-03-03,Completed,12.91,PayPal
ORD005705,CUST00403,2026-08-13,Processing,39.56,Credit Card
ORD005706,CUST03403,2026-03-23,Shipped,58.07,Apple Pay
ORD005707,CUST04553,2026-05-22,Completed,40.0,PayPal
ORD005708,CUST01507,2026-07-01,Cancelled,17.04,PayPal
ORD005709,CUST01522,2026-06-18,Completed,59.88,Credit Card
ORD005710,CUST03099,2026-07-07,Cancelled,46.86,Google Pay
ORD005711,CUST02445,2026-05-17,Completed,82.34,Google Pay
ORD005712,CUST02188,2026-02-13,Completed,33.71,Credit Card
ORD005713,CUST02569,2026-02-25,Completed,45.85,Debit Card
ORD005714,CUST02794,2026-08-10,Completed,60.1,Credit Card
ORD005715,CUST00092,2026-01-03,Completed,76.86,Apple Pay
ORD005716,CUST04948,2026-04-08,Completed,42.38,Apple Pay
ORD005717,CUST04941,2026-04-07,Cancelled,34.59,Debit Card
ORD005718,CUST04763,2026-04-01,Completed,27.35,Google Pay
ORD005719,CUST01754,2026-02-28,Shipped,62.45,Apple Pay
ORD005720,CUST04893,2026-03-14,Cancelled,45.09,Apple Pay
ORD005721,CUST00088,2026-05-21,Completed,193.38,PayPal
ORD005722,CUST01642,2026-06-07,Shipped,51.59,PayPal
ORD005723,CUST02963,2026-02-22,Completed,64.94,Debit Card
ORD005724,CUST02143,2026-07-27,Completed,112.75,Apple Pay
ORD005725,CUST00551,2026-06-28,Cancelled,122.95,Credit Card
ORD005726,CUST02447,2026-02-11,Completed,43.15,Google Pay
ORD005727,CUST01952,2026-06-03,Cancelled,219.81,Debit Card
ORD005728,CUST02291,2026-07-06,Completed,261.73,Credit Card
ORD005729,CUST03838,2026-03-10,Completed,46.53,Credit Card
ORD005730,CUST00624,2026-04-20,Completed,59.06,Debit Card
ORD005731,CUST03758,2026-08-07,Completed,73.45,Debit Card
ORD005732,CUST04797,2026-07-26,Processing,34.29,Apple Pay
ORD005733,CUST03293,2026-04-02,Processing,56.49,Google Pay
ORD005734,CUST03833,2026-01-03,Cancelled,29.4,Apple Pay
ORD005735,CUST02612,2026-02-10,Completed,56.16,Credit Card
ORD005736,CUST00162,2026-05-05,Completed,52.66,Apple Pay
ORD005737,CUST01993,2026-01-01,Cancelled,76.41,Apple Pay
ORD005738,CUST02083,2026-07-12,Completed,85.01,Google Pay
ORD005739,CUST03014,2026-04-25,Processing,56.83,PayPal
ORD005740,CUST00037,2026-03-11,Completed,145.41,Google Pay
ORD005741,CUST00846,2026-07-22,Completed,30.42,Apple Pay
ORD005742,CUST02877,2026-05-06,Completed,44.98,PayPal
ORD005743,CUST03347,2026-02-19,Processing,36.09,Credit Card
ORD005744,CUST04055,2026-03-21,Completed,170.36,Google Pay
ORD005745,CUST04201,2026-04-07,Processing,51.82,Debit Card
ORD005746,CUST00336,2026-08-04,Cancelled,52.26,Credit Card
ORD005747,CUST03098,2026-02-28,Completed,147.95,PayPal
ORD005748,CUST02344,2026-08-12,Cancelled,20.42,Credit Card
ORD005749,CUST01561,2026-03-15,Shipped,29.01,Debit Card
ORD005750,CUST04982,2026-03-04,Completed,54.41,Debit Card
ORD005751,CUST04165,2026-01-25,Cancelled,40.15,Google Pay
ORD005752,CUST04247,2026-05-18,Completed,110.48,Google Pay
ORD005753,CUST00662,2026-03-18,Completed,22.07,Apple Pay
ORD005754,CUST04853,2026-05-04,Completed,90.57,Apple Pay
ORD005755,CUST03740,2026-05-09,Shipped,29.89,Credit Card
ORD005756,CUST03184,2026-04-09,Shipped,72.25,Debit Card
ORD005757,CUST01486,2026-01-14,Completed,111.72,Credit Card
ORD005758,CUST02410,2026-05-29,Cancelled,223.44,PayPal
ORD005759,CUST04299,2026-07-05,Completed,21.08,PayPal
ORD005760,CUST02535,2026-02-07,Cancelled,64.83,Apple Pay
ORD005761,CUST00004,2026-01-01,Cancelled,117.48,Credit Card
ORD005762,CUST03098,2026-03-25,Completed,63.37,PayPal
ORD005763,CUST02849,2026-05-13,Cancelled,78.77,Apple Pay
ORD005764,CUST00027,2026-02-13,Completed,36.95,Credit Card
ORD005765,CUST00965,2026-08-12,Completed,48.05,Debit Card
ORD005766,CUST03097,2026-07-12,Shipped,35.04,PayPal
ORD005767,CUST00072,2026-02-26,Completed,92.28,PayPal
ORD005768,CUST02948,2026-04-14,Processing,220.62,Debit Card
ORD005769,CUST02316,2026-02-14,Processing,67.36,Apple Pay
ORD005770,CUST03898,2026-03-01,Completed,62.95,PayPal
ORD005771,CUST04491,2026-03-07,Shipped,13.5,Debit Card
ORD005772,CUST04965,2026-08-11,Completed,57.47,Apple Pay
ORD005773,CUST02412,2026-02-16,Completed,89.77,Google Pay
ORD005774,CUST00117,2026-04-25,Processing,18.97,Apple Pay
ORD005775,CUST02212,2026-01-26,Processing,67.59,PayPal
ORD005776,CUST02925,2026-05-17,Processing,59.7,Apple Pay
ORD005777,CUST02838,2026-02-20,Completed,14.8,PayPal
ORD005778,CUST00577,2026-04-04,Completed,80.83,Apple Pay
ORD005779,CUST00772,2026-04-20,Completed,44.84,Google Pay
ORD005780,CUST00200,2026-05-16,Processing,65.92,Apple Pay
ORD005781,CUST01756,2026-01-05,Shipped,75.42,Google Pay
ORD005782,CUST00180,2026-02-08,Shipped,35.49,PayPal
ORD005783,CUST02406,2026-03-09,Cancelled,76.79,Apple Pay
ORD005784,CUST03324,2026-02-09,Completed,42.29,Debit Card
ORD005785,CUST04749,2026-02-05,Cancelled,66.5,Google Pay
ORD005786,CUST04774,2026-05-29,Cancelled,38.34,Credit Card
ORD005787,CUST02302,2026-04-07,Completed,128.5,Google Pay
ORD005788,CUST02989,2026-01-26,Cancelled,97.76,Apple Pay
ORD005789,CUST01603,2026-04-14,Completed,47.47,Google Pay
ORD005790,CUST01120,2026-04-13,Completed,98.76,Apple Pay
ORD005791,CUST02215,2026-03-16,Cancelled,45.07,PayPal
ORD005792,CUST01912,2026-03-26,Cancelled,70.28,PayPal
ORD005793,CUST02902,2026-08-02,Completed,33.33,Debit Card
ORD005794,CUST01086,2026-04-23,Processing,118.5,Credit Card
ORD005795,CUST00174,2026-02-25,Cancelled,55.45,PayPal
ORD005796,CUST03533,2026-02-26,Completed,37.63,Debit Card
ORD005797,CUST04720,2026-07-06,Processing,70.84,Credit Card
ORD005798,CUST01239,2026-05-08,Completed,17.84,Debit Card
ORD005799,CUST03311,2026-04-11,Processing,29.76,PayPal
ORD005800,CUST04835,2026-05-15,Processing,49.1,Credit Card
ORD005801,CUST03814,2026-06-19,Completed,65.91,PayPal
ORD005802,CUST03817,2026-05-21,Cancelled,65.47,Apple Pay
ORD005803,CUST04771,2026-03-25,Completed,41.31,Credit Card
ORD005804,CUST01974,2026-07-26,Processing,90.89,Debit Card
ORD005805,CUST03783,2026-06-11,Processing,25.49,Apple Pay
ORD005806,CUST02245,2026-04-10,Completed,50.02,Debit Card
ORD005807,CUST01658,2026-06-30,Completed,127.03,PayPal
ORD005808,CUST00413,2026-02-15,Completed,90.31,PayPal
ORD005809,CUST03411,2026-07-04,Completed,147.21,Apple Pay
ORD005810,CUST04093,2026-03-02,Completed,292.1,Apple Pay
ORD005811,CUST01383,2026-08-05,Shipped,39.3,Credit Card
ORD005812,CUST01124,2026-02-25,Completed,76.59,Debit Card
ORD005813,CUST04330,2026-01-29,Shipped,34.2,Google Pay
ORD005814,CUST04013,2026-04-21,Cancelled,27.97,PayPal
ORD005815,CUST02244,2026-04-02,Completed,81.63,Google Pay
ORD005816,CUST02590,2026-05-22,Completed,61.6,Google Pay
ORD005817,CUST01779,2026-07-15,Completed,45.61,Apple Pay
ORD005818,CUST01130,2026-04-12,Shipped,90.17,Debit Card
ORD005819,CUST00645,2026-03-12,Completed,46.81,Google Pay
ORD005820,CUST03523,2026-01-13,Cancelled,21.04,Debit Card
ORD005821,CUST01558,2026-05-25,Completed,96.96,Apple Pay
ORD005822,CUST04502,2026-06-06,Completed,37.35,Google Pay
ORD005823,CUST02774,2026-03-22,Completed,102.05,Google Pay
ORD005824,CUST02786,2026-04-10,Completed,77.67,PayPal
ORD005825,CUST01707,2026-03-24,Processing,9.59,Google Pay
ORD005826,CUST02602,2026-08-06,Completed,49.11,Credit Card
ORD005827,CUST03644,2026-04-26,Processing,31.17,Apple Pay
ORD005828,CUST00375,2026-05-05,Processing,115.51,Credit Card
ORD005829,CUST01613,2026-07-20,Shipped,40.54,Google Pay
ORD005830,CUST00455,2026-01-02,Processing,109.39,Google Pay
ORD005831,CUST04298,2026-03-03,Completed,63.15,Credit Card
ORD005832,CUST01476,2026-01-20,Completed,40.31,PayPal
ORD005833,CUST00854,2026-08-03,Completed,85.7,PayPal
ORD005834,CUST00724,2026-07-29,Completed,112.04,Credit Card
ORD005835,CUST01392,2026-07-03,Completed,26.38,Credit Card
ORD005836,CUST02388,2026-03-31,Completed,20.68,Apple Pay
ORD005837,CUST00262,2026-06-29,Completed,57.13,PayPal
ORD005838,CUST00543,2026-06-02,Completed,45.48,Debit Card
ORD005839,CUST00551,2026-03-03,Shipped,84.51,Google Pay
ORD005840,CUST03798,2026-01-17,Processing,105.0,Google Pay
ORD005841,CUST00638,2026-02-08,Shipped,18.85,Credit Card
ORD005842,CUST00165,2026-01-10,Processing,46.41,Debit Card
ORD005843,CUST02806,2026-07-06,Completed,20.26,PayPal
ORD005844,CUST00621,2026-06-02,Completed,23.33,PayPal
ORD005845,CUST01224,2026-04-20,Completed,18.61,PayPal
ORD005846,CUST03343,2026-01-28,Cancelled,46.22,Credit Card
ORD005847,CUST00051,2026-08-06,Cancelled,19.94,Credit Card
ORD005848,CUST00489,2026-07-23,Completed,37.84,Google Pay
ORD005849,CUST00665,2026-03-02,Processing,32.88,Google Pay
ORD005850,CUST01247,2026-02-27,Cancelled,47.47,PayPal
ORD005851,CUST02711,2026-02-13,Shipped,60.28,Google Pay
ORD005852,CUST04362,2026-03-24,Shipped,57.1,Google Pay
ORD005853,CUST04169,2026-05-31,Shipped,25.58,PayPal
ORD005854,CUST03953,2026-07-25,Cancelled,58.72,Credit Card
ORD005855,CUST02592,2026-05-05,Shipped,44.82,Google Pay
ORD005856,CUST00881,2026-05-25,Completed,83.17,Credit Card
ORD005857,CUST00435,2026-03-20,Cancelled,37.82,Debit Card
ORD005858,CUST01985,2026-03-26,Shipped,90.69,Credit Card
ORD005859,CUST04453,2026-02-07,Processing,30.45,Apple Pay
ORD005860,CUST04114,2026-01-30,Completed,31.5,Apple Pay
ORD005861,CUST03871,2026-05-27,Completed,55.88,PayPal
ORD005862,CUST02623,2026-02-01,Cancelled,18.04,Apple Pay
ORD005863,CUST01793,2026-08-09,Completed,32.57,Debit Card
ORD005864,CUST02799,2026-08-02,Completed,134.53,Credit Card
ORD005865,CUST03513,2026-01-20,Completed,96.19,Credit Card
ORD005866,CUST01494,2026-04-12,Processing,46.07,Google Pay
ORD005867,CUST02680,2026-03-05,Cancelled,312.79,Google Pay
ORD005868,CUST01626,2026-02-05,Cancelled,53.68,Google Pay
ORD005869,CUST02420,2026-07-12,Shipped,67.12,Credit Card
ORD005870,CUST03018,2026-07-30,Completed,166.3,Credit Card
ORD005871,CUST01848,2026-06-20,Shipped,75.74,Google Pay
ORD005872,CUST03247,2026-01-26,Completed,48.4,Credit Card
ORD005873,CUST01539,2026-01-07,Completed,98.17,Debit Card
ORD005874,CUST01317,2026-02-03,Processing,92.49,Google Pay
ORD005875,CUST01720,2026-06-13,Completed,36.24,Apple Pay
ORD005876,CUST01951,2026-05-14,Completed,51.89,Google Pay
ORD005877,CUST00224,2026-06-14,Completed,66.49,Apple Pay
ORD005878,CUST02027,2026-03-03,Completed,66.81,PayPal
ORD005879,CUST01548,2026-03-27,Shipped,32.97,Apple Pay
ORD005880,CUST03779,2026-03-14,Completed,74.32,Debit Card
ORD005881,CUST03724,2026-05-08,Completed,46.81,Credit Card
ORD005882,CUST01524,2026-03-01,Processing,84.08,Debit Card
ORD005883,CUST02704,2026-08-09,Completed,112.25,PayPal
ORD005884,CUST01973,2026-03-05,Completed,34.08,Debit Card
ORD005885,CUST04529,2026-06-27,Shipped,46.69,Debit Card
ORD005886,CUST04605,2026-02-21,Completed,68.73,PayPal
ORD005887,CUST04604,2026-05-25,Shipped,100.72,Debit Card
ORD005888,CUST00617,2026-03-01,Cancelled,40.45,PayPal
ORD005889,CUST04516,2026-03-18,Cancelled,61.83,Credit Card
ORD005890,CUST04170,2026-04-29,Processing,186.7,Google Pay
ORD005891,CUST02622,2026-07-28,Cancelled,107.3,Credit Card
ORD005892,CUST04242,2026-07-01,Completed,50.73,Credit Card
ORD005893,CUST02094,2026-05-18,Completed,223.13,Credit Card
ORD005894,CUST01765,2026-05-05,Completed,83.83,Debit Card
ORD005895,CUST03177,2026-06-02,Completed,204.4,Credit Card
ORD005896,CUST01133,2026-01-18,Completed,132.36,PayPal
ORD005897,CUST04217,2026-03-05,Shipped,445.96,PayPal
ORD005898,CUST03571,2026-03-20,Completed,169.64,PayPal
ORD005899,CUST01067,2026-02-28,Completed,43.97,PayPal
ORD005900,CUST02147,2026-06-04,Cancelled,106.16,Credit Card
ORD005901,CUST00706,2026-02-27,Completed,32.15,Apple Pay
ORD005902,CUST02359,2026-03-02,Completed,114.77,Google Pay
ORD005903,CUST03535,2026-07-30,Processing,198.75,Apple Pay
ORD005904,CUST03813,2026-04-28,Completed,33.74,Debit Card
ORD005905,CUST02471,2026-03-20,Processing,101.27,Credit Card
ORD005906,CUST04068,2026-03-12,Shipped,94.59,Apple Pay
ORD005907,CUST03461,2026-06-20,Processing,96.62,Credit Card
ORD005908,CUST03769,2026-07-27,Completed,26.38,PayPal
ORD005909,CUST01935,2026-03-29,Completed,43.37,Debit Card
ORD005910,CUST02320,2026-03-28,Completed,75.65,Apple Pay
ORD005911,CUST02873,2026-05-19,Cancelled,46.73,Google Pay
ORD005912,CUST00210,2026-03-29,Processing,30.76,PayPal
ORD005913,CUST04835,2026-05-13,Shipped,118.51,PayPal
ORD005914,CUST02808,2026-07-05,Completed,38.46,Debit Card
ORD005915,CUST04255,2026-02-08,Completed,59.01,PayPal
ORD005916,CUST03963,2026-06-25,Shipped,289.3,PayPal
ORD005917,CUST04837,2026-08-10,Completed,124.12,Apple Pay
ORD005918,CUST01954,2026-03-21,Shipped,62.31,PayPal
ORD005919,CUST02391,2026-01-20,Completed,79.89,Debit Card
ORD005920,CUST03526,2026-08-09,Completed,73.87,Credit Card
ORD005921,CUST04795,2026-03-22,Completed,21.79,Debit Card
ORD005922,CUST03215,2026-01-19,Completed,76.56,Debit Card
ORD005923,CUST02445,2026-07-07,Completed,134.42,Credit Card
ORD005924,CUST02584,2026-06-03,Shipped,57.1,Apple Pay
ORD005925,CUST00141,2026-07-26,Completed,101.89,Google Pay
ORD005926,CUST04336,2026-06-02,Cancelled,87.14,Google Pay
ORD005927,CUST00292,2026-05-23,Completed,95.34,Debit Card
ORD005928,CUST02865,2026-07-31,Completed,28.86,Apple Pay
ORD005929,CUST04178,2026-08-10,Completed,80.21,Apple Pay
ORD005930,CUST02608,2026-05-29,Completed,201.26,Apple Pay
ORD005931,CUST03937,2026-06-24,Shipped,59.34,Apple Pay
ORD005932,CUST02918,2026-06-12,Completed,50.29,Debit Card
ORD005933,CUST02219,2026-06-21,Completed,107.58,PayPal
ORD005934,CUST01798,2026-05-14,Shipped,115.66,Google Pay
ORD005935,CUST00977,2026-04-26,Cancelled,141.67,Google Pay
ORD005936,CUST00580,2026-04-11,Shipped,55.69,Credit Card
ORD005937,CUST02574,2026-07-22,Completed,87.81,Debit Card
ORD005938,CUST02590,2026-05-31,Completed,234.64,Google Pay
ORD005939,CUST03284,2026-02-08,Completed,34.26,Debit Card
ORD005940,CUST01800,2026-07-20,Completed,22.9,Debit Card
ORD005941,CUST01462,2026-05-26,Processing,104.77,Apple Pay
ORD005942,CUST04418,2026-06-17,Completed,81.51,Credit Card
ORD005943,CUST04069,2026-02-05,Completed,45.23,Debit Card
ORD005944,CUST02948,2026-06-05,Cancelled,38.42,Google Pay
ORD005945,CUST00714,2026-07-11,Cancelled,57.19,Google Pay
ORD005946,CUST02424,2026-03-24,Shipped,122.64,Credit Card
ORD005947,CUST01891,2026-04-04,Completed,117.2,Debit Card
ORD005948,CUST03568,2026-07-05,Completed,70.62,Apple Pay
ORD005949,CUST01679,2026-06-15,Cancelled,43.25,Credit Card
ORD005950,CUST02148,2026-07-26,Completed,10.41,Debit Card
ORD005951,CUST00918,2026-06-21,Completed,82.72,Credit Card
ORD005952,CUST02267,2026-07-23,Shipped,96.45,Apple Pay
ORD005953,CUST02525,2026-01-02,Cancelled,54.58,PayPal
ORD005954,CUST01807,2026-03-14,Completed,308.85,PayPal
ORD005955,CUST04052,2026-02-04,Shipped,35.95,PayPal
ORD005956,CUST00560,2026-05-09,Processing,169.92,Apple Pay
ORD005957,CUST00629,2026-06-23,Completed,102.91,Apple Pay
ORD005958,CUST03067,2026-07-07,Completed,53.09,Credit Card
ORD005959,CUST01912,2026-03-04,Completed,19.68,Google Pay
ORD005960,CUST03763,2026-04-05,Completed,159.84,Apple Pay
ORD005961,CUST03552,2026-08-08,Cancelled,62.75,Apple Pay
ORD005962,CUST01809,2026-02-14,Processing,213.35,PayPal
ORD005963,CUST02387,2026-05-05,Cancelled,63.28,PayPal
ORD005964,CUST01896,2026-07-04,Processing,166.75,PayPal
ORD005965,CUST03931,2026-02-06,Cancelled,22.22,Google Pay
ORD005966,CUST01007,2026-01-07,Completed,23.54,PayPal
ORD005967,CUST00049,2026-04-20,Shipped,45.52,PayPal
ORD005968,CUST01851,2026-05-24,Processing,13.24,Google Pay
ORD005969,CUST01930,2026-06-27,Processing,75.25,PayPal
ORD005970,CUST02133,2026-05-22,Shipped,35.44,Credit Card
ORD005971,CUST01526,2026-08-13,Completed,102.08,Credit Card
ORD005972,CUST00329,2026-05-14,Processing,15.56,Debit Card
ORD005973,CUST02658,2026-07-08,Processing,135.18,Credit Card
ORD005974,CUST04530,2026-05-29,Shipped,64.06,Google Pay
ORD005975,CUST00588,2026-05-18,Shipped,114.01,PayPal
ORD005976,CUST03206,2026-02-01,Completed,53.49,Debit Card
ORD005977,CUST01599,2026-05-14,Completed,18.79,Apple Pay
ORD005978,CUST03852,2026-01-02,Completed,152.14,Apple Pay
ORD005979,CUST02473,2026-02-08,Completed,101.93,Credit Card
ORD005980,CUST02818,2026-02-18,Completed,118.14,Debit Card
ORD005981,CUST04608,2026-01-27,Completed,65.88,Apple Pay
ORD005982,CUST01409,2026-02-25,Shipped,218.43,Apple Pay
ORD005983,CUST01012,2026-01-14,Processing,352.28,Apple Pay
ORD005984,CUST04660,2026-05-31,Shipped,158.13,Credit Card
ORD005985,CUST04399,2026-04-13,Shipped,22.42,Credit Card
ORD005986,CUST04045,2026-04-28,Completed,72.06,Debit Card
ORD005987,CUST01330,2026-05-02,Shipped,37.79,Credit Card
ORD005988,CUST02605,2026-08-01,Completed,23.47,Credit Card
ORD005989,CUST02024,2026-04-15,Cancelled,55.41,Google Pay
ORD005990,CUST04508,2026-06-28,Processing,135.17,Credit Card
ORD005991,CUST03186,2026-08-10,Cancelled,44.57,Debit Card
ORD005992,CUST04604,2026-01-25,Completed,40.28,Credit Card
ORD005993,CUST04152,2026-02-22,Completed,48.76,Credit Card
ORD005994,CUST02594,2026-08-04,Cancelled,260.16,Google Pay
ORD005995,CUST03342,2026-01-11,Processing,87.24,Debit Card
ORD005996,CUST00196,2026-06-12,Cancelled,36.77,Apple Pay
ORD005997,CUST01791,2026-07-02,Completed,205.3,Google Pay
ORD005998,CUST01107,2026-07-05,Completed,66.2,Credit Card
ORD005999,CUST02790,2026-07-15,Shipped,33.55,PayPal
ORD006000,CUST02185,2026-02-06,Processing,42.87,Google Pay
ORD006001,CUST00539,2026-07-24,Completed,34.06,Google Pay
ORD006002,CUST04785,2026-01-09,Shipped,55.09,Debit Card
ORD006003,CUST00719,2026-01-28,Completed,57.75,Apple Pay
ORD006004,CUST03996,2026-02-24,Cancelled,69.39,Apple Pay
ORD006005,CUST00306,2026-06-23,Processing,41.55,Apple Pay
ORD006006,CUST00388,2026-07-27,Shipped,92.98,Google Pay
ORD006007,CUST00725,2026-05-07,Processing,185.52,PayPal
ORD006008,CUST02597,2026-03-11,Cancelled,40.04,Debit Card
ORD006009,CUST02436,2026-01-27,Completed,149.53,PayPal
ORD006010,CUST02341,2026-01-10,Completed,69.6,Apple Pay
ORD006011,CUST00179,2026-05-31,Completed,54.28,Google Pay
ORD006012,CUST01904,2026-05-29,Completed,101.42,Apple Pay
ORD006013,CUST01705,2026-08-06,Completed,85.69,PayPal
ORD006014,CUST03384,2026-06-22,Completed,94.9,Apple Pay
ORD006015,CUST04176,2026-05-06,Completed,37.26,Credit Card
ORD006016,CUST04543,2026-01-03,Processing,29.99,Debit Card
ORD006017,CUST04862,2026-07-06,Completed,13.8,PayPal
ORD006018,CUST04666,2026-02-12,Completed,80.46,Credit Card
ORD006019,CUST00096,2026-04-09,Cancelled,32.0,Apple Pay
ORD006020,CUST01284,2026-01-07,Shipped,40.43,Debit Card
ORD006021,CUST00248,2026-06-04,Shipped,56.36,Debit Card
ORD006022,CUST00982,2026-07-09,Completed,25.52,Debit Card
ORD006023,CUST04364,2026-02-11,Completed,166.41,Google Pay
ORD006024,CUST01566,2026-04-07,Processing,49.78,Debit Card
ORD006025,CUST02142,2026-01-04,Completed,88.63,Credit Card
ORD006026,CUST00736,2026-08-06,Shipped,112.24,PayPal
ORD006027,CUST03388,2026-07-09,Completed,17.25,Credit Card
ORD006028,CUST02660,2026-05-16,Processing,47.1,Apple Pay
ORD006029,CUST00449,2026-03-25,Completed,109.28,Google Pay
ORD006030,CUST01836,2026-05-25,Completed,30.17,Google Pay
ORD006031,CUST04716,2026-01-05,Completed,75.85,Apple Pay
ORD006032,CUST00614,2026-07-10,Shipped,32.56,PayPal
ORD006033,CUST01434,2026-04-23,Shipped,80.33,Google Pay
ORD006034,CUST00877,2026-05-17,Cancelled,41.29,Apple Pay
ORD006035,CUST02576,2026-05-16,Completed,64.24,Apple Pay
ORD006036,CUST01134,2026-01-07,Completed,148.7,Apple Pay
ORD006037,CUST04871,2026-02-06,Completed,99.67,Apple Pay
ORD006038,CUST00672,2026-02-24,Completed,36.49,Debit Card
ORD006039,CUST01631,2026-03-08,Completed,87.81,PayPal
ORD006040,CUST03319,2026-05-16,Completed,79.93,Apple Pay
ORD006041,CUST00361,2026-03-10,Shipped,138.2,Debit Card
ORD006042,CUST02393,2026-01-05,Cancelled,64.7,Debit Card
ORD006043,CUST03902,2026-01-17,Completed,63.06,Credit Card
ORD006044,CUST00798,2026-04-21,Processing,105.86,Apple Pay
ORD006045,CUST01784,2026-02-27,Completed,106.98,Debit Card
ORD006046,CUST00067,2026-07-10,Completed,637.52,Credit Card
ORD006047,CUST03035,2026-06-04,Processing,178.35,Credit Card
ORD006048,CUST02091,2026-04-14,Processing,61.45,Apple Pay
ORD006049,CUST02277,2026-04-23,Completed,57.0,Google Pay
ORD006050,CUST03516,2026-07-23,Completed,35.94,Debit Card
ORD006051,CUST00234,2026-04-02,Processing,21.31,Google Pay
ORD006052,CUST01223,2026-03-09,Processing,65.85,Credit Card
ORD006053,CUST02545,2026-01-28,Completed,13.62,Google Pay
ORD006054,CUST01056,2026-03-30,Cancelled,241.25,Google Pay
ORD006055,CUST04555,2026-07-05,Cancelled,34.42,Apple Pay
ORD006056,CUST03348,2026-06-27,Cancelled,149.79,Credit Card
ORD006057,CUST01170,2026-04-16,Completed,55.8,PayPal
ORD006058,CUST04102,2026-03-08,Cancelled,90.69,Debit Card
ORD006059,CUST00494,2026-05-02,Completed,24.95,Apple Pay
ORD006060,CUST03180,2026-06-08,Processing,91.41,Apple Pay
ORD006061,CUST03844,2026-04-11,Processing,66.76,PayPal
ORD006062,CUST01364,2026-01-12,Completed,239.02,Apple Pay
ORD006063,CUST03399,2026-07-02,Shipped,24.97,Credit Card
ORD006064,CUST01057,2026-04-11,Completed,24.16,Apple Pay
ORD006065,CUST00143,2026-01-04,Cancelled,29.66,Apple Pay
ORD006066,CUST03316,2026-08-10,Shipped,14.67,PayPal
ORD006067,CUST04832,2026-05-01,Completed,33.69,Debit Card
ORD006068,CUST02774,2026-02-11,Cancelled,31.17,Debit Card
ORD006069,CUST01885,2026-08-07,Completed,59.39,Google Pay
ORD006070,CUST02265,2026-07-01,Cancelled,62.59,Credit Card
ORD006071,CUST01925,2026-01-22,Completed,21.42,PayPal
ORD006072,CUST04046,2026-01-01,Completed,141.17,Debit Card
ORD006073,CUST02482,2026-02-17,Completed,91.32,PayPal
ORD006074,CUST01891,2026-02-12,Completed,116.43,Google Pay
ORD006075,CUST03126,2026-04-12,Completed,140.39,Debit Card
ORD006076,CUST00942,2026-05-28,Completed,30.89,PayPal
ORD006077,CUST01616,2026-01-18,Completed,40.65,Credit Card
ORD006078,CUST01969,2026-07-17,Cancelled,79.87,Credit Card
ORD006079,CUST03223,2026-06-26,Completed,150.56,Google Pay
ORD006080,CUST04151,2026-03-17,Completed,76.11,Debit Card
ORD006081,CUST01472,2026-05-25,Processing,60.82,Debit Card
ORD006082,CUST01059,2026-06-30,Completed,38.26,Credit Card
ORD006083,CUST01007,2026-05-30,Cancelled,24.33,Google Pay
ORD006084,CUST03191,2026-03-23,Processing,137.39,Apple Pay
ORD006085,CUST01221,2026-01-10,Completed,47.2,Credit Card
ORD006086,CUST04662,2026-01-24,Cancelled,63.72,Credit Card
ORD006087,CUST04867,2026-07-31,Shipped,201.49,PayPal
ORD006088,CUST01798,2026-05-20,Cancelled,47.75,Google Pay
ORD006089,CUST04974,2026-01-04,Completed,64.63,Apple Pay
ORD006090,CUST02872,2026-06-19,Shipped,44.32,Google Pay
ORD006091,CUST00514,2026-05-06,Processing,24.75,Google Pay
ORD006092,CUST01618,2026-05-13,Shipped,77.76,Credit Card
ORD006093,CUST04518,2026-06-03,Processing,15.6,Credit Card
ORD006094,CUST04613,2026-07-06,Cancelled,169.68,Credit Card
ORD006095,CUST03758,2026-07-09,Shipped,14.58,PayPal
ORD006096,CUST02033,2026-03-21,Processing,50.79,Apple Pay
ORD006097,CUST03211,2026-01-05,Cancelled,42.61,Apple Pay
ORD006098,CUST00705,2026-06-03,Shipped,134.75,Google Pay
ORD006099,CUST01674,2026-03-24,Processing,37.33,Credit Card
ORD006100,CUST03700,2026-01-06,Completed,20.24,Google Pay
ORD006101,CUST02092,2026-06-01,Completed,24.6,Credit Card
ORD006102,CUST04954,2026-08-11,Completed,14.04,Google Pay
ORD006103,CUST02849,2026-08-11,Completed,114.04,Google Pay
ORD006104,CUST04315,2026-06-30,Shipped,223.61,PayPal
ORD006105,CUST04664,2026-01-07,Cancelled,144.5,PayPal
ORD006106,CUST01778,2026-01-10,Processing,63.72,Google Pay
ORD006107,CUST04354,2026-06-16,Completed,78.29,Credit Card
ORD006108,CUST00893,2026-08-02,Completed,48.44,Google Pay
ORD006109,CUST00972,2026-03-19,Cancelled,41.94,Credit Card
ORD006110,CUST00103,2026-06-05,Processing,87.56,Debit Card
ORD006111,CUST01108,2026-02-11,Shipped,24.45,Apple Pay
ORD006112,CUST03247,2026-03-03,Cancelled,90.47,Google Pay
ORD006113,CUST03713,2026-05-05,Completed,59.87,Debit Card
ORD006114,CUST03418,2026-06-29,Completed,98.25,Google Pay
ORD006115,CUST04152,2026-01-22,Cancelled,88.43,PayPal
ORD006116,CUST03660,2026-02-26,Completed,26.26,Apple Pay
ORD006117,CUST04927,2026-04-06,Processing,105.0,Google Pay
ORD006118,CUST00920,2026-05-19,Completed,180.1,PayPal
ORD006119,CUST04553,2026-05-22,Cancelled,106.1,PayPal
ORD006120,CUST04228,2026-01-31,Completed,32.47,Debit Card
ORD006121,CUST04589,2026-01-04,Completed,113.76,PayPal
ORD006122,CUST02158,2026-04-19,Cancelled,84.31,Debit Card
ORD006123,CUST00582,2026-05-30,Completed,16.5,Credit Card
ORD006124,CUST00796,2026-04-28,Completed,52.3,Credit Card
ORD006125,CUST03198,2026-04-03,Cancelled,109.15,Credit Card
ORD006126,CUST01884,2026-04-09,Shipped,58.22,Credit Card
ORD006127,CUST03368,2026-07-11,Processing,89.07,Google Pay
ORD006128,CUST00810,2026-03-18,Shipped,40.88,Debit Card
ORD006129,CUST02934,2026-07-31,Completed,75.25,Credit Card
ORD006130,CUST03269,2026-03-24,Completed,146.02,PayPal
ORD006131,CUST04869,2026-07-26,Cancelled,86.73,Debit Card
ORD006132,CUST02985,2026-04-25,Processing,73.13,Google Pay
ORD006133,CUST00573,2026-08-06,Completed,65.42,Credit Card
ORD006134,CUST01207,2026-07-31,Processing,57.68,Debit Card
ORD006135,CUST04905,2026-03-02,Completed,36.5,Apple Pay
ORD006136,CUST04975,2026-04-10,Completed,48.51,Credit Card
ORD006137,CUST03081,2026-05-14,Completed,69.17,Debit Card
ORD006138,CUST02461,2026-03-20,Processing,15.19,Credit Card
ORD006139,CUST01742,2026-07-15,Completed,148.45,Apple Pay
ORD006140,CUST04006,2026-01-06,Completed,42.28,PayPal
ORD006141,CUST04926,2026-03-07,Completed,26.45,PayPal
ORD006142,CUST02614,2026-06-13,Completed,246.39,Apple Pay
ORD006143,CUST01716,2026-05-23,Cancelled,69.49,Debit Card
ORD006144,CUST01570,2026-03-17,Completed,129.1,Google Pay
ORD006145,CUST00677,2026-02-09,Shipped,37.88,Credit Card
ORD006146,CUST01834,2026-06-18,Completed,133.51,Google Pay
ORD006147,CUST02514,2026-01-07,Completed,100.36,Credit Card
ORD006148,CUST00801,2026-01-22,Completed,48.39,Google Pay
ORD006149,CUST01142,2026-03-13,Shipped,18.35,Credit Card
ORD006150,CUST03053,2026-04-16,Cancelled,126.08,PayPal
ORD006151,CUST02032,2026-05-19,Completed,52.61,Credit Card
ORD006152,CUST01509,2026-05-10,Processing,137.63,Credit Card
ORD006153,CUST01111,2026-01-30,Processing,47.23,Apple Pay
ORD006154,CUST04330,2026-03-09,Completed,57.3,Apple Pay
ORD006155,CUST00913,2026-06-30,Cancelled,77.67,Credit Card
ORD006156,CUST01056,2026-03-30,Processing,240.99,Credit Card
ORD006157,CUST04190,2026-05-29,Completed,34.34,Debit Card
ORD006158,CUST01751,2026-06-02,Shipped,44.97,PayPal
ORD006159,CUST03172,2026-03-14,Shipped,41.17,Credit Card
ORD006160,CUST04154,2026-03-13,Processing,38.81,Credit Card
ORD006161,CUST03013,2026-05-13,Completed,57.89,PayPal
ORD006162,CUST03429,2026-08-08,Completed,131.87,Debit Card
ORD006163,CUST03563,2026-03-07,Cancelled,46.5,Apple Pay
ORD006164,CUST00357,2026-03-26,Completed,225.25,Apple Pay
ORD006165,CUST04392,2026-02-18,Processing,151.66,PayPal
ORD006166,CUST04621,2026-01-08,Processing,55.97,Credit Card
ORD006167,CUST01618,2026-08-14,Processing,36.14,Apple Pay
ORD006168,CUST01624,2026-08-03,Completed,101.38,Credit Card
ORD006169,CUST01666,2026-07-26,Completed,170.91,Google Pay
ORD006170,CUST03200,2026-06-04,Completed,124.76,Credit Card
ORD006171,CUST04497,2026-01-02,Cancelled,37.34,Apple Pay
ORD006172,CUST01596,2026-01-28,Completed,54.28,Credit Card
ORD006173,CUST01990,2026-05-19,Cancelled,21.84,Credit Card
ORD006174,CUST02787,2026-02-15,Cancelled,24.0,Debit Card
ORD006175,CUST00529,2026-05-06,Completed,118.28,Debit Card
ORD006176,CUST02605,2026-01-21,Processing,91.33,Credit Card
ORD006177,CUST03196,2026-06-19,Processing,191.51,PayPal
ORD006178,CUST02408,2026-02-01,Completed,26.46,PayPal
ORD006179,CUST00064,2026-06-09,Processing,155.96,PayPal
ORD006180,CUST03961,2026-07-18,Completed,150.73,PayPal
ORD006181,CUST02813,2026-05-30,Completed,258.66,Apple Pay
ORD006182,CUST02822,2026-07-25,Cancelled,111.25,PayPal
ORD006183,CUST04028,2026-03-18,Completed,10.01,Apple Pay
ORD006184,CUST00102,2026-01-21,Completed,89.09,PayPal
ORD006185,CUST03349,2026-05-30,Processing,16.45,Credit Card
ORD006186,CUST03299,2026-02-03,Completed,13.08,PayPal
ORD006187,CUST03095,2026-05-18,Completed,73.22,Credit Card
ORD006188,CUST02892,2026-03-06,Completed,105.58,Credit Card
ORD006189,CUST03136,2026-03-06,Completed,18.22,Debit Card
ORD006190,CUST01181,2026-03-29,Completed,13.11,Google Pay
ORD006191,CUST02887,2026-03-08,Completed,44.66,Google Pay
ORD006192,CUST02729,2026-08-11,Cancelled,87.05,Credit Card
ORD006193,CUST02693,2026-02-12,Processing,59.7,Google Pay
ORD006194,CUST00399,2026-04-25,Cancelled,47.57,Google Pay
ORD006195,CUST00405,2026-06-18,Shipped,25.93,PayPal
ORD006196,CUST02874,2026-05-21,Cancelled,47.55,Google Pay
ORD006197,CUST03269,2026-04-28,Shipped,121.5,Google Pay
ORD006198,CUST02695,2026-01-04,Completed,68.67,Google Pay
ORD006199,CUST02083,2026-01-23,Completed,75.96,Debit Card
ORD006200,CUST02468,2026-03-11,Completed,209.35,Google Pay
ORD006201,CUST04473,2026-06-11,Completed,242.18,PayPal
ORD006202,CUST04316,2026-02-10,Completed,226.56,Apple Pay
ORD006203,CUST01922,2026-05-26,Completed,391.21,Debit Card
ORD006204,CUST03960,2026-04-30,Completed,33.1,PayPal
ORD006205,CUST01541,2026-03-31,Shipped,26.17,Credit Card
ORD006206,CUST02390,2026-08-13,Completed,88.39,PayPal
ORD006207,CUST04849,2026-06-10,Completed,50.2,Apple Pay
ORD006208,CUST02464,2026-06-02,Processing,61.91,Debit Card
ORD006209,CUST03369,2026-02-21,Completed,14.34,Apple Pay
ORD006210,CUST02986,2026-05-25,Processing,75.92,Credit Card
ORD006211,CUST00680,2026-02-20,Processing,45.24,Credit Card
ORD006212,CUST00748,2026-05-11,Completed,46.12,Credit Card
ORD006213,CUST02854,2026-02-24,Completed,54.52,PayPal
ORD006214,CUST01322,2026-08-02,Shipped,19.75,PayPal
ORD006215,CUST03749,2026-07-03,Completed,39.19,Google Pay
ORD006216,CUST04151,2026-04-29,Completed,169.9,Credit Card
ORD006217,CUST04790,2026-04-23,Completed,76.15,Apple Pay
ORD006218,CUST00534,2026-02-04,Completed,166.06,Credit Card
ORD006219,CUST01819,2026-03-09,Completed,26.33,Debit Card
ORD006220,CUST04201,2026-07-06,Cancelled,72.01,PayPal
ORD006221,CUST02342,2026-04-02,Completed,28.47,Credit Card
ORD006222,CUST02423,2026-02-28,Shipped,266.91,Google Pay
ORD006223,CUST04546,2026-01-13,Processing,27.59,Credit Card
ORD006224,CUST01469,2026-03-03,Processing,123.13,Google Pay
ORD006225,CUST04908,2026-04-04,Cancelled,45.44,PayPal
ORD006226,CUST04486,2026-06-24,Completed,137.12,PayPal
ORD006227,CUST01236,2026-07-23,Completed,23.66,Google Pay
ORD006228,CUST02715,2026-01-03,Processing,42.2,Debit Card
ORD006229,CUST01709,2026-01-21,Shipped,94.56,PayPal
ORD006230,CUST01146,2026-04-14,Completed,57.02,Google Pay
ORD006231,CUST01476,2026-03-06,Processing,68.18,PayPal
ORD006232,CUST03924,2026-05-26,Completed,45.16,Credit Card
ORD006233,CUST02922,2026-01-13,Shipped,52.63,Apple Pay
ORD006234,CUST01856,2026-07-18,Shipped,50.77,Debit Card
ORD006235,CUST03225,2026-03-18,Cancelled,35.68,Apple Pay
ORD006236,CUST03965,2026-07-28,Completed,249.71,Debit Card
ORD006237,CUST03380,2026-04-19,Completed,190.5,Credit Card
ORD006238,CUST04939,2026-04-06,Shipped,165.61,Google Pay
ORD006239,CUST01605,2026-04-03,Processing,99.94,Google Pay
ORD006240,CUST03280,2026-02-14,Completed,123.05,Google Pay
ORD006241,CUST00552,2026-03-03,Cancelled,37.6,Credit Card
ORD006242,CUST02005,2026-01-30,Completed,28.52,Apple Pay
ORD006243,CUST01837,2026-07-22,Processing,149.13,PayPal
ORD006244,CUST01125,2026-01-14,Cancelled,85.43,Google Pay
ORD006245,CUST01383,2026-06-30,Cancelled,150.47,PayPal
ORD006246,CUST01771,2026-01-10,Cancelled,83.33,Apple Pay
ORD006247,CUST03864,2026-07-19,Completed,36.79,PayPal
ORD006248,CUST03401,2026-06-08,Completed,27.25,PayPal
ORD006249,CUST00035,2026-01-06,Cancelled,92.41,PayPal
ORD006250,CUST02205,2026-07-30,Cancelled,111.08,Credit Card
ORD006251,CUST05000,2026-04-29,Cancelled,92.76,Apple Pay
ORD006252,CUST03345,2026-01-19,Processing,31.17,PayPal
ORD006253,CUST03015,2026-01-12,Cancelled,73.48,Google Pay
ORD006254,CUST04492,2026-04-27,Shipped,75.95,Google Pay
ORD006255,CUST04303,2026-07-11,Completed,39.1,Apple Pay
ORD006256,CUST01781,2026-04-13,Completed,160.61,Credit Card
ORD006257,CUST01629,2026-04-24,Shipped,56.61,PayPal
ORD006258,CUST01330,2026-03-23,Cancelled,182.31,Credit Card
ORD006259,CUST01560,2026-07-02,Completed,82.59,Apple Pay
ORD006260,CUST00805,2026-07-14,Completed,56.57,Debit Card
ORD006261,CUST02510,2026-01-09,Completed,68.75,Google Pay
ORD006262,CUST04348,2026-05-14,Completed,14.67,PayPal
ORD006263,CUST01291,2026-05-09,Completed,62.62,PayPal
ORD006264,CUST04305,2026-06-19,Processing,12.28,Apple Pay
ORD006265,CUST02587,2026-04-03,Completed,43.68,Apple Pay
ORD006266,CUST04931,2026-07-02,Cancelled,83.47,Credit Card
ORD006267,CUST02551,2026-06-26,Completed,47.71,Google Pay
ORD006268,CUST00956,2026-04-09,Shipped,182.34,Credit Card
ORD006269,CUST04610,2026-04-09,Completed,63.75,Apple Pay
ORD006270,CUST00580,2026-01-30,Completed,100.35,Google Pay
ORD006271,CUST01938,2026-02-04,Cancelled,58.23,Apple Pay
ORD006272,CUST01998,2026-03-04,Shipped,82.27,Credit Card
ORD006273,CUST01666,2026-05-30,Completed,51.35,Credit Card
ORD006274,CUST02131,2026-06-20,Shipped,98.67,Credit Card
ORD006275,CUST03741,2026-01-28,Completed,144.23,Debit Card
ORD006276,CUST02501,2026-05-26,Cancelled,69.54,Credit Card
ORD006277,CUST01643,2026-02-01,Completed,167.54,PayPal
ORD006278,CUST04713,2026-03-10,Processing,52.66,Credit Card
ORD006279,CUST01498,2026-07-01,Completed,157.39,Apple Pay
ORD006280,CUST04603,2026-06-11,Completed,109.93,Credit Card
ORD006281,CUST03205,2026-06-08,Shipped,54.14,Apple Pay
ORD006282,CUST00622,2026-04-20,Cancelled,104.12,Apple Pay
ORD006283,CUST03145,2026-04-07,Shipped,102.27,Google Pay
ORD006284,CUST01952,2026-05-12,Shipped,118.18,Debit Card
ORD006285,CUST01460,2026-05-22,Cancelled,14.43,Apple Pay
ORD006286,CUST00293,2026-01-15,Cancelled,28.94,Apple Pay
ORD006287,CUST00655,2026-07-07,Processing,51.28,PayPal
ORD006288,CUST02985,2026-01-20,Completed,74.45,Credit Card
ORD006289,CUST03844,2026-01-20,Completed,94.86,Debit Card
ORD006290,CUST02805,2026-06-26,Cancelled,46.05,Debit Card
ORD006291,CUST02715,2026-04-09,Completed,108.53,Google Pay
ORD006292,CUST01622,2026-03-09,Shipped,13.82,Apple Pay
ORD006293,CUST04015,2026-01-18,Processing,23.33,Apple Pay
ORD006294,CUST03254,2026-06-01,Completed,42.67,PayPal
ORD006295,CUST02847,2026-06-04,Processing,262.46,Debit Card
ORD006296,CUST04881,2026-02-02,Cancelled,115.45,Credit Card
ORD006297,CUST04863,2026-05-05,Completed,46.27,Google Pay
ORD006298,CUST03506,2026-03-05,Shipped,197.24,Google Pay
ORD006299,CUST00519,2026-06-02,Completed,30.67,Google Pay
ORD006300,CUST02686,2026-03-10,Processing,36.38,Google Pay
ORD006301,CUST00028,2026-05-26,Completed,73.54,Debit Card
ORD006302,CUST00266,2026-02-14,Completed,65.71,Apple Pay
ORD006303,CUST01307,2026-04-20,Completed,80.83,Debit Card
ORD006304,CUST04054,2026-01-20,Completed,47.35,Credit Card
ORD006305,CUST03455,2026-02-04,Completed,98.21,Google Pay
ORD006306,CUST00811,2026-05-14,Completed,66.28,Debit Card
ORD006307,CUST04677,2026-04-01,Shipped,142.63,Credit Card
ORD006308,CUST03391,2026-08-08,Cancelled,106.92,PayPal
ORD006309,CUST00611,2026-07-22,Processing,38.14,Google Pay
ORD006310,CUST04289,2026-01-09,Completed,26.52,Apple Pay
ORD006311,CUST02275,2026-06-29,Shipped,128.21,Apple Pay
ORD006312,CUST04547,2026-06-05,Completed,28.01,Apple Pay
ORD006313,CUST00203,2026-01-19,Completed,126.88,Credit Card
ORD006314,CUST00402,2026-04-13,Cancelled,50.23,Debit Card
ORD006315,CUST02028,2026-03-26,Shipped,93.76,Google Pay
ORD006316,CUST03851,2026-03-04,Completed,39.31,Google Pay
ORD006317,CUST00890,2026-04-05,Cancelled,83.99,Google Pay
ORD006318,CUST00179,2026-05-15,Completed,135.64,Google Pay
ORD006319,CUST01980,2026-02-06,Completed,44.47,PayPal
ORD006320,CUST02511,2026-03-30,Completed,32.48,Google Pay
ORD006321,CUST02883,2026-04-02,Shipped,34.64,PayPal
ORD006322,CUST03985,2026-02-05,Completed,11.68,Debit Card
ORD006323,CUST02045,2026-01-17,Completed,33.49,Apple Pay
ORD006324,CUST02984,2026-03-31,Processing,142.93,PayPal
ORD006325,CUST00351,2026-04-02,Completed,18.42,Apple Pay
ORD006326,CUST04283,2026-06-14,Shipped,41.69,Apple Pay
ORD006327,CUST03419,2026-07-28,Completed,66.9,Credit Card
ORD006328,CUST03831,2026-07-07,Cancelled,65.82,PayPal
ORD006329,CUST01968,2026-02-18,Cancelled,33.76,Google Pay
ORD006330,CUST04405,2026-03-22,Completed,151.54,Credit Card
ORD006331,CUST02225,2026-08-13,Completed,102.87,Google Pay
ORD006332,CUST04523,2026-07-03,Completed,30.75,Apple Pay
ORD006333,CUST02788,2026-02-03,Processing,54.5,Credit Card
ORD006334,CUST04627,2026-08-03,Processing,39.89,Google Pay
ORD006335,CUST04344,2026-06-07,Processing,84.83,Google Pay
ORD006336,CUST04312,2026-06-04,Cancelled,170.1,Debit Card
ORD006337,CUST04809,2026-06-28,Completed,85.8,Credit Card
ORD006338,CUST00438,2026-05-17,Completed,186.6,Credit Card
ORD006339,CUST02359,2026-01-20,Completed,56.11,Apple Pay
ORD006340,CUST03855,2026-08-03,Completed,19.55,Apple Pay
ORD006341,CUST00383,2026-06-24,Completed,36.38,Credit Card
ORD006342,CUST04217,2026-05-27,Completed,100.74,Debit Card
ORD006343,CUST00407,2026-03-09,Completed,57.5,Debit Card
ORD006344,CUST04341,2026-03-18,Completed,65.47,Apple Pay
ORD006345,CUST00066,2026-04-12,Processing,44.36,PayPal
ORD006346,CUST02990,2026-05-20,Processing,41.08,Google Pay
ORD006347,CUST00228,2026-05-05,Processing,135.22,Apple Pay
ORD006348,CUST04978,2026-03-14,Processing,222.66,Debit Card
ORD006349,CUST02185,2026-07-26,Completed,43.4,Credit Card
ORD006350,CUST02242,2026-08-01,Processing,38.85,Debit Card
ORD006351,CUST04802,2026-03-20,Completed,110.41,Credit Card
ORD006352,CUST04754,2026-04-23,Completed,180.38,Apple Pay
ORD006353,CUST01513,2026-05-13,Shipped,131.26,Google Pay
ORD006354,CUST00930,2026-07-16,Shipped,235.49,Google Pay
ORD006355,CUST04037,2026-01-25,Completed,136.44,Apple Pay
ORD006356,CUST02604,2026-08-04,Completed,107.56,Google Pay
ORD006357,CUST01181,2026-04-11,Processing,146.82,Google Pay
ORD006358,CUST01040,2026-01-31,Completed,83.36,PayPal
ORD006359,CUST01102,2026-06-23,Completed,66.61,PayPal
ORD006360,CUST02100,2026-02-03,Completed,91.56,PayPal
ORD006361,CUST00514,2026-06-18,Completed,88.48,Credit Card
ORD006362,CUST04840,2026-07-25,Completed,38.41,PayPal
ORD006363,CUST03133,2026-08-07,Completed,88.79,Apple Pay
ORD006364,CUST01833,2026-03-09,Processing,69.02,PayPal
ORD006365,CUST04639,2026-08-03,Shipped,86.85,Apple Pay
ORD006366,CUST02458,2026-05-02,Cancelled,62.85,PayPal
ORD006367,CUST02203,2026-06-15,Processing,81.9,Google Pay
ORD006368,CUST02681,2026-02-15,Processing,76.49,PayPal
ORD006369,CUST02099,2026-03-10,Cancelled,28.2,Apple Pay
ORD006370,CUST03167,2026-01-27,Cancelled,37.43,Apple Pay
ORD006371,CUST01928,2026-06-20,Completed,21.84,Apple Pay
ORD006372,CUST04451,2026-07-25,Completed,164.59,PayPal
ORD006373,CUST03117,2026-07-18,Completed,60.21,Credit Card
ORD006374,CUST02888,2026-02-14,Completed,76.45,Apple Pay
ORD006375,CUST04344,2026-01-18,Cancelled,60.21,Credit Card
ORD006376,CUST04629,2026-02-01,Shipped,29.98,PayPal
ORD006377,CUST03531,2026-01-02,Completed,53.69,Credit Card
ORD006378,CUST00790,2026-06-18,Completed,60.84,Credit Card
ORD006379,CUST01301,2026-01-20,Processing,17.66,Apple Pay
ORD006380,CUST01948,2026-08-09,Completed,86.53,PayPal
ORD006381,CUST02243,2026-07-05,Processing,77.33,Apple Pay
ORD006382,CUST01095,2026-08-06,Processing,47.49,Google Pay
ORD006383,CUST01359,2026-02-07,Completed,168.29,Debit Card
ORD006384,CUST03657,2026-01-01,Shipped,79.5,Credit Card
ORD006385,CUST00308,2026-07-16,Completed,113.64,PayPal
ORD006386,CUST01451,2026-07-01,Processing,79.52,Credit Card
ORD006387,CUST02124,2026-05-22,Cancelled,80.27,PayPal
ORD006388,CUST04883,2026-06-02,Shipped,13.27,Apple Pay
ORD006389,CUST02843,2026-05-17,Cancelled,41.86,Debit Card
ORD006390,CUST01665,2026-08-10,Processing,56.26,Debit Card
ORD006391,CUST03949,2026-07-30,Shipped,27.99,Debit Card
ORD006392,CUST01395,2026-07-08,Completed,50.77,Debit Card
ORD006393,CUST04073,2026-06-29,Cancelled,114.83,Credit Card
ORD006394,CUST03635,2026-05-16,Completed,60.83,PayPal
ORD006395,CUST00215,2026-01-16,Completed,24.07,Google Pay
ORD006396,CUST03073,2026-04-24,Completed,84.62,PayPal
ORD006397,CUST04055,2026-01-08,Processing,15.67,Credit Card
ORD006398,CUST04473,2026-01-23,Processing,91.33,Apple Pay
ORD006399,CUST02460,2026-03-14,Completed,41.87,Google Pay
ORD006400,CUST03707,2026-08-12,Cancelled,228.0,Google Pay
ORD006401,CUST03272,2026-02-03,Cancelled,21.86,Google Pay
ORD006402,CUST01207,2026-01-18,Completed,58.94,Credit Card
ORD006403,CUST00410,2026-04-19,Completed,27.76,Debit Card
ORD006404,CUST03470,2026-02-13,Processing,46.4,Debit Card
ORD006405,CUST00216,2026-05-23,Processing,275.46,Debit Card
ORD006406,CUST04848,2026-01-15,Completed,45.78,PayPal
ORD006407,CUST00349,2026-04-03,Completed,26.07,Debit Card
ORD006408,CUST03652,2026-05-07,Shipped,93.69,Google Pay
ORD006409,CUST02879,2026-05-01,Completed,46.99,Debit Card
ORD006410,CUST03666,2026-01-23,Shipped,46.89,Google Pay
ORD006411,CUST04750,2026-08-03,Completed,47.52,Google Pay
ORD006412,CUST03070,2026-07-12,Completed,47.67,PayPal
ORD006413,CUST03995,2026-08-02,Completed,135.81,Debit Card
ORD006414,CUST03113,2026-03-12,Cancelled,20.18,Apple Pay
ORD006415,CUST00003,2026-04-19,Completed,63.17,Debit Card
ORD006416,CUST01118,2026-02-01,Completed,72.62,Apple Pay
ORD006417,CUST01083,2026-08-08,Completed,67.27,PayPal
ORD006418,CUST04503,2026-04-24,Completed,27.6,Credit Card
ORD006419,CUST01518,2026-06-09,Completed,29.41,PayPal
ORD006420,CUST04847,2026-02-02,Processing,48.26,PayPal
ORD006421,CUST01896,2026-06-20,Shipped,29.94,Apple Pay
ORD006422,CUST03580,2026-01-13,Cancelled,75.06,PayPal
ORD006423,CUST02634,2026-04-26,Cancelled,137.82,Google Pay
ORD006424,CUST04984,2026-08-08,Shipped,62.95,PayPal
ORD006425,CUST02380,2026-05-17,Cancelled,48.51,PayPal
ORD006426,CUST01013,2026-07-09,Completed,13.52,Apple Pay
ORD006427,CUST04265,2026-07-04,Cancelled,74.23,PayPal
ORD006428,CUST02824,2026-06-25,Processing,34.65,PayPal
ORD006429,CUST00849,2026-06-20,Processing,47.92,Debit Card
ORD006430,CUST01705,2026-03-08,Completed,36.0,Google Pay
ORD006431,CUST04094,2026-07-28,Completed,51.9,Google Pay
ORD006432,CUST00206,2026-08-14,Completed,69.88,Google Pay
ORD006433,CUST01893,2026-02-01,Completed,80.02,PayPal
ORD006434,CUST00521,2026-03-14,Processing,125.87,Google Pay
ORD006435,CUST03577,2026-04-15,Completed,52.24,Debit Card
ORD006436,CUST02352,2026-07-07,Completed,51.62,Credit Card
ORD006437,CUST02135,2026-05-09,Shipped,143.27,Credit Card
ORD006438,CUST04839,2026-07-04,Cancelled,111.7,Debit Card
ORD006439,CUST02476,2026-04-23,Processing,148.83,Credit Card
ORD006440,CUST04546,2026-04-16,Completed,116.38,Credit Card
ORD006441,CUST00786,2026-07-31,Completed,331.83,Apple Pay
ORD006442,CUST04098,2026-03-10,Completed,101.62,PayPal
ORD006443,CUST02791,2026-08-01,Shipped,28.62,Apple Pay
ORD006444,CUST02158,2026-03-10,Completed,101.6,Apple Pay
ORD006445,CUST00679,2026-07-15,Completed,78.25,Debit Card
ORD006446,CUST03529,2026-03-02,Completed,46.55,Credit Card
ORD006447,CUST03560,2026-01-08,Completed,43.3,Debit Card
ORD006448,CUST00371,2026-08-05,Processing,53.49,Google Pay
ORD006449,CUST02938,2026-01-07,Shipped,13.5,Apple Pay
ORD006450,CUST00722,2026-06-14,Completed,10.15,Credit Card
ORD006451,CUST04401,2026-06-19,Processing,63.82,PayPal
ORD006452,CUST00924,2026-06-09,Cancelled,42.66,Apple Pay
ORD006453,CUST00836,2026-05-25,Processing,41.02,Credit Card
ORD006454,CUST02494,2026-06-05,Completed,47.36,Google Pay
ORD006455,CUST02980,2026-03-11,Completed,20.58,Debit Card
ORD006456,CUST02326,2026-06-25,Completed,101.32,Credit Card
ORD006457,CUST03925,2026-02-23,Processing,48.9,Credit Card
ORD006458,CUST02425,2026-06-19,Completed,61.97,Apple Pay
ORD006459,CUST04522,2026-02-05,Processing,116.54,Credit Card
ORD006460,CUST03127,2026-03-07,Completed,47.42,Google Pay
ORD006461,CUST02377,2026-06-08,Completed,112.45,PayPal
ORD006462,CUST00454,2026-07-12,Completed,77.81,Google Pay
ORD006463,CUST03460,2026-01-03,Completed,111.96,Credit Card
ORD006464,CUST04860,2026-01-13,Completed,118.7,PayPal
ORD006465,CUST03502,2026-06-08,Completed,86.37,Google Pay
ORD006466,CUST03548,2026-01-29,Completed,56.69,PayPal
ORD006467,CUST01149,2026-02-26,Completed,85.5,Apple Pay
ORD006468,CUST00523,2026-06-10,Shipped,29.02,Credit Card
ORD006469,CUST04578,2026-06-30,Processing,78.64,PayPal
ORD006470,CUST00122,2026-01-10,Completed,105.4,Debit Card
ORD006471,CUST03619,2026-03-04,Cancelled,30.9,Apple Pay
ORD006472,CUST04677,2026-03-14,Cancelled,148.46,Credit Card
ORD006473,CUST03723,2026-07-12,Completed,57.83,Apple Pay
ORD006474,CUST03084,2026-04-18,Completed,78.92,Debit Card
ORD006475,CUST02173,2026-04-11,Cancelled,26.0,Credit Card
ORD006476,CUST02707,2026-04-06,Processing,12.74,Apple Pay
ORD006477,CUST04814,2026-04-07,Processing,141.12,Apple Pay
ORD006478,CUST03308,2026-01-02,Processing,54.83,PayPal
ORD006479,CUST03643,2026-04-20,Cancelled,120.5,PayPal
ORD006480,CUST02818,2026-05-10,Completed,53.23,Apple Pay
ORD006481,CUST04502,2026-05-03,Completed,32.79,PayPal
ORD006482,CUST01485,2026-07-16,Processing,202.8,Credit Card
ORD006483,CUST00277,2026-07-21,Shipped,57.31,PayPal
ORD006484,CUST01249,2026-04-26,Cancelled,65.34,Credit Card
ORD006485,CUST01125,2026-02-06,Processing,53.43,Credit Card
ORD006486,CUST02902,2026-05-10,Completed,22.22,Credit Card
ORD006487,CUST01658,2026-03-02,Completed,88.13,Credit Card
ORD006488,CUST01754,2026-02-09,Completed,81.02,Apple Pay
ORD006489,CUST04603,2026-07-10,Completed,112.84,Google Pay
ORD006490,CUST03659,2026-01-25,Completed,34.17,Google Pay
ORD006491,CUST03403,2026-05-03,Completed,20.0,Credit Card
ORD006492,CUST04333,2026-06-15,Cancelled,90.06,Google Pay
ORD006493,CUST00752,2026-02-06,Completed,150.59,Credit Card
ORD006494,CUST00165,2026-07-29,Completed,19.58,Google Pay
ORD006495,CUST01693,2026-01-27,Completed,22.71,Debit Card
ORD006496,CUST01957,2026-03-25,Cancelled,41.03,PayPal
ORD006497,CUST03861,2026-06-27,Completed,21.21,Google Pay
ORD006498,CUST02776,2026-06-11,Completed,45.83,Credit Card
ORD006499,CUST03290,2026-02-13,Completed,78.59,PayPal
ORD006500,CUST01769,2026-03-13,Shipped,100.57,PayPal
ORD006501,CUST02424,2026-05-12,Completed,88.07,Apple Pay
ORD006502,CUST04527,2026-08-10,Shipped,54.34,Apple Pay
ORD006503,CUST03697,2026-06-29,Shipped,147.74,Google Pay
ORD006504,CUST00783,2026-02-24,Completed,15.87,Apple Pay
ORD006505,CUST03779,2026-03-14,Completed,28.81,Credit Card
ORD006506,CUST00955,2026-01-12,Completed,61.76,Apple Pay
ORD006507,CUST01993,2026-05-22,Processing,35.23,Debit Card
ORD006508,CUST01660,2026-06-12,Shipped,54.76,Google Pay
ORD006509,CUST00141,2026-01-06,Cancelled,84.52,PayPal
ORD006510,CUST00720,2026-02-16,Shipped,41.01,PayPal
ORD006511,CUST01651,2026-05-31,Completed,41.13,Debit Card
ORD006512,CUST03574,2026-04-25,Shipped,50.2,Credit Card
ORD006513,CUST03475,2026-03-09,Shipped,111.37,PayPal
ORD006514,CUST01016,2026-07-12,Shipped,94.04,Debit Card
ORD006515,CUST04384,2026-02-28,Completed,105.97,Apple Pay
ORD006516,CUST00343,2026-05-17,Completed,67.07,Google Pay
ORD006517,CUST03184,2026-04-29,Cancelled,68.24,Debit Card
ORD006518,CUST02702,2026-07-05,Shipped,136.39,Debit Card
ORD006519,CUST00976,2026-02-17,Completed,33.12,Apple Pay
ORD006520,CUST02584,2026-07-10,Cancelled,138.76,Credit Card
ORD006521,CUST03121,2026-01-09,Shipped,68.06,Apple Pay
ORD006522,CUST01824,2026-06-21,Shipped,62.45,Apple Pay
ORD006523,CUST04427,2026-02-15,Completed,42.33,PayPal
ORD006524,CUST04461,2026-05-23,Completed,140.82,Debit Card
ORD006525,CUST00011,2026-08-04,Processing,108.92,Debit Card
ORD006526,CUST04605,2026-06-30,Completed,23.4,Apple Pay
ORD006527,CUST02628,2026-06-25,Processing,75.73,Apple Pay
ORD006528,CUST01469,2026-03-13,Completed,36.37,Debit Card
ORD006529,CUST01114,2026-08-08,Completed,50.03,Debit Card
ORD006530,CUST00622,2026-05-08,Shipped,20.96,Debit Card
ORD006531,CUST00901,2026-06-19,Cancelled,67.33,Credit Card
ORD006532,CUST03748,2026-04-20,Shipped,69.74,Apple Pay
ORD006533,CUST04065,2026-05-25,Completed,72.92,Apple Pay
ORD006534,CUST01472,2026-02-04,Processing,45.43,PayPal
ORD006535,CUST03104,2026-06-08,Completed,49.73,PayPal
ORD006536,CUST00327,2026-05-12,Completed,16.16,Google Pay
ORD006537,CUST00074,2026-02-17,Shipped,118.35,Debit Card
ORD006538,CUST00251,2026-05-22,Shipped,17.44,Debit Card
ORD006539,CUST02498,2026-06-02,Completed,79.75,Google Pay
ORD006540,CUST02403,2026-02-15,Shipped,51.51,Apple Pay
ORD006541,CUST04629,2026-02-17,Cancelled,90.14,Debit Card
ORD006542,CUST00296,2026-06-17,Shipped,67.09,PayPal
ORD006543,CUST00298,2026-06-27,Cancelled,30.3,Credit Card
ORD006544,CUST00302,2026-01-07,Cancelled,89.64,Apple Pay
ORD006545,CUST04608,2026-04-05,Completed,58.53,Credit Card
ORD006546,CUST00585,2026-03-01,Shipped,51.44,Credit Card
ORD006547,CUST03625,2026-02-04,Cancelled,70.82,Google Pay
ORD006548,CUST01635,2026-07-10,Cancelled,135.44,Credit Card
ORD006549,CUST00053,2026-05-28,Shipped,47.01,Debit Card
ORD006550,CUST02277,2026-05-24,Shipped,78.41,Google Pay
ORD006551,CUST02688,2026-05-30,Processing,69.97,PayPal
ORD006552,CUST02845,2026-06-13,Completed,44.76,Credit Card
ORD006553,CUST04887,2026-01-19,Completed,40.04,Debit Card
ORD006554,CUST04591,2026-05-10,Completed,29.77,Debit Card
ORD006555,CUST04949,2026-03-09,Processing,85.77,PayPal
ORD006556,CUST02719,2026-04-08,Completed,39.78,Google Pay
ORD006557,CUST03936,2026-01-07,Completed,24.86,Google Pay
ORD006558,CUST00663,2026-02-16,Completed,57.95,Google Pay
ORD006559,CUST00008,2026-06-26,Processing,119.78,PayPal
ORD006560,CUST03684,2026-07-25,Completed,136.56,PayPal
ORD006561,CUST03088,2026-02-12,Completed,8.19,PayPal
ORD006562,CUST04762,2026-02-01,Completed,65.78,Google Pay
ORD006563,CUST00669,2026-05-25,Cancelled,87.22,Credit Card
ORD006564,CUST03165,2026-05-08,Completed,84.25,PayPal
ORD006565,CUST01286,2026-04-29,Cancelled,56.87,PayPal
ORD006566,CUST03621,2026-01-14,Shipped,185.71,Google Pay
ORD006567,CUST00161,2026-03-22,Shipped,145.72,PayPal
ORD006568,CUST02399,2026-06-09,Processing,56.69,Credit Card
ORD006569,CUST03246,2026-07-07,Completed,45.12,Google Pay
ORD006570,CUST00018,2026-07-07,Processing,76.42,PayPal
ORD006571,CUST02534,2026-02-21,Completed,84.33,PayPal
ORD006572,CUST04447,2026-07-13,Completed,62.49,Apple Pay
ORD006573,CUST02576,2026-01-04,Shipped,66.4,Apple Pay
ORD006574,CUST04968,2026-08-10,Completed,176.15,Debit Card
ORD006575,CUST02318,2026-08-10,Completed,179.48,Debit Card
ORD006576,CUST02919,2026-07-10,Cancelled,104.17,PayPal
ORD006577,CUST01054,2026-02-02,Processing,115.06,Apple Pay
ORD006578,CUST00316,2026-04-16,Processing,109.58,Debit Card
ORD006579,CUST04833,2026-05-09,Cancelled,52.48,Google Pay
ORD006580,CUST02212,2026-04-07,Completed,82.65,Apple Pay
ORD006581,CUST00320,2026-03-05,Shipped,72.39,Credit Card
ORD006582,CUST04528,2026-05-08,Shipped,142.75,Credit Card
ORD006583,CUST02716,2026-08-11,Processing,74.03,Credit Card
ORD006584,CUST00634,2026-02-06,Shipped,110.08,Credit Card
ORD006585,CUST01706,2026-07-25,Shipped,55.44,Apple Pay
ORD006586,CUST04821,2026-05-06,Completed,98.05,Google Pay
ORD006587,CUST00673,2026-03-11,Cancelled,72.99,Credit Card
ORD006588,CUST02280,2026-05-15,Cancelled,35.64,Google Pay
ORD006589,CUST03548,2026-04-14,Completed,100.2,Debit Card
ORD006590,CUST00471,2026-06-01,Completed,124.9,Debit Card
ORD006591,CUST03232,2026-04-24,Completed,19.02,PayPal
ORD006592,CUST02608,2026-07-15,Completed,17.83,Apple Pay
ORD006593,CUST03333,2026-02-24,Cancelled,71.21,Credit Card
ORD006594,CUST02621,2026-05-01,Shipped,79.54,Google Pay
ORD006595,CUST04698,2026-08-05,Cancelled,31.96,Google Pay
ORD006596,CUST01383,2026-05-03,Completed,73.78,Apple Pay
ORD006597,CUST04376,2026-01-03,Cancelled,56.46,Debit Card
ORD006598,CUST01186,2026-04-02,Completed,14.5,Apple Pay
ORD006599,CUST01911,2026-05-31,Shipped,68.44,Google Pay
ORD006600,CUST00916,2026-06-13,Cancelled,30.56,Apple Pay
ORD006601,CUST01618,2026-07-04,Shipped,90.09,Debit Card
ORD006602,CUST01684,2026-04-29,Processing,42.4,Debit Card
ORD006603,CUST02426,2026-06-25,Cancelled,77.25,Credit Card
ORD006604,CUST00426,2026-05-21,Processing,137.2,Credit Card
ORD006605,CUST01788,2026-03-02,Completed,45.03,Credit Card
ORD006606,CUST02585,2026-08-02,Processing,55.13,Debit Card
ORD006607,CUST04649,2026-08-05,Shipped,144.65,Google Pay
ORD006608,CUST00169,2026-06-01,Shipped,89.68,Credit Card
ORD006609,CUST00515,2026-06-20,Processing,57.11,Apple Pay
ORD006610,CUST03436,2026-04-11,Completed,168.87,Google Pay
ORD006611,CUST04526,2026-04-26,Processing,52.05,PayPal
ORD006612,CUST02617,2026-02-02,Completed,51.42,Credit Card
ORD006613,CUST02378,2026-03-19,Processing,32.1,PayPal
ORD006614,CUST00691,2026-01-24,Shipped,89.3,Credit Card
ORD006615,CUST03205,2026-05-30,Cancelled,29.18,Google Pay
ORD006616,CUST02505,2026-02-21,Shipped,154.74,PayPal
ORD006617,CUST00353,2026-04-11,Processing,40.57,Debit Card
ORD006618,CUST01118,2026-04-26,Completed,83.09,Credit Card
ORD006619,CUST01406,2026-05-03,Completed,62.14,Apple Pay
ORD006620,CUST03940,2026-08-03,Completed,86.54,PayPal
ORD006621,CUST04175,2026-01-06,Shipped,79.99,Apple Pay
ORD006622,CUST00678,2026-05-27,Completed,64.37,PayPal
ORD006623,CUST00551,2026-03-17,Cancelled,46.76,Google Pay
ORD006624,CUST00820,2026-03-31,Processing,72.36,Apple Pay
ORD006625,CUST00214,2026-06-06,Completed,144.66,Credit Card
ORD006626,CUST01667,2026-05-03,Completed,48.77,Debit Card
ORD006627,CUST04765,2026-03-05,Completed,27.54,Google Pay
ORD006628,CUST00894,2026-05-22,Cancelled,95.13,PayPal
ORD006629,CUST04255,2026-03-22,Completed,72.39,Credit Card
ORD006630,CUST04077,2026-06-07,Cancelled,155.45,PayPal
ORD006631,CUST03906,2026-03-12,Shipped,88.45,Apple Pay
ORD006632,CUST02787,2026-05-29,Cancelled,144.31,Apple Pay
ORD006633,CUST02249,2026-03-06,Completed,202.88,Debit Card
ORD006634,CUST00022,2026-04-23,Completed,49.55,Apple Pay
ORD006635,CUST03314,2026-04-12,Cancelled,56.1,Google Pay
ORD006636,CUST01262,2026-01-04,Processing,130.87,PayPal
ORD006637,CUST01173,2026-06-23,Completed,63.81,PayPal
ORD006638,CUST04881,2026-05-16,Completed,45.52,Google Pay
ORD006639,CUST02055,2026-05-26,Completed,50.05,Apple Pay
ORD006640,CUST01893,2026-03-01,Completed,39.0,Apple Pay
ORD006641,CUST02816,2026-02-14,Cancelled,14.69,Google Pay
ORD006642,CUST04675,2026-03-13,Shipped,95.06,Debit Card
ORD006643,CUST04585,2026-04-05,Cancelled,36.28,Credit Card
ORD006644,CUST01788,2026-01-31,Cancelled,21.78,Credit Card
ORD006645,CUST01991,2026-06-05,Shipped,111.69,Apple Pay
ORD006646,CUST04318,2026-04-30,Processing,22.07,Credit Card
ORD006647,CUST02461,2026-03-05,Shipped,132.91,Credit Card
ORD006648,CUST02632,2026-06-14,Completed,96.33,Credit Card
ORD006649,CUST02269,2026-03-08,Completed,82.49,Apple Pay
ORD006650,CUST02177,2026-04-19,Shipped,26.42,PayPal
ORD006651,CUST00877,2026-07-26,Completed,16.79,Apple Pay
ORD006652,CUST03493,2026-03-09,Completed,36.41,Apple Pay
ORD006653,CUST04259,2026-02-04,Completed,10.2,Debit Card
ORD006654,CUST00955,2026-04-08,Shipped,11.74,Debit Card
ORD006655,CUST04120,2026-02-05,Completed,109.77,Apple Pay
ORD006656,CUST04289,2026-07-04,Shipped,246.72,Google Pay
ORD006657,CUST00878,2026-07-17,Completed,65.58,Google Pay
ORD006658,CUST04486,2026-05-12,Shipped,61.73,Debit Card
ORD006659,CUST02545,2026-02-18,Cancelled,39.63,Debit Card
ORD006660,CUST02177,2026-08-10,Completed,113.04,PayPal
ORD006661,CUST02601,2026-06-16,Completed,20.45,Debit Card
ORD006662,CUST03108,2026-01-18,Cancelled,68.98,Credit Card
ORD006663,CUST03529,2026-03-01,Completed,218.86,Apple Pay
ORD006664,CUST02409,2026-03-27,Processing,67.68,Apple Pay
ORD006665,CUST04861,2026-05-18,Completed,49.27,Apple Pay
ORD006666,CUST01974,2026-04-23,Completed,176.49,PayPal
ORD006667,CUST03949,2026-08-09,Processing,229.45,PayPal
ORD006668,CUST01239,2026-01-23,Shipped,172.78,Credit Card
ORD006669,CUST02335,2026-03-09,Completed,56.89,Apple Pay
ORD006670,CUST00768,2026-02-28,Completed,109.13,Credit Card
ORD006671,CUST02417,2026-07-30,Shipped,174.99,Debit Card
ORD006672,CUST04995,2026-03-31,Shipped,42.72,Apple Pay
ORD006673,CUST03546,2026-01-07,Completed,32.57,Credit Card
ORD006674,CUST02310,2026-01-13,Shipped,81.12,PayPal
ORD006675,CUST04884,2026-05-11,Shipped,29.62,PayPal
ORD006676,CUST04207,2026-06-17,Completed,26.15,PayPal
ORD006677,CUST04237,2026-01-11,Shipped,40.86,Credit Card
ORD006678,CUST00745,2026-07-27,Cancelled,33.39,Credit Card
ORD006679,CUST02583,2026-07-31,Completed,30.52,Credit Card
ORD006680,CUST04175,2026-02-20,Completed,67.3,Google Pay
ORD006681,CUST01518,2026-08-03,Cancelled,73.68,Apple Pay
ORD006682,CUST02557,2026-05-31,Cancelled,23.03,Google Pay
ORD006683,CUST04162,2026-02-01,Cancelled,79.26,Google Pay
ORD006684,CUST03984,2026-06-18,Processing,68.67,Debit Card
ORD006685,CUST01395,2026-02-11,Completed,29.71,Debit Card
ORD006686,CUST00287,2026-06-15,Processing,61.52,PayPal
ORD006687,CUST03248,2026-07-14,Completed,72.88,Google Pay
ORD006688,CUST04219,2026-07-19,Completed,78.11,Debit Card
ORD006689,CUST02603,2026-04-12,Completed,112.57,Google Pay
ORD006690,CUST00004,2026-05-01,Completed,106.96,Apple Pay
ORD006691,CUST00412,2026-03-19,Processing,62.22,Google Pay
ORD006692,CUST04346,2026-03-13,Completed,32.34,PayPal
ORD006693,CUST03728,2026-07-22,Completed,43.29,Credit Card
ORD006694,CUST01918,2026-04-16,Shipped,69.92,PayPal
ORD006695,CUST01357,2026-04-29,Completed,149.07,Google Pay
ORD006696,CUST00158,2026-06-19,Completed,12.09,Google Pay
ORD006697,CUST01601,2026-06-20,Completed,64.86,Credit Card
ORD006698,CUST02885,2026-02-02,Completed,54.47,PayPal
ORD006699,CUST03490,2026-03-20,Shipped,73.26,PayPal
ORD006700,CUST02383,2026-06-14,Shipped,23.06,Google Pay
ORD006701,CUST00153,2026-03-19,Completed,114.41,Apple Pay
ORD006702,CUST01630,2026-04-29,Completed,59.5,Debit Card
ORD006703,CUST02797,2026-08-06,Completed,50.15,Google Pay
ORD006704,CUST02882,2026-02-26,Completed,79.68,Google Pay
ORD006705,CUST03803,2026-07-11,Processing,75.73,Debit Card
ORD006706,CUST02806,2026-07-11,Completed,61.44,Credit Card
ORD006707,CUST04081,2026-07-07,Completed,41.09,Google Pay
ORD006708,CUST03471,2026-02-21,Processing,51.85,Apple Pay
ORD006709,CUST01056,2026-03-13,Completed,61.48,Credit Card
ORD006710,CUST02580,2026-03-09,Shipped,215.99,Credit Card
ORD006711,CUST04149,2026-04-10,Completed,65.35,Credit Card
ORD006712,CUST02766,2026-03-23,Completed,96.2,Google Pay
ORD006713,CUST01329,2026-06-04,Shipped,110.4,Credit Card
ORD006714,CUST04045,2026-02-28,Processing,61.36,PayPal
ORD006715,CUST02393,2026-01-19,Shipped,157.4,Google Pay
ORD006716,CUST03154,2026-01-03,Cancelled,18.6,Google Pay
ORD006717,CUST00001,2026-07-20,Completed,75.09,Debit Card
ORD006718,CUST00167,2026-02-08,Completed,130.95,Credit Card
ORD006719,CUST03255,2026-03-07,Processing,86.57,Google Pay
ORD006720,CUST01886,2026-03-14,Processing,17.26,Apple Pay
ORD006721,CUST04369,2026-07-03,Processing,73.88,Apple Pay
ORD006722,CUST00900,2026-05-14,Shipped,58.65,Google Pay
ORD006723,CUST02249,2026-01-28,Completed,63.31,Google Pay
ORD006724,CUST03264,2026-06-25,Completed,48.41,Apple Pay
ORD006725,CUST03413,2026-04-08,Completed,108.99,Apple Pay
ORD006726,CUST03578,2026-04-03,Shipped,54.63,PayPal
ORD006727,CUST02188,2026-06-25,Cancelled,147.97,Apple Pay
ORD006728,CUST01220,2026-07-14,Completed,67.21,PayPal
ORD006729,CUST03133,2026-07-01,Completed,39.81,Google Pay
ORD006730,CUST00360,2026-05-06,Completed,233.27,Credit Card
ORD006731,CUST02040,2026-01-16,Shipped,34.71,Credit Card
ORD006732,CUST03938,2026-02-04,Shipped,47.73,Debit Card
ORD006733,CUST03155,2026-03-16,Processing,76.0,PayPal
ORD006734,CUST00334,2026-04-17,Completed,21.37,Apple Pay
ORD006735,CUST00731,2026-03-28,Completed,69.45,PayPal
ORD006736,CUST01498,2026-06-07,Cancelled,39.82,Debit Card
ORD006737,CUST01418,2026-06-25,Completed,294.18,Debit Card
ORD006738,CUST03764,2026-03-10,Completed,50.97,PayPal
ORD006739,CUST01744,2026-04-26,Cancelled,29.85,Apple Pay
ORD006740,CUST04117,2026-01-08,Cancelled,76.98,Google Pay
ORD006741,CUST01974,2026-04-17,Completed,64.96,Google Pay
ORD006742,CUST00879,2026-04-17,Processing,106.46,Google Pay
ORD006743,CUST04273,2026-04-24,Completed,32.98,Debit Card
ORD006744,CUST02885,2026-06-28,Cancelled,176.66,PayPal
ORD006745,CUST03008,2026-01-10,Cancelled,78.09,Debit Card
ORD006746,CUST02596,2026-01-28,Completed,36.23,Apple Pay
ORD006747,CUST02298,2026-06-13,Processing,65.5,Credit Card
ORD006748,CUST00661,2026-03-01,Completed,94.41,Debit Card
ORD006749,CUST03145,2026-01-10,Processing,85.38,Apple Pay
ORD006750,CUST03163,2026-05-22,Cancelled,25.82,Apple Pay
ORD006751,CUST04222,2026-04-12,Cancelled,15.58,Apple Pay
ORD006752,CUST03986,2026-03-04,Cancelled,23.27,Credit Card
ORD006753,CUST01270,2026-06-24,Completed,70.27,Google Pay
ORD006754,CUST04707,2026-07-16,Processing,78.7,PayPal
ORD006755,CUST01295,2026-02-25,Cancelled,9.34,Debit Card
ORD006756,CUST01010,2026-05-14,Shipped,73.58,Credit Card
ORD006757,CUST02092,2026-08-10,Shipped,35.92,Apple Pay
ORD006758,CUST01758,2026-05-27,Completed,25.74,Credit Card
ORD006759,CUST01965,2026-06-29,Shipped,39.03,Debit Card
ORD006760,CUST04644,2026-07-09,Processing,62.75,PayPal
ORD006761,CUST01192,2026-05-08,Completed,56.54,Debit Card
ORD006762,CUST01054,2026-06-26,Processing,12.59,Credit Card
ORD006763,CUST02842,2026-03-19,Completed,166.59,Apple Pay
ORD006764,CUST02405,2026-05-19,Completed,94.86,Apple Pay
ORD006765,CUST03563,2026-02-15,Cancelled,67.11,Google Pay
ORD006766,CUST03705,2026-03-10,Completed,18.27,Google Pay
ORD006767,CUST01823,2026-02-14,Completed,33.89,PayPal
ORD006768,CUST01272,2026-04-05,Completed,57.59,PayPal
ORD006769,CUST01720,2026-04-18,Shipped,103.74,Google Pay
ORD006770,CUST00253,2026-02-27,Completed,128.53,Google Pay
ORD006771,CUST02769,2026-06-09,Shipped,347.81,Debit Card
ORD006772,CUST01560,2026-08-04,Completed,67.04,Debit Card
ORD006773,CUST00737,2026-04-25,Completed,38.19,Apple Pay
ORD006774,CUST04996,2026-01-10,Cancelled,102.03,Apple Pay
ORD006775,CUST01929,2026-05-21,Cancelled,30.19,Google Pay
ORD006776,CUST02191,2026-04-21,Completed,77.48,Debit Card
ORD006777,CUST01003,2026-01-13,Cancelled,271.36,Google Pay
ORD006778,CUST02986,2026-02-05,Processing,48.69,Google Pay
ORD006779,CUST01923,2026-03-27,Completed,38.77,PayPal
ORD006780,CUST03753,2026-05-08,Processing,22.82,Google Pay
ORD006781,CUST04138,2026-07-20,Completed,66.85,Apple Pay
ORD006782,CUST03703,2026-05-02,Completed,21.15,PayPal
ORD006783,CUST03193,2026-05-27,Completed,27.88,Debit Card
ORD006784,CUST03835,2026-04-28,Completed,23.5,Apple Pay
ORD006785,CUST04439,2026-05-15,Completed,125.89,Credit Card
ORD006786,CUST04428,2026-01-15,Shipped,53.89,Debit Card
ORD006787,CUST03528,2026-03-22,Completed,156.75,Credit Card
ORD006788,CUST00341,2026-02-15,Processing,70.2,Apple Pay
ORD006789,CUST02389,2026-07-25,Cancelled,43.96,Debit Card
ORD006790,CUST03488,2026-02-17,Completed,93.09,Credit Card
ORD006791,CUST01701,2026-03-07,Shipped,94.55,Credit Card
ORD006792,CUST01234,2026-07-25,Shipped,139.63,Debit Card
ORD006793,CUST02571,2026-01-04,Completed,32.52,Google Pay
ORD006794,CUST02299,2026-01-03,Shipped,61.02,Apple Pay
ORD006795,CUST00138,2026-01-03,Cancelled,26.81,Apple Pay
ORD006796,CUST02799,2026-07-22,Completed,71.54,PayPal
ORD006797,CUST02931,2026-03-10,Completed,9.13,Debit Card
ORD006798,CUST03921,2026-04-03,Processing,30.11,Apple Pay
ORD006799,CUST04183,2026-01-28,Shipped,35.48,Credit Card
ORD006800,CUST01834,2026-01-23,Processing,59.52,Debit Card
ORD006801,CUST02140,2026-01-30,Completed,123.85,Credit Card
ORD006802,CUST00208,2026-03-03,Cancelled,17.82,Debit Card
ORD006803,CUST02234,2026-03-28,Completed,109.47,Credit Card
ORD006804,CUST01851,2026-02-20,Cancelled,76.37,Credit Card
ORD006805,CUST01688,2026-02-10,Completed,80.64,Debit Card
ORD006806,CUST02204,2026-08-02,Processing,49.67,PayPal
ORD006807,CUST02209,2026-03-05,Completed,99.89,Credit Card
ORD006808,CUST00851,2026-02-12,Completed,53.01,Debit Card
ORD006809,CUST02204,2026-07-23,Shipped,32.33,Google Pay
ORD006810,CUST03691,2026-04-01,Completed,52.47,Google Pay
ORD006811,CUST03356,2026-02-27,Completed,65.3,PayPal
ORD006812,CUST02610,2026-02-28,Processing,29.2,Debit Card
ORD006813,CUST00224,2026-06-17,Processing,11.01,PayPal
ORD006814,CUST03775,2026-06-23,Processing,96.09,Credit Card
ORD006815,CUST01412,2026-03-03,Completed,35.57,Google Pay
ORD006816,CUST04393,2026-06-26,Completed,10.14,PayPal
ORD006817,CUST00323,2026-04-26,Shipped,65.54,Credit Card
ORD006818,CUST01512,2026-07-26,Completed,53.85,Google Pay
ORD006819,CUST02087,2026-04-21,Completed,23.33,PayPal
ORD006820,CUST04601,2026-01-23,Processing,38.2,Credit Card
ORD006821,CUST02288,2026-06-21,Shipped,118.77,Apple Pay
ORD006822,CUST00687,2026-06-21,Processing,20.08,Google Pay
ORD006823,CUST02018,2026-01-19,Completed,41.13,Credit Card
ORD006824,CUST01469,2026-06-21,Processing,81.8,Apple Pay
ORD006825,CUST03924,2026-01-11,Completed,20.66,PayPal
ORD006826,CUST04836,2026-03-01,Processing,216.77,Apple Pay
ORD006827,CUST00997,2026-06-15,Completed,110.21,Google Pay
ORD006828,CUST02535,2026-01-03,Processing,199.87,Debit Card
ORD006829,CUST02813,2026-05-24,Shipped,59.39,PayPal
ORD006830,CUST00623,2026-08-12,Shipped,174.98,Apple Pay
ORD006831,CUST03825,2026-01-09,Processing,66.02,Credit Card
ORD006832,CUST02784,2026-02-10,Processing,49.46,Debit Card
ORD006833,CUST04394,2026-02-07,Completed,27.4,Debit Card
ORD006834,CUST01076,2026-03-10,Completed,72.39,PayPal
ORD006835,CUST00304,2026-07-12,Completed,37.77,Apple Pay
ORD006836,CUST00664,2026-02-04,Completed,36.62,Google Pay
ORD006837,CUST02947,2026-05-07,Processing,66.44,Apple Pay
ORD006838,CUST03995,2026-06-12,Cancelled,204.2,Apple Pay
ORD006839,CUST01993,2026-07-23,Processing,151.49,PayPal
ORD006840,CUST03496,2026-08-01,Processing,106.95,PayPal
ORD006841,CUST02695,2026-02-17,Processing,58.44,Credit Card
ORD006842,CUST04305,2026-04-17,Completed,63.97,Google Pay
ORD006843,CUST03199,2026-01-08,Completed,167.84,PayPal
ORD006844,CUST00519,2026-01-27,Completed,85.83,Credit Card
ORD006845,CUST04434,2026-01-09,Completed,9.34,Debit Card
ORD006846,CUST01870,2026-08-08,Cancelled,334.81,Credit Card
ORD006847,CUST03811,2026-06-07,Processing,59.04,Google Pay
ORD006848,CUST00913,2026-01-14,Processing,62.57,Credit Card
ORD006849,CUST03935,2026-05-31,Completed,69.4,Credit Card
ORD006850,CUST04903,2026-01-29,Completed,63.15,PayPal
ORD006851,CUST03189,2026-01-26,Completed,52.42,Google Pay
ORD006852,CUST01316,2026-08-02,Processing,21.15,Credit Card
ORD006853,CUST03229,2026-05-23,Completed,24.97,Apple Pay
ORD006854,CUST00572,2026-04-25,Processing,200.38,Credit Card
ORD006855,CUST03256,2026-03-14,Completed,36.44,Debit Card
ORD006856,CUST02472,2026-08-06,Completed,130.78,Debit Card
ORD006857,CUST00098,2026-03-22,Shipped,73.66,Credit Card
ORD006858,CUST04034,2026-07-20,Shipped,11.92,Credit Card
ORD006859,CUST01640,2026-03-08,Completed,24.98,Apple Pay
ORD006860,CUST04843,2026-05-24,Completed,34.28,Credit Card
ORD006861,CUST04028,2026-05-21,Completed,99.6,PayPal
ORD006862,CUST00261,2026-03-31,Completed,50.52,Google Pay
ORD006863,CUST00936,2026-07-28,Completed,100.34,Apple Pay
ORD006864,CUST01798,2026-04-06,Completed,49.39,Credit Card
ORD006865,CUST00332,2026-06-01,Cancelled,93.29,PayPal
ORD006866,CUST04211,2026-04-28,Completed,28.61,Credit Card
ORD006867,CUST00268,2026-03-03,Completed,42.75,Apple Pay
ORD006868,CUST02060,2026-07-04,Completed,74.98,Apple Pay
ORD006869,CUST00073,2026-02-05,Completed,48.96,Debit Card
ORD006870,CUST02922,2026-07-07,Cancelled,61.49,Debit Card
ORD006871,CUST02454,2026-08-02,Processing,62.24,Credit Card
ORD006872,CUST03889,2026-05-04,Completed,104.31,Google Pay
ORD006873,CUST00178,2026-07-20,Processing,62.26,PayPal
ORD006874,CUST02000,2026-01-22,Completed,55.75,Debit Card
ORD006875,CUST00772,2026-04-15,Completed,76.0,Debit Card
ORD006876,CUST00946,2026-04-24,Completed,87.76,Google Pay
ORD006877,CUST04496,2026-04-20,Completed,65.61,Apple Pay
ORD006878,CUST00270,2026-07-31,Shipped,27.96,Credit Card
ORD006879,CUST01856,2026-01-03,Completed,107.61,Credit Card
ORD006880,CUST01656,2026-06-13,Completed,94.51,PayPal
ORD006881,CUST03753,2026-04-07,Shipped,47.91,Google Pay
ORD006882,CUST02534,2026-07-29,Processing,87.13,Google Pay
ORD006883,CUST04155,2026-02-05,Shipped,228.7,Google Pay
ORD006884,CUST02690,2026-01-10,Cancelled,50.09,Apple Pay
ORD006885,CUST04983,2026-04-10,Completed,58.67,Google Pay
ORD006886,CUST04362,2026-01-21,Cancelled,72.54,Apple Pay
ORD006887,CUST02123,2026-08-05,Cancelled,466.23,Credit Card
ORD006888,CUST03162,2026-06-26,Cancelled,68.59,Apple Pay
ORD006889,CUST00505,2026-04-14,Completed,38.54,Credit Card
ORD006890,CUST02405,2026-04-25,Shipped,24.35,PayPal
ORD006891,CUST02202,2026-05-17,Completed,47.41,Google Pay
ORD006892,CUST03290,2026-04-22,Completed,58.39,PayPal
ORD006893,CUST04582,2026-08-07,Processing,92.34,Google Pay
ORD006894,CUST01154,2026-04-30,Completed,61.03,PayPal
ORD006895,CUST04162,2026-03-20,Processing,62.91,Debit Card
ORD006896,CUST02428,2026-06-29,Completed,69.0,Debit Card
ORD006897,CUST01337,2026-04-06,Completed,67.38,Apple Pay
ORD006898,CUST00407,2026-06-25,Cancelled,142.01,PayPal
ORD006899,CUST03479,2026-07-07,Processing,31.22,Google Pay
ORD006900,CUST04045,2026-04-18,Processing,224.97,Credit Card
ORD006901,CUST00277,2026-04-29,Shipped,156.91,Apple Pay
ORD006902,CUST03481,2026-06-27,Completed,122.9,Apple Pay
ORD006903,CUST02362,2026-06-16,Processing,33.43,Debit Card
ORD006904,CUST02597,2026-05-24,Processing,54.53,PayPal
ORD006905,CUST01969,2026-01-28,Completed,36.12,PayPal
ORD006906,CUST00461,2026-01-06,Completed,33.26,Apple Pay
ORD006907,CUST02447,2026-03-02,Completed,49.68,Debit Card
ORD006908,CUST03740,2026-01-06,Shipped,54.8,Credit Card
ORD006909,CUST01583,2026-05-02,Processing,46.79,Debit Card
ORD006910,CUST03518,2026-07-13,Completed,61.63,PayPal
ORD006911,CUST04803,2026-04-15,Processing,107.74,Credit Card
ORD006912,CUST04199,2026-06-17,Completed,102.96,Apple Pay
ORD006913,CUST02376,2026-07-18,Completed,78.78,Credit Card
ORD006914,CUST02740,2026-08-07,Processing,57.01,Apple Pay
ORD006915,CUST00972,2026-03-03,Shipped,45.79,Debit Card
ORD006916,CUST01326,2026-01-28,Completed,74.16,Credit Card
ORD006917,CUST00153,2026-03-21,Processing,120.31,Google Pay
ORD006918,CUST03609,2026-06-24,Completed,151.01,PayPal
ORD006919,CUST03961,2026-01-09,Shipped,24.91,Apple Pay
ORD006920,CUST03107,2026-06-29,Cancelled,57.0,Credit Card
ORD006921,CUST03087,2026-01-15,Completed,32.41,Credit Card
ORD006922,CUST00730,2026-06-11,Cancelled,21.67,Google Pay
ORD006923,CUST03968,2026-01-20,Shipped,134.83,Debit Card
ORD006924,CUST04170,2026-07-25,Shipped,144.8,Google Pay
ORD006925,CUST04952,2026-03-01,Processing,52.58,Credit Card
ORD006926,CUST04003,2026-07-05,Shipped,43.75,PayPal
ORD006927,CUST02333,2026-03-16,Completed,46.35,Credit Card
ORD006928,CUST01574,2026-04-04,Cancelled,17.57,Credit Card
ORD006929,CUST03269,2026-03-08,Processing,129.57,Credit Card
ORD006930,CUST04376,2026-01-02,Completed,43.08,Google Pay
ORD006931,CUST04883,2026-06-27,Completed,51.38,Google Pay
ORD006932,CUST00686,2026-05-22,Processing,74.38,Apple Pay
ORD006933,CUST03889,2026-07-03,Processing,14.41,Apple Pay
ORD006934,CUST01580,2026-08-09,Completed,61.08,Apple Pay
ORD006935,CUST00969,2026-07-16,Completed,66.15,Credit Card
ORD006936,CUST03738,2026-02-13,Shipped,40.92,Apple Pay
ORD006937,CUST02034,2026-06-23,Completed,267.77,Apple Pay
ORD006938,CUST00768,2026-05-14,Completed,25.88,Debit Card
ORD006939,CUST00646,2026-05-16,Completed,84.2,Google Pay
ORD006940,CUST04122,2026-02-08,Shipped,29.28,Apple Pay
ORD006941,CUST01080,2026-04-03,Cancelled,73.09,Google Pay
ORD006942,CUST00637,2026-02-13,Completed,27.85,PayPal
ORD006943,CUST04326,2026-01-27,Completed,116.44,Debit Card
ORD006944,CUST02101,2026-01-16,Completed,77.0,PayPal
ORD006945,CUST00101,2026-08-07,Completed,19.23,Google Pay
ORD006946,CUST03918,2026-02-08,Cancelled,66.59,Google Pay
ORD006947,CUST04900,2026-05-09,Completed,41.89,PayPal
ORD006948,CUST00869,2026-06-28,Completed,54.03,Apple Pay
ORD006949,CUST04098,2026-07-10,Shipped,18.77,Debit Card
ORD006950,CUST00022,2026-02-02,Cancelled,160.54,Google Pay
ORD006951,CUST02626,2026-02-19,Shipped,30.78,Credit Card
ORD006952,CUST01904,2026-04-13,Cancelled,51.07,Debit Card
ORD006953,CUST02577,2026-07-01,Completed,32.54,PayPal
ORD006954,CUST04110,2026-01-27,Cancelled,50.66,Google Pay
ORD006955,CUST04615,2026-07-28,Completed,55.77,Google Pay
ORD006956,CUST03294,2026-05-04,Cancelled,56.86,PayPal
ORD006957,CUST01936,2026-07-26,Processing,161.42,Credit Card
ORD006958,CUST00616,2026-03-27,Processing,56.2,Credit Card
ORD006959,CUST02451,2026-05-27,Completed,184.21,Google Pay
ORD006960,CUST03585,2026-01-28,Completed,22.39,Apple Pay
ORD006961,CUST00287,2026-05-31,Completed,138.86,Credit Card
ORD006962,CUST03319,2026-03-05,Completed,120.24,Credit Card
ORD006963,CUST01924,2026-06-16,Processing,129.8,Apple Pay
ORD006964,CUST04922,2026-02-18,Processing,268.95,Credit Card
ORD006965,CUST02774,2026-07-06,Shipped,10.23,Apple Pay
ORD006966,CUST02091,2026-05-28,Completed,14.11,PayPal
ORD006967,CUST02802,2026-07-08,Completed,62.79,Debit Card
ORD006968,CUST00993,2026-04-21,Completed,13.94,Debit Card
ORD006969,CUST01585,2026-05-08,Completed,14.9,PayPal
ORD006970,CUST01904,2026-01-09,Completed,51.3,Credit Card
ORD006971,CUST00876,2026-01-23,Cancelled,42.73,Debit Card
ORD006972,CUST04830,2026-05-15,Cancelled,16.91,PayPal
ORD006973,CUST01886,2026-06-08,Completed,39.0,Debit Card
ORD006974,CUST00144,2026-03-01,Completed,101.93,Credit Card
ORD006975,CUST02257,2026-03-02,Completed,84.42,Apple Pay
ORD006976,CUST01123,2026-03-16,Completed,101.29,PayPal
ORD006977,CUST00700,2026-07-28,Cancelled,43.38,Debit Card
ORD006978,CUST04210,2026-06-03,Completed,139.91,Credit Card
ORD006979,CUST00271,2026-04-10,Completed,215.73,Debit Card
ORD006980,CUST00063,2026-07-29,Cancelled,69.1,Credit Card
ORD006981,CUST01008,2026-02-23,Cancelled,43.67,Credit Card
ORD006982,CUST02844,2026-01-31,Shipped,58.78,Credit Card
ORD006983,CUST02273,2026-06-18,Completed,25.19,Credit Card
ORD006984,CUST01983,2026-01-28,Completed,47.37,PayPal
ORD006985,CUST02429,2026-03-31,Completed,92.69,Apple Pay
ORD006986,CUST03725,2026-01-06,Shipped,77.28,PayPal
ORD006987,CUST04414,2026-02-03,Processing,85.33,Debit Card
ORD006988,CUST02756,2026-04-02,Completed,19.39,PayPal
ORD006989,CUST03735,2026-04-18,Completed,98.17,PayPal
ORD006990,CUST01293,2026-01-09,Completed,41.09,Debit Card
ORD006991,CUST04510,2026-04-03,Completed,51.56,Apple Pay
ORD006992,CUST04321,2026-04-08,Completed,36.24,PayPal
ORD006993,CUST01178,2026-01-12,Completed,173.76,Credit Card
ORD006994,CUST04717,2026-01-16,Completed,23.86,PayPal
ORD006995,CUST02621,2026-03-12,Completed,56.16,Debit Card
ORD006996,CUST02537,2026-06-08,Processing,23.96,Apple Pay
ORD006997,CUST01969,2026-06-10,Completed,118.65,PayPal
ORD006998,CUST01196,2026-05-15,Completed,66.03,PayPal
ORD006999,CUST02832,2026-01-03,Processing,27.95,Debit Card
ORD007000,CUST00508,2026-05-28,Shipped,63.8,Google Pay
ORD007001,CUST00405,2026-01-05,Processing,33.81,Google Pay
ORD007002,CUST01295,2026-07-14,Processing,108.21,PayPal
ORD007003,CUST03626,2026-02-07,Completed,249.85,Credit Card
ORD007004,CUST02820,2026-03-20,Cancelled,23.81,PayPal
ORD007005,CUST04760,2026-04-09,Processing,160.86,Google Pay
ORD007006,CUST03638,2026-07-03,Completed,141.97,PayPal
ORD007007,CUST01874,2026-05-31,Cancelled,47.91,Credit Card
ORD007008,CUST01407,2026-08-13,Processing,99.41,Apple Pay
ORD007009,CUST03584,2026-01-02,Completed,71.62,PayPal
ORD007010,CUST01578,2026-04-10,Completed,58.56,Debit Card
ORD007011,CUST04377,2026-05-29,Cancelled,42.93,Credit Card
ORD007012,CUST03428,2026-07-25,Shipped,98.55,PayPal
ORD007013,CUST00637,2026-05-22,Cancelled,41.74,Google Pay
ORD007014,CUST00808,2026-07-09,Processing,121.32,PayPal
ORD007015,CUST02396,2026-05-19,Completed,33.04,Google Pay
ORD007016,CUST04525,2026-05-12,Processing,260.51,Debit Card
ORD007017,CUST01416,2026-02-16,Cancelled,27.21,Apple Pay
ORD007018,CUST02450,2026-04-26,Completed,437.79,Google Pay
ORD007019,CUST04761,2026-04-04,Cancelled,47.14,PayPal
ORD007020,CUST04846,2026-04-10,Processing,104.02,Debit Card
ORD007021,CUST03497,2026-01-20,Completed,120.41,Credit Card
ORD007022,CUST03589,2026-06-29,Completed,68.52,PayPal
ORD007023,CUST04030,2026-01-16,Completed,132.57,Credit Card
ORD007024,CUST04733,2026-08-14,Completed,39.59,Google Pay
ORD007025,CUST00515,2026-06-22,Processing,25.53,Debit Card
ORD007026,CUST03295,2026-05-16,Completed,62.56,Apple Pay
ORD007027,CUST02909,2026-07-09,Shipped,103.68,PayPal
ORD007028,CUST02499,2026-07-31,Completed,40.11,Debit Card
ORD007029,CUST01367,2026-05-29,Completed,73.73,Debit Card
ORD007030,CUST00341,2026-03-05,Completed,24.07,Apple Pay
ORD007031,CUST03973,2026-04-14,Completed,71.87,Google Pay
ORD007032,CUST01561,2026-06-07,Completed,44.63,Apple Pay
ORD007033,CUST02469,2026-06-13,Cancelled,68.64,Apple Pay
ORD007034,CUST02429,2026-05-13,Completed,65.51,Apple Pay
ORD007035,CUST03689,2026-08-01,Processing,31.2,Credit Card
ORD007036,CUST02696,2026-02-07,Cancelled,66.88,PayPal
ORD007037,CUST02028,2026-08-03,Cancelled,41.78,Apple Pay
ORD007038,CUST03753,2026-01-19,Processing,115.26,PayPal
ORD007039,CUST00316,2026-03-15,Completed,116.22,Apple Pay
ORD007040,CUST03990,2026-06-04,Completed,69.68,Google Pay
ORD007041,CUST01102,2026-05-21,Completed,64.53,Google Pay
ORD007042,CUST00531,2026-05-17,Completed,101.71,Apple Pay
ORD007043,CUST02403,2026-01-17,Completed,117.06,Debit Card
ORD007044,CUST01860,2026-04-05,Completed,179.17,PayPal
ORD007045,CUST04758,2026-06-21,Completed,50.78,Google Pay
ORD007046,CUST01220,2026-02-14,Shipped,25.02,Credit Card
ORD007047,CUST04223,2026-03-29,Processing,118.29,Debit Card
ORD007048,CUST04445,2026-02-11,Cancelled,182.6,Google Pay
ORD007049,CUST01767,2026-02-20,Completed,63.41,Debit Card
ORD007050,CUST01068,2026-07-30,Completed,58.3,PayPal
ORD007051,CUST00728,2026-07-05,Completed,184.93,Debit Card
ORD007052,CUST00244,2026-04-23,Shipped,28.36,Credit Card
ORD007053,CUST01786,2026-07-05,Completed,48.88,Debit Card
ORD007054,CUST00712,2026-06-07,Shipped,38.67,Google Pay
ORD007055,CUST02894,2026-05-13,Completed,61.56,Credit Card
ORD007056,CUST03151,2026-01-08,Completed,124.63,PayPal
ORD007057,CUST04182,2026-02-06,Completed,25.26,Google Pay
ORD007058,CUST01509,2026-02-16,Processing,124.35,PayPal
ORD007059,CUST00271,2026-04-10,Completed,33.7,Apple Pay
ORD007060,CUST01798,2026-03-30,Shipped,82.17,Google Pay
ORD007061,CUST02561,2026-06-22,Completed,12.23,Debit Card
ORD007062,CUST03561,2026-05-13,Completed,14.38,PayPal
ORD007063,CUST04004,2026-08-13,Completed,54.28,Debit Card
ORD007064,CUST02178,2026-07-10,Processing,146.57,Credit Card
ORD007065,CUST00838,2026-03-27,Completed,126.5,PayPal
ORD007066,CUST02818,2026-06-24,Processing,19.83,PayPal
ORD007067,CUST03715,2026-01-25,Cancelled,131.14,Credit Card
ORD007068,CUST03079,2026-05-06,Shipped,87.21,Credit Card
ORD007069,CUST02900,2026-06-27,Cancelled,81.99,Credit Card
ORD007070,CUST01777,2026-08-09,Processing,298.96,Credit Card
ORD007071,CUST01651,2026-06-22,Processing,38.97,Apple Pay
ORD007072,CUST02949,2026-04-26,Shipped,119.28,PayPal
ORD007073,CUST02521,2026-04-30,Processing,61.99,Apple Pay
ORD007074,CUST02386,2026-01-30,Completed,188.38,Apple Pay
ORD007075,CUST04415,2026-02-17,Completed,77.03,Debit Card
ORD007076,CUST02769,2026-06-28,Completed,41.95,PayPal
ORD007077,CUST04239,2026-04-04,Cancelled,38.16,PayPal
ORD007078,CUST02705,2026-02-24,Completed,71.01,PayPal
ORD007079,CUST01173,2026-07-02,Completed,34.66,PayPal
ORD007080,CUST02519,2026-02-15,Processing,7.87,Credit Card
ORD007081,CUST00363,2026-01-31,Completed,151.59,Google Pay
ORD007082,CUST00650,2026-06-11,Shipped,133.26,Debit Card
ORD007083,CUST02257,2026-04-02,Completed,60.39,Debit Card
ORD007084,CUST03137,2026-03-15,Completed,99.23,Credit Card
ORD007085,CUST04645,2026-07-15,Processing,103.13,Apple Pay
ORD007086,CUST01136,2026-06-10,Processing,62.55,Google Pay
ORD007087,CUST04359,2026-02-25,Processing,17.79,Debit Card
ORD007088,CUST03148,2026-07-05,Completed,76.9,Apple Pay
ORD007089,CUST04862,2026-05-02,Completed,50.37,PayPal
ORD007090,CUST00876,2026-02-26,Processing,246.46,Google Pay
ORD007091,CUST03743,2026-01-17,Shipped,95.72,Google Pay
ORD007092,CUST03852,2026-05-19,Processing,95.98,PayPal
ORD007093,CUST01153,2026-07-18,Completed,170.94,Debit Card
ORD007094,CUST01923,2026-07-28,Completed,65.22,Google Pay
ORD007095,CUST00629,2026-08-08,Completed,243.42,Credit Card
ORD007096,CUST03020,2026-01-17,Completed,29.48,Credit Card
ORD007097,CUST01725,2026-04-15,Completed,55.77,Credit Card
ORD007098,CUST04749,2026-05-18,Completed,154.16,Google Pay
ORD007099,CUST01129,2026-06-03,Processing,25.53,Debit Card
ORD007100,CUST04562,2026-05-14,Cancelled,47.14,Apple Pay
ORD007101,CUST00764,2026-03-22,Shipped,84.76,Debit Card
ORD007102,CUST01020,2026-01-16,Shipped,87.61,Apple Pay
ORD007103,CUST03974,2026-04-13,Cancelled,38.57,Google Pay
ORD007104,CUST03928,2026-03-31,Processing,167.32,PayPal
ORD007105,CUST02842,2026-01-04,Completed,30.01,Apple Pay
ORD007106,CUST02948,2026-03-03,Completed,70.42,Apple Pay
ORD007107,CUST00675,2026-07-31,Cancelled,38.05,Debit Card
ORD007108,CUST01009,2026-07-11,Shipped,16.59,Google Pay
ORD007109,CUST01227,2026-02-25,Completed,37.01,Debit Card
ORD007110,CUST01636,2026-07-22,Completed,48.36,Google Pay
ORD007111,CUST04377,2026-05-31,Processing,24.36,Apple Pay
ORD007112,CUST00324,2026-02-02,Completed,143.89,PayPal
ORD007113,CUST02839,2026-01-31,Shipped,68.01,Google Pay
ORD007114,CUST03811,2026-05-15,Cancelled,74.2,Apple Pay
ORD007115,CUST01686,2026-08-02,Processing,56.76,PayPal
ORD007116,CUST03713,2026-05-13,Shipped,55.84,Debit Card
ORD007117,CUST00542,2026-06-14,Completed,89.91,Debit Card
ORD007118,CUST02945,2026-01-01,Completed,42.66,Google Pay
ORD007119,CUST01328,2026-07-17,Cancelled,12.38,Google Pay
ORD007120,CUST00639,2026-02-14,Completed,16.48,Google Pay
ORD007121,CUST04532,2026-02-16,Completed,75.09,Debit Card
ORD007122,CUST02261,2026-07-15,Completed,49.43,Google Pay
ORD007123,CUST01430,2026-08-10,Completed,387.27,Apple Pay
ORD007124,CUST02866,2026-01-30,Completed,113.44,Credit Card
ORD007125,CUST00962,2026-03-22,Shipped,79.7,Credit Card
ORD007126,CUST02963,2026-07-07,Cancelled,19.37,Google Pay
ORD007127,CUST02469,2026-01-24,Completed,38.06,Apple Pay
ORD007128,CUST03229,2026-01-31,Completed,120.44,Apple Pay
ORD007129,CUST00129,2026-01-28,Processing,69.67,Apple Pay
ORD007130,CUST04400,2026-06-22,Completed,31.14,PayPal
ORD007131,CUST03967,2026-05-12,Shipped,26.34,Apple Pay
ORD007132,CUST00917,2026-07-08,Completed,88.05,Debit Card
ORD007133,CUST01251,2026-02-08,Cancelled,38.68,Debit Card
ORD007134,CUST02199,2026-03-24,Completed,43.7,Apple Pay
ORD007135,CUST04689,2026-06-01,Processing,52.51,Credit Card
ORD007136,CUST04074,2026-03-12,Completed,159.18,PayPal
ORD007137,CUST03788,2026-06-23,Processing,51.09,Debit Card
ORD007138,CUST00940,2026-06-30,Completed,161.1,Debit Card
ORD007139,CUST02279,2026-06-25,Processing,45.97,Debit Card
ORD007140,CUST01002,2026-01-09,Completed,21.91,PayPal
ORD007141,CUST03773,2026-01-22,Cancelled,50.06,Apple Pay
ORD007142,CUST02213,2026-05-07,Completed,60.04,PayPal
ORD007143,CUST01611,2026-01-02,Completed,19.5,Apple Pay
ORD007144,CUST01628,2026-04-01,Completed,29.34,Google Pay
ORD007145,CUST03138,2026-01-16,Completed,90.15,Debit Card
ORD007146,CUST03992,2026-01-05,Completed,42.67,Credit Card
ORD007147,CUST01104,2026-05-20,Completed,108.86,PayPal
ORD007148,CUST02188,2026-06-29,Completed,22.74,PayPal
ORD007149,CUST04226,2026-06-03,Shipped,33.43,Debit Card
ORD007150,CUST03033,2026-01-15,Processing,100.51,Debit Card
ORD007151,CUST02814,2026-03-08,Cancelled,65.2,Credit Card
ORD007152,CUST02494,2026-03-14,Cancelled,18.68,Credit Card
ORD007153,CUST03904,2026-07-06,Completed,72.58,Debit Card
ORD007154,CUST00029,2026-04-02,Processing,162.81,Apple Pay
ORD007155,CUST04060,2026-06-16,Cancelled,52.68,Debit Card
ORD007156,CUST01261,2026-03-04,Processing,40.7,Credit Card
ORD007157,CUST03671,2026-04-10,Cancelled,125.09,Debit Card
ORD007158,CUST04895,2026-01-25,Shipped,40.39,Credit Card
ORD007159,CUST03511,2026-02-10,Completed,89.08,Google Pay
ORD007160,CUST02337,2026-01-28,Completed,49.19,Apple Pay
ORD007161,CUST03324,2026-04-21,Completed,28.7,Credit Card
ORD007162,CUST00100,2026-01-21,Processing,40.41,PayPal
ORD007163,CUST03657,2026-08-09,Completed,12.48,PayPal
ORD007164,CUST04518,2026-08-05,Shipped,105.0,Apple Pay
ORD007165,CUST00694,2026-08-10,Completed,96.25,Apple Pay
ORD007166,CUST04802,2026-03-02,Completed,71.22,PayPal
ORD007167,CUST00018,2026-04-13,Processing,39.77,Google Pay
ORD007168,CUST03710,2026-07-04,Completed,104.21,Google Pay
ORD007169,CUST02771,2026-05-19,Processing,93.28,Credit Card
ORD007170,CUST01031,2026-05-27,Completed,104.7,Apple Pay
ORD007171,CUST04476,2026-03-16,Completed,79.23,PayPal
ORD007172,CUST04210,2026-08-05,Cancelled,51.14,Apple Pay
ORD007173,CUST01620,2026-01-01,Cancelled,51.59,PayPal
ORD007174,CUST00851,2026-06-09,Processing,14.74,PayPal
ORD007175,CUST01897,2026-08-01,Shipped,25.57,Credit Card
ORD007176,CUST00976,2026-04-19,Completed,81.76,Apple Pay
ORD007177,CUST02517,2026-03-18,Completed,176.35,Google Pay
ORD007178,CUST04189,2026-06-11,Completed,107.62,Apple Pay
ORD007179,CUST01516,2026-01-17,Cancelled,50.72,PayPal
ORD007180,CUST01126,2026-07-02,Processing,34.01,Google Pay
ORD007181,CUST00493,2026-04-21,Completed,97.62,PayPal
ORD007182,CUST03037,2026-01-19,Cancelled,68.48,Apple Pay
ORD007183,CUST02527,2026-03-15,Shipped,33.94,PayPal
ORD007184,CUST00167,2026-06-19,Cancelled,70.68,Debit Card
ORD007185,CUST04236,2026-02-28,Completed,102.47,Google Pay
ORD007186,CUST04190,2026-07-20,Processing,19.64,Credit Card
ORD007187,CUST00576,2026-04-25,Completed,56.11,Debit Card
ORD007188,CUST00606,2026-07-22,Cancelled,148.31,PayPal
ORD007189,CUST03344,2026-02-07,Completed,124.98,Apple Pay
ORD007190,CUST01819,2026-01-31,Shipped,59.4,PayPal
ORD007191,CUST01156,2026-07-13,Processing,29.91,Credit Card
ORD007192,CUST04680,2026-08-04,Processing,22.34,Apple Pay
ORD007193,CUST00816,2026-04-16,Completed,112.3,Google Pay
ORD007194,CUST02641,2026-04-21,Completed,41.56,Google Pay
ORD007195,CUST01536,2026-07-16,Processing,93.81,PayPal
ORD007196,CUST02734,2026-02-19,Completed,135.72,Debit Card
ORD007197,CUST00963,2026-05-06,Completed,35.26,Apple Pay
ORD007198,CUST03035,2026-06-07,Completed,47.42,Debit Card
ORD007199,CUST02048,2026-04-13,Completed,135.01,PayPal
ORD007200,CUST04542,2026-06-12,Completed,52.68,Apple Pay
ORD007201,CUST03861,2026-02-28,Completed,90.28,Google Pay
ORD007202,CUST01515,2026-05-01,Completed,48.02,Google Pay
ORD007203,CUST03352,2026-05-25,Cancelled,26.82,PayPal
ORD007204,CUST01068,2026-04-05,Completed,86.55,Apple Pay
ORD007205,CUST00882,2026-07-13,Completed,174.46,PayPal
ORD007206,CUST03640,2026-07-27,Cancelled,80.41,Google Pay
ORD007207,CUST01550,2026-05-29,Completed,92.83,Credit Card
ORD007208,CUST02738,2026-04-04,Cancelled,93.86,Debit Card
ORD007209,CUST04558,2026-02-21,Completed,193.29,PayPal
ORD007210,CUST00101,2026-07-12,Completed,48.37,Credit Card
ORD007211,CUST03533,2026-05-22,Completed,12.77,Google Pay
ORD007212,CUST02817,2026-01-16,Shipped,145.91,PayPal
ORD007213,CUST00408,2026-02-24,Processing,21.5,Google Pay
ORD007214,CUST02516,2026-05-17,Shipped,43.07,Google Pay
ORD007215,CUST01740,2026-05-16,Shipped,34.59,PayPal
ORD007216,CUST04053,2026-07-20,Completed,34.6,Credit Card
ORD007217,CUST00259,2026-06-11,Completed,114.17,PayPal
ORD007218,CUST00509,2026-04-19,Shipped,98.42,Google Pay
ORD007219,CUST03822,2026-06-10,Processing,33.35,Apple Pay
ORD007220,CUST04405,2026-08-02,Shipped,143.56,Google Pay
ORD007221,CUST03684,2026-04-04,Completed,50.73,PayPal
ORD007222,CUST04721,2026-01-07,Completed,223.26,Credit Card
ORD007223,CUST03727,2026-07-29,Shipped,46.15,Google Pay
ORD007224,CUST00679,2026-05-29,Completed,44.18,Credit Card
ORD007225,CUST01284,2026-05-13,Processing,46.85,Credit Card
ORD007226,CUST04838,2026-07-18,Completed,32.07,Debit Card
ORD007227,CUST00907,2026-05-20,Completed,89.21,Credit Card
ORD007228,CUST00268,2026-07-06,Cancelled,37.44,Google Pay
ORD007229,CUST03104,2026-03-22,Completed,49.94,Google Pay
ORD007230,CUST04907,2026-07-05,Cancelled,84.27,PayPal
ORD007231,CUST01201,2026-03-29,Completed,241.6,PayPal
ORD007232,CUST01117,2026-06-14,Processing,37.77,Credit Card
ORD007233,CUST00899,2026-04-18,Cancelled,41.24,Apple Pay
ORD007234,CUST02791,2026-03-24,Processing,39.44,Google Pay
ORD007235,CUST02645,2026-02-14,Completed,82.79,Credit Card
ORD007236,CUST01059,2026-03-21,Completed,43.06,PayPal
ORD007237,CUST00688,2026-01-25,Shipped,32.31,Google Pay
ORD007238,CUST00788,2026-01-27,Completed,64.83,Debit Card
ORD007239,CUST04495,2026-02-20,Cancelled,90.64,PayPal
ORD007240,CUST02645,2026-04-29,Shipped,42.97,Debit Card
ORD007241,CUST02165,2026-06-19,Processing,64.62,Google Pay
ORD007242,CUST04458,2026-04-18,Shipped,72.58,Apple Pay
ORD007243,CUST00204,2026-07-18,Shipped,60.24,Credit Card
ORD007244,CUST03218,2026-06-19,Cancelled,75.58,Credit Card
ORD007245,CUST02492,2026-03-01,Completed,33.29,Apple Pay
ORD007246,CUST04823,2026-03-13,Completed,28.97,Credit Card
ORD007247,CUST02039,2026-07-26,Cancelled,34.35,Credit Card
ORD007248,CUST03369,2026-07-05,Completed,11.76,Debit Card
ORD007249,CUST03559,2026-03-21,Completed,26.28,Credit Card
ORD007250,CUST04058,2026-03-13,Completed,98.55,Debit Card
ORD007251,CUST04863,2026-04-06,Cancelled,96.15,Credit Card
ORD007252,CUST01227,2026-05-06,Cancelled,24.09,Credit Card
ORD007253,CUST04491,2026-07-28,Shipped,18.28,PayPal
ORD007254,CUST04344,2026-05-30,Completed,61.36,Apple Pay
ORD007255,CUST03512,2026-04-06,Completed,87.31,PayPal
ORD007256,CUST00914,2026-07-05,Processing,34.79,Credit Card
ORD007257,CUST01420,2026-05-19,Completed,39.86,Debit Card
ORD007258,CUST02704,2026-04-19,Cancelled,103.97,Credit Card
ORD007259,CUST00356,2026-01-06,Cancelled,195.56,Google Pay
ORD007260,CUST03473,2026-01-22,Cancelled,39.9,Google Pay
ORD007261,CUST00241,2026-07-25,Cancelled,89.23,Google Pay
ORD007262,CUST01911,2026-08-08,Processing,58.79,Google Pay
ORD007263,CUST02277,2026-04-13,Completed,129.57,Credit Card
ORD007264,CUST00621,2026-01-12,Completed,27.32,Google Pay
ORD007265,CUST00855,2026-01-27,Completed,61.17,Apple Pay
ORD007266,CUST03744,2026-05-09,Completed,38.33,Credit Card
ORD007267,CUST02315,2026-07-11,Completed,57.67,PayPal
ORD007268,CUST03201,2026-07-21,Cancelled,111.7,Credit Card
ORD007269,CUST03625,2026-08-13,Completed,59.51,Debit Card
ORD007270,CUST01061,2026-03-21,Completed,35.38,Apple Pay
ORD007271,CUST00382,2026-06-16,Completed,114.07,Credit Card
ORD007272,CUST01133,2026-03-01,Processing,86.26,PayPal
ORD007273,CUST02477,2026-04-26,Completed,71.3,Debit Card
ORD007274,CUST03136,2026-03-11,Completed,26.0,Debit Card
ORD007275,CUST02839,2026-07-01,Shipped,85.28,PayPal
ORD007276,CUST02080,2026-06-02,Completed,38.22,PayPal
ORD007277,CUST00945,2026-05-28,Processing,30.14,PayPal
ORD007278,CUST03963,2026-02-05,Shipped,31.61,PayPal
ORD007279,CUST04202,2026-05-31,Completed,90.75,Google Pay
ORD007280,CUST02530,2026-07-27,Shipped,83.26,Apple Pay
ORD007281,CUST04302,2026-05-09,Completed,60.98,PayPal
ORD007282,CUST03319,2026-08-10,Completed,13.35,Google Pay
ORD007283,CUST00835,2026-06-04,Completed,128.25,Credit Card
ORD007284,CUST03751,2026-02-21,Completed,109.39,Debit Card
ORD007285,CUST04185,2026-05-10,Shipped,40.99,Credit Card
ORD007286,CUST03388,2026-05-29,Processing,156.47,Credit Card
ORD007287,CUST04992,2026-05-17,Completed,30.35,Google Pay
ORD007288,CUST04239,2026-04-21,Shipped,64.33,Google Pay
ORD007289,CUST00207,2026-03-29,Processing,64.99,PayPal
ORD007290,CUST03535,2026-02-17,Shipped,71.18,PayPal
ORD007291,CUST02053,2026-04-15,Completed,22.77,Google Pay
ORD007292,CUST04307,2026-06-16,Completed,20.11,Apple Pay
ORD007293,CUST00029,2026-02-11,Completed,56.57,PayPal
ORD007294,CUST01214,2026-07-18,Completed,32.67,Credit Card
ORD007295,CUST00188,2026-04-04,Completed,76.1,PayPal
ORD007296,CUST01861,2026-02-14,Processing,65.94,PayPal
ORD007297,CUST02573,2026-05-10,Processing,152.82,Apple Pay
ORD007298,CUST04015,2026-07-23,Cancelled,149.9,Google Pay
ORD007299,CUST04253,2026-07-24,Cancelled,62.54,Apple Pay
ORD007300,CUST02128,2026-07-14,Completed,171.37,PayPal
ORD007301,CUST01892,2026-06-20,Cancelled,69.82,Apple Pay
ORD007302,CUST02708,2026-04-14,Processing,58.59,PayPal
ORD007303,CUST01742,2026-04-17,Cancelled,199.33,Apple Pay
ORD007304,CUST02674,2026-05-26,Cancelled,31.04,Debit Card
ORD007305,CUST01814,2026-02-08,Completed,20.39,Debit Card
ORD007306,CUST04328,2026-05-14,Processing,51.28,PayPal
ORD007307,CUST00160,2026-06-19,Completed,68.71,Apple Pay
ORD007308,CUST00344,2026-06-29,Processing,93.66,PayPal
ORD007309,CUST00205,2026-01-27,Shipped,27.19,Apple Pay
ORD007310,CUST03043,2026-07-26,Completed,54.01,Google Pay
ORD007311,CUST02886,2026-05-23,Cancelled,25.68,Apple Pay
ORD007312,CUST00305,2026-01-19,Cancelled,49.36,Apple Pay
ORD007313,CUST02718,2026-07-09,Completed,154.06,PayPal
ORD007314,CUST03942,2026-03-05,Cancelled,66.83,Apple Pay
ORD007315,CUST00400,2026-02-20,Completed,31.0,PayPal
ORD007316,CUST03521,2026-06-24,Completed,15.23,PayPal
ORD007317,CUST00986,2026-02-26,Processing,46.59,Credit Card
ORD007318,CUST01806,2026-01-20,Shipped,59.48,PayPal
ORD007319,CUST02097,2026-01-20,Shipped,60.5,Apple Pay
ORD007320,CUST04302,2026-03-23,Processing,23.91,Debit Card
ORD007321,CUST01460,2026-07-11,Completed,68.9,Google Pay
ORD007322,CUST01346,2026-08-14,Cancelled,17.2,Apple Pay
ORD007323,CUST00231,2026-04-11,Completed,65.6,Apple Pay
ORD007324,CUST03783,2026-02-07,Shipped,54.16,Apple Pay
ORD007325,CUST03501,2026-02-07,Processing,95.81,Credit Card
ORD007326,CUST00883,2026-03-06,Shipped,130.62,Debit Card
ORD007327,CUST02774,2026-03-17,Shipped,11.77,Apple Pay
ORD007328,CUST02332,2026-05-13,Processing,96.22,PayPal
ORD007329,CUST00433,2026-07-11,Completed,126.62,Debit Card
ORD007330,CUST01209,2026-05-03,Shipped,97.55,Debit Card
ORD007331,CUST02681,2026-05-05,Shipped,41.31,Apple Pay
ORD007332,CUST02264,2026-01-27,Completed,129.94,PayPal
ORD007333,CUST03003,2026-04-13,Completed,40.76,Debit Card
ORD007334,CUST02413,2026-01-20,Completed,28.25,Google Pay
ORD007335,CUST01818,2026-03-01,Processing,59.57,PayPal
ORD007336,CUST00618,2026-06-17,Cancelled,55.56,Debit Card
ORD007337,CUST04493,2026-03-24,Completed,111.15,Debit Card
ORD007338,CUST02506,2026-07-26,Processing,37.45,PayPal
ORD007339,CUST00318,2026-01-06,Completed,66.37,Credit Card
ORD007340,CUST00457,2026-07-20,Cancelled,27.04,PayPal
ORD007341,CUST00501,2026-06-13,Processing,153.71,Google Pay
ORD007342,CUST04419,2026-04-22,Completed,90.99,Credit Card
ORD007343,CUST02316,2026-08-03,Cancelled,12.31,Apple Pay
ORD007344,CUST03875,2026-07-21,Completed,138.92,Credit Card
ORD007345,CUST04974,2026-07-12,Shipped,67.61,Google Pay
ORD007346,CUST04775,2026-05-19,Processing,64.22,Google Pay
ORD007347,CUST01004,2026-06-26,Processing,212.01,Google Pay
ORD007348,CUST04251,2026-04-24,Cancelled,19.21,Debit Card
ORD007349,CUST04197,2026-03-25,Shipped,81.75,Credit Card
ORD007350,CUST01067,2026-06-05,Processing,47.05,Google Pay
ORD007351,CUST04717,2026-01-22,Processing,31.81,Credit Card
ORD007352,CUST01629,2026-03-25,Cancelled,154.59,Credit Card
ORD007353,CUST03235,2026-02-16,Completed,32.67,Apple Pay
ORD007354,CUST02282,2026-04-12,Cancelled,39.88,Apple Pay
ORD007355,CUST04499,2026-03-21,Cancelled,74.29,Apple Pay
ORD007356,CUST02399,2026-07-13,Cancelled,139.41,Debit Card
ORD007357,CUST03239,2026-01-25,Completed,48.18,Debit Card
ORD007358,CUST04355,2026-04-01,Shipped,106.39,Apple Pay
ORD007359,CUST03670,2026-03-08,Completed,196.23,Google Pay
ORD007360,CUST04716,2026-08-03,Processing,208.72,PayPal
ORD007361,CUST01466,2026-06-09,Cancelled,143.67,Debit Card
ORD007362,CUST01962,2026-05-25,Processing,143.6,PayPal
ORD007363,CUST00876,2026-02-09,Completed,120.07,Debit Card
ORD007364,CUST04070,2026-07-31,Processing,23.82,Credit Card
ORD007365,CUST03902,2026-01-30,Completed,80.37,Google Pay
ORD007366,CUST00543,2026-02-28,Shipped,81.81,Debit Card
ORD007367,CUST03517,2026-01-28,Shipped,90.39,Credit Card
ORD007368,CUST03866,2026-02-16,Completed,32.79,Google Pay
ORD007369,CUST04549,2026-04-27,Completed,90.56,Debit Card
ORD007370,CUST04500,2026-05-31,Completed,123.57,Google Pay
ORD007371,CUST01019,2026-03-24,Completed,73.54,Debit Card
ORD007372,CUST01429,2026-02-26,Completed,28.68,Apple Pay
ORD007373,CUST04979,2026-08-05,Cancelled,39.9,Debit Card
ORD007374,CUST00575,2026-08-04,Processing,80.08,Debit Card
ORD007375,CUST01459,2026-05-09,Processing,66.93,Credit Card
ORD007376,CUST01500,2026-08-08,Completed,22.17,Apple Pay
ORD007377,CUST01492,2026-01-29,Cancelled,76.23,PayPal
ORD007378,CUST03173,2026-06-27,Completed,27.98,Google Pay
ORD007379,CUST02471,2026-03-05,Completed,29.66,PayPal
ORD007380,CUST03428,2026-04-09,Cancelled,27.53,PayPal
ORD007381,CUST02516,2026-07-28,Cancelled,21.41,Apple Pay
ORD007382,CUST03552,2026-07-22,Processing,13.52,Apple Pay
ORD007383,CUST04207,2026-02-06,Completed,23.31,Apple Pay
ORD007384,CUST02201,2026-07-08,Shipped,66.95,Credit Card
ORD007385,CUST02965,2026-05-08,Completed,70.23,Credit Card
ORD007386,CUST03314,2026-05-15,Completed,47.93,Google Pay
ORD007387,CUST02928,2026-03-31,Completed,48.04,Apple Pay
ORD007388,CUST00682,2026-03-28,Processing,62.57,PayPal
ORD007389,CUST04865,2026-03-05,Shipped,38.27,Google Pay
ORD007390,CUST00279,2026-01-18,Completed,36.12,Credit Card
ORD007391,CUST04459,2026-01-29,Completed,72.65,Debit Card
ORD007392,CUST01649,2026-04-24,Completed,132.32,Debit Card
ORD007393,CUST04697,2026-08-14,Cancelled,33.12,Google Pay
ORD007394,CUST01159,2026-03-01,Completed,64.08,Credit Card
ORD007395,CUST02342,2026-02-23,Processing,30.78,Google Pay
ORD007396,CUST01519,2026-03-13,Processing,82.02,Credit Card
ORD007397,CUST01839,2026-05-29,Processing,349.18,Apple Pay
ORD007398,CUST00871,2026-05-29,Completed,91.11,Debit Card
ORD007399,CUST03278,2026-02-27,Completed,79.27,PayPal
ORD007400,CUST01342,2026-06-26,Completed,81.82,Apple Pay
ORD007401,CUST02307,2026-02-05,Cancelled,66.98,PayPal
ORD007402,CUST01172,2026-05-25,Completed,49.16,Google Pay
ORD007403,CUST04073,2026-03-21,Completed,24.08,Debit Card
ORD007404,CUST01129,2026-06-30,Processing,60.38,PayPal
ORD007405,CUST03628,2026-01-15,Cancelled,56.91,Google Pay
ORD007406,CUST04000,2026-07-26,Processing,55.23,Credit Card
ORD007407,CUST03888,2026-02-09,Completed,71.08,Apple Pay
ORD007408,CUST01285,2026-03-22,Completed,88.95,Credit Card
ORD007409,CUST00571,2026-02-20,Shipped,80.5,Apple Pay
ORD007410,CUST02865,2026-07-12,Completed,49.96,Debit Card
ORD007411,CUST03985,2026-05-21,Shipped,80.48,PayPal
ORD007412,CUST03142,2026-06-15,Completed,34.62,Credit Card
ORD007413,CUST01978,2026-07-21,Completed,19.5,Credit Card
ORD007414,CUST00447,2026-04-07,Completed,41.83,PayPal
ORD007415,CUST04879,2026-06-03,Processing,60.59,PayPal
ORD007416,CUST01281,2026-07-23,Completed,18.04,Google Pay
ORD007417,CUST00637,2026-07-30,Cancelled,64.69,Apple Pay
ORD007418,CUST02974,2026-05-23,Cancelled,68.29,Google Pay
ORD007419,CUST04627,2026-04-27,Shipped,107.34,Credit Card
ORD007420,CUST00119,2026-05-13,Shipped,77.38,PayPal
ORD007421,CUST04162,2026-01-02,Completed,23.94,Debit Card
ORD007422,CUST02293,2026-04-25,Shipped,74.52,Credit Card
ORD007423,CUST02105,2026-03-19,Cancelled,61.64,Credit Card
ORD007424,CUST01068,2026-04-03,Completed,80.9,Apple Pay
ORD007425,CUST00424,2026-07-12,Completed,126.6,Google Pay
ORD007426,CUST03820,2026-03-18,Cancelled,36.89,Apple Pay
ORD007427,CUST04491,2026-03-01,Processing,48.93,Credit Card
ORD007428,CUST01281,2026-04-06,Completed,59.41,PayPal
ORD007429,CUST01820,2026-04-08,Shipped,43.69,Debit Card
ORD007430,CUST03433,2026-02-25,Processing,15.52,Apple Pay
ORD007431,CUST00763,2026-04-28,Completed,109.8,Credit Card
ORD007432,CUST01630,2026-07-25,Completed,13.82,Google Pay
ORD007433,CUST00443,2026-04-29,Shipped,74.07,Apple Pay
ORD007434,CUST03015,2026-02-07,Processing,24.62,Credit Card
ORD007435,CUST02582,2026-07-04,Cancelled,29.76,Google Pay
ORD007436,CUST01498,2026-04-12,Cancelled,93.29,Google Pay
ORD007437,CUST04253,2026-02-20,Processing,144.66,Debit Card
ORD007438,CUST00089,2026-06-18,Completed,75.47,PayPal
ORD007439,CUST02250,2026-07-26,Processing,50.11,Debit Card
ORD007440,CUST00980,2026-05-07,Cancelled,53.7,Google Pay
ORD007441,CUST00462,2026-04-13,Processing,146.1,Apple Pay
ORD007442,CUST03553,2026-07-17,Completed,137.56,PayPal
ORD007443,CUST02757,2026-08-09,Shipped,85.83,Google Pay
ORD007444,CUST03629,2026-07-30,Cancelled,138.09,PayPal
ORD007445,CUST02502,2026-06-29,Shipped,43.49,Apple Pay
ORD007446,CUST00380,2026-05-09,Completed,98.23,Credit Card
ORD007447,CUST04497,2026-03-26,Completed,24.66,Credit Card
ORD007448,CUST04647,2026-04-13,Completed,42.46,Google Pay
ORD007449,CUST02984,2026-01-18,Cancelled,45.84,Google Pay
ORD007450,CUST03061,2026-01-27,Completed,135.42,Debit Card
ORD007451,CUST02951,2026-04-02,Completed,52.13,Google Pay
ORD007452,CUST04541,2026-03-13,Processing,117.52,Credit Card
ORD007453,CUST03731,2026-04-05,Completed,40.38,Credit Card
ORD007454,CUST04425,2026-03-17,Shipped,101.85,Debit Card
ORD007455,CUST01932,2026-06-19,Processing,88.0,Apple Pay
ORD007456,CUST03422,2026-01-06,Completed,12.87,PayPal
ORD007457,CUST01991,2026-03-31,Processing,121.61,Credit Card
ORD007458,CUST04866,2026-03-21,Shipped,41.41,PayPal
ORD007459,CUST03857,2026-08-10,Completed,25.47,Google Pay
ORD007460,CUST01483,2026-03-24,Completed,32.64,Google Pay
ORD007461,CUST02546,2026-03-23,Completed,40.82,Apple Pay
ORD007462,CUST04221,2026-06-01,Completed,33.59,PayPal
ORD007463,CUST04300,2026-02-14,Completed,32.52,Credit Card
ORD007464,CUST02816,2026-07-31,Completed,50.78,Debit Card
ORD007465,CUST00643,2026-03-12,Completed,81.53,Credit Card
ORD007466,CUST04686,2026-01-07,Processing,135.62,PayPal
ORD007467,CUST03919,2026-05-24,Cancelled,185.06,PayPal
ORD007468,CUST01587,2026-05-06,Completed,284.39,Credit Card
ORD007469,CUST02410,2026-02-27,Processing,75.01,Credit Card
ORD007470,CUST03850,2026-02-26,Completed,54.35,Apple Pay
ORD007471,CUST00055,2026-06-19,Shipped,99.81,Google Pay
ORD007472,CUST00842,2026-04-21,Completed,27.1,Apple Pay
ORD007473,CUST04588,2026-05-22,Processing,51.43,Credit Card
ORD007474,CUST00985,2026-02-25,Completed,79.8,Credit Card
ORD007475,CUST02621,2026-01-12,Completed,31.35,Debit Card
ORD007476,CUST02907,2026-04-03,Completed,120.24,Google Pay
ORD007477,CUST01995,2026-01-15,Shipped,83.83,Debit Card
ORD007478,CUST01933,2026-01-08,Completed,46.49,Google Pay
ORD007479,CUST02273,2026-07-05,Completed,80.13,Google Pay
ORD007480,CUST00103,2026-02-22,Processing,51.79,PayPal
ORD007481,CUST00970,2026-05-17,Completed,17.8,Google Pay
ORD007482,CUST01072,2026-06-23,Shipped,130.13,Credit Card
ORD007483,CUST00737,2026-04-02,Shipped,57.53,Google Pay
ORD007484,CUST01366,2026-08-07,Completed,73.74,Apple Pay
ORD007485,CUST03631,2026-01-07,Cancelled,95.12,PayPal
ORD007486,CUST00228,2026-02-13,Processing,16.91,Debit Card
ORD007487,CUST03571,2026-01-14,Shipped,54.94,Google Pay
ORD007488,CUST00445,2026-03-16,Completed,36.55,Debit Card
ORD007489,CUST01620,2026-08-12,Shipped,160.46,Credit Card
ORD007490,CUST04694,2026-04-25,Completed,58.27,Debit Card
ORD007491,CUST02205,2026-04-02,Processing,54.46,Google Pay
ORD007492,CUST02704,2026-05-14,Completed,45.2,Debit Card
ORD007493,CUST03051,2026-06-12,Completed,180.72,Credit Card
ORD007494,CUST03503,2026-07-17,Completed,36.51,Google Pay
ORD007495,CUST03627,2026-07-08,Shipped,29.55,Debit Card
ORD007496,CUST01182,2026-06-01,Processing,33.96,Debit Card
ORD007497,CUST03257,2026-03-14,Processing,38.84,Credit Card
ORD007498,CUST00798,2026-05-10,Completed,58.7,Apple Pay
ORD007499,CUST00835,2026-07-25,Completed,97.53,Apple Pay
ORD007500,CUST03000,2026-06-28,Completed,33.93,PayPal
ORD007501,CUST02033,2026-01-31,Cancelled,169.66,Credit Card
ORD007502,CUST04453,2026-05-06,Completed,75.14,Apple Pay
ORD007503,CUST02765,2026-08-10,Completed,21.98,Debit Card
ORD007504,CUST02410,2026-04-29,Completed,15.73,Credit Card
ORD007505,CUST03685,2026-01-27,Completed,61.08,Debit Card
ORD007506,CUST03276,2026-04-20,Processing,37.7,Debit Card
ORD007507,CUST00008,2026-06-08,Processing,32.55,PayPal
ORD007508,CUST02520,2026-04-16,Completed,39.37,PayPal
ORD007509,CUST02220,2026-07-17,Completed,39.63,Google Pay
ORD007510,CUST03875,2026-06-20,Completed,71.73,Credit Card
ORD007511,CUST03729,2026-04-30,Cancelled,83.44,Apple Pay
ORD007512,CUST03330,2026-03-23,Processing,56.3,PayPal
ORD007513,CUST03372,2026-02-21,Completed,70.63,Credit Card
ORD007514,CUST00614,2026-01-14,Shipped,29.97,PayPal
ORD007515,CUST00689,2026-07-06,Completed,47.7,Apple Pay
ORD007516,CUST00898,2026-01-20,Processing,68.65,PayPal
ORD007517,CUST00110,2026-04-28,Completed,61.4,Google Pay
ORD007518,CUST04806,2026-02-21,Completed,102.11,Credit Card
ORD007519,CUST03013,2026-07-22,Completed,63.54,Credit Card
ORD007520,CUST02919,2026-04-11,Completed,14.43,Debit Card
ORD007521,CUST01161,2026-02-09,Processing,40.18,Google Pay
ORD007522,CUST03982,2026-03-09,Shipped,183.69,PayPal
ORD007523,CUST03611,2026-02-13,Shipped,38.98,Debit Card
ORD007524,CUST04745,2026-05-14,Completed,51.77,PayPal
ORD007525,CUST02004,2026-03-28,Shipped,13.42,Google Pay
ORD007526,CUST01528,2026-04-30,Shipped,28.78,Debit Card
ORD007527,CUST01914,2026-02-26,Completed,36.43,Apple Pay
ORD007528,CUST04342,2026-07-05,Completed,231.65,Credit Card
ORD007529,CUST03182,2026-03-13,Shipped,60.11,Google Pay
ORD007530,CUST04894,2026-06-07,Completed,53.41,Google Pay
ORD007531,CUST03347,2026-02-21,Completed,47.87,PayPal
ORD007532,CUST02864,2026-01-11,Completed,24.11,Apple Pay
ORD007533,CUST04611,2026-06-24,Completed,126.84,Apple Pay
ORD007534,CUST00506,2026-01-05,Processing,17.74,Google Pay
ORD007535,CUST04251,2026-05-11,Processing,54.54,Google Pay
ORD007536,CUST02007,2026-05-23,Processing,13.47,Credit Card
ORD007537,CUST04207,2026-05-10,Shipped,39.93,Apple Pay
ORD007538,CUST02856,2026-01-02,Processing,11.86,Google Pay
ORD007539,CUST03965,2026-07-19,Processing,34.32,Credit Card
ORD007540,CUST01675,2026-07-01,Completed,113.16,PayPal
ORD007541,CUST01191,2026-06-23,Completed,21.53,Apple Pay
ORD007542,CUST02393,2026-04-04,Cancelled,39.51,Debit Card
ORD007543,CUST01922,2026-05-07,Completed,111.39,Debit Card
ORD007544,CUST04390,2026-05-06,Shipped,274.84,Google Pay
ORD007545,CUST02693,2026-02-10,Cancelled,70.96,Google Pay
ORD007546,CUST04434,2026-07-16,Cancelled,43.27,Credit Card
ORD007547,CUST01828,2026-01-30,Processing,48.34,Google Pay
ORD007548,CUST02500,2026-02-13,Shipped,36.88,Google Pay
ORD007549,CUST00717,2026-01-10,Shipped,51.35,Credit Card
ORD007550,CUST00631,2026-08-13,Shipped,479.2,Debit Card
ORD007551,CUST04861,2026-08-04,Shipped,117.37,Credit Card
ORD007552,CUST00085,2026-07-30,Shipped,91.37,Apple Pay
ORD007553,CUST03769,2026-01-30,Shipped,77.6,Apple Pay
ORD007554,CUST00737,2026-08-05,Cancelled,65.19,Google Pay
ORD007555,CUST02708,2026-03-16,Processing,65.97,Google Pay
ORD007556,CUST00227,2026-02-18,Completed,189.17,Debit Card
ORD007557,CUST03358,2026-06-12,Cancelled,66.71,Debit Card
ORD007558,CUST01308,2026-07-12,Completed,51.72,PayPal
ORD007559,CUST04205,2026-05-25,Completed,29.05,Apple Pay
ORD007560,CUST04231,2026-06-08,Completed,66.48,Apple Pay
ORD007561,CUST04387,2026-03-11,Completed,39.57,PayPal
ORD007562,CUST03959,2026-07-24,Completed,53.48,PayPal
ORD007563,CUST01653,2026-06-29,Processing,30.83,Apple Pay
ORD007564,CUST01868,2026-01-26,Shipped,63.11,Google Pay
ORD007565,CUST00027,2026-04-10,Completed,38.06,Apple Pay
ORD007566,CUST04650,2026-05-13,Completed,24.8,PayPal
ORD007567,CUST00933,2026-04-21,Processing,146.01,Debit Card
ORD007568,CUST03459,2026-01-14,Completed,21.84,Credit Card
ORD007569,CUST00467,2026-02-20,Completed,34.88,Debit Card
ORD007570,CUST02701,2026-01-15,Cancelled,78.64,Debit Card
ORD007571,CUST01499,2026-05-08,Processing,121.51,PayPal
ORD007572,CUST00618,2026-05-20,Cancelled,59.12,Apple Pay
ORD007573,CUST03778,2026-02-15,Completed,55.36,PayPal
ORD007574,CUST04554,2026-07-11,Shipped,24.08,PayPal
ORD007575,CUST02688,2026-03-13,Completed,37.23,Google Pay
ORD007576,CUST01505,2026-07-06,Completed,18.45,Google Pay
ORD007577,CUST03968,2026-04-05,Completed,53.47,Credit Card
ORD007578,CUST00180,2026-06-03,Shipped,84.45,Google Pay
ORD007579,CUST02586,2026-01-29,Cancelled,79.15,Credit Card
ORD007580,CUST02070,2026-05-12,Completed,17.48,Debit Card
ORD007581,CUST04859,2026-06-27,Shipped,93.05,Debit Card
ORD007582,CUST00922,2026-08-08,Completed,148.73,PayPal
ORD007583,CUST03093,2026-01-25,Shipped,46.35,Debit Card
ORD007584,CUST04841,2026-06-17,Processing,181.85,Google Pay
ORD007585,CUST01511,2026-02-01,Completed,43.96,Google Pay
ORD007586,CUST03600,2026-04-10,Completed,20.41,Google Pay
ORD007587,CUST03277,2026-07-22,Completed,54.34,Apple Pay
ORD007588,CUST02720,2026-02-06,Completed,48.88,Google Pay
ORD007589,CUST04733,2026-05-06,Completed,126.42,PayPal
ORD007590,CUST01024,2026-05-18,Processing,30.02,PayPal
ORD007591,CUST00152,2026-06-15,Completed,79.6,Debit Card
ORD007592,CUST00013,2026-07-08,Cancelled,18.08,Credit Card
ORD007593,CUST00715,2026-04-10,Shipped,41.15,Apple Pay
ORD007594,CUST03151,2026-01-27,Cancelled,46.25,Credit Card
ORD007595,CUST03626,2026-07-28,Completed,42.37,Apple Pay
ORD007596,CUST00249,2026-05-15,Completed,20.18,PayPal
ORD007597,CUST01145,2026-07-20,Processing,41.21,PayPal
ORD007598,CUST04483,2026-04-09,Completed,61.62,Apple Pay
ORD007599,CUST04535,2026-05-17,Cancelled,127.02,Debit Card
ORD007600,CUST03344,2026-07-06,Completed,35.31,Google Pay
ORD007601,CUST00721,2026-02-05,Processing,29.56,Google Pay
ORD007602,CUST04569,2026-04-28,Processing,294.35,Credit Card
ORD007603,CUST03230,2026-06-07,Completed,13.6,PayPal
ORD007604,CUST01007,2026-08-11,Processing,35.36,Google Pay
ORD007605,CUST04729,2026-01-19,Completed,28.79,PayPal
ORD007606,CUST03299,2026-06-18,Completed,18.61,PayPal
ORD007607,CUST02469,2026-02-24,Completed,56.57,PayPal
ORD007608,CUST04120,2026-08-03,Shipped,129.5,Google Pay
ORD007609,CUST03814,2026-03-25,Completed,125.06,Google Pay
ORD007610,CUST00538,2026-01-06,Shipped,90.08,Google Pay
ORD007611,CUST02825,2026-05-03,Completed,138.82,Apple Pay
ORD007612,CUST02686,2026-04-17,Processing,51.05,Google Pay
ORD007613,CUST01981,2026-03-29,Completed,60.43,PayPal
ORD007614,CUST00540,2026-05-30,Processing,71.51,PayPal
ORD007615,CUST03885,2026-07-17,Completed,146.72,Credit Card
ORD007616,CUST04054,2026-06-01,Completed,45.49,Debit Card
ORD007617,CUST03200,2026-03-03,Completed,139.59,Apple Pay
ORD007618,CUST04517,2026-06-19,Shipped,182.23,Credit Card
ORD007619,CUST00484,2026-05-30,Completed,75.15,Apple Pay
ORD007620,CUST01029,2026-07-29,Processing,106.39,Apple Pay
ORD007621,CUST00052,2026-05-24,Completed,26.42,PayPal
ORD007622,CUST00243,2026-05-21,Processing,89.92,PayPal
ORD007623,CUST01687,2026-04-30,Completed,89.69,PayPal
ORD007624,CUST02822,2026-02-06,Completed,72.29,PayPal
ORD007625,CUST01841,2026-06-29,Shipped,111.14,Credit Card
ORD007626,CUST00425,2026-06-01,Shipped,67.73,Debit Card
ORD007627,CUST02128,2026-05-05,Completed,47.82,Debit Card
ORD007628,CUST00695,2026-07-30,Completed,55.61,Credit Card
ORD007629,CUST00354,2026-07-31,Shipped,56.82,Debit Card
ORD007630,CUST03691,2026-08-07,Completed,59.94,Google Pay
ORD007631,CUST01690,2026-01-17,Processing,46.66,Google Pay
ORD007632,CUST00293,2026-01-16,Completed,45.3,Google Pay
ORD007633,CUST00717,2026-05-09,Completed,94.39,PayPal
ORD007634,CUST04625,2026-03-26,Completed,62.4,Google Pay
ORD007635,CUST04576,2026-05-05,Shipped,26.79,Apple Pay
ORD007636,CUST04573,2026-08-07,Cancelled,89.49,Apple Pay
ORD007637,CUST04121,2026-01-01,Completed,32.03,Credit Card
ORD007638,CUST02479,2026-01-30,Completed,225.86,Apple Pay
ORD007639,CUST02365,2026-07-31,Cancelled,29.75,Credit Card
ORD007640,CUST00638,2026-01-24,Cancelled,232.42,Debit Card
ORD007641,CUST02406,2026-02-15,Cancelled,83.05,Apple Pay
ORD007642,CUST01300,2026-01-02,Processing,44.88,Apple Pay
ORD007643,CUST03949,2026-05-23,Shipped,34.87,Credit Card
ORD007644,CUST00690,2026-01-29,Shipped,91.27,Apple Pay
ORD007645,CUST04440,2026-04-09,Completed,46.74,Credit Card
ORD007646,CUST02607,2026-03-03,Completed,36.15,Apple Pay
ORD007647,CUST00712,2026-01-13,Shipped,38.96,PayPal
ORD007648,CUST02611,2026-07-30,Cancelled,59.29,Debit Card
ORD007649,CUST00439,2026-03-06,Processing,63.52,Apple Pay
ORD007650,CUST03534,2026-02-14,Completed,140.78,Debit Card
ORD007651,CUST03879,2026-02-16,Completed,51.09,Apple Pay
ORD007652,CUST03342,2026-01-16,Completed,90.06,Apple Pay
ORD007653,CUST03093,2026-05-06,Completed,44.66,PayPal
ORD007654,CUST04239,2026-04-17,Completed,31.77,Google Pay
ORD007655,CUST01784,2026-01-03,Processing,36.64,Google Pay
ORD007656,CUST00868,2026-04-14,Processing,6.63,Debit Card
ORD007657,CUST01489,2026-07-17,Shipped,61.37,Debit Card
ORD007658,CUST00468,2026-04-05,Shipped,44.63,PayPal
ORD007659,CUST04973,2026-05-13,Completed,51.47,Credit Card
ORD007660,CUST03922,2026-06-03,Cancelled,40.92,Debit Card
ORD007661,CUST01418,2026-04-02,Completed,62.28,Google Pay
ORD007662,CUST01777,2026-01-15,Shipped,157.2,PayPal
ORD007663,CUST01082,2026-07-20,Processing,95.27,Credit Card
ORD007664,CUST04937,2026-07-02,Completed,32.71,PayPal
ORD007665,CUST02926,2026-05-30,Processing,169.1,Google Pay
ORD007666,CUST04085,2026-02-06,Completed,337.01,PayPal
ORD007667,CUST04062,2026-08-01,Completed,58.87,Apple Pay
ORD007668,CUST01012,2026-06-06,Shipped,56.26,Google Pay
ORD007669,CUST00814,2026-06-03,Cancelled,107.85,Credit Card
ORD007670,CUST03947,2026-03-11,Completed,95.61,PayPal
ORD007671,CUST02317,2026-05-19,Shipped,44.9,Google Pay
ORD007672,CUST02144,2026-04-10,Cancelled,42.31,Google Pay
ORD007673,CUST00273,2026-05-28,Cancelled,44.27,Credit Card
ORD007674,CUST03645,2026-03-25,Cancelled,145.41,Google Pay
ORD007675,CUST01717,2026-04-01,Processing,47.24,Credit Card
ORD007676,CUST02976,2026-07-17,Processing,60.25,Google Pay
ORD007677,CUST04101,2026-02-02,Completed,120.77,PayPal
ORD007678,CUST00357,2026-05-01,Processing,146.37,Credit Card
ORD007679,CUST00204,2026-01-30,Completed,32.01,Credit Card
ORD007680,CUST03746,2026-06-27,Completed,25.47,Google Pay
ORD007681,CUST01597,2026-02-03,Completed,76.46,Apple Pay
ORD007682,CUST00497,2026-05-13,Completed,64.6,Credit Card
ORD007683,CUST04798,2026-07-27,Completed,102.88,Apple Pay
ORD007684,CUST04933,2026-05-20,Completed,22.1,Debit Card
ORD007685,CUST00063,2026-03-17,Shipped,47.82,PayPal
ORD007686,CUST01580,2026-03-16,Cancelled,70.01,Apple Pay
ORD007687,CUST04335,2026-02-21,Shipped,30.45,PayPal
ORD007688,CUST00540,2026-02-20,Completed,85.2,Credit Card
ORD007689,CUST04294,2026-05-29,Completed,140.35,PayPal
ORD007690,CUST04877,2026-07-18,Completed,30.83,Apple Pay
ORD007691,CUST04126,2026-02-27,Completed,105.33,Credit Card
ORD007692,CUST02714,2026-04-08,Cancelled,55.74,Apple Pay
ORD007693,CUST01081,2026-05-05,Completed,39.34,Credit Card
ORD007694,CUST01856,2026-07-11,Completed,43.82,Apple Pay
ORD007695,CUST03505,2026-04-03,Completed,114.5,Credit Card
ORD007696,CUST03380,2026-05-14,Cancelled,44.86,Apple Pay
ORD007697,CUST01599,2026-08-14,Completed,46.11,Debit Card
ORD007698,CUST01629,2026-06-26,Shipped,123.37,Apple Pay
ORD007699,CUST03179,2026-07-19,Shipped,105.36,Apple Pay
ORD007700,CUST02648,2026-02-06,Completed,43.75,Debit Card
ORD007701,CUST03373,2026-05-18,Completed,221.17,PayPal
ORD007702,CUST01070,2026-07-27,Processing,111.81,Credit Card
ORD007703,CUST02777,2026-07-13,Cancelled,177.69,Apple Pay
ORD007704,CUST01193,2026-02-25,Shipped,208.68,PayPal
ORD007705,CUST00814,2026-03-24,Completed,40.51,Google Pay
ORD007706,CUST01153,2026-03-12,Completed,37.51,PayPal
ORD007707,CUST02756,2026-03-07,Processing,16.91,Google Pay
ORD007708,CUST01884,2026-02-14,Cancelled,169.53,Credit Card
ORD007709,CUST00268,2026-03-28,Completed,19.12,Google Pay
ORD007710,CUST03672,2026-04-05,Shipped,73.14,Debit Card
ORD007711,CUST02813,2026-07-15,Completed,27.01,Debit Card
ORD007712,CUST04681,2026-07-11,Cancelled,55.62,PayPal
ORD007713,CUST04086,2026-05-24,Completed,59.69,Debit Card
ORD007714,CUST00384,2026-01-10,Shipped,212.24,Debit Card
ORD007715,CUST03957,2026-05-29,Completed,94.66,PayPal
ORD007716,CUST02851,2026-08-08,Cancelled,471.31,Apple Pay
ORD007717,CUST04526,2026-05-20,Processing,69.71,Credit Card
ORD007718,CUST03412,2026-01-13,Completed,74.47,Google Pay
ORD007719,CUST01050,2026-03-22,Completed,28.16,PayPal
ORD007720,CUST01834,2026-07-29,Completed,37.6,Debit Card
ORD007721,CUST00798,2026-04-27,Processing,22.02,Google Pay
ORD007722,CUST04468,2026-05-18,Processing,58.34,Apple Pay
ORD007723,CUST02976,2026-05-02,Shipped,34.86,Credit Card
ORD007724,CUST01291,2026-08-08,Processing,45.57,Credit Card
ORD007725,CUST02188,2026-05-21,Completed,24.56,Debit Card
ORD007726,CUST00067,2026-06-11,Cancelled,34.79,Apple Pay
ORD007727,CUST01393,2026-02-28,Completed,61.37,Credit Card
ORD007728,CUST03992,2026-05-08,Processing,15.02,Google Pay
ORD007729,CUST03022,2026-02-18,Processing,215.37,Google Pay
ORD007730,CUST01702,2026-01-06,Shipped,156.23,Debit Card
ORD007731,CUST00579,2026-01-12,Completed,306.7,Apple Pay
ORD007732,CUST01606,2026-01-29,Processing,30.31,Google Pay
ORD007733,CUST04044,2026-03-18,Completed,42.61,Credit Card
ORD007734,CUST01979,2026-05-04,Completed,256.46,Google Pay
ORD007735,CUST04506,2026-01-26,Completed,207.8,Credit Card
ORD007736,CUST02881,2026-03-09,Processing,43.54,Apple Pay
ORD007737,CUST02671,2026-07-26,Completed,26.68,Debit Card
ORD007738,CUST03717,2026-01-16,Completed,221.84,Debit Card
ORD007739,CUST04936,2026-02-22,Processing,36.64,Debit Card
ORD007740,CUST04285,2026-05-27,Shipped,95.0,PayPal
ORD007741,CUST04373,2026-06-24,Cancelled,92.01,Debit Card
ORD007742,CUST02155,2026-08-06,Processing,48.29,Debit Card
ORD007743,CUST02805,2026-06-09,Processing,24.72,Credit Card
ORD007744,CUST02221,2026-03-11,Cancelled,128.82,Apple Pay
ORD007745,CUST03990,2026-07-17,Shipped,23.64,Apple Pay
ORD007746,CUST00999,2026-07-08,Shipped,21.1,Google Pay
ORD007747,CUST00722,2026-01-05,Completed,62.43,Debit Card
ORD007748,CUST01215,2026-07-06,Completed,23.23,Apple Pay
ORD007749,CUST01694,2026-05-10,Completed,77.88,Apple Pay
ORD007750,CUST03395,2026-05-10,Shipped,173.83,Apple Pay
ORD007751,CUST04026,2026-01-03,Completed,125.56,Apple Pay
ORD007752,CUST03580,2026-07-17,Processing,199.94,Credit Card
ORD007753,CUST02804,2026-04-05,Completed,105.29,Debit Card
ORD007754,CUST02231,2026-02-12,Completed,48.71,Apple Pay
ORD007755,CUST04813,2026-05-13,Processing,23.83,Credit Card
ORD007756,CUST00459,2026-06-27,Cancelled,26.76,PayPal
ORD007757,CUST01702,2026-01-10,Cancelled,98.89,Google Pay
ORD007758,CUST00627,2026-06-04,Cancelled,101.23,Credit Card
ORD007759,CUST02457,2026-01-24,Completed,36.83,Google Pay
ORD007760,CUST00207,2026-01-22,Cancelled,52.66,Google Pay
ORD007761,CUST03317,2026-03-30,Completed,96.5,PayPal
ORD007762,CUST01357,2026-01-03,Completed,44.05,PayPal
ORD007763,CUST04769,2026-05-24,Cancelled,212.71,PayPal
ORD007764,CUST03597,2026-06-07,Processing,74.44,Credit Card
ORD007765,CUST01940,2026-04-22,Completed,101.53,PayPal
ORD007766,CUST02796,2026-06-20,Completed,57.07,Apple Pay
ORD007767,CUST04369,2026-01-04,Cancelled,80.99,Credit Card
ORD007768,CUST02674,2026-04-17,Shipped,20.95,Debit Card
ORD007769,CUST01050,2026-02-09,Completed,58.88,PayPal
ORD007770,CUST02592,2026-01-16,Processing,35.25,Credit Card
ORD007771,CUST03790,2026-04-15,Completed,350.19,PayPal
ORD007772,CUST04005,2026-03-13,Completed,67.73,Google Pay
ORD007773,CUST00091,2026-03-29,Cancelled,53.02,Apple Pay
ORD007774,CUST00476,2026-01-16,Processing,79.49,Google Pay
ORD007775,CUST02047,2026-04-28,Completed,75.6,PayPal
ORD007776,CUST04822,2026-04-01,Cancelled,60.42,Credit Card
ORD007777,CUST03691,2026-07-13,Completed,96.46,Apple Pay
ORD007778,CUST04026,2026-07-02,Completed,90.61,Google Pay
ORD007779,CUST03267,2026-01-20,Completed,63.92,Apple Pay
ORD007780,CUST04630,2026-06-28,Cancelled,174.42,Apple Pay
ORD007781,CUST02746,2026-07-31,Completed,19.82,PayPal
ORD007782,CUST00085,2026-03-25,Shipped,44.78,Apple Pay
ORD007783,CUST02640,2026-03-24,Cancelled,45.74,Debit Card
ORD007784,CUST04937,2026-07-04,Cancelled,59.17,Debit Card
ORD007785,CUST00077,2026-05-06,Shipped,49.44,Google Pay
ORD007786,CUST02431,2026-02-20,Completed,41.37,Google Pay
ORD007787,CUST03505,2026-01-18,Processing,143.71,Credit Card
ORD007788,CUST02425,2026-07-24,Completed,30.09,PayPal
ORD007789,CUST02222,2026-03-22,Shipped,83.86,Google Pay
ORD007790,CUST00406,2026-07-06,Completed,41.87,Credit Card
ORD007791,CUST02130,2026-04-07,Processing,78.74,Google Pay
ORD007792,CUST04117,2026-04-27,Processing,151.41,Credit Card
ORD007793,CUST00398,2026-05-04,Completed,6.52,PayPal
ORD007794,CUST01801,2026-01-28,Completed,33.77,PayPal
ORD007795,CUST03474,2026-07-16,Shipped,33.86,Google Pay
ORD007796,CUST01809,2026-06-05,Completed,53.97,Debit Card
ORD007797,CUST04990,2026-03-30,Completed,114.56,Apple Pay
ORD007798,CUST03927,2026-07-31,Cancelled,219.05,Google Pay
ORD007799,CUST01945,2026-08-01,Processing,113.27,Credit Card
ORD007800,CUST00438,2026-05-21,Shipped,54.6,PayPal
ORD007801,CUST00223,2026-01-06,Cancelled,42.07,Google Pay
ORD007802,CUST01611,2026-06-06,Completed,174.41,PayPal
ORD007803,CUST01961,2026-04-16,Processing,21.29,Google Pay
ORD007804,CUST04605,2026-04-29,Processing,79.57,PayPal
ORD007805,CUST04001,2026-05-17,Cancelled,139.57,Debit Card
ORD007806,CUST02665,2026-01-29,Completed,48.94,Credit Card
ORD007807,CUST01066,2026-06-15,Completed,75.23,Google Pay
ORD007808,CUST01277,2026-03-06,Shipped,23.59,PayPal
ORD007809,CUST00604,2026-02-25,Completed,85.39,Google Pay
ORD007810,CUST00189,2026-01-30,Processing,63.12,Credit Card
ORD007811,CUST00676,2026-04-24,Completed,88.31,Google Pay
ORD007812,CUST00638,2026-04-06,Completed,44.18,Apple Pay
ORD007813,CUST01997,2026-05-01,Processing,27.71,PayPal
ORD007814,CUST01845,2026-07-06,Completed,130.62,Credit Card
ORD007815,CUST00047,2026-08-03,Processing,132.75,Debit Card
ORD007816,CUST00820,2026-02-27,Cancelled,89.63,Apple Pay
ORD007817,CUST03808,2026-05-18,Completed,79.53,Google Pay
ORD007818,CUST03023,2026-05-29,Shipped,11.18,Google Pay
ORD007819,CUST01081,2026-07-03,Processing,140.38,Apple Pay
ORD007820,CUST03147,2026-01-26,Shipped,84.0,Debit Card
ORD007821,CUST01278,2026-01-15,Completed,146.41,Debit Card
ORD007822,CUST03735,2026-07-28,Completed,26.34,Google Pay
ORD007823,CUST02218,2026-06-12,Cancelled,95.52,Google Pay
ORD007824,CUST02887,2026-03-30,Shipped,91.37,Debit Card
ORD007825,CUST00796,2026-01-15,Shipped,5.49,Debit Card
ORD007826,CUST03329,2026-04-07,Processing,56.36,Debit Card
ORD007827,CUST03007,2026-03-16,Completed,60.11,Google Pay
ORD007828,CUST03185,2026-03-29,Shipped,30.63,PayPal
ORD007829,CUST02390,2026-01-06,Completed,84.11,Apple Pay
ORD007830,CUST04144,2026-06-05,Processing,70.77,Debit Card
ORD007831,CUST03859,2026-03-04,Processing,38.31,Google Pay
ORD007832,CUST01219,2026-01-29,Completed,41.57,Credit Card
ORD007833,CUST01761,2026-02-17,Completed,18.77,Google Pay
ORD007834,CUST00725,2026-07-10,Shipped,82.32,PayPal
ORD007835,CUST01345,2026-07-05,Shipped,75.18,PayPal
ORD007836,CUST00138,2026-05-29,Completed,55.19,Debit Card
ORD007837,CUST04451,2026-07-23,Completed,49.65,Apple Pay
ORD007838,CUST04907,2026-01-22,Completed,101.5,Google Pay
ORD007839,CUST03555,2026-01-27,Completed,67.07,Apple Pay
ORD007840,CUST02760,2026-03-26,Processing,107.27,Credit Card
ORD007841,CUST00059,2026-03-20,Shipped,69.73,Apple Pay
ORD007842,CUST00771,2026-07-04,Completed,115.25,Apple Pay
ORD007843,CUST00389,2026-07-29,Processing,109.95,Debit Card
ORD007844,CUST03925,2026-05-18,Processing,117.73,Credit Card
ORD007845,CUST03423,2026-01-22,Shipped,39.46,PayPal
ORD007846,CUST04435,2026-06-21,Completed,96.97,Apple Pay
ORD007847,CUST04853,2026-03-25,Cancelled,60.45,Credit Card
ORD007848,CUST00596,2026-03-24,Shipped,55.13,Credit Card
ORD007849,CUST00436,2026-06-05,Completed,43.27,PayPal
ORD007850,CUST01474,2026-02-19,Shipped,76.36,Debit Card
ORD007851,CUST04473,2026-06-28,Processing,15.46,Credit Card
ORD007852,CUST01983,2026-05-09,Cancelled,76.75,PayPal
ORD007853,CUST02439,2026-06-11,Completed,76.57,Google Pay
ORD007854,CUST02869,2026-06-12,Processing,127.49,Credit Card
ORD007855,CUST04210,2026-08-06,Processing,66.27,Google Pay
ORD007856,CUST03818,2026-03-02,Completed,157.95,Google Pay
ORD007857,CUST00774,2026-01-30,Processing,45.85,Credit Card
ORD007858,CUST01927,2026-03-17,Processing,42.2,PayPal
ORD007859,CUST02220,2026-07-25,Processing,184.59,Google Pay
ORD007860,CUST00018,2026-07-15,Cancelled,40.38,Debit Card
ORD007861,CUST04331,2026-07-23,Completed,12.77,Apple Pay
ORD007862,CUST03967,2026-08-04,Completed,186.57,Google Pay
ORD007863,CUST01693,2026-06-17,Cancelled,197.49,Google Pay
ORD007864,CUST02771,2026-08-11,Cancelled,54.04,Apple Pay
ORD007865,CUST04377,2026-07-12,Completed,57.79,PayPal
ORD007866,CUST04927,2026-02-06,Completed,42.5,Debit Card
ORD007867,CUST03268,2026-07-11,Completed,224.5,Debit Card
ORD007868,CUST01139,2026-05-09,Cancelled,177.11,Google Pay
ORD007869,CUST01696,2026-05-23,Cancelled,41.26,Credit Card
ORD007870,CUST01587,2026-01-13,Completed,66.76,Credit Card
ORD007871,CUST04514,2026-06-06,Completed,212.56,Google Pay
ORD007872,CUST02332,2026-07-02,Completed,255.58,Credit Card
ORD007873,CUST04681,2026-02-14,Shipped,81.13,Debit Card
ORD007874,CUST02670,2026-01-04,Shipped,90.37,Debit Card
ORD007875,CUST02269,2026-07-11,Cancelled,62.79,Apple Pay
ORD007876,CUST02057,2026-01-15,Cancelled,43.24,Debit Card
ORD007877,CUST04928,2026-04-14,Processing,100.35,PayPal
ORD007878,CUST02423,2026-06-25,Completed,202.76,Debit Card
ORD007879,CUST04630,2026-07-23,Completed,35.73,Google Pay
ORD007880,CUST03487,2026-07-03,Processing,76.79,Credit Card
ORD007881,CUST02750,2026-08-05,Completed,74.46,Credit Card
ORD007882,CUST04042,2026-04-01,Cancelled,26.04,Debit Card
ORD007883,CUST02825,2026-07-17,Shipped,68.16,Debit Card
ORD007884,CUST01406,2026-08-03,Completed,59.4,Credit Card
ORD007885,CUST01887,2026-05-23,Completed,49.29,Credit Card
ORD007886,CUST02988,2026-02-08,Completed,177.49,Debit Card
ORD007887,CUST03576,2026-07-16,Processing,50.13,PayPal
ORD007888,CUST04543,2026-08-03,Processing,35.55,PayPal
ORD007889,CUST02728,2026-03-20,Completed,108.01,Credit Card
ORD007890,CUST04721,2026-08-05,Completed,81.77,Apple Pay
ORD007891,CUST01864,2026-03-01,Processing,70.84,PayPal
ORD007892,CUST02354,2026-04-04,Completed,109.55,Google Pay
ORD007893,CUST02897,2026-06-21,Shipped,61.14,Credit Card
ORD007894,CUST04828,2026-02-12,Processing,53.77,PayPal
ORD007895,CUST02502,2026-05-12,Cancelled,39.31,Debit Card
ORD007896,CUST00938,2026-03-18,Completed,121.37,Apple Pay
ORD007897,CUST02081,2026-06-27,Processing,181.09,Debit Card
ORD007898,CUST01756,2026-02-08,Shipped,341.37,Debit Card
ORD007899,CUST03391,2026-02-23,Completed,107.07,Apple Pay
ORD007900,CUST01217,2026-05-31,Completed,230.8,Credit Card
ORD007901,CUST01204,2026-07-07,Cancelled,42.53,Debit Card
ORD007902,CUST01891,2026-07-27,Completed,35.92,Credit Card
ORD007903,CUST03032,2026-06-12,Processing,29.02,Credit Card
ORD007904,CUST00391,2026-02-23,Completed,67.2,Credit Card
ORD007905,CUST02512,2026-07-05,Completed,52.48,Debit Card
ORD007906,CUST02978,2026-03-03,Completed,217.21,Credit Card
ORD007907,CUST03747,2026-07-27,Processing,50.27,Debit Card
ORD007908,CUST00099,2026-06-25,Completed,53.25,Credit Card
ORD007909,CUST02196,2026-05-15,Completed,119.05,Google Pay
ORD007910,CUST04666,2026-06-22,Shipped,144.44,Debit Card
ORD007911,CUST04823,2026-01-13,Completed,96.58,Google Pay
ORD007912,CUST01002,2026-06-30,Processing,114.32,Credit Card
ORD007913,CUST01571,2026-04-25,Shipped,115.68,Debit Card
ORD007914,CUST04399,2026-08-09,Completed,265.11,Apple Pay
ORD007915,CUST03630,2026-02-08,Shipped,18.11,Google Pay
ORD007916,CUST01064,2026-03-25,Shipped,42.67,PayPal
ORD007917,CUST00639,2026-08-09,Completed,195.84,PayPal
ORD007918,CUST02743,2026-05-26,Processing,63.02,Apple Pay
ORD007919,CUST01143,2026-05-30,Completed,111.48,Apple Pay
ORD007920,CUST02121,2026-06-13,Shipped,11.79,PayPal
ORD007921,CUST00552,2026-04-15,Completed,39.01,Debit Card
ORD007922,CUST03276,2026-06-30,Completed,17.92,Credit Card
ORD007923,CUST00977,2026-04-22,Completed,39.91,Debit Card
ORD007924,CUST04192,2026-03-13,Shipped,50.35,PayPal
ORD007925,CUST03351,2026-01-03,Completed,78.31,Google Pay
ORD007926,CUST03215,2026-07-09,Completed,159.62,Google Pay
ORD007927,CUST03548,2026-06-06,Shipped,105.55,Credit Card
ORD007928,CUST02932,2026-03-14,Cancelled,98.62,Credit Card
ORD007929,CUST04070,2026-01-08,Cancelled,45.82,PayPal
ORD007930,CUST03986,2026-08-10,Completed,27.49,PayPal
ORD007931,CUST04142,2026-03-17,Completed,57.09,Credit Card
ORD007932,CUST00346,2026-06-23,Completed,34.97,Google Pay
ORD007933,CUST04943,2026-04-02,Shipped,32.59,Apple Pay
ORD007934,CUST02943,2026-07-03,Completed,22.83,Apple Pay
ORD007935,CUST01077,2026-04-16,Completed,64.63,Apple Pay
ORD007936,CUST01172,2026-02-18,Completed,69.06,Google Pay
ORD007937,CUST03771,2026-02-12,Shipped,145.85,Debit Card
ORD007938,CUST03162,2026-05-18,Cancelled,149.75,Debit Card
ORD007939,CUST00233,2026-05-21,Completed,96.64,Google Pay
ORD007940,CUST03799,2026-07-04,Shipped,450.16,Debit Card
ORD007941,CUST04147,2026-01-02,Completed,40.21,Apple Pay
ORD007942,CUST04761,2026-03-06,Shipped,48.58,Google Pay
ORD007943,CUST03908,2026-03-27,Cancelled,53.29,Credit Card
ORD007944,CUST03700,2026-04-07,Completed,51.3,Google Pay
ORD007945,CUST00451,2026-07-27,Completed,19.75,PayPal
ORD007946,CUST01363,2026-06-19,Completed,40.76,Apple Pay
ORD007947,CUST00351,2026-07-05,Completed,82.75,Apple Pay
ORD007948,CUST02697,2026-08-09,Completed,135.68,PayPal
ORD007949,CUST01309,2026-01-10,Cancelled,25.34,Apple Pay
ORD007950,CUST04005,2026-03-04,Shipped,27.29,PayPal
ORD007951,CUST02926,2026-04-13,Completed,31.52,PayPal
ORD007952,CUST04679,2026-07-18,Cancelled,86.68,Apple Pay
ORD007953,CUST00245,2026-03-02,Completed,32.41,Google Pay
ORD007954,CUST04646,2026-01-01,Cancelled,23.79,PayPal
ORD007955,CUST04824,2026-06-03,Cancelled,23.36,Credit Card
ORD007956,CUST04735,2026-01-05,Cancelled,52.51,PayPal
ORD007957,CUST04680,2026-02-04,Processing,62.47,Credit Card
ORD007958,CUST02274,2026-05-05,Cancelled,110.8,Google Pay
ORD007959,CUST00441,2026-05-21,Completed,101.2,PayPal
ORD007960,CUST03546,2026-01-27,Cancelled,132.84,PayPal
ORD007961,CUST01468,2026-05-20,Shipped,61.79,PayPal
ORD007962,CUST00412,2026-04-04,Completed,34.37,Credit Card
ORD007963,CUST00814,2026-02-19,Completed,76.28,Google Pay
ORD007964,CUST04342,2026-08-12,Cancelled,24.99,Apple Pay
ORD007965,CUST04679,2026-07-06,Cancelled,87.6,Debit Card
ORD007966,CUST01731,2026-06-08,Shipped,81.94,PayPal
ORD007967,CUST01975,2026-03-10,Completed,147.78,PayPal
ORD007968,CUST00550,2026-06-14,Processing,122.8,PayPal
ORD007969,CUST01938,2026-01-02,Processing,90.99,Apple Pay
ORD007970,CUST00204,2026-04-12,Completed,18.64,Google Pay
ORD007971,CUST04447,2026-07-18,Processing,45.96,Credit Card
ORD007972,CUST04415,2026-07-12,Shipped,97.59,Apple Pay
ORD007973,CUST03589,2026-01-03,Processing,175.21,Google Pay
ORD007974,CUST02537,2026-05-28,Shipped,101.09,Debit Card
ORD007975,CUST00107,2026-05-10,Completed,24.63,Google Pay
ORD007976,CUST03812,2026-02-11,Completed,201.82,Google Pay
ORD007977,CUST02702,2026-02-12,Cancelled,66.73,Credit Card
ORD007978,CUST03898,2026-01-21,Cancelled,89.88,Google Pay
ORD007979,CUST02220,2026-02-14,Cancelled,95.39,Google Pay
ORD007980,CUST03937,2026-08-12,Completed,39.95,PayPal
ORD007981,CUST04091,2026-01-20,Cancelled,35.12,Credit Card
ORD007982,CUST00958,2026-06-20,Processing,74.89,Google Pay
ORD007983,CUST02576,2026-06-27,Cancelled,35.48,Google Pay
ORD007984,CUST02368,2026-08-11,Cancelled,42.75,PayPal
ORD007985,CUST01061,2026-02-12,Completed,50.05,Credit Card
ORD007986,CUST02547,2026-08-13,Processing,17.48,Debit Card
ORD007987,CUST03737,2026-01-24,Cancelled,100.68,Credit Card
ORD007988,CUST03767,2026-03-23,Completed,146.41,Apple Pay
ORD007989,CUST01673,2026-03-25,Processing,92.46,Google Pay
ORD007990,CUST00402,2026-03-01,Shipped,15.52,Apple Pay
ORD007991,CUST00602,2026-02-01,Shipped,83.26,Apple Pay
ORD007992,CUST03000,2026-05-02,Cancelled,136.54,Debit Card
ORD007993,CUST04314,2026-01-05,Cancelled,45.43,Google Pay
ORD007994,CUST04282,2026-05-10,Completed,77.68,Credit Card
ORD007995,CUST03453,2026-06-03,Completed,92.73,PayPal
ORD007996,CUST03635,2026-01-25,Completed,34.85,Google Pay
ORD007997,CUST00288,2026-06-27,Completed,34.02,Apple Pay
ORD007998,CUST00088,2026-03-27,Completed,15.49,Apple Pay
ORD007999,CUST02206,2026-06-16,Completed,41.85,Google Pay
ORD008000,CUST02968,2026-03-27,Completed,33.28,Debit Card
ORD008001,CUST04251,2026-03-16,Completed,51.24,Credit Card
ORD008002,CUST03535,2026-01-11,Cancelled,116.67,PayPal
ORD008003,CUST00220,2026-07-10,Processing,107.15,Debit Card
ORD008004,CUST01483,2026-03-09,Cancelled,27.17,Credit Card
ORD008005,CUST03239,2026-04-07,Completed,49.0,Google Pay
ORD008006,CUST00322,2026-05-26,Shipped,66.19,Debit Card
ORD008007,CUST02739,2026-08-11,Cancelled,9.99,PayPal
ORD008008,CUST04937,2026-04-18,Processing,58.15,Credit Card
ORD008009,CUST01837,2026-05-02,Cancelled,51.13,Google Pay
ORD008010,CUST02560,2026-06-05,Cancelled,51.23,Credit Card
ORD008011,CUST01569,2026-02-11,Completed,76.05,PayPal
ORD008012,CUST02323,2026-03-01,Shipped,27.41,Google Pay
ORD008013,CUST04721,2026-05-30,Completed,85.52,Apple Pay
ORD008014,CUST02964,2026-06-17,Completed,68.79,Apple Pay
ORD008015,CUST00353,2026-03-03,Processing,172.31,Debit Card
ORD008016,CUST01029,2026-05-11,Cancelled,60.86,Google Pay
ORD008017,CUST04571,2026-03-12,Completed,162.27,Google Pay
ORD008018,CUST02010,2026-07-10,Cancelled,174.04,Debit Card
ORD008019,CUST00928,2026-05-01,Completed,78.51,Credit Card
ORD008020,CUST00030,2026-01-20,Completed,56.81,Debit Card
ORD008021,CUST02541,2026-07-18,Shipped,37.35,Google Pay
ORD008022,CUST03820,2026-03-12,Processing,74.19,Apple Pay
ORD008023,CUST00495,2026-08-09,Processing,213.22,Credit Card
ORD008024,CUST04484,2026-06-03,Cancelled,74.96,Google Pay
ORD008025,CUST00873,2026-06-18,Shipped,78.12,PayPal
ORD008026,CUST00835,2026-05-11,Processing,178.86,Apple Pay
ORD008027,CUST03325,2026-06-20,Completed,219.22,Apple Pay
ORD008028,CUST00630,2026-05-25,Completed,60.57,Debit Card
ORD008029,CUST02987,2026-03-25,Cancelled,81.68,Google Pay
ORD008030,CUST00030,2026-04-08,Completed,33.27,Google Pay
ORD008031,CUST03783,2026-06-30,Processing,71.31,Debit Card
ORD008032,CUST00807,2026-06-29,Completed,88.52,Google Pay
ORD008033,CUST01969,2026-06-10,Completed,60.69,Google Pay
ORD008034,CUST03469,2026-07-27,Completed,38.97,Apple Pay
ORD008035,CUST03581,2026-03-01,Shipped,34.68,Credit Card
ORD008036,CUST01961,2026-08-03,Completed,117.32,PayPal
ORD008037,CUST04340,2026-03-09,Cancelled,82.54,PayPal
ORD008038,CUST00221,2026-07-03,Completed,64.05,Credit Card
ORD008039,CUST01344,2026-04-15,Cancelled,23.88,PayPal
ORD008040,CUST04627,2026-07-11,Shipped,58.88,Credit Card
ORD008041,CUST02263,2026-08-13,Completed,47.66,Google Pay
ORD008042,CUST02415,2026-05-16,Completed,22.83,Debit Card
ORD008043,CUST02162,2026-07-16,Processing,121.95,Google Pay
ORD008044,CUST04121,2026-06-10,Shipped,102.36,Debit Card
ORD008045,CUST02982,2026-06-02,Completed,69.03,Credit Card
ORD008046,CUST00858,2026-07-18,Completed,20.98,Google Pay
ORD008047,CUST04994,2026-04-21,Completed,113.41,Credit Card
ORD008048,CUST00773,2026-05-15,Shipped,69.9,Apple Pay
ORD008049,CUST02493,2026-02-28,Completed,67.49,Credit Card
ORD008050,CUST00020,2026-02-02,Completed,68.91,Google Pay
ORD008051,CUST00806,2026-02-10,Completed,35.84,Debit Card
ORD008052,CUST01381,2026-06-10,Completed,61.56,Apple Pay
ORD008053,CUST02176,2026-01-29,Completed,131.91,Google Pay
ORD008054,CUST02406,2026-06-16,Processing,20.83,Google Pay
ORD008055,CUST03364,2026-07-04,Completed,121.25,Google Pay
ORD008056,CUST03427,2026-04-15,Shipped,79.45,Apple Pay
ORD008057,CUST00881,2026-08-12,Completed,92.21,Google Pay
ORD008058,CUST03109,2026-04-11,Processing,53.67,Debit Card
ORD008059,CUST01334,2026-08-09,Completed,54.26,Google Pay
ORD008060,CUST01685,2026-03-05,Completed,24.26,PayPal
ORD008061,CUST02965,2026-03-27,Completed,47.49,Credit Card
ORD008062,CUST01606,2026-03-07,Completed,75.44,PayPal
ORD008063,CUST02558,2026-04-24,Completed,172.05,Debit Card
ORD008064,CUST00444,2026-05-02,Completed,72.42,Debit Card
ORD008065,CUST02043,2026-01-09,Shipped,23.5,Credit Card
ORD008066,CUST00779,2026-01-29,Processing,58.68,Debit Card
ORD008067,CUST03160,2026-04-07,Completed,40.11,Debit Card
ORD008068,CUST01747,2026-03-15,Completed,57.73,Google Pay
ORD008069,CUST03941,2026-05-04,Completed,64.86,Credit Card
ORD008070,CUST00421,2026-06-05,Completed,241.46,PayPal
ORD008071,CUST01852,2026-04-20,Cancelled,78.88,Google Pay
ORD008072,CUST02109,2026-02-22,Processing,78.34,Google Pay
ORD008073,CUST04675,2026-06-23,Shipped,83.61,PayPal
ORD008074,CUST03997,2026-06-16,Shipped,39.87,Debit Card
ORD008075,CUST01359,2026-03-17,Cancelled,174.65,Apple Pay
ORD008076,CUST03911,2026-02-27,Completed,79.05,Apple Pay
ORD008077,CUST02627,2026-08-02,Shipped,51.08,Debit Card
ORD008078,CUST02688,2026-07-01,Completed,92.09,Google Pay
ORD008079,CUST04207,2026-05-14,Processing,161.4,PayPal
ORD008080,CUST00491,2026-02-14,Cancelled,76.91,Apple Pay
ORD008081,CUST01296,2026-06-17,Completed,60.87,Google Pay
ORD008082,CUST02082,2026-05-31,Completed,62.66,Apple Pay
ORD008083,CUST03372,2026-04-27,Processing,101.74,PayPal
ORD008084,CUST02173,2026-05-02,Cancelled,84.24,Google Pay
ORD008085,CUST03175,2026-08-14,Completed,71.67,Credit Card
ORD008086,CUST04065,2026-06-19,Completed,53.83,Google Pay
ORD008087,CUST03754,2026-06-15,Completed,74.98,Credit Card
ORD008088,CUST04990,2026-05-24,Processing,22.72,Debit Card
ORD008089,CUST03830,2026-03-15,Shipped,147.43,PayPal
ORD008090,CUST01950,2026-06-24,Completed,64.18,Apple Pay
ORD008091,CUST03381,2026-05-29,Completed,28.91,Debit Card
ORD008092,CUST00412,2026-03-15,Processing,48.95,Debit Card
ORD008093,CUST01423,2026-07-22,Shipped,105.76,Google Pay
ORD008094,CUST02982,2026-05-29,Processing,179.17,Google Pay
ORD008095,CUST01677,2026-01-25,Completed,87.36,Credit Card
ORD008096,CUST01647,2026-05-04,Completed,96.35,Credit Card
ORD008097,CUST02712,2026-03-02,Completed,46.98,Debit Card
ORD008098,CUST03960,2026-04-08,Completed,234.48,Debit Card
ORD008099,CUST01240,2026-02-23,Cancelled,53.82,Google Pay
ORD008100,CUST00603,2026-08-11,Cancelled,64.01,Google Pay
ORD008101,CUST01938,2026-08-07,Completed,64.89,Apple Pay
ORD008102,CUST00026,2026-08-05,Shipped,188.56,PayPal
ORD008103,CUST04680,2026-03-01,Completed,78.42,Apple Pay
ORD008104,CUST01068,2026-06-19,Completed,110.29,PayPal
ORD008105,CUST00380,2026-07-08,Processing,42.19,Debit Card
ORD008106,CUST01285,2026-02-01,Processing,83.51,Google Pay
ORD008107,CUST04465,2026-02-22,Completed,42.87,Apple Pay
ORD008108,CUST03183,2026-06-21,Completed,40.98,PayPal
ORD008109,CUST03748,2026-05-19,Processing,96.86,Credit Card
ORD008110,CUST02257,2026-04-28,Shipped,49.65,PayPal
ORD008111,CUST03928,2026-02-16,Processing,39.08,PayPal
ORD008112,CUST04121,2026-03-31,Completed,145.49,Google Pay
ORD008113,CUST00546,2026-03-01,Completed,34.82,Apple Pay
ORD008114,CUST00275,2026-02-05,Completed,233.4,Debit Card
ORD008115,CUST03442,2026-07-07,Cancelled,127.11,Apple Pay
ORD008116,CUST02270,2026-06-10,Completed,202.76,Debit Card
ORD008117,CUST03109,2026-08-13,Shipped,37.4,Credit Card
ORD008118,CUST02923,2026-02-11,Completed,98.62,Google Pay
ORD008119,CUST03388,2026-01-13,Processing,70.55,PayPal
ORD008120,CUST01871,2026-05-22,Completed,116.32,Apple Pay
ORD008121,CUST04014,2026-07-05,Completed,41.12,Apple Pay
ORD008122,CUST00111,2026-04-25,Shipped,130.38,Debit Card
ORD008123,CUST01756,2026-04-11,Shipped,93.6,Apple Pay
ORD008124,CUST04804,2026-05-02,Cancelled,54.13,PayPal
ORD008125,CUST01368,2026-06-17,Processing,20.98,Debit Card
ORD008126,CUST01529,2026-03-06,Cancelled,122.34,PayPal
ORD008127,CUST00552,2026-05-13,Processing,55.21,Debit Card
ORD008128,CUST00134,2026-06-07,Completed,34.27,PayPal
ORD008129,CUST02912,2026-04-27,Completed,43.86,Debit Card
ORD008130,CUST02014,2026-07-29,Processing,94.43,Google Pay
ORD008131,CUST03263,2026-06-22,Shipped,54.43,Apple Pay
ORD008132,CUST01061,2026-04-11,Completed,67.34,PayPal
ORD008133,CUST02508,2026-07-05,Cancelled,73.46,Credit Card
ORD008134,CUST02023,2026-02-08,Completed,30.31,Google Pay
ORD008135,CUST02187,2026-05-20,Shipped,91.12,Google Pay
ORD008136,CUST02666,2026-06-11,Processing,94.47,PayPal
ORD008137,CUST03171,2026-04-19,Shipped,266.22,PayPal
ORD008138,CUST02728,2026-01-14,Processing,96.23,Credit Card
ORD008139,CUST03336,2026-06-15,Shipped,76.98,PayPal
ORD008140,CUST02647,2026-05-24,Shipped,19.11,Credit Card
ORD008141,CUST00596,2026-04-16,Completed,96.61,PayPal
ORD008142,CUST04107,2026-07-08,Processing,220.63,Credit Card
ORD008143,CUST02375,2026-07-06,Completed,41.53,Debit Card
ORD008144,CUST03422,2026-03-16,Completed,21.37,Apple Pay
ORD008145,CUST02279,2026-08-13,Completed,36.85,Apple Pay
ORD008146,CUST01165,2026-03-20,Completed,102.53,PayPal
ORD008147,CUST00618,2026-04-22,Completed,45.94,PayPal
ORD008148,CUST04861,2026-07-21,Completed,35.68,Apple Pay
ORD008149,CUST04145,2026-03-08,Completed,74.08,Apple Pay
ORD008150,CUST00451,2026-05-19,Cancelled,70.65,Credit Card
ORD008151,CUST01799,2026-01-11,Completed,160.12,Credit Card
ORD008152,CUST04587,2026-01-16,Cancelled,44.83,Debit Card
ORD008153,CUST01893,2026-06-15,Completed,65.14,Debit Card
ORD008154,CUST02455,2026-06-07,Cancelled,14.01,Credit Card
ORD008155,CUST02223,2026-06-18,Completed,41.51,Debit Card
ORD008156,CUST03809,2026-01-01,Completed,74.04,Google Pay
ORD008157,CUST01285,2026-05-04,Completed,50.31,Credit Card
ORD008158,CUST02528,2026-02-07,Completed,12.69,Debit Card
ORD008159,CUST01758,2026-04-24,Shipped,93.08,Debit Card
ORD008160,CUST00223,2026-04-08,Shipped,87.11,PayPal
ORD008161,CUST04365,2026-03-01,Processing,31.87,PayPal
ORD008162,CUST00901,2026-01-19,Completed,98.73,PayPal
ORD008163,CUST02366,2026-05-04,Completed,24.62,Apple Pay
ORD008164,CUST04481,2026-08-14,Cancelled,36.25,Apple Pay
ORD008165,CUST01610,2026-07-06,Shipped,160.34,Apple Pay
ORD008166,CUST04722,2026-04-10,Completed,149.89,Credit Card
ORD008167,CUST03291,2026-03-09,Completed,97.36,PayPal
ORD008168,CUST01224,2026-05-18,Shipped,39.28,PayPal
ORD008169,CUST01908,2026-01-17,Completed,82.68,Credit Card
ORD008170,CUST01363,2026-03-21,Cancelled,85.88,Apple Pay
ORD008171,CUST02752,2026-03-26,Shipped,17.83,Debit Card
ORD008172,CUST03970,2026-04-02,Completed,28.83,Google Pay
ORD008173,CUST01269,2026-07-19,Shipped,128.88,PayPal
ORD008174,CUST04938,2026-01-29,Cancelled,9.9,Apple Pay
ORD008175,CUST01232,2026-05-14,Shipped,63.95,Debit Card
ORD008176,CUST04069,2026-08-10,Cancelled,58.34,PayPal
ORD008177,CUST01748,2026-07-13,Completed,34.57,PayPal
ORD008178,CUST02559,2026-04-29,Shipped,60.66,Google Pay
ORD008179,CUST00738,2026-05-02,Shipped,60.15,Apple Pay
ORD008180,CUST04437,2026-04-21,Completed,66.68,Credit Card
ORD008181,CUST02980,2026-07-10,Shipped,54.81,Debit Card
ORD008182,CUST01952,2026-06-08,Completed,89.24,Debit Card
ORD008183,CUST01782,2026-06-02,Completed,101.14,Apple Pay
ORD008184,CUST00530,2026-03-28,Completed,33.11,Debit Card
ORD008185,CUST04130,2026-05-29,Completed,121.07,Credit Card
ORD008186,CUST04419,2026-01-16,Completed,53.34,Debit Card
ORD008187,CUST01205,2026-05-12,Cancelled,14.33,Apple Pay
ORD008188,CUST01987,2026-04-17,Completed,44.0,Credit Card
ORD008189,CUST00347,2026-06-23,Shipped,58.06,Google Pay
ORD008190,CUST01216,2026-01-08,Processing,21.81,Apple Pay
ORD008191,CUST02769,2026-05-14,Processing,55.42,Google Pay
ORD008192,CUST00245,2026-05-05,Completed,47.96,Debit Card
ORD008193,CUST02726,2026-05-08,Completed,76.28,Credit Card
ORD008194,CUST03052,2026-02-22,Processing,44.45,Debit Card
ORD008195,CUST00133,2026-04-29,Processing,55.05,Apple Pay
ORD008196,CUST01371,2026-07-11,Completed,118.78,Google Pay
ORD008197,CUST02097,2026-04-01,Processing,74.57,Google Pay
ORD008198,CUST01088,2026-06-28,Completed,73.74,Debit Card
ORD008199,CUST01648,2026-03-04,Completed,47.65,Apple Pay
ORD008200,CUST01892,2026-08-04,Cancelled,30.22,Debit Card
ORD008201,CUST01721,2026-05-14,Completed,89.27,PayPal
ORD008202,CUST04003,2026-07-09,Completed,29.42,Apple Pay
ORD008203,CUST02261,2026-04-17,Completed,182.4,Apple Pay
ORD008204,CUST00119,2026-06-10,Processing,28.71,Credit Card
ORD008205,CUST02904,2026-01-02,Completed,51.36,PayPal
ORD008206,CUST02809,2026-06-18,Completed,120.81,Google Pay
ORD008207,CUST00895,2026-01-16,Completed,57.24,Debit Card
ORD008208,CUST01266,2026-04-12,Cancelled,79.26,Google Pay
ORD008209,CUST00363,2026-04-29,Cancelled,67.08,Apple Pay
ORD008210,CUST01774,2026-02-28,Cancelled,21.43,Debit Card
ORD008211,CUST00314,2026-01-09,Cancelled,30.58,Google Pay
ORD008212,CUST01707,2026-07-16,Processing,50.25,Debit Card
ORD008213,CUST03466,2026-04-27,Cancelled,56.26,Google Pay
ORD008214,CUST04368,2026-01-10,Cancelled,100.41,Debit Card
ORD008215,CUST01790,2026-04-04,Completed,63.73,Google Pay
ORD008216,CUST02394,2026-01-07,Cancelled,54.67,Google Pay
ORD008217,CUST03611,2026-04-03,Processing,45.85,Debit Card
ORD008218,CUST03695,2026-07-13,Cancelled,106.88,Credit Card
ORD008219,CUST02281,2026-05-28,Completed,37.74,Debit Card
ORD008220,CUST00990,2026-05-03,Cancelled,27.1,Google Pay
ORD008221,CUST03681,2026-03-04,Shipped,53.63,PayPal
ORD008222,CUST02464,2026-01-04,Completed,108.51,Apple Pay
ORD008223,CUST00905,2026-01-28,Cancelled,39.85,Credit Card
ORD008224,CUST03045,2026-03-13,Cancelled,70.13,Debit Card
ORD008225,CUST03398,2026-06-12,Completed,31.35,Apple Pay
ORD008226,CUST03998,2026-05-10,Completed,35.66,Credit Card
ORD008227,CUST04840,2026-06-18,Shipped,165.54,PayPal
ORD008228,CUST00911,2026-06-05,Completed,14.14,Apple Pay
ORD008229,CUST02608,2026-03-16,Cancelled,35.85,Debit Card
ORD008230,CUST01746,2026-03-14,Completed,17.87,PayPal
ORD008231,CUST02124,2026-04-12,Processing,34.66,Debit Card
ORD008232,CUST04343,2026-05-09,Completed,106.61,Apple Pay
ORD008233,CUST01852,2026-06-04,Completed,172.7,Debit Card
ORD008234,CUST04672,2026-03-08,Shipped,25.13,PayPal
ORD008235,CUST03766,2026-06-16,Completed,99.67,PayPal
ORD008236,CUST01616,2026-07-20,Completed,23.86,Apple Pay
ORD008237,CUST02391,2026-06-17,Completed,38.08,Apple Pay
ORD008238,CUST02763,2026-01-28,Completed,72.55,Google Pay
ORD008239,CUST01206,2026-08-01,Completed,17.42,PayPal
ORD008240,CUST04027,2026-04-02,Processing,37.35,Google Pay
ORD008241,CUST02680,2026-06-01,Completed,56.85,Debit Card
ORD008242,CUST02447,2026-03-23,Completed,14.08,Apple Pay
ORD008243,CUST03313,2026-02-20,Shipped,33.77,Credit Card
ORD008244,CUST04388,2026-02-25,Shipped,42.01,Debit Card
ORD008245,CUST02102,2026-03-14,Shipped,36.1,Google Pay
ORD008246,CUST03217,2026-01-26,Shipped,41.61,PayPal
ORD008247,CUST03670,2026-03-29,Shipped,75.56,Apple Pay
ORD008248,CUST03031,2026-02-21,Cancelled,69.57,Apple Pay
ORD008249,CUST02525,2026-05-05,Completed,146.36,Debit Card
ORD008250,CUST04118,2026-01-06,Completed,50.41,Debit Card
ORD008251,CUST03308,2026-07-06,Processing,20.83,Apple Pay
ORD008252,CUST02743,2026-04-27,Shipped,13.69,Google Pay
ORD008253,CUST01962,2026-01-12,Completed,153.29,PayPal
ORD008254,CUST04626,2026-03-04,Completed,57.78,Apple Pay
ORD008255,CUST03622,2026-02-05,Completed,74.44,Apple Pay
ORD008256,CUST00101,2026-01-09,Shipped,106.86,Debit Card
ORD008257,CUST01314,2026-03-15,Completed,69.51,PayPal
ORD008258,CUST03449,2026-03-08,Cancelled,140.39,Apple Pay
ORD008259,CUST03245,2026-01-29,Processing,101.51,Debit Card
ORD008260,CUST01902,2026-03-12,Completed,120.44,Credit Card
ORD008261,CUST04675,2026-03-31,Cancelled,33.97,Apple Pay
ORD008262,CUST01215,2026-01-08,Cancelled,103.46,Credit Card
ORD008263,CUST03627,2026-02-12,Processing,81.33,PayPal
ORD008264,CUST00790,2026-07-24,Shipped,30.71,PayPal
ORD008265,CUST01367,2026-02-04,Completed,183.55,Apple Pay
ORD008266,CUST03624,2026-07-30,Completed,56.15,Google Pay
ORD008267,CUST00503,2026-04-20,Completed,17.59,Debit Card
ORD008268,CUST00173,2026-01-22,Shipped,99.82,Debit Card
ORD008269,CUST00887,2026-07-27,Completed,85.47,Google Pay
ORD008270,CUST01418,2026-07-26,Completed,49.65,Credit Card
ORD008271,CUST03533,2026-03-07,Cancelled,90.28,PayPal
ORD008272,CUST04369,2026-04-12,Processing,33.64,Apple Pay
ORD008273,CUST03430,2026-05-29,Cancelled,83.87,Debit Card
ORD008274,CUST01410,2026-04-04,Processing,102.2,Debit Card
ORD008275,CUST02924,2026-07-18,Completed,76.86,Apple Pay
ORD008276,CUST04954,2026-04-05,Completed,61.11,Apple Pay
ORD008277,CUST01911,2026-06-18,Shipped,54.18,Debit Card
ORD008278,CUST00261,2026-02-10,Completed,163.71,Debit Card
ORD008279,CUST03353,2026-06-26,Completed,41.14,Debit Card
ORD008280,CUST01353,2026-01-04,Completed,64.73,Apple Pay
ORD008281,CUST01500,2026-04-08,Completed,56.25,Credit Card
ORD008282,CUST04374,2026-07-12,Shipped,76.53,Debit Card
ORD008283,CUST02141,2026-01-10,Completed,145.62,Credit Card
ORD008284,CUST03007,2026-04-04,Completed,141.5,Debit Card
ORD008285,CUST03619,2026-08-12,Cancelled,96.05,Apple Pay
ORD008286,CUST00823,2026-03-08,Cancelled,71.96,Google Pay
ORD008287,CUST00532,2026-05-18,Processing,80.29,Credit Card
ORD008288,CUST02821,2026-03-14,Completed,162.92,Google Pay
ORD008289,CUST00167,2026-05-25,Completed,28.12,Debit Card
ORD008290,CUST04927,2026-07-14,Completed,48.91,Debit Card
ORD008291,CUST04332,2026-08-07,Shipped,37.34,Apple Pay
ORD008292,CUST01056,2026-02-22,Shipped,96.58,Google Pay
ORD008293,CUST01255,2026-06-12,Cancelled,51.24,Google Pay
ORD008294,CUST04287,2026-01-04,Completed,19.81,Debit Card
ORD008295,CUST04008,2026-03-09,Processing,39.1,PayPal
ORD008296,CUST04709,2026-04-23,Completed,67.35,PayPal
ORD008297,CUST01532,2026-04-06,Completed,83.76,Google Pay
ORD008298,CUST03529,2026-04-12,Processing,53.79,Google Pay
ORD008299,CUST04043,2026-05-19,Cancelled,31.17,Credit Card
ORD008300,CUST00973,2026-02-13,Completed,164.18,Debit Card
ORD008301,CUST03825,2026-04-29,Cancelled,86.35,PayPal
ORD008302,CUST04745,2026-07-07,Cancelled,82.27,Apple Pay
ORD008303,CUST00106,2026-07-17,Processing,73.3,Credit Card
ORD008304,CUST01605,2026-07-09,Processing,27.59,PayPal
ORD008305,CUST03774,2026-04-20,Shipped,65.55,Debit Card
ORD008306,CUST04288,2026-06-09,Completed,12.1,Debit Card
ORD008307,CUST01003,2026-02-15,Shipped,80.33,Debit Card
ORD008308,CUST04731,2026-01-23,Shipped,5.96,PayPal
ORD008309,CUST00085,2026-04-16,Completed,35.25,Debit Card
ORD008310,CUST02996,2026-06-14,Shipped,62.02,Apple Pay
ORD008311,CUST04824,2026-05-06,Processing,72.4,Debit Card
ORD008312,CUST03288,2026-03-31,Completed,24.85,Credit Card
ORD008313,CUST04166,2026-04-08,Completed,37.54,Apple Pay
ORD008314,CUST00154,2026-03-16,Completed,24.61,Credit Card
ORD008315,CUST01462,2026-04-24,Shipped,135.62,Credit Card
ORD008316,CUST02813,2026-07-05,Completed,36.79,Google Pay
ORD008317,CUST02020,2026-04-30,Processing,57.65,Google Pay
ORD008318,CUST01098,2026-03-26,Shipped,70.04,Debit Card
ORD008319,CUST00571,2026-02-12,Processing,96.34,Apple Pay
ORD008320,CUST00149,2026-03-29,Processing,86.0,PayPal
ORD008321,CUST03578,2026-05-23,Cancelled,90.91,Google Pay
ORD008322,CUST02692,2026-07-14,Completed,26.58,Apple Pay
ORD008323,CUST02110,2026-05-10,Completed,80.59,Google Pay
ORD008324,CUST01919,2026-07-18,Completed,22.93,Apple Pay
ORD008325,CUST04870,2026-05-13,Completed,79.8,Debit Card
ORD008326,CUST03656,2026-06-30,Completed,145.79,Credit Card
ORD008327,CUST01713,2026-06-22,Shipped,28.02,Google Pay
ORD008328,CUST02493,2026-04-14,Completed,22.24,Credit Card
ORD008329,CUST01345,2026-04-03,Completed,193.09,Credit Card
ORD008330,CUST03966,2026-02-10,Processing,40.01,PayPal
ORD008331,CUST01107,2026-07-10,Shipped,90.37,PayPal
ORD008332,CUST03506,2026-08-12,Shipped,19.44,Debit Card
ORD008333,CUST04113,2026-08-10,Processing,114.46,Apple Pay
ORD008334,CUST00583,2026-07-19,Cancelled,127.38,Debit Card
ORD008335,CUST04351,2026-02-01,Cancelled,182.75,Apple Pay
ORD008336,CUST02691,2026-04-16,Processing,210.13,PayPal
ORD008337,CUST04657,2026-01-02,Completed,31.67,Debit Card
ORD008338,CUST02581,2026-01-10,Shipped,143.58,Apple Pay
ORD008339,CUST00320,2026-06-20,Completed,85.91,PayPal
ORD008340,CUST04316,2026-04-29,Completed,58.11,Apple Pay
ORD008341,CUST04795,2026-06-20,Completed,71.56,Debit Card
ORD008342,CUST01438,2026-04-11,Completed,255.96,Google Pay
ORD008343,CUST00032,2026-04-20,Completed,31.92,Google Pay
ORD008344,CUST00715,2026-03-08,Shipped,68.45,Debit Card
ORD008345,CUST01040,2026-01-23,Shipped,135.67,Credit Card
ORD008346,CUST00409,2026-04-08,Completed,75.3,Google Pay
ORD008347,CUST01128,2026-07-29,Shipped,24.05,Google Pay
ORD008348,CUST00707,2026-08-13,Completed,64.54,Google Pay
ORD008349,CUST03840,2026-04-07,Cancelled,18.02,Credit Card
ORD008350,CUST03024,2026-07-07,Shipped,45.52,PayPal
ORD008351,CUST03660,2026-07-28,Processing,25.38,PayPal
ORD008352,CUST00783,2026-01-06,Shipped,38.79,Credit Card
ORD008353,CUST02180,2026-01-13,Completed,122.34,Credit Card
ORD008354,CUST01179,2026-01-21,Completed,41.89,Debit Card
ORD008355,CUST02407,2026-08-11,Shipped,57.87,Debit Card
ORD008356,CUST02808,2026-02-27,Completed,188.37,Debit Card
ORD008357,CUST04261,2026-04-30,Completed,74.01,PayPal
ORD008358,CUST02765,2026-08-01,Shipped,57.98,Apple Pay
ORD008359,CUST02725,2026-08-13,Shipped,48.83,Google Pay
ORD008360,CUST02536,2026-06-05,Processing,77.97,Debit Card
ORD008361,CUST00213,2026-04-30,Cancelled,152.53,Google Pay
ORD008362,CUST01949,2026-07-17,Completed,30.89,Credit Card
ORD008363,CUST04862,2026-05-16,Shipped,78.46,PayPal
ORD008364,CUST03147,2026-03-18,Completed,24.71,Debit Card
ORD008365,CUST01202,2026-04-08,Completed,16.73,Apple Pay
ORD008366,CUST01820,2026-02-27,Shipped,74.78,PayPal
ORD008367,CUST02890,2026-06-17,Completed,67.3,Credit Card
ORD008368,CUST00645,2026-03-27,Cancelled,15.88,Google Pay
ORD008369,CUST02360,2026-01-01,Completed,32.14,PayPal
ORD008370,CUST04223,2026-03-18,Cancelled,40.68,Google Pay
ORD008371,CUST04473,2026-07-12,Cancelled,81.49,Debit Card
ORD008372,CUST04321,2026-01-10,Processing,164.78,Credit Card
ORD008373,CUST03089,2026-07-07,Completed,24.47,Apple Pay
ORD008374,CUST00497,2026-03-10,Completed,50.57,PayPal
ORD008375,CUST02017,2026-05-28,Completed,201.64,Google Pay
ORD008376,CUST00473,2026-03-03,Processing,146.24,Credit Card
ORD008377,CUST01889,2026-01-13,Processing,12.06,Credit Card
ORD008378,CUST03383,2026-07-05,Completed,46.71,Debit Card
ORD008379,CUST01161,2026-06-14,Processing,80.14,PayPal
ORD008380,CUST02523,2026-01-10,Processing,100.37,Debit Card
ORD008381,CUST04313,2026-01-03,Processing,132.59,Debit Card
ORD008382,CUST00196,2026-06-11,Completed,17.88,Debit Card
ORD008383,CUST02249,2026-02-03,Completed,69.77,Credit Card
ORD008384,CUST04462,2026-06-07,Shipped,71.37,Google Pay
ORD008385,CUST02767,2026-06-14,Shipped,132.98,Google Pay
ORD008386,CUST01552,2026-07-15,Completed,85.96,Apple Pay
ORD008387,CUST02448,2026-02-03,Processing,84.1,Apple Pay
ORD008388,CUST04310,2026-06-09,Completed,78.16,Google Pay
ORD008389,CUST02389,2026-03-26,Completed,60.58,Debit Card
ORD008390,CUST03007,2026-02-27,Shipped,138.41,Credit Card
ORD008391,CUST00119,2026-04-15,Processing,30.13,Debit Card
ORD008392,CUST03497,2026-06-01,Shipped,143.48,Debit Card
ORD008393,CUST01717,2026-01-09,Cancelled,52.75,Debit Card
ORD008394,CUST02884,2026-02-10,Completed,41.22,PayPal
ORD008395,CUST04938,2026-06-01,Cancelled,52.25,PayPal
ORD008396,CUST02915,2026-01-25,Processing,52.99,Debit Card
ORD008397,CUST01673,2026-02-05,Completed,213.94,Apple Pay
ORD008398,CUST01203,2026-01-08,Completed,25.6,Apple Pay
ORD008399,CUST01456,2026-05-06,Shipped,24.28,Google Pay
ORD008400,CUST04662,2026-04-24,Processing,28.62,Credit Card
ORD008401,CUST03979,2026-04-15,Cancelled,51.43,PayPal
ORD008402,CUST02472,2026-04-03,Processing,34.69,Debit Card
ORD008403,CUST00118,2026-03-30,Completed,11.25,PayPal
ORD008404,CUST00368,2026-07-06,Completed,37.29,Google Pay
ORD008405,CUST03177,2026-06-12,Cancelled,26.65,Apple Pay
ORD008406,CUST03375,2026-02-07,Completed,120.86,Apple Pay
ORD008407,CUST03813,2026-04-02,Completed,93.48,Credit Card
ORD008408,CUST02198,2026-04-29,Processing,77.25,Credit Card
ORD008409,CUST04912,2026-07-30,Processing,18.02,Google Pay
ORD008410,CUST02130,2026-06-09,Shipped,162.44,Credit Card
ORD008411,CUST00901,2026-04-11,Completed,33.93,Google Pay
ORD008412,CUST00193,2026-04-23,Completed,106.88,PayPal
ORD008413,CUST02771,2026-06-28,Processing,92.35,Debit Card
ORD008414,CUST03349,2026-01-28,Completed,34.24,Apple Pay
ORD008415,CUST00951,2026-07-03,Completed,76.33,Debit Card
ORD008416,CUST03607,2026-04-09,Completed,64.4,PayPal
ORD008417,CUST00258,2026-05-16,Completed,127.21,Credit Card
ORD008418,CUST01222,2026-02-10,Completed,37.97,Apple Pay
ORD008419,CUST00651,2026-04-28,Cancelled,67.81,Credit Card
ORD008420,CUST02319,2026-01-23,Processing,29.74,Debit Card
ORD008421,CUST04492,2026-07-01,Completed,143.43,Credit Card
ORD008422,CUST02426,2026-01-23,Shipped,55.42,Google Pay
ORD008423,CUST00923,2026-02-01,Completed,31.43,Debit Card
ORD008424,CUST03160,2026-05-18,Completed,92.78,Credit Card
ORD008425,CUST00398,2026-03-22,Completed,126.75,Debit Card
ORD008426,CUST02915,2026-06-12,Processing,43.34,Credit Card
ORD008427,CUST00561,2026-04-09,Completed,258.81,Credit Card
ORD008428,CUST00190,2026-03-04,Completed,174.32,Debit Card
ORD008429,CUST00205,2026-07-14,Processing,62.2,PayPal
ORD008430,CUST03016,2026-02-05,Cancelled,44.56,Debit Card
ORD008431,CUST04140,2026-04-03,Completed,24.12,Apple Pay
ORD008432,CUST03372,2026-06-26,Shipped,28.43,Apple Pay
ORD008433,CUST03042,2026-02-15,Cancelled,16.14,PayPal
ORD008434,CUST01706,2026-01-27,Cancelled,91.38,Credit Card
ORD008435,CUST00713,2026-06-08,Completed,57.27,Debit Card
ORD008436,CUST03457,2026-06-11,Cancelled,41.43,Credit Card
ORD008437,CUST02685,2026-03-17,Shipped,8.2,Credit Card
ORD008438,CUST04407,2026-04-11,Shipped,87.51,Apple Pay
ORD008439,CUST04974,2026-07-06,Cancelled,58.44,Debit Card
ORD008440,CUST03600,2026-07-01,Processing,60.98,Google Pay
ORD008441,CUST04953,2026-08-05,Completed,60.36,Apple Pay
ORD008442,CUST02322,2026-07-13,Shipped,123.44,Credit Card
ORD008443,CUST03878,2026-06-07,Completed,19.33,Credit Card
ORD008444,CUST03523,2026-07-20,Cancelled,311.42,Google Pay
ORD008445,CUST04627,2026-05-31,Completed,23.88,Credit Card
ORD008446,CUST04113,2026-01-09,Processing,51.21,PayPal
ORD008447,CUST02766,2026-07-31,Cancelled,9.02,Google Pay
ORD008448,CUST04566,2026-07-02,Shipped,67.1,Credit Card
ORD008449,CUST04907,2026-05-09,Cancelled,48.19,Apple Pay
ORD008450,CUST00555,2026-02-25,Processing,59.46,Apple Pay
ORD008451,CUST02141,2026-06-16,Completed,77.82,PayPal
ORD008452,CUST04978,2026-03-28,Processing,42.23,Google Pay
ORD008453,CUST02679,2026-01-18,Completed,178.88,Google Pay
ORD008454,CUST04917,2026-02-11,Processing,42.02,Credit Card
ORD008455,CUST00584,2026-08-12,Completed,87.47,Credit Card
ORD008456,CUST04942,2026-04-21,Completed,32.59,Debit Card
ORD008457,CUST01997,2026-03-14,Cancelled,122.84,PayPal
ORD008458,CUST00842,2026-07-22,Cancelled,29.05,Google Pay
ORD008459,CUST02376,2026-03-06,Completed,50.52,Credit Card
ORD008460,CUST04039,2026-07-22,Completed,38.81,Google Pay
ORD008461,CUST01805,2026-06-10,Completed,74.49,PayPal
ORD008462,CUST00730,2026-06-07,Cancelled,32.51,Apple Pay
ORD008463,CUST04350,2026-05-13,Completed,36.99,PayPal
ORD008464,CUST01464,2026-06-27,Shipped,53.33,Google Pay
ORD008465,CUST04947,2026-07-12,Processing,44.21,Credit Card
ORD008466,CUST02168,2026-01-10,Completed,61.39,Google Pay
ORD008467,CUST04918,2026-03-01,Completed,34.56,Debit Card
ORD008468,CUST01573,2026-07-24,Shipped,35.6,PayPal
ORD008469,CUST04967,2026-06-04,Completed,58.73,Debit Card
ORD008470,CUST01394,2026-03-13,Processing,159.03,Google Pay
ORD008471,CUST00257,2026-06-05,Shipped,48.42,Google Pay
ORD008472,CUST00128,2026-06-22,Completed,99.24,Debit Card
ORD008473,CUST01383,2026-02-21,Processing,79.48,Credit Card
ORD008474,CUST03729,2026-07-13,Completed,34.18,Credit Card
ORD008475,CUST04652,2026-03-03,Completed,99.95,PayPal
ORD008476,CUST02701,2026-04-27,Processing,56.31,Debit Card
ORD008477,CUST03148,2026-07-23,Completed,121.59,PayPal
ORD008478,CUST02206,2026-08-07,Completed,369.81,PayPal
ORD008479,CUST04181,2026-05-05,Processing,62.11,Apple Pay
ORD008480,CUST00322,2026-07-24,Shipped,140.43,PayPal
ORD008481,CUST02357,2026-03-01,Completed,125.05,PayPal
ORD008482,CUST04380,2026-03-27,Processing,44.37,Apple Pay
ORD008483,CUST03114,2026-06-17,Cancelled,43.75,PayPal
ORD008484,CUST01918,2026-05-23,Completed,23.98,PayPal
ORD008485,CUST03957,2026-04-05,Completed,134.58,PayPal
ORD008486,CUST04710,2026-01-07,Processing,32.28,Debit Card
ORD008487,CUST02697,2026-02-08,Shipped,39.92,Apple Pay
ORD008488,CUST01517,2026-06-28,Processing,228.32,Credit Card
ORD008489,CUST03294,2026-01-07,Processing,42.12,PayPal
ORD008490,CUST04325,2026-05-20,Completed,189.83,Debit Card
ORD008491,CUST03046,2026-01-14,Cancelled,236.23,Debit Card
ORD008492,CUST00119,2026-02-03,Completed,32.68,Debit Card
ORD008493,CUST02372,2026-05-02,Processing,101.2,Apple Pay
ORD008494,CUST04416,2026-06-16,Completed,84.12,Apple Pay
ORD008495,CUST03919,2026-03-14,Completed,105.06,Google Pay
ORD008496,CUST03261,2026-03-05,Completed,136.8,PayPal
ORD008497,CUST02586,2026-04-07,Completed,16.93,Credit Card
ORD008498,CUST04797,2026-01-12,Processing,90.67,Credit Card
ORD008499,CUST02442,2026-05-06,Completed,98.06,Google Pay
ORD008500,CUST02700,2026-02-03,Completed,43.03,Credit Card
ORD008501,CUST01018,2026-01-27,Cancelled,116.66,PayPal
ORD008502,CUST04502,2026-05-30,Completed,143.49,Credit Card
ORD008503,CUST03048,2026-01-18,Shipped,42.97,PayPal
ORD008504,CUST02069,2026-06-23,Shipped,24.26,Apple Pay
ORD008505,CUST03666,2026-06-21,Completed,221.59,Apple Pay
ORD008506,CUST04251,2026-05-26,Completed,33.9,PayPal
ORD008507,CUST04963,2026-02-06,Completed,23.72,PayPal
ORD008508,CUST04655,2026-05-15,Processing,69.32,Apple Pay
ORD008509,CUST00194,2026-03-09,Processing,12.35,PayPal
ORD008510,CUST02447,2026-03-21,Shipped,63.85,Google Pay
ORD008511,CUST01400,2026-03-27,Completed,108.38,Apple Pay
ORD008512,CUST02520,2026-03-01,Completed,40.83,Credit Card
ORD008513,CUST03928,2026-02-17,Processing,87.42,Apple Pay
ORD008514,CUST03688,2026-06-28,Shipped,84.44,Credit Card
ORD008515,CUST04898,2026-04-10,Processing,85.97,Credit Card
ORD008516,CUST00553,2026-03-25,Processing,45.49,Google Pay
ORD008517,CUST00730,2026-04-05,Completed,61.96,Apple Pay
ORD008518,CUST02561,2026-02-21,Completed,68.69,Apple Pay
ORD008519,CUST03998,2026-08-13,Completed,63.53,Google Pay
ORD008520,CUST04267,2026-03-18,Completed,53.77,Apple Pay
ORD008521,CUST04946,2026-06-29,Processing,213.65,Credit Card
ORD008522,CUST00794,2026-03-25,Shipped,75.73,PayPal
ORD008523,CUST00125,2026-02-23,Processing,80.71,Google Pay
ORD008524,CUST00175,2026-06-18,Cancelled,25.61,Google Pay
ORD008525,CUST02552,2026-06-19,Shipped,301.98,PayPal
ORD008526,CUST03849,2026-05-30,Completed,111.7,Credit Card
ORD008527,CUST03457,2026-02-08,Cancelled,76.23,PayPal
ORD008528,CUST02759,2026-01-23,Cancelled,201.2,Apple Pay
ORD008529,CUST03840,2026-02-17,Cancelled,26.45,PayPal
ORD008530,CUST03756,2026-04-23,Completed,27.95,Google Pay
ORD008531,CUST03643,2026-04-30,Completed,126.4,Debit Card
ORD008532,CUST04202,2026-06-10,Processing,145.52,Apple Pay
ORD008533,CUST01971,2026-05-07,Shipped,16.48,PayPal
ORD008534,CUST01661,2026-02-10,Cancelled,30.23,PayPal
ORD008535,CUST02576,2026-06-07,Completed,20.91,Credit Card
ORD008536,CUST00038,2026-07-25,Cancelled,118.85,Apple Pay
ORD008537,CUST04491,2026-02-16,Shipped,64.52,Credit Card
ORD008538,CUST02525,2026-07-04,Shipped,83.24,Google Pay
ORD008539,CUST04818,2026-03-13,Completed,29.15,Google Pay
ORD008540,CUST03577,2026-02-26,Completed,72.53,Credit Card
ORD008541,CUST01309,2026-03-03,Completed,20.49,Apple Pay
ORD008542,CUST03536,2026-03-27,Completed,107.51,Credit Card
ORD008543,CUST04461,2026-02-26,Cancelled,212.59,Credit Card
ORD008544,CUST02229,2026-07-15,Completed,12.33,Apple Pay
ORD008545,CUST04830,2026-03-13,Cancelled,158.37,Google Pay
ORD008546,CUST02924,2026-08-14,Completed,56.33,Debit Card
ORD008547,CUST03042,2026-05-04,Completed,77.36,Credit Card
ORD008548,CUST02709,2026-08-02,Completed,46.11,Credit Card
ORD008549,CUST04340,2026-06-02,Completed,28.59,PayPal
ORD008550,CUST04409,2026-08-05,Completed,194.8,Apple Pay
ORD008551,CUST04172,2026-06-17,Cancelled,38.94,PayPal
ORD008552,CUST03953,2026-01-17,Shipped,177.58,Google Pay
ORD008553,CUST02310,2026-03-21,Cancelled,105.61,PayPal
ORD008554,CUST00231,2026-06-25,Cancelled,51.33,Apple Pay
ORD008555,CUST02751,2026-02-08,Completed,200.28,Credit Card
ORD008556,CUST02694,2026-05-23,Completed,58.72,Credit Card
ORD008557,CUST02805,2026-01-17,Processing,152.25,Debit Card
ORD008558,CUST00842,2026-02-04,Processing,145.45,Google Pay
ORD008559,CUST03584,2026-02-02,Completed,24.96,Credit Card
ORD008560,CUST04612,2026-05-26,Completed,35.24,PayPal
ORD008561,CUST02490,2026-06-07,Completed,52.73,Debit Card
ORD008562,CUST04915,2026-08-03,Processing,53.51,Debit Card
ORD008563,CUST03535,2026-06-14,Shipped,83.39,Google Pay
ORD008564,CUST00608,2026-04-21,Completed,18.27,Debit Card
ORD008565,CUST04619,2026-05-15,Cancelled,58.59,Apple Pay
ORD008566,CUST03961,2026-03-15,Shipped,89.08,PayPal
ORD008567,CUST04258,2026-07-27,Processing,110.79,Debit Card
ORD008568,CUST02032,2026-06-05,Cancelled,40.25,Credit Card
ORD008569,CUST00202,2026-08-03,Shipped,29.61,PayPal
ORD008570,CUST01365,2026-04-08,Completed,48.09,Google Pay
ORD008571,CUST00752,2026-01-18,Processing,88.56,Debit Card
ORD008572,CUST01206,2026-06-24,Cancelled,26.12,PayPal
ORD008573,CUST01321,2026-01-23,Shipped,49.76,Credit Card
ORD008574,CUST03888,2026-05-28,Completed,44.08,Debit Card
ORD008575,CUST01331,2026-01-31,Completed,20.62,Google Pay
ORD008576,CUST00431,2026-01-14,Completed,19.96,Google Pay
ORD008577,CUST02166,2026-01-23,Cancelled,171.34,Google Pay
ORD008578,CUST04684,2026-01-02,Processing,106.63,Debit Card
ORD008579,CUST03118,2026-06-06,Processing,122.56,Debit Card
ORD008580,CUST02275,2026-06-27,Cancelled,47.59,Debit Card
ORD008581,CUST03366,2026-03-14,Processing,66.92,Credit Card
ORD008582,CUST01264,2026-02-28,Completed,90.22,Google Pay
ORD008583,CUST02396,2026-02-02,Completed,181.94,PayPal
ORD008584,CUST04237,2026-06-25,Processing,79.4,PayPal
ORD008585,CUST04300,2026-06-21,Cancelled,37.79,Debit Card
ORD008586,CUST03734,2026-05-20,Shipped,95.95,Google Pay
ORD008587,CUST01666,2026-03-24,Completed,8.29,Google Pay
ORD008588,CUST00861,2026-06-19,Cancelled,32.45,Debit Card
ORD008589,CUST00845,2026-07-31,Processing,64.97,Credit Card
ORD008590,CUST03043,2026-08-11,Completed,94.77,PayPal
ORD008591,CUST03341,2026-02-04,Cancelled,98.16,PayPal
ORD008592,CUST03490,2026-02-10,Completed,45.64,Apple Pay
ORD008593,CUST01939,2026-08-01,Completed,55.02,Debit Card
ORD008594,CUST00137,2026-07-02,Completed,47.98,PayPal
ORD008595,CUST03233,2026-04-20,Processing,97.77,PayPal
ORD008596,CUST02221,2026-05-21,Cancelled,87.53,Credit Card
ORD008597,CUST01154,2026-02-08,Completed,56.48,Debit Card
ORD008598,CUST04175,2026-08-07,Shipped,38.71,Debit Card
ORD008599,CUST00979,2026-08-05,Processing,79.23,PayPal
ORD008600,CUST00569,2026-07-13,Shipped,64.54,PayPal
ORD008601,CUST02911,2026-06-12,Shipped,173.41,Google Pay
ORD008602,CUST02411,2026-04-26,Completed,58.36,Apple Pay
ORD008603,CUST03407,2026-03-13,Completed,51.9,PayPal
ORD008604,CUST00134,2026-06-10,Completed,33.75,Debit Card
ORD008605,CUST02062,2026-03-30,Completed,175.77,Google Pay
ORD008606,CUST04379,2026-08-01,Cancelled,63.94,Credit Card
ORD008607,CUST02854,2026-06-13,Completed,71.39,Debit Card
ORD008608,CUST03731,2026-05-21,Completed,199.83,Google Pay
ORD008609,CUST03493,2026-02-25,Cancelled,136.1,Debit Card
ORD008610,CUST00127,2026-06-23,Completed,22.9,Debit Card
ORD008611,CUST01796,2026-07-20,Processing,139.84,Debit Card
ORD008612,CUST01850,2026-04-09,Completed,135.89,PayPal
ORD008613,CUST04314,2026-02-15,Processing,17.77,PayPal
ORD008614,CUST03977,2026-04-10,Cancelled,173.96,Apple Pay
ORD008615,CUST04841,2026-04-23,Completed,40.25,Credit Card
ORD008616,CUST02728,2026-04-21,Completed,102.56,Credit Card
ORD008617,CUST03727,2026-06-21,Shipped,42.12,PayPal
ORD008618,CUST03561,2026-06-23,Completed,296.35,Debit Card
ORD008619,CUST00260,2026-03-15,Completed,69.82,Debit Card
ORD008620,CUST01242,2026-03-10,Completed,113.64,Google Pay
ORD008621,CUST01844,2026-01-31,Completed,67.28,Google Pay
ORD008622,CUST01513,2026-05-05,Completed,28.91,Google Pay
ORD008623,CUST04195,2026-01-24,Completed,56.81,Credit Card
ORD008624,CUST04278,2026-02-01,Processing,22.57,Credit Card
ORD008625,CUST02217,2026-04-23,Completed,74.28,Google Pay
ORD008626,CUST02281,2026-07-14,Cancelled,52.19,Google Pay
ORD008627,CUST00956,2026-01-16,Processing,22.83,Google Pay
ORD008628,CUST04568,2026-07-04,Completed,43.94,Credit Card
ORD008629,CUST01109,2026-07-31,Completed,28.26,PayPal
ORD008630,CUST04775,2026-04-18,Cancelled,43.8,Debit Card
ORD008631,CUST01543,2026-01-24,Processing,54.29,PayPal
ORD008632,CUST00381,2026-02-03,Completed,100.3,Credit Card
ORD008633,CUST01256,2026-05-08,Completed,32.64,Credit Card
ORD008634,CUST02299,2026-02-21,Completed,33.91,Google Pay
ORD008635,CUST02241,2026-02-17,Completed,76.58,PayPal
ORD008636,CUST01659,2026-03-28,Completed,62.97,Credit Card
ORD008637,CUST02985,2026-04-29,Completed,102.09,Apple Pay
ORD008638,CUST02649,2026-06-30,Completed,52.26,PayPal
ORD008639,CUST03959,2026-07-02,Shipped,88.74,PayPal
ORD008640,CUST03372,2026-02-07,Completed,7.92,Credit Card
ORD008641,CUST03430,2026-05-10,Shipped,36.1,Debit Card
ORD008642,CUST01581,2026-03-10,Completed,61.77,Credit Card
ORD008643,CUST04861,2026-03-23,Processing,55.9,PayPal
ORD008644,CUST02933,2026-04-28,Cancelled,66.8,Apple Pay
ORD008645,CUST01587,2026-02-22,Shipped,111.74,PayPal
ORD008646,CUST02113,2026-02-19,Processing,41.73,Credit Card
ORD008647,CUST03638,2026-06-06,Cancelled,74.47,Google Pay
ORD008648,CUST04562,2026-03-15,Processing,51.24,Debit Card
ORD008649,CUST04984,2026-07-02,Completed,83.58,PayPal
ORD008650,CUST02522,2026-04-16,Completed,84.98,Apple Pay
ORD008651,CUST03752,2026-07-08,Completed,27.92,Apple Pay
ORD008652,CUST02703,2026-02-19,Shipped,76.76,Apple Pay
ORD008653,CUST00019,2026-01-16,Completed,91.38,Debit Card
ORD008654,CUST02570,2026-03-28,Shipped,66.85,PayPal
ORD008655,CUST00784,2026-04-04,Completed,78.48,Google Pay
ORD008656,CUST01707,2026-03-11,Completed,67.78,Credit Card
ORD008657,CUST00415,2026-06-21,Cancelled,34.95,PayPal
ORD008658,CUST00364,2026-04-10,Cancelled,43.53,PayPal
ORD008659,CUST02576,2026-07-31,Completed,67.95,Google Pay
ORD008660,CUST01104,2026-05-24,Shipped,57.08,Debit Card
ORD008661,CUST04892,2026-01-28,Completed,38.02,Credit Card
ORD008662,CUST01172,2026-07-04,Completed,37.24,Credit Card
ORD008663,CUST01699,2026-06-03,Processing,57.5,Credit Card
ORD008664,CUST00443,2026-03-27,Cancelled,22.76,PayPal
ORD008665,CUST03944,2026-04-28,Shipped,42.63,Google Pay
ORD008666,CUST04746,2026-01-11,Processing,144.26,Google Pay
ORD008667,CUST04605,2026-05-09,Completed,72.96,Debit Card
ORD008668,CUST04562,2026-03-10,Completed,43.98,Google Pay
ORD008669,CUST02413,2026-06-20,Cancelled,43.83,Google Pay
ORD008670,CUST02590,2026-06-23,Completed,324.87,Credit Card
ORD008671,CUST01840,2026-04-15,Cancelled,58.91,Debit Card
ORD008672,CUST01504,2026-02-05,Cancelled,87.9,Google Pay
ORD008673,CUST00723,2026-03-07,Cancelled,36.4,Google Pay
ORD008674,CUST00842,2026-07-04,Completed,85.13,Google Pay
ORD008675,CUST02348,2026-05-14,Completed,23.05,Google Pay
ORD008676,CUST02222,2026-07-09,Shipped,45.64,Credit Card
ORD008677,CUST00646,2026-06-04,Completed,49.32,PayPal
ORD008678,CUST00024,2026-05-05,Shipped,13.34,Debit Card
ORD008679,CUST03273,2026-06-03,Processing,83.64,PayPal
ORD008680,CUST04827,2026-05-21,Processing,42.49,Credit Card
ORD008681,CUST00007,2026-03-17,Shipped,107.22,PayPal
ORD008682,CUST03702,2026-05-26,Processing,50.41,Google Pay
ORD008683,CUST03233,2026-02-07,Processing,30.47,Debit Card
ORD008684,CUST02926,2026-01-06,Completed,87.28,Google Pay
ORD008685,CUST01272,2026-05-06,Shipped,54.81,Debit Card
ORD008686,CUST04262,2026-04-02,Shipped,62.09,PayPal
ORD008687,CUST04524,2026-01-28,Completed,86.75,Google Pay
ORD008688,CUST02193,2026-03-30,Cancelled,70.2,Credit Card
ORD008689,CUST02557,2026-01-05,Completed,38.71,Google Pay
ORD008690,CUST02955,2026-07-06,Completed,18.32,Apple Pay
ORD008691,CUST01600,2026-07-26,Completed,30.99,Credit Card
ORD008692,CUST01667,2026-04-21,Completed,53.01,Debit Card
ORD008693,CUST04920,2026-04-18,Shipped,59.33,Apple Pay
ORD008694,CUST01062,2026-07-20,Completed,165.99,Google Pay
ORD008695,CUST04662,2026-02-14,Completed,258.99,Google Pay
ORD008696,CUST03802,2026-04-22,Cancelled,55.55,Google Pay
ORD008697,CUST01164,2026-06-30,Processing,81.82,Google Pay
ORD008698,CUST03880,2026-01-02,Completed,43.68,Apple Pay
ORD008699,CUST01282,2026-06-26,Processing,37.65,Credit Card
ORD008700,CUST02665,2026-07-20,Cancelled,51.91,Apple Pay
ORD008701,CUST02896,2026-03-31,Shipped,39.6,Credit Card
ORD008702,CUST01209,2026-08-03,Shipped,35.59,PayPal
ORD008703,CUST00303,2026-04-25,Shipped,41.11,PayPal
ORD008704,CUST00756,2026-03-04,Processing,37.36,Credit Card
ORD008705,CUST04260,2026-04-02,Cancelled,60.82,Credit Card
ORD008706,CUST01227,2026-03-11,Shipped,66.89,Credit Card
ORD008707,CUST01234,2026-07-05,Shipped,27.09,PayPal
ORD008708,CUST03518,2026-01-04,Processing,77.23,Credit Card
ORD008709,CUST00898,2026-06-07,Shipped,56.84,Credit Card
ORD008710,CUST04879,2026-02-26,Cancelled,52.26,Apple Pay
ORD008711,CUST03311,2026-02-16,Completed,75.92,Debit Card
ORD008712,CUST04823,2026-05-26,Completed,173.12,Google Pay
ORD008713,CUST03363,2026-08-10,Completed,54.7,Google Pay
ORD008714,CUST02420,2026-08-07,Shipped,31.43,Apple Pay
ORD008715,CUST02910,2026-04-18,Cancelled,86.6,Credit Card
ORD008716,CUST01455,2026-04-05,Cancelled,88.28,Debit Card
ORD008717,CUST02328,2026-02-13,Shipped,72.52,Apple Pay
ORD008718,CUST02364,2026-06-29,Shipped,59.1,Debit Card
ORD008719,CUST02013,2026-06-26,Shipped,27.95,PayPal
ORD008720,CUST01101,2026-06-07,Processing,27.05,Debit Card
ORD008721,CUST00816,2026-06-29,Cancelled,46.15,Apple Pay
ORD008722,CUST04247,2026-02-06,Completed,29.5,Google Pay
ORD008723,CUST01321,2026-03-04,Processing,106.18,PayPal
ORD008724,CUST04765,2026-01-12,Processing,20.06,Debit Card
ORD008725,CUST04503,2026-01-17,Cancelled,57.86,Google Pay
ORD008726,CUST02335,2026-02-03,Shipped,54.5,Debit Card
ORD008727,CUST04588,2026-06-05,Completed,89.34,Debit Card
ORD008728,CUST01033,2026-05-12,Cancelled,99.8,Credit Card
ORD008729,CUST01156,2026-04-08,Completed,35.15,Google Pay
ORD008730,CUST01101,2026-02-15,Completed,148.6,PayPal
ORD008731,CUST02786,2026-01-14,Cancelled,28.86,PayPal
ORD008732,CUST00997,2026-01-13,Completed,110.33,PayPal
ORD008733,CUST01436,2026-07-05,Cancelled,91.54,Debit Card
ORD008734,CUST02546,2026-02-18,Completed,16.92,Google Pay
ORD008735,CUST03701,2026-06-27,Processing,28.72,PayPal
ORD008736,CUST04985,2026-03-08,Completed,113.58,PayPal
ORD008737,CUST00354,2026-01-21,Completed,67.8,Debit Card
ORD008738,CUST02319,2026-07-27,Cancelled,63.13,Apple Pay
ORD008739,CUST04528,2026-02-20,Completed,9.86,PayPal
ORD008740,CUST00739,2026-02-07,Completed,53.51,Google Pay
ORD008741,CUST02520,2026-04-29,Cancelled,37.78,PayPal
ORD008742,CUST04604,2026-01-26,Completed,25.27,Debit Card
ORD008743,CUST00055,2026-01-06,Completed,97.2,Apple Pay
ORD008744,CUST02085,2026-01-18,Completed,62.24,Apple Pay
ORD008745,CUST00900,2026-04-24,Cancelled,33.12,Google Pay
ORD008746,CUST02103,2026-05-14,Completed,35.36,Apple Pay
ORD008747,CUST00524,2026-06-18,Completed,65.0,PayPal
ORD008748,CUST00463,2026-02-26,Shipped,83.43,Credit Card
ORD008749,CUST04793,2026-06-27,Cancelled,101.8,Debit Card
ORD008750,CUST01502,2026-01-25,Cancelled,87.64,PayPal
ORD008751,CUST03877,2026-02-17,Completed,59.06,PayPal
ORD008752,CUST00716,2026-01-24,Completed,33.44,Debit Card
ORD008753,CUST03298,2026-06-07,Completed,76.6,Debit Card
ORD008754,CUST02780,2026-03-28,Completed,30.24,PayPal
ORD008755,CUST03612,2026-02-14,Completed,64.8,Apple Pay
ORD008756,CUST00989,2026-02-12,Shipped,53.89,Google Pay
ORD008757,CUST01829,2026-03-13,Shipped,105.54,PayPal
ORD008758,CUST00212,2026-07-03,Completed,100.03,Credit Card
ORD008759,CUST03147,2026-07-20,Completed,90.83,PayPal
ORD008760,CUST00754,2026-03-11,Completed,84.38,Credit Card
ORD008761,CUST03751,2026-02-02,Completed,56.52,PayPal
ORD008762,CUST03690,2026-04-07,Completed,178.73,PayPal
ORD008763,CUST03223,2026-02-14,Cancelled,91.21,Credit Card
ORD008764,CUST00436,2026-01-07,Shipped,170.56,Google Pay
ORD008765,CUST01902,2026-04-16,Processing,126.39,Credit Card
ORD008766,CUST04180,2026-05-26,Completed,45.01,Google Pay
ORD008767,CUST01236,2026-03-11,Completed,40.83,Google Pay
ORD008768,CUST00779,2026-02-14,Processing,85.16,Credit Card
ORD008769,CUST04930,2026-02-06,Completed,26.18,Debit Card
ORD008770,CUST03853,2026-05-29,Completed,47.14,Credit Card
ORD008771,CUST01961,2026-08-06,Shipped,37.4,Debit Card
ORD008772,CUST04273,2026-07-26,Processing,59.29,PayPal
ORD008773,CUST01807,2026-06-21,Shipped,13.65,Debit Card
ORD008774,CUST03231,2026-06-07,Cancelled,269.79,Apple Pay
ORD008775,CUST01725,2026-05-19,Completed,98.55,PayPal
ORD008776,CUST00186,2026-01-08,Completed,124.53,PayPal
ORD008777,CUST01495,2026-05-13,Shipped,67.24,Debit Card
ORD008778,CUST01980,2026-01-08,Processing,139.75,Debit Card
ORD008779,CUST04054,2026-01-05,Completed,89.35,Apple Pay
ORD008780,CUST00246,2026-01-10,Completed,107.51,PayPal
ORD008781,CUST04048,2026-01-15,Completed,84.97,Debit Card
ORD008782,CUST00384,2026-02-25,Completed,156.08,Credit Card
ORD008783,CUST00285,2026-04-24,Completed,36.99,Google Pay
ORD008784,CUST03995,2026-02-24,Completed,180.0,Google Pay
ORD008785,CUST00300,2026-05-11,Cancelled,53.92,Debit Card
ORD008786,CUST00901,2026-02-10,Shipped,34.47,Apple Pay
ORD008787,CUST01460,2026-05-18,Completed,81.97,Debit Card
ORD008788,CUST02922,2026-05-15,Cancelled,27.85,Apple Pay
ORD008789,CUST02534,2026-07-10,Completed,42.95,PayPal
ORD008790,CUST00806,2026-04-25,Shipped,49.72,Credit Card
ORD008791,CUST02229,2026-03-04,Processing,51.78,PayPal
ORD008792,CUST01922,2026-03-29,Completed,119.15,Credit Card
ORD008793,CUST04973,2026-06-03,Cancelled,107.64,Apple Pay
ORD008794,CUST04790,2026-02-03,Completed,48.59,Debit Card
ORD008795,CUST02388,2026-05-02,Processing,82.22,Debit Card
ORD008796,CUST02539,2026-07-19,Completed,263.9,Debit Card
ORD008797,CUST01997,2026-06-16,Completed,25.94,Debit Card
ORD008798,CUST04826,2026-07-07,Completed,29.87,PayPal
ORD008799,CUST02504,2026-07-16,Completed,62.38,PayPal
ORD008800,CUST00105,2026-04-10,Completed,402.63,Apple Pay
ORD008801,CUST00439,2026-04-17,Completed,33.88,Credit Card
ORD008802,CUST01522,2026-06-03,Cancelled,40.08,Credit Card
ORD008803,CUST01352,2026-03-03,Completed,89.28,Credit Card
ORD008804,CUST02699,2026-05-18,Completed,117.17,Debit Card
ORD008805,CUST03613,2026-08-13,Completed,60.65,PayPal
ORD008806,CUST00509,2026-04-10,Completed,70.77,Google Pay
ORD008807,CUST04347,2026-02-23,Cancelled,59.74,Google Pay
ORD008808,CUST04975,2026-06-08,Processing,68.45,Debit Card
ORD008809,CUST01275,2026-02-07,Processing,21.84,Google Pay
ORD008810,CUST02823,2026-04-24,Shipped,68.18,Credit Card
ORD008811,CUST00064,2026-01-25,Completed,61.88,Credit Card
ORD008812,CUST03922,2026-07-24,Processing,77.85,Apple Pay
ORD008813,CUST04416,2026-03-06,Shipped,41.34,Debit Card
ORD008814,CUST00860,2026-04-10,Cancelled,85.67,Apple Pay
ORD008815,CUST02828,2026-06-27,Completed,106.58,Credit Card
ORD008816,CUST01548,2026-06-01,Cancelled,353.28,PayPal
ORD008817,CUST02077,2026-06-04,Shipped,43.49,Debit Card
ORD008818,CUST00437,2026-07-29,Processing,30.41,Apple Pay
ORD008819,CUST03658,2026-06-27,Shipped,68.26,Apple Pay
ORD008820,CUST00763,2026-06-27,Completed,86.79,Credit Card
ORD008821,CUST00736,2026-05-23,Cancelled,65.58,Apple Pay
ORD008822,CUST03665,2026-01-17,Shipped,65.98,Credit Card
ORD008823,CUST04095,2026-01-29,Cancelled,40.93,PayPal
ORD008824,CUST04729,2026-01-05,Completed,20.25,Apple Pay
ORD008825,CUST01579,2026-01-11,Completed,144.28,Credit Card
ORD008826,CUST03730,2026-07-27,Shipped,186.7,Credit Card
ORD008827,CUST01077,2026-06-29,Completed,36.09,PayPal
ORD008828,CUST02281,2026-06-11,Shipped,39.46,Apple Pay
ORD008829,CUST01831,2026-03-22,Cancelled,19.94,PayPal
ORD008830,CUST01899,2026-02-02,Shipped,45.7,PayPal
ORD008831,CUST04296,2026-02-18,Shipped,76.66,PayPal
ORD008832,CUST00674,2026-05-01,Completed,38.43,Apple Pay
ORD008833,CUST00549,2026-06-08,Completed,102.15,Google Pay
ORD008834,CUST00937,2026-01-18,Shipped,31.25,Credit Card
ORD008835,CUST04145,2026-04-25,Shipped,93.68,Credit Card
ORD008836,CUST00896,2026-08-05,Completed,74.93,PayPal
ORD008837,CUST02570,2026-01-05,Completed,47.46,PayPal
ORD008838,CUST02088,2026-06-07,Processing,50.54,Google Pay
ORD008839,CUST00914,2026-02-14,Completed,99.28,Debit Card
ORD008840,CUST01177,2026-04-30,Completed,405.76,Credit Card
ORD008841,CUST04772,2026-08-03,Shipped,55.24,Debit Card
ORD008842,CUST04866,2026-05-08,Shipped,121.07,PayPal
ORD008843,CUST04307,2026-02-07,Completed,188.93,Credit Card
ORD008844,CUST03274,2026-04-19,Processing,38.05,Credit Card
ORD008845,CUST04243,2026-07-29,Processing,32.47,PayPal
ORD008846,CUST01523,2026-04-06,Completed,60.79,Debit Card
ORD008847,CUST02803,2026-04-04,Completed,68.32,Debit Card
ORD008848,CUST03123,2026-01-29,Processing,85.93,Apple Pay
ORD008849,CUST04591,2026-06-13,Processing,34.54,Apple Pay
ORD008850,CUST02457,2026-05-17,Completed,101.68,Google Pay
ORD008851,CUST01650,2026-01-23,Completed,27.63,Google Pay
ORD008852,CUST02321,2026-05-11,Completed,59.58,Debit Card
ORD008853,CUST02506,2026-03-27,Completed,75.24,PayPal
ORD008854,CUST01144,2026-07-03,Cancelled,23.09,Debit Card
ORD008855,CUST03773,2026-06-17,Processing,81.39,Credit Card
ORD008856,CUST00046,2026-07-03,Shipped,51.53,Apple Pay
ORD008857,CUST03315,2026-02-27,Cancelled,43.89,Apple Pay
ORD008858,CUST04407,2026-06-08,Processing,74.77,Debit Card
ORD008859,CUST02610,2026-08-02,Processing,21.7,Credit Card
ORD008860,CUST04427,2026-01-11,Completed,79.93,Debit Card
ORD008861,CUST04107,2026-02-11,Completed,26.02,Debit Card
ORD008862,CUST03120,2026-05-11,Completed,77.3,Debit Card
ORD008863,CUST01401,2026-07-04,Completed,65.08,Credit Card
ORD008864,CUST01592,2026-01-14,Completed,172.8,Apple Pay
ORD008865,CUST00008,2026-02-15,Processing,172.96,PayPal
ORD008866,CUST00984,2026-05-27,Completed,103.45,Google Pay
ORD008867,CUST03598,2026-05-04,Completed,57.35,Credit Card
ORD008868,CUST01751,2026-03-01,Processing,59.82,Apple Pay
ORD008869,CUST03512,2026-06-08,Processing,27.12,Debit Card
ORD008870,CUST03829,2026-02-05,Cancelled,17.15,PayPal
ORD008871,CUST00566,2026-06-09,Completed,128.32,Google Pay
ORD008872,CUST02321,2026-07-10,Cancelled,44.55,Google Pay
ORD008873,CUST00901,2026-01-26,Processing,32.48,Credit Card
ORD008874,CUST02179,2026-03-06,Processing,17.44,Debit Card
ORD008875,CUST03593,2026-05-10,Cancelled,66.17,Debit Card
ORD008876,CUST02772,2026-03-11,Completed,50.08,PayPal
ORD008877,CUST00114,2026-05-06,Completed,37.4,Google Pay
ORD008878,CUST00532,2026-06-22,Cancelled,36.1,Credit Card
ORD008879,CUST01523,2026-07-25,Completed,72.43,Debit Card
ORD008880,CUST03411,2026-08-08,Completed,62.35,Google Pay
ORD008881,CUST01045,2026-08-13,Completed,18.07,Google Pay
ORD008882,CUST00033,2026-06-02,Completed,32.23,Apple Pay
ORD008883,CUST00133,2026-02-09,Processing,110.08,PayPal
ORD008884,CUST02968,2026-05-26,Completed,35.38,Debit Card
ORD008885,CUST01727,2026-04-20,Completed,114.28,Apple Pay
ORD008886,CUST00026,2026-04-08,Completed,60.17,PayPal
ORD008887,CUST02649,2026-01-12,Completed,42.76,Apple Pay
ORD008888,CUST04641,2026-08-07,Completed,45.24,Debit Card
ORD008889,CUST01262,2026-01-24,Completed,90.04,Credit Card
ORD008890,CUST02066,2026-08-13,Cancelled,31.09,Apple Pay
ORD008891,CUST03346,2026-07-26,Completed,23.49,Apple Pay
ORD008892,CUST00934,2026-06-20,Completed,36.13,Google Pay
ORD008893,CUST01051,2026-02-01,Processing,24.86,Debit Card
ORD008894,CUST00817,2026-04-24,Completed,28.4,Apple Pay
ORD008895,CUST04204,2026-07-28,Shipped,28.07,Credit Card
ORD008896,CUST00738,2026-02-16,Completed,66.11,Apple Pay
ORD008897,CUST02915,2026-06-22,Processing,15.16,PayPal
ORD008898,CUST03603,2026-02-04,Completed,64.33,Credit Card
ORD008899,CUST00793,2026-07-24,Shipped,55.19,Credit Card
ORD008900,CUST03176,2026-05-02,Completed,98.9,Apple Pay
ORD008901,CUST01356,2026-05-08,Completed,74.35,Apple Pay
ORD008902,CUST01386,2026-05-17,Completed,72.43,Google Pay
ORD008903,CUST03993,2026-01-10,Completed,29.73,Debit Card
ORD008904,CUST04385,2026-03-06,Completed,44.7,Google Pay
ORD008905,CUST01061,2026-07-06,Processing,20.6,PayPal
ORD008906,CUST01372,2026-04-08,Processing,135.94,Debit Card
ORD008907,CUST04139,2026-07-04,Completed,153.84,Google Pay
ORD008908,CUST01150,2026-08-05,Shipped,82.36,Google Pay
ORD008909,CUST03203,2026-08-02,Completed,25.45,Apple Pay
ORD008910,CUST03354,2026-01-10,Cancelled,93.47,Google Pay
ORD008911,CUST02943,2026-08-06,Completed,43.13,Apple Pay
ORD008912,CUST04629,2026-05-27,Processing,18.6,Credit Card
ORD008913,CUST03449,2026-04-19,Shipped,46.04,Debit Card
ORD008914,CUST03048,2026-06-27,Shipped,122.46,Apple Pay
ORD008915,CUST02711,2026-03-09,Completed,51.38,Google Pay
ORD008916,CUST01501,2026-04-14,Processing,64.49,Apple Pay
ORD008917,CUST00069,2026-01-05,Shipped,25.79,Credit Card
ORD008918,CUST01867,2026-06-06,Shipped,50.47,PayPal
ORD008919,CUST01949,2026-04-26,Completed,49.53,PayPal
ORD008920,CUST03902,2026-01-05,Shipped,29.17,Credit Card
ORD008921,CUST03509,2026-03-01,Shipped,67.85,Google Pay
ORD008922,CUST00301,2026-03-06,Completed,49.42,Debit Card
ORD008923,CUST04123,2026-05-07,Completed,87.49,Debit Card
ORD008924,CUST02978,2026-01-28,Completed,41.4,Apple Pay
ORD008925,CUST02601,2026-03-24,Completed,66.04,PayPal
ORD008926,CUST02154,2026-05-09,Completed,35.63,Credit Card
ORD008927,CUST04682,2026-01-29,Completed,19.52,Google Pay
ORD008928,CUST04906,2026-06-28,Cancelled,126.1,Credit Card
ORD008929,CUST04730,2026-06-13,Completed,42.86,PayPal
ORD008930,CUST04019,2026-06-09,Processing,31.44,Credit Card
ORD008931,CUST03083,2026-03-05,Cancelled,85.92,Credit Card
ORD008932,CUST04755,2026-05-22,Completed,60.14,Credit Card
ORD008933,CUST01240,2026-02-01,Completed,23.63,Apple Pay
ORD008934,CUST02934,2026-01-09,Completed,51.41,Google Pay
ORD008935,CUST02369,2026-07-30,Processing,18.65,Debit Card
ORD008936,CUST00460,2026-05-19,Processing,37.34,Google Pay
ORD008937,CUST04029,2026-06-25,Completed,153.85,PayPal
ORD008938,CUST02627,2026-06-28,Completed,28.42,Debit Card
ORD008939,CUST03764,2026-05-12,Cancelled,36.26,Apple Pay
ORD008940,CUST02802,2026-02-10,Completed,68.91,Debit Card
ORD008941,CUST04256,2026-01-25,Processing,28.21,Debit Card
ORD008942,CUST00464,2026-05-25,Processing,36.13,Debit Card
ORD008943,CUST00998,2026-06-24,Completed,123.32,Credit Card
ORD008944,CUST03007,2026-01-08,Completed,31.3,PayPal
ORD008945,CUST01679,2026-02-27,Completed,50.16,Apple Pay
ORD008946,CUST00865,2026-04-19,Completed,36.36,PayPal
ORD008947,CUST01191,2026-05-09,Shipped,41.79,Credit Card
ORD008948,CUST02698,2026-01-02,Processing,66.09,Apple Pay
ORD008949,CUST02375,2026-01-10,Completed,60.26,Credit Card
ORD008950,CUST00865,2026-04-01,Shipped,39.39,Apple Pay
ORD008951,CUST02577,2026-04-27,Cancelled,55.22,Apple Pay
ORD008952,CUST03916,2026-06-04,Shipped,114.63,Google Pay
ORD008953,CUST02927,2026-05-21,Shipped,56.19,Credit Card
ORD008954,CUST04430,2026-03-04,Completed,59.53,PayPal
ORD008955,CUST02398,2026-01-11,Completed,35.98,Credit Card
ORD008956,CUST02222,2026-05-22,Completed,86.32,Credit Card
ORD008957,CUST01783,2026-04-06,Processing,29.73,Credit Card
ORD008958,CUST03999,2026-07-27,Cancelled,152.53,Google Pay
ORD008959,CUST02804,2026-05-04,Cancelled,55.59,Google Pay
ORD008960,CUST04168,2026-04-03,Cancelled,48.58,Google Pay
ORD008961,CUST04548,2026-04-12,Processing,137.8,Google Pay
ORD008962,CUST02959,2026-04-08,Completed,98.6,Credit Card
ORD008963,CUST01779,2026-01-26,Completed,160.51,PayPal
ORD008964,CUST00826,2026-07-16,Completed,113.11,Debit Card
ORD008965,CUST03662,2026-07-30,Completed,39.47,Credit Card
ORD008966,CUST03370,2026-02-08,Completed,42.47,PayPal
ORD008967,CUST03096,2026-04-02,Processing,70.86,Debit Card
ORD008968,CUST02158,2026-06-05,Completed,47.85,Debit Card
ORD008969,CUST00052,2026-05-25,Cancelled,118.1,Google Pay
ORD008970,CUST03362,2026-06-14,Processing,31.16,Debit Card
ORD008971,CUST03516,2026-04-18,Completed,54.79,PayPal
ORD008972,CUST04563,2026-07-30,Completed,46.39,Google Pay
ORD008973,CUST03331,2026-06-04,Completed,45.72,Credit Card
ORD008974,CUST01675,2026-03-17,Cancelled,59.12,Credit Card
ORD008975,CUST02866,2026-03-08,Shipped,45.09,Google Pay
ORD008976,CUST01362,2026-05-02,Processing,45.57,Google Pay
ORD008977,CUST00787,2026-07-15,Processing,27.76,Debit Card
ORD008978,CUST00556,2026-06-24,Completed,58.01,Debit Card
ORD008979,CUST02040,2026-04-21,Processing,36.53,PayPal
ORD008980,CUST01763,2026-07-22,Completed,35.85,Google Pay
ORD008981,CUST02113,2026-06-11,Shipped,55.69,Credit Card
ORD008982,CUST02211,2026-01-18,Completed,72.17,PayPal
ORD008983,CUST01702,2026-02-04,Completed,200.34,Credit Card
ORD008984,CUST02087,2026-01-18,Completed,38.21,Credit Card
ORD008985,CUST02713,2026-07-17,Completed,99.54,PayPal
ORD008986,CUST02408,2026-06-11,Completed,49.7,Credit Card
ORD008987,CUST02317,2026-06-10,Processing,169.57,Google Pay
ORD008988,CUST01611,2026-05-08,Completed,237.06,Google Pay
ORD008989,CUST04353,2026-07-19,Completed,30.42,PayPal
ORD008990,CUST04706,2026-05-07,Cancelled,66.41,Credit Card
ORD008991,CUST01128,2026-03-25,Completed,76.84,Credit Card
ORD008992,CUST00905,2026-07-31,Cancelled,159.73,Debit Card
ORD008993,CUST00164,2026-02-12,Processing,31.46,Apple Pay
ORD008994,CUST01137,2026-03-23,Completed,122.49,PayPal
ORD008995,CUST04711,2026-01-27,Completed,62.08,Credit Card
ORD008996,CUST02026,2026-02-17,Completed,16.62,PayPal
ORD008997,CUST00106,2026-03-10,Shipped,56.99,Debit Card
ORD008998,CUST04795,2026-07-18,Cancelled,96.86,PayPal
ORD008999,CUST04460,2026-05-30,Cancelled,156.81,Google Pay
ORD009000,CUST03093,2026-06-11,Shipped,67.54,Credit Card
ORD009001,CUST02022,2026-06-20,Completed,57.58,Debit Card
ORD009002,CUST01153,2026-07-24,Completed,17.14,Google Pay
ORD009003,CUST00699,2026-04-26,Completed,76.26,Apple Pay
ORD009004,CUST03868,2026-08-12,Shipped,38.44,Apple Pay
ORD009005,CUST03271,2026-08-04,Shipped,49.24,PayPal
ORD009006,CUST00747,2026-05-04,Completed,112.12,Credit Card
ORD009007,CUST00961,2026-01-16,Completed,87.84,Apple Pay
ORD009008,CUST03492,2026-05-06,Processing,84.0,Debit Card
ORD009009,CUST03298,2026-01-14,Completed,32.35,Credit Card
ORD009010,CUST02978,2026-02-08,Processing,22.44,Debit Card
ORD009011,CUST00209,2026-07-18,Completed,36.89,Debit Card
ORD009012,CUST03317,2026-04-18,Cancelled,25.05,Debit Card
ORD009013,CUST01892,2026-01-12,Cancelled,129.01,Apple Pay
ORD009014,CUST01177,2026-07-31,Completed,68.66,PayPal
ORD009015,CUST03507,2026-04-07,Completed,220.33,Apple Pay
ORD009016,CUST02040,2026-02-24,Completed,82.33,Apple Pay
ORD009017,CUST03290,2026-05-14,Processing,163.25,PayPal
ORD009018,CUST01453,2026-02-09,Shipped,81.46,Google Pay
ORD009019,CUST04762,2026-04-01,Shipped,130.95,Debit Card
ORD009020,CUST03861,2026-01-13,Completed,60.9,Google Pay
ORD009021,CUST01618,2026-03-10,Cancelled,145.21,Debit Card
ORD009022,CUST00435,2026-06-01,Shipped,110.69,Google Pay
ORD009023,CUST02328,2026-07-21,Completed,22.86,Debit Card
ORD009024,CUST01647,2026-07-06,Completed,113.02,PayPal
ORD009025,CUST03164,2026-06-23,Shipped,97.14,PayPal
ORD009026,CUST04763,2026-04-06,Completed,15.63,PayPal
ORD009027,CUST01441,2026-07-20,Completed,54.95,Credit Card
ORD009028,CUST04444,2026-06-21,Cancelled,126.19,Debit Card
ORD009029,CUST04861,2026-07-23,Cancelled,13.18,PayPal
ORD009030,CUST00934,2026-01-11,Processing,96.69,Google Pay
ORD009031,CUST04279,2026-04-28,Processing,78.23,Credit Card
ORD009032,CUST02556,2026-03-02,Completed,62.54,Credit Card
ORD009033,CUST01147,2026-02-05,Completed,553.31,PayPal
ORD009034,CUST03997,2026-07-19,Processing,100.0,Apple Pay
ORD009035,CUST00381,2026-05-18,Completed,41.5,PayPal
ORD009036,CUST00825,2026-07-25,Cancelled,49.23,Apple Pay
ORD009037,CUST01539,2026-08-10,Cancelled,113.55,PayPal
ORD009038,CUST03376,2026-05-09,Completed,92.35,Debit Card
ORD009039,CUST01638,2026-03-04,Cancelled,50.29,Google Pay
ORD009040,CUST04288,2026-05-20,Cancelled,121.94,Apple Pay
ORD009041,CUST00525,2026-01-05,Cancelled,29.13,Apple Pay
ORD009042,CUST03108,2026-03-19,Completed,112.68,Credit Card
ORD009043,CUST01094,2026-02-05,Completed,43.8,Apple Pay
ORD009044,CUST00105,2026-05-25,Completed,95.51,Debit Card
ORD009045,CUST01740,2026-07-05,Completed,214.37,Google Pay
ORD009046,CUST02361,2026-05-30,Completed,16.45,Apple Pay
ORD009047,CUST03127,2026-06-08,Completed,47.12,Credit Card
ORD009048,CUST01677,2026-06-03,Cancelled,13.1,Google Pay
ORD009049,CUST02355,2026-01-13,Completed,94.12,Apple Pay
ORD009050,CUST04917,2026-07-10,Shipped,136.18,Debit Card
ORD009051,CUST04132,2026-07-14,Completed,37.91,Debit Card
ORD009052,CUST02935,2026-03-04,Processing,82.16,Google Pay
ORD009053,CUST01873,2026-01-11,Completed,75.94,Credit Card
ORD009054,CUST01043,2026-03-10,Completed,77.17,Debit Card
ORD009055,CUST03435,2026-07-11,Completed,95.31,PayPal
ORD009056,CUST01442,2026-04-12,Processing,88.82,PayPal
ORD009057,CUST01846,2026-07-15,Processing,43.95,Apple Pay
ORD009058,CUST03502,2026-02-01,Completed,46.88,Debit Card
ORD009059,CUST01542,2026-07-21,Completed,21.27,PayPal
ORD009060,CUST00467,2026-01-10,Completed,13.6,Apple Pay
ORD009061,CUST02945,2026-04-18,Completed,58.86,Apple Pay
ORD009062,CUST04295,2026-02-23,Cancelled,199.47,Apple Pay
ORD009063,CUST01592,2026-07-02,Processing,30.49,Credit Card
ORD009064,CUST02816,2026-03-23,Completed,40.02,Apple Pay
ORD009065,CUST04073,2026-07-09,Cancelled,63.03,Credit Card
ORD009066,CUST03573,2026-07-02,Completed,47.58,PayPal
ORD009067,CUST04337,2026-03-28,Completed,59.06,Apple Pay
ORD009068,CUST01194,2026-03-23,Completed,77.15,PayPal
ORD009069,CUST00294,2026-02-04,Completed,69.74,Debit Card
ORD009070,CUST00922,2026-03-08,Completed,30.86,Credit Card
ORD009071,CUST01339,2026-03-06,Completed,28.8,PayPal
ORD009072,CUST03199,2026-01-17,Cancelled,70.04,Apple Pay
ORD009073,CUST04564,2026-02-11,Completed,23.35,PayPal
ORD009074,CUST02415,2026-07-06,Shipped,128.81,Apple Pay
ORD009075,CUST04854,2026-07-17,Processing,73.76,Google Pay
ORD009076,CUST03476,2026-05-01,Shipped,132.83,Credit Card
ORD009077,CUST01542,2026-05-01,Cancelled,86.1,Debit Card
ORD009078,CUST02499,2026-05-19,Completed,57.31,PayPal
ORD009079,CUST00908,2026-03-19,Completed,122.37,PayPal
ORD009080,CUST02494,2026-01-28,Completed,59.38,Google Pay
ORD009081,CUST02128,2026-02-08,Cancelled,45.36,Apple Pay
ORD009082,CUST03089,2026-07-01,Completed,19.01,Debit Card
ORD009083,CUST04648,2026-04-10,Shipped,54.36,Apple Pay
ORD009084,CUST03991,2026-01-11,Shipped,34.4,Apple Pay
ORD009085,CUST03752,2026-04-25,Completed,35.86,PayPal
ORD009086,CUST02098,2026-07-05,Processing,42.49,PayPal
ORD009087,CUST03175,2026-04-27,Completed,86.72,PayPal
ORD009088,CUST00388,2026-06-17,Cancelled,29.36,Credit Card
ORD009089,CUST00299,2026-05-12,Completed,24.13,Credit Card
ORD009090,CUST04435,2026-03-05,Cancelled,17.2,PayPal
ORD009091,CUST03461,2026-06-25,Completed,81.32,Apple Pay
ORD009092,CUST04062,2026-07-17,Shipped,97.0,Debit Card
ORD009093,CUST00474,2026-03-24,Completed,41.33,Debit Card
ORD009094,CUST04712,2026-06-08,Completed,43.18,Apple Pay
ORD009095,CUST04888,2026-01-02,Processing,110.84,Google Pay
ORD009096,CUST03214,2026-02-12,Completed,54.31,Apple Pay
ORD009097,CUST04109,2026-08-05,Processing,78.35,Debit Card
ORD009098,CUST00449,2026-02-10,Completed,70.93,Google Pay
ORD009099,CUST02222,2026-03-01,Completed,29.97,Google Pay
ORD009100,CUST01983,2026-04-22,Completed,81.13,Debit Card
ORD009101,CUST03612,2026-07-22,Completed,67.74,Google Pay
ORD009102,CUST02643,2026-06-23,Cancelled,40.44,Credit Card
ORD009103,CUST01921,2026-02-09,Completed,47.52,PayPal
ORD009104,CUST02317,2026-02-28,Completed,23.04,Google Pay
ORD009105,CUST01275,2026-02-14,Completed,105.52,Google Pay
ORD009106,CUST04869,2026-02-11,Completed,68.88,Credit Card
ORD009107,CUST01616,2026-04-29,Processing,66.07,Credit Card
ORD009108,CUST04984,2026-05-29,Completed,63.87,Apple Pay
ORD009109,CUST03619,2026-05-11,Cancelled,79.13,Debit Card
ORD009110,CUST02307,2026-07-13,Processing,21.1,Apple Pay
ORD009111,CUST00260,2026-05-19,Shipped,412.87,Debit Card
ORD009112,CUST03207,2026-01-24,Completed,99.69,Credit Card
ORD009113,CUST01513,2026-02-19,Shipped,77.76,PayPal
ORD009114,CUST04739,2026-03-29,Completed,220.12,Debit Card
ORD009115,CUST02129,2026-01-21,Shipped,77.14,Debit Card
ORD009116,CUST03439,2026-06-02,Completed,232.29,Credit Card
ORD009117,CUST02177,2026-05-12,Completed,266.24,Google Pay
ORD009118,CUST04508,2026-05-05,Completed,156.73,Apple Pay
ORD009119,CUST03509,2026-02-12,Completed,60.16,PayPal
ORD009120,CUST04711,2026-06-24,Completed,57.53,Debit Card
ORD009121,CUST04995,2026-01-23,Completed,46.84,Google Pay
ORD009122,CUST03081,2026-07-07,Completed,106.39,Credit Card
ORD009123,CUST00232,2026-08-04,Cancelled,29.36,Debit Card
ORD009124,CUST00730,2026-01-21,Shipped,54.32,Google Pay
ORD009125,CUST03013,2026-07-13,Completed,13.07,Apple Pay
ORD009126,CUST02930,2026-08-03,Cancelled,29.07,Credit Card
ORD009127,CUST00318,2026-06-28,Completed,64.69,Google Pay
ORD009128,CUST01531,2026-05-23,Completed,90.99,Google Pay
ORD009129,CUST01111,2026-02-27,Cancelled,122.16,Debit Card
ORD009130,CUST00716,2026-01-26,Processing,63.7,Apple Pay
ORD009131,CUST01342,2026-08-06,Completed,40.91,Credit Card
ORD009132,CUST03405,2026-08-08,Completed,39.94,Credit Card
ORD009133,CUST03313,2026-02-28,Completed,38.19,Apple Pay
ORD009134,CUST03121,2026-03-31,Completed,250.6,PayPal
ORD009135,CUST03088,2026-02-14,Processing,44.69,Debit Card
ORD009136,CUST00202,2026-07-13,Processing,79.08,Google Pay
ORD009137,CUST02141,2026-06-12,Cancelled,51.25,Debit Card
ORD009138,CUST01673,2026-08-12,Cancelled,91.54,Apple Pay
ORD009139,CUST01057,2026-04-04,Completed,30.5,Google Pay
ORD009140,CUST03672,2026-04-20,Completed,41.47,PayPal
ORD009141,CUST00419,2026-03-05,Completed,82.86,Apple Pay
ORD009142,CUST02599,2026-03-25,Shipped,37.78,Debit Card
ORD009143,CUST00626,2026-03-18,Completed,96.69,Google Pay
ORD009144,CUST04941,2026-01-27,Cancelled,87.27,Credit Card
ORD009145,CUST03831,2026-03-28,Processing,60.48,Google Pay
ORD009146,CUST01879,2026-07-27,Completed,51.91,Google Pay
ORD009147,CUST01945,2026-06-08,Completed,53.03,Apple Pay
ORD009148,CUST02930,2026-01-12,Completed,107.04,PayPal
ORD009149,CUST02768,2026-08-13,Completed,86.72,Google Pay
ORD009150,CUST03384,2026-04-12,Completed,181.22,Google Pay
ORD009151,CUST03541,2026-02-14,Completed,25.23,PayPal
ORD009152,CUST00394,2026-05-08,Completed,22.05,PayPal
ORD009153,CUST02857,2026-02-01,Shipped,47.09,Google Pay
ORD009154,CUST02920,2026-02-23,Completed,51.49,Credit Card
ORD009155,CUST02619,2026-07-13,Completed,57.01,Credit Card
ORD009156,CUST00632,2026-04-23,Shipped,174.99,Credit Card
ORD009157,CUST02857,2026-04-25,Completed,76.35,Apple Pay
ORD009158,CUST00322,2026-08-03,Processing,70.38,Apple Pay
ORD009159,CUST03507,2026-02-01,Cancelled,41.0,Credit Card
ORD009160,CUST04670,2026-05-23,Shipped,54.48,Credit Card
ORD009161,CUST01694,2026-04-14,Cancelled,66.73,Credit Card
ORD009162,CUST01064,2026-02-24,Shipped,54.53,PayPal
ORD009163,CUST03112,2026-02-10,Cancelled,67.8,Debit Card
ORD009164,CUST01477,2026-05-07,Cancelled,80.72,Apple Pay
ORD009165,CUST02918,2026-02-09,Processing,114.8,Apple Pay
ORD009166,CUST03262,2026-03-13,Cancelled,114.91,Apple Pay
ORD009167,CUST02794,2026-04-24,Shipped,78.1,Debit Card
ORD009168,CUST03087,2026-06-26,Cancelled,145.85,Google Pay
ORD009169,CUST03812,2026-08-02,Completed,75.62,Apple Pay
ORD009170,CUST03971,2026-02-07,Cancelled,34.89,Google Pay
ORD009171,CUST03352,2026-02-25,Completed,19.61,PayPal
ORD009172,CUST00959,2026-02-03,Cancelled,158.51,Credit Card
ORD009173,CUST04144,2026-05-09,Completed,40.57,Credit Card
ORD009174,CUST01583,2026-01-10,Processing,115.07,PayPal
ORD009175,CUST03177,2026-06-17,Completed,171.37,Credit Card
ORD009176,CUST02417,2026-01-16,Shipped,31.56,PayPal
ORD009177,CUST00460,2026-08-04,Completed,33.66,Credit Card
ORD009178,CUST02295,2026-06-23,Cancelled,115.54,PayPal
ORD009179,CUST02312,2026-06-01,Cancelled,81.86,PayPal
ORD009180,CUST01230,2026-01-14,Shipped,50.49,Credit Card
ORD009181,CUST01531,2026-03-31,Processing,74.67,Google Pay
ORD009182,CUST04626,2026-06-16,Shipped,101.69,Apple Pay
ORD009183,CUST01388,2026-01-18,Completed,109.72,Apple Pay
ORD009184,CUST02798,2026-03-25,Cancelled,169.4,Debit Card
ORD009185,CUST01364,2026-06-18,Shipped,38.65,Debit Card
ORD009186,CUST04503,2026-02-25,Shipped,139.19,Credit Card
ORD009187,CUST00453,2026-06-13,Cancelled,238.96,Apple Pay
ORD009188,CUST03905,2026-06-01,Shipped,87.94,Debit Card
ORD009189,CUST04910,2026-03-31,Cancelled,177.14,Apple Pay
ORD009190,CUST00578,2026-01-29,Shipped,53.27,PayPal
ORD009191,CUST03920,2026-01-22,Completed,69.29,Google Pay
ORD009192,CUST03013,2026-01-11,Completed,86.94,PayPal
ORD009193,CUST03265,2026-02-10,Completed,68.46,Debit Card
ORD009194,CUST01932,2026-06-26,Processing,37.07,Debit Card
ORD009195,CUST04243,2026-05-19,Completed,28.22,Credit Card
ORD009196,CUST04502,2026-02-21,Completed,120.1,Google Pay
ORD009197,CUST00183,2026-03-08,Processing,113.14,Google Pay
ORD009198,CUST03178,2026-03-26,Processing,18.64,Apple Pay
ORD009199,CUST00236,2026-03-16,Cancelled,98.69,Credit Card
ORD009200,CUST00638,2026-05-16,Cancelled,79.39,Google Pay
ORD009201,CUST03006,2026-06-08,Shipped,41.78,Debit Card
ORD009202,CUST04275,2026-05-03,Completed,78.54,PayPal
ORD009203,CUST02480,2026-07-21,Cancelled,31.05,PayPal
ORD009204,CUST03473,2026-01-06,Completed,45.27,Google Pay
ORD009205,CUST00525,2026-03-22,Completed,34.17,PayPal
ORD009206,CUST02791,2026-07-18,Cancelled,112.8,Debit Card
ORD009207,CUST02371,2026-08-12,Completed,48.49,Apple Pay
ORD009208,CUST01285,2026-01-13,Shipped,43.23,Debit Card
ORD009209,CUST01636,2026-01-06,Completed,37.11,Google Pay
ORD009210,CUST01724,2026-07-14,Shipped,101.84,Debit Card
ORD009211,CUST02447,2026-06-04,Completed,93.49,Debit Card
ORD009212,CUST04433,2026-05-01,Processing,46.92,PayPal
ORD009213,CUST04215,2026-02-14,Completed,82.3,Apple Pay
ORD009214,CUST01582,2026-04-16,Processing,7.94,Credit Card
ORD009215,CUST02461,2026-01-26,Completed,33.68,Google Pay
ORD009216,CUST00580,2026-01-04,Shipped,140.13,Google Pay
ORD009217,CUST03942,2026-02-06,Completed,51.35,Debit Card
ORD009218,CUST00196,2026-01-21,Cancelled,27.27,PayPal
ORD009219,CUST00333,2026-01-28,Completed,207.49,PayPal
ORD009220,CUST03092,2026-07-29,Completed,19.32,Google Pay
ORD009221,CUST04719,2026-02-01,Completed,25.63,Credit Card
ORD009222,CUST00658,2026-04-13,Cancelled,32.75,Credit Card
ORD009223,CUST00704,2026-06-30,Completed,36.28,Apple Pay
ORD009224,CUST04979,2026-06-10,Completed,155.99,Debit Card
ORD009225,CUST01450,2026-01-26,Processing,52.71,Google Pay
ORD009226,CUST01253,2026-05-25,Cancelled,307.12,Credit Card
ORD009227,CUST00524,2026-07-03,Shipped,15.51,Credit Card
ORD009228,CUST02265,2026-04-26,Shipped,122.04,PayPal
ORD009229,CUST02423,2026-04-03,Processing,45.73,Apple Pay
ORD009230,CUST00036,2026-07-31,Completed,45.77,Google Pay
ORD009231,CUST00776,2026-01-30,Completed,43.55,Apple Pay
ORD009232,CUST00028,2026-05-01,Processing,49.31,Credit Card
ORD009233,CUST00086,2026-01-05,Shipped,112.59,Apple Pay
ORD009234,CUST02236,2026-04-28,Completed,38.12,Credit Card
ORD009235,CUST02353,2026-01-06,Shipped,60.48,PayPal
ORD009236,CUST03494,2026-04-16,Completed,129.74,Debit Card
ORD009237,CUST04282,2026-05-04,Shipped,13.79,Google Pay
ORD009238,CUST04654,2026-07-09,Processing,253.21,Debit Card
ORD009239,CUST02557,2026-05-18,Completed,142.45,Apple Pay
ORD009240,CUST04313,2026-03-11,Shipped,85.55,Credit Card
ORD009241,CUST00257,2026-05-18,Processing,80.43,Debit Card
ORD009242,CUST03807,2026-04-16,Processing,72.17,PayPal
ORD009243,CUST01448,2026-08-01,Processing,39.9,Apple Pay
ORD009244,CUST04420,2026-02-13,Completed,111.13,Apple Pay
ORD009245,CUST02245,2026-02-25,Processing,53.28,Debit Card
ORD009246,CUST04600,2026-05-12,Completed,30.3,Apple Pay
ORD009247,CUST03344,2026-01-13,Cancelled,148.97,Google Pay
ORD009248,CUST00694,2026-05-02,Completed,33.12,Debit Card
ORD009249,CUST02066,2026-07-21,Completed,113.94,Debit Card
ORD009250,CUST03601,2026-07-27,Completed,54.32,PayPal
ORD009251,CUST04221,2026-01-19,Cancelled,90.7,Apple Pay
ORD009252,CUST00483,2026-07-17,Processing,31.09,PayPal
ORD009253,CUST03666,2026-03-31,Completed,30.53,Apple Pay
ORD009254,CUST03076,2026-07-09,Cancelled,103.56,Debit Card
ORD009255,CUST02675,2026-01-09,Completed,178.34,Apple Pay
ORD009256,CUST02399,2026-02-15,Completed,141.0,PayPal
ORD009257,CUST00351,2026-02-25,Completed,76.18,Debit Card
ORD009258,CUST00649,2026-03-15,Processing,27.89,Apple Pay
ORD009259,CUST03871,2026-02-09,Cancelled,13.29,PayPal
ORD009260,CUST00228,2026-03-08,Completed,227.92,Apple Pay
ORD009261,CUST02064,2026-04-23,Cancelled,41.43,PayPal
ORD009262,CUST00425,2026-03-24,Shipped,153.27,Google Pay
ORD009263,CUST02512,2026-03-03,Completed,90.99,PayPal
ORD009264,CUST04820,2026-06-23,Shipped,13.88,Credit Card
ORD009265,CUST01822,2026-05-14,Completed,53.85,Apple Pay
ORD009266,CUST04890,2026-01-29,Completed,83.48,Credit Card
ORD009267,CUST04273,2026-01-19,Completed,18.77,Google Pay
ORD009268,CUST02591,2026-04-24,Completed,45.91,PayPal
ORD009269,CUST02557,2026-04-18,Shipped,28.38,Debit Card
ORD009270,CUST01586,2026-05-23,Shipped,163.52,Debit Card
ORD009271,CUST01679,2026-02-26,Cancelled,34.12,PayPal
ORD009272,CUST04660,2026-02-07,Completed,82.28,Google Pay
ORD009273,CUST02281,2026-01-21,Completed,33.79,PayPal
ORD009274,CUST03750,2026-02-20,Completed,37.85,Debit Card
ORD009275,CUST02539,2026-06-16,Completed,53.96,Debit Card
ORD009276,CUST01017,2026-08-03,Completed,65.07,Debit Card
ORD009277,CUST00444,2026-01-20,Completed,62.48,PayPal
ORD009278,CUST02068,2026-01-02,Completed,18.7,Google Pay
ORD009279,CUST03683,2026-02-01,Shipped,114.87,Google Pay
ORD009280,CUST03799,2026-04-21,Shipped,178.3,Google Pay
ORD009281,CUST03628,2026-04-02,Shipped,68.7,Debit Card
ORD009282,CUST00111,2026-05-12,Processing,55.17,Apple Pay
ORD009283,CUST02535,2026-01-07,Processing,130.86,PayPal
ORD009284,CUST00089,2026-01-03,Shipped,88.91,Debit Card
ORD009285,CUST03391,2026-01-25,Processing,60.23,Google Pay
ORD009286,CUST01942,2026-04-22,Processing,44.63,PayPal
ORD009287,CUST03311,2026-01-09,Cancelled,61.85,Google Pay
ORD009288,CUST00072,2026-08-03,Completed,17.47,Credit Card
ORD009289,CUST00822,2026-08-03,Cancelled,73.68,Debit Card
ORD009290,CUST03471,2026-01-26,Completed,172.51,Google Pay
ORD009291,CUST00816,2026-03-05,Shipped,14.27,Credit Card
ORD009292,CUST00404,2026-01-18,Cancelled,12.2,Google Pay
ORD009293,CUST01699,2026-08-04,Cancelled,109.73,Debit Card
ORD009294,CUST04347,2026-04-01,Processing,280.38,Apple Pay
ORD009295,CUST02917,2026-01-02,Completed,246.57,Google Pay
ORD009296,CUST02043,2026-01-01,Completed,52.48,Google Pay
ORD009297,CUST01954,2026-02-17,Cancelled,96.87,Credit Card
ORD009298,CUST04964,2026-07-27,Completed,145.11,Debit Card
ORD009299,CUST03294,2026-07-10,Completed,22.58,Google Pay
ORD009300,CUST03703,2026-04-17,Completed,17.36,PayPal
ORD009301,CUST03254,2026-08-04,Completed,53.01,Debit Card
ORD009302,CUST04992,2026-06-13,Shipped,32.84,Credit Card
ORD009303,CUST03802,2026-07-10,Cancelled,77.06,Credit Card
ORD009304,CUST00256,2026-03-16,Completed,47.87,Credit Card
ORD009305,CUST01932,2026-01-26,Cancelled,221.49,Debit Card
ORD009306,CUST01112,2026-01-06,Completed,101.1,Debit Card
ORD009307,CUST00873,2026-01-26,Completed,55.21,Google Pay
ORD009308,CUST04588,2026-08-09,Shipped,14.63,Credit Card
ORD009309,CUST01562,2026-02-12,Completed,84.79,Credit Card
ORD009310,CUST04729,2026-05-02,Completed,76.45,Debit Card
ORD009311,CUST04458,2026-05-09,Completed,52.58,Debit Card
ORD009312,CUST00894,2026-01-09,Completed,41.26,PayPal
ORD009313,CUST02685,2026-01-27,Completed,42.42,Credit Card
ORD009314,CUST01247,2026-03-12,Completed,175.68,Debit Card
ORD009315,CUST00747,2026-04-27,Processing,159.89,Debit Card
ORD009316,CUST04054,2026-04-28,Completed,48.88,Google Pay
ORD009317,CUST04086,2026-01-03,Shipped,83.19,Credit Card
ORD009318,CUST01007,2026-07-08,Completed,87.13,PayPal
ORD009319,CUST02741,2026-07-20,Completed,25.58,Debit Card
ORD009320,CUST04311,2026-05-10,Completed,38.14,Google Pay
ORD009321,CUST04323,2026-05-04,Completed,158.43,Google Pay
ORD009322,CUST00891,2026-03-15,Completed,30.66,Apple Pay
ORD009323,CUST02492,2026-03-22,Completed,42.01,Credit Card
ORD009324,CUST02877,2026-06-08,Completed,54.04,Google Pay
ORD009325,CUST01632,2026-03-06,Completed,53.16,PayPal
ORD009326,CUST03704,2026-05-02,Completed,32.4,Credit Card
ORD009327,CUST02027,2026-05-26,Processing,48.19,PayPal
ORD009328,CUST04108,2026-05-14,Completed,15.95,Google Pay
ORD009329,CUST03323,2026-04-12,Completed,96.25,Credit Card
ORD009330,CUST00742,2026-02-11,Shipped,57.24,Google Pay
ORD009331,CUST03009,2026-04-21,Completed,22.53,Google Pay
ORD009332,CUST01977,2026-07-15,Completed,40.62,Google Pay
ORD009333,CUST03663,2026-04-14,Shipped,13.62,Debit Card
ORD009334,CUST03801,2026-01-04,Cancelled,27.44,Debit Card
ORD009335,CUST03572,2026-04-09,Cancelled,18.37,PayPal
ORD009336,CUST02912,2026-05-12,Cancelled,304.57,Debit Card
ORD009337,CUST03085,2026-03-06,Completed,74.14,PayPal
ORD009338,CUST00774,2026-02-10,Completed,62.82,Debit Card
ORD009339,CUST02145,2026-06-20,Completed,31.89,Google Pay
ORD009340,CUST00993,2026-08-11,Completed,74.52,Debit Card
ORD009341,CUST01839,2026-07-02,Shipped,68.27,Apple Pay
ORD009342,CUST03814,2026-05-27,Processing,105.73,Google Pay
ORD009343,CUST04908,2026-05-29,Processing,43.71,Apple Pay
ORD009344,CUST03322,2026-07-05,Completed,40.08,Google Pay
ORD009345,CUST03843,2026-06-07,Completed,39.37,Debit Card
ORD009346,CUST03254,2026-04-26,Processing,51.14,Credit Card
ORD009347,CUST01876,2026-05-15,Shipped,68.2,PayPal
ORD009348,CUST03238,2026-07-16,Completed,152.49,Google Pay
ORD009349,CUST00004,2026-03-05,Shipped,146.05,Credit Card
ORD009350,CUST00165,2026-01-02,Completed,53.01,Credit Card
ORD009351,CUST04440,2026-04-25,Shipped,349.24,Debit Card
ORD009352,CUST01898,2026-07-14,Cancelled,86.14,Google Pay
ORD009353,CUST03241,2026-05-08,Completed,91.1,Credit Card
ORD009354,CUST02568,2026-03-20,Shipped,108.63,PayPal
ORD009355,CUST03508,2026-04-11,Completed,147.86,Apple Pay
ORD009356,CUST02560,2026-04-29,Shipped,121.3,Debit Card
ORD009357,CUST01339,2026-03-15,Cancelled,41.04,Debit Card
ORD009358,CUST04638,2026-01-09,Processing,47.53,Debit Card
ORD009359,CUST00613,2026-01-23,Completed,24.33,PayPal
ORD009360,CUST04996,2026-01-14,Completed,90.35,Debit Card
ORD009361,CUST01885,2026-02-23,Shipped,119.16,PayPal
ORD009362,CUST04025,2026-05-04,Completed,123.86,Credit Card
ORD009363,CUST03135,2026-02-14,Completed,73.7,Google Pay
ORD009364,CUST01056,2026-08-13,Processing,95.62,Credit Card
ORD009365,CUST01623,2026-01-16,Completed,19.29,Google Pay
ORD009366,CUST03283,2026-07-31,Cancelled,45.29,Debit Card
ORD009367,CUST02611,2026-07-19,Completed,42.47,Credit Card
ORD009368,CUST03070,2026-04-12,Shipped,169.18,PayPal
ORD009369,CUST01256,2026-08-14,Cancelled,77.34,Debit Card
ORD009370,CUST02661,2026-04-05,Processing,75.39,Credit Card
ORD009371,CUST04225,2026-04-19,Processing,23.78,Credit Card
ORD009372,CUST01043,2026-07-04,Completed,24.91,PayPal
ORD009373,CUST04453,2026-05-16,Completed,52.73,PayPal
ORD009374,CUST01443,2026-01-25,Processing,103.85,Credit Card
ORD009375,CUST03678,2026-06-18,Completed,32.79,PayPal
ORD009376,CUST04177,2026-03-03,Completed,169.36,Apple Pay
ORD009377,CUST03687,2026-03-18,Completed,35.18,Apple Pay
ORD009378,CUST01905,2026-05-26,Completed,88.44,PayPal
ORD009379,CUST02714,2026-02-19,Cancelled,37.81,Credit Card
ORD009380,CUST01878,2026-06-18,Completed,145.73,PayPal
ORD009381,CUST00791,2026-02-03,Completed,233.13,PayPal
ORD009382,CUST00225,2026-04-10,Completed,93.69,Google Pay
ORD009383,CUST03035,2026-04-24,Cancelled,39.2,Apple Pay
ORD009384,CUST04876,2026-03-22,Cancelled,32.79,Debit Card
ORD009385,CUST04233,2026-01-12,Completed,36.88,Debit Card
ORD009386,CUST00226,2026-07-27,Cancelled,43.9,Debit Card
ORD009387,CUST03406,2026-03-18,Completed,40.69,PayPal
ORD009388,CUST03180,2026-03-16,Completed,149.44,Debit Card
ORD009389,CUST00812,2026-07-25,Shipped,65.86,Google Pay
ORD009390,CUST02493,2026-06-19,Shipped,89.55,PayPal
ORD009391,CUST04103,2026-02-24,Completed,25.43,Credit Card
ORD009392,CUST04224,2026-04-02,Completed,48.04,Credit Card
ORD009393,CUST04067,2026-07-06,Completed,93.64,PayPal
ORD009394,CUST04363,2026-06-28,Completed,44.66,Apple Pay
ORD009395,CUST04310,2026-03-29,Completed,75.77,Apple Pay
ORD009396,CUST00247,2026-06-30,Completed,45.84,Credit Card
ORD009397,CUST01619,2026-07-28,Completed,140.33,Debit Card
ORD009398,CUST01828,2026-01-09,Cancelled,61.38,Google Pay
ORD009399,CUST03446,2026-08-10,Completed,39.65,PayPal
ORD009400,CUST00421,2026-01-03,Cancelled,75.42,Google Pay
ORD009401,CUST02765,2026-04-28,Processing,75.55,Google Pay
ORD009402,CUST01372,2026-05-16,Processing,118.88,Google Pay
ORD009403,CUST04239,2026-07-29,Shipped,25.78,PayPal
ORD009404,CUST02189,2026-07-06,Cancelled,31.65,Debit Card
ORD009405,CUST02613,2026-01-30,Completed,71.48,PayPal
ORD009406,CUST02081,2026-03-08,Cancelled,41.3,Credit Card
ORD009407,CUST04325,2026-02-24,Cancelled,67.07,Debit Card
ORD009408,CUST02736,2026-06-11,Completed,71.64,Credit Card
ORD009409,CUST00830,2026-05-03,Completed,32.05,Google Pay
ORD009410,CUST03059,2026-02-12,Cancelled,73.56,Debit Card
ORD009411,CUST00850,2026-06-05,Cancelled,41.65,Google Pay
ORD009412,CUST02781,2026-06-14,Cancelled,20.0,Credit Card
ORD009413,CUST01154,2026-08-05,Shipped,59.86,PayPal
ORD009414,CUST04941,2026-06-07,Completed,45.3,Debit Card
ORD009415,CUST03830,2026-03-12,Completed,38.74,Google Pay
ORD009416,CUST02683,2026-03-03,Completed,65.12,Apple Pay
ORD009417,CUST03080,2026-04-20,Cancelled,85.37,Google Pay
ORD009418,CUST00403,2026-01-29,Cancelled,40.98,Credit Card
ORD009419,CUST02976,2026-04-25,Processing,109.64,Credit Card
ORD009420,CUST01603,2026-01-02,Completed,31.26,PayPal
ORD009421,CUST04723,2026-03-31,Cancelled,40.94,Debit Card
ORD009422,CUST00981,2026-04-15,Completed,171.2,Apple Pay
ORD009423,CUST02295,2026-02-26,Completed,34.83,Credit Card
ORD009424,CUST02385,2026-07-04,Processing,59.76,Debit Card
ORD009425,CUST03353,2026-02-11,Processing,35.39,Apple Pay
ORD009426,CUST04129,2026-02-18,Completed,166.32,PayPal
ORD009427,CUST00799,2026-07-04,Cancelled,33.38,Debit Card
ORD009428,CUST02596,2026-07-18,Processing,196.73,Google Pay
ORD009429,CUST01367,2026-01-18,Processing,128.84,Apple Pay
ORD009430,CUST02939,2026-07-17,Processing,80.83,Google Pay
ORD009431,CUST01263,2026-01-27,Cancelled,110.43,Google Pay
ORD009432,CUST02777,2026-04-28,Shipped,237.74,Apple Pay
ORD009433,CUST03249,2026-02-23,Processing,41.57,Google Pay
ORD009434,CUST00304,2026-06-01,Completed,67.73,Apple Pay
ORD009435,CUST01694,2026-08-13,Completed,60.11,Google Pay
ORD009436,CUST02317,2026-08-11,Shipped,35.05,PayPal
ORD009437,CUST04496,2026-06-11,Completed,45.39,PayPal
ORD009438,CUST00922,2026-05-30,Completed,73.91,Debit Card
ORD009439,CUST00421,2026-08-04,Completed,293.11,Google Pay
ORD009440,CUST02179,2026-03-04,Shipped,28.56,PayPal
ORD009441,CUST03810,2026-06-13,Cancelled,59.58,PayPal
ORD009442,CUST01167,2026-04-02,Completed,46.65,PayPal
ORD009443,CUST04674,2026-03-25,Processing,89.82,Credit Card
ORD009444,CUST00540,2026-03-02,Completed,90.72,Google Pay
ORD009445,CUST03500,2026-03-23,Completed,23.91,Debit Card
ORD009446,CUST01461,2026-02-11,Completed,68.16,PayPal
ORD009447,CUST04688,2026-04-06,Cancelled,14.1,Apple Pay
ORD009448,CUST04740,2026-06-10,Completed,133.24,Credit Card
ORD009449,CUST00328,2026-03-15,Completed,18.11,Google Pay
ORD009450,CUST02860,2026-05-17,Shipped,31.87,Debit Card
ORD009451,CUST02094,2026-04-29,Cancelled,82.06,PayPal
ORD009452,CUST02132,2026-01-25,Processing,38.14,Apple Pay
ORD009453,CUST02842,2026-05-21,Shipped,78.29,Credit Card
ORD009454,CUST00352,2026-02-16,Completed,214.29,Apple Pay
ORD009455,CUST04733,2026-05-02,Completed,127.83,Apple Pay
ORD009456,CUST03909,2026-06-22,Cancelled,43.04,Credit Card
ORD009457,CUST00234,2026-05-13,Cancelled,51.4,Apple Pay
ORD009458,CUST03123,2026-01-31,Completed,26.23,PayPal
ORD009459,CUST04877,2026-06-08,Shipped,125.9,Credit Card
ORD009460,CUST02729,2026-04-08,Shipped,85.73,Google Pay
ORD009461,CUST00933,2026-08-06,Cancelled,33.82,Credit Card
ORD009462,CUST01824,2026-07-18,Processing,75.68,Debit Card
ORD009463,CUST03501,2026-06-18,Shipped,20.29,PayPal
ORD009464,CUST04074,2026-04-25,Cancelled,77.81,Google Pay
ORD009465,CUST03346,2026-06-23,Processing,148.51,PayPal
ORD009466,CUST00861,2026-02-21,Completed,99.87,PayPal
ORD009467,CUST01231,2026-07-31,Cancelled,73.53,Credit Card
ORD009468,CUST02196,2026-04-17,Processing,126.64,Google Pay
ORD009469,CUST04396,2026-03-27,Completed,44.41,Credit Card
ORD009470,CUST01477,2026-05-13,Completed,13.32,Debit Card
ORD009471,CUST02024,2026-01-12,Completed,159.84,Debit Card
ORD009472,CUST02597,2026-01-21,Completed,112.47,Debit Card
ORD009473,CUST02431,2026-01-09,Completed,76.73,Credit Card
ORD009474,CUST03690,2026-04-03,Completed,65.06,Credit Card
ORD009475,CUST00534,2026-04-01,Cancelled,107.97,Debit Card
ORD009476,CUST01257,2026-05-25,Completed,107.87,Credit Card
ORD009477,CUST01658,2026-04-14,Processing,53.83,Apple Pay
ORD009478,CUST01153,2026-06-01,Cancelled,151.54,Apple Pay
ORD009479,CUST03894,2026-06-04,Completed,104.15,Apple Pay
ORD009480,CUST01753,2026-05-16,Shipped,40.15,PayPal
ORD009481,CUST01684,2026-06-21,Completed,304.68,Google Pay
ORD009482,CUST02979,2026-03-03,Completed,35.12,Google Pay
ORD009483,CUST04333,2026-01-29,Shipped,15.45,Google Pay
ORD009484,CUST03654,2026-03-24,Processing,23.97,Debit Card
ORD009485,CUST03014,2026-03-15,Completed,139.45,Apple Pay
ORD009486,CUST00701,2026-06-01,Shipped,143.69,Apple Pay
ORD009487,CUST04671,2026-02-03,Completed,30.9,Credit Card
ORD009488,CUST03065,2026-03-01,Completed,40.0,PayPal
ORD009489,CUST04867,2026-04-14,Shipped,40.3,PayPal
ORD009490,CUST01765,2026-06-08,Shipped,109.92,Apple Pay
ORD009491,CUST04319,2026-04-25,Completed,26.51,Credit Card
ORD009492,CUST01123,2026-05-12,Completed,120.38,Apple Pay
ORD009493,CUST03831,2026-08-11,Completed,69.0,Debit Card
ORD009494,CUST02959,2026-05-17,Completed,41.32,Debit Card
ORD009495,CUST02321,2026-03-31,Completed,44.4,Google Pay
ORD009496,CUST01423,2026-03-18,Cancelled,51.42,Google Pay
ORD009497,CUST01541,2026-05-01,Completed,52.16,Apple Pay
ORD009498,CUST04526,2026-08-06,Processing,37.41,Google Pay
ORD009499,CUST00523,2026-07-01,Shipped,262.31,Apple Pay
ORD009500,CUST03008,2026-01-01,Shipped,90.48,PayPal
ORD009501,CUST02499,2026-07-08,Completed,114.28,Debit Card
ORD009502,CUST02090,2026-03-14,Completed,67.25,Credit Card
ORD009503,CUST01739,2026-06-08,Completed,74.11,Credit Card
ORD009504,CUST04190,2026-03-29,Shipped,48.6,PayPal
ORD009505,CUST02534,2026-02-14,Completed,133.53,Apple Pay
ORD009506,CUST02565,2026-03-01,Processing,64.21,Debit Card
ORD009507,CUST02765,2026-03-27,Processing,37.96,Apple Pay
ORD009508,CUST00499,2026-07-20,Shipped,9.32,Apple Pay
ORD009509,CUST02419,2026-04-13,Cancelled,32.82,PayPal
ORD009510,CUST02747,2026-03-28,Completed,53.67,PayPal
ORD009511,CUST00485,2026-07-31,Completed,62.82,Google Pay
ORD009512,CUST00665,2026-04-29,Completed,26.66,PayPal
ORD009513,CUST03455,2026-02-11,Processing,13.41,Google Pay
ORD009514,CUST00628,2026-08-01,Completed,284.48,Credit Card
ORD009515,CUST01685,2026-06-04,Completed,60.5,Google Pay
ORD009516,CUST00732,2026-07-05,Completed,48.16,Google Pay
ORD009517,CUST04288,2026-07-16,Shipped,69.1,Credit Card
ORD009518,CUST01245,2026-03-22,Processing,28.55,Debit Card
ORD009519,CUST02175,2026-08-14,Cancelled,129.63,Apple Pay
ORD009520,CUST03875,2026-07-20,Completed,43.14,Apple Pay
ORD009521,CUST02775,2026-06-11,Processing,36.33,PayPal
ORD009522,CUST03079,2026-01-10,Shipped,39.81,PayPal
ORD009523,CUST04792,2026-05-03,Processing,37.65,Debit Card
ORD009524,CUST01140,2026-07-13,Completed,27.43,PayPal
ORD009525,CUST04660,2026-04-21,Completed,82.17,Apple Pay
ORD009526,CUST03118,2026-01-25,Processing,90.75,Google Pay
ORD009527,CUST02441,2026-01-03,Cancelled,24.03,Google Pay
ORD009528,CUST04119,2026-06-11,Processing,49.87,PayPal
ORD009529,CUST03203,2026-03-12,Processing,66.26,Apple Pay
ORD009530,CUST03199,2026-01-28,Shipped,42.27,Credit Card
ORD009531,CUST04541,2026-05-17,Completed,105.6,Credit Card
ORD009532,CUST04873,2026-01-11,Cancelled,179.49,Google Pay
ORD009533,CUST02045,2026-04-03,Completed,83.99,Apple Pay
ORD009534,CUST00708,2026-04-28,Completed,60.39,Google Pay
ORD009535,CUST00433,2026-05-04,Completed,35.3,Apple Pay
ORD009536,CUST00473,2026-07-27,Processing,21.63,Credit Card
ORD009537,CUST00048,2026-06-16,Completed,34.49,PayPal
ORD009538,CUST01915,2026-04-03,Completed,101.25,Debit Card
ORD009539,CUST01106,2026-05-21,Processing,30.31,PayPal
ORD009540,CUST03181,2026-04-09,Completed,143.02,Apple Pay
ORD009541,CUST01891,2026-01-11,Completed,46.0,Google Pay
ORD009542,CUST00358,2026-02-04,Processing,27.21,Google Pay
ORD009543,CUST00568,2026-01-08,Processing,70.4,Credit Card
ORD009544,CUST00480,2026-01-07,Completed,32.72,Credit Card
ORD009545,CUST00867,2026-03-10,Completed,110.25,PayPal
ORD009546,CUST03261,2026-03-11,Cancelled,34.09,PayPal
ORD009547,CUST04060,2026-07-04,Processing,14.56,Debit Card
ORD009548,CUST01029,2026-04-25,Completed,41.76,Apple Pay
ORD009549,CUST03358,2026-05-04,Completed,19.91,PayPal
ORD009550,CUST01814,2026-06-12,Completed,104.02,PayPal
ORD009551,CUST03729,2026-08-10,Completed,124.93,Credit Card
ORD009552,CUST03527,2026-01-11,Processing,40.17,Apple Pay
ORD009553,CUST04804,2026-06-15,Completed,179.72,Credit Card
ORD009554,CUST01051,2026-04-01,Cancelled,33.45,Debit Card
ORD009555,CUST00127,2026-03-26,Completed,48.43,PayPal
ORD009556,CUST03607,2026-07-25,Shipped,28.25,PayPal
ORD009557,CUST02379,2026-02-18,Shipped,18.62,PayPal
ORD009558,CUST01653,2026-02-04,Completed,78.44,Google Pay
ORD009559,CUST00008,2026-06-06,Shipped,172.04,Apple Pay
ORD009560,CUST04709,2026-03-29,Shipped,43.99,Credit Card
ORD009561,CUST01285,2026-06-18,Processing,60.46,Credit Card
ORD009562,CUST04694,2026-04-19,Completed,25.17,Credit Card
ORD009563,CUST04482,2026-08-12,Shipped,40.22,Debit Card
ORD009564,CUST00179,2026-05-14,Cancelled,20.57,Google Pay
ORD009565,CUST03596,2026-01-10,Cancelled,172.05,Debit Card
ORD009566,CUST04911,2026-03-25,Completed,26.04,Apple Pay
ORD009567,CUST03818,2026-07-31,Shipped,60.27,Credit Card
ORD009568,CUST03255,2026-08-06,Cancelled,182.79,Credit Card
ORD009569,CUST04454,2026-03-26,Completed,65.37,Credit Card
ORD009570,CUST02424,2026-05-31,Completed,56.13,PayPal
ORD009571,CUST04798,2026-06-23,Cancelled,75.5,PayPal
ORD009572,CUST01751,2026-05-20,Completed,24.62,Credit Card
ORD009573,CUST04878,2026-02-24,Completed,16.85,Credit Card
ORD009574,CUST04178,2026-05-21,Completed,71.04,PayPal
ORD009575,CUST03430,2026-03-15,Completed,65.7,Debit Card
ORD009576,CUST00185,2026-05-15,Completed,75.07,Google Pay
ORD009577,CUST02336,2026-05-20,Completed,10.25,Debit Card
ORD009578,CUST03134,2026-03-02,Shipped,23.53,Google Pay
ORD009579,CUST04979,2026-06-02,Completed,65.42,PayPal
ORD009580,CUST00507,2026-05-10,Completed,53.66,Credit Card
ORD009581,CUST04126,2026-01-26,Shipped,113.79,Credit Card
ORD009582,CUST01933,2026-06-28,Completed,74.5,Credit Card
ORD009583,CUST01197,2026-03-10,Completed,139.1,Debit Card
ORD009584,CUST03686,2026-03-03,Processing,132.99,Credit Card
ORD009585,CUST04182,2026-07-19,Completed,92.6,Google Pay
ORD009586,CUST01339,2026-07-20,Shipped,55.77,Credit Card
ORD009587,CUST02621,2026-06-16,Completed,75.8,PayPal
ORD009588,CUST00683,2026-07-31,Completed,81.4,Credit Card
ORD009589,CUST03515,2026-04-26,Completed,139.71,Debit Card
ORD009590,CUST04368,2026-04-25,Completed,47.05,Debit Card
ORD009591,CUST02161,2026-05-19,Processing,81.11,PayPal
ORD009592,CUST01730,2026-07-11,Cancelled,22.74,Apple Pay
ORD009593,CUST01418,2026-08-02,Cancelled,46.26,Debit Card
ORD009594,CUST04015,2026-07-27,Completed,70.84,Apple Pay
ORD009595,CUST00019,2026-04-12,Cancelled,78.65,PayPal
ORD009596,CUST02653,2026-02-11,Processing,93.33,Credit Card
ORD009597,CUST03801,2026-01-10,Completed,36.45,Apple Pay
ORD009598,CUST00465,2026-08-05,Completed,62.7,PayPal
ORD009599,CUST00691,2026-05-03,Completed,42.55,Apple Pay
ORD009600,CUST01011,2026-01-19,Completed,218.76,Apple Pay
ORD009601,CUST03062,2026-01-04,Shipped,21.02,Credit Card
ORD009602,CUST04021,2026-07-30,Completed,267.18,Debit Card
ORD009603,CUST00163,2026-01-03,Completed,96.81,Apple Pay
ORD009604,CUST01636,2026-07-28,Shipped,9.13,Google Pay
ORD009605,CUST02747,2026-05-22,Completed,42.57,Credit Card
ORD009606,CUST00295,2026-01-10,Completed,71.66,Google Pay
ORD009607,CUST00579,2026-01-06,Shipped,58.32,Credit Card
ORD009608,CUST01586,2026-01-31,Completed,19.49,Credit Card
ORD009609,CUST03381,2026-01-31,Processing,26.8,Debit Card
ORD009610,CUST02350,2026-06-25,Completed,65.6,Google Pay
ORD009611,CUST02172,2026-01-09,Shipped,22.81,Apple Pay
ORD009612,CUST00195,2026-07-23,Cancelled,108.28,Credit Card
ORD009613,CUST00842,2026-04-18,Shipped,50.07,Google Pay
ORD009614,CUST04008,2026-05-04,Cancelled,91.31,Google Pay
ORD009615,CUST04585,2026-06-03,Shipped,27.88,Debit Card
ORD009616,CUST02932,2026-05-10,Completed,23.36,Google Pay
ORD009617,CUST00446,2026-01-04,Completed,124.35,Apple Pay
ORD009618,CUST00080,2026-08-12,Completed,57.64,Google Pay
ORD009619,CUST04841,2026-08-08,Completed,18.97,Debit Card
ORD009620,CUST02746,2026-01-06,Completed,33.66,Credit Card
ORD009621,CUST03689,2026-01-30,Cancelled,69.4,Google Pay
ORD009622,CUST01861,2026-07-02,Cancelled,21.45,Google Pay
ORD009623,CUST00931,2026-06-05,Cancelled,8.24,PayPal
ORD009624,CUST01935,2026-03-02,Completed,21.01,Apple Pay
ORD009625,CUST04368,2026-03-18,Completed,103.94,Apple Pay
ORD009626,CUST02172,2026-07-02,Shipped,17.81,Apple Pay
ORD009627,CUST03295,2026-04-20,Completed,117.83,Google Pay
ORD009628,CUST04782,2026-02-05,Completed,73.15,Apple Pay
ORD009629,CUST04748,2026-07-21,Completed,35.71,Apple Pay
ORD009630,CUST04393,2026-07-21,Shipped,135.12,PayPal
ORD009631,CUST02835,2026-05-13,Cancelled,23.41,Debit Card
ORD009632,CUST04717,2026-06-06,Processing,38.95,Debit Card
ORD009633,CUST01655,2026-04-10,Shipped,56.98,Credit Card
ORD009634,CUST02929,2026-05-20,Processing,43.63,PayPal
ORD009635,CUST03604,2026-05-02,Shipped,62.37,Google Pay
ORD009636,CUST01673,2026-05-30,Completed,89.95,Credit Card
ORD009637,CUST04351,2026-02-28,Processing,38.99,Apple Pay
ORD009638,CUST01288,2026-04-20,Processing,169.72,Credit Card
ORD009639,CUST02727,2026-06-16,Completed,31.21,Debit Card
ORD009640,CUST04125,2026-05-10,Shipped,49.24,Credit Card
ORD009641,CUST01059,2026-01-14,Completed,81.32,Credit Card
ORD009642,CUST04845,2026-05-18,Cancelled,52.49,PayPal
ORD009643,CUST00602,2026-06-25,Completed,21.9,Apple Pay
ORD009644,CUST03275,2026-03-05,Completed,58.35,Google Pay
ORD009645,CUST02979,2026-05-11,Completed,30.26,Google Pay
ORD009646,CUST00131,2026-03-13,Completed,199.45,PayPal
ORD009647,CUST00111,2026-07-07,Completed,162.63,PayPal
ORD009648,CUST02572,2026-07-28,Completed,64.83,Google Pay
ORD009649,CUST03360,2026-07-15,Completed,48.56,Credit Card
ORD009650,CUST02735,2026-01-21,Completed,126.68,Apple Pay
ORD009651,CUST00831,2026-04-04,Completed,137.87,Google Pay
ORD009652,CUST00666,2026-05-27,Completed,83.37,Credit Card
ORD009653,CUST01067,2026-03-20,Completed,159.42,Credit Card
ORD009654,CUST04971,2026-01-20,Completed,77.24,Debit Card
ORD009655,CUST03789,2026-02-27,Processing,66.1,PayPal
ORD009656,CUST01318,2026-02-11,Shipped,72.96,Google Pay
ORD009657,CUST00285,2026-04-04,Processing,39.77,Google Pay
ORD009658,CUST04660,2026-05-18,Shipped,103.37,Apple Pay
ORD009659,CUST04115,2026-05-31,Completed,51.18,Google Pay
ORD009660,CUST03579,2026-03-29,Completed,73.94,Credit Card
ORD009661,CUST04643,2026-05-20,Cancelled,48.69,Credit Card
ORD009662,CUST00048,2026-01-09,Completed,81.94,Apple Pay
ORD009663,CUST01769,2026-03-20,Processing,70.7,Credit Card
ORD009664,CUST04315,2026-06-06,Completed,119.71,Credit Card
ORD009665,CUST04862,2026-03-23,Shipped,40.31,Google Pay
ORD009666,CUST03260,2026-05-28,Cancelled,39.25,PayPal
ORD009667,CUST02079,2026-07-12,Processing,97.31,Google Pay
ORD009668,CUST02307,2026-01-03,Cancelled,195.18,Debit Card
ORD009669,CUST03416,2026-05-16,Completed,49.27,Apple Pay
ORD009670,CUST04404,2026-02-08,Completed,92.14,Credit Card
ORD009671,CUST03143,2026-03-05,Processing,32.41,Google Pay
ORD009672,CUST00568,2026-01-31,Shipped,42.77,Google Pay
ORD009673,CUST04327,2026-04-21,Cancelled,62.03,Credit Card
ORD009674,CUST04066,2026-07-19,Cancelled,74.61,Apple Pay
ORD009675,CUST00082,2026-07-26,Cancelled,71.08,Google Pay
ORD009676,CUST03006,2026-05-03,Completed,50.84,PayPal
ORD009677,CUST00217,2026-05-30,Shipped,21.77,Credit Card
ORD009678,CUST00335,2026-04-06,Cancelled,24.44,Apple Pay
ORD009679,CUST00559,2026-01-05,Completed,150.3,Debit Card
ORD009680,CUST02912,2026-02-27,Completed,45.28,Credit Card
ORD009681,CUST00874,2026-07-20,Completed,58.73,Debit Card
ORD009682,CUST00753,2026-04-15,Shipped,68.72,Credit Card
ORD009683,CUST03762,2026-07-26,Completed,304.68,Google Pay
ORD009684,CUST00594,2026-03-04,Completed,49.95,Apple Pay
ORD009685,CUST02752,2026-03-02,Completed,121.5,PayPal
ORD009686,CUST01679,2026-02-21,Processing,30.36,Debit Card
ORD009687,CUST03898,2026-04-18,Completed,42.12,Debit Card
ORD009688,CUST04649,2026-04-11,Cancelled,84.34,Credit Card
ORD009689,CUST01483,2026-02-02,Completed,93.12,Debit Card
ORD009690,CUST00783,2026-01-22,Cancelled,79.08,Credit Card
ORD009691,CUST02135,2026-02-20,Completed,61.89,Credit Card
ORD009692,CUST03587,2026-01-11,Cancelled,57.07,Debit Card
ORD009693,CUST03795,2026-05-07,Completed,146.37,Debit Card
ORD009694,CUST04609,2026-07-05,Completed,171.75,Google Pay
ORD009695,CUST00984,2026-02-19,Shipped,56.04,Google Pay
ORD009696,CUST04683,2026-07-17,Completed,58.37,Google Pay
ORD009697,CUST00743,2026-01-17,Shipped,49.62,Apple Pay
ORD009698,CUST04545,2026-06-23,Cancelled,42.69,PayPal
ORD009699,CUST04684,2026-02-13,Shipped,103.2,Google Pay
ORD009700,CUST04356,2026-07-04,Cancelled,53.49,Google Pay
ORD009701,CUST03609,2026-05-13,Shipped,70.12,Credit Card
ORD009702,CUST03272,2026-02-08,Cancelled,80.34,PayPal
ORD009703,CUST02511,2026-07-05,Completed,6.64,Debit Card
ORD009704,CUST04011,2026-05-17,Cancelled,38.74,Apple Pay
ORD009705,CUST00094,2026-08-09,Shipped,64.03,Debit Card
ORD009706,CUST01376,2026-01-23,Processing,100.93,Credit Card
ORD009707,CUST01132,2026-06-24,Cancelled,178.33,Apple Pay
ORD009708,CUST02517,2026-06-13,Completed,61.0,Google Pay
ORD009709,CUST04964,2026-01-31,Completed,21.39,PayPal
ORD009710,CUST00091,2026-03-25,Processing,88.63,PayPal
ORD009711,CUST01480,2026-01-23,Completed,55.79,Google Pay
ORD009712,CUST00955,2026-07-03,Completed,244.64,Debit Card
ORD009713,CUST02432,2026-07-18,Cancelled,142.46,Debit Card
ORD009714,CUST00023,2026-06-23,Completed,24.56,Google Pay
ORD009715,CUST01726,2026-02-27,Completed,38.15,Google Pay
ORD009716,CUST04119,2026-06-13,Completed,169.9,PayPal
ORD009717,CUST03306,2026-07-15,Shipped,64.93,Debit Card
ORD009718,CUST01722,2026-03-29,Completed,90.3,Apple Pay
ORD009719,CUST01441,2026-07-07,Completed,50.33,Apple Pay
ORD009720,CUST04671,2026-05-22,Completed,212.79,Credit Card
ORD009721,CUST02151,2026-01-25,Completed,66.8,Credit Card
ORD009722,CUST02548,2026-07-18,Completed,106.07,Credit Card
ORD009723,CUST04924,2026-07-26,Completed,21.97,Debit Card
ORD009724,CUST03555,2026-06-21,Completed,25.75,Apple Pay
ORD009725,CUST00189,2026-02-15,Processing,257.55,Debit Card
ORD009726,CUST00460,2026-05-21,Completed,26.94,Google Pay
ORD009727,CUST02237,2026-03-03,Processing,92.91,PayPal
ORD009728,CUST04447,2026-01-19,Completed,115.66,Credit Card
ORD009729,CUST00581,2026-05-20,Processing,73.81,Google Pay
ORD009730,CUST02162,2026-04-22,Completed,119.78,Google Pay
ORD009731,CUST04716,2026-03-31,Completed,16.73,PayPal
ORD009732,CUST01532,2026-02-17,Processing,141.44,Apple Pay
ORD009733,CUST01369,2026-06-10,Completed,11.53,Apple Pay
ORD009734,CUST02435,2026-07-26,Completed,110.31,Google Pay
ORD009735,CUST02992,2026-06-14,Shipped,399.16,PayPal
ORD009736,CUST02903,2026-05-14,Cancelled,146.26,Apple Pay
ORD009737,CUST02531,2026-05-03,Processing,63.91,Credit Card
ORD009738,CUST00473,2026-08-05,Processing,51.59,Debit Card
ORD009739,CUST00859,2026-04-27,Completed,59.68,PayPal
ORD009740,CUST02990,2026-03-22,Shipped,28.4,Google Pay
ORD009741,CUST02441,2026-06-20,Completed,53.1,Debit Card
ORD009742,CUST03707,2026-04-10,Completed,21.63,Apple Pay
ORD009743,CUST01713,2026-06-27,Completed,32.91,Apple Pay
ORD009744,CUST00516,2026-06-23,Completed,113.39,PayPal
ORD009745,CUST02394,2026-03-14,Processing,106.18,Debit Card
ORD009746,CUST01376,2026-01-28,Completed,80.51,Apple Pay
ORD009747,CUST03670,2026-07-14,Completed,67.91,PayPal
ORD009748,CUST02391,2026-01-11,Processing,17.75,Debit Card
ORD009749,CUST03263,2026-05-28,Cancelled,46.08,Google Pay
ORD009750,CUST04639,2026-03-28,Completed,57.3,Google Pay
ORD009751,CUST02867,2026-06-07,Completed,19.88,Apple Pay
ORD009752,CUST01060,2026-04-11,Completed,22.7,PayPal
ORD009753,CUST00757,2026-02-05,Cancelled,118.53,Credit Card
ORD009754,CUST03496,2026-07-23,Completed,75.54,Apple Pay
ORD009755,CUST00188,2026-04-10,Processing,26.94,Credit Card
ORD009756,CUST02382,2026-04-29,Completed,157.32,Debit Card
ORD009757,CUST04579,2026-04-08,Completed,120.3,PayPal
ORD009758,CUST02715,2026-07-15,Completed,55.09,Apple Pay
ORD009759,CUST00296,2026-03-29,Processing,24.9,Google Pay
ORD009760,CUST03534,2026-02-05,Shipped,184.39,Debit Card
ORD009761,CUST04141,2026-02-27,Completed,195.64,Debit Card
ORD009762,CUST04043,2026-01-28,Completed,136.5,Debit Card
ORD009763,CUST02043,2026-02-08,Completed,131.85,Credit Card
ORD009764,CUST04271,2026-03-07,Cancelled,58.1,Credit Card
ORD009765,CUST03052,2026-06-20,Processing,65.0,Debit Card
ORD009766,CUST01801,2026-01-05,Processing,156.5,Apple Pay
ORD009767,CUST03905,2026-08-08,Cancelled,71.86,Credit Card
ORD009768,CUST03782,2026-05-21,Completed,33.71,PayPal
ORD009769,CUST02262,2026-01-09,Shipped,31.48,Google Pay
ORD009770,CUST01523,2026-04-13,Completed,129.95,Apple Pay
ORD009771,CUST04854,2026-08-10,Shipped,264.54,PayPal
ORD009772,CUST01421,2026-02-26,Processing,87.94,Credit Card
ORD009773,CUST04593,2026-01-27,Completed,285.76,Google Pay
ORD009774,CUST00105,2026-07-08,Shipped,15.21,Debit Card
ORD009775,CUST03624,2026-07-24,Completed,25.31,Google Pay
ORD009776,CUST00479,2026-04-13,Completed,42.2,Debit Card
ORD009777,CUST00693,2026-06-27,Processing,14.99,PayPal
ORD009778,CUST03039,2026-08-08,Completed,51.81,PayPal
ORD009779,CUST02970,2026-03-23,Completed,137.78,Apple Pay
ORD009780,CUST00194,2026-06-11,Processing,14.52,PayPal
ORD009781,CUST01490,2026-03-26,Completed,115.13,Credit Card
ORD009782,CUST00059,2026-03-06,Completed,25.54,Credit Card
ORD009783,CUST01887,2026-06-22,Processing,34.08,Google Pay
ORD009784,CUST03610,2026-03-28,Shipped,54.94,Debit Card
ORD009785,CUST04574,2026-02-03,Cancelled,57.9,Google Pay
ORD009786,CUST02581,2026-04-10,Processing,122.16,Apple Pay
ORD009787,CUST01969,2026-07-20,Completed,52.64,Apple Pay
ORD009788,CUST04688,2026-05-16,Completed,97.91,Credit Card
ORD009789,CUST04935,2026-04-04,Completed,126.8,Apple Pay
ORD009790,CUST04054,2026-02-17,Processing,65.68,Credit Card
ORD009791,CUST04645,2026-06-13,Processing,277.67,Debit Card
ORD009792,CUST03086,2026-04-10,Completed,39.13,Google Pay
ORD009793,CUST00221,2026-03-23,Shipped,34.22,Apple Pay
ORD009794,CUST00876,2026-07-13,Completed,34.89,Debit Card
ORD009795,CUST03463,2026-04-27,Cancelled,287.35,Apple Pay
ORD009796,CUST02726,2026-01-11,Completed,108.64,PayPal
ORD009797,CUST01197,2026-02-21,Completed,139.19,Apple Pay
ORD009798,CUST02710,2026-06-13,Completed,97.97,Debit Card
ORD009799,CUST02732,2026-08-11,Completed,56.54,Apple Pay
ORD009800,CUST00336,2026-01-31,Cancelled,67.07,PayPal
ORD009801,CUST00225,2026-01-24,Cancelled,30.15,Apple Pay
ORD009802,CUST03942,2026-05-29,Completed,259.17,Debit Card
ORD009803,CUST04284,2026-04-06,Completed,56.34,Credit Card
ORD009804,CUST01248,2026-06-07,Processing,32.89,Debit Card
ORD009805,CUST02691,2026-05-01,Completed,21.69,Credit Card
ORD009806,CUST03958,2026-03-13,Completed,202.01,Credit Card
ORD009807,CUST04590,2026-04-07,Completed,125.79,Google Pay
ORD009808,CUST01887,2026-04-25,Completed,85.81,Debit Card
ORD009809,CUST00311,2026-03-05,Processing,16.29,Google Pay
ORD009810,CUST02569,2026-05-07,Shipped,79.69,Credit Card
ORD009811,CUST01605,2026-04-27,Cancelled,50.27,Apple Pay
ORD009812,CUST03983,2026-02-08,Completed,42.35,Credit Card
ORD009813,CUST00369,2026-05-09,Completed,160.65,Debit Card
ORD009814,CUST03547,2026-04-07,Shipped,23.61,Debit Card
ORD009815,CUST04842,2026-06-19,Processing,21.88,Debit Card
ORD009816,CUST00998,2026-03-18,Shipped,18.84,Debit Card
ORD009817,CUST00497,2026-08-02,Completed,31.89,Apple Pay
ORD009818,CUST00964,2026-01-05,Completed,22.78,Google Pay
ORD009819,CUST02005,2026-05-20,Processing,113.98,PayPal
ORD009820,CUST01199,2026-06-06,Processing,31.96,Google Pay
ORD009821,CUST02346,2026-01-03,Shipped,69.4,Credit Card
ORD009822,CUST00577,2026-03-02,Shipped,38.49,Debit Card
ORD009823,CUST03161,2026-06-28,Cancelled,120.4,Debit Card
ORD009824,CUST00054,2026-06-13,Cancelled,99.85,PayPal
ORD009825,CUST03433,2026-04-21,Completed,62.54,Google Pay
ORD009826,CUST00229,2026-03-16,Processing,185.34,Credit Card
ORD009827,CUST00779,2026-08-06,Completed,40.67,Debit Card
ORD009828,CUST03831,2026-05-10,Processing,47.13,PayPal
ORD009829,CUST00985,2026-01-29,Completed,67.35,PayPal
ORD009830,CUST04469,2026-02-10,Completed,94.07,Credit Card
ORD009831,CUST00469,2026-01-29,Processing,15.82,PayPal
ORD009832,CUST02468,2026-04-10,Shipped,135.0,PayPal
ORD009833,CUST01850,2026-03-05,Completed,39.3,Google Pay
ORD009834,CUST00532,2026-02-27,Cancelled,95.33,Debit Card
ORD009835,CUST03036,2026-07-30,Completed,35.13,Google Pay
ORD009836,CUST00562,2026-05-18,Completed,154.24,PayPal
ORD009837,CUST00090,2026-01-11,Completed,124.17,Apple Pay
ORD009838,CUST01407,2026-05-15,Cancelled,124.76,Credit Card
ORD009839,CUST04465,2026-03-18,Processing,82.26,PayPal
ORD009840,CUST03146,2026-04-18,Completed,52.89,PayPal
ORD009841,CUST01293,2026-07-08,Shipped,18.34,Google Pay
ORD009842,CUST04111,2026-07-13,Cancelled,62.66,Credit Card
ORD009843,CUST03782,2026-04-04,Cancelled,135.45,Debit Card
ORD009844,CUST04068,2026-03-27,Completed,105.66,Credit Card
ORD009845,CUST03506,2026-06-30,Cancelled,35.93,PayPal
ORD009846,CUST02392,2026-03-06,Cancelled,518.81,Google Pay
ORD009847,CUST01219,2026-01-27,Shipped,126.61,Apple Pay
ORD009848,CUST01946,2026-05-15,Cancelled,35.69,PayPal
ORD009849,CUST02253,2026-03-06,Completed,40.09,Credit Card
ORD009850,CUST03892,2026-02-27,Cancelled,29.2,Credit Card
ORD009851,CUST01675,2026-01-25,Processing,54.91,Apple Pay
ORD009852,CUST00776,2026-02-17,Completed,182.08,Credit Card
ORD009853,CUST04782,2026-01-04,Processing,82.71,Credit Card
ORD009854,CUST03568,2026-08-10,Completed,192.5,Google Pay
ORD009855,CUST02766,2026-05-16,Completed,182.71,Credit Card
ORD009856,CUST00225,2026-08-01,Shipped,157.81,Debit Card
ORD009857,CUST00064,2026-04-25,Cancelled,197.02,Apple Pay
ORD009858,CUST01788,2026-07-15,Completed,60.13,PayPal
ORD009859,CUST03851,2026-07-07,Completed,68.13,Apple Pay
ORD009860,CUST01376,2026-01-04,Cancelled,22.99,PayPal
ORD009861,CUST03535,2026-05-16,Completed,91.25,Google Pay
ORD009862,CUST03916,2026-03-31,Completed,71.36,Credit Card
ORD009863,CUST04453,2026-08-09,Shipped,244.5,PayPal
ORD009864,CUST00093,2026-01-16,Cancelled,47.03,PayPal
ORD009865,CUST02743,2026-05-27,Completed,29.36,Google Pay
ORD009866,CUST01678,2026-05-09,Processing,21.85,Apple Pay
ORD009867,CUST03667,2026-04-11,Cancelled,159.07,Apple Pay
ORD009868,CUST03865,2026-06-11,Completed,68.46,Apple Pay
ORD009869,CUST02482,2026-08-09,Cancelled,48.89,Credit Card
ORD009870,CUST04937,2026-08-07,Completed,71.16,Google Pay
ORD009871,CUST01402,2026-04-22,Processing,24.85,PayPal
ORD009872,CUST01607,2026-02-14,Completed,24.11,Apple Pay
ORD009873,CUST03957,2026-03-04,Cancelled,202.53,Apple Pay
ORD009874,CUST03410,2026-04-04,Completed,69.13,Apple Pay
ORD009875,CUST03072,2026-05-14,Completed,80.61,Debit Card
ORD009876,CUST00898,2026-02-05,Completed,60.7,Credit Card
ORD009877,CUST02932,2026-05-01,Completed,38.78,Apple Pay
ORD009878,CUST04588,2026-04-13,Completed,38.76,Debit Card
ORD009879,CUST03714,2026-03-07,Shipped,29.27,Google Pay
ORD009880,CUST03132,2026-04-29,Shipped,134.01,PayPal
ORD009881,CUST01533,2026-07-25,Completed,84.24,Apple Pay
ORD009882,CUST01978,2026-01-08,Processing,41.48,Credit Card
ORD009883,CUST01799,2026-07-14,Shipped,101.16,Apple Pay
ORD009884,CUST01352,2026-01-27,Processing,34.18,Credit Card
ORD009885,CUST01839,2026-02-03,Processing,123.39,Debit Card
ORD009886,CUST02561,2026-01-28,Processing,33.55,Credit Card
ORD009887,CUST02992,2026-06-08,Completed,67.23,Google Pay
ORD009888,CUST01664,2026-05-25,Cancelled,37.53,Credit Card
ORD009889,CUST02398,2026-07-30,Completed,169.78,PayPal
ORD009890,CUST03204,2026-04-18,Cancelled,166.02,Debit Card
ORD009891,CUST04642,2026-05-03,Cancelled,100.64,Credit Card
ORD009892,CUST00599,2026-07-02,Processing,57.31,Apple Pay
ORD009893,CUST02045,2026-07-22,Completed,43.26,Google Pay
ORD009894,CUST00259,2026-01-09,Cancelled,70.12,PayPal
ORD009895,CUST04572,2026-08-10,Shipped,36.94,Credit Card
ORD009896,CUST01906,2026-02-26,Completed,112.49,Credit Card
ORD009897,CUST03020,2026-02-14,Completed,52.6,PayPal
ORD009898,CUST00388,2026-05-14,Completed,64.68,PayPal
ORD009899,CUST03870,2026-05-22,Completed,71.8,Credit Card
ORD009900,CUST01862,2026-06-08,Processing,178.53,Apple Pay
ORD009901,CUST03633,2026-07-01,Cancelled,58.39,Apple Pay
ORD009902,CUST00798,2026-01-11,Completed,213.83,Apple Pay
ORD009903,CUST02504,2026-03-10,Processing,110.74,Credit Card
ORD009904,CUST04021,2026-04-05,Completed,110.28,Debit Card
ORD009905,CUST01926,2026-05-10,Completed,39.27,Credit Card
ORD009906,CUST03955,2026-04-13,Cancelled,26.15,Debit Card
ORD009907,CUST01628,2026-01-17,Completed,64.35,Apple Pay
ORD009908,CUST04313,2026-04-20,Shipped,28.69,Credit Card
ORD009909,CUST00789,2026-02-05,Shipped,17.21,Apple Pay
ORD009910,CUST02057,2026-05-11,Shipped,43.53,Credit Card
ORD009911,CUST01064,2026-07-10,Completed,19.4,Apple Pay
ORD009912,CUST04469,2026-02-12,Cancelled,119.51,PayPal
ORD009913,CUST01448,2026-04-03,Processing,27.36,Credit Card
ORD009914,CUST00515,2026-02-02,Cancelled,19.08,Debit Card
ORD009915,CUST04460,2026-07-25,Cancelled,41.14,Apple Pay
ORD009916,CUST01914,2026-04-12,Completed,91.13,Google Pay
ORD009917,CUST01952,2026-01-29,Shipped,44.54,Debit Card
ORD009918,CUST00774,2026-05-31,Completed,107.09,Google Pay
ORD009919,CUST00329,2026-07-06,Shipped,94.07,Apple Pay
ORD009920,CUST00794,2026-03-22,Cancelled,75.28,Credit Card
ORD009921,CUST00962,2026-06-26,Processing,39.0,Credit Card
ORD009922,CUST04693,2026-07-02,Completed,81.72,Credit Card
ORD009923,CUST01411,2026-03-16,Completed,11.17,Google Pay
ORD009924,CUST01138,2026-06-05,Cancelled,55.83,Apple Pay
ORD009925,CUST04667,2026-07-18,Completed,136.94,PayPal
ORD009926,CUST01569,2026-04-19,Completed,38.91,Credit Card
ORD009927,CUST04473,2026-04-14,Completed,75.93,Apple Pay
ORD009928,CUST03275,2026-03-13,Completed,16.86,PayPal
ORD009929,CUST03274,2026-08-09,Completed,101.22,PayPal
ORD009930,CUST03470,2026-01-25,Completed,48.68,Apple Pay
ORD009931,CUST01964,2026-05-15,Cancelled,48.25,Credit Card
ORD009932,CUST02166,2026-05-01,Completed,47.57,Credit Card
ORD009933,CUST04637,2026-08-02,Cancelled,73.98,Debit Card
ORD009934,CUST03573,2026-07-20,Completed,44.37,Apple Pay
ORD009935,CUST01876,2026-03-16,Completed,65.67,PayPal
ORD009936,CUST01237,2026-06-11,Cancelled,25.41,Google Pay
ORD009937,CUST02747,2026-08-07,Processing,44.88,Google Pay
ORD009938,CUST04209,2026-05-30,Completed,74.1,Credit Card
ORD009939,CUST04469,2026-03-08,Completed,53.44,Debit Card
ORD009940,CUST02347,2026-06-27,Processing,76.88,Google Pay
ORD009941,CUST01043,2026-06-25,Completed,92.78,Credit Card
ORD009942,CUST04872,2026-04-14,Completed,92.61,Debit Card
ORD009943,CUST04767,2026-04-29,Completed,96.83,Google Pay
ORD009944,CUST04107,2026-07-19,Completed,14.61,PayPal
ORD009945,CUST00008,2026-03-11,Completed,26.58,Google Pay
ORD009946,CUST03697,2026-02-26,Completed,214.96,Google Pay
ORD009947,CUST03732,2026-06-02,Completed,119.22,Google Pay
ORD009948,CUST01574,2026-03-07,Completed,45.84,Google Pay
ORD009949,CUST00461,2026-05-24,Shipped,91.2,Credit Card
ORD009950,CUST03307,2026-02-27,Completed,39.75,Apple Pay
ORD009951,CUST02303,2026-04-27,Shipped,94.99,PayPal
ORD009952,CUST02634,2026-06-18,Completed,30.82,Apple Pay
ORD009953,CUST01352,2026-02-20,Cancelled,79.1,Credit Card
ORD009954,CUST00362,2026-01-21,Cancelled,52.75,Google Pay
ORD009955,CUST00788,2026-03-20,Processing,101.62,Debit Card
ORD009956,CUST00209,2026-02-25,Cancelled,310.69,Debit Card
ORD009957,CUST00267,2026-04-08,Processing,63.81,Apple Pay
ORD009958,CUST04752,2026-02-16,Cancelled,16.11,Debit Card
ORD009959,CUST00554,2026-04-28,Shipped,69.56,Apple Pay
ORD009960,CUST01588,2026-06-20,Shipped,56.55,PayPal
ORD009961,CUST04517,2026-03-25,Shipped,11.4,Debit Card
ORD009962,CUST01119,2026-04-18,Completed,35.25,Google Pay
ORD009963,CUST01514,2026-01-31,Completed,100.93,Credit Card
ORD009964,CUST01927,2026-01-15,Cancelled,124.45,PayPal
ORD009965,CUST03404,2026-06-25,Cancelled,125.96,Debit Card
ORD009966,CUST03062,2026-03-03,Cancelled,188.97,Debit Card
ORD009967,CUST00221,2026-08-08,Completed,49.3,Apple Pay
ORD009968,CUST02345,2026-03-11,Shipped,30.47,PayPal
ORD009969,CUST01972,2026-05-11,Completed,20.29,Credit Card
ORD009970,CUST04439,2026-06-15,Processing,60.18,Credit Card
ORD009971,CUST04689,2026-03-28,Processing,39.7,Apple Pay
ORD009972,CUST04065,2026-02-27,Processing,32.98,Apple Pay
ORD009973,CUST01985,2026-07-14,Shipped,19.0,Apple Pay
ORD009974,CUST00892,2026-02-14,Processing,46.1,Debit Card
ORD009975,CUST04803,2026-06-21,Processing,33.86,PayPal
ORD009976,CUST03527,2026-01-08,Processing,36.38,Credit Card
ORD009977,CUST01206,2026-05-07,Completed,204.87,Google Pay
ORD009978,CUST04853,2026-03-07,Processing,59.29,Credit Card
ORD009979,CUST01219,2026-03-12,Completed,53.91,PayPal
ORD009980,CUST01856,2026-07-08,Shipped,106.14,Apple Pay
ORD009981,CUST02000,2026-01-17,Cancelled,42.9,Debit Card
ORD009982,CUST02436,2026-03-12,Completed,84.64,Credit Card
ORD009983,CUST02975,2026-04-07,Completed,97.22,Google Pay
ORD009984,CUST03099,2026-02-05,Shipped,30.48,Debit Card
ORD009985,CUST03387,2026-03-09,Processing,50.56,Credit Card
ORD009986,CUST04544,2026-04-18,Cancelled,21.62,PayPal
ORD009987,CUST01817,2026-07-27,Cancelled,27.79,Credit Card
ORD009988,CUST01778,2026-01-21,Processing,36.01,Google Pay
ORD009989,CUST02505,2026-07-29,Completed,77.0,Debit Card
ORD009990,CUST02940,2026-02-15,Processing,28.42,Credit Card
ORD009991,CUST00839,2026-06-23,Cancelled,66.1,Google Pay
ORD009992,CUST02702,2026-04-02,Completed,49.41,Credit Card
ORD009993,CUST04760,2026-04-17,Processing,48.98,Credit Card
ORD009994,CUST04861,2026-05-04,Shipped,102.11,Apple Pay
ORD009995,CUST03139,2026-01-16,Processing,198.1,Google Pay
ORD009996,CUST00176,2026-05-30,Shipped,19.32,Credit Card
ORD009997,CUST04606,2026-05-14,Completed,87.9,Debit Card
ORD009998,CUST03687,2026-08-10,Completed,243.65,PayPal
ORD009999,CUST03163,2026-07-03,Completed,118.58,Apple Pay
ORD010000,CUST02753,2026-02-14,Shipped,91.54,Apple Pay
ORD010001,CUST01190,2026-07-05,Completed,16.98,Apple Pay
ORD010002,CUST04698,2026-06-05,Completed,143.63,PayPal
ORD010003,CUST00838,2026-05-25,Processing,192.68,Google Pay
ORD010004,CUST03899,2026-06-13,Cancelled,95.53,Debit Card
ORD010005,CUST03852,2026-01-12,Cancelled,115.74,PayPal
ORD010006,CUST02734,2026-02-19,Processing,125.6,Debit Card
ORD010007,CUST03811,2026-02-28,Completed,97.32,Debit Card
ORD010008,CUST02654,2026-04-14,Completed,106.05,Apple Pay
ORD010009,CUST03251,2026-01-12,Completed,19.41,Credit Card
ORD010010,CUST03350,2026-07-09,Completed,345.53,Debit Card
ORD010011,CUST03311,2026-02-09,Completed,118.91,Debit Card
ORD010012,CUST04681,2026-04-03,Completed,114.8,Debit Card
ORD010013,CUST02387,2026-05-10,Cancelled,77.79,Debit Card
ORD010014,CUST00374,2026-04-03,Completed,15.52,Apple Pay
ORD010015,CUST04676,2026-08-10,Completed,11.94,Debit Card
ORD010016,CUST04613,2026-04-18,Shipped,85.81,Credit Card
ORD010017,CUST01262,2026-06-02,Cancelled,58.62,Google Pay
ORD010018,CUST00121,2026-03-26,Completed,102.55,Google Pay
ORD010019,CUST03846,2026-08-02,Completed,48.84,Debit Card
ORD010020,CUST02885,2026-03-15,Completed,47.04,Apple Pay
ORD010021,CUST02618,2026-05-07,Cancelled,50.32,Credit Card
ORD010022,CUST04139,2026-01-31,Shipped,43.91,Credit Card
ORD010023,CUST03269,2026-06-24,Shipped,28.76,Debit Card
ORD010024,CUST02043,2026-07-07,Completed,25.21,Apple Pay
ORD010025,CUST02120,2026-07-20,Cancelled,84.88,Google Pay
ORD010026,CUST00491,2026-04-15,Cancelled,92.95,PayPal
ORD010027,CUST04845,2026-04-08,Completed,7.63,Debit Card
ORD010028,CUST03046,2026-04-13,Completed,52.22,Debit Card
ORD010029,CUST00383,2026-02-10,Cancelled,51.5,Debit Card
ORD010030,CUST00805,2026-06-27,Processing,83.01,Apple Pay
ORD010031,CUST01178,2026-05-31,Cancelled,84.84,PayPal
ORD010032,CUST02218,2026-01-12,Processing,97.88,Apple Pay
ORD010033,CUST01296,2026-03-12,Processing,47.47,Debit Card
ORD010034,CUST00918,2026-04-06,Shipped,36.78,PayPal
ORD010035,CUST04247,2026-07-30,Completed,18.13,Credit Card
ORD010036,CUST04527,2026-01-22,Completed,55.84,Credit Card
ORD010037,CUST02415,2026-02-25,Completed,20.12,PayPal
ORD010038,CUST00651,2026-01-16,Processing,36.81,Debit Card
ORD010039,CUST04916,2026-07-05,Completed,22.77,Apple Pay
ORD010040,CUST02287,2026-07-19,Completed,155.89,Debit Card
ORD010041,CUST02752,2026-08-10,Completed,24.6,PayPal
ORD010042,CUST03199,2026-06-28,Cancelled,32.99,Debit Card
ORD010043,CUST00942,2026-05-14,Completed,88.76,Debit Card
ORD010044,CUST00541,2026-01-02,Completed,133.96,Credit Card
ORD010045,CUST02681,2026-03-03,Completed,36.17,Google Pay
ORD010046,CUST03728,2026-08-14,Completed,175.12,Apple Pay
ORD010047,CUST02530,2026-08-09,Completed,49.39,Debit Card
ORD010048,CUST01203,2026-05-03,Shipped,136.06,Credit Card
ORD010049,CUST04965,2026-02-11,Completed,62.2,Google Pay
ORD010050,CUST00651,2026-04-27,Processing,23.98,Credit Card
ORD010051,CUST03007,2026-04-27,Shipped,32.77,Debit Card
ORD010052,CUST04533,2026-02-12,Cancelled,55.57,Apple Pay
ORD010053,CUST02905,2026-02-21,Shipped,125.95,Google Pay
ORD010054,CUST00314,2026-05-03,Completed,88.56,Debit Card
ORD010055,CUST04115,2026-07-05,Processing,146.21,PayPal
ORD010056,CUST01184,2026-05-28,Completed,36.92,Debit Card
ORD010057,CUST04914,2026-02-25,Completed,19.82,Credit Card
ORD010058,CUST00122,2026-03-08,Completed,91.93,Debit Card
ORD010059,CUST00169,2026-02-28,Cancelled,82.57,PayPal
ORD010060,CUST03683,2026-02-17,Completed,54.07,PayPal
ORD010061,CUST04725,2026-02-04,Completed,42.34,Debit Card
ORD010062,CUST04122,2026-05-16,Processing,45.18,PayPal
ORD010063,CUST03969,2026-03-17,Completed,35.43,Credit Card
ORD010064,CUST04018,2026-02-01,Processing,76.64,PayPal
ORD010065,CUST03698,2026-08-09,Completed,94.13,PayPal
ORD010066,CUST01730,2026-02-14,Completed,150.32,Apple Pay
ORD010067,CUST03556,2026-03-26,Processing,60.67,Credit Card
ORD010068,CUST01119,2026-05-03,Completed,76.16,PayPal
ORD010069,CUST02169,2026-07-14,Processing,18.94,Debit Card
ORD010070,CUST04222,2026-04-12,Completed,65.1,PayPal
ORD010071,CUST04782,2026-01-27,Completed,92.42,Google Pay
ORD010072,CUST03117,2026-04-29,Processing,34.32,Google Pay
ORD010073,CUST04731,2026-01-03,Shipped,162.46,Credit Card
ORD010074,CUST02430,2026-02-26,Completed,34.4,Google Pay
ORD010075,CUST02008,2026-07-12,Completed,72.37,Google Pay
ORD010076,CUST01051,2026-05-28,Completed,68.29,PayPal
ORD010077,CUST00705,2026-07-18,Cancelled,32.74,Credit Card
ORD010078,CUST02900,2026-05-01,Completed,54.07,Apple Pay
ORD010079,CUST03208,2026-06-18,Completed,62.74,PayPal
ORD010080,CUST00707,2026-01-01,Processing,64.58,Apple Pay
ORD010081,CUST03833,2026-03-15,Shipped,20.47,Debit Card
ORD010082,CUST02009,2026-04-19,Processing,77.14,Google Pay
ORD010083,CUST04722,2026-07-23,Processing,121.19,PayPal
ORD010084,CUST04622,2026-05-12,Completed,111.75,Credit Card
ORD010085,CUST01598,2026-03-12,Shipped,102.54,Google Pay
ORD010086,CUST01067,2026-01-10,Shipped,30.36,Debit Card
ORD010087,CUST01947,2026-08-02,Shipped,97.44,Google Pay
ORD010088,CUST02800,2026-05-07,Shipped,21.0,Google Pay
ORD010089,CUST00096,2026-08-05,Completed,53.08,Apple Pay
ORD010090,CUST02075,2026-06-06,Shipped,27.34,Debit Card
ORD010091,CUST04932,2026-01-15,Completed,119.72,Credit Card
ORD010092,CUST01919,2026-01-19,Cancelled,64.7,Google Pay
ORD010093,CUST01266,2026-07-05,Shipped,15.34,Google Pay
ORD010094,CUST02535,2026-04-20,Processing,47.46,Credit Card
ORD010095,CUST00240,2026-06-30,Completed,21.97,Credit Card
ORD010096,CUST01328,2026-02-15,Processing,40.8,PayPal
ORD010097,CUST01143,2026-01-18,Completed,47.38,PayPal
ORD010098,CUST03224,2026-04-16,Completed,95.23,Google Pay
ORD010099,CUST03849,2026-01-03,Cancelled,113.41,PayPal
ORD010100,CUST01416,2026-03-11,Cancelled,22.28,Google Pay
ORD010101,CUST02399,2026-01-22,Shipped,49.07,Credit Card
ORD010102,CUST00761,2026-02-24,Cancelled,45.7,PayPal
ORD010103,CUST03643,2026-04-28,Completed,24.6,Debit Card
ORD010104,CUST01553,2026-07-11,Completed,49.49,Debit Card
ORD010105,CUST00863,2026-02-10,Cancelled,110.64,Credit Card
ORD010106,CUST04036,2026-04-20,Processing,28.91,Google Pay
ORD010107,CUST01156,2026-04-27,Completed,109.93,Debit Card
ORD010108,CUST00357,2026-08-11,Cancelled,23.05,PayPal
ORD010109,CUST01672,2026-08-01,Cancelled,182.43,Apple Pay
ORD010110,CUST01329,2026-05-16,Completed,58.96,Google Pay
ORD010111,CUST01030,2026-03-06,Completed,35.54,PayPal
ORD010112,CUST02377,2026-05-11,Completed,93.57,Google Pay
ORD010113,CUST03242,2026-06-06,Completed,342.15,PayPal
ORD010114,CUST01992,2026-03-11,Completed,155.57,Credit Card
ORD010115,CUST03872,2026-08-13,Completed,57.77,Credit Card
ORD010116,CUST02386,2026-01-18,Completed,149.0,Credit Card
ORD010117,CUST03141,2026-07-05,Completed,297.16,Credit Card
ORD010118,CUST00882,2026-04-27,Completed,46.37,PayPal
ORD010119,CUST00539,2026-01-01,Shipped,67.66,Debit Card
ORD010120,CUST04833,2026-01-22,Cancelled,33.99,PayPal
ORD010121,CUST01858,2026-04-05,Completed,46.03,PayPal
ORD010122,CUST03558,2026-05-31,Processing,49.65,Apple Pay
ORD010123,CUST04539,2026-05-16,Completed,44.31,Apple Pay
ORD010124,CUST02197,2026-06-06,Completed,137.55,PayPal
ORD010125,CUST01951,2026-06-21,Shipped,16.18,Credit Card
ORD010126,CUST01611,2026-04-25,Completed,61.43,Apple Pay
ORD010127,CUST03164,2026-03-03,Completed,57.95,Apple Pay
ORD010128,CUST04464,2026-01-19,Completed,43.39,PayPal
ORD010129,CUST04008,2026-02-28,Completed,107.46,Google Pay
ORD010130,CUST04676,2026-05-04,Processing,105.54,Apple Pay
ORD010131,CUST04752,2026-03-21,Completed,62.34,Credit Card
ORD010132,CUST00227,2026-05-27,Cancelled,75.13,PayPal
ORD010133,CUST00592,2026-01-22,Completed,58.29,Google Pay
ORD010134,CUST04120,2026-03-24,Completed,93.34,Debit Card
ORD010135,CUST02076,2026-03-09,Completed,181.68,Credit Card
ORD010136,CUST04949,2026-01-05,Completed,127.28,Credit Card
ORD010137,CUST02672,2026-01-05,Processing,288.75,PayPal
ORD010138,CUST01369,2026-06-02,Completed,108.74,Debit Card
ORD010139,CUST02023,2026-01-24,Completed,16.68,Credit Card
ORD010140,CUST02079,2026-05-09,Shipped,94.68,Credit Card
ORD010141,CUST03951,2026-04-24,Completed,35.98,PayPal
ORD010142,CUST03882,2026-01-28,Completed,151.17,Credit Card
ORD010143,CUST03322,2026-02-16,Completed,49.83,Google Pay
ORD010144,CUST04146,2026-03-26,Completed,23.86,Debit Card
ORD010145,CUST02437,2026-07-07,Completed,76.46,Apple Pay
ORD010146,CUST01805,2026-01-19,Completed,49.71,Apple Pay
ORD010147,CUST03360,2026-03-28,Processing,81.2,Debit Card
ORD010148,CUST01731,2026-05-22,Completed,77.16,Google Pay
ORD010149,CUST03663,2026-03-11,Processing,77.74,PayPal
ORD010150,CUST02974,2026-08-12,Completed,78.41,PayPal
ORD010151,CUST01030,2026-04-24,Cancelled,111.14,Apple Pay
ORD010152,CUST00412,2026-08-12,Cancelled,68.29,Credit Card
ORD010153,CUST01982,2026-01-08,Cancelled,55.34,Debit Card
ORD010154,CUST00662,2026-02-06,Completed,50.5,Google Pay
ORD010155,CUST01348,2026-03-27,Completed,47.02,PayPal
ORD010156,CUST03471,2026-03-13,Processing,49.94,Debit Card
ORD010157,CUST01306,2026-05-05,Shipped,110.24,Credit Card
ORD010158,CUST04287,2026-01-10,Completed,153.2,Apple Pay
ORD010159,CUST02834,2026-03-08,Completed,105.4,Credit Card
ORD010160,CUST04681,2026-05-21,Completed,74.97,Google Pay
ORD010161,CUST01854,2026-02-08,Processing,64.49,Apple Pay
ORD010162,CUST04596,2026-03-05,Completed,71.4,Credit Card
ORD010163,CUST04676,2026-01-30,Cancelled,71.94,Google Pay
ORD010164,CUST00816,2026-05-12,Shipped,39.92,Google Pay
ORD010165,CUST03506,2026-02-14,Cancelled,36.57,Google Pay
ORD010166,CUST01477,2026-05-14,Cancelled,64.26,Debit Card
ORD010167,CUST03514,2026-01-16,Completed,33.28,Google Pay
ORD010168,CUST02038,2026-01-22,Processing,34.78,PayPal
ORD010169,CUST01331,2026-08-07,Completed,37.65,Google Pay
ORD010170,CUST04876,2026-01-21,Processing,138.58,Credit Card
ORD010171,CUST03807,2026-08-09,Shipped,171.96,PayPal
ORD010172,CUST01150,2026-07-12,Completed,60.49,Apple Pay
ORD010173,CUST00007,2026-06-07,Completed,63.08,PayPal
ORD010174,CUST01437,2026-01-24,Completed,100.15,Credit Card
ORD010175,CUST03251,2026-03-05,Completed,32.27,Apple Pay
ORD010176,CUST03540,2026-05-21,Completed,65.74,Credit Card
ORD010177,CUST00695,2026-08-10,Completed,242.12,Credit Card
ORD010178,CUST02966,2026-01-26,Completed,57.84,Debit Card
ORD010179,CUST03300,2026-04-08,Completed,56.12,Debit Card
ORD010180,CUST04844,2026-01-20,Completed,56.94,Credit Card
ORD010181,CUST04242,2026-03-02,Cancelled,51.19,Google Pay
ORD010182,CUST03368,2026-05-04,Processing,81.45,Debit Card
ORD010183,CUST04953,2026-05-14,Completed,74.83,Credit Card
ORD010184,CUST04383,2026-06-20,Processing,14.44,PayPal
ORD010185,CUST00026,2026-06-26,Cancelled,90.67,Credit Card
ORD010186,CUST04548,2026-01-09,Shipped,30.76,Credit Card
ORD010187,CUST02154,2026-05-08,Processing,96.46,Apple Pay
ORD010188,CUST04336,2026-04-11,Processing,61.88,Debit Card
ORD010189,CUST03490,2026-06-14,Processing,66.61,Apple Pay
ORD010190,CUST00332,2026-01-16,Completed,70.16,Google Pay
ORD010191,CUST00645,2026-01-04,Processing,41.37,Credit Card
ORD010192,CUST01853,2026-02-01,Cancelled,39.82,Debit Card
ORD010193,CUST04131,2026-03-25,Completed,101.85,Debit Card
ORD010194,CUST02924,2026-04-03,Completed,41.98,Debit Card
ORD010195,CUST02432,2026-08-11,Shipped,28.77,Credit Card
ORD010196,CUST03585,2026-05-08,Completed,84.59,Credit Card
ORD010197,CUST03810,2026-01-17,Completed,81.81,PayPal
ORD010198,CUST00811,2026-02-10,Completed,58.75,Apple Pay
ORD010199,CUST01312,2026-08-05,Processing,70.24,Apple Pay
ORD010200,CUST02796,2026-02-14,Shipped,65.45,Credit Card
ORD010201,CUST01895,2026-01-16,Completed,92.53,Google Pay
ORD010202,CUST03007,2026-01-20,Shipped,108.49,Debit Card
ORD010203,CUST04301,2026-02-11,Completed,87.02,Credit Card
ORD010204,CUST02071,2026-01-10,Completed,112.99,Credit Card
ORD010205,CUST02657,2026-02-21,Processing,187.91,Credit Card
ORD010206,CUST04135,2026-07-07,Processing,83.46,Debit Card
ORD010207,CUST04269,2026-06-25,Completed,58.03,Debit Card
ORD010208,CUST04856,2026-05-31,Completed,20.17,Credit Card
ORD010209,CUST03485,2026-02-02,Completed,24.26,PayPal
ORD010210,CUST00414,2026-05-07,Completed,78.37,Apple Pay
ORD010211,CUST00692,2026-07-24,Completed,50.46,PayPal
ORD010212,CUST02663,2026-06-02,Completed,42.8,PayPal
ORD010213,CUST04118,2026-02-19,Completed,90.04,Credit Card
ORD010214,CUST02699,2026-04-11,Completed,99.41,Debit Card
ORD010215,CUST04310,2026-04-10,Cancelled,76.33,Apple Pay
ORD010216,CUST00920,2026-03-29,Completed,45.83,PayPal
ORD010217,CUST00907,2026-07-17,Cancelled,240.44,Google Pay
ORD010218,CUST03211,2026-03-20,Completed,57.06,Debit Card
ORD010219,CUST03729,2026-07-02,Shipped,114.67,Debit Card
ORD010220,CUST02720,2026-04-08,Shipped,51.73,Apple Pay
ORD010221,CUST03667,2026-03-09,Completed,28.94,Apple Pay
ORD010222,CUST04896,2026-03-19,Shipped,63.86,Apple Pay
ORD010223,CUST02365,2026-05-12,Processing,345.46,Credit Card
ORD010224,CUST00793,2026-01-28,Completed,119.79,Debit Card
ORD010225,CUST00576,2026-01-29,Cancelled,56.36,Credit Card
ORD010226,CUST01728,2026-03-23,Cancelled,89.74,Credit Card
ORD010227,CUST03228,2026-05-02,Shipped,48.31,Credit Card
ORD010228,CUST03572,2026-07-31,Completed,98.05,Debit Card
ORD010229,CUST04187,2026-06-25,Shipped,234.94,Google Pay
ORD010230,CUST03726,2026-04-15,Completed,41.68,PayPal
ORD010231,CUST04857,2026-08-12,Completed,73.04,Debit Card
ORD010232,CUST03367,2026-03-13,Completed,78.94,Debit Card
ORD010233,CUST04866,2026-04-20,Cancelled,46.29,Apple Pay
ORD010234,CUST01361,2026-04-23,Completed,44.78,PayPal
ORD010235,CUST02049,2026-05-21,Completed,68.37,Apple Pay
ORD010236,CUST02976,2026-02-12,Completed,38.7,Google Pay
ORD010237,CUST03197,2026-01-09,Completed,124.27,Credit Card
ORD010238,CUST01088,2026-02-09,Cancelled,53.8,Apple Pay
ORD010239,CUST00206,2026-02-15,Completed,55.32,Google Pay
ORD010240,CUST03487,2026-02-27,Completed,31.38,PayPal
ORD010241,CUST03316,2026-08-13,Completed,34.02,Credit Card
ORD010242,CUST00623,2026-07-03,Completed,43.03,Google Pay
ORD010243,CUST01678,2026-05-20,Completed,43.11,Apple Pay
ORD010244,CUST03288,2026-04-11,Cancelled,29.46,Google Pay
ORD010245,CUST03013,2026-01-25,Completed,109.27,Google Pay
ORD010246,CUST03013,2026-03-30,Processing,165.35,Credit Card
ORD010247,CUST03638,2026-05-24,Completed,54.26,Debit Card
ORD010248,CUST02701,2026-06-28,Completed,32.18,Google Pay
ORD010249,CUST01872,2026-05-04,Completed,33.85,Credit Card
ORD010250,CUST00079,2026-07-27,Completed,70.44,Credit Card
ORD010251,CUST01477,2026-04-09,Completed,65.04,PayPal
ORD010252,CUST04735,2026-08-03,Completed,20.39,PayPal
ORD010253,CUST03229,2026-07-19,Shipped,13.89,Debit Card
ORD010254,CUST02336,2026-06-30,Completed,64.59,Apple Pay
ORD010255,CUST01726,2026-06-29,Completed,100.88,Google Pay
ORD010256,CUST01115,2026-07-14,Completed,140.19,Google Pay
ORD010257,CUST00161,2026-05-04,Completed,39.24,Credit Card
ORD010258,CUST01426,2026-01-24,Cancelled,134.17,Credit Card
ORD010259,CUST01734,2026-04-17,Processing,50.92,Credit Card
ORD010260,CUST04416,2026-08-02,Cancelled,26.73,PayPal
ORD010261,CUST02412,2026-01-14,Cancelled,215.42,Credit Card
ORD010262,CUST03961,2026-01-22,Completed,19.49,Debit Card
ORD010263,CUST02523,2026-08-14,Completed,53.72,Credit Card
ORD010264,CUST04862,2026-05-08,Shipped,38.58,Apple Pay
ORD010265,CUST00602,2026-01-31,Completed,79.17,Credit Card
ORD010266,CUST02360,2026-03-26,Cancelled,118.01,Google Pay
ORD010267,CUST01556,2026-02-27,Shipped,17.03,Google Pay
ORD010268,CUST04685,2026-03-10,Completed,39.04,Credit Card
ORD010269,CUST01521,2026-05-27,Shipped,117.97,Google Pay
ORD010270,CUST02391,2026-04-16,Completed,33.3,Credit Card
ORD010271,CUST00906,2026-06-30,Completed,20.52,Credit Card
ORD010272,CUST01651,2026-03-26,Cancelled,44.56,PayPal
ORD010273,CUST01118,2026-01-02,Completed,39.77,PayPal
ORD010274,CUST01525,2026-06-30,Shipped,105.22,Google Pay
ORD010275,CUST04268,2026-07-14,Processing,63.8,Google Pay
ORD010276,CUST04722,2026-02-16,Cancelled,36.4,Debit Card
ORD010277,CUST03081,2026-04-25,Cancelled,119.27,Debit Card
ORD010278,CUST04778,2026-02-22,Completed,60.5,Credit Card
ORD010279,CUST03241,2026-07-04,Shipped,23.11,Debit Card
ORD010280,CUST04407,2026-08-10,Completed,38.09,Apple Pay
ORD010281,CUST03802,2026-08-14,Completed,42.49,PayPal
ORD010282,CUST01936,2026-01-25,Completed,241.69,Google Pay
ORD010283,CUST03628,2026-02-04,Completed,53.55,Debit Card
ORD010284,CUST04381,2026-06-06,Completed,24.68,Apple Pay
ORD010285,CUST03710,2026-07-23,Shipped,54.55,Debit Card
ORD010286,CUST02543,2026-03-28,Completed,98.29,Google Pay
ORD010287,CUST04451,2026-08-08,Cancelled,57.36,Debit Card
ORD010288,CUST00200,2026-04-20,Completed,129.36,PayPal
ORD010289,CUST02184,2026-05-25,Shipped,102.73,Debit Card
ORD010290,CUST02676,2026-03-21,Completed,97.48,Apple Pay
ORD010291,CUST04037,2026-06-26,Completed,97.19,Debit Card
ORD010292,CUST03494,2026-07-03,Completed,148.03,Google Pay
ORD010293,CUST03973,2026-07-20,Completed,128.45,Debit Card
ORD010294,CUST01365,2026-05-11,Completed,28.07,Apple Pay
ORD010295,CUST01853,2026-01-22,Shipped,28.33,Debit Card
ORD010296,CUST04438,2026-08-11,Cancelled,91.43,Credit Card
ORD010297,CUST03602,2026-05-22,Processing,32.32,Google Pay
ORD010298,CUST00388,2026-05-11,Completed,27.8,Credit Card
ORD010299,CUST04100,2026-02-07,Shipped,112.46,Credit Card
ORD010300,CUST04773,2026-03-28,Cancelled,44.88,Google Pay
ORD010301,CUST01663,2026-01-21,Completed,99.88,Google Pay
ORD010302,CUST02459,2026-06-28,Shipped,91.97,Apple Pay
ORD010303,CUST00213,2026-01-24,Cancelled,61.63,Apple Pay
ORD010304,CUST04656,2026-04-06,Processing,111.13,Apple Pay
ORD010305,CUST00558,2026-02-14,Completed,86.01,Credit Card
ORD010306,CUST02606,2026-07-16,Completed,110.91,Debit Card
ORD010307,CUST03120,2026-08-13,Cancelled,22.93,PayPal
ORD010308,CUST03704,2026-06-21,Completed,53.99,Debit Card
ORD010309,CUST02692,2026-02-16,Processing,22.91,PayPal
ORD010310,CUST01995,2026-07-04,Completed,47.94,PayPal
ORD010311,CUST00475,2026-05-27,Cancelled,29.81,PayPal
ORD010312,CUST01768,2026-06-11,Completed,30.17,PayPal
ORD010313,CUST00042,2026-05-11,Completed,62.41,Google Pay
ORD010314,CUST02652,2026-02-08,Completed,186.38,Apple Pay
ORD010315,CUST02096,2026-04-02,Processing,76.34,Google Pay
ORD010316,CUST03993,2026-03-16,Completed,72.43,Credit Card
ORD010317,CUST01987,2026-07-07,Completed,22.31,Google Pay
ORD010318,CUST03866,2026-05-18,Completed,199.81,Apple Pay
ORD010319,CUST03658,2026-06-17,Shipped,69.91,Debit Card
ORD010320,CUST04824,2026-01-02,Completed,131.37,Apple Pay
ORD010321,CUST03518,2026-02-14,Processing,44.47,Debit Card
ORD010322,CUST02269,2026-06-04,Processing,96.0,Credit Card
ORD010323,CUST01645,2026-02-22,Processing,22.44,PayPal
ORD010324,CUST00940,2026-05-17,Cancelled,75.62,Google Pay
ORD010325,CUST04439,2026-04-13,Cancelled,100.87,PayPal
ORD010326,CUST03310,2026-05-09,Cancelled,195.01,Credit Card
ORD010327,CUST02986,2026-06-10,Processing,250.94,Credit Card
ORD010328,CUST04937,2026-02-07,Completed,107.1,Debit Card
ORD010329,CUST02028,2026-02-26,Cancelled,26.32,Debit Card
ORD010330,CUST03128,2026-06-10,Completed,43.14,Credit Card
ORD010331,CUST04990,2026-06-25,Completed,43.75,Apple Pay
ORD010332,CUST04134,2026-01-03,Completed,141.46,PayPal
ORD010333,CUST01365,2026-02-01,Processing,59.86,Google Pay
ORD010334,CUST00851,2026-07-24,Completed,74.12,Credit Card
ORD010335,CUST00231,2026-05-29,Completed,249.68,Google Pay
ORD010336,CUST02500,2026-03-09,Processing,55.71,Credit Card
ORD010337,CUST02305,2026-05-25,Completed,29.66,Debit Card
ORD010338,CUST02482,2026-06-19,Processing,87.42,Debit Card
ORD010339,CUST04305,2026-03-09,Cancelled,32.06,Credit Card
ORD010340,CUST03712,2026-03-25,Shipped,35.29,Google Pay
ORD010341,CUST02904,2026-01-12,Processing,59.43,PayPal
ORD010342,CUST03466,2026-08-06,Shipped,286.45,Credit Card
ORD010343,CUST02769,2026-02-14,Completed,48.35,Credit Card
ORD010344,CUST02893,2026-06-13,Shipped,93.57,Apple Pay
ORD010345,CUST02084,2026-03-21,Completed,51.38,Credit Card
ORD010346,CUST01239,2026-06-28,Completed,67.79,Debit Card
ORD010347,CUST02075,2026-05-15,Shipped,159.58,Apple Pay
ORD010348,CUST02066,2026-06-10,Cancelled,101.99,Apple Pay
ORD010349,CUST00630,2026-02-17,Processing,61.9,Debit Card
ORD010350,CUST03209,2026-07-13,Processing,50.29,Debit Card
ORD010351,CUST04675,2026-02-02,Completed,175.45,Debit Card
ORD010352,CUST00903,2026-07-25,Completed,206.7,Google Pay
ORD010353,CUST01054,2026-03-25,Cancelled,64.29,Apple Pay
ORD010354,CUST00123,2026-04-11,Cancelled,112.28,PayPal
ORD010355,CUST00957,2026-06-04,Completed,130.59,PayPal
ORD010356,CUST00987,2026-02-16,Cancelled,36.5,Google Pay
ORD010357,CUST01252,2026-03-26,Completed,53.61,PayPal
ORD010358,CUST04434,2026-07-13,Completed,101.53,Apple Pay
ORD010359,CUST00991,2026-02-12,Completed,74.12,Debit Card
ORD010360,CUST02321,2026-03-21,Completed,39.29,Apple Pay
ORD010361,CUST00902,2026-05-27,Shipped,39.84,Google Pay
ORD010362,CUST02087,2026-07-15,Cancelled,105.79,Google Pay
ORD010363,CUST03993,2026-05-18,Shipped,31.49,Credit Card
ORD010364,CUST04522,2026-01-22,Shipped,46.82,Google Pay
ORD010365,CUST04710,2026-07-23,Shipped,33.89,Google Pay
ORD010366,CUST03581,2026-07-13,Shipped,87.46,Apple Pay
ORD010367,CUST02803,2026-05-10,Processing,136.37,Apple Pay
ORD010368,CUST02205,2026-04-18,Completed,10.52,Google Pay
ORD010369,CUST00872,2026-04-08,Completed,29.08,Apple Pay
ORD010370,CUST02825,2026-01-18,Completed,47.24,Apple Pay
ORD010371,CUST02903,2026-05-08,Completed,112.73,Google Pay
ORD010372,CUST04731,2026-07-27,Completed,22.43,Debit Card
ORD010373,CUST02504,2026-01-19,Completed,101.44,Google Pay
ORD010374,CUST03404,2026-08-05,Processing,168.65,PayPal
ORD010375,CUST02192,2026-06-07,Completed,64.59,Apple Pay
ORD010376,CUST03883,2026-05-14,Cancelled,79.75,Credit Card
ORD010377,CUST04583,2026-01-27,Shipped,58.25,Google Pay
ORD010378,CUST03208,2026-01-15,Shipped,20.44,Debit Card
ORD010379,CUST03659,2026-06-08,Shipped,42.97,Debit Card
ORD010380,CUST03098,2026-06-21,Completed,116.2,Apple Pay
ORD010381,CUST03079,2026-08-02,Completed,108.7,Google Pay
ORD010382,CUST02639,2026-07-23,Cancelled,98.42,Google Pay
ORD010383,CUST03087,2026-05-18,Processing,54.27,PayPal
ORD010384,CUST02947,2026-05-29,Processing,96.13,Google Pay
ORD010385,CUST03472,2026-06-24,Cancelled,62.77,PayPal
ORD010386,CUST04303,2026-07-02,Shipped,18.24,Debit Card
ORD010387,CUST01625,2026-05-03,Cancelled,32.49,Google Pay
ORD010388,CUST02958,2026-04-05,Completed,38.82,Apple Pay
ORD010389,CUST03288,2026-06-13,Shipped,24.93,PayPal
ORD010390,CUST01526,2026-05-07,Processing,56.77,PayPal
ORD010391,CUST01483,2026-03-15,Cancelled,101.57,Apple Pay
ORD010392,CUST00259,2026-02-27,Shipped,218.34,Credit Card
ORD010393,CUST00454,2026-05-27,Processing,38.66,Apple Pay
ORD010394,CUST00799,2026-08-03,Completed,39.18,PayPal
ORD010395,CUST04471,2026-07-11,Completed,115.13,Apple Pay
ORD010396,CUST02512,2026-04-20,Completed,38.38,PayPal
ORD010397,CUST04171,2026-05-18,Cancelled,132.3,Credit Card
ORD010398,CUST00242,2026-02-18,Shipped,61.39,Google Pay
ORD010399,CUST01713,2026-07-01,Shipped,48.09,Debit Card
ORD010400,CUST04219,2026-03-02,Completed,51.47,Credit Card
ORD010401,CUST02003,2026-07-06,Completed,205.4,Google Pay
ORD010402,CUST03328,2026-08-07,Processing,57.75,Apple Pay
ORD010403,CUST02282,2026-05-10,Shipped,24.81,PayPal
ORD010404,CUST00497,2026-03-16,Processing,218.14,Credit Card
ORD010405,CUST03112,2026-01-08,Processing,104.7,Apple Pay
ORD010406,CUST00727,2026-05-27,Processing,70.39,Google Pay
ORD010407,CUST01832,2026-07-27,Completed,7.92,Debit Card
ORD010408,CUST01822,2026-07-15,Processing,38.5,Credit Card
ORD010409,CUST01817,2026-05-22,Completed,57.24,Debit Card
ORD010410,CUST00092,2026-01-22,Completed,24.02,Apple Pay
ORD010411,CUST03433,2026-01-17,Completed,43.24,Google Pay
ORD010412,CUST01970,2026-04-17,Shipped,29.29,Credit Card
ORD010413,CUST02385,2026-03-04,Completed,75.06,Google Pay
ORD010414,CUST03680,2026-05-02,Completed,108.28,PayPal
ORD010415,CUST04609,2026-01-26,Cancelled,103.29,Google Pay
ORD010416,CUST00603,2026-06-13,Shipped,102.87,Google Pay
ORD010417,CUST00428,2026-04-27,Completed,37.95,Google Pay
ORD010418,CUST02020,2026-02-14,Processing,201.3,Credit Card
ORD010419,CUST01457,2026-01-30,Completed,72.77,Credit Card
ORD010420,CUST00007,2026-04-26,Processing,15.23,Credit Card
ORD010421,CUST02435,2026-05-29,Completed,89.52,Debit Card
ORD010422,CUST01374,2026-05-28,Completed,34.1,Apple Pay
ORD010423,CUST00641,2026-06-19,Completed,50.91,Apple Pay
ORD010424,CUST03763,2026-03-31,Completed,72.59,Google Pay
ORD010425,CUST04006,2026-04-29,Completed,79.82,Debit Card
ORD010426,CUST02231,2026-07-03,Completed,127.09,Apple Pay
ORD010427,CUST04661,2026-05-20,Completed,69.32,Credit Card
ORD010428,CUST03812,2026-01-08,Completed,152.73,PayPal
ORD010429,CUST03307,2026-04-03,Completed,45.26,PayPal
ORD010430,CUST00446,2026-04-27,Completed,128.13,Apple Pay
ORD010431,CUST03942,2026-07-10,Shipped,24.46,Debit Card
ORD010432,CUST04296,2026-02-25,Processing,24.27,Apple Pay
ORD010433,CUST02996,2026-05-15,Completed,85.43,Credit Card
ORD010434,CUST00513,2026-03-03,Shipped,25.77,Debit Card
ORD010435,CUST00990,2026-05-01,Cancelled,112.47,PayPal
ORD010436,CUST01402,2026-03-02,Completed,79.8,Google Pay
ORD010437,CUST01813,2026-05-18,Shipped,122.93,Credit Card
ORD010438,CUST00546,2026-02-19,Completed,98.93,Debit Card
ORD010439,CUST02534,2026-05-28,Shipped,132.49,Google Pay
ORD010440,CUST02010,2026-01-28,Completed,128.22,Credit Card
ORD010441,CUST03433,2026-05-22,Completed,71.08,PayPal
ORD010442,CUST04086,2026-03-17,Completed,57.05,Debit Card
ORD010443,CUST02216,2026-01-08,Completed,132.45,Apple Pay
ORD010444,CUST04986,2026-05-15,Completed,211.09,Debit Card
ORD010445,CUST03666,2026-01-05,Completed,50.35,Debit Card
ORD010446,CUST00828,2026-01-01,Completed,133.65,Credit Card
ORD010447,CUST02185,2026-04-21,Processing,51.81,Apple Pay
ORD010448,CUST02163,2026-03-14,Shipped,47.62,PayPal
ORD010449,CUST01276,2026-07-29,Shipped,92.68,Google Pay
ORD010450,CUST01517,2026-04-16,Completed,106.73,PayPal
ORD010451,CUST01313,2026-01-10,Completed,91.19,Apple Pay
ORD010452,CUST03524,2026-07-05,Cancelled,67.68,Google Pay
ORD010453,CUST00516,2026-03-06,Shipped,69.07,Debit Card
ORD010454,CUST04784,2026-07-07,Processing,24.62,Google Pay
ORD010455,CUST01020,2026-05-28,Completed,65.87,Debit Card
ORD010456,CUST01296,2026-02-27,Processing,156.52,Apple Pay
ORD010457,CUST01050,2026-06-20,Cancelled,136.11,PayPal
ORD010458,CUST02341,2026-06-06,Completed,39.78,Credit Card
ORD010459,CUST01258,2026-01-02,Completed,92.59,Google Pay
ORD010460,CUST02279,2026-06-03,Cancelled,85.75,Credit Card
ORD010461,CUST02986,2026-07-22,Completed,198.08,Credit Card
ORD010462,CUST03870,2026-08-05,Shipped,116.81,Google Pay
ORD010463,CUST01145,2026-08-14,Completed,77.02,Credit Card
ORD010464,CUST04614,2026-02-28,Cancelled,98.55,Credit Card
ORD010465,CUST00706,2026-04-15,Shipped,37.69,Credit Card
ORD010466,CUST02425,2026-01-01,Cancelled,75.04,PayPal
ORD010467,CUST03572,2026-01-31,Completed,254.65,Debit Card
ORD010468,CUST01935,2026-02-07,Completed,63.87,PayPal
ORD010469,CUST02485,2026-01-22,Cancelled,46.77,PayPal
ORD010470,CUST01746,2026-07-13,Cancelled,148.75,Debit Card
ORD010471,CUST00970,2026-06-24,Processing,48.31,Debit Card
ORD010472,CUST02547,2026-01-01,Cancelled,32.33,Credit Card
ORD010473,CUST02648,2026-03-29,Completed,179.13,PayPal
ORD010474,CUST00778,2026-06-27,Cancelled,44.5,Google Pay
ORD010475,CUST01334,2026-06-13,Completed,58.16,Google Pay
ORD010476,CUST02118,2026-06-22,Completed,51.7,Credit Card
ORD010477,CUST02389,2026-06-13,Completed,232.62,PayPal
ORD010478,CUST03104,2026-06-11,Completed,14.83,Credit Card
ORD010479,CUST03115,2026-01-09,Shipped,92.08,PayPal
ORD010480,CUST04214,2026-07-23,Completed,25.08,Credit Card
ORD010481,CUST02937,2026-04-20,Completed,128.71,Debit Card
ORD010482,CUST04111,2026-03-25,Cancelled,41.5,Google Pay
ORD010483,CUST01346,2026-05-12,Processing,50.23,Credit Card
ORD010484,CUST02042,2026-07-26,Completed,50.92,PayPal
ORD010485,CUST02675,2026-03-04,Completed,64.86,Google Pay
ORD010486,CUST01556,2026-05-12,Completed,31.39,Credit Card
ORD010487,CUST00690,2026-05-13,Completed,128.01,Apple Pay
ORD010488,CUST04870,2026-05-18,Completed,39.54,Google Pay
ORD010489,CUST03453,2026-04-18,Completed,45.13,Apple Pay
ORD010490,CUST01535,2026-06-21,Completed,29.87,PayPal
ORD010491,CUST00120,2026-02-09,Cancelled,123.72,Debit Card
ORD010492,CUST04160,2026-02-05,Shipped,53.37,Debit Card
ORD010493,CUST04556,2026-02-04,Completed,178.23,PayPal
ORD010494,CUST04055,2026-02-28,Completed,7.09,Apple Pay
ORD010495,CUST02853,2026-07-12,Completed,106.78,Debit Card
ORD010496,CUST01614,2026-07-29,Completed,26.28,Debit Card
ORD010497,CUST03034,2026-04-26,Cancelled,36.29,Apple Pay
ORD010498,CUST02784,2026-01-31,Cancelled,60.21,Credit Card
ORD010499,CUST02937,2026-06-23,Completed,96.29,Debit Card
ORD010500,CUST04064,2026-02-18,Completed,436.03,Debit Card
ORD010501,CUST03889,2026-05-14,Completed,35.82,Credit Card
ORD010502,CUST03785,2026-07-17,Completed,37.93,Apple Pay
ORD010503,CUST02627,2026-04-16,Shipped,38.77,Apple Pay
ORD010504,CUST03545,2026-01-19,Cancelled,45.88,Credit Card
ORD010505,CUST01150,2026-04-06,Completed,125.22,Debit Card
ORD010506,CUST04803,2026-06-19,Shipped,64.11,Credit Card
ORD010507,CUST01710,2026-01-30,Completed,192.44,PayPal
ORD010508,CUST03159,2026-01-26,Cancelled,157.24,Credit Card
ORD010509,CUST01367,2026-05-11,Completed,98.51,Google Pay
ORD010510,CUST04050,2026-06-10,Shipped,47.42,Apple Pay
ORD010511,CUST04491,2026-02-19,Shipped,17.06,Debit Card
ORD010512,CUST04580,2026-06-08,Completed,56.38,Debit Card
ORD010513,CUST04762,2026-04-21,Processing,35.51,PayPal
ORD010514,CUST00456,2026-07-31,Completed,57.78,Debit Card
ORD010515,CUST04306,2026-07-15,Completed,48.35,PayPal
ORD010516,CUST04621,2026-04-06,Cancelled,46.4,PayPal
ORD010517,CUST00676,2026-03-23,Cancelled,59.81,Apple Pay
ORD010518,CUST01002,2026-05-18,Completed,17.76,PayPal
ORD010519,CUST04072,2026-01-22,Completed,42.47,Apple Pay
ORD010520,CUST00896,2026-07-10,Completed,146.71,PayPal
ORD010521,CUST02355,2026-02-23,Processing,122.24,Credit Card
ORD010522,CUST03094,2026-06-28,Completed,59.51,Apple Pay
ORD010523,CUST00060,2026-03-22,Completed,18.89,Google Pay
ORD010524,CUST04482,2026-05-12,Shipped,48.91,Credit Card
ORD010525,CUST02765,2026-02-06,Completed,41.25,PayPal
ORD010526,CUST01795,2026-07-18,Completed,68.27,Google Pay
ORD010527,CUST03263,2026-03-04,Processing,67.25,Apple Pay
ORD010528,CUST02530,2026-02-20,Cancelled,85.29,Google Pay
ORD010529,CUST01943,2026-05-16,Shipped,22.74,Google Pay
ORD010530,CUST03488,2026-01-01,Completed,16.17,PayPal
ORD010531,CUST04892,2026-01-08,Completed,44.45,Credit Card
ORD010532,CUST04988,2026-07-30,Completed,29.05,Google Pay
ORD010533,CUST03422,2026-03-22,Cancelled,69.02,Credit Card
ORD010534,CUST04697,2026-04-15,Shipped,63.21,Google Pay
ORD010535,CUST04079,2026-07-02,Completed,25.18,Apple Pay
ORD010536,CUST01374,2026-04-22,Processing,73.57,PayPal
ORD010537,CUST03554,2026-05-17,Processing,97.92,Google Pay
ORD010538,CUST03673,2026-06-28,Completed,185.89,PayPal
ORD010539,CUST01083,2026-05-24,Processing,27.27,Credit Card
ORD010540,CUST04248,2026-06-30,Completed,52.31,Google Pay
ORD010541,CUST00934,2026-02-28,Cancelled,39.73,Apple Pay
ORD010542,CUST02588,2026-02-14,Completed,227.47,Debit Card
ORD010543,CUST04086,2026-06-14,Completed,17.62,Credit Card
ORD010544,CUST00558,2026-04-01,Completed,101.93,PayPal
ORD010545,CUST04714,2026-03-07,Shipped,45.27,Credit Card
ORD010546,CUST04120,2026-07-11,Cancelled,29.78,Apple Pay
ORD010547,CUST01543,2026-02-05,Cancelled,52.46,PayPal
ORD010548,CUST02383,2026-03-17,Completed,69.74,PayPal
ORD010549,CUST04099,2026-02-19,Cancelled,16.27,PayPal
ORD010550,CUST01008,2026-04-09,Completed,50.08,Debit Card
ORD010551,CUST01282,2026-04-05,Cancelled,48.41,Debit Card
ORD010552,CUST04359,2026-06-30,Completed,19.85,PayPal
ORD010553,CUST00121,2026-07-04,Completed,107.62,Debit Card
ORD010554,CUST04117,2026-05-27,Completed,29.73,PayPal
ORD010555,CUST00905,2026-06-03,Processing,145.81,Apple Pay
ORD010556,CUST00140,2026-04-28,Completed,40.22,PayPal
ORD010557,CUST01816,2026-04-10,Completed,13.4,Debit Card
ORD010558,CUST04302,2026-03-09,Completed,173.16,Apple Pay
ORD010559,CUST04139,2026-04-22,Completed,25.2,Apple Pay
ORD010560,CUST01029,2026-06-20,Completed,39.47,Debit Card
ORD010561,CUST02255,2026-05-07,Shipped,36.47,PayPal
ORD010562,CUST00345,2026-04-05,Processing,41.06,Debit Card
ORD010563,CUST02420,2026-05-02,Completed,67.45,Credit Card
ORD010564,CUST03304,2026-07-05,Shipped,135.85,Debit Card
ORD010565,CUST03236,2026-07-24,Cancelled,14.67,Apple Pay
ORD010566,CUST02595,2026-05-07,Completed,52.66,PayPal
ORD010567,CUST01388,2026-04-13,Processing,124.26,Google Pay
ORD010568,CUST04018,2026-02-28,Processing,62.29,PayPal
ORD010569,CUST00984,2026-02-15,Completed,74.16,Apple Pay
ORD010570,CUST04431,2026-07-15,Shipped,126.64,PayPal
ORD010571,CUST02123,2026-02-09,Cancelled,20.63,Apple Pay
ORD010572,CUST02995,2026-05-21,Processing,67.85,Google Pay
ORD010573,CUST02901,2026-05-01,Completed,106.92,Debit Card
ORD010574,CUST00776,2026-04-15,Completed,82.47,Credit Card
ORD010575,CUST03919,2026-01-09,Processing,39.78,PayPal
ORD010576,CUST04982,2026-03-07,Cancelled,17.19,Google Pay
ORD010577,CUST00736,2026-02-22,Cancelled,73.93,PayPal
ORD010578,CUST01487,2026-07-23,Shipped,40.45,Credit Card
ORD010579,CUST00396,2026-03-22,Shipped,91.48,Credit Card
ORD010580,CUST04779,2026-01-04,Shipped,34.55,Credit Card
ORD010581,CUST02002,2026-05-06,Completed,158.46,Google Pay
ORD010582,CUST03448,2026-05-22,Cancelled,124.4,Credit Card
ORD010583,CUST00364,2026-08-01,Completed,25.05,Credit Card
ORD010584,CUST03288,2026-04-15,Completed,191.56,Credit Card
ORD010585,CUST01855,2026-05-16,Shipped,23.63,Credit Card
ORD010586,CUST04189,2026-04-07,Completed,92.26,Google Pay
ORD010587,CUST04362,2026-07-09,Shipped,50.63,PayPal
ORD010588,CUST00744,2026-06-22,Shipped,55.08,Google Pay
ORD010589,CUST00374,2026-04-02,Cancelled,129.67,Google Pay
ORD010590,CUST04190,2026-07-14,Completed,77.73,Credit Card
ORD010591,CUST04128,2026-07-09,Completed,25.12,Debit Card
ORD010592,CUST03735,2026-03-19,Shipped,41.86,PayPal
ORD010593,CUST04085,2026-03-24,Cancelled,84.24,PayPal
ORD010594,CUST00140,2026-03-11,Completed,127.74,Debit Card
ORD010595,CUST03021,2026-02-05,Shipped,109.34,PayPal
ORD010596,CUST03293,2026-03-25,Cancelled,52.12,Credit Card
ORD010597,CUST01565,2026-05-09,Completed,47.06,Credit Card
ORD010598,CUST00058,2026-07-07,Processing,244.79,Credit Card
ORD010599,CUST03497,2026-07-21,Shipped,113.38,Credit Card
ORD010600,CUST02188,2026-05-21,Completed,52.65,Apple Pay
ORD010601,CUST02949,2026-05-20,Completed,61.8,Credit Card
ORD010602,CUST04474,2026-03-16,Shipped,28.9,Apple Pay
ORD010603,CUST00373,2026-04-10,Completed,47.56,PayPal
ORD010604,CUST03135,2026-05-25,Shipped,40.16,PayPal
ORD010605,CUST01588,2026-06-24,Completed,46.29,Apple Pay
ORD010606,CUST00778,2026-02-22,Shipped,131.6,PayPal
ORD010607,CUST04263,2026-08-09,Completed,24.68,Google Pay
ORD010608,CUST03223,2026-03-08,Processing,52.74,Debit Card
ORD010609,CUST03679,2026-08-09,Shipped,31.11,Google Pay
ORD010610,CUST04680,2026-01-10,Completed,72.13,Apple Pay
ORD010611,CUST02549,2026-02-15,Shipped,155.36,Debit Card
ORD010612,CUST02944,2026-03-24,Completed,99.4,Apple Pay
ORD010613,CUST00999,2026-04-27,Completed,70.53,Credit Card
ORD010614,CUST00560,2026-01-04,Completed,122.39,Debit Card
ORD010615,CUST03344,2026-02-26,Processing,113.34,Apple Pay
ORD010616,CUST03502,2026-02-07,Completed,44.65,Credit Card
ORD010617,CUST04015,2026-05-20,Completed,18.24,PayPal
ORD010618,CUST03679,2026-01-31,Completed,136.31,Apple Pay
ORD010619,CUST04329,2026-05-10,Processing,26.49,Debit Card
ORD010620,CUST04656,2026-05-09,Processing,26.73,PayPal
ORD010621,CUST00921,2026-03-22,Processing,50.07,Apple Pay
ORD010622,CUST01243,2026-01-25,Cancelled,40.13,Apple Pay
ORD010623,CUST00081,2026-01-05,Processing,26.51,PayPal
ORD010624,CUST03621,2026-02-17,Shipped,56.78,Credit Card
ORD010625,CUST02662,2026-05-22,Completed,49.14,Debit Card
ORD010626,CUST04799,2026-02-21,Cancelled,84.66,Credit Card
ORD010627,CUST00541,2026-03-15,Shipped,60.94,Debit Card
ORD010628,CUST01275,2026-05-29,Completed,75.57,PayPal
ORD010629,CUST02786,2026-06-02,Completed,54.28,Credit Card
ORD010630,CUST03487,2026-04-09,Completed,76.14,Google Pay
ORD010631,CUST03158,2026-03-08,Completed,45.13,Google Pay
ORD010632,CUST04718,2026-07-29,Completed,55.18,Apple Pay
ORD010633,CUST02244,2026-04-29,Processing,33.24,Credit Card
ORD010634,CUST03043,2026-06-27,Processing,32.75,Apple Pay
ORD010635,CUST01321,2026-04-13,Cancelled,62.44,Credit Card
ORD010636,CUST02994,2026-02-02,Processing,217.45,Debit Card
ORD010637,CUST02092,2026-05-25,Completed,81.4,Debit Card
ORD010638,CUST04059,2026-07-17,Completed,42.81,PayPal
ORD010639,CUST03026,2026-02-03,Completed,21.56,Google Pay
ORD010640,CUST04155,2026-06-03,Completed,99.05,Google Pay
ORD010641,CUST00479,2026-06-19,Completed,134.88,PayPal
ORD010642,CUST02666,2026-06-08,Cancelled,86.37,PayPal
ORD010643,CUST01757,2026-04-23,Completed,83.05,PayPal
ORD010644,CUST01799,2026-02-20,Completed,22.47,PayPal
ORD010645,CUST04880,2026-08-08,Completed,65.87,Credit Card
ORD010646,CUST03121,2026-02-05,Completed,39.91,PayPal
ORD010647,CUST02988,2026-01-13,Completed,92.64,Apple Pay
ORD010648,CUST02579,2026-03-26,Completed,28.46,PayPal
ORD010649,CUST01027,2026-08-06,Processing,57.39,Credit Card
ORD010650,CUST04474,2026-08-11,Completed,101.97,Google Pay
ORD010651,CUST04668,2026-07-27,Completed,36.42,Google Pay
ORD010652,CUST01955,2026-08-11,Cancelled,46.49,Google Pay
ORD010653,CUST03314,2026-01-13,Completed,110.94,Credit Card
ORD010654,CUST01565,2026-08-10,Completed,207.3,PayPal
ORD010655,CUST00587,2026-02-01,Completed,100.05,Debit Card
ORD010656,CUST04453,2026-05-13,Cancelled,63.54,Google Pay
ORD010657,CUST00685,2026-01-12,Processing,39.13,Google Pay
ORD010658,CUST03269,2026-07-06,Cancelled,51.44,Debit Card
ORD010659,CUST03491,2026-06-18,Processing,95.67,PayPal
ORD010660,CUST00659,2026-02-06,Shipped,42.05,Google Pay
ORD010661,CUST01297,2026-03-09,Cancelled,43.88,PayPal
ORD010662,CUST01526,2026-04-16,Cancelled,24.55,Apple Pay
ORD010663,CUST02083,2026-06-25,Completed,247.97,Debit Card
ORD010664,CUST04608,2026-06-20,Cancelled,118.8,Credit Card
ORD010665,CUST01072,2026-04-03,Completed,45.68,PayPal
ORD010666,CUST02321,2026-02-10,Completed,155.96,Debit Card
ORD010667,CUST02575,2026-02-25,Completed,79.29,Debit Card
ORD010668,CUST00210,2026-03-10,Completed,31.7,Debit Card
ORD010669,CUST00624,2026-01-11,Completed,41.28,Credit Card
ORD010670,CUST01806,2026-08-10,Cancelled,29.8,Google Pay
ORD010671,CUST04269,2026-05-17,Completed,76.63,Apple Pay
ORD010672,CUST03750,2026-04-23,Cancelled,272.64,Google Pay
ORD010673,CUST04543,2026-01-28,Completed,60.07,PayPal
ORD010674,CUST00011,2026-01-22,Completed,38.94,Debit Card
ORD010675,CUST00761,2026-07-22,Processing,53.67,Google Pay
ORD010676,CUST01328,2026-03-26,Cancelled,198.35,Credit Card
ORD010677,CUST01178,2026-01-06,Shipped,102.16,Credit Card
ORD010678,CUST02371,2026-01-26,Completed,67.78,Apple Pay
ORD010679,CUST03609,2026-05-24,Shipped,20.12,Google Pay
ORD010680,CUST00977,2026-01-14,Completed,71.25,Credit Card
ORD010681,CUST02493,2026-02-04,Processing,36.24,Credit Card
ORD010682,CUST02390,2026-02-11,Processing,160.23,Apple Pay
ORD010683,CUST02458,2026-02-22,Completed,30.45,PayPal
ORD010684,CUST03674,2026-04-10,Completed,33.64,Google Pay
ORD010685,CUST02553,2026-05-30,Cancelled,90.29,PayPal
ORD010686,CUST04136,2026-06-30,Completed,63.82,Debit Card
ORD010687,CUST01483,2026-07-13,Cancelled,34.28,PayPal
ORD010688,CUST02311,2026-01-13,Completed,27.83,Credit Card
ORD010689,CUST03742,2026-01-11,Cancelled,217.0,Credit Card
ORD010690,CUST03840,2026-05-20,Shipped,56.81,PayPal
ORD010691,CUST02756,2026-04-07,Shipped,64.95,PayPal
ORD010692,CUST00823,2026-03-27,Completed,65.19,Debit Card
ORD010693,CUST03598,2026-02-22,Processing,16.6,Debit Card
ORD010694,CUST00461,2026-01-09,Shipped,109.54,Google Pay
ORD010695,CUST04313,2026-03-12,Processing,38.87,Credit Card
ORD010696,CUST01741,2026-01-17,Completed,38.64,Google Pay
ORD010697,CUST02125,2026-07-08,Completed,62.56,Google Pay
ORD010698,CUST01445,2026-01-10,Cancelled,13.67,PayPal
ORD010699,CUST03098,2026-06-15,Completed,17.66,Credit Card
ORD010700,CUST04470,2026-05-03,Shipped,108.7,Google Pay
ORD010701,CUST00654,2026-02-08,Cancelled,95.87,PayPal
ORD010702,CUST05000,2026-04-20,Cancelled,34.47,Apple Pay
ORD010703,CUST03542,2026-03-30,Completed,131.64,Debit Card
ORD010704,CUST00744,2026-08-07,Completed,155.76,PayPal
ORD010705,CUST00853,2026-04-04,Cancelled,23.42,PayPal
ORD010706,CUST04927,2026-06-07,Shipped,76.54,Google Pay
ORD010707,CUST01562,2026-04-17,Completed,41.78,PayPal
ORD010708,CUST03946,2026-02-03,Completed,10.88,PayPal
ORD010709,CUST02677,2026-02-02,Shipped,23.92,Google Pay
ORD010710,CUST01319,2026-06-09,Cancelled,77.71,PayPal
ORD010711,CUST00122,2026-01-12,Completed,31.67,Debit Card
ORD010712,CUST04255,2026-03-28,Completed,130.66,Credit Card
ORD010713,CUST03728,2026-04-03,Cancelled,68.69,Google Pay
ORD010714,CUST00307,2026-04-17,Cancelled,266.5,Apple Pay
ORD010715,CUST03983,2026-07-12,Shipped,19.6,Apple Pay
ORD010716,CUST01113,2026-07-31,Completed,199.17,Credit Card
ORD010717,CUST04847,2026-01-10,Processing,128.01,Debit Card
ORD010718,CUST01897,2026-05-05,Processing,53.94,PayPal
ORD010719,CUST04687,2026-01-19,Processing,166.32,Apple Pay
ORD010720,CUST00346,2026-01-23,Cancelled,55.52,PayPal
ORD010721,CUST03912,2026-05-08,Completed,182.04,Debit Card
ORD010722,CUST00149,2026-03-26,Processing,33.85,Google Pay
ORD010723,CUST01040,2026-07-04,Completed,67.73,Credit Card
ORD010724,CUST01391,2026-04-17,Cancelled,56.04,Debit Card
ORD010725,CUST03905,2026-04-09,Completed,24.47,Apple Pay
ORD010726,CUST04877,2026-02-28,Completed,32.45,Apple Pay
ORD010727,CUST00118,2026-08-12,Completed,70.28,Credit Card
ORD010728,CUST00704,2026-07-01,Completed,52.99,Google Pay
ORD010729,CUST04384,2026-03-15,Processing,75.34,Debit Card
ORD010730,CUST02956,2026-01-02,Processing,33.29,Apple Pay
ORD010731,CUST02025,2026-02-17,Cancelled,29.32,Apple Pay
ORD010732,CUST04539,2026-01-06,Completed,40.86,Google Pay
ORD010733,CUST04997,2026-02-12,Cancelled,71.74,Apple Pay
ORD010734,CUST04397,2026-05-25,Shipped,52.08,Apple Pay
ORD010735,CUST04346,2026-05-07,Completed,44.7,PayPal
ORD010736,CUST01958,2026-03-20,Processing,96.88,Credit Card
ORD010737,CUST04782,2026-06-13,Processing,82.46,PayPal
ORD010738,CUST02800,2026-06-01,Shipped,82.84,Apple Pay
ORD010739,CUST00998,2026-05-01,Completed,57.21,Google Pay
ORD010740,CUST00406,2026-04-30,Completed,36.6,Credit Card
ORD010741,CUST02849,2026-07-08,Completed,25.02,Debit Card
ORD010742,CUST00244,2026-01-29,Completed,48.11,Debit Card
ORD010743,CUST02415,2026-03-19,Processing,65.24,Google Pay
ORD010744,CUST03857,2026-02-27,Processing,111.0,Debit Card
ORD010745,CUST01606,2026-07-13,Completed,49.35,PayPal
ORD010746,CUST00433,2026-08-02,Processing,26.37,Apple Pay
ORD010747,CUST04279,2026-06-30,Cancelled,23.36,Debit Card
ORD010748,CUST02807,2026-03-11,Cancelled,69.68,PayPal
ORD010749,CUST01142,2026-01-09,Cancelled,105.55,Credit Card
ORD010750,CUST04127,2026-07-23,Shipped,23.89,Google Pay
ORD010751,CUST03025,2026-06-19,Completed,135.52,Credit Card
ORD010752,CUST01173,2026-02-08,Completed,26.95,Credit Card
ORD010753,CUST03457,2026-07-16,Processing,36.66,PayPal
ORD010754,CUST04198,2026-05-02,Completed,123.61,Debit Card
ORD010755,CUST01096,2026-06-17,Completed,43.04,PayPal
ORD010756,CUST03906,2026-02-28,Shipped,54.59,Debit Card
ORD010757,CUST02853,2026-02-13,Completed,79.59,Apple Pay
ORD010758,CUST02456,2026-03-06,Processing,139.05,Google Pay
ORD010759,CUST03924,2026-07-21,Completed,56.73,Apple Pay
ORD010760,CUST01391,2026-01-11,Cancelled,65.18,Debit Card
ORD010761,CUST04926,2026-04-01,Shipped,53.57,Debit Card
ORD010762,CUST02837,2026-08-03,Completed,22.76,Credit Card
ORD010763,CUST00618,2026-03-25,Processing,148.28,Debit Card
ORD010764,CUST02597,2026-01-05,Shipped,7.77,Credit Card
ORD010765,CUST04387,2026-07-24,Processing,74.56,Credit Card
ORD010766,CUST02470,2026-04-24,Completed,134.68,Google Pay
ORD010767,CUST04277,2026-07-21,Completed,149.83,Debit Card
ORD010768,CUST02703,2026-06-26,Completed,33.75,Apple Pay
ORD010769,CUST03166,2026-06-28,Shipped,79.78,PayPal
ORD010770,CUST00260,2026-06-13,Completed,32.87,Credit Card
ORD010771,CUST03179,2026-04-15,Completed,37.29,PayPal
ORD010772,CUST02292,2026-01-16,Completed,134.29,Credit Card
ORD010773,CUST04431,2026-01-07,Cancelled,63.73,Apple Pay
ORD010774,CUST01047,2026-08-12,Completed,72.44,Credit Card
ORD010775,CUST04367,2026-08-05,Completed,109.94,Google Pay
ORD010776,CUST04058,2026-02-13,Completed,127.51,Credit Card
ORD010777,CUST03212,2026-01-26,Completed,53.16,Debit Card
ORD010778,CUST01408,2026-02-05,Completed,18.83,Google Pay
ORD010779,CUST01401,2026-06-30,Completed,49.05,Credit Card
ORD010780,CUST01010,2026-04-02,Completed,93.03,Credit Card
ORD010781,CUST03407,2026-06-21,Completed,20.18,PayPal
ORD010782,CUST03603,2026-01-12,Completed,42.72,Credit Card
ORD010783,CUST04228,2026-03-31,Shipped,45.32,Google Pay
ORD010784,CUST02816,2026-03-09,Completed,71.21,Credit Card
ORD010785,CUST01745,2026-04-18,Processing,38.59,PayPal
ORD010786,CUST02549,2026-05-31,Completed,62.25,Apple Pay
ORD010787,CUST01546,2026-04-14,Completed,27.01,PayPal
ORD010788,CUST00135,2026-03-29,Completed,84.29,PayPal
ORD010789,CUST04863,2026-04-05,Cancelled,81.33,Credit Card
ORD010790,CUST02860,2026-05-06,Shipped,635.19,Apple Pay
ORD010791,CUST03479,2026-01-30,Completed,29.82,Google Pay
ORD010792,CUST04866,2026-03-04,Completed,45.16,Google Pay
ORD010793,CUST02142,2026-01-03,Completed,151.1,Debit Card
ORD010794,CUST01265,2026-07-27,Completed,19.73,PayPal
ORD010795,CUST01773,2026-06-11,Completed,413.06,PayPal
ORD010796,CUST00165,2026-04-12,Processing,42.63,Debit Card
ORD010797,CUST04421,2026-04-02,Completed,20.64,Credit Card
ORD010798,CUST02988,2026-06-26,Completed,81.66,Google Pay
ORD010799,CUST00620,2026-06-21,Processing,62.74,Google Pay
ORD010800,CUST00231,2026-06-18,Completed,30.02,Debit Card
ORD010801,CUST02781,2026-02-17,Completed,37.96,Debit Card
ORD010802,CUST03152,2026-07-18,Shipped,97.03,Debit Card
ORD010803,CUST01378,2026-01-08,Cancelled,24.07,Apple Pay
ORD010804,CUST01892,2026-05-15,Completed,95.46,PayPal
ORD010805,CUST03753,2026-02-06,Processing,37.86,Google Pay
ORD010806,CUST03973,2026-07-02,Shipped,381.73,Credit Card
ORD010807,CUST03233,2026-03-12,Cancelled,176.26,Apple Pay
ORD010808,CUST00403,2026-06-27,Shipped,24.62,PayPal
ORD010809,CUST02775,2026-03-23,Shipped,45.41,Apple Pay
ORD010810,CUST04481,2026-04-22,Completed,112.82,PayPal
ORD010811,CUST02608,2026-04-13,Cancelled,7.67,Debit Card
ORD010812,CUST01191,2026-01-21,Cancelled,31.76,Credit Card
ORD010813,CUST00389,2026-02-03,Processing,43.08,Debit Card
ORD010814,CUST03405,2026-06-26,Completed,20.68,Google Pay
ORD010815,CUST01774,2026-01-27,Completed,60.99,Google Pay
ORD010816,CUST00790,2026-01-08,Shipped,45.07,Google Pay
ORD010817,CUST01495,2026-06-11,Completed,33.56,Google Pay
ORD010818,CUST02752,2026-01-18,Processing,160.5,Apple Pay
ORD010819,CUST01548,2026-06-28,Processing,109.09,Credit Card
ORD010820,CUST00821,2026-05-20,Shipped,108.05,Credit Card
ORD010821,CUST04037,2026-08-02,Shipped,61.69,Google Pay
ORD010822,CUST04958,2026-02-20,Completed,76.13,PayPal
ORD010823,CUST01480,2026-07-10,Shipped,200.42,Debit Card
ORD010824,CUST02370,2026-06-17,Completed,26.43,Google Pay
ORD010825,CUST04066,2026-05-30,Shipped,29.43,PayPal
ORD010826,CUST03131,2026-05-16,Processing,130.45,Credit Card
ORD010827,CUST01464,2026-06-05,Completed,87.96,Debit Card
ORD010828,CUST01908,2026-06-27,Completed,40.35,Credit Card
ORD010829,CUST03066,2026-02-16,Completed,82.74,Credit Card
ORD010830,CUST03646,2026-02-25,Completed,27.29,Apple Pay
ORD010831,CUST04029,2026-06-09,Shipped,80.05,Debit Card
ORD010832,CUST03966,2026-05-19,Completed,37.52,Apple Pay
ORD010833,CUST04847,2026-05-29,Shipped,176.03,Google Pay
ORD010834,CUST01317,2026-06-03,Cancelled,75.37,Debit Card
ORD010835,CUST00182,2026-05-22,Completed,60.95,PayPal
ORD010836,CUST02655,2026-03-20,Processing,49.47,Credit Card
ORD010837,CUST00961,2026-01-14,Cancelled,74.78,Credit Card
ORD010838,CUST04201,2026-07-23,Completed,109.82,Apple Pay
ORD010839,CUST02655,2026-04-10,Completed,49.76,Apple Pay
ORD010840,CUST03295,2026-01-03,Completed,239.95,Apple Pay
ORD010841,CUST00990,2026-07-04,Completed,54.09,Debit Card
ORD010842,CUST04580,2026-05-02,Shipped,88.79,Credit Card
ORD010843,CUST01726,2026-01-07,Completed,76.8,PayPal
ORD010844,CUST00707,2026-02-08,Processing,11.66,Debit Card
ORD010845,CUST04116,2026-07-04,Processing,124.38,Credit Card
ORD010846,CUST04848,2026-04-25,Completed,317.6,Google Pay
ORD010847,CUST04331,2026-04-20,Completed,80.24,Google Pay
ORD010848,CUST01621,2026-03-06,Completed,79.17,Apple Pay
ORD010849,CUST04702,2026-01-25,Completed,72.58,Apple Pay
ORD010850,CUST04650,2026-01-31,Cancelled,29.75,Apple Pay
ORD010851,CUST03422,2026-03-27,Cancelled,62.23,Credit Card
ORD010852,CUST04682,2026-05-18,Cancelled,70.1,Apple Pay
ORD010853,CUST03581,2026-07-29,Processing,105.84,PayPal
ORD010854,CUST00423,2026-03-18,Processing,80.85,PayPal
ORD010855,CUST04016,2026-07-19,Completed,88.38,Google Pay
ORD010856,CUST03197,2026-05-17,Completed,45.88,Debit Card
ORD010857,CUST04554,2026-05-02,Processing,134.43,Credit Card
ORD010858,CUST01915,2026-07-26,Completed,166.72,Debit Card
ORD010859,CUST02602,2026-01-08,Completed,74.79,Apple Pay
ORD010860,CUST04011,2026-04-07,Completed,77.64,Credit Card
ORD010861,CUST04086,2026-01-19,Processing,38.42,Apple Pay
ORD010862,CUST04942,2026-01-30,Shipped,92.26,Debit Card
ORD010863,CUST03183,2026-01-09,Completed,60.01,Google Pay
ORD010864,CUST04647,2026-03-24,Cancelled,43.68,PayPal
ORD010865,CUST03751,2026-02-16,Shipped,48.33,PayPal
ORD010866,CUST02059,2026-06-23,Completed,66.53,PayPal
ORD010867,CUST01646,2026-03-31,Cancelled,65.17,Credit Card
ORD010868,CUST04593,2026-01-01,Shipped,161.3,Apple Pay
ORD010869,CUST03088,2026-05-11,Shipped,40.66,PayPal
ORD010870,CUST02793,2026-06-11,Completed,84.91,Apple Pay
ORD010871,CUST02537,2026-06-02,Completed,29.84,PayPal
ORD010872,CUST03260,2026-06-07,Processing,28.99,Debit Card
ORD010873,CUST02512,2026-01-01,Completed,16.29,Google Pay
ORD010874,CUST02091,2026-05-03,Cancelled,128.5,Apple Pay
ORD010875,CUST04635,2026-05-26,Shipped,117.95,Credit Card
ORD010876,CUST00568,2026-06-10,Completed,9.17,PayPal
ORD010877,CUST00121,2026-05-17,Processing,67.62,Debit Card
ORD010878,CUST00316,2026-05-15,Completed,44.45,PayPal
ORD010879,CUST00621,2026-01-30,Shipped,74.15,Google Pay
ORD010880,CUST04064,2026-03-18,Completed,64.47,PayPal
ORD010881,CUST00454,2026-03-22,Completed,51.66,Google Pay
ORD010882,CUST02735,2026-01-13,Completed,28.93,Apple Pay
ORD010883,CUST02672,2026-01-13,Completed,38.16,Google Pay
ORD010884,CUST04708,2026-02-11,Completed,38.02,Debit Card
ORD010885,CUST00959,2026-05-04,Processing,46.08,Debit Card
ORD010886,CUST02009,2026-04-11,Completed,106.22,Apple Pay
ORD010887,CUST04743,2026-07-21,Completed,203.23,Credit Card
ORD010888,CUST00763,2026-03-19,Shipped,34.86,Debit Card
ORD010889,CUST01361,2026-07-10,Cancelled,96.43,Apple Pay
ORD010890,CUST04336,2026-04-17,Shipped,15.17,Apple Pay
ORD010891,CUST02052,2026-07-16,Completed,18.26,Debit Card
ORD010892,CUST00197,2026-02-05,Processing,67.67,Apple Pay
ORD010893,CUST00261,2026-02-04,Completed,105.57,Apple Pay
ORD010894,CUST03909,2026-06-23,Completed,86.79,PayPal
ORD010895,CUST04190,2026-06-22,Processing,42.77,Apple Pay
ORD010896,CUST01281,2026-02-25,Cancelled,153.23,Debit Card
ORD010897,CUST00136,2026-03-28,Completed,39.81,Debit Card
ORD010898,CUST02546,2026-01-05,Completed,46.62,Debit Card
ORD010899,CUST03486,2026-06-21,Completed,73.91,PayPal
ORD010900,CUST00369,2026-05-01,Processing,83.62,Debit Card
ORD010901,CUST03663,2026-06-05,Completed,27.51,Apple Pay
ORD010902,CUST04864,2026-03-28,Completed,28.2,Google Pay
ORD010903,CUST03455,2026-06-19,Completed,108.23,PayPal
ORD010904,CUST04769,2026-04-08,Completed,45.26,Google Pay
ORD010905,CUST04607,2026-06-08,Completed,99.71,Credit Card
ORD010906,CUST04809,2026-05-15,Processing,25.44,Google Pay
ORD010907,CUST04916,2026-01-07,Cancelled,46.35,Apple Pay
ORD010908,CUST00545,2026-01-04,Cancelled,132.04,PayPal
ORD010909,CUST04600,2026-04-18,Cancelled,136.14,Debit Card
ORD010910,CUST03424,2026-05-08,Completed,41.44,Debit Card
ORD010911,CUST04901,2026-02-01,Cancelled,13.87,Google Pay
ORD010912,CUST04806,2026-01-28,Completed,96.92,Google Pay
ORD010913,CUST02373,2026-07-03,Cancelled,70.5,Google Pay
ORD010914,CUST04484,2026-01-04,Processing,76.16,Apple Pay
ORD010915,CUST04336,2026-04-19,Completed,26.47,Debit Card
ORD010916,CUST01098,2026-01-08,Cancelled,55.84,Credit Card
ORD010917,CUST02079,2026-05-22,Completed,64.77,Apple Pay
ORD010918,CUST02527,2026-01-30,Completed,179.61,Debit Card
ORD010919,CUST04164,2026-05-11,Cancelled,140.63,Debit Card
ORD010920,CUST03712,2026-05-10,Completed,128.16,Debit Card
ORD010921,CUST03054,2026-01-10,Shipped,71.03,Debit Card
ORD010922,CUST01944,2026-03-11,Processing,32.84,PayPal
ORD010923,CUST01720,2026-04-29,Completed,51.47,Debit Card
ORD010924,CUST00291,2026-03-12,Completed,24.99,Google Pay
ORD010925,CUST03690,2026-05-24,Processing,55.99,Debit Card
ORD010926,CUST00975,2026-03-11,Cancelled,33.31,Credit Card
ORD010927,CUST00415,2026-07-27,Processing,59.95,PayPal
ORD010928,CUST00851,2026-04-01,Completed,56.97,Credit Card
ORD010929,CUST03778,2026-04-30,Completed,31.03,Credit Card
ORD010930,CUST02729,2026-07-23,Shipped,89.47,Credit Card
ORD010931,CUST04642,2026-08-02,Processing,24.75,Apple Pay
ORD010932,CUST03961,2026-07-26,Cancelled,381.33,Debit Card
ORD010933,CUST00742,2026-05-30,Processing,143.84,Debit Card
ORD010934,CUST00592,2026-02-04,Processing,26.07,Credit Card
ORD010935,CUST00750,2026-05-04,Cancelled,72.94,Debit Card
ORD010936,CUST02220,2026-04-22,Cancelled,54.09,Apple Pay
ORD010937,CUST00838,2026-07-26,Cancelled,54.75,Debit Card
ORD010938,CUST03131,2026-08-03,Completed,43.6,Debit Card
ORD010939,CUST03482,2026-04-12,Processing,115.16,Credit Card
ORD010940,CUST00534,2026-06-26,Cancelled,34.86,PayPal
ORD010941,CUST04461,2026-05-10,Completed,131.84,PayPal
ORD010942,CUST04463,2026-07-13,Completed,182.11,Debit Card
ORD010943,CUST01774,2026-05-27,Cancelled,32.95,Credit Card
ORD010944,CUST02344,2026-07-16,Completed,109.65,PayPal
ORD010945,CUST02654,2026-05-12,Processing,100.2,PayPal
ORD010946,CUST02571,2026-08-08,Shipped,15.59,Google Pay
ORD010947,CUST00265,2026-03-23,Completed,198.11,PayPal
ORD010948,CUST03596,2026-04-14,Processing,43.52,Apple Pay
ORD010949,CUST02035,2026-02-10,Processing,66.17,Google Pay
ORD010950,CUST03203,2026-02-25,Cancelled,162.39,Credit Card
ORD010951,CUST00382,2026-02-24,Completed,104.11,Google Pay
ORD010952,CUST03297,2026-06-08,Completed,52.43,PayPal
ORD010953,CUST01167,2026-05-07,Completed,105.92,Google Pay
ORD010954,CUST02479,2026-05-30,Completed,135.84,Credit Card
ORD010955,CUST00389,2026-03-16,Completed,62.2,Debit Card
ORD010956,CUST02072,2026-06-25,Cancelled,37.21,Apple Pay
ORD010957,CUST00395,2026-03-21,Completed,76.85,Debit Card
ORD010958,CUST03658,2026-05-08,Cancelled,34.12,Credit Card
ORD010959,CUST03257,2026-05-12,Completed,126.14,Debit Card
ORD010960,CUST04020,2026-05-29,Shipped,32.48,Apple Pay
ORD010961,CUST02240,2026-06-18,Shipped,36.51,Credit Card
ORD010962,CUST04817,2026-02-14,Cancelled,121.52,Debit Card
ORD010963,CUST02860,2026-08-05,Shipped,60.99,Apple Pay
ORD010964,CUST02394,2026-03-25,Cancelled,81.99,Google Pay
ORD010965,CUST04569,2026-01-08,Completed,97.21,Debit Card
ORD010966,CUST02051,2026-04-17,Processing,37.01,Google Pay
ORD010967,CUST03122,2026-04-27,Completed,42.95,PayPal
ORD010968,CUST00925,2026-01-09,Cancelled,168.87,Google Pay
ORD010969,CUST04972,2026-05-26,Processing,95.47,Google Pay
ORD010970,CUST03576,2026-01-31,Completed,46.94,PayPal
ORD010971,CUST03283,2026-02-04,Cancelled,73.43,Credit Card
ORD010972,CUST03752,2026-06-07,Cancelled,53.0,PayPal
ORD010973,CUST03355,2026-01-18,Completed,110.93,Google Pay
ORD010974,CUST04475,2026-07-30,Shipped,68.08,Credit Card
ORD010975,CUST03398,2026-06-18,Completed,56.01,Debit Card
ORD010976,CUST03769,2026-01-24,Completed,28.18,Apple Pay
ORD010977,CUST04221,2026-03-27,Completed,95.01,Credit Card
ORD010978,CUST02982,2026-02-17,Processing,47.52,Google Pay
ORD010979,CUST04576,2026-05-22,Shipped,119.95,Debit Card
ORD010980,CUST03473,2026-05-27,Completed,17.63,Credit Card
ORD010981,CUST02618,2026-03-01,Processing,42.13,Apple Pay
ORD010982,CUST03500,2026-04-03,Processing,93.16,Google Pay
ORD010983,CUST03593,2026-01-22,Cancelled,60.0,PayPal
ORD010984,CUST00432,2026-01-30,Shipped,39.12,Apple Pay
ORD010985,CUST01113,2026-05-23,Completed,134.57,Apple Pay
ORD010986,CUST04697,2026-01-21,Shipped,118.14,Apple Pay
ORD010987,CUST04952,2026-06-03,Shipped,35.31,Apple Pay
ORD010988,CUST02054,2026-04-10,Completed,54.31,Debit Card
ORD010989,CUST04254,2026-01-12,Completed,30.72,Credit Card
ORD010990,CUST04319,2026-05-15,Processing,50.75,Apple Pay
ORD010991,CUST02450,2026-07-22,Shipped,52.28,Apple Pay
ORD010992,CUST00545,2026-04-13,Completed,44.16,Google Pay
ORD010993,CUST03159,2026-07-31,Completed,99.06,PayPal
ORD010994,CUST02629,2026-02-04,Completed,100.7,Google Pay
ORD010995,CUST03452,2026-03-09,Processing,136.16,Credit Card
ORD010996,CUST00538,2026-05-10,Completed,79.0,Debit Card
ORD010997,CUST01437,2026-01-20,Completed,19.23,PayPal
ORD010998,CUST02816,2026-02-16,Completed,60.56,Google Pay
ORD010999,CUST03766,2026-03-25,Processing,103.6,Google Pay
ORD011000,CUST03063,2026-01-12,Completed,65.98,Debit Card
ORD011001,CUST00260,2026-02-22,Processing,109.11,Debit Card
ORD011002,CUST04922,2026-01-17,Cancelled,131.24,PayPal
ORD011003,CUST04412,2026-01-18,Completed,22.16,Apple Pay
ORD011004,CUST04842,2026-04-14,Processing,96.6,Debit Card
ORD011005,CUST00719,2026-06-01,Completed,79.59,Google Pay
ORD011006,CUST02728,2026-03-13,Completed,191.68,Google Pay
ORD011007,CUST02902,2026-06-14,Completed,39.63,Apple Pay
ORD011008,CUST00461,2026-04-15,Processing,137.11,Apple Pay
ORD011009,CUST02855,2026-06-07,Processing,56.89,Debit Card
ORD011010,CUST04068,2026-03-25,Cancelled,69.65,Apple Pay
ORD011011,CUST01703,2026-02-21,Cancelled,61.52,Google Pay
ORD011012,CUST03248,2026-05-31,Processing,201.55,Debit Card
ORD011013,CUST02978,2026-02-06,Completed,32.25,PayPal
ORD011014,CUST01815,2026-05-03,Completed,73.01,Credit Card
ORD011015,CUST03481,2026-07-21,Completed,136.09,Debit Card
ORD011016,CUST01742,2026-04-07,Shipped,249.33,PayPal
ORD011017,CUST04072,2026-06-01,Cancelled,30.41,Google Pay
ORD011018,CUST00030,2026-04-10,Completed,122.33,Debit Card
ORD011019,CUST03494,2026-04-30,Completed,50.21,Debit Card
ORD011020,CUST00982,2026-07-27,Processing,115.14,Debit Card
ORD011021,CUST00231,2026-02-19,Processing,37.88,Apple Pay
ORD011022,CUST02777,2026-08-08,Completed,149.08,Apple Pay
ORD011023,CUST01252,2026-07-23,Cancelled,47.77,Google Pay
ORD011024,CUST04495,2026-05-28,Completed,119.18,PayPal
ORD011025,CUST04191,2026-02-16,Processing,58.37,Debit Card
ORD011026,CUST01964,2026-01-18,Completed,23.25,Credit Card
ORD011027,CUST04571,2026-05-02,Cancelled,71.8,Credit Card
ORD011028,CUST03167,2026-01-26,Shipped,29.08,Credit Card
ORD011029,CUST01779,2026-04-30,Shipped,48.03,Apple Pay
ORD011030,CUST04871,2026-03-12,Cancelled,403.62,Google Pay
ORD011031,CUST01148,2026-02-12,Shipped,75.66,Debit Card
ORD011032,CUST02848,2026-02-16,Completed,63.39,Google Pay
ORD011033,CUST03851,2026-03-26,Shipped,25.24,Apple Pay
ORD011034,CUST02992,2026-02-12,Processing,16.16,Debit Card
ORD011035,CUST03071,2026-05-08,Cancelled,34.03,Debit Card
ORD011036,CUST00621,2026-06-09,Completed,40.03,Google Pay
ORD011037,CUST00964,2026-01-07,Processing,31.29,Credit Card
ORD011038,CUST02861,2026-08-03,Processing,37.27,Credit Card
ORD011039,CUST02143,2026-07-31,Cancelled,21.14,PayPal
ORD011040,CUST01501,2026-07-31,Cancelled,46.26,PayPal
ORD011041,CUST03190,2026-02-01,Completed,16.71,Google Pay
ORD011042,CUST01327,2026-08-06,Cancelled,66.97,Debit Card
ORD011043,CUST00122,2026-03-29,Completed,29.24,Apple Pay
ORD011044,CUST04314,2026-03-06,Shipped,52.08,Apple Pay
ORD011045,CUST01077,2026-02-27,Cancelled,78.54,PayPal
ORD011046,CUST03198,2026-06-30,Completed,27.77,PayPal
ORD011047,CUST01183,2026-04-02,Completed,25.32,Apple Pay
ORD011048,CUST00795,2026-08-06,Completed,71.7,Credit Card
ORD011049,CUST01625,2026-02-03,Completed,30.45,Google Pay
ORD011050,CUST04272,2026-03-31,Shipped,36.45,PayPal
ORD011051,CUST00292,2026-07-16,Completed,41.35,PayPal
ORD011052,CUST00491,2026-07-03,Processing,138.57,Apple Pay
ORD011053,CUST02809,2026-03-07,Shipped,199.7,Credit Card
ORD011054,CUST03429,2026-06-09,Completed,30.49,Apple Pay
ORD011055,CUST00634,2026-04-08,Completed,28.73,PayPal
ORD011056,CUST03500,2026-02-19,Completed,20.92,Apple Pay
ORD011057,CUST02173,2026-08-10,Shipped,91.29,Google Pay
ORD011058,CUST03387,2026-01-24,Processing,91.72,PayPal
ORD011059,CUST03908,2026-08-08,Completed,137.2,PayPal
ORD011060,CUST04700,2026-06-23,Cancelled,258.92,PayPal
ORD011061,CUST03469,2026-05-11,Cancelled,55.79,PayPal
ORD011062,CUST00491,2026-04-24,Completed,23.77,PayPal
ORD011063,CUST04661,2026-01-10,Completed,117.04,Debit Card
ORD011064,CUST04264,2026-05-14,Completed,31.48,Debit Card
ORD011065,CUST00759,2026-04-08,Cancelled,22.51,Apple Pay
ORD011066,CUST01198,2026-08-11,Processing,169.21,Debit Card
ORD011067,CUST03444,2026-02-21,Completed,11.08,PayPal
ORD011068,CUST01905,2026-02-19,Processing,128.22,PayPal
ORD011069,CUST01651,2026-04-20,Cancelled,79.69,PayPal
ORD011070,CUST04276,2026-02-27,Completed,42.51,Debit Card
ORD011071,CUST03192,2026-06-29,Completed,89.69,Debit Card
ORD011072,CUST00028,2026-01-13,Shipped,86.18,Credit Card
ORD011073,CUST02751,2026-05-05,Completed,35.13,PayPal
ORD011074,CUST02705,2026-02-28,Processing,44.98,Credit Card
ORD011075,CUST02880,2026-06-16,Processing,383.61,Credit Card
ORD011076,CUST04358,2026-02-22,Completed,107.28,Credit Card
ORD011077,CUST03726,2026-07-05,Processing,274.17,PayPal
ORD011078,CUST02674,2026-01-20,Shipped,51.91,Debit Card
ORD011079,CUST02833,2026-07-10,Shipped,36.65,PayPal
ORD011080,CUST03110,2026-04-06,Completed,80.99,Debit Card
ORD011081,CUST04293,2026-01-10,Completed,40.94,PayPal
ORD011082,CUST03597,2026-06-03,Completed,66.8,Google Pay
ORD011083,CUST03696,2026-05-27,Processing,31.69,Google Pay
ORD011084,CUST01461,2026-08-09,Processing,55.56,PayPal
ORD011085,CUST02922,2026-03-02,Completed,24.61,PayPal
ORD011086,CUST01434,2026-03-18,Shipped,52.5,PayPal
ORD011087,CUST04429,2026-04-28,Completed,84.23,Google Pay
ORD011088,CUST03537,2026-06-11,Completed,73.38,PayPal
ORD011089,CUST01182,2026-03-25,Shipped,87.44,Apple Pay
ORD011090,CUST03406,2026-06-21,Processing,35.94,Apple Pay
ORD011091,CUST04175,2026-01-18,Completed,52.05,Apple Pay
ORD011092,CUST03915,2026-05-01,Completed,27.42,PayPal
ORD011093,CUST04293,2026-08-14,Completed,96.18,Credit Card
ORD011094,CUST03192,2026-04-22,Shipped,284.67,Credit Card
ORD011095,CUST01784,2026-03-13,Shipped,53.84,Debit Card
ORD011096,CUST03723,2026-05-24,Completed,41.79,Apple Pay
ORD011097,CUST04322,2026-04-14,Shipped,11.61,Google Pay
ORD011098,CUST02643,2026-08-03,Completed,38.37,Apple Pay
ORD011099,CUST03712,2026-08-12,Completed,102.56,Apple Pay
ORD011100,CUST02961,2026-03-18,Shipped,75.65,Debit Card
ORD011101,CUST04831,2026-01-26,Processing,115.66,Apple Pay
ORD011102,CUST01580,2026-07-12,Shipped,202.87,Credit Card
ORD011103,CUST01620,2026-07-13,Processing,45.28,Google Pay
ORD011104,CUST02967,2026-04-13,Shipped,30.98,Credit Card
ORD011105,CUST04316,2026-07-24,Completed,100.67,Apple Pay
ORD011106,CUST02341,2026-06-04,Shipped,63.88,PayPal
ORD011107,CUST01228,2026-01-04,Completed,28.89,Google Pay
ORD011108,CUST01729,2026-02-20,Processing,24.85,Google Pay
ORD011109,CUST03586,2026-07-31,Shipped,111.06,Debit Card
ORD011110,CUST00202,2026-05-11,Processing,69.18,Debit Card
ORD011111,CUST03161,2026-03-28,Completed,24.54,Google Pay
ORD011112,CUST03274,2026-03-07,Cancelled,67.99,Google Pay
ORD011113,CUST01714,2026-05-24,Completed,27.68,Credit Card
ORD011114,CUST00753,2026-07-21,Processing,96.92,Apple Pay
ORD011115,CUST00115,2026-01-28,Completed,117.64,Google Pay
ORD011116,CUST03981,2026-02-13,Completed,119.41,PayPal
ORD011117,CUST02819,2026-05-26,Cancelled,77.3,Apple Pay
ORD011118,CUST00469,2026-01-02,Shipped,71.66,Google Pay
ORD011119,CUST00426,2026-07-25,Completed,54.76,Debit Card
ORD011120,CUST01576,2026-06-21,Completed,33.1,Debit Card
ORD011121,CUST01866,2026-05-28,Completed,139.35,Debit Card
ORD011122,CUST00834,2026-02-25,Processing,95.33,PayPal
ORD011123,CUST04107,2026-04-30,Shipped,33.98,Credit Card
ORD011124,CUST03704,2026-04-14,Shipped,19.88,Apple Pay
ORD011125,CUST01409,2026-05-31,Shipped,41.32,Credit Card
ORD011126,CUST03482,2026-04-28,Processing,153.56,Credit Card
ORD011127,CUST02171,2026-03-01,Processing,85.54,Credit Card
ORD011128,CUST00604,2026-07-18,Shipped,71.21,Debit Card
ORD011129,CUST00213,2026-06-22,Completed,152.38,Apple Pay
ORD011130,CUST03902,2026-02-16,Cancelled,14.28,Debit Card
ORD011131,CUST03739,2026-03-19,Shipped,57.04,Credit Card
ORD011132,CUST02755,2026-06-14,Processing,142.64,Google Pay
ORD011133,CUST04636,2026-05-16,Shipped,29.88,PayPal
ORD011134,CUST04802,2026-05-13,Processing,32.69,PayPal
ORD011135,CUST01759,2026-01-23,Shipped,52.04,Credit Card
ORD011136,CUST04594,2026-04-15,Cancelled,41.54,Debit Card
ORD011137,CUST03069,2026-01-10,Completed,46.1,Apple Pay
ORD011138,CUST00782,2026-04-23,Completed,67.58,Debit Card
ORD011139,CUST04222,2026-01-27,Processing,40.6,Apple Pay
ORD011140,CUST03431,2026-04-09,Processing,47.93,Google Pay
ORD011141,CUST01527,2026-01-01,Completed,33.85,Apple Pay
ORD011142,CUST00841,2026-03-12,Completed,52.68,Apple Pay
ORD011143,CUST01342,2026-04-25,Completed,69.17,Google Pay
ORD011144,CUST04108,2026-05-16,Processing,65.27,PayPal
ORD011145,CUST01501,2026-05-19,Cancelled,39.43,Apple Pay
ORD011146,CUST00516,2026-08-14,Processing,35.7,Google Pay
ORD011147,CUST03463,2026-05-07,Shipped,46.18,Apple Pay
ORD011148,CUST03080,2026-04-26,Completed,45.12,Debit Card
ORD011149,CUST01148,2026-06-05,Completed,27.49,Google Pay
ORD011150,CUST03444,2026-02-03,Completed,30.67,Credit Card
ORD011151,CUST03257,2026-06-20,Completed,86.28,Apple Pay
ORD011152,CUST02595,2026-07-31,Completed,11.63,Apple Pay
ORD011153,CUST03657,2026-06-05,Completed,90.4,Debit Card
ORD011154,CUST01549,2026-06-26,Cancelled,76.65,Debit Card
ORD011155,CUST02087,2026-07-08,Completed,111.82,Credit Card
ORD011156,CUST03156,2026-06-14,Cancelled,56.75,Google Pay
ORD011157,CUST02351,2026-05-11,Processing,135.63,Credit Card
ORD011158,CUST00979,2026-01-09,Cancelled,113.98,Credit Card
ORD011159,CUST02306,2026-08-02,Shipped,322.05,PayPal
ORD011160,CUST03884,2026-03-30,Completed,300.15,Credit Card
ORD011161,CUST03048,2026-05-10,Completed,34.4,Apple Pay
ORD011162,CUST02590,2026-01-23,Shipped,566.34,Credit Card
ORD011163,CUST02007,2026-06-28,Cancelled,174.51,Debit Card
ORD011164,CUST02600,2026-05-25,Completed,51.47,Debit Card
ORD011165,CUST02509,2026-06-02,Completed,24.74,Apple Pay
ORD011166,CUST04320,2026-07-23,Completed,42.88,PayPal
ORD011167,CUST02140,2026-06-04,Completed,45.71,Credit Card
ORD011168,CUST00280,2026-01-20,Completed,89.39,Google Pay
ORD011169,CUST01194,2026-03-14,Shipped,32.0,Debit Card
ORD011170,CUST01758,2026-08-03,Completed,58.67,Apple Pay
ORD011171,CUST02046,2026-06-13,Completed,98.14,Google Pay
ORD011172,CUST00248,2026-06-05,Shipped,30.58,Credit Card
ORD011173,CUST01385,2026-01-29,Cancelled,55.16,Credit Card
ORD011174,CUST01373,2026-04-30,Shipped,34.42,Credit Card
ORD011175,CUST02914,2026-06-19,Cancelled,210.8,Google Pay
ORD011176,CUST03673,2026-02-27,Completed,37.04,Credit Card
ORD011177,CUST00045,2026-04-28,Completed,75.31,PayPal
ORD011178,CUST02086,2026-02-01,Shipped,27.76,Google Pay
ORD011179,CUST04512,2026-05-20,Completed,33.76,Debit Card
ORD011180,CUST02541,2026-06-07,Completed,45.97,PayPal
ORD011181,CUST02371,2026-03-01,Completed,24.85,Apple Pay
ORD011182,CUST02516,2026-05-19,Completed,66.98,Credit Card
ORD011183,CUST04183,2026-04-11,Processing,20.88,Apple Pay
ORD011184,CUST04324,2026-07-31,Processing,62.76,Debit Card
ORD011185,CUST00623,2026-05-19,Shipped,63.27,Apple Pay
ORD011186,CUST03382,2026-04-22,Processing,66.78,Debit Card
ORD011187,CUST00485,2026-04-21,Completed,106.76,Apple Pay
ORD011188,CUST02888,2026-03-21,Cancelled,122.64,Debit Card
ORD011189,CUST00025,2026-04-09,Shipped,32.87,Google Pay
ORD011190,CUST01815,2026-06-27,Shipped,79.71,Google Pay
ORD011191,CUST01226,2026-01-01,Completed,60.73,Apple Pay
ORD011192,CUST01249,2026-03-30,Cancelled,118.03,PayPal
ORD011193,CUST00779,2026-04-23,Completed,42.35,PayPal
ORD011194,CUST02843,2026-01-27,Processing,18.05,Google Pay
ORD011195,CUST03701,2026-04-26,Shipped,52.19,Credit Card
ORD011196,CUST01583,2026-02-01,Cancelled,58.54,Credit Card
ORD011197,CUST04849,2026-01-06,Completed,136.83,PayPal
ORD011198,CUST01714,2026-02-10,Completed,110.24,Apple Pay
ORD011199,CUST03592,2026-06-13,Completed,25.15,PayPal
ORD011200,CUST04522,2026-06-16,Completed,135.38,Google Pay
ORD011201,CUST03139,2026-03-28,Completed,31.55,Apple Pay
ORD011202,CUST04756,2026-08-09,Shipped,33.33,Google Pay
ORD011203,CUST01518,2026-06-07,Completed,67.05,PayPal
ORD011204,CUST02733,2026-08-02,Cancelled,68.87,PayPal
ORD011205,CUST04643,2026-02-26,Completed,54.43,Google Pay
ORD011206,CUST02964,2026-05-19,Cancelled,54.7,Apple Pay
ORD011207,CUST03864,2026-03-31,Processing,24.36,Apple Pay
ORD011208,CUST03769,2026-08-03,Processing,56.16,Debit Card
ORD011209,CUST01497,2026-05-11,Completed,141.03,Google Pay
ORD011210,CUST03728,2026-02-17,Processing,56.86,PayPal
ORD011211,CUST01736,2026-05-14,Completed,211.23,Google Pay
ORD011212,CUST01344,2026-01-07,Shipped,60.31,Google Pay
ORD011213,CUST02268,2026-02-13,Shipped,33.49,Credit Card
ORD011214,CUST03916,2026-03-02,Shipped,32.19,Debit Card
ORD011215,CUST00049,2026-07-01,Processing,129.02,Apple Pay
ORD011216,CUST02511,2026-06-28,Processing,73.86,Credit Card
ORD011217,CUST03335,2026-03-27,Completed,22.54,Debit Card
ORD011218,CUST03661,2026-02-17,Completed,66.79,Credit Card
ORD011219,CUST01747,2026-03-02,Cancelled,87.92,Debit Card
ORD011220,CUST00496,2026-04-07,Shipped,24.34,Debit Card
ORD011221,CUST00634,2026-06-17,Processing,51.34,Google Pay
ORD011222,CUST04698,2026-05-11,Completed,33.24,Debit Card
ORD011223,CUST02818,2026-06-07,Shipped,44.08,PayPal
ORD011224,CUST02721,2026-06-01,Shipped,30.06,PayPal
ORD011225,CUST00176,2026-07-14,Cancelled,15.51,PayPal
ORD011226,CUST03161,2026-01-02,Completed,22.79,PayPal
ORD011227,CUST00639,2026-02-13,Completed,120.74,Credit Card
ORD011228,CUST03358,2026-06-17,Processing,40.4,Apple Pay
ORD011229,CUST04393,2026-01-19,Completed,214.24,Apple Pay
ORD011230,CUST00475,2026-07-10,Completed,28.89,Debit Card
ORD011231,CUST03828,2026-06-01,Processing,71.9,Apple Pay
ORD011232,CUST01647,2026-02-19,Shipped,71.15,Credit Card
ORD011233,CUST01959,2026-01-20,Cancelled,59.61,PayPal
ORD011234,CUST04121,2026-02-26,Completed,135.95,PayPal
ORD011235,CUST00349,2026-04-23,Cancelled,24.78,PayPal
ORD011236,CUST00637,2026-02-19,Completed,130.95,Apple Pay
ORD011237,CUST03615,2026-04-05,Completed,47.2,Apple Pay
ORD011238,CUST03821,2026-04-15,Cancelled,82.27,Google Pay
ORD011239,CUST04323,2026-07-05,Completed,54.15,Google Pay
ORD011240,CUST04134,2026-06-08,Cancelled,169.01,Apple Pay
ORD011241,CUST02618,2026-06-14,Completed,32.29,PayPal
ORD011242,CUST01205,2026-04-17,Completed,21.21,Apple Pay
ORD011243,CUST02162,2026-04-03,Completed,98.98,Credit Card
ORD011244,CUST02180,2026-01-04,Cancelled,66.79,Google Pay
ORD011245,CUST00348,2026-07-05,Shipped,76.92,PayPal
ORD011246,CUST01204,2026-05-18,Completed,145.11,Google Pay
ORD011247,CUST00983,2026-03-04,Completed,71.02,Debit Card
ORD011248,CUST00732,2026-06-13,Cancelled,49.76,Debit Card
ORD011249,CUST02601,2026-07-02,Completed,59.18,Debit Card
ORD011250,CUST00453,2026-02-26,Shipped,238.54,Apple Pay
ORD011251,CUST04074,2026-08-01,Completed,75.95,Google Pay
ORD011252,CUST02895,2026-06-20,Completed,103.52,Credit Card
ORD011253,CUST02235,2026-04-15,Shipped,34.51,Google Pay
ORD011254,CUST00164,2026-03-06,Completed,109.13,PayPal
ORD011255,CUST01448,2026-05-20,Completed,45.64,Apple Pay
ORD011256,CUST03870,2026-03-03,Shipped,17.83,Google Pay
ORD011257,CUST00102,2026-06-01,Completed,70.0,Apple Pay
ORD011258,CUST04055,2026-05-10,Shipped,65.86,Apple Pay
ORD011259,CUST03708,2026-06-24,Completed,77.48,Credit Card
ORD011260,CUST01453,2026-05-06,Completed,50.11,PayPal
ORD011261,CUST04787,2026-07-03,Completed,125.86,Credit Card
ORD011262,CUST02659,2026-07-31,Completed,74.87,Credit Card
ORD011263,CUST00536,2026-05-24,Shipped,47.82,Apple Pay
ORD011264,CUST01701,2026-06-11,Cancelled,128.01,Apple Pay
ORD011265,CUST01464,2026-07-24,Shipped,78.04,Credit Card
ORD011266,CUST04220,2026-05-26,Completed,66.86,Debit Card
ORD011267,CUST04345,2026-01-29,Cancelled,43.11,Debit Card
ORD011268,CUST01972,2026-07-01,Completed,241.04,Credit Card
ORD011269,CUST01453,2026-02-20,Completed,30.15,Apple Pay
ORD011270,CUST01594,2026-01-14,Cancelled,47.04,Apple Pay
ORD011271,CUST00713,2026-04-04,Shipped,47.17,PayPal
ORD011272,CUST03656,2026-02-27,Completed,53.02,Apple Pay
ORD011273,CUST04343,2026-06-12,Shipped,91.8,Google Pay
ORD011274,CUST04577,2026-05-17,Cancelled,81.46,Google Pay
ORD011275,CUST04085,2026-05-08,Shipped,89.12,Apple Pay
ORD011276,CUST01449,2026-02-06,Processing,56.73,Credit Card
ORD011277,CUST03649,2026-04-13,Completed,135.52,Google Pay
ORD011278,CUST02014,2026-01-12,Completed,35.09,Apple Pay
ORD011279,CUST00459,2026-03-26,Processing,33.4,Apple Pay
ORD011280,CUST02844,2026-07-29,Completed,25.68,Google Pay
ORD011281,CUST00593,2026-05-19,Cancelled,44.34,Apple Pay
ORD011282,CUST00498,2026-01-27,Completed,64.72,Credit Card
ORD011283,CUST02135,2026-03-29,Completed,40.74,Debit Card
ORD011284,CUST02450,2026-06-20,Completed,42.48,Google Pay
ORD011285,CUST04293,2026-06-27,Completed,131.22,Google Pay
ORD011286,CUST02812,2026-04-08,Completed,37.28,Apple Pay
ORD011287,CUST00027,2026-01-20,Cancelled,48.35,Credit Card
ORD011288,CUST03917,2026-05-21,Cancelled,78.7,Google Pay
ORD011289,CUST01718,2026-02-16,Completed,18.77,Apple Pay
ORD011290,CUST02254,2026-01-08,Completed,26.07,Apple Pay
ORD011291,CUST03643,2026-07-16,Processing,102.67,Apple Pay
ORD011292,CUST03656,2026-03-12,Completed,16.56,PayPal
ORD011293,CUST03299,2026-03-05,Cancelled,21.45,PayPal
ORD011294,CUST04699,2026-02-13,Completed,18.88,Credit Card
ORD011295,CUST04458,2026-01-12,Shipped,47.18,Debit Card
ORD011296,CUST01284,2026-04-15,Processing,24.67,PayPal
ORD011297,CUST01087,2026-01-04,Processing,33.32,Credit Card
ORD011298,CUST02016,2026-02-09,Completed,135.54,Apple Pay
ORD011299,CUST01716,2026-05-27,Completed,52.27,Apple Pay
ORD011300,CUST01727,2026-07-01,Cancelled,70.35,Debit Card
ORD011301,CUST00908,2026-01-01,Cancelled,77.35,Google Pay
ORD011302,CUST03464,2026-04-29,Shipped,126.91,PayPal
ORD011303,CUST04342,2026-05-21,Cancelled,43.04,PayPal
ORD011304,CUST04443,2026-02-19,Completed,57.09,Apple Pay
ORD011305,CUST04468,2026-06-30,Cancelled,51.33,Credit Card
ORD011306,CUST00809,2026-06-19,Completed,29.84,Debit Card
ORD011307,CUST02897,2026-04-19,Cancelled,53.95,Debit Card
ORD011308,CUST02171,2026-06-02,Completed,74.66,Google Pay
ORD011309,CUST03129,2026-02-13,Completed,110.63,Google Pay
ORD011310,CUST04256,2026-04-19,Cancelled,32.58,Credit Card
ORD011311,CUST01151,2026-04-08,Cancelled,129.08,Credit Card
ORD011312,CUST03679,2026-07-08,Cancelled,45.75,Debit Card
ORD011313,CUST01335,2026-03-22,Completed,142.74,Apple Pay
ORD011314,CUST00518,2026-08-06,Cancelled,59.14,Credit Card
ORD011315,CUST01289,2026-05-29,Processing,73.23,Credit Card
ORD011316,CUST00746,2026-06-28,Cancelled,46.16,Google Pay
ORD011317,CUST04516,2026-03-17,Processing,180.17,Google Pay
ORD011318,CUST03968,2026-03-21,Completed,32.28,Google Pay
ORD011319,CUST04236,2026-02-21,Cancelled,123.99,Apple Pay
ORD011320,CUST04803,2026-03-04,Completed,27.76,Debit Card
ORD011321,CUST00698,2026-03-25,Completed,37.59,Apple Pay
ORD011322,CUST03035,2026-07-01,Cancelled,197.54,Google Pay
ORD011323,CUST00475,2026-05-18,Completed,93.94,PayPal
ORD011324,CUST03977,2026-03-28,Completed,72.87,PayPal
ORD011325,CUST00511,2026-04-21,Completed,69.47,Debit Card
ORD011326,CUST00538,2026-08-10,Completed,131.44,Google Pay
ORD011327,CUST02261,2026-02-28,Cancelled,78.04,Google Pay
ORD011328,CUST02945,2026-01-08,Processing,61.76,Apple Pay
ORD011329,CUST03875,2026-02-20,Shipped,83.39,Debit Card
ORD011330,CUST01367,2026-05-13,Processing,52.54,Apple Pay
ORD011331,CUST01062,2026-03-17,Completed,45.66,Google Pay
ORD011332,CUST04329,2026-06-19,Shipped,36.56,Credit Card
ORD011333,CUST02308,2026-03-19,Completed,28.88,PayPal
ORD011334,CUST00308,2026-05-04,Cancelled,83.3,Google Pay
ORD011335,CUST04499,2026-01-12,Completed,53.85,Credit Card
ORD011336,CUST00997,2026-01-24,Shipped,19.3,PayPal
ORD011337,CUST01285,2026-02-14,Completed,45.73,Credit Card
ORD011338,CUST04846,2026-02-22,Shipped,73.95,Debit Card
ORD011339,CUST01130,2026-06-30,Completed,37.15,Credit Card
ORD011340,CUST00304,2026-05-25,Completed,73.9,Credit Card
ORD011341,CUST03892,2026-07-12,Cancelled,12.61,Debit Card
ORD011342,CUST00855,2026-04-28,Processing,179.62,Credit Card
ORD011343,CUST01746,2026-07-05,Shipped,72.93,PayPal
ORD011344,CUST00818,2026-02-06,Shipped,15.69,Credit Card
ORD011345,CUST03650,2026-03-16,Completed,5.48,Credit Card
ORD011346,CUST00973,2026-06-19,Cancelled,71.5,Debit Card
ORD011347,CUST04134,2026-07-17,Cancelled,31.22,PayPal
ORD011348,CUST01179,2026-03-20,Processing,74.6,Debit Card
ORD011349,CUST00105,2026-06-17,Completed,108.7,Credit Card
ORD011350,CUST00255,2026-01-23,Completed,35.02,Debit Card
ORD011351,CUST02536,2026-05-31,Completed,100.91,Debit Card
ORD011352,CUST00591,2026-02-18,Completed,113.26,Credit Card
ORD011353,CUST00525,2026-05-08,Cancelled,82.56,Credit Card
ORD011354,CUST00370,2026-07-23,Cancelled,152.54,Google Pay
ORD011355,CUST04198,2026-05-15,Processing,31.74,Credit Card
ORD011356,CUST02964,2026-02-06,Completed,23.25,Credit Card
ORD011357,CUST00664,2026-05-24,Completed,19.09,Google Pay
ORD011358,CUST00690,2026-02-07,Completed,63.03,PayPal
ORD011359,CUST02647,2026-04-09,Completed,82.18,Google Pay
ORD011360,CUST02589,2026-06-17,Cancelled,93.87,Debit Card
ORD011361,CUST01536,2026-01-29,Completed,58.04,Google Pay
ORD011362,CUST02029,2026-04-13,Completed,75.19,Google Pay
ORD011363,CUST01857,2026-05-25,Completed,75.94,PayPal
ORD011364,CUST03187,2026-08-06,Completed,81.89,Apple Pay
ORD011365,CUST02770,2026-05-28,Completed,86.4,PayPal
ORD011366,CUST02988,2026-04-20,Completed,113.67,Google Pay
ORD011367,CUST04476,2026-06-02,Shipped,25.29,Debit Card
ORD011368,CUST01149,2026-03-01,Cancelled,36.14,Debit Card
ORD011369,CUST00781,2026-06-15,Completed,84.87,Apple Pay
ORD011370,CUST04406,2026-03-04,Completed,18.93,Credit Card
ORD011371,CUST02154,2026-02-08,Cancelled,54.81,Google Pay
ORD011372,CUST00556,2026-05-06,Processing,123.5,Credit Card
ORD011373,CUST03297,2026-07-11,Shipped,174.46,Debit Card
ORD011374,CUST03314,2026-03-24,Completed,94.53,Credit Card
ORD011375,CUST04493,2026-01-21,Completed,79.51,PayPal
ORD011376,CUST02584,2026-02-01,Cancelled,116.77,PayPal
ORD011377,CUST03708,2026-01-28,Completed,80.8,Apple Pay
ORD011378,CUST03869,2026-04-13,Cancelled,94.94,Credit Card
ORD011379,CUST03044,2026-01-12,Completed,225.7,Apple Pay
ORD011380,CUST03014,2026-05-01,Cancelled,62.6,PayPal
ORD011381,CUST03845,2026-04-21,Completed,51.17,PayPal
ORD011382,CUST01170,2026-03-20,Completed,152.34,Apple Pay
ORD011383,CUST03263,2026-04-02,Completed,55.29,PayPal
ORD011384,CUST04023,2026-04-30,Completed,84.56,Credit Card
ORD011385,CUST00201,2026-03-26,Processing,104.12,Google Pay
ORD011386,CUST01891,2026-03-21,Completed,27.34,Google Pay
ORD011387,CUST00012,2026-05-31,Completed,59.16,PayPal
ORD011388,CUST01977,2026-08-06,Processing,42.01,Google Pay
ORD011389,CUST01326,2026-01-15,Completed,46.15,Google Pay
ORD011390,CUST03372,2026-04-11,Shipped,108.93,Google Pay
ORD011391,CUST04071,2026-01-12,Cancelled,26.96,PayPal
ORD011392,CUST03557,2026-05-12,Completed,49.93,Google Pay
ORD011393,CUST04967,2026-02-04,Completed,72.75,Apple Pay
ORD011394,CUST00366,2026-04-05,Processing,56.72,Apple Pay
ORD011395,CUST00657,2026-07-08,Processing,77.59,Google Pay
ORD011396,CUST00161,2026-01-27,Completed,89.61,Debit Card
ORD011397,CUST00175,2026-05-05,Processing,95.13,Debit Card
ORD011398,CUST03471,2026-08-12,Completed,130.24,Apple Pay
ORD011399,CUST04061,2026-06-10,Completed,311.84,Apple Pay
ORD011400,CUST00545,2026-01-13,Completed,114.42,Google Pay
ORD011401,CUST03855,2026-06-14,Completed,58.38,PayPal
ORD011402,CUST01762,2026-06-21,Shipped,83.07,Apple Pay
ORD011403,CUST00957,2026-01-02,Processing,48.1,Google Pay
ORD011404,CUST00452,2026-06-15,Completed,130.74,Apple Pay
ORD011405,CUST00082,2026-02-06,Shipped,73.8,Apple Pay
ORD011406,CUST01237,2026-07-06,Shipped,185.41,Google Pay
ORD011407,CUST04912,2026-04-24,Processing,47.75,Google Pay
ORD011408,CUST00447,2026-04-30,Processing,49.88,Credit Card
ORD011409,CUST02166,2026-03-10,Completed,52.25,PayPal
ORD011410,CUST01620,2026-01-18,Processing,42.23,Credit Card
ORD011411,CUST01794,2026-02-17,Shipped,89.28,Credit Card
ORD011412,CUST03315,2026-03-22,Processing,72.15,Credit Card
ORD011413,CUST04845,2026-03-07,Cancelled,76.67,Credit Card
ORD011414,CUST01174,2026-06-26,Cancelled,15.09,Credit Card
ORD011415,CUST00646,2026-04-16,Completed,30.36,Apple Pay
ORD011416,CUST00379,2026-02-27,Completed,57.13,Credit Card
ORD011417,CUST02656,2026-06-12,Completed,65.61,Google Pay
ORD011418,CUST03585,2026-03-19,Processing,185.99,PayPal
ORD011419,CUST03734,2026-07-23,Completed,30.99,Debit Card
ORD011420,CUST01141,2026-07-05,Completed,27.43,Debit Card
ORD011421,CUST03736,2026-08-13,Completed,28.75,Apple Pay
ORD011422,CUST02014,2026-01-07,Completed,64.92,Credit Card
ORD011423,CUST00662,2026-04-13,Completed,99.9,Google Pay
ORD011424,CUST04972,2026-04-19,Completed,40.82,Debit Card
ORD011425,CUST00012,2026-01-09,Completed,67.38,Credit Card
ORD011426,CUST00388,2026-03-10,Shipped,26.35,Debit Card
ORD011427,CUST03024,2026-05-12,Completed,24.78,Debit Card
ORD011428,CUST03834,2026-06-09,Shipped,44.01,Credit Card
ORD011429,CUST01920,2026-05-13,Cancelled,109.79,PayPal
ORD011430,CUST04492,2026-02-25,Cancelled,36.98,PayPal
ORD011431,CUST02593,2026-02-25,Cancelled,53.18,Apple Pay
ORD011432,CUST02709,2026-02-13,Completed,31.44,Google Pay
ORD011433,CUST04736,2026-03-13,Completed,28.47,Credit Card
ORD011434,CUST00100,2026-05-21,Completed,82.69,Debit Card
ORD011435,CUST04553,2026-05-12,Completed,40.34,PayPal
ORD011436,CUST04077,2026-06-29,Processing,22.66,Google Pay
ORD011437,CUST02772,2026-07-22,Processing,21.87,Google Pay
ORD011438,CUST04170,2026-01-15,Cancelled,121.65,Credit Card
ORD011439,CUST02378,2026-04-30,Processing,18.76,Credit Card
ORD011440,CUST01864,2026-04-20,Completed,132.5,Credit Card
ORD011441,CUST04020,2026-03-23,Completed,94.63,PayPal
ORD011442,CUST04271,2026-03-25,Completed,44.39,Apple Pay
ORD011443,CUST03759,2026-01-01,Completed,100.03,Apple Pay
ORD011444,CUST04593,2026-07-12,Shipped,52.38,Apple Pay
ORD011445,CUST04524,2026-05-19,Completed,80.58,Google Pay
ORD011446,CUST00035,2026-08-09,Cancelled,16.25,Google Pay
ORD011447,CUST02167,2026-07-08,Processing,66.82,PayPal
ORD011448,CUST03640,2026-04-03,Processing,46.87,Credit Card
ORD011449,CUST03973,2026-03-29,Processing,42.62,Credit Card
ORD011450,CUST03381,2026-03-25,Completed,112.66,Debit Card
ORD011451,CUST03177,2026-08-10,Completed,264.0,Debit Card
ORD011452,CUST00176,2026-07-10,Completed,149.8,Debit Card
ORD011453,CUST02154,2026-06-15,Cancelled,136.25,Google Pay
ORD011454,CUST04688,2026-07-16,Completed,33.77,Apple Pay
ORD011455,CUST01587,2026-02-14,Completed,96.27,PayPal
ORD011456,CUST03659,2026-03-15,Completed,46.16,Apple Pay
ORD011457,CUST03003,2026-07-17,Completed,43.33,Credit Card
ORD011458,CUST00953,2026-03-09,Completed,272.28,Debit Card
ORD011459,CUST04957,2026-01-04,Completed,14.87,Apple Pay
ORD011460,CUST02872,2026-07-18,Cancelled,84.52,Credit Card
ORD011461,CUST04330,2026-02-17,Completed,80.62,Debit Card
ORD011462,CUST02715,2026-04-07,Completed,108.43,Apple Pay
ORD011463,CUST03657,2026-05-17,Completed,106.62,Apple Pay
ORD011464,CUST02979,2026-03-31,Cancelled,86.37,Apple Pay
ORD011465,CUST01810,2026-06-24,Completed,80.62,Debit Card
ORD011466,CUST02807,2026-08-01,Cancelled,35.16,Google Pay
ORD011467,CUST04152,2026-03-01,Completed,63.06,Debit Card
ORD011468,CUST03760,2026-02-21,Completed,108.91,PayPal
ORD011469,CUST03329,2026-05-04,Completed,37.72,Debit Card
ORD011470,CUST02971,2026-03-27,Completed,78.54,Apple Pay
ORD011471,CUST04909,2026-06-10,Completed,109.81,Credit Card
ORD011472,CUST03135,2026-07-05,Completed,48.11,Credit Card
ORD011473,CUST01960,2026-04-07,Completed,180.27,Apple Pay
ORD011474,CUST00806,2026-02-17,Completed,90.18,Google Pay
ORD011475,CUST03101,2026-05-13,Completed,19.98,Google Pay
ORD011476,CUST01576,2026-08-01,Completed,64.49,Debit Card
ORD011477,CUST03731,2026-01-27,Cancelled,34.97,Debit Card
ORD011478,CUST00600,2026-06-18,Completed,29.53,Credit Card
ORD011479,CUST02616,2026-01-01,Shipped,30.91,Apple Pay
ORD011480,CUST03372,2026-02-20,Completed,230.0,Apple Pay
ORD011481,CUST00612,2026-05-24,Completed,34.55,Debit Card
ORD011482,CUST01950,2026-04-09,Cancelled,54.47,PayPal
ORD011483,CUST00561,2026-04-10,Completed,75.88,Debit Card
ORD011484,CUST02547,2026-06-09,Cancelled,36.88,Debit Card
ORD011485,CUST00627,2026-08-09,Shipped,33.89,Google Pay
ORD011486,CUST02812,2026-04-13,Shipped,39.03,Debit Card
ORD011487,CUST01611,2026-02-16,Completed,40.17,Debit Card
ORD011488,CUST03263,2026-05-31,Completed,87.49,PayPal
ORD011489,CUST03783,2026-01-15,Cancelled,33.21,Credit Card
ORD011490,CUST00675,2026-06-03,Processing,176.72,Credit Card
ORD011491,CUST03723,2026-02-06,Completed,51.94,Debit Card
ORD011492,CUST00049,2026-08-05,Shipped,187.8,Apple Pay
ORD011493,CUST01387,2026-07-02,Completed,57.77,Debit Card
ORD011494,CUST01903,2026-05-10,Processing,21.32,Google Pay
ORD011495,CUST04723,2026-03-17,Completed,38.76,PayPal
ORD011496,CUST03568,2026-05-27,Processing,87.73,Debit Card
ORD011497,CUST04373,2026-02-01,Completed,29.09,Credit Card
ORD011498,CUST02095,2026-08-03,Completed,58.69,Debit Card
ORD011499,CUST03843,2026-07-16,Completed,77.1,PayPal
ORD011500,CUST04312,2026-02-24,Completed,78.52,PayPal
ORD011501,CUST00230,2026-08-05,Completed,90.02,Apple Pay
ORD011502,CUST03493,2026-04-09,Completed,71.18,Apple Pay
ORD011503,CUST01686,2026-02-25,Completed,29.87,Apple Pay
ORD011504,CUST01311,2026-01-29,Completed,49.84,Debit Card
ORD011505,CUST04142,2026-04-19,Shipped,60.86,Credit Card
ORD011506,CUST00633,2026-03-25,Processing,82.4,Google Pay
ORD011507,CUST02423,2026-06-13,Completed,36.12,Credit Card
ORD011508,CUST02751,2026-04-26,Completed,58.63,PayPal
ORD011509,CUST00333,2026-03-12,Processing,230.56,Credit Card
ORD011510,CUST01880,2026-08-02,Completed,115.79,Debit Card
ORD011511,CUST00507,2026-03-23,Processing,111.88,Apple Pay
ORD011512,CUST04213,2026-02-22,Completed,57.95,Credit Card
ORD011513,CUST00943,2026-03-26,Completed,68.89,PayPal
ORD011514,CUST00636,2026-03-27,Completed,61.03,PayPal
ORD011515,CUST01590,2026-06-16,Processing,84.54,Google Pay
ORD011516,CUST01463,2026-03-17,Completed,25.43,Credit Card
ORD011517,CUST01992,2026-01-11,Cancelled,34.54,Debit Card
ORD011518,CUST04965,2026-03-17,Completed,22.57,PayPal
ORD011519,CUST01735,2026-08-06,Processing,101.82,Google Pay
ORD011520,CUST02264,2026-01-30,Cancelled,100.42,PayPal
ORD011521,CUST00113,2026-03-20,Cancelled,38.32,Google Pay
ORD011522,CUST02264,2026-07-19,Cancelled,36.86,PayPal
ORD011523,CUST00427,2026-04-17,Completed,100.83,Debit Card
ORD011524,CUST01067,2026-06-30,Shipped,99.17,Debit Card
ORD011525,CUST02812,2026-03-23,Shipped,188.13,PayPal
ORD011526,CUST04380,2026-07-21,Completed,33.92,Apple Pay
ORD011527,CUST00834,2026-05-16,Completed,55.71,Debit Card
ORD011528,CUST00230,2026-01-20,Completed,65.86,Debit Card
ORD011529,CUST04481,2026-01-12,Completed,89.67,Google Pay
ORD011530,CUST04255,2026-03-08,Completed,118.76,Google Pay
ORD011531,CUST00824,2026-07-31,Shipped,55.53,Credit Card
ORD011532,CUST02519,2026-06-27,Completed,70.37,Credit Card
ORD011533,CUST03668,2026-05-06,Processing,48.43,Debit Card
ORD011534,CUST04304,2026-05-20,Completed,22.02,Debit Card
ORD011535,CUST04270,2026-02-23,Processing,33.37,PayPal
ORD011536,CUST01824,2026-08-04,Shipped,43.48,Apple Pay
ORD011537,CUST01105,2026-03-21,Processing,89.31,PayPal
ORD011538,CUST01042,2026-05-04,Cancelled,13.82,Debit Card
ORD011539,CUST00708,2026-07-01,Processing,90.34,Google Pay
ORD011540,CUST01384,2026-03-15,Completed,90.69,Credit Card
ORD011541,CUST01892,2026-05-27,Processing,43.82,Apple Pay
ORD011542,CUST01303,2026-05-22,Cancelled,228.79,Google Pay
ORD011543,CUST03022,2026-06-29,Completed,72.07,Debit Card
ORD011544,CUST00677,2026-07-25,Cancelled,71.41,Apple Pay
ORD011545,CUST02565,2026-05-30,Completed,53.86,Apple Pay
ORD011546,CUST03323,2026-05-12,Processing,16.78,Credit Card
ORD011547,CUST04758,2026-04-26,Processing,38.26,Apple Pay
ORD011548,CUST01564,2026-02-28,Completed,34.67,Debit Card
ORD011549,CUST01261,2026-06-11,Completed,95.76,Credit Card
ORD011550,CUST03204,2026-03-05,Processing,41.73,Debit Card
ORD011551,CUST02354,2026-05-08,Processing,74.51,Apple Pay
ORD011552,CUST00358,2026-01-18,Completed,19.4,Debit Card
ORD011553,CUST03235,2026-08-14,Completed,156.82,Google Pay
ORD011554,CUST00419,2026-03-23,Completed,99.54,Apple Pay
ORD011555,CUST04738,2026-01-31,Completed,59.3,PayPal
ORD011556,CUST03956,2026-03-25,Completed,43.03,PayPal
ORD011557,CUST01594,2026-02-11,Completed,108.12,Google Pay
ORD011558,CUST04603,2026-07-21,Completed,42.01,PayPal
ORD011559,CUST01386,2026-05-11,Completed,41.78,PayPal
ORD011560,CUST04408,2026-03-26,Shipped,51.4,Credit Card
ORD011561,CUST02752,2026-07-02,Completed,168.07,Debit Card
ORD011562,CUST00245,2026-01-10,Cancelled,38.88,Apple Pay
ORD011563,CUST04573,2026-03-12,Completed,97.16,PayPal
ORD011564,CUST00615,2026-01-22,Completed,35.21,Apple Pay
ORD011565,CUST00250,2026-05-31,Shipped,13.77,Google Pay
ORD011566,CUST03094,2026-03-17,Shipped,79.52,PayPal
ORD011567,CUST01596,2026-01-13,Completed,32.91,Credit Card
ORD011568,CUST01930,2026-06-17,Completed,49.04,Apple Pay
ORD011569,CUST00511,2026-05-03,Shipped,108.69,Google Pay
ORD011570,CUST03968,2026-05-21,Completed,31.92,Credit Card
ORD011571,CUST04870,2026-04-07,Completed,45.12,Debit Card
ORD011572,CUST01366,2026-04-05,Processing,94.63,Google Pay
ORD011573,CUST00924,2026-02-20,Shipped,43.82,Credit Card
ORD011574,CUST00074,2026-07-11,Completed,64.13,Apple Pay
ORD011575,CUST00809,2026-08-08,Completed,54.47,Credit Card
ORD011576,CUST02879,2026-03-24,Shipped,54.56,Google Pay
ORD011577,CUST02268,2026-08-01,Completed,52.16,Debit Card
ORD011578,CUST02127,2026-04-06,Completed,82.5,Debit Card
ORD011579,CUST04331,2026-03-31,Shipped,15.86,Google Pay
ORD011580,CUST02205,2026-05-06,Completed,50.06,Apple Pay
ORD011581,CUST03680,2026-01-13,Processing,34.78,Debit Card
ORD011582,CUST04738,2026-06-06,Completed,97.07,PayPal
ORD011583,CUST04717,2026-07-18,Completed,138.97,PayPal
ORD011584,CUST03659,2026-06-24,Shipped,59.5,Debit Card
ORD011585,CUST00985,2026-06-03,Completed,53.71,Apple Pay
ORD011586,CUST01299,2026-07-17,Processing,85.61,Apple Pay
ORD011587,CUST03745,2026-08-12,Cancelled,65.94,Apple Pay
ORD011588,CUST03281,2026-04-28,Completed,54.02,Apple Pay
ORD011589,CUST03956,2026-05-31,Completed,71.43,Apple Pay
ORD011590,CUST02654,2026-03-16,Completed,47.7,Credit Card
ORD011591,CUST03688,2026-07-03,Cancelled,99.77,Debit Card
ORD011592,CUST02963,2026-08-01,Shipped,205.48,Google Pay
ORD011593,CUST02947,2026-01-19,Shipped,53.45,PayPal
ORD011594,CUST03046,2026-04-08,Completed,81.44,Debit Card
ORD011595,CUST00860,2026-04-21,Shipped,15.2,PayPal
ORD011596,CUST02086,2026-06-27,Processing,17.84,Debit Card
ORD011597,CUST02728,2026-04-18,Completed,70.39,Debit Card
ORD011598,CUST00377,2026-02-04,Processing,46.54,PayPal
ORD011599,CUST04472,2026-06-26,Completed,36.4,Apple Pay
ORD011600,CUST04691,2026-08-11,Processing,82.56,PayPal
ORD011601,CUST02795,2026-06-23,Completed,49.22,PayPal
ORD011602,CUST01066,2026-04-03,Processing,82.33,PayPal
ORD011603,CUST03683,2026-07-17,Completed,65.85,Apple Pay
ORD011604,CUST02008,2026-04-10,Completed,101.91,Debit Card
ORD011605,CUST03202,2026-06-30,Cancelled,55.03,Google Pay
ORD011606,CUST01052,2026-06-08,Processing,59.5,Google Pay
ORD011607,CUST00629,2026-04-06,Processing,49.28,Debit Card
ORD011608,CUST02374,2026-03-25,Shipped,43.49,PayPal
ORD011609,CUST03975,2026-05-30,Processing,82.34,Debit Card
ORD011610,CUST01184,2026-03-08,Shipped,31.33,Credit Card
ORD011611,CUST04842,2026-05-16,Processing,126.14,Debit Card
ORD011612,CUST01278,2026-01-19,Completed,30.4,Credit Card
ORD011613,CUST01952,2026-01-31,Shipped,47.92,Google Pay
ORD011614,CUST03922,2026-02-01,Completed,45.2,Google Pay
ORD011615,CUST03425,2026-07-26,Completed,89.95,Google Pay
ORD011616,CUST01326,2026-02-24,Completed,142.02,PayPal
ORD011617,CUST01172,2026-04-13,Cancelled,75.0,Credit Card
ORD011618,CUST04317,2026-06-08,Cancelled,178.53,Credit Card
ORD011619,CUST03770,2026-07-14,Completed,37.13,Credit Card
ORD011620,CUST01872,2026-02-20,Completed,50.0,Debit Card
ORD011621,CUST03632,2026-05-02,Completed,22.84,PayPal
ORD011622,CUST02311,2026-08-12,Shipped,27.71,Google Pay
ORD011623,CUST02344,2026-07-21,Completed,115.73,Debit Card
ORD011624,CUST03387,2026-04-02,Completed,52.38,PayPal
ORD011625,CUST03068,2026-06-04,Completed,43.28,Google Pay
ORD011626,CUST02340,2026-06-25,Processing,32.36,Credit Card
ORD011627,CUST00684,2026-04-20,Processing,97.17,Credit Card
ORD011628,CUST00876,2026-02-12,Completed,45.23,Credit Card
ORD011629,CUST01055,2026-08-11,Shipped,26.89,Apple Pay
ORD011630,CUST03754,2026-06-28,Completed,61.4,Credit Card
ORD011631,CUST02603,2026-08-14,Completed,86.15,Google Pay
ORD011632,CUST04015,2026-07-16,Completed,53.81,Debit Card
ORD011633,CUST00349,2026-03-16,Completed,41.74,Debit Card
ORD011634,CUST04315,2026-03-12,Completed,62.86,Apple Pay
ORD011635,CUST01023,2026-03-13,Completed,23.19,Apple Pay
ORD011636,CUST00450,2026-07-28,Cancelled,95.14,Google Pay
ORD011637,CUST00504,2026-06-27,Shipped,78.45,PayPal
ORD011638,CUST00086,2026-07-08,Processing,122.73,Apple Pay
ORD011639,CUST03323,2026-04-13,Processing,33.56,Apple Pay
ORD011640,CUST00523,2026-02-10,Processing,20.04,Google Pay
ORD011641,CUST03152,2026-06-28,Completed,21.28,Debit Card
ORD011642,CUST03693,2026-03-19,Shipped,29.98,Google Pay
ORD011643,CUST02509,2026-01-24,Completed,26.01,Credit Card
ORD011644,CUST00630,2026-01-30,Processing,87.04,PayPal
ORD011645,CUST00018,2026-02-21,Completed,42.85,Apple Pay
ORD011646,CUST01269,2026-06-27,Completed,50.82,PayPal
ORD011647,CUST01177,2026-02-26,Completed,39.51,Google Pay
ORD011648,CUST01633,2026-07-09,Cancelled,53.49,Debit Card
ORD011649,CUST04596,2026-03-20,Completed,95.95,PayPal
ORD011650,CUST04554,2026-04-27,Completed,178.11,Apple Pay
ORD011651,CUST03770,2026-06-30,Completed,112.75,Credit Card
ORD011652,CUST03614,2026-07-15,Completed,61.64,PayPal
ORD011653,CUST00115,2026-07-24,Completed,48.98,Google Pay
ORD011654,CUST00753,2026-07-16,Processing,140.6,Google Pay
ORD011655,CUST04865,2026-01-31,Completed,31.23,PayPal
ORD011656,CUST02401,2026-03-17,Processing,59.65,Google Pay
ORD011657,CUST01871,2026-01-30,Completed,26.7,PayPal
ORD011658,CUST02589,2026-04-23,Shipped,136.78,PayPal
ORD011659,CUST00322,2026-05-18,Completed,159.57,Debit Card
ORD011660,CUST04322,2026-08-10,Processing,24.36,Google Pay
ORD011661,CUST03828,2026-08-06,Completed,23.15,Debit Card
ORD011662,CUST04457,2026-06-21,Completed,42.35,Google Pay
ORD011663,CUST00834,2026-05-14,Processing,89.19,Debit Card
ORD011664,CUST04208,2026-06-04,Cancelled,34.34,Credit Card
ORD011665,CUST00212,2026-01-20,Completed,35.62,Google Pay
ORD011666,CUST01257,2026-08-08,Cancelled,93.13,Debit Card
ORD011667,CUST00159,2026-01-20,Completed,71.79,Credit Card
ORD011668,CUST02620,2026-01-12,Completed,56.33,Credit Card
ORD011669,CUST01348,2026-03-26,Completed,62.27,Credit Card
ORD011670,CUST03165,2026-08-10,Processing,72.13,Debit Card
ORD011671,CUST03213,2026-02-18,Completed,106.05,Credit Card
ORD011672,CUST00911,2026-06-29,Completed,108.17,Apple Pay
ORD011673,CUST02452,2026-01-10,Shipped,41.45,Google Pay
ORD011674,CUST03804,2026-01-05,Shipped,55.32,Apple Pay
ORD011675,CUST00404,2026-03-05,Cancelled,39.25,Apple Pay
ORD011676,CUST01842,2026-07-05,Processing,80.18,Google Pay
ORD011677,CUST02649,2026-05-16,Completed,29.77,Apple Pay
ORD011678,CUST01691,2026-06-07,Cancelled,27.05,Credit Card
ORD011679,CUST03486,2026-01-17,Completed,43.11,PayPal
ORD011680,CUST01257,2026-03-08,Shipped,13.76,Apple Pay
ORD011681,CUST04289,2026-01-21,Shipped,4.61,Google Pay
ORD011682,CUST03185,2026-01-16,Completed,77.59,Debit Card
ORD011683,CUST01643,2026-08-12,Completed,82.45,Debit Card
ORD011684,CUST03353,2026-01-27,Completed,29.74,Credit Card
ORD011685,CUST00523,2026-04-25,Cancelled,52.78,Apple Pay
ORD011686,CUST04446,2026-01-06,Shipped,166.59,PayPal
ORD011687,CUST01945,2026-02-11,Processing,52.47,Debit Card
ORD011688,CUST03572,2026-05-24,Processing,140.95,PayPal
ORD011689,CUST01561,2026-06-22,Completed,36.15,Credit Card
ORD011690,CUST04748,2026-01-03,Completed,65.45,Google Pay
ORD011691,CUST04731,2026-02-09,Completed,80.98,Google Pay
ORD011692,CUST03595,2026-01-20,Cancelled,40.91,Credit Card
ORD011693,CUST00593,2026-01-07,Shipped,46.71,PayPal
ORD011694,CUST03894,2026-02-28,Cancelled,51.52,PayPal
ORD011695,CUST02669,2026-05-19,Shipped,32.78,PayPal
ORD011696,CUST03903,2026-04-03,Shipped,66.86,Credit Card
ORD011697,CUST00756,2026-02-21,Completed,134.56,Debit Card
ORD011698,CUST01300,2026-05-11,Completed,131.68,Debit Card
ORD011699,CUST00497,2026-01-21,Shipped,228.0,Apple Pay
ORD011700,CUST04869,2026-06-30,Completed,43.12,Google Pay
ORD011701,CUST02422,2026-08-12,Completed,40.46,Google Pay
ORD011702,CUST01599,2026-06-07,Shipped,89.64,Apple Pay
ORD011703,CUST04280,2026-01-11,Completed,154.03,PayPal
ORD011704,CUST04128,2026-07-28,Completed,125.03,Credit Card
ORD011705,CUST04379,2026-06-02,Processing,93.32,Google Pay
ORD011706,CUST04932,2026-02-19,Cancelled,33.54,PayPal
ORD011707,CUST03591,2026-08-05,Completed,35.35,Debit Card
ORD011708,CUST04782,2026-01-09,Shipped,84.99,PayPal
ORD011709,CUST00462,2026-02-14,Completed,79.68,Apple Pay
ORD011710,CUST04967,2026-01-29,Shipped,53.78,Credit Card
ORD011711,CUST00368,2026-03-03,Cancelled,82.34,Google Pay
ORD011712,CUST02706,2026-01-15,Completed,63.58,Apple Pay
ORD011713,CUST03324,2026-01-19,Completed,102.24,Debit Card
ORD011714,CUST00166,2026-05-23,Completed,40.28,Debit Card
ORD011715,CUST03687,2026-06-16,Completed,22.18,Credit Card
ORD011716,CUST04083,2026-02-04,Completed,24.53,Google Pay
ORD011717,CUST03048,2026-05-21,Cancelled,36.27,Debit Card
ORD011718,CUST01729,2026-05-24,Shipped,40.16,Apple Pay
ORD011719,CUST04698,2026-03-08,Completed,58.86,Debit Card
ORD011720,CUST03670,2026-04-05,Completed,33.16,Google Pay
ORD011721,CUST03175,2026-02-24,Completed,27.81,PayPal
ORD011722,CUST02174,2026-07-12,Completed,20.58,Debit Card
ORD011723,CUST00038,2026-02-04,Completed,68.52,Debit Card
ORD011724,CUST04444,2026-01-16,Shipped,59.28,Debit Card
ORD011725,CUST02022,2026-05-09,Completed,68.9,PayPal
ORD011726,CUST00734,2026-06-27,Completed,43.22,Google Pay
ORD011727,CUST04522,2026-01-14,Cancelled,210.65,Apple Pay
ORD011728,CUST00648,2026-03-03,Cancelled,26.4,Google Pay
ORD011729,CUST03303,2026-05-15,Completed,62.81,Credit Card
ORD011730,CUST00320,2026-05-31,Shipped,12.84,Apple Pay
ORD011731,CUST04608,2026-04-09,Processing,79.85,PayPal
ORD011732,CUST02554,2026-07-10,Shipped,35.12,Credit Card
ORD011733,CUST03179,2026-01-29,Completed,23.57,Debit Card
ORD011734,CUST01723,2026-05-30,Shipped,82.51,Debit Card
ORD011735,CUST01757,2026-07-27,Completed,25.72,Google Pay
ORD011736,CUST03679,2026-04-03,Shipped,33.54,PayPal
ORD011737,CUST03779,2026-01-06,Processing,118.97,PayPal
ORD011738,CUST02516,2026-07-29,Cancelled,67.02,Debit Card
ORD011739,CUST03848,2026-06-06,Completed,45.93,Debit Card
ORD011740,CUST00938,2026-03-30,Completed,66.37,PayPal
ORD011741,CUST00765,2026-01-02,Completed,45.2,PayPal
ORD011742,CUST00653,2026-07-11,Completed,94.35,Google Pay
ORD011743,CUST04081,2026-04-06,Processing,53.75,Debit Card
ORD011744,CUST03603,2026-02-05,Processing,30.94,PayPal
ORD011745,CUST02130,2026-04-06,Cancelled,21.23,Credit Card
ORD011746,CUST04577,2026-05-28,Completed,132.13,Credit Card
ORD011747,CUST03965,2026-07-02,Cancelled,22.39,Credit Card
ORD011748,CUST04612,2026-02-06,Shipped,101.49,Apple Pay
ORD011749,CUST00187,2026-04-12,Processing,32.68,Credit Card
ORD011750,CUST00146,2026-08-13,Completed,37.89,PayPal
ORD011751,CUST04248,2026-06-29,Completed,143.51,Apple Pay
ORD011752,CUST01387,2026-03-10,Shipped,37.43,Debit Card
ORD011753,CUST04189,2026-03-11,Cancelled,49.61,PayPal
ORD011754,CUST02588,2026-05-30,Completed,135.56,Credit Card
ORD011755,CUST02697,2026-08-01,Completed,92.06,Debit Card
ORD011756,CUST04013,2026-07-30,Completed,95.59,Credit Card
ORD011757,CUST04698,2026-04-17,Processing,33.76,Google Pay
ORD011758,CUST00049,2026-01-15,Shipped,32.56,Apple Pay
ORD011759,CUST03330,2026-04-08,Shipped,88.73,Debit Card
ORD011760,CUST03590,2026-02-16,Completed,60.29,Credit Card
ORD011761,CUST02589,2026-07-18,Completed,58.18,Google Pay
ORD011762,CUST03482,2026-07-28,Completed,25.43,Apple Pay
ORD011763,CUST00775,2026-04-18,Completed,36.91,Credit Card
ORD011764,CUST04642,2026-04-18,Cancelled,18.16,PayPal
ORD011765,CUST01261,2026-03-10,Shipped,65.7,Google Pay
ORD011766,CUST00650,2026-02-21,Cancelled,81.1,Debit Card
ORD011767,CUST03440,2026-06-16,Cancelled,114.76,Credit Card
ORD011768,CUST03049,2026-01-02,Cancelled,21.9,Debit Card
ORD011769,CUST02024,2026-08-07,Cancelled,96.63,PayPal
ORD011770,CUST01081,2026-02-14,Completed,57.35,Debit Card
ORD011771,CUST04271,2026-06-01,Shipped,124.53,Google Pay
ORD011772,CUST02075,2026-07-08,Cancelled,17.08,Apple Pay
ORD011773,CUST04243,2026-04-21,Shipped,181.04,Credit Card
ORD011774,CUST04964,2026-04-02,Cancelled,51.91,Apple Pay
ORD011775,CUST02313,2026-05-02,Completed,69.08,Credit Card
ORD011776,CUST03475,2026-03-06,Completed,33.63,Debit Card
ORD011777,CUST02306,2026-06-30,Cancelled,30.18,Debit Card
ORD011778,CUST03261,2026-04-26,Processing,85.56,Google Pay
ORD011779,CUST02875,2026-05-29,Processing,47.56,Debit Card
ORD011780,CUST04839,2026-05-07,Completed,187.05,PayPal
ORD011781,CUST04806,2026-08-08,Completed,49.08,Google Pay
ORD011782,CUST03311,2026-03-08,Completed,107.95,Credit Card
ORD011783,CUST01351,2026-04-04,Completed,51.6,Debit Card
ORD011784,CUST01094,2026-05-09,Completed,8.22,Credit Card
ORD011785,CUST03777,2026-02-28,Processing,44.76,Debit Card
ORD011786,CUST03097,2026-04-25,Shipped,101.37,Google Pay
ORD011787,CUST01855,2026-04-26,Completed,66.77,PayPal
ORD011788,CUST02267,2026-02-16,Completed,42.23,Credit Card
ORD011789,CUST00561,2026-04-19,Completed,70.34,Apple Pay
ORD011790,CUST04988,2026-01-18,Completed,146.58,Debit Card
ORD011791,CUST04693,2026-04-23,Cancelled,126.7,Google Pay
ORD011792,CUST04546,2026-02-02,Completed,21.74,Credit Card
ORD011793,CUST02384,2026-05-23,Shipped,61.4,Google Pay
ORD011794,CUST01826,2026-01-24,Shipped,67.7,Credit Card
ORD011795,CUST01684,2026-02-05,Completed,27.96,PayPal
ORD011796,CUST01199,2026-03-01,Processing,34.66,Debit Card
ORD011797,CUST01010,2026-06-11,Completed,30.71,Credit Card
ORD011798,CUST01772,2026-03-31,Completed,32.23,Apple Pay
ORD011799,CUST01708,2026-02-20,Completed,20.61,Debit Card
ORD011800,CUST04536,2026-06-17,Processing,52.69,Debit Card
ORD011801,CUST02273,2026-05-30,Cancelled,98.1,Google Pay
ORD011802,CUST02613,2026-05-24,Cancelled,38.83,Debit Card
ORD011803,CUST04342,2026-04-14,Completed,189.34,Credit Card
ORD011804,CUST01543,2026-06-19,Cancelled,148.1,PayPal
ORD011805,CUST01238,2026-01-16,Shipped,48.41,Credit Card
ORD011806,CUST02976,2026-05-13,Completed,50.29,Debit Card
ORD011807,CUST01725,2026-05-14,Cancelled,146.03,Apple Pay
ORD011808,CUST02264,2026-06-19,Processing,36.72,Apple Pay
ORD011809,CUST00283,2026-08-04,Shipped,71.31,Credit Card
ORD011810,CUST02621,2026-01-30,Completed,115.78,Credit Card
ORD011811,CUST03287,2026-06-09,Completed,42.18,Credit Card
ORD011812,CUST00172,2026-06-30,Shipped,56.89,Credit Card
ORD011813,CUST03457,2026-05-27,Completed,24.98,Google Pay
ORD011814,CUST01883,2026-02-20,Completed,26.97,Credit Card
ORD011815,CUST02276,2026-06-05,Completed,173.91,Google Pay
ORD011816,CUST02622,2026-06-24,Processing,78.73,Debit Card
ORD011817,CUST00601,2026-03-13,Completed,98.19,Credit Card
ORD011818,CUST03791,2026-05-08,Shipped,79.67,Credit Card
ORD011819,CUST02024,2026-04-17,Completed,65.69,Apple Pay
ORD011820,CUST00467,2026-05-07,Processing,41.82,Debit Card
ORD011821,CUST03951,2026-05-09,Completed,205.64,Debit Card
ORD011822,CUST03890,2026-07-15,Completed,24.54,Credit Card
ORD011823,CUST04393,2026-07-04,Processing,26.16,Debit Card
ORD011824,CUST02593,2026-05-30,Completed,38.74,PayPal
ORD011825,CUST01020,2026-08-02,Processing,79.41,Apple Pay
ORD011826,CUST01548,2026-04-04,Processing,67.86,Debit Card
ORD011827,CUST04757,2026-02-27,Completed,34.04,PayPal
ORD011828,CUST04750,2026-08-07,Completed,47.5,Credit Card
ORD011829,CUST04898,2026-08-07,Completed,43.98,Apple Pay
ORD011830,CUST04437,2026-01-13,Processing,70.92,Apple Pay
ORD011831,CUST00704,2026-06-16,Completed,43.44,Apple Pay
ORD011832,CUST00853,2026-01-27,Processing,193.55,PayPal
ORD011833,CUST00306,2026-06-16,Shipped,49.17,Google Pay
ORD011834,CUST03579,2026-05-01,Completed,49.39,Apple Pay
ORD011835,CUST01934,2026-07-19,Completed,98.77,PayPal
ORD011836,CUST01788,2026-05-20,Completed,87.58,Google Pay
ORD011837,CUST03788,2026-06-01,Cancelled,133.59,PayPal
ORD011838,CUST00874,2026-01-18,Completed,117.68,PayPal
ORD011839,CUST01582,2026-04-29,Completed,51.19,PayPal
ORD011840,CUST03958,2026-01-15,Processing,134.46,Apple Pay
ORD011841,CUST04591,2026-07-07,Completed,45.39,Credit Card
ORD011842,CUST03333,2026-05-24,Shipped,27.91,Apple Pay
ORD011843,CUST01686,2026-04-07,Cancelled,58.64,Apple Pay
ORD011844,CUST01606,2026-03-15,Completed,78.74,Apple Pay
ORD011845,CUST00896,2026-02-16,Cancelled,70.15,Apple Pay
ORD011846,CUST03264,2026-06-01,Cancelled,82.67,Google Pay
ORD011847,CUST03425,2026-06-22,Completed,34.74,Google Pay
ORD011848,CUST03854,2026-01-19,Completed,92.18,PayPal
ORD011849,CUST02347,2026-04-01,Completed,158.51,Debit Card
ORD011850,CUST03532,2026-06-18,Completed,34.97,Debit Card
ORD011851,CUST02475,2026-01-31,Completed,112.86,Credit Card
ORD011852,CUST01862,2026-08-01,Shipped,78.93,PayPal
ORD011853,CUST02764,2026-01-16,Completed,96.82,Credit Card
ORD011854,CUST04853,2026-05-31,Completed,34.73,Google Pay
ORD011855,CUST00031,2026-03-19,Completed,66.44,Apple Pay
ORD011856,CUST04008,2026-01-23,Completed,61.94,Credit Card
ORD011857,CUST03456,2026-02-10,Cancelled,59.13,Credit Card
ORD011858,CUST00243,2026-05-26,Completed,71.04,Google Pay
ORD011859,CUST04782,2026-06-13,Cancelled,87.78,PayPal
ORD011860,CUST01499,2026-01-12,Processing,161.91,Apple Pay
ORD011861,CUST04669,2026-03-16,Completed,123.15,Apple Pay
ORD011862,CUST03423,2026-07-16,Cancelled,114.79,PayPal
ORD011863,CUST04004,2026-06-28,Shipped,153.39,Google Pay
ORD011864,CUST01660,2026-03-26,Processing,69.45,Google Pay
ORD011865,CUST03229,2026-06-09,Shipped,32.56,Credit Card
ORD011866,CUST00599,2026-08-09,Cancelled,68.75,Debit Card
ORD011867,CUST02196,2026-03-12,Completed,82.38,Debit Card
ORD011868,CUST00070,2026-06-13,Completed,107.77,Google Pay
ORD011869,CUST01394,2026-06-17,Completed,88.26,PayPal
ORD011870,CUST03660,2026-05-06,Processing,53.29,PayPal
ORD011871,CUST01650,2026-08-07,Completed,140.16,Debit Card
ORD011872,CUST02282,2026-03-11,Completed,74.63,PayPal
ORD011873,CUST03683,2026-06-15,Cancelled,52.14,PayPal
ORD011874,CUST02684,2026-07-01,Completed,17.9,Apple Pay
ORD011875,CUST04563,2026-01-04,Shipped,83.3,PayPal
ORD011876,CUST04653,2026-06-23,Completed,26.73,Apple Pay
ORD011877,CUST04990,2026-03-04,Completed,29.9,Apple Pay
ORD011878,CUST04932,2026-07-21,Cancelled,83.02,Debit Card
ORD011879,CUST01311,2026-02-19,Completed,84.29,Apple Pay
ORD011880,CUST04714,2026-01-30,Shipped,27.57,Google Pay
ORD011881,CUST04230,2026-07-20,Completed,45.79,Credit Card
ORD011882,CUST04104,2026-01-16,Cancelled,57.64,Apple Pay
ORD011883,CUST02076,2026-06-29,Completed,106.95,Google Pay
ORD011884,CUST00783,2026-01-04,Cancelled,40.25,Google Pay
ORD011885,CUST03807,2026-01-26,Completed,103.85,PayPal
ORD011886,CUST01334,2026-06-06,Completed,33.28,Google Pay
ORD011887,CUST03718,2026-08-08,Cancelled,24.89,PayPal
ORD011888,CUST04637,2026-05-19,Shipped,129.04,Google Pay
ORD011889,CUST01058,2026-04-02,Processing,165.27,Debit Card
ORD011890,CUST02055,2026-04-18,Completed,136.34,Debit Card
ORD011891,CUST03402,2026-08-12,Shipped,98.87,Debit Card
ORD011892,CUST02110,2026-06-01,Completed,64.93,Debit Card
ORD011893,CUST03158,2026-02-20,Shipped,89.49,Debit Card
ORD011894,CUST03797,2026-02-11,Shipped,87.03,Google Pay
ORD011895,CUST03649,2026-06-16,Completed,210.37,Apple Pay
ORD011896,CUST01321,2026-05-15,Processing,36.48,Apple Pay
ORD011897,CUST04418,2026-01-18,Cancelled,40.3,Apple Pay
ORD011898,CUST03700,2026-01-03,Completed,32.26,Debit Card
ORD011899,CUST00733,2026-07-10,Processing,155.63,Debit Card
ORD011900,CUST03634,2026-01-20,Completed,60.78,Google Pay
ORD011901,CUST03550,2026-04-08,Completed,36.66,Apple Pay
ORD011902,CUST03663,2026-08-10,Completed,15.64,PayPal
ORD011903,CUST04645,2026-03-14,Completed,34.0,Debit Card
ORD011904,CUST00605,2026-03-15,Processing,71.49,Credit Card
ORD011905,CUST01723,2026-05-03,Shipped,17.87,Credit Card
ORD011906,CUST02405,2026-03-11,Completed,32.05,Credit Card
ORD011907,CUST03483,2026-05-25,Completed,61.92,Google Pay
ORD011908,CUST02813,2026-03-20,Completed,52.08,PayPal
ORD011909,CUST01582,2026-08-13,Completed,26.38,Debit Card
ORD011910,CUST02279,2026-07-06,Completed,34.41,Google Pay
ORD011911,CUST02351,2026-07-01,Cancelled,50.73,Apple Pay
ORD011912,CUST03624,2026-05-21,Cancelled,77.63,Apple Pay
ORD011913,CUST00715,2026-02-11,Completed,89.96,Debit Card
ORD011914,CUST00925,2026-02-13,Completed,55.48,Debit Card
ORD011915,CUST03163,2026-08-02,Shipped,148.82,Credit Card
ORD011916,CUST04154,2026-03-21,Processing,42.92,PayPal
ORD011917,CUST04530,2026-08-14,Processing,28.75,Credit Card
ORD011918,CUST04079,2026-03-08,Completed,17.03,PayPal
ORD011919,CUST02570,2026-07-19,Completed,94.14,Google Pay
ORD011920,CUST02816,2026-01-20,Completed,56.72,Google Pay
ORD011921,CUST04579,2026-02-16,Completed,21.64,PayPal
ORD011922,CUST04463,2026-01-24,Completed,72.38,Google Pay
ORD011923,CUST00889,2026-06-28,Cancelled,111.88,PayPal
ORD011924,CUST03479,2026-05-26,Processing,72.01,Google Pay
ORD011925,CUST03590,2026-01-23,Cancelled,38.53,Apple Pay
ORD011926,CUST01724,2026-05-09,Cancelled,27.43,Debit Card
ORD011927,CUST01259,2026-05-03,Completed,71.57,Google Pay
ORD011928,CUST00411,2026-04-25,Cancelled,61.87,Google Pay
ORD011929,CUST02231,2026-03-07,Completed,326.81,Apple Pay
ORD011930,CUST03195,2026-05-13,Cancelled,30.15,Credit Card
ORD011931,CUST02206,2026-01-18,Shipped,79.14,Apple Pay
ORD011932,CUST02061,2026-07-27,Completed,41.13,Google Pay
ORD011933,CUST03899,2026-07-21,Cancelled,37.54,Apple Pay
ORD011934,CUST02614,2026-04-27,Completed,27.87,Apple Pay
ORD011935,CUST01813,2026-08-09,Completed,123.48,Apple Pay
ORD011936,CUST01803,2026-02-04,Completed,122.19,PayPal
ORD011937,CUST03907,2026-06-02,Processing,110.57,Apple Pay
ORD011938,CUST00678,2026-04-16,Processing,44.11,Apple Pay
ORD011939,CUST02911,2026-06-01,Processing,85.29,Google Pay
ORD011940,CUST04714,2026-05-21,Processing,145.58,PayPal
ORD011941,CUST02252,2026-05-29,Completed,12.16,Credit Card
ORD011942,CUST03005,2026-02-08,Completed,86.09,PayPal
ORD011943,CUST00795,2026-06-11,Processing,113.75,PayPal
ORD011944,CUST00729,2026-05-27,Processing,96.8,PayPal
ORD011945,CUST01694,2026-06-05,Cancelled,33.88,Google Pay
ORD011946,CUST04735,2026-04-01,Shipped,32.91,Debit Card
ORD011947,CUST00191,2026-04-24,Shipped,74.8,Google Pay
ORD011948,CUST04995,2026-08-06,Completed,62.23,Google Pay
ORD011949,CUST01997,2026-05-19,Cancelled,110.41,Credit Card
ORD011950,CUST02108,2026-06-26,Completed,109.66,Credit Card
ORD011951,CUST03867,2026-02-04,Processing,42.07,Credit Card
ORD011952,CUST01490,2026-03-25,Completed,20.3,Debit Card
ORD011953,CUST02110,2026-03-17,Shipped,24.42,PayPal
ORD011954,CUST00638,2026-02-26,Processing,29.36,Debit Card
ORD011955,CUST04046,2026-01-28,Completed,42.93,PayPal
ORD011956,CUST04159,2026-03-07,Completed,73.45,Debit Card
ORD011957,CUST02820,2026-03-06,Shipped,48.64,Google Pay
ORD011958,CUST04112,2026-07-20,Cancelled,26.52,Google Pay
ORD011959,CUST00842,2026-05-30,Completed,91.14,PayPal
ORD011960,CUST03952,2026-02-20,Completed,49.32,PayPal
ORD011961,CUST04059,2026-04-01,Cancelled,38.62,PayPal
ORD011962,CUST03248,2026-05-17,Completed,35.44,Apple Pay
ORD011963,CUST01217,2026-07-18,Completed,73.78,Credit Card
ORD011964,CUST00899,2026-06-13,Shipped,50.37,Apple Pay
ORD011965,CUST02223,2026-07-01,Completed,40.55,Apple Pay
ORD011966,CUST01258,2026-06-15,Processing,27.1,Google Pay
ORD011967,CUST01515,2026-03-07,Completed,40.49,Google Pay
ORD011968,CUST00417,2026-06-20,Cancelled,70.8,PayPal
ORD011969,CUST04547,2026-05-13,Completed,90.41,Google Pay
ORD011970,CUST02884,2026-03-22,Completed,112.25,PayPal
ORD011971,CUST03827,2026-06-14,Shipped,37.95,Apple Pay
ORD011972,CUST04376,2026-07-05,Processing,21.67,Credit Card
ORD011973,CUST04340,2026-03-04,Completed,88.1,Google Pay
ORD011974,CUST00675,2026-04-09,Processing,66.8,Apple Pay
ORD011975,CUST00103,2026-02-20,Completed,23.38,PayPal
ORD011976,CUST02358,2026-03-13,Processing,99.11,Google Pay
ORD011977,CUST03994,2026-02-12,Completed,8.34,Credit Card
ORD011978,CUST04028,2026-03-08,Completed,30.35,Google Pay
ORD011979,CUST03709,2026-07-14,Completed,187.73,PayPal
ORD011980,CUST04213,2026-03-06,Completed,421.12,Apple Pay
ORD011981,CUST01496,2026-03-03,Shipped,113.9,Apple Pay
ORD011982,CUST04859,2026-08-04,Shipped,47.83,Credit Card
ORD011983,CUST03393,2026-07-10,Completed,77.54,Credit Card
ORD011984,CUST03507,2026-06-07,Completed,14.55,Apple Pay
ORD011985,CUST02786,2026-03-31,Completed,44.32,Debit Card
ORD011986,CUST02235,2026-06-15,Processing,19.46,Apple Pay
ORD011987,CUST03660,2026-04-14,Completed,131.32,PayPal
ORD011988,CUST04881,2026-02-20,Shipped,104.27,Google Pay
ORD011989,CUST03733,2026-04-17,Shipped,93.06,Debit Card
ORD011990,CUST04803,2026-02-07,Cancelled,105.66,Apple Pay
ORD011991,CUST04892,2026-03-08,Cancelled,41.13,Google Pay
ORD011992,CUST04569,2026-03-18,Shipped,58.7,Credit Card
ORD011993,CUST03526,2026-04-10,Completed,37.53,Apple Pay
ORD011994,CUST03518,2026-04-15,Cancelled,61.94,Debit Card
ORD011995,CUST04778,2026-02-17,Processing,56.4,PayPal
ORD011996,CUST04190,2026-05-20,Processing,78.12,Google Pay
ORD011997,CUST04832,2026-01-20,Processing,28.03,Google Pay
ORD011998,CUST02530,2026-04-13,Completed,60.8,Apple Pay
ORD011999,CUST01914,2026-03-13,Shipped,60.22,PayPal
ORD012000,CUST02458,2026-04-27,Cancelled,68.64,PayPal
ORD012001,CUST01151,2026-04-21,Cancelled,31.51,Credit Card
ORD012002,CUST03859,2026-05-10,Shipped,39.37,Apple Pay
ORD012003,CUST04138,2026-07-22,Completed,33.79,Google Pay
ORD012004,CUST04137,2026-04-30,Completed,236.17,Credit Card
ORD012005,CUST01511,2026-08-01,Completed,139.31,Google Pay
ORD012006,CUST03971,2026-07-02,Completed,57.59,Credit Card
ORD012007,CUST03916,2026-05-14,Shipped,82.38,Apple Pay
ORD012008,CUST03253,2026-03-24,Processing,176.76,Credit Card
ORD012009,CUST03750,2026-08-10,Shipped,185.3,Credit Card
ORD012010,CUST00744,2026-05-08,Cancelled,79.75,PayPal
ORD012011,CUST02766,2026-04-18,Completed,33.78,PayPal
ORD012012,CUST03939,2026-07-09,Completed,140.51,Google Pay
ORD012013,CUST02512,2026-06-26,Cancelled,71.06,PayPal
ORD012014,CUST01074,2026-03-25,Completed,47.59,Apple Pay
ORD012015,CUST03218,2026-07-01,Completed,96.96,Apple Pay
ORD012016,CUST04394,2026-05-18,Completed,38.44,Credit Card
ORD012017,CUST02193,2026-06-01,Cancelled,20.61,Google Pay
ORD012018,CUST00016,2026-08-13,Processing,147.4,Apple Pay
ORD012019,CUST03554,2026-06-06,Shipped,82.6,Credit Card
ORD012020,CUST00107,2026-04-29,Completed,107.62,Google Pay
ORD012021,CUST04315,2026-04-04,Completed,16.57,Apple Pay
ORD012022,CUST02969,2026-04-19,Completed,80.86,Debit Card
ORD012023,CUST04467,2026-05-14,Cancelled,73.94,Credit Card
ORD012024,CUST03046,2026-07-05,Cancelled,47.4,Apple Pay
ORD012025,CUST02858,2026-03-19,Shipped,47.69,Debit Card
ORD012026,CUST04350,2026-07-04,Processing,42.34,Credit Card
ORD012027,CUST01429,2026-05-11,Completed,181.73,Apple Pay
ORD012028,CUST02009,2026-01-24,Completed,108.52,Credit Card
ORD012029,CUST03102,2026-05-27,Processing,50.22,PayPal
ORD012030,CUST03637,2026-08-14,Processing,38.49,Debit Card
ORD012031,CUST03472,2026-01-09,Cancelled,59.42,Google Pay
ORD012032,CUST03032,2026-06-07,Cancelled,59.99,Google Pay
ORD012033,CUST02922,2026-04-06,Processing,29.07,Credit Card
ORD012034,CUST04446,2026-03-18,Completed,130.89,Credit Card
ORD012035,CUST00879,2026-03-23,Processing,50.4,PayPal
ORD012036,CUST02513,2026-06-21,Cancelled,63.48,Debit Card
ORD012037,CUST00311,2026-06-30,Completed,106.33,Credit Card
ORD012038,CUST01115,2026-03-27,Completed,181.89,Google Pay
ORD012039,CUST01322,2026-07-15,Cancelled,65.23,Debit Card
ORD012040,CUST03397,2026-03-01,Completed,22.25,Debit Card
ORD012041,CUST04376,2026-05-31,Completed,91.44,PayPal
ORD012042,CUST00967,2026-03-02,Cancelled,67.55,Credit Card
ORD012043,CUST03190,2026-05-15,Cancelled,41.55,Debit Card
ORD012044,CUST00695,2026-06-21,Completed,78.95,PayPal
ORD012045,CUST02615,2026-07-02,Processing,38.38,Google Pay
ORD012046,CUST00271,2026-03-16,Processing,20.55,PayPal
ORD012047,CUST01412,2026-02-08,Completed,66.19,PayPal
ORD012048,CUST03028,2026-05-02,Completed,31.18,PayPal
ORD012049,CUST03125,2026-07-06,Completed,49.72,Credit Card
ORD012050,CUST01754,2026-04-16,Completed,90.64,PayPal
ORD012051,CUST04937,2026-04-08,Shipped,13.82,Google Pay
ORD012052,CUST01822,2026-05-13,Completed,46.5,Debit Card
ORD012053,CUST04336,2026-06-19,Shipped,30.96,Apple Pay
ORD012054,CUST03286,2026-08-05,Completed,21.15,Credit Card
ORD012055,CUST00361,2026-04-02,Cancelled,61.83,Apple Pay
ORD012056,CUST03436,2026-01-14,Completed,42.3,PayPal
ORD012057,CUST00734,2026-06-04,Processing,92.71,Credit Card
ORD012058,CUST00852,2026-01-16,Completed,80.24,Google Pay
ORD012059,CUST00860,2026-08-07,Completed,88.89,Apple Pay
ORD012060,CUST04797,2026-05-10,Completed,15.64,Debit Card
ORD012061,CUST01351,2026-05-27,Completed,66.15,Google Pay
ORD012062,CUST04085,2026-05-31,Completed,68.06,Google Pay
ORD012063,CUST02884,2026-06-18,Completed,25.18,Apple Pay
ORD012064,CUST03548,2026-01-14,Processing,54.94,Debit Card
ORD012065,CUST04919,2026-06-24,Completed,71.04,Credit Card
ORD012066,CUST04193,2026-03-04,Shipped,61.52,Google Pay
ORD012067,CUST00327,2026-08-06,Shipped,92.49,Credit Card
ORD012068,CUST02121,2026-01-08,Shipped,82.77,Google Pay
ORD012069,CUST00994,2026-01-27,Completed,93.9,PayPal
ORD012070,CUST01767,2026-04-21,Completed,23.57,Google Pay
ORD012071,CUST04429,2026-02-09,Completed,36.21,Credit Card
ORD012072,CUST01181,2026-06-05,Completed,45.16,Debit Card
ORD012073,CUST01965,2026-03-09,Completed,53.38,Apple Pay
ORD012074,CUST02782,2026-05-03,Shipped,19.21,Debit Card
ORD012075,CUST02906,2026-03-02,Processing,52.74,Google Pay
ORD012076,CUST00099,2026-06-15,Cancelled,100.37,Credit Card
ORD012077,CUST02780,2026-07-22,Shipped,23.03,PayPal
ORD012078,CUST00244,2026-05-08,Completed,20.65,Debit Card
ORD012079,CUST04038,2026-04-18,Cancelled,141.16,PayPal
ORD012080,CUST01501,2026-06-01,Processing,78.55,Apple Pay
ORD012081,CUST02710,2026-06-05,Completed,232.33,PayPal
ORD012082,CUST03054,2026-06-18,Completed,65.98,Apple Pay
ORD012083,CUST04463,2026-05-26,Completed,55.32,PayPal
ORD012084,CUST03227,2026-02-18,Cancelled,35.5,Google Pay
ORD012085,CUST01048,2026-08-01,Completed,309.82,PayPal
ORD012086,CUST04379,2026-06-03,Completed,138.53,Debit Card
ORD012087,CUST01316,2026-01-03,Processing,83.75,Debit Card
ORD012088,CUST01387,2026-03-18,Cancelled,73.44,Debit Card
ORD012089,CUST03921,2026-06-15,Completed,26.74,Apple Pay
ORD012090,CUST01738,2026-08-08,Processing,60.36,Apple Pay
ORD012091,CUST00422,2026-05-22,Cancelled,27.68,Google Pay
ORD012092,CUST03802,2026-05-09,Cancelled,48.5,Apple Pay
ORD012093,CUST01412,2026-04-02,Completed,64.79,Google Pay
ORD012094,CUST03250,2026-05-03,Completed,68.35,PayPal
ORD012095,CUST04571,2026-04-28,Completed,29.41,Credit Card
ORD012096,CUST02453,2026-01-11,Completed,86.33,Debit Card
ORD012097,CUST02084,2026-06-17,Completed,56.27,Debit Card
ORD012098,CUST04454,2026-01-04,Shipped,102.19,Google Pay
ORD012099,CUST04654,2026-06-11,Processing,90.74,Apple Pay
ORD012100,CUST03679,2026-07-12,Completed,141.9,PayPal
ORD012101,CUST01351,2026-07-03,Processing,34.6,Google Pay
ORD012102,CUST02368,2026-01-10,Shipped,240.12,Debit Card
ORD012103,CUST04834,2026-03-22,Completed,27.51,Google Pay
ORD012104,CUST03341,2026-03-12,Completed,47.27,Credit Card
ORD012105,CUST02573,2026-04-13,Shipped,68.46,Credit Card
ORD012106,CUST04121,2026-07-11,Cancelled,89.12,Credit Card
ORD012107,CUST03845,2026-05-21,Completed,48.76,PayPal
ORD012108,CUST00640,2026-01-22,Shipped,57.38,Credit Card
ORD012109,CUST01575,2026-02-25,Completed,242.53,PayPal
ORD012110,CUST03229,2026-05-02,Cancelled,38.17,Google Pay
ORD012111,CUST04270,2026-07-12,Completed,29.58,PayPal
ORD012112,CUST00186,2026-04-02,Cancelled,24.45,Debit Card
ORD012113,CUST01319,2026-04-07,Processing,39.29,Apple Pay
ORD012114,CUST00528,2026-05-21,Completed,5.84,Credit Card
ORD012115,CUST03260,2026-01-01,Completed,60.27,Apple Pay
ORD012116,CUST03484,2026-02-07,Completed,198.28,Google Pay
ORD012117,CUST03020,2026-07-05,Shipped,57.84,PayPal
ORD012118,CUST04780,2026-06-02,Completed,141.09,PayPal
ORD012119,CUST02234,2026-02-11,Processing,46.03,Apple Pay
ORD012120,CUST01568,2026-03-26,Shipped,205.83,Google Pay
ORD012121,CUST00575,2026-06-10,Completed,80.24,Apple Pay
ORD012122,CUST02035,2026-07-04,Cancelled,58.96,Debit Card
ORD012123,CUST01325,2026-02-06,Cancelled,30.35,Credit Card
ORD012124,CUST04405,2026-07-04,Completed,68.59,Credit Card
ORD012125,CUST01213,2026-04-08,Processing,209.41,PayPal
ORD012126,CUST01435,2026-03-03,Completed,15.73,Google Pay
ORD012127,CUST00538,2026-05-11,Completed,55.96,Google Pay
ORD012128,CUST04954,2026-01-30,Cancelled,46.63,PayPal
ORD012129,CUST01575,2026-07-14,Cancelled,22.92,Google Pay
ORD012130,CUST00193,2026-07-10,Cancelled,35.87,Google Pay
ORD012131,CUST01187,2026-03-23,Cancelled,106.87,Credit Card
ORD012132,CUST04149,2026-01-23,Completed,41.37,Debit Card
ORD012133,CUST00475,2026-07-19,Shipped,131.78,Debit Card
ORD012134,CUST04270,2026-07-20,Completed,48.24,PayPal
ORD012135,CUST01814,2026-03-07,Completed,57.15,Debit Card
ORD012136,CUST04796,2026-07-08,Shipped,112.18,Debit Card
ORD012137,CUST02438,2026-01-02,Processing,55.21,Credit Card
ORD012138,CUST03380,2026-06-04,Shipped,73.54,Debit Card
ORD012139,CUST04553,2026-06-25,Cancelled,42.78,Debit Card
ORD012140,CUST01355,2026-03-04,Completed,48.9,Debit Card
ORD012141,CUST03401,2026-01-05,Completed,105.1,Apple Pay
ORD012142,CUST03755,2026-05-09,Completed,35.97,Debit Card
ORD012143,CUST03530,2026-05-30,Shipped,28.26,Apple Pay
ORD012144,CUST00159,2026-03-15,Completed,49.04,Credit Card
ORD012145,CUST01838,2026-04-19,Completed,59.32,Debit Card
ORD012146,CUST04612,2026-01-24,Cancelled,30.37,Google Pay
ORD012147,CUST01026,2026-02-28,Completed,164.18,Apple Pay
ORD012148,CUST00659,2026-07-26,Completed,68.97,Debit Card
ORD012149,CUST00678,2026-08-13,Completed,34.21,Google Pay
ORD012150,CUST04411,2026-06-27,Completed,87.03,PayPal
ORD012151,CUST04047,2026-01-23,Shipped,117.42,Apple Pay
ORD012152,CUST03822,2026-07-25,Completed,28.03,Credit Card
ORD012153,CUST02376,2026-05-26,Cancelled,85.05,PayPal
ORD012154,CUST00276,2026-03-30,Shipped,42.03,Google Pay
ORD012155,CUST04548,2026-01-22,Shipped,84.34,Apple Pay
ORD012156,CUST01589,2026-02-13,Processing,257.27,Apple Pay
ORD012157,CUST04582,2026-02-13,Completed,35.55,Debit Card
ORD012158,CUST04663,2026-02-06,Completed,73.02,PayPal
ORD012159,CUST00246,2026-01-07,Cancelled,14.79,Debit Card
ORD012160,CUST00889,2026-08-06,Cancelled,241.39,Credit Card
ORD012161,CUST02212,2026-01-24,Processing,13.76,PayPal
ORD012162,CUST04026,2026-07-24,Completed,67.9,Apple Pay
ORD012163,CUST00001,2026-06-18,Cancelled,123.32,Google Pay
ORD012164,CUST02911,2026-03-11,Completed,56.86,Credit Card
ORD012165,CUST02185,2026-08-01,Completed,46.42,Debit Card
ORD012166,CUST04247,2026-03-12,Completed,55.18,Debit Card
ORD012167,CUST03252,2026-05-26,Completed,48.61,Credit Card
ORD012168,CUST03052,2026-07-26,Shipped,19.05,PayPal
ORD012169,CUST01511,2026-03-13,Completed,10.79,Credit Card
ORD012170,CUST03772,2026-03-01,Completed,133.1,PayPal
ORD012171,CUST01129,2026-06-29,Completed,34.23,Credit Card
ORD012172,CUST00698,2026-07-27,Completed,59.29,Credit Card
ORD012173,CUST01089,2026-06-26,Completed,25.0,Apple Pay
ORD012174,CUST02420,2026-07-14,Shipped,48.5,PayPal
ORD012175,CUST02629,2026-02-14,Processing,105.99,Credit Card
ORD012176,CUST03790,2026-05-17,Cancelled,41.83,Debit Card
ORD012177,CUST00686,2026-04-26,Processing,147.78,Debit Card
ORD012178,CUST02757,2026-06-03,Processing,66.43,PayPal
ORD012179,CUST01843,2026-06-03,Shipped,61.59,Credit Card
ORD012180,CUST01733,2026-01-30,Completed,75.17,PayPal
ORD012181,CUST04836,2026-01-27,Completed,72.41,Credit Card
ORD012182,CUST04367,2026-07-27,Completed,90.89,Apple Pay
ORD012183,CUST01973,2026-05-12,Processing,53.06,Google Pay
ORD012184,CUST00711,2026-06-28,Completed,32.34,Debit Card
ORD012185,CUST00325,2026-03-24,Completed,147.85,PayPal
ORD012186,CUST04894,2026-04-08,Processing,120.78,Debit Card
ORD012187,CUST02968,2026-03-11,Shipped,77.75,Credit Card
ORD012188,CUST03800,2026-03-20,Completed,117.43,Debit Card
ORD012189,CUST02595,2026-05-18,Completed,25.82,Credit Card
ORD012190,CUST01093,2026-04-28,Completed,29.74,PayPal
ORD012191,CUST02956,2026-04-16,Completed,88.75,Google Pay
ORD012192,CUST00212,2026-02-05,Completed,24.15,Apple Pay
ORD012193,CUST01582,2026-02-15,Cancelled,212.72,Apple Pay
ORD012194,CUST03832,2026-04-14,Completed,37.38,Debit Card
ORD012195,CUST01444,2026-05-14,Completed,21.44,PayPal
ORD012196,CUST04144,2026-04-18,Processing,35.96,PayPal
ORD012197,CUST04327,2026-04-14,Completed,32.06,Apple Pay
ORD012198,CUST00579,2026-03-11,Cancelled,65.31,Credit Card
ORD012199,CUST02998,2026-07-26,Shipped,74.22,Apple Pay
ORD012200,CUST01755,2026-08-09,Cancelled,31.85,Debit Card
ORD012201,CUST02980,2026-03-30,Shipped,60.84,Apple Pay
ORD012202,CUST03606,2026-07-30,Cancelled,34.4,Credit Card
ORD012203,CUST00422,2026-07-25,Processing,123.44,Debit Card
ORD012204,CUST00611,2026-01-03,Completed,28.63,Credit Card
ORD012205,CUST00446,2026-06-27,Processing,171.53,Google Pay
ORD012206,CUST00961,2026-02-11,Completed,57.56,Debit Card
ORD012207,CUST00131,2026-04-20,Completed,97.6,Credit Card
ORD012208,CUST02648,2026-07-25,Shipped,26.26,Apple Pay
ORD012209,CUST04080,2026-07-01,Completed,51.21,Google Pay
ORD012210,CUST02435,2026-06-16,Completed,237.56,Credit Card
ORD012211,CUST03730,2026-08-01,Completed,41.55,Apple Pay
ORD012212,CUST04432,2026-04-28,Processing,78.42,Google Pay
ORD012213,CUST01025,2026-02-24,Completed,45.47,PayPal
ORD012214,CUST01653,2026-05-19,Completed,43.59,PayPal
ORD012215,CUST00538,2026-04-24,Completed,140.54,Google Pay
ORD012216,CUST04592,2026-07-21,Completed,160.72,Credit Card
ORD012217,CUST03084,2026-07-26,Processing,16.28,Credit Card
ORD012218,CUST00508,2026-01-30,Completed,41.17,Debit Card
ORD012219,CUST03925,2026-04-18,Completed,29.32,Credit Card
ORD012220,CUST00681,2026-03-22,Shipped,75.85,Credit Card
ORD012221,CUST02613,2026-07-03,Completed,82.37,PayPal
ORD012222,CUST04877,2026-06-06,Completed,35.44,PayPal
ORD012223,CUST00760,2026-01-17,Completed,40.95,Credit Card
ORD012224,CUST04224,2026-02-02,Completed,68.22,Apple Pay
ORD012225,CUST03148,2026-04-12,Completed,50.02,PayPal
ORD012226,CUST02194,2026-01-21,Cancelled,116.34,Credit Card
ORD012227,CUST02547,2026-04-21,Processing,36.14,PayPal
ORD012228,CUST04656,2026-07-25,Completed,88.05,Credit Card
ORD012229,CUST01223,2026-01-10,Completed,51.99,Google Pay
ORD012230,CUST03575,2026-08-03,Completed,129.01,PayPal
ORD012231,CUST03024,2026-04-13,Cancelled,76.83,Credit Card
ORD012232,CUST03281,2026-02-08,Shipped,22.85,PayPal
ORD012233,CUST01072,2026-03-19,Processing,29.71,Apple Pay
ORD012234,CUST00541,2026-06-24,Cancelled,29.82,Google Pay
ORD012235,CUST00511,2026-03-27,Processing,50.99,Credit Card
ORD012236,CUST04451,2026-02-21,Cancelled,48.09,Google Pay
ORD012237,CUST00345,2026-02-10,Processing,65.32,Credit Card
ORD012238,CUST04243,2026-08-08,Completed,164.25,Google Pay
ORD012239,CUST03370,2026-06-24,Completed,91.44,Google Pay
ORD012240,CUST03823,2026-07-20,Completed,52.43,Debit Card
ORD012241,CUST02380,2026-03-28,Completed,38.68,Credit Card
ORD012242,CUST02481,2026-07-18,Completed,121.16,PayPal
ORD012243,CUST00399,2026-03-29,Shipped,96.68,PayPal
ORD012244,CUST03407,2026-06-20,Cancelled,223.46,PayPal
ORD012245,CUST03281,2026-02-06,Processing,105.86,Google Pay
ORD012246,CUST04683,2026-05-03,Completed,54.52,Apple Pay
ORD012247,CUST03767,2026-07-20,Processing,116.79,PayPal
ORD012248,CUST01295,2026-03-05,Processing,211.87,Google Pay
ORD012249,CUST03252,2026-07-18,Shipped,41.72,PayPal
ORD012250,CUST03510,2026-07-07,Cancelled,35.45,Debit Card
ORD012251,CUST02036,2026-08-03,Processing,28.81,Google Pay
ORD012252,CUST04834,2026-06-02,Processing,54.98,Credit Card
ORD012253,CUST03850,2026-04-29,Shipped,42.05,Google Pay
ORD012254,CUST01778,2026-05-30,Shipped,56.83,Debit Card
ORD012255,CUST00380,2026-06-20,Completed,51.6,Credit Card
ORD012256,CUST03764,2026-05-04,Cancelled,87.64,PayPal
ORD012257,CUST01662,2026-07-18,Processing,114.77,Google Pay
ORD012258,CUST03059,2026-07-17,Cancelled,76.11,Debit Card
ORD012259,CUST01307,2026-02-05,Completed,69.84,Credit Card
ORD012260,CUST02466,2026-02-15,Completed,68.35,Apple Pay
ORD012261,CUST04452,2026-01-22,Completed,33.01,Google Pay
ORD012262,CUST00016,2026-02-04,Cancelled,93.12,Google Pay
ORD012263,CUST04411,2026-04-23,Shipped,69.7,PayPal
ORD012264,CUST02581,2026-06-24,Processing,12.18,Apple Pay
ORD012265,CUST02593,2026-02-02,Completed,76.79,PayPal
ORD012266,CUST04790,2026-08-01,Processing,55.35,Apple Pay
ORD012267,CUST00069,2026-07-22,Completed,88.6,Credit Card
ORD012268,CUST00411,2026-05-21,Cancelled,89.5,Credit Card
ORD012269,CUST03124,2026-02-25,Completed,149.4,Google Pay
ORD012270,CUST02860,2026-03-08,Cancelled,36.81,Google Pay
ORD012271,CUST00919,2026-01-13,Completed,20.57,Credit Card
ORD012272,CUST04836,2026-02-19,Cancelled,161.35,Apple Pay
ORD012273,CUST01491,2026-07-04,Cancelled,122.23,PayPal
ORD012274,CUST03806,2026-08-14,Cancelled,37.77,Credit Card
ORD012275,CUST03344,2026-01-28,Shipped,43.69,Credit Card
ORD012276,CUST02487,2026-04-14,Processing,64.55,Debit Card
ORD012277,CUST02578,2026-04-08,Shipped,62.13,Google Pay
ORD012278,CUST00273,2026-04-06,Cancelled,32.44,Apple Pay
ORD012279,CUST04555,2026-03-28,Completed,102.14,PayPal
ORD012280,CUST00820,2026-03-29,Processing,69.23,Debit Card
ORD012281,CUST02616,2026-07-12,Processing,22.67,Debit Card
ORD012282,CUST04957,2026-06-01,Processing,63.21,Credit Card
ORD012283,CUST02545,2026-07-14,Completed,93.49,Google Pay
ORD012284,CUST03985,2026-05-05,Processing,41.01,Credit Card
ORD012285,CUST04891,2026-03-22,Completed,51.23,Debit Card
ORD012286,CUST04901,2026-01-07,Processing,66.73,Debit Card
ORD012287,CUST02982,2026-03-15,Cancelled,15.86,PayPal
ORD012288,CUST01891,2026-03-24,Completed,52.59,Credit Card
ORD012289,CUST03040,2026-01-24,Completed,76.07,Credit Card
ORD012290,CUST04936,2026-05-17,Processing,65.06,Apple Pay
ORD012291,CUST02683,2026-04-24,Shipped,155.42,PayPal
ORD012292,CUST00603,2026-01-15,Completed,99.81,Google Pay
ORD012293,CUST03938,2026-04-23,Shipped,45.23,Credit Card
ORD012294,CUST01433,2026-07-03,Shipped,56.67,Credit Card
ORD012295,CUST04463,2026-05-02,Completed,77.13,Google Pay
ORD012296,CUST00256,2026-03-27,Completed,9.37,PayPal
ORD012297,CUST02488,2026-05-25,Shipped,19.89,Credit Card
ORD012298,CUST01359,2026-01-19,Completed,58.53,Google Pay
ORD012299,CUST03702,2026-01-09,Completed,213.21,Apple Pay
ORD012300,CUST02483,2026-03-05,Completed,52.21,Credit Card
ORD012301,CUST00690,2026-07-04,Shipped,123.0,Google Pay
ORD012302,CUST03533,2026-02-07,Completed,22.16,Debit Card
ORD012303,CUST00308,2026-07-30,Processing,43.26,Credit Card
ORD012304,CUST01697,2026-05-16,Shipped,35.88,Apple Pay
ORD012305,CUST03167,2026-05-14,Shipped,73.86,Google Pay
ORD012306,CUST00409,2026-06-26,Cancelled,111.38,Google Pay
ORD012307,CUST03952,2026-04-12,Cancelled,51.82,Credit Card
ORD012308,CUST00826,2026-06-22,Completed,46.16,Debit Card
ORD012309,CUST01192,2026-05-29,Completed,157.08,Google Pay
ORD012310,CUST02135,2026-04-03,Processing,278.63,Google Pay
ORD012311,CUST03095,2026-02-03,Completed,44.62,Debit Card
ORD012312,CUST04194,2026-05-20,Shipped,56.65,Apple Pay
ORD012313,CUST01775,2026-02-08,Shipped,72.64,Credit Card
ORD012314,CUST04417,2026-04-06,Processing,79.66,Credit Card
ORD012315,CUST00534,2026-01-06,Shipped,71.07,Credit Card
ORD012316,CUST02868,2026-03-22,Completed,14.68,PayPal
ORD012317,CUST01208,2026-02-01,Completed,81.24,Credit Card
ORD012318,CUST00417,2026-07-07,Processing,234.94,Debit Card
ORD012319,CUST02777,2026-05-16,Processing,19.37,Credit Card
ORD012320,CUST01238,2026-06-15,Cancelled,19.68,Apple Pay
ORD012321,CUST04944,2026-08-09,Completed,24.55,PayPal
ORD012322,CUST04766,2026-08-11,Completed,93.73,Debit Card
ORD012323,CUST01944,2026-05-27,Processing,17.2,Debit Card
ORD012324,CUST02181,2026-07-02,Shipped,134.45,Apple Pay
ORD012325,CUST02101,2026-01-09,Cancelled,28.71,Credit Card
ORD012326,CUST04837,2026-06-29,Completed,107.15,PayPal
ORD012327,CUST04119,2026-06-05,Completed,40.15,PayPal
ORD012328,CUST03675,2026-03-03,Processing,36.16,PayPal
ORD012329,CUST00460,2026-06-25,Completed,85.32,Debit Card
ORD012330,CUST00650,2026-04-24,Processing,90.55,Apple Pay
ORD012331,CUST04578,2026-06-16,Shipped,35.27,Debit Card
ORD012332,CUST00120,2026-06-30,Completed,72.46,Credit Card
ORD012333,CUST04769,2026-08-11,Shipped,95.9,Google Pay
ORD012334,CUST02256,2026-07-10,Completed,16.23,PayPal
ORD012335,CUST00318,2026-01-19,Completed,57.49,PayPal
ORD012336,CUST00868,2026-02-02,Cancelled,56.76,PayPal
ORD012337,CUST03227,2026-03-05,Completed,16.65,Debit Card
ORD012338,CUST00394,2026-01-26,Completed,60.01,PayPal
ORD012339,CUST02553,2026-06-22,Processing,57.99,PayPal
ORD012340,CUST04409,2026-01-01,Cancelled,107.58,Google Pay
ORD012341,CUST03229,2026-07-22,Processing,83.67,Apple Pay
ORD012342,CUST02062,2026-07-13,Completed,161.5,Credit Card
ORD012343,CUST00077,2026-06-12,Completed,78.31,Debit Card
ORD012344,CUST03411,2026-03-18,Processing,30.47,Credit Card
ORD012345,CUST00409,2026-04-13,Processing,43.98,Apple Pay
ORD012346,CUST04093,2026-08-14,Cancelled,121.64,Credit Card
ORD012347,CUST02268,2026-08-14,Completed,107.11,Debit Card
ORD012348,CUST00744,2026-04-06,Cancelled,101.05,Google Pay
ORD012349,CUST04529,2026-06-22,Completed,108.48,Credit Card
ORD012350,CUST02854,2026-03-17,Completed,75.17,Apple Pay
ORD012351,CUST03835,2026-02-02,Processing,67.12,Debit Card
ORD012352,CUST03998,2026-03-23,Shipped,54.05,Apple Pay
ORD012353,CUST01832,2026-03-10,Completed,124.62,Credit Card
ORD012354,CUST00988,2026-03-24,Cancelled,75.63,Debit Card
ORD012355,CUST02702,2026-06-08,Processing,14.75,Credit Card
ORD012356,CUST03713,2026-08-07,Completed,78.85,PayPal
ORD012357,CUST03908,2026-07-11,Cancelled,114.09,Debit Card
ORD012358,CUST02865,2026-04-16,Processing,32.91,Credit Card
ORD012359,CUST00755,2026-04-12,Completed,41.24,Debit Card
ORD012360,CUST00676,2026-04-24,Completed,60.91,Google Pay
ORD012361,CUST04928,2026-05-23,Shipped,160.99,PayPal
ORD012362,CUST04124,2026-02-15,Cancelled,48.25,Apple Pay
ORD012363,CUST04512,2026-04-30,Completed,48.68,Credit Card
ORD012364,CUST01711,2026-02-17,Completed,84.86,Apple Pay
ORD012365,CUST03476,2026-03-09,Completed,69.69,Credit Card
ORD012366,CUST00542,2026-03-24,Cancelled,37.84,Debit Card
ORD012367,CUST00165,2026-03-26,Completed,62.42,Apple Pay
ORD012368,CUST02256,2026-05-06,Processing,62.71,PayPal
ORD012369,CUST00985,2026-06-17,Completed,146.26,Credit Card
ORD012370,CUST02662,2026-05-01,Cancelled,31.11,Apple Pay
ORD012371,CUST04469,2026-05-09,Completed,63.92,Credit Card
ORD012372,CUST00618,2026-01-20,Processing,89.07,Google Pay
ORD012373,CUST03914,2026-05-30,Cancelled,127.93,Google Pay
ORD012374,CUST00069,2026-07-01,Completed,39.69,Apple Pay
ORD012375,CUST03425,2026-07-24,Completed,222.11,Google Pay
ORD012376,CUST04197,2026-03-06,Shipped,18.66,PayPal
ORD012377,CUST00001,2026-05-23,Processing,21.4,Apple Pay
ORD012378,CUST02399,2026-03-02,Completed,70.19,Debit Card
ORD012379,CUST02055,2026-03-20,Completed,19.18,Apple Pay
ORD012380,CUST04414,2026-01-14,Completed,38.82,Debit Card
ORD012381,CUST00186,2026-03-10,Completed,85.52,Google Pay
ORD012382,CUST04824,2026-05-02,Completed,164.37,Apple Pay
ORD012383,CUST02510,2026-02-18,Shipped,73.4,PayPal
ORD012384,CUST04439,2026-05-14,Cancelled,78.66,Google Pay
ORD012385,CUST04809,2026-06-18,Completed,96.65,Google Pay
ORD012386,CUST03080,2026-06-08,Cancelled,19.8,Google Pay
ORD012387,CUST00136,2026-04-26,Completed,92.71,Debit Card
ORD012388,CUST00383,2026-03-31,Completed,60.49,Debit Card
ORD012389,CUST04282,2026-07-11,Processing,34.52,PayPal
ORD012390,CUST02687,2026-03-30,Completed,30.79,Debit Card
ORD012391,CUST00928,2026-06-28,Processing,56.98,Credit Card
ORD012392,CUST03444,2026-07-06,Shipped,106.86,Credit Card
ORD012393,CUST00561,2026-07-02,Processing,129.12,Apple Pay
ORD012394,CUST01190,2026-04-27,Processing,55.24,Google Pay
ORD012395,CUST00898,2026-05-02,Completed,125.52,Credit Card
ORD012396,CUST02369,2026-06-26,Shipped,28.26,Debit Card
ORD012397,CUST01739,2026-06-17,Completed,44.19,PayPal
ORD012398,CUST04954,2026-01-15,Shipped,199.88,Debit Card
ORD012399,CUST03046,2026-07-17,Completed,139.39,Google Pay
ORD012400,CUST04381,2026-07-12,Processing,34.34,Google Pay
ORD012401,CUST03873,2026-01-07,Cancelled,101.47,Credit Card
ORD012402,CUST02399,2026-07-09,Shipped,40.56,Credit Card
ORD012403,CUST04762,2026-02-23,Completed,49.04,Debit Card
ORD012404,CUST01394,2026-06-29,Cancelled,58.21,Apple Pay
ORD012405,CUST02589,2026-06-28,Completed,23.73,Debit Card
ORD012406,CUST03467,2026-01-04,Processing,74.56,Credit Card
ORD012407,CUST02025,2026-01-01,Shipped,157.88,Apple Pay
ORD012408,CUST03686,2026-04-15,Shipped,54.36,Apple Pay
ORD012409,CUST00930,2026-03-07,Cancelled,41.07,Credit Card
ORD012410,CUST04310,2026-08-14,Processing,40.1,Debit Card
ORD012411,CUST04400,2026-06-12,Shipped,13.14,PayPal
ORD012412,CUST03227,2026-07-24,Processing,11.06,Credit Card
ORD012413,CUST01404,2026-03-22,Completed,222.27,Debit Card
ORD012414,CUST00200,2026-05-18,Processing,44.23,PayPal
ORD012415,CUST03752,2026-07-14,Completed,31.71,Google Pay
ORD012416,CUST02286,2026-03-09,Processing,32.45,Google Pay
ORD012417,CUST00671,2026-08-05,Cancelled,57.83,Google Pay
ORD012418,CUST01729,2026-04-12,Shipped,50.81,PayPal
ORD012419,CUST03239,2026-08-09,Cancelled,79.19,Apple Pay
ORD012420,CUST01250,2026-07-12,Processing,24.47,Google Pay
ORD012421,CUST00879,2026-02-20,Processing,82.05,Google Pay
ORD012422,CUST04347,2026-01-30,Processing,90.42,Apple Pay
ORD012423,CUST03352,2026-02-08,Completed,49.28,PayPal
ORD012424,CUST02524,2026-05-18,Cancelled,106.98,PayPal
ORD012425,CUST00498,2026-08-09,Completed,151.34,Apple Pay
ORD012426,CUST01988,2026-06-21,Shipped,49.54,Credit Card
ORD012427,CUST00978,2026-06-09,Cancelled,57.94,Apple Pay
ORD012428,CUST03045,2026-06-21,Shipped,76.09,Debit Card
ORD012429,CUST02749,2026-03-04,Processing,94.59,Debit Card
ORD012430,CUST04880,2026-03-02,Completed,103.15,Credit Card
ORD012431,CUST02477,2026-03-06,Cancelled,97.0,Credit Card
ORD012432,CUST00539,2026-06-18,Completed,100.8,Debit Card
ORD012433,CUST04041,2026-03-22,Processing,68.3,Apple Pay
ORD012434,CUST00901,2026-01-12,Completed,105.01,PayPal
ORD012435,CUST01467,2026-05-04,Completed,102.35,Debit Card
ORD012436,CUST03016,2026-01-02,Shipped,55.0,Apple Pay
ORD012437,CUST04306,2026-03-14,Completed,151.33,Debit Card
ORD012438,CUST01734,2026-03-17,Shipped,22.06,PayPal
ORD012439,CUST00491,2026-07-07,Completed,66.8,Debit Card
ORD012440,CUST01710,2026-01-25,Processing,80.32,Debit Card
ORD012441,CUST01754,2026-04-28,Completed,59.49,PayPal
ORD012442,CUST01919,2026-07-08,Completed,214.36,Google Pay
ORD012443,CUST02035,2026-04-18,Processing,56.45,Debit Card
ORD012444,CUST02712,2026-04-09,Cancelled,160.0,Debit Card
ORD012445,CUST01487,2026-01-22,Processing,41.85,Debit Card
ORD012446,CUST01501,2026-08-13,Completed,52.91,Credit Card
ORD012447,CUST00198,2026-02-25,Shipped,72.21,Credit Card
ORD012448,CUST01968,2026-05-29,Processing,54.97,PayPal
ORD012449,CUST04617,2026-02-24,Shipped,26.47,Apple Pay
ORD012450,CUST01535,2026-02-09,Completed,78.09,Credit Card
ORD012451,CUST01714,2026-06-28,Completed,63.88,PayPal
ORD012452,CUST01349,2026-05-30,Completed,40.17,Credit Card
ORD012453,CUST04784,2026-06-05,Processing,12.95,Apple Pay
ORD012454,CUST04563,2026-05-01,Completed,20.59,Credit Card
ORD012455,CUST03845,2026-01-04,Processing,21.27,Google Pay
ORD012456,CUST00596,2026-01-26,Completed,57.76,Apple Pay
ORD012457,CUST00139,2026-08-03,Shipped,131.19,Apple Pay
ORD012458,CUST01015,2026-04-22,Completed,35.85,Credit Card
ORD012459,CUST00242,2026-04-23,Cancelled,91.88,Credit Card
ORD012460,CUST02364,2026-07-07,Completed,29.34,Debit Card
ORD012461,CUST00733,2026-01-23,Completed,50.96,Debit Card
ORD012462,CUST00135,2026-06-18,Completed,49.3,Apple Pay
ORD012463,CUST03260,2026-02-27,Completed,62.75,Debit Card
ORD012464,CUST03762,2026-01-08,Shipped,52.3,Debit Card
ORD012465,CUST02627,2026-04-26,Cancelled,62.51,Debit Card
ORD012466,CUST03141,2026-08-12,Completed,106.35,Google Pay
ORD012467,CUST02487,2026-02-20,Completed,86.63,Debit Card
ORD012468,CUST02125,2026-07-08,Cancelled,70.33,Debit Card
ORD012469,CUST01511,2026-01-01,Cancelled,68.67,Google Pay
ORD012470,CUST01819,2026-04-30,Completed,34.85,Credit Card
ORD012471,CUST04854,2026-01-30,Processing,43.55,Apple Pay
ORD012472,CUST02797,2026-08-08,Shipped,63.61,PayPal
ORD012473,CUST04513,2026-01-17,Shipped,68.51,Credit Card
ORD012474,CUST04303,2026-05-31,Completed,26.21,Google Pay
ORD012475,CUST01644,2026-04-12,Processing,13.33,Google Pay
ORD012476,CUST02769,2026-05-02,Completed,59.0,Apple Pay
ORD012477,CUST04407,2026-06-01,Cancelled,30.32,Debit Card
ORD012478,CUST03365,2026-03-27,Completed,159.73,PayPal
ORD012479,CUST01400,2026-03-10,Shipped,96.67,PayPal
ORD012480,CUST01551,2026-03-30,Completed,90.9,PayPal
ORD012481,CUST03412,2026-06-29,Processing,23.67,Credit Card
ORD012482,CUST00083,2026-03-12,Shipped,111.31,Google Pay
ORD012483,CUST01480,2026-02-27,Shipped,38.89,PayPal
ORD012484,CUST02921,2026-05-30,Processing,103.09,PayPal
ORD012485,CUST02284,2026-02-28,Shipped,110.48,Debit Card
ORD012486,CUST02441,2026-06-21,Completed,20.19,Credit Card
ORD012487,CUST01783,2026-02-06,Processing,30.06,Google Pay
ORD012488,CUST00605,2026-06-11,Shipped,167.92,Apple Pay
ORD012489,CUST04334,2026-04-10,Shipped,21.35,Debit Card
ORD012490,CUST00731,2026-04-23,Processing,87.95,Debit Card
ORD012491,CUST01361,2026-07-04,Completed,28.68,Debit Card
ORD012492,CUST02079,2026-07-04,Completed,136.56,PayPal
ORD012493,CUST00978,2026-06-17,Processing,51.65,Apple Pay
ORD012494,CUST01638,2026-01-20,Completed,57.39,Credit Card
ORD012495,CUST01982,2026-01-17,Cancelled,134.43,Google Pay
ORD012496,CUST02951,2026-06-29,Shipped,195.77,Credit Card
ORD012497,CUST03301,2026-01-04,Completed,55.74,Debit Card
ORD012498,CUST04005,2026-07-10,Cancelled,87.24,Apple Pay
ORD012499,CUST00583,2026-02-19,Shipped,59.14,Credit Card
ORD012500,CUST00460,2026-03-23,Shipped,209.56,Credit Card
ORD012501,CUST00136,2026-08-08,Cancelled,169.26,Debit Card
ORD012502,CUST01977,2026-02-19,Completed,65.25,Debit Card
ORD012503,CUST00978,2026-01-16,Processing,94.53,Credit Card
ORD012504,CUST00284,2026-03-13,Completed,128.52,Credit Card
ORD012505,CUST02898,2026-03-02,Completed,38.01,PayPal
ORD012506,CUST02399,2026-02-13,Processing,53.9,Apple Pay
ORD012507,CUST04113,2026-05-26,Processing,122.51,Debit Card
ORD012508,CUST01239,2026-02-19,Completed,23.84,Google Pay
ORD012509,CUST03467,2026-08-09,Processing,94.86,Google Pay
ORD012510,CUST02462,2026-03-21,Completed,88.8,Debit Card
ORD012511,CUST03167,2026-01-30,Processing,36.77,Apple Pay
ORD012512,CUST03705,2026-02-18,Completed,130.4,Google Pay
ORD012513,CUST02054,2026-04-08,Processing,80.64,PayPal
ORD012514,CUST00780,2026-08-10,Processing,38.26,Debit Card
ORD012515,CUST02135,2026-05-29,Completed,22.56,Google Pay
ORD012516,CUST02237,2026-05-30,Shipped,43.72,Google Pay
ORD012517,CUST01640,2026-06-24,Shipped,31.54,Debit Card
ORD012518,CUST00420,2026-01-25,Completed,42.52,Apple Pay
ORD012519,CUST01827,2026-08-02,Completed,44.79,Debit Card
ORD012520,CUST03139,2026-02-25,Cancelled,139.07,Credit Card
ORD012521,CUST03690,2026-07-11,Completed,24.02,Google Pay
ORD012522,CUST04956,2026-06-05,Processing,28.61,Credit Card
ORD012523,CUST00207,2026-06-10,Completed,44.76,Apple Pay
ORD012524,CUST03391,2026-07-13,Completed,368.67,Credit Card
ORD012525,CUST03871,2026-01-04,Completed,20.12,Apple Pay
ORD012526,CUST03797,2026-07-27,Completed,14.53,Debit Card
ORD012527,CUST02535,2026-01-12,Cancelled,147.64,PayPal
ORD012528,CUST02181,2026-05-25,Completed,42.21,PayPal
ORD012529,CUST04211,2026-02-05,Completed,34.1,Debit Card
ORD012530,CUST04307,2026-01-16,Completed,78.48,Google Pay
ORD012531,CUST04228,2026-05-31,Completed,98.1,Apple Pay
ORD012532,CUST01398,2026-07-19,Processing,107.81,Credit Card
ORD012533,CUST04250,2026-05-01,Completed,89.61,PayPal
ORD012534,CUST01447,2026-05-17,Shipped,37.0,Credit Card
ORD012535,CUST00952,2026-03-19,Shipped,95.73,Credit Card
ORD012536,CUST04022,2026-02-24,Processing,79.98,Credit Card
ORD012537,CUST01718,2026-03-14,Completed,154.2,Google Pay
ORD012538,CUST04243,2026-03-05,Cancelled,168.63,PayPal
ORD012539,CUST03806,2026-06-24,Completed,32.03,Credit Card
ORD012540,CUST03199,2026-03-31,Completed,197.55,Credit Card
ORD012541,CUST04811,2026-07-14,Completed,43.84,PayPal
ORD012542,CUST01597,2026-05-18,Completed,22.2,Credit Card
ORD012543,CUST03734,2026-03-30,Shipped,193.4,Apple Pay
ORD012544,CUST03217,2026-01-04,Completed,106.96,PayPal
ORD012545,CUST00907,2026-01-30,Completed,15.05,Credit Card
ORD012546,CUST03751,2026-05-19,Completed,42.35,Google Pay
ORD012547,CUST04059,2026-02-20,Shipped,36.58,Apple Pay
ORD012548,CUST02155,2026-05-27,Processing,40.45,Debit Card
ORD012549,CUST04925,2026-05-21,Shipped,222.19,Google Pay
ORD012550,CUST01338,2026-07-04,Shipped,51.97,Debit Card
ORD012551,CUST04107,2026-05-11,Completed,43.19,Debit Card
ORD012552,CUST02496,2026-04-22,Completed,123.12,Credit Card
ORD012553,CUST02975,2026-03-19,Cancelled,43.15,Apple Pay
ORD012554,CUST02443,2026-07-21,Processing,321.22,Credit Card
ORD012555,CUST04474,2026-06-15,Processing,69.5,Google Pay
ORD012556,CUST00361,2026-01-27,Processing,119.34,Debit Card
ORD012557,CUST03065,2026-03-29,Completed,235.81,Credit Card
ORD012558,CUST04738,2026-07-27,Shipped,34.23,Google Pay
ORD012559,CUST00573,2026-05-18,Cancelled,104.05,Google Pay
ORD012560,CUST01956,2026-04-28,Completed,41.21,Debit Card
ORD012561,CUST03045,2026-06-30,Completed,69.72,Credit Card
ORD012562,CUST01585,2026-06-04,Completed,16.08,Apple Pay
ORD012563,CUST02234,2026-01-07,Completed,41.56,Google Pay
ORD012564,CUST03293,2026-04-25,Cancelled,156.9,Credit Card
ORD012565,CUST03247,2026-04-02,Completed,107.19,Apple Pay
ORD012566,CUST01815,2026-03-31,Shipped,48.89,Debit Card
ORD012567,CUST04042,2026-03-23,Processing,65.21,Apple Pay
ORD012568,CUST01890,2026-01-13,Cancelled,102.11,Debit Card
ORD012569,CUST01900,2026-03-13,Cancelled,104.0,Google Pay
ORD012570,CUST02656,2026-04-01,Completed,81.06,PayPal
ORD012571,CUST02330,2026-07-07,Completed,122.52,PayPal
ORD012572,CUST03719,2026-05-22,Cancelled,53.49,Google Pay
ORD012573,CUST01057,2026-04-15,Completed,21.67,Apple Pay
ORD012574,CUST02130,2026-02-13,Cancelled,30.69,PayPal
ORD012575,CUST01507,2026-07-17,Shipped,44.15,Debit Card
ORD012576,CUST01631,2026-03-25,Processing,15.49,Google Pay
ORD012577,CUST00992,2026-01-28,Completed,27.55,Credit Card
ORD012578,CUST04591,2026-01-23,Shipped,30.55,PayPal
ORD012579,CUST01194,2026-01-12,Processing,24.21,Apple Pay
ORD012580,CUST03969,2026-06-01,Completed,18.94,Google Pay
ORD012581,CUST00703,2026-02-20,Shipped,202.24,PayPal
ORD012582,CUST01031,2026-04-18,Cancelled,115.4,PayPal
ORD012583,CUST04922,2026-05-30,Cancelled,49.99,Google Pay
ORD012584,CUST02482,2026-03-03,Completed,67.96,Credit Card
ORD012585,CUST00563,2026-01-26,Shipped,45.03,Google Pay
ORD012586,CUST00367,2026-08-02,Shipped,44.6,Credit Card
ORD012587,CUST00794,2026-02-27,Cancelled,114.45,Google Pay
ORD012588,CUST03104,2026-07-18,Cancelled,70.37,Debit Card
ORD012589,CUST04732,2026-05-23,Shipped,29.43,Debit Card
ORD012590,CUST00987,2026-08-10,Processing,134.25,Google Pay
ORD012591,CUST00958,2026-03-09,Processing,81.41,Credit Card
ORD012592,CUST03596,2026-01-06,Completed,112.49,PayPal
ORD012593,CUST00855,2026-04-21,Completed,69.0,Google Pay
ORD012594,CUST01570,2026-05-10,Processing,63.77,PayPal
ORD012595,CUST02257,2026-06-08,Processing,54.97,Google Pay
ORD012596,CUST03910,2026-01-24,Completed,87.13,Apple Pay
ORD012597,CUST04104,2026-02-04,Shipped,26.35,Credit Card
ORD012598,CUST04833,2026-02-16,Shipped,88.04,Apple Pay
ORD012599,CUST02223,2026-01-31,Completed,19.92,Apple Pay
ORD012600,CUST04177,2026-03-30,Processing,39.22,Credit Card
ORD012601,CUST00238,2026-07-19,Processing,166.01,Google Pay
ORD012602,CUST03289,2026-03-17,Completed,28.07,Credit Card
ORD012603,CUST04283,2026-04-28,Cancelled,40.51,Credit Card
ORD012604,CUST04726,2026-05-10,Completed,42.05,Debit Card
ORD012605,CUST01733,2026-07-26,Cancelled,34.42,Debit Card
ORD012606,CUST03062,2026-04-14,Shipped,50.98,PayPal
ORD012607,CUST00815,2026-02-28,Shipped,66.87,Credit Card
ORD012608,CUST04710,2026-04-06,Cancelled,161.67,Apple Pay
ORD012609,CUST01187,2026-03-04,Processing,124.15,Apple Pay
ORD012610,CUST02226,2026-07-22,Shipped,91.02,Debit Card
ORD012611,CUST00985,2026-05-25,Processing,54.94,Credit Card
ORD012612,CUST00798,2026-02-23,Completed,36.81,Google Pay
ORD012613,CUST04163,2026-05-05,Completed,89.9,Debit Card
ORD012614,CUST00544,2026-05-29,Completed,80.51,Debit Card
ORD012615,CUST00520,2026-01-22,Completed,85.27,Apple Pay
ORD012616,CUST02547,2026-05-05,Completed,46.04,Google Pay
ORD012617,CUST01455,2026-04-07,Completed,66.74,Google Pay
ORD012618,CUST01059,2026-04-26,Shipped,70.62,Apple Pay
ORD012619,CUST02237,2026-07-02,Completed,39.86,Apple Pay
ORD012620,CUST01113,2026-01-29,Completed,131.76,Apple Pay
ORD012621,CUST03407,2026-07-26,Completed,19.82,Google Pay
ORD012622,CUST00947,2026-05-29,Completed,37.9,Google Pay
ORD012623,CUST04031,2026-01-02,Completed,32.61,Debit Card
ORD012624,CUST00136,2026-02-11,Shipped,46.16,PayPal
ORD012625,CUST02594,2026-02-21,Completed,40.75,Debit Card
ORD012626,CUST00793,2026-02-07,Shipped,40.25,Credit Card
ORD012627,CUST01137,2026-05-11,Cancelled,106.28,PayPal
ORD012628,CUST01363,2026-06-02,Completed,70.9,Google Pay
ORD012629,CUST00555,2026-03-18,Cancelled,33.69,Debit Card
ORD012630,CUST02573,2026-08-04,Processing,87.06,Google Pay
ORD012631,CUST03404,2026-07-09,Completed,81.95,PayPal
ORD012632,CUST02255,2026-08-11,Processing,16.04,Google Pay
ORD012633,CUST01367,2026-05-23,Cancelled,43.36,Debit Card
ORD012634,CUST00949,2026-07-17,Completed,92.56,PayPal
ORD012635,CUST00104,2026-04-15,Processing,78.48,Debit Card
ORD012636,CUST01047,2026-01-10,Shipped,91.7,Debit Card
ORD012637,CUST04027,2026-07-20,Completed,33.92,Google Pay
ORD012638,CUST02615,2026-04-30,Completed,79.31,PayPal
ORD012639,CUST03332,2026-05-07,Completed,17.49,Google Pay
ORD012640,CUST00964,2026-04-24,Completed,52.36,PayPal
ORD012641,CUST03272,2026-03-10,Completed,202.82,Credit Card
ORD012642,CUST00838,2026-04-19,Processing,111.67,Credit Card
ORD012643,CUST02459,2026-02-13,Shipped,68.77,PayPal
ORD012644,CUST00882,2026-06-18,Cancelled,40.69,Google Pay
ORD012645,CUST03189,2026-07-30,Completed,144.56,Apple Pay
ORD012646,CUST04520,2026-01-20,Cancelled,60.05,PayPal
ORD012647,CUST02203,2026-08-13,Processing,45.64,Debit Card
ORD012648,CUST03335,2026-04-17,Cancelled,154.59,Credit Card
ORD012649,CUST02199,2026-06-14,Completed,63.13,PayPal
ORD012650,CUST00212,2026-08-11,Completed,77.31,PayPal
ORD012651,CUST01216,2026-06-16,Completed,22.17,PayPal
ORD012652,CUST00881,2026-07-24,Completed,42.62,Debit Card
ORD012653,CUST00755,2026-04-29,Completed,100.52,Google Pay
ORD012654,CUST00701,2026-04-19,Processing,57.95,Apple Pay
ORD012655,CUST02220,2026-07-17,Cancelled,55.63,Debit Card
ORD012656,CUST00371,2026-01-08,Cancelled,28.29,Apple Pay
ORD012657,CUST01733,2026-02-12,Completed,111.89,Credit Card
ORD012658,CUST00802,2026-05-18,Processing,46.64,Apple Pay
ORD012659,CUST00990,2026-02-10,Cancelled,71.12,Apple Pay
ORD012660,CUST04772,2026-05-12,Shipped,157.41,Credit Card
ORD012661,CUST00416,2026-07-25,Processing,201.87,Debit Card
ORD012662,CUST02966,2026-05-12,Processing,34.57,Debit Card
ORD012663,CUST03338,2026-01-24,Cancelled,48.86,Credit Card
ORD012664,CUST03613,2026-01-21,Completed,90.83,Debit Card
ORD012665,CUST01621,2026-05-18,Cancelled,37.64,Google Pay
ORD012666,CUST01536,2026-02-15,Processing,121.16,Apple Pay
ORD012667,CUST04345,2026-08-05,Cancelled,95.74,Debit Card
ORD012668,CUST02793,2026-07-17,Cancelled,92.89,Apple Pay
ORD012669,CUST00573,2026-07-27,Completed,51.98,Debit Card
ORD012670,CUST04894,2026-05-01,Processing,63.86,Apple Pay
ORD012671,CUST04857,2026-02-13,Shipped,86.36,Credit Card
ORD012672,CUST03656,2026-08-08,Cancelled,69.32,Credit Card
ORD012673,CUST00293,2026-04-10,Processing,21.09,Credit Card
ORD012674,CUST04294,2026-02-02,Cancelled,156.11,Google Pay
ORD012675,CUST00080,2026-04-04,Completed,66.94,Google Pay
ORD012676,CUST04233,2026-02-05,Shipped,61.15,Credit Card
ORD012677,CUST04309,2026-06-02,Completed,142.29,Apple Pay
ORD012678,CUST01863,2026-01-13,Cancelled,56.32,Credit Card
ORD012679,CUST00619,2026-06-16,Completed,29.76,Credit Card
ORD012680,CUST00960,2026-07-26,Completed,48.7,PayPal
ORD012681,CUST03279,2026-06-15,Completed,141.61,Google Pay
ORD012682,CUST03736,2026-06-07,Completed,30.84,Google Pay
ORD012683,CUST02214,2026-01-14,Cancelled,15.98,Credit Card
ORD012684,CUST03575,2026-02-19,Completed,40.24,Credit Card
ORD012685,CUST03997,2026-03-09,Completed,82.87,PayPal
ORD012686,CUST02478,2026-01-01,Processing,137.2,PayPal
ORD012687,CUST03252,2026-07-08,Completed,69.94,Google Pay
ORD012688,CUST02169,2026-01-03,Completed,46.71,Google Pay
ORD012689,CUST03246,2026-06-27,Completed,22.31,Google Pay
ORD012690,CUST02379,2026-07-08,Completed,41.6,Google Pay
ORD012691,CUST01723,2026-06-13,Cancelled,15.97,Apple Pay
ORD012692,CUST01162,2026-05-12,Completed,128.54,Credit Card
ORD012693,CUST01890,2026-06-20,Completed,28.51,Apple Pay
ORD012694,CUST02041,2026-01-14,Processing,34.93,Debit Card
ORD012695,CUST03972,2026-03-30,Shipped,24.9,Google Pay
ORD012696,CUST03402,2026-04-13,Completed,53.89,Google Pay
ORD012697,CUST03310,2026-05-05,Completed,73.64,Credit Card
ORD012698,CUST01100,2026-03-08,Completed,129.57,Google Pay
ORD012699,CUST04019,2026-01-07,Completed,57.44,Google Pay
ORD012700,CUST01689,2026-01-08,Shipped,36.54,Apple Pay
ORD012701,CUST04133,2026-02-13,Completed,118.71,Debit Card
ORD012702,CUST00845,2026-07-11,Completed,76.9,Apple Pay
ORD012703,CUST01644,2026-05-15,Completed,58.74,PayPal
ORD012704,CUST02334,2026-02-17,Completed,45.05,Google Pay
ORD012705,CUST01264,2026-03-03,Completed,31.67,Apple Pay
ORD012706,CUST02935,2026-01-25,Shipped,93.37,Credit Card
ORD012707,CUST03686,2026-07-28,Cancelled,58.0,Debit Card
ORD012708,CUST00216,2026-08-06,Completed,20.72,Debit Card
ORD012709,CUST04777,2026-04-28,Completed,50.84,Credit Card
ORD012710,CUST03658,2026-07-15,Cancelled,115.29,Credit Card
ORD012711,CUST02341,2026-07-11,Shipped,294.2,Google Pay
ORD012712,CUST01508,2026-04-23,Completed,50.35,Debit Card
ORD012713,CUST02091,2026-05-26,Cancelled,103.97,Credit Card
ORD012714,CUST03379,2026-05-02,Completed,45.58,PayPal
ORD012715,CUST01117,2026-01-04,Cancelled,64.96,Debit Card
ORD012716,CUST02741,2026-05-25,Shipped,75.7,Credit Card
ORD012717,CUST02162,2026-02-16,Completed,161.74,Apple Pay
ORD012718,CUST03257,2026-04-28,Cancelled,132.52,Credit Card
ORD012719,CUST02969,2026-07-28,Processing,93.15,Debit Card
ORD012720,CUST01149,2026-02-14,Completed,34.05,Google Pay
ORD012721,CUST03177,2026-03-30,Completed,85.71,PayPal
ORD012722,CUST04254,2026-07-05,Completed,173.53,Credit Card
ORD012723,CUST03346,2026-01-03,Processing,89.55,Debit Card
ORD012724,CUST03962,2026-05-20,Shipped,98.43,Credit Card
ORD012725,CUST01141,2026-08-07,Completed,66.88,Credit Card
ORD012726,CUST02934,2026-05-25,Shipped,48.46,Debit Card
ORD012727,CUST02108,2026-04-28,Processing,87.93,Apple Pay
ORD012728,CUST02449,2026-01-22,Completed,52.26,Debit Card
ORD012729,CUST00828,2026-02-08,Completed,20.14,Debit Card
ORD012730,CUST01204,2026-02-08,Cancelled,155.75,Google Pay
ORD012731,CUST03304,2026-04-17,Completed,96.41,Credit Card
ORD012732,CUST00845,2026-04-10,Completed,15.24,Credit Card
ORD012733,CUST02972,2026-01-16,Completed,10.8,Debit Card
ORD012734,CUST01269,2026-06-28,Completed,52.77,Apple Pay
ORD012735,CUST04734,2026-04-28,Completed,92.63,Google Pay
ORD012736,CUST04745,2026-01-29,Completed,39.59,Apple Pay
ORD012737,CUST01630,2026-07-25,Shipped,32.2,Apple Pay
ORD012738,CUST03531,2026-03-12,Completed,54.37,Google Pay
ORD012739,CUST00804,2026-06-18,Completed,54.37,Google Pay
ORD012740,CUST00128,2026-07-04,Completed,51.16,Apple Pay
ORD012741,CUST00952,2026-06-05,Cancelled,26.91,Apple Pay
ORD012742,CUST02265,2026-03-18,Cancelled,68.02,Apple Pay
ORD012743,CUST00020,2026-07-27,Processing,60.72,Credit Card
ORD012744,CUST03639,2026-05-29,Completed,21.12,Credit Card
ORD012745,CUST01782,2026-05-12,Cancelled,84.27,Credit Card
ORD012746,CUST03835,2026-05-06,Cancelled,46.37,Credit Card
ORD012747,CUST03132,2026-04-09,Shipped,34.6,Google Pay
ORD012748,CUST04771,2026-04-26,Processing,68.09,Debit Card
ORD012749,CUST04835,2026-01-15,Cancelled,48.53,Credit Card
ORD012750,CUST00557,2026-06-30,Cancelled,46.64,Apple Pay
ORD012751,CUST02245,2026-03-31,Processing,34.01,Debit Card
ORD012752,CUST02984,2026-06-23,Completed,72.88,Credit Card
ORD012753,CUST03564,2026-05-15,Cancelled,139.24,PayPal
ORD012754,CUST02726,2026-05-26,Shipped,57.26,PayPal
ORD012755,CUST04600,2026-03-30,Shipped,37.73,Google Pay
ORD012756,CUST04834,2026-05-29,Completed,110.73,PayPal
ORD012757,CUST04888,2026-04-26,Cancelled,63.53,Google Pay
ORD012758,CUST03332,2026-05-16,Completed,22.82,Google Pay
ORD012759,CUST00197,2026-07-06,Completed,70.14,Google Pay
ORD012760,CUST02829,2026-01-20,Shipped,37.51,Debit Card
ORD012761,CUST04840,2026-03-23,Processing,103.56,Debit Card
ORD012762,CUST03989,2026-04-27,Completed,15.49,PayPal
ORD012763,CUST02470,2026-07-30,Cancelled,55.62,Debit Card
ORD012764,CUST01631,2026-03-08,Shipped,131.81,Credit Card
ORD012765,CUST03279,2026-07-02,Shipped,47.09,Google Pay
ORD012766,CUST02039,2026-03-03,Completed,54.94,Credit Card
ORD012767,CUST02480,2026-01-18,Completed,36.24,Debit Card
ORD012768,CUST04331,2026-04-01,Shipped,53.08,Apple Pay
ORD012769,CUST04575,2026-07-26,Completed,22.49,Debit Card
ORD012770,CUST02476,2026-04-20,Completed,25.5,Google Pay
ORD012771,CUST04762,2026-02-25,Processing,24.42,Apple Pay
ORD012772,CUST03310,2026-03-26,Completed,163.03,Apple Pay
ORD012773,CUST03179,2026-05-30,Completed,21.21,Google Pay
ORD012774,CUST01388,2026-01-08,Completed,34.24,PayPal
ORD012775,CUST00642,2026-05-19,Completed,20.38,Debit Card
ORD012776,CUST00575,2026-04-17,Completed,174.05,Debit Card
ORD012777,CUST03145,2026-01-12,Completed,41.87,Apple Pay
ORD012778,CUST01722,2026-06-25,Cancelled,22.17,Apple Pay
ORD012779,CUST01019,2026-04-13,Cancelled,35.74,Google Pay
ORD012780,CUST04059,2026-03-04,Shipped,31.06,Google Pay
ORD012781,CUST03421,2026-01-27,Processing,114.04,PayPal
ORD012782,CUST00400,2026-02-04,Shipped,51.44,Apple Pay
ORD012783,CUST04691,2026-05-10,Completed,26.51,Debit Card
ORD012784,CUST01457,2026-08-11,Completed,163.67,Google Pay
ORD012785,CUST01596,2026-05-16,Completed,89.01,Credit Card
ORD012786,CUST00117,2026-01-20,Completed,32.43,Debit Card
ORD012787,CUST00383,2026-01-08,Completed,79.5,Apple Pay
ORD012788,CUST04955,2026-07-10,Completed,20.49,Google Pay
ORD012789,CUST02130,2026-03-09,Completed,17.67,Google Pay
ORD012790,CUST01851,2026-06-08,Completed,26.91,Credit Card
ORD012791,CUST00832,2026-06-09,Completed,102.94,PayPal
ORD012792,CUST04969,2026-05-21,Completed,170.98,Debit Card
ORD012793,CUST02701,2026-03-27,Cancelled,28.21,Google Pay
ORD012794,CUST02782,2026-01-26,Shipped,62.07,PayPal
ORD012795,CUST03482,2026-03-22,Completed,198.07,Credit Card
ORD012796,CUST02118,2026-06-06,Shipped,102.32,Credit Card
ORD012797,CUST04483,2026-08-07,Completed,40.18,Debit Card
ORD012798,CUST02007,2026-04-30,Completed,114.24,Debit Card
ORD012799,CUST02572,2026-08-02,Cancelled,112.69,Google Pay
ORD012800,CUST00297,2026-01-18,Shipped,33.39,Google Pay
ORD012801,CUST00719,2026-03-10,Shipped,11.24,Debit Card
ORD012802,CUST03137,2026-05-20,Cancelled,33.75,Debit Card
ORD012803,CUST03080,2026-05-10,Processing,51.32,Google Pay
ORD012804,CUST00011,2026-06-19,Shipped,26.18,Google Pay
ORD012805,CUST04881,2026-05-15,Shipped,46.41,Google Pay
ORD012806,CUST00411,2026-02-16,Completed,200.39,Credit Card
ORD012807,CUST02940,2026-05-03,Completed,80.9,Apple Pay
ORD012808,CUST02655,2026-08-06,Completed,26.61,Debit Card
ORD012809,CUST03187,2026-02-23,Completed,26.07,Credit Card
ORD012810,CUST03451,2026-01-15,Completed,114.82,Google Pay
ORD012811,CUST00599,2026-07-05,Completed,53.65,Apple Pay
ORD012812,CUST00824,2026-06-10,Completed,81.99,Apple Pay
ORD012813,CUST02398,2026-07-14,Completed,76.98,Credit Card
ORD012814,CUST04115,2026-07-10,Cancelled,57.66,PayPal
ORD012815,CUST00313,2026-06-25,Completed,320.61,PayPal
ORD012816,CUST02975,2026-03-07,Completed,44.35,Google Pay
ORD012817,CUST03739,2026-03-22,Shipped,24.24,PayPal
ORD012818,CUST02493,2026-07-12,Shipped,67.6,Google Pay
ORD012819,CUST01946,2026-02-05,Completed,59.36,PayPal
ORD012820,CUST00231,2026-01-17,Cancelled,77.28,Credit Card
ORD012821,CUST03741,2026-01-02,Completed,44.1,Apple Pay
ORD012822,CUST02673,2026-02-02,Shipped,45.05,Debit Card
ORD012823,CUST03455,2026-04-03,Shipped,149.24,Apple Pay
ORD012824,CUST03584,2026-05-04,Cancelled,117.72,PayPal
ORD012825,CUST00044,2026-05-14,Shipped,51.21,Apple Pay
ORD012826,CUST02925,2026-06-20,Completed,77.35,PayPal
ORD012827,CUST03694,2026-04-10,Completed,82.11,Google Pay
ORD012828,CUST02271,2026-03-29,Completed,57.76,Debit Card
ORD012829,CUST03458,2026-01-11,Processing,24.05,Google Pay
ORD012830,CUST02950,2026-01-05,Cancelled,11.72,Debit Card
ORD012831,CUST02319,2026-01-30,Shipped,97.83,Google Pay
ORD012832,CUST03386,2026-05-18,Completed,45.81,Google Pay
ORD012833,CUST02295,2026-04-01,Completed,160.08,Apple Pay
ORD012834,CUST02996,2026-04-01,Shipped,22.94,Debit Card
ORD012835,CUST03639,2026-06-01,Completed,81.48,Apple Pay
ORD012836,CUST04917,2026-07-06,Completed,26.48,Google Pay
ORD012837,CUST03368,2026-05-02,Completed,68.77,Apple Pay
ORD012838,CUST03285,2026-04-28,Processing,39.56,PayPal
ORD012839,CUST02343,2026-07-14,Processing,15.49,Google Pay
ORD012840,CUST00171,2026-03-02,Completed,98.92,PayPal
ORD012841,CUST04342,2026-04-12,Completed,81.0,Google Pay
ORD012842,CUST01640,2026-01-26,Shipped,85.28,PayPal
ORD012843,CUST00617,2026-04-19,Cancelled,147.57,PayPal
ORD012844,CUST00240,2026-04-22,Shipped,103.98,Google Pay
ORD012845,CUST04494,2026-02-08,Completed,45.94,PayPal
ORD012846,CUST01857,2026-07-29,Shipped,250.62,Debit Card
ORD012847,CUST00923,2026-01-03,Processing,91.42,PayPal
ORD012848,CUST04888,2026-02-07,Shipped,30.04,Google Pay
ORD012849,CUST01905,2026-02-11,Completed,49.35,Debit Card
ORD012850,CUST03150,2026-02-17,Processing,38.48,Debit Card
ORD012851,CUST00813,2026-08-05,Processing,226.02,Debit Card
ORD012852,CUST05000,2026-01-13,Completed,117.56,Apple Pay
ORD012853,CUST01731,2026-03-30,Completed,72.99,Debit Card
ORD012854,CUST00832,2026-03-29,Shipped,45.81,Apple Pay
ORD012855,CUST03425,2026-02-25,Shipped,242.64,Credit Card
ORD012856,CUST02208,2026-07-06,Completed,142.78,PayPal
ORD012857,CUST04840,2026-03-04,Completed,44.17,Apple Pay
ORD012858,CUST03433,2026-03-21,Shipped,64.69,Google Pay
ORD012859,CUST04909,2026-02-12,Completed,88.18,Debit Card
ORD012860,CUST03369,2026-03-16,Processing,34.97,Google Pay
ORD012861,CUST02228,2026-02-26,Cancelled,35.46,Debit Card
ORD012862,CUST02261,2026-05-29,Cancelled,248.61,Google Pay
ORD012863,CUST04626,2026-08-11,Completed,58.02,PayPal
ORD012864,CUST02918,2026-07-01,Completed,48.13,PayPal
ORD012865,CUST03521,2026-07-26,Shipped,107.37,Credit Card
ORD012866,CUST04381,2026-06-30,Cancelled,28.89,Google Pay
ORD012867,CUST02709,2026-06-22,Completed,60.99,Credit Card
ORD012868,CUST01821,2026-06-13,Completed,151.38,Google Pay
ORD012869,CUST00649,2026-03-04,Completed,20.43,PayPal
ORD012870,CUST00189,2026-05-06,Completed,38.08,Credit Card
ORD012871,CUST01223,2026-05-05,Processing,51.07,Debit Card
ORD012872,CUST00479,2026-01-01,Completed,35.51,PayPal
ORD012873,CUST03063,2026-04-02,Completed,135.65,Apple Pay
ORD012874,CUST02026,2026-08-13,Processing,143.8,PayPal
ORD012875,CUST04613,2026-07-14,Processing,82.89,PayPal
ORD012876,CUST01889,2026-04-29,Processing,56.86,Apple Pay
ORD012877,CUST01551,2026-07-26,Cancelled,183.56,Google Pay
ORD012878,CUST02917,2026-06-10,Cancelled,45.16,Apple Pay
ORD012879,CUST03256,2026-02-01,Shipped,66.31,Google Pay
ORD012880,CUST02807,2026-08-03,Completed,71.55,Credit Card
ORD012881,CUST00034,2026-07-05,Cancelled,43.71,Credit Card
ORD012882,CUST00296,2026-05-06,Completed,52.59,Credit Card
ORD012883,CUST02501,2026-01-26,Processing,28.11,Apple Pay
ORD012884,CUST03780,2026-03-02,Completed,134.45,Google Pay
ORD012885,CUST03577,2026-04-22,Shipped,15.15,Debit Card
ORD012886,CUST01430,2026-05-25,Completed,63.26,PayPal
ORD012887,CUST02190,2026-07-20,Shipped,36.43,Apple Pay
ORD012888,CUST01988,2026-03-10,Shipped,54.01,Credit Card
ORD012889,CUST04744,2026-01-29,Completed,14.92,Debit Card
ORD012890,CUST02883,2026-03-04,Processing,128.69,Google Pay
ORD012891,CUST01710,2026-05-14,Shipped,47.45,Google Pay
ORD012892,CUST02778,2026-04-15,Processing,91.08,Google Pay
ORD012893,CUST03698,2026-07-06,Completed,61.15,Apple Pay
ORD012894,CUST01548,2026-04-25,Completed,52.28,PayPal
ORD012895,CUST00463,2026-01-21,Completed,80.45,PayPal
ORD012896,CUST03316,2026-06-22,Completed,26.32,Debit Card
ORD012897,CUST03305,2026-06-22,Completed,60.71,Credit Card
ORD012898,CUST00514,2026-03-28,Completed,22.34,Credit Card
ORD012899,CUST04097,2026-02-04,Cancelled,29.4,Credit Card
ORD012900,CUST03567,2026-02-21,Completed,41.53,Credit Card
ORD012901,CUST03804,2026-02-15,Cancelled,35.79,Debit Card
ORD012902,CUST03688,2026-07-13,Completed,68.93,Debit Card
ORD012903,CUST03939,2026-02-26,Completed,22.95,Google Pay
ORD012904,CUST03490,2026-02-11,Shipped,93.82,Apple Pay
ORD012905,CUST01472,2026-07-20,Processing,278.69,PayPal
ORD012906,CUST00338,2026-03-18,Completed,122.98,Debit Card
ORD012907,CUST03082,2026-04-08,Completed,81.91,PayPal
ORD012908,CUST03413,2026-01-16,Cancelled,40.61,Google Pay
ORD012909,CUST02393,2026-05-13,Completed,68.46,Google Pay
ORD012910,CUST00977,2026-01-01,Shipped,89.42,Debit Card
ORD012911,CUST04979,2026-05-30,Shipped,132.21,Credit Card
ORD012912,CUST02246,2026-02-17,Processing,198.32,Apple Pay
ORD012913,CUST04069,2026-05-02,Completed,39.32,PayPal
ORD012914,CUST01704,2026-01-26,Completed,20.42,PayPal
ORD012915,CUST00872,2026-02-03,Shipped,84.53,Google Pay
ORD012916,CUST03410,2026-04-24,Completed,54.65,PayPal
ORD012917,CUST02590,2026-02-27,Processing,30.25,Credit Card
ORD012918,CUST04553,2026-08-01,Completed,39.74,Debit Card
ORD012919,CUST01550,2026-05-15,Completed,29.39,Apple Pay
ORD012920,CUST03508,2026-01-25,Completed,68.43,Apple Pay
ORD012921,CUST04462,2026-07-04,Cancelled,241.47,Credit Card
ORD012922,CUST02622,2026-05-20,Shipped,63.97,PayPal
ORD012923,CUST02530,2026-06-08,Cancelled,47.42,Credit Card
ORD012924,CUST02158,2026-01-27,Completed,130.95,Apple Pay
ORD012925,CUST02357,2026-03-27,Shipped,75.18,Credit Card
ORD012926,CUST00160,2026-06-11,Completed,90.0,Apple Pay
ORD012927,CUST04940,2026-04-28,Shipped,237.15,PayPal
ORD012928,CUST02103,2026-03-22,Completed,17.31,Apple Pay
ORD012929,CUST02809,2026-03-16,Completed,23.39,Credit Card
ORD012930,CUST02000,2026-04-03,Completed,49.42,Google Pay
ORD012931,CUST02582,2026-02-03,Completed,156.4,Apple Pay
ORD012932,CUST02994,2026-04-25,Completed,51.95,Google Pay
ORD012933,CUST02935,2026-06-14,Shipped,105.88,Google Pay
ORD012934,CUST02312,2026-07-05,Processing,23.68,Google Pay
ORD012935,CUST02796,2026-04-23,Completed,106.28,Credit Card
ORD012936,CUST04329,2026-04-22,Completed,64.83,Credit Card
ORD012937,CUST04329,2026-03-01,Cancelled,35.91,PayPal
ORD012938,CUST03589,2026-01-26,Processing,151.67,Apple Pay
ORD012939,CUST03117,2026-05-06,Completed,109.34,Debit Card
ORD012940,CUST04654,2026-06-22,Completed,65.97,Google Pay
ORD012941,CUST03748,2026-02-14,Shipped,54.56,Apple Pay
ORD012942,CUST01950,2026-02-01,Processing,20.52,Google Pay
ORD012943,CUST01460,2026-07-16,Processing,45.12,PayPal
ORD012944,CUST04431,2026-07-31,Cancelled,22.39,Credit Card
ORD012945,CUST02452,2026-03-12,Completed,62.58,Debit Card
ORD012946,CUST04352,2026-01-23,Completed,78.07,Credit Card
ORD012947,CUST03068,2026-07-12,Completed,90.61,PayPal
ORD012948,CUST04091,2026-06-16,Completed,63.32,PayPal
ORD012949,CUST02989,2026-07-14,Completed,184.3,Google Pay
ORD012950,CUST00772,2026-06-22,Shipped,22.55,Credit Card
ORD012951,CUST01112,2026-07-14,Cancelled,61.25,Credit Card
ORD012952,CUST03312,2026-03-04,Completed,145.21,Debit Card
ORD012953,CUST04407,2026-03-11,Completed,93.72,Apple Pay
ORD012954,CUST01595,2026-08-11,Completed,40.77,PayPal
ORD012955,CUST02730,2026-02-23,Completed,100.44,Google Pay
ORD012956,CUST01282,2026-01-27,Cancelled,42.98,Debit Card
ORD012957,CUST03586,2026-04-03,Completed,63.33,Credit Card
ORD012958,CUST02829,2026-03-20,Completed,96.18,Google Pay
ORD012959,CUST02374,2026-02-05,Completed,21.69,PayPal
ORD012960,CUST04886,2026-05-13,Processing,123.73,PayPal
ORD012961,CUST00342,2026-07-14,Completed,109.16,Apple Pay
ORD012962,CUST04934,2026-06-28,Shipped,17.24,Credit Card
ORD012963,CUST04724,2026-08-05,Completed,5.63,PayPal
ORD012964,CUST02819,2026-02-01,Completed,13.99,Google Pay
ORD012965,CUST02926,2026-05-29,Processing,62.65,Google Pay
ORD012966,CUST01273,2026-01-17,Completed,219.21,Google Pay
ORD012967,CUST00710,2026-07-20,Completed,109.36,Credit Card
ORD012968,CUST00739,2026-06-03,Processing,134.47,Credit Card
ORD012969,CUST01779,2026-01-22,Cancelled,112.41,PayPal
ORD012970,CUST04591,2026-02-10,Completed,80.72,Apple Pay
ORD012971,CUST04131,2026-02-28,Completed,13.06,Apple Pay
ORD012972,CUST03719,2026-08-03,Completed,140.27,Apple Pay
ORD012973,CUST04914,2026-03-16,Completed,40.43,Debit Card
ORD012974,CUST00010,2026-05-02,Cancelled,27.84,Credit Card
ORD012975,CUST01738,2026-01-10,Completed,46.53,Credit Card
ORD012976,CUST02579,2026-03-28,Cancelled,109.03,PayPal
ORD012977,CUST01559,2026-01-05,Completed,61.71,Google Pay
ORD012978,CUST02143,2026-02-24,Processing,66.74,Credit Card
ORD012979,CUST02624,2026-01-26,Completed,59.12,Apple Pay
ORD012980,CUST04001,2026-01-04,Processing,156.22,Debit Card
ORD012981,CUST04546,2026-04-17,Cancelled,17.98,Google Pay
ORD012982,CUST02144,2026-01-27,Completed,60.42,Google Pay
ORD012983,CUST00865,2026-08-14,Cancelled,94.4,Debit Card
ORD012984,CUST01801,2026-05-06,Completed,70.8,Debit Card
ORD012985,CUST03453,2026-07-05,Completed,160.91,Credit Card
ORD012986,CUST02717,2026-01-03,Shipped,69.82,Debit Card
ORD012987,CUST04303,2026-02-19,Shipped,46.97,PayPal
ORD012988,CUST01810,2026-08-12,Processing,38.15,Google Pay
ORD012989,CUST04946,2026-05-05,Completed,19.58,Google Pay
ORD012990,CUST04342,2026-01-26,Completed,38.45,Apple Pay
ORD012991,CUST01998,2026-05-26,Processing,25.59,Credit Card
ORD012992,CUST02932,2026-05-15,Shipped,55.74,Apple Pay
ORD012993,CUST02131,2026-04-27,Shipped,15.92,Credit Card
ORD012994,CUST04413,2026-02-14,Shipped,63.97,Credit Card
ORD012995,CUST02693,2026-05-21,Processing,44.98,Credit Card
ORD012996,CUST03177,2026-01-06,Completed,139.75,PayPal
ORD012997,CUST02797,2026-06-12,Shipped,90.03,Debit Card
ORD012998,CUST04696,2026-08-11,Processing,137.87,Debit Card
ORD012999,CUST01556,2026-02-22,Processing,62.91,PayPal
ORD013000,CUST03691,2026-07-15,Completed,115.91,Apple Pay
ORD013001,CUST04937,2026-06-19,Completed,62.64,Credit Card
ORD013002,CUST03573,2026-01-04,Cancelled,33.19,PayPal
ORD013003,CUST04444,2026-03-01,Completed,42.69,Apple Pay
ORD013004,CUST00331,2026-06-22,Shipped,89.3,Debit Card
ORD013005,CUST04706,2026-03-13,Completed,84.67,Google Pay
ORD013006,CUST01945,2026-03-16,Completed,71.55,Credit Card
ORD013007,CUST04840,2026-03-07,Completed,63.83,Credit Card
ORD013008,CUST03959,2026-07-29,Shipped,70.95,Credit Card
ORD013009,CUST04665,2026-07-29,Processing,33.4,Debit Card
ORD013010,CUST01685,2026-01-22,Shipped,67.17,Credit Card
ORD013011,CUST02437,2026-05-20,Completed,48.13,Credit Card
ORD013012,CUST00971,2026-07-28,Shipped,53.56,Debit Card
ORD013013,CUST00747,2026-02-20,Processing,15.73,PayPal
ORD013014,CUST02185,2026-05-25,Completed,79.52,Apple Pay
ORD013015,CUST01385,2026-06-13,Processing,23.35,Google Pay
ORD013016,CUST04031,2026-04-03,Completed,23.94,Apple Pay
ORD013017,CUST01019,2026-02-18,Processing,79.99,Debit Card
ORD013018,CUST02579,2026-01-16,Cancelled,18.91,Debit Card
ORD013019,CUST04112,2026-07-22,Completed,103.93,Apple Pay
ORD013020,CUST04664,2026-02-13,Shipped,35.07,Debit Card
ORD013021,CUST03941,2026-04-17,Cancelled,89.77,Google Pay
ORD013022,CUST02025,2026-05-30,Completed,23.6,Credit Card
ORD013023,CUST01543,2026-04-04,Completed,41.94,PayPal
ORD013024,CUST02712,2026-01-08,Shipped,102.7,Google Pay
ORD013025,CUST03047,2026-04-20,Shipped,50.94,Debit Card
ORD013026,CUST01455,2026-01-18,Completed,31.39,PayPal
ORD013027,CUST03004,2026-03-21,Processing,82.69,Apple Pay
ORD013028,CUST01703,2026-04-28,Completed,10.18,Credit Card
ORD013029,CUST04421,2026-07-31,Completed,133.2,Apple Pay
ORD013030,CUST03874,2026-03-13,Shipped,27.5,PayPal
ORD013031,CUST00122,2026-04-04,Shipped,172.64,Credit Card
ORD013032,CUST01477,2026-02-07,Cancelled,100.21,Apple Pay
ORD013033,CUST00266,2026-06-06,Cancelled,48.9,PayPal
ORD013034,CUST00028,2026-07-24,Cancelled,81.58,Credit Card
ORD013035,CUST02125,2026-03-22,Completed,16.87,Debit Card
ORD013036,CUST00432,2026-04-17,Cancelled,34.76,Credit Card
ORD013037,CUST04975,2026-07-28,Shipped,42.63,PayPal
ORD013038,CUST03778,2026-07-20,Completed,77.33,Google Pay
ORD013039,CUST04532,2026-05-10,Completed,58.74,PayPal
ORD013040,CUST01086,2026-07-06,Completed,48.84,Google Pay
ORD013041,CUST02095,2026-02-11,Completed,43.45,Apple Pay
ORD013042,CUST02486,2026-04-28,Shipped,52.75,Debit Card
ORD013043,CUST00101,2026-08-04,Completed,59.14,Credit Card
ORD013044,CUST02155,2026-01-21,Completed,99.49,PayPal
ORD013045,CUST03049,2026-05-10,Processing,78.63,Debit Card
ORD013046,CUST04983,2026-01-05,Completed,82.05,Google Pay
ORD013047,CUST00800,2026-01-17,Cancelled,175.86,Google Pay
ORD013048,CUST03823,2026-01-24,Shipped,84.64,PayPal
ORD013049,CUST01296,2026-05-16,Completed,65.31,Google Pay
ORD013050,CUST00435,2026-06-07,Processing,100.86,Debit Card
ORD013051,CUST03805,2026-06-27,Completed,53.75,Debit Card
ORD013052,CUST02614,2026-05-30,Completed,60.5,Debit Card
ORD013053,CUST00916,2026-02-28,Completed,152.35,PayPal
ORD013054,CUST02276,2026-06-01,Completed,68.23,Google Pay
ORD013055,CUST04641,2026-01-26,Completed,98.15,Google Pay
ORD013056,CUST00648,2026-03-02,Cancelled,144.7,Apple Pay
ORD013057,CUST02296,2026-05-16,Cancelled,212.46,Credit Card
ORD013058,CUST04079,2026-01-12,Completed,17.33,Credit Card
ORD013059,CUST01432,2026-01-14,Processing,18.84,Google Pay
ORD013060,CUST02362,2026-01-30,Shipped,27.45,Google Pay
ORD013061,CUST04133,2026-07-02,Shipped,17.96,Debit Card
ORD013062,CUST00724,2026-04-09,Shipped,680.0,PayPal
ORD013063,CUST01548,2026-07-08,Processing,134.0,Google Pay
ORD013064,CUST00980,2026-03-03,Cancelled,41.39,Apple Pay
ORD013065,CUST00084,2026-01-31,Processing,65.92,Apple Pay
ORD013066,CUST03487,2026-08-08,Processing,34.2,Google Pay
ORD013067,CUST01366,2026-01-27,Completed,25.68,Credit Card
ORD013068,CUST04815,2026-01-01,Completed,12.7,PayPal
ORD013069,CUST00550,2026-02-10,Processing,17.19,Apple Pay
ORD013070,CUST03493,2026-05-22,Processing,104.31,Google Pay
ORD013071,CUST02763,2026-03-15,Completed,40.53,Google Pay
ORD013072,CUST03854,2026-06-27,Completed,31.42,Debit Card
ORD013073,CUST04683,2026-02-11,Cancelled,219.49,Apple Pay
ORD013074,CUST03200,2026-07-18,Cancelled,79.55,Debit Card
ORD013075,CUST00152,2026-02-09,Shipped,143.09,PayPal
ORD013076,CUST03499,2026-01-14,Completed,37.31,PayPal
ORD013077,CUST02213,2026-04-10,Processing,130.93,Apple Pay
ORD013078,CUST02986,2026-04-01,Processing,90.18,Debit Card
ORD013079,CUST04095,2026-05-19,Completed,22.62,Credit Card
ORD013080,CUST01568,2026-07-10,Processing,60.34,Debit Card
ORD013081,CUST00212,2026-04-16,Cancelled,15.37,Apple Pay
ORD013082,CUST04838,2026-02-18,Processing,50.57,Apple Pay
ORD013083,CUST02180,2026-06-14,Processing,35.02,Debit Card
ORD013084,CUST03224,2026-04-16,Completed,80.7,Google Pay
ORD013085,CUST04192,2026-05-18,Cancelled,46.67,Google Pay
ORD013086,CUST01527,2026-07-01,Completed,143.79,Credit Card
ORD013087,CUST00522,2026-01-07,Completed,50.43,Credit Card
ORD013088,CUST03947,2026-03-22,Completed,68.25,Credit Card
ORD013089,CUST01703,2026-05-20,Completed,80.03,Apple Pay
ORD013090,CUST00018,2026-04-11,Shipped,47.15,Apple Pay
ORD013091,CUST03481,2026-02-24,Shipped,144.42,Google Pay
ORD013092,CUST01720,2026-06-13,Cancelled,111.88,Debit Card
ORD013093,CUST03317,2026-01-07,Completed,78.16,PayPal
ORD013094,CUST04015,2026-06-01,Completed,42.26,Debit Card
ORD013095,CUST00879,2026-02-03,Cancelled,26.94,Google Pay
ORD013096,CUST00594,2026-05-06,Processing,61.0,Google Pay
ORD013097,CUST04739,2026-07-12,Completed,55.33,Google Pay
ORD013098,CUST04897,2026-01-29,Processing,33.26,Google Pay
ORD013099,CUST04551,2026-01-26,Cancelled,49.05,Apple Pay
ORD013100,CUST01610,2026-03-15,Completed,25.85,Credit Card
ORD013101,CUST00876,2026-07-12,Completed,186.62,Credit Card
ORD013102,CUST03232,2026-02-14,Shipped,120.18,Debit Card
ORD013103,CUST02449,2026-01-17,Completed,24.74,Debit Card
ORD013104,CUST04558,2026-06-13,Completed,72.22,Google Pay
ORD013105,CUST02137,2026-07-20,Processing,14.9,Google Pay
ORD013106,CUST02054,2026-03-04,Completed,48.31,PayPal
ORD013107,CUST00084,2026-05-31,Cancelled,52.02,Credit Card
ORD013108,CUST01440,2026-04-03,Processing,35.11,Google Pay
ORD013109,CUST02669,2026-03-07,Completed,33.38,Debit Card
ORD013110,CUST02220,2026-07-29,Processing,70.95,Debit Card
ORD013111,CUST00699,2026-04-02,Shipped,43.25,Debit Card
ORD013112,CUST01821,2026-04-27,Completed,91.81,PayPal
ORD013113,CUST04626,2026-02-11,Completed,153.37,Google Pay
ORD013114,CUST04415,2026-03-12,Processing,76.72,Google Pay
ORD013115,CUST01099,2026-03-16,Processing,155.81,Google Pay
ORD013116,CUST02895,2026-03-12,Completed,35.53,PayPal
ORD013117,CUST03418,2026-02-12,Processing,60.17,Google Pay
ORD013118,CUST00249,2026-08-04,Completed,130.69,Credit Card
ORD013119,CUST04483,2026-02-24,Cancelled,51.99,Google Pay
ORD013120,CUST01958,2026-02-25,Processing,73.65,Google Pay
ORD013121,CUST01891,2026-03-20,Cancelled,29.61,Debit Card
ORD013122,CUST04459,2026-06-08,Cancelled,194.92,Google Pay
ORD013123,CUST03368,2026-03-24,Completed,35.51,Apple Pay
ORD013124,CUST02116,2026-07-03,Completed,68.94,PayPal
ORD013125,CUST03064,2026-05-01,Cancelled,37.05,Debit Card
ORD013126,CUST01807,2026-07-21,Shipped,25.43,PayPal
ORD013127,CUST00296,2026-06-25,Cancelled,81.02,Apple Pay
ORD013128,CUST02695,2026-06-29,Completed,203.71,Debit Card
ORD013129,CUST01992,2026-03-13,Completed,35.15,Debit Card
ORD013130,CUST03940,2026-01-01,Shipped,28.83,Apple Pay
ORD013131,CUST00032,2026-05-10,Processing,39.95,Apple Pay
ORD013132,CUST04651,2026-04-03,Cancelled,46.86,Credit Card
ORD013133,CUST03876,2026-02-11,Processing,80.04,Debit Card
ORD013134,CUST04401,2026-03-15,Completed,15.76,PayPal
ORD013135,CUST00793,2026-01-09,Processing,132.67,Google Pay
ORD013136,CUST04192,2026-04-24,Shipped,158.65,Apple Pay
ORD013137,CUST01090,2026-01-31,Completed,78.42,Credit Card
ORD013138,CUST00230,2026-04-06,Completed,27.89,Apple Pay
ORD013139,CUST02781,2026-01-02,Shipped,129.05,PayPal
ORD013140,CUST04454,2026-01-24,Completed,43.18,Google Pay
ORD013141,CUST04498,2026-06-20,Shipped,68.04,Google Pay
ORD013142,CUST00790,2026-07-17,Processing,58.28,Apple Pay
ORD013143,CUST04195,2026-07-19,Shipped,25.98,Google Pay
ORD013144,CUST04367,2026-08-05,Completed,235.65,Google Pay
ORD013145,CUST01799,2026-02-12,Shipped,24.0,PayPal
ORD013146,CUST03981,2026-02-20,Completed,60.88,Apple Pay
ORD013147,CUST04458,2026-08-05,Processing,66.91,Credit Card
ORD013148,CUST03241,2026-06-23,Shipped,62.82,Credit Card
ORD013149,CUST04636,2026-03-16,Completed,71.6,Debit Card
ORD013150,CUST03857,2026-04-09,Processing,60.65,PayPal
ORD013151,CUST04929,2026-01-01,Cancelled,79.39,Apple Pay
ORD013152,CUST00314,2026-05-04,Completed,30.07,Google Pay
ORD013153,CUST00233,2026-04-27,Completed,26.44,PayPal
ORD013154,CUST03508,2026-03-28,Cancelled,131.6,Apple Pay
ORD013155,CUST01030,2026-07-14,Cancelled,84.18,Apple Pay
ORD013156,CUST03607,2026-05-09,Cancelled,54.0,PayPal
ORD013157,CUST02712,2026-04-28,Completed,151.53,PayPal
ORD013158,CUST04340,2026-03-04,Shipped,87.02,PayPal
ORD013159,CUST02289,2026-03-17,Processing,100.6,Debit Card
ORD013160,CUST04000,2026-07-09,Shipped,170.87,Google Pay
ORD013161,CUST02606,2026-07-08,Shipped,66.32,PayPal
ORD013162,CUST03345,2026-06-17,Processing,46.4,Debit Card
ORD013163,CUST02123,2026-04-05,Cancelled,44.96,Credit Card
ORD013164,CUST02331,2026-06-06,Cancelled,13.83,Debit Card
ORD013165,CUST03780,2026-02-04,Completed,29.14,Google Pay
ORD013166,CUST04183,2026-04-02,Completed,102.27,Credit Card
ORD013167,CUST00881,2026-03-26,Completed,34.01,PayPal
ORD013168,CUST02978,2026-05-19,Processing,45.21,PayPal
ORD013169,CUST01173,2026-08-06,Processing,99.8,PayPal
ORD013170,CUST00160,2026-05-19,Completed,66.32,PayPal
ORD013171,CUST02494,2026-07-10,Completed,68.9,Credit Card
ORD013172,CUST02130,2026-07-16,Completed,155.35,Debit Card
ORD013173,CUST03079,2026-02-25,Completed,101.66,Debit Card
ORD013174,CUST02230,2026-01-07,Completed,14.07,Apple Pay
ORD013175,CUST02918,2026-02-20,Completed,186.44,Debit Card
ORD013176,CUST03014,2026-08-11,Cancelled,48.42,Debit Card
ORD013177,CUST01550,2026-02-08,Shipped,94.18,Debit Card
ORD013178,CUST04574,2026-02-11,Completed,69.4,Debit Card
ORD013179,CUST03386,2026-03-13,Completed,33.99,Debit Card
ORD013180,CUST01580,2026-02-22,Processing,81.23,Credit Card
ORD013181,CUST03372,2026-04-01,Shipped,39.64,Google Pay
ORD013182,CUST01961,2026-05-29,Cancelled,46.46,Google Pay
ORD013183,CUST03845,2026-01-30,Completed,100.21,Apple Pay
ORD013184,CUST04698,2026-07-25,Completed,35.77,Debit Card
ORD013185,CUST02391,2026-05-03,Cancelled,15.21,PayPal
ORD013186,CUST01420,2026-05-09,Processing,33.13,Google Pay
ORD013187,CUST03918,2026-01-24,Completed,146.15,PayPal
ORD013188,CUST03836,2026-05-05,Completed,117.85,Apple Pay
ORD013189,CUST04429,2026-05-14,Completed,85.59,PayPal
ORD013190,CUST04451,2026-01-06,Completed,78.54,Debit Card
ORD013191,CUST03631,2026-05-07,Processing,244.15,Debit Card
ORD013192,CUST04943,2026-04-27,Completed,146.38,Credit Card
ORD013193,CUST00163,2026-07-16,Completed,35.32,Debit Card
ORD013194,CUST00116,2026-07-09,Completed,83.26,Google Pay
ORD013195,CUST01471,2026-02-04,Completed,93.48,Debit Card
ORD013196,CUST03080,2026-05-08,Completed,36.72,Debit Card
ORD013197,CUST03853,2026-03-20,Cancelled,80.21,PayPal
ORD013198,CUST02839,2026-02-04,Cancelled,34.77,Apple Pay
ORD013199,CUST00543,2026-02-17,Cancelled,57.62,Debit Card
ORD013200,CUST00414,2026-04-24,Completed,52.85,Google Pay
ORD013201,CUST00682,2026-04-15,Processing,145.95,Apple Pay
ORD013202,CUST00642,2026-03-13,Shipped,120.7,Debit Card
ORD013203,CUST03979,2026-02-12,Completed,31.74,Apple Pay
ORD013204,CUST01433,2026-02-04,Completed,252.19,Google Pay
ORD013205,CUST00669,2026-05-13,Cancelled,95.63,PayPal
ORD013206,CUST02070,2026-01-31,Cancelled,22.26,PayPal
ORD013207,CUST00969,2026-04-16,Processing,30.93,Credit Card
ORD013208,CUST01181,2026-06-08,Completed,24.35,Google Pay
ORD013209,CUST04820,2026-04-11,Completed,43.17,Debit Card
ORD013210,CUST03236,2026-01-08,Cancelled,204.06,Debit Card
ORD013211,CUST00252,2026-01-06,Processing,58.17,Credit Card
ORD013212,CUST04301,2026-03-28,Completed,73.77,Google Pay
ORD013213,CUST02880,2026-06-30,Cancelled,238.43,Apple Pay
ORD013214,CUST03999,2026-03-21,Shipped,32.01,Apple Pay
ORD013215,CUST00791,2026-02-13,Completed,76.67,PayPal
ORD013216,CUST04561,2026-06-26,Completed,129.87,Apple Pay
ORD013217,CUST01496,2026-05-16,Cancelled,32.47,Apple Pay
ORD013218,CUST04490,2026-03-05,Completed,108.23,Google Pay
ORD013219,CUST03069,2026-05-12,Cancelled,71.71,Google Pay
ORD013220,CUST02708,2026-02-01,Completed,23.27,Credit Card
ORD013221,CUST02578,2026-02-22,Cancelled,113.52,Google Pay
ORD013222,CUST01236,2026-04-23,Cancelled,76.29,Credit Card
ORD013223,CUST01059,2026-07-14,Shipped,64.57,Credit Card
ORD013224,CUST01171,2026-03-04,Cancelled,77.94,Debit Card
ORD013225,CUST03619,2026-04-24,Shipped,186.76,Apple Pay
ORD013226,CUST03660,2026-07-27,Completed,61.26,Google Pay
ORD013227,CUST03656,2026-07-07,Shipped,34.47,Credit Card
ORD013228,CUST00057,2026-08-14,Completed,24.41,Apple Pay
ORD013229,CUST01893,2026-03-18,Completed,35.25,Google Pay
ORD013230,CUST02570,2026-06-10,Cancelled,31.96,Apple Pay
ORD013231,CUST04081,2026-01-22,Completed,38.03,Credit Card
ORD013232,CUST04457,2026-05-07,Shipped,53.22,Apple Pay
ORD013233,CUST01949,2026-01-31,Shipped,102.89,PayPal
ORD013234,CUST00223,2026-01-24,Processing,31.05,Apple Pay
ORD013235,CUST01640,2026-01-03,Completed,32.42,PayPal
ORD013236,CUST04423,2026-02-02,Cancelled,53.55,Google Pay
ORD013237,CUST01758,2026-08-10,Completed,59.87,Credit Card
ORD013238,CUST00836,2026-06-03,Completed,104.73,Apple Pay
ORD013239,CUST02537,2026-08-14,Completed,70.53,Apple Pay
ORD013240,CUST02526,2026-02-20,Completed,82.56,Apple Pay
ORD013241,CUST00985,2026-08-02,Completed,67.11,Credit Card
ORD013242,CUST01358,2026-01-30,Shipped,22.77,Apple Pay
ORD013243,CUST04888,2026-06-12,Completed,19.99,Google Pay
ORD013244,CUST03061,2026-01-25,Completed,13.26,Google Pay
ORD013245,CUST04478,2026-01-28,Processing,25.73,Google Pay
ORD013246,CUST01447,2026-04-07,Processing,48.06,Google Pay
ORD013247,CUST01372,2026-03-28,Completed,72.72,Debit Card
ORD013248,CUST03225,2026-01-26,Processing,10.92,Debit Card
ORD013249,CUST01875,2026-04-30,Completed,33.51,Google Pay
ORD013250,CUST02500,2026-07-20,Cancelled,40.85,Apple Pay
ORD013251,CUST03362,2026-05-16,Completed,41.01,Google Pay
ORD013252,CUST01143,2026-04-11,Shipped,41.28,Debit Card
ORD013253,CUST04310,2026-04-07,Completed,22.24,Debit Card
ORD013254,CUST00565,2026-01-15,Shipped,50.27,Credit Card
ORD013255,CUST04828,2026-02-18,Processing,31.25,Credit Card
ORD013256,CUST04535,2026-04-21,Completed,144.02,Apple Pay
ORD013257,CUST01589,2026-01-08,Shipped,130.32,Credit Card
ORD013258,CUST03986,2026-07-02,Processing,32.66,PayPal
ORD013259,CUST04725,2026-03-26,Shipped,35.61,PayPal
ORD013260,CUST04999,2026-05-08,Completed,205.95,Credit Card
ORD013261,CUST01471,2026-07-05,Completed,22.17,PayPal
ORD013262,CUST03915,2026-05-11,Cancelled,62.2,Debit Card
ORD013263,CUST03114,2026-05-17,Cancelled,168.34,Google Pay
ORD013264,CUST04491,2026-01-14,Completed,31.51,Google Pay
ORD013265,CUST04343,2026-04-01,Processing,19.55,PayPal
ORD013266,CUST03363,2026-05-28,Completed,40.84,Debit Card
ORD013267,CUST01637,2026-01-04,Completed,49.36,Debit Card
ORD013268,CUST02913,2026-06-01,Cancelled,66.82,Credit Card
ORD013269,CUST01473,2026-08-07,Shipped,64.55,Debit Card
ORD013270,CUST01245,2026-03-17,Shipped,78.29,Debit Card
ORD013271,CUST03738,2026-01-28,Completed,9.5,Debit Card
ORD013272,CUST02099,2026-04-09,Shipped,61.98,Google Pay
ORD013273,CUST02598,2026-08-04,Shipped,35.85,PayPal
ORD013274,CUST02513,2026-06-08,Shipped,148.73,Credit Card
ORD013275,CUST04515,2026-03-08,Completed,100.52,Credit Card
ORD013276,CUST00259,2026-08-10,Processing,118.01,Credit Card
ORD013277,CUST02359,2026-07-11,Processing,119.64,Apple Pay
ORD013278,CUST03394,2026-08-07,Cancelled,66.05,PayPal
ORD013279,CUST03779,2026-04-27,Completed,43.0,Google Pay
ORD013280,CUST03412,2026-01-17,Shipped,53.62,PayPal
ORD013281,CUST01269,2026-05-14,Completed,114.98,Credit Card
ORD013282,CUST00940,2026-04-17,Shipped,48.78,Google Pay
ORD013283,CUST02377,2026-07-29,Completed,63.3,PayPal
ORD013284,CUST03952,2026-07-07,Shipped,55.87,Debit Card
ORD013285,CUST00196,2026-08-07,Completed,49.75,PayPal
ORD013286,CUST04158,2026-03-22,Completed,144.17,Debit Card
ORD013287,CUST03097,2026-01-11,Processing,41.48,Credit Card
ORD013288,CUST03636,2026-06-15,Processing,27.33,Debit Card
ORD013289,CUST00562,2026-04-11,Completed,96.51,Apple Pay
ORD013290,CUST03450,2026-06-11,Processing,54.04,Google Pay
ORD013291,CUST03367,2026-06-24,Cancelled,40.04,Debit Card
ORD013292,CUST03124,2026-06-09,Completed,42.88,Google Pay
ORD013293,CUST02892,2026-04-17,Processing,46.94,Debit Card
ORD013294,CUST00040,2026-04-30,Processing,35.91,Credit Card
ORD013295,CUST01768,2026-07-04,Cancelled,179.15,PayPal
ORD013296,CUST02505,2026-06-23,Shipped,129.36,Debit Card
ORD013297,CUST00788,2026-06-12,Completed,24.44,Credit Card
ORD013298,CUST01877,2026-08-08,Processing,38.99,Debit Card
ORD013299,CUST04098,2026-05-30,Completed,46.72,Apple Pay
ORD013300,CUST01493,2026-05-24,Completed,11.74,Google Pay
ORD013301,CUST01130,2026-04-16,Processing,37.58,Debit Card
ORD013302,CUST02264,2026-04-28,Completed,83.6,Credit Card
ORD013303,CUST04873,2026-03-17,Cancelled,51.75,Credit Card
ORD013304,CUST04510,2026-01-05,Completed,146.85,PayPal
ORD013305,CUST04022,2026-08-06,Cancelled,79.8,Google Pay
ORD013306,CUST04306,2026-01-26,Completed,160.81,PayPal
ORD013307,CUST02186,2026-03-18,Completed,95.82,Google Pay
ORD013308,CUST01645,2026-06-01,Processing,54.52,Google Pay
ORD013309,CUST03561,2026-03-08,Completed,29.35,Debit Card
ORD013310,CUST02686,2026-02-01,Cancelled,26.52,PayPal
ORD013311,CUST04822,2026-05-31,Completed,74.84,PayPal
ORD013312,CUST01413,2026-06-26,Completed,114.44,PayPal
ORD013313,CUST01222,2026-04-29,Completed,66.67,Credit Card
ORD013314,CUST02250,2026-07-09,Processing,82.28,Apple Pay
ORD013315,CUST02240,2026-04-12,Completed,97.27,Debit Card
ORD013316,CUST04203,2026-04-19,Completed,45.44,PayPal
ORD013317,CUST04423,2026-07-24,Processing,83.9,Google Pay
ORD013318,CUST00644,2026-03-20,Processing,87.85,Google Pay
ORD013319,CUST04453,2026-03-07,Shipped,27.75,Debit Card
ORD013320,CUST02549,2026-05-19,Completed,67.71,Credit Card
ORD013321,CUST04604,2026-03-21,Completed,80.7,PayPal
ORD013322,CUST03806,2026-05-26,Cancelled,78.27,Apple Pay
ORD013323,CUST04291,2026-08-14,Completed,73.03,Credit Card
ORD013324,CUST04143,2026-01-10,Processing,104.46,Debit Card
ORD013325,CUST01386,2026-03-18,Processing,281.25,PayPal
ORD013326,CUST02585,2026-08-12,Completed,69.13,Debit Card
ORD013327,CUST01602,2026-03-01,Completed,182.59,Debit Card
ORD013328,CUST04943,2026-01-08,Completed,18.38,Debit Card
ORD013329,CUST04805,2026-07-18,Processing,66.68,Debit Card
ORD013330,CUST03318,2026-02-17,Cancelled,20.02,Apple Pay
ORD013331,CUST00808,2026-03-22,Cancelled,42.34,Debit Card
ORD013332,CUST02660,2026-02-10,Completed,196.74,Google Pay
ORD013333,CUST00115,2026-08-07,Completed,105.77,Debit Card
ORD013334,CUST02728,2026-05-03,Shipped,65.11,Apple Pay
ORD013335,CUST04727,2026-01-08,Processing,134.29,Debit Card
ORD013336,CUST02267,2026-04-03,Processing,71.99,PayPal
ORD013337,CUST04293,2026-06-14,Completed,45.66,Credit Card
ORD013338,CUST04497,2026-04-01,Cancelled,18.36,Apple Pay
ORD013339,CUST03902,2026-06-14,Shipped,81.22,PayPal
ORD013340,CUST02729,2026-03-05,Shipped,30.71,Apple Pay
ORD013341,CUST04172,2026-07-06,Cancelled,59.85,Credit Card
ORD013342,CUST01450,2026-05-07,Processing,55.75,Google Pay
ORD013343,CUST04383,2026-03-29,Processing,46.29,Credit Card
ORD013344,CUST01569,2026-02-14,Processing,75.52,Google Pay
ORD013345,CUST01323,2026-05-24,Completed,213.34,Debit Card
ORD013346,CUST00861,2026-01-26,Completed,67.81,PayPal
ORD013347,CUST00742,2026-06-08,Completed,56.79,Apple Pay
ORD013348,CUST01731,2026-06-04,Processing,51.55,Google Pay
ORD013349,CUST04905,2026-08-06,Shipped,61.23,Apple Pay
ORD013350,CUST02934,2026-06-20,Completed,126.77,Credit Card
ORD013351,CUST03519,2026-01-15,Completed,5.74,Debit Card
ORD013352,CUST04510,2026-02-27,Cancelled,50.29,Credit Card
ORD013353,CUST04527,2026-06-26,Processing,11.8,Google Pay
ORD013354,CUST03168,2026-03-20,Processing,43.2,PayPal
ORD013355,CUST01919,2026-08-03,Processing,62.71,Google Pay
ORD013356,CUST02219,2026-01-25,Processing,122.44,Google Pay
ORD013357,CUST01341,2026-03-09,Processing,103.58,Credit Card
ORD013358,CUST04640,2026-02-05,Processing,154.84,Google Pay
ORD013359,CUST01515,2026-04-27,Completed,47.19,PayPal
ORD013360,CUST01412,2026-03-21,Completed,31.73,Debit Card
ORD013361,CUST03037,2026-06-24,Shipped,39.99,Credit Card
ORD013362,CUST04168,2026-02-28,Processing,94.71,Google Pay
ORD013363,CUST01023,2026-08-01,Shipped,160.3,Apple Pay
ORD013364,CUST04628,2026-06-29,Cancelled,81.48,Debit Card
ORD013365,CUST02287,2026-02-09,Completed,42.84,Credit Card
ORD013366,CUST02759,2026-06-20,Shipped,23.0,PayPal
ORD013367,CUST04673,2026-04-27,Completed,51.16,PayPal
ORD013368,CUST03772,2026-07-03,Completed,97.08,Debit Card
ORD013369,CUST01113,2026-03-22,Completed,24.95,PayPal
ORD013370,CUST01946,2026-05-11,Completed,244.24,Credit Card
ORD013371,CUST04809,2026-03-12,Completed,52.38,Credit Card
ORD013372,CUST01559,2026-05-20,Cancelled,121.89,Credit Card
ORD013373,CUST03880,2026-07-12,Completed,28.5,Google Pay
ORD013374,CUST00642,2026-06-20,Completed,43.68,PayPal
ORD013375,CUST02238,2026-04-11,Completed,152.94,Google Pay
ORD013376,CUST04908,2026-03-11,Completed,26.39,PayPal
ORD013377,CUST03487,2026-06-23,Completed,88.71,PayPal
ORD013378,CUST03226,2026-07-07,Cancelled,32.84,PayPal
ORD013379,CUST01015,2026-07-08,Completed,31.84,Apple Pay
ORD013380,CUST02022,2026-06-26,Completed,57.17,Google Pay
ORD013381,CUST02677,2026-08-03,Completed,37.98,Debit Card
ORD013382,CUST01541,2026-01-25,Shipped,74.78,Google Pay
ORD013383,CUST02937,2026-03-30,Completed,51.13,PayPal
ORD013384,CUST03107,2026-05-11,Completed,36.08,Debit Card
ORD013385,CUST00784,2026-07-15,Completed,52.93,Debit Card
ORD013386,CUST00671,2026-03-04,Cancelled,174.9,Debit Card
ORD013387,CUST02770,2026-01-30,Completed,31.37,Apple Pay
ORD013388,CUST02574,2026-08-13,Completed,28.53,Credit Card
ORD013389,CUST02585,2026-04-03,Shipped,30.16,PayPal
ORD013390,CUST04943,2026-05-12,Completed,30.67,PayPal
ORD013391,CUST01278,2026-03-19,Shipped,31.76,Google Pay
ORD013392,CUST03044,2026-03-26,Completed,23.78,Debit Card
ORD013393,CUST03173,2026-03-12,Completed,111.76,Apple Pay
ORD013394,CUST03783,2026-05-29,Cancelled,68.18,Debit Card
ORD013395,CUST00178,2026-03-12,Completed,58.3,Google Pay
ORD013396,CUST00276,2026-05-09,Processing,323.98,Credit Card
ORD013397,CUST02360,2026-07-07,Cancelled,91.34,PayPal
ORD013398,CUST03482,2026-02-03,Completed,726.21,Debit Card
ORD013399,CUST04887,2026-03-28,Cancelled,149.21,PayPal
ORD013400,CUST03360,2026-05-11,Completed,25.79,Google Pay
ORD013401,CUST01425,2026-01-18,Completed,23.72,Credit Card
ORD013402,CUST04123,2026-02-12,Completed,42.07,Apple Pay
ORD013403,CUST02961,2026-03-17,Completed,47.12,Credit Card
ORD013404,CUST02470,2026-03-19,Processing,147.51,Apple Pay
ORD013405,CUST03086,2026-02-10,Processing,45.24,Debit Card
ORD013406,CUST02373,2026-08-08,Cancelled,55.83,Credit Card
ORD013407,CUST04069,2026-04-16,Completed,26.65,Debit Card
ORD013408,CUST01591,2026-04-19,Cancelled,95.86,Credit Card
ORD013409,CUST04381,2026-01-24,Completed,130.14,Debit Card
ORD013410,CUST01113,2026-01-24,Processing,103.77,Google Pay
ORD013411,CUST01069,2026-01-03,Processing,66.1,Google Pay
ORD013412,CUST02546,2026-07-06,Cancelled,123.67,Apple Pay
ORD013413,CUST03650,2026-07-05,Completed,87.7,Credit Card
ORD013414,CUST01815,2026-03-14,Cancelled,104.88,Credit Card
ORD013415,CUST03908,2026-01-24,Cancelled,34.91,Apple Pay
ORD013416,CUST03732,2026-07-13,Cancelled,49.19,Debit Card
ORD013417,CUST02193,2026-04-29,Completed,93.14,Credit Card
ORD013418,CUST00082,2026-02-09,Completed,43.61,Apple Pay
ORD013419,CUST03707,2026-08-08,Processing,251.43,Apple Pay
ORD013420,CUST03177,2026-03-12,Completed,81.18,Credit Card
ORD013421,CUST01826,2026-05-17,Completed,90.26,PayPal
ORD013422,CUST00082,2026-04-19,Completed,126.19,Debit Card
ORD013423,CUST00094,2026-04-13,Completed,72.89,PayPal
ORD013424,CUST00343,2026-07-07,Cancelled,83.93,PayPal
ORD013425,CUST02409,2026-06-16,Cancelled,40.29,Debit Card
ORD013426,CUST01855,2026-02-02,Completed,47.66,Google Pay
ORD013427,CUST04000,2026-06-11,Processing,60.2,Credit Card
ORD013428,CUST01090,2026-03-03,Completed,28.02,Apple Pay
ORD013429,CUST00624,2026-03-26,Completed,186.38,Credit Card
ORD013430,CUST00868,2026-03-02,Shipped,27.18,PayPal
ORD013431,CUST02477,2026-04-03,Processing,28.45,Google Pay
ORD013432,CUST03473,2026-01-27,Processing,60.74,Google Pay
ORD013433,CUST00171,2026-05-06,Shipped,82.85,Credit Card
ORD013434,CUST01783,2026-05-25,Shipped,36.26,PayPal
ORD013435,CUST00578,2026-03-01,Completed,42.13,Debit Card
ORD013436,CUST00068,2026-06-19,Completed,49.91,Apple Pay
ORD013437,CUST01516,2026-02-16,Processing,61.75,Google Pay
ORD013438,CUST00001,2026-04-22,Processing,94.61,Apple Pay
ORD013439,CUST02199,2026-03-28,Completed,35.72,PayPal
ORD013440,CUST00902,2026-06-30,Shipped,44.88,Credit Card
ORD013441,CUST04846,2026-04-19,Shipped,78.82,PayPal
ORD013442,CUST00795,2026-05-29,Processing,137.84,Google Pay
ORD013443,CUST02067,2026-05-16,Shipped,114.34,Credit Card
ORD013444,CUST01820,2026-03-14,Completed,78.89,Apple Pay
ORD013445,CUST00371,2026-05-02,Completed,14.29,Google Pay
ORD013446,CUST02539,2026-04-07,Processing,32.72,Credit Card
ORD013447,CUST03908,2026-07-05,Cancelled,34.85,Credit Card
ORD013448,CUST02055,2026-03-09,Completed,122.72,Apple Pay
ORD013449,CUST02597,2026-03-04,Cancelled,28.7,PayPal
ORD013450,CUST04467,2026-07-06,Completed,20.59,PayPal
ORD013451,CUST01689,2026-03-23,Completed,79.22,PayPal
ORD013452,CUST04853,2026-08-12,Cancelled,85.42,Google Pay
ORD013453,CUST03322,2026-01-30,Shipped,35.57,Credit Card
ORD013454,CUST01139,2026-01-25,Processing,44.29,Debit Card
ORD013455,CUST02622,2026-05-01,Completed,184.8,Debit Card
ORD013456,CUST02729,2026-04-07,Completed,23.03,Apple Pay
ORD013457,CUST01166,2026-04-09,Processing,29.15,Credit Card
ORD013458,CUST01509,2026-04-16,Completed,92.58,Google Pay
ORD013459,CUST03842,2026-02-25,Processing,65.41,Credit Card
ORD013460,CUST04559,2026-06-11,Cancelled,57.57,Apple Pay
ORD013461,CUST04577,2026-06-27,Completed,20.42,Debit Card
ORD013462,CUST04919,2026-05-10,Completed,30.88,Google Pay
ORD013463,CUST00524,2026-07-24,Shipped,48.52,Debit Card
ORD013464,CUST02259,2026-02-22,Completed,227.8,PayPal
ORD013465,CUST04340,2026-05-06,Completed,41.6,Apple Pay
ORD013466,CUST00239,2026-02-10,Shipped,21.37,Debit Card
ORD013467,CUST01221,2026-01-23,Completed,44.22,Google Pay
ORD013468,CUST00769,2026-07-08,Cancelled,36.53,Credit Card
ORD013469,CUST00235,2026-08-03,Completed,90.34,Apple Pay
ORD013470,CUST02761,2026-01-31,Completed,9.69,Debit Card
ORD013471,CUST04593,2026-07-13,Completed,37.5,PayPal
ORD013472,CUST01520,2026-01-02,Completed,163.9,Debit Card
ORD013473,CUST01904,2026-07-16,Processing,93.32,Google Pay
ORD013474,CUST02235,2026-03-01,Shipped,63.07,PayPal
ORD013475,CUST00936,2026-03-19,Shipped,40.85,PayPal
ORD013476,CUST01269,2026-01-23,Shipped,96.75,Apple Pay
ORD013477,CUST00819,2026-07-04,Processing,94.3,Google Pay
ORD013478,CUST03568,2026-02-04,Completed,27.49,Google Pay
ORD013479,CUST04118,2026-01-01,Cancelled,130.17,PayPal
ORD013480,CUST02116,2026-04-15,Completed,288.19,Credit Card
ORD013481,CUST02440,2026-06-25,Completed,45.56,Credit Card
ORD013482,CUST03388,2026-02-18,Cancelled,29.75,Apple Pay
ORD013483,CUST01089,2026-06-17,Shipped,105.89,Apple Pay
ORD013484,CUST01828,2026-03-03,Completed,115.86,Apple Pay
ORD013485,CUST04825,2026-01-15,Completed,50.22,Apple Pay
ORD013486,CUST02589,2026-06-07,Cancelled,26.03,PayPal
ORD013487,CUST02616,2026-01-21,Completed,81.82,Apple Pay
ORD013488,CUST01874,2026-05-16,Shipped,7.9,Credit Card
ORD013489,CUST04308,2026-05-15,Completed,66.6,Debit Card
ORD013490,CUST01774,2026-04-15,Cancelled,6.45,Credit Card
ORD013491,CUST00200,2026-02-03,Completed,44.79,Apple Pay
ORD013492,CUST00178,2026-05-01,Cancelled,140.41,PayPal
ORD013493,CUST00931,2026-07-11,Shipped,272.84,Google Pay
ORD013494,CUST03737,2026-06-19,Completed,125.87,Debit Card
ORD013495,CUST02037,2026-06-30,Completed,67.88,Debit Card
ORD013496,CUST01486,2026-04-06,Cancelled,84.49,Apple Pay
ORD013497,CUST02092,2026-08-13,Processing,70.88,Apple Pay
ORD013498,CUST04264,2026-07-17,Shipped,29.33,Debit Card
ORD013499,CUST02385,2026-01-10,Completed,81.14,PayPal
ORD013500,CUST04089,2026-03-31,Completed,47.24,Debit Card
ORD013501,CUST04682,2026-02-27,Processing,105.28,PayPal
ORD013502,CUST01916,2026-04-19,Processing,134.33,Credit Card
ORD013503,CUST00016,2026-08-06,Completed,44.22,Apple Pay
ORD013504,CUST02935,2026-07-30,Processing,57.29,PayPal
ORD013505,CUST00837,2026-04-09,Shipped,71.59,Debit Card
ORD013506,CUST02158,2026-04-19,Cancelled,70.44,Credit Card
ORD013507,CUST01577,2026-05-12,Processing,281.77,Debit Card
ORD013508,CUST00306,2026-03-30,Shipped,49.72,Credit Card
ORD013509,CUST02054,2026-05-16,Completed,16.22,Google Pay
ORD013510,CUST02891,2026-01-12,Processing,52.25,Credit Card
ORD013511,CUST03345,2026-04-28,Completed,229.59,PayPal
ORD013512,CUST04457,2026-03-29,Cancelled,80.28,Google Pay
ORD013513,CUST01209,2026-03-29,Completed,65.04,Credit Card
ORD013514,CUST01859,2026-07-28,Cancelled,25.96,Credit Card
ORD013515,CUST02704,2026-06-02,Processing,54.88,PayPal
ORD013516,CUST01972,2026-08-13,Completed,176.2,Apple Pay
ORD013517,CUST01114,2026-06-04,Cancelled,130.58,Apple Pay
ORD013518,CUST00984,2026-05-10,Completed,166.12,Apple Pay
ORD013519,CUST03311,2026-03-14,Completed,25.3,Google Pay
ORD013520,CUST04002,2026-07-02,Completed,101.21,Apple Pay
ORD013521,CUST02772,2026-07-05,Completed,14.35,Google Pay
ORD013522,CUST03153,2026-06-10,Cancelled,56.63,Apple Pay
ORD013523,CUST02163,2026-03-24,Cancelled,75.13,PayPal
ORD013524,CUST02128,2026-06-26,Completed,137.51,Google Pay
ORD013525,CUST03640,2026-01-05,Completed,115.86,Apple Pay
ORD013526,CUST04275,2026-02-16,Completed,146.1,Debit Card
ORD013527,CUST00561,2026-07-31,Completed,161.09,Apple Pay
ORD013528,CUST01810,2026-01-24,Completed,57.26,Debit Card
ORD013529,CUST04388,2026-05-01,Completed,23.76,Debit Card
ORD013530,CUST02933,2026-04-05,Shipped,89.44,Credit Card
ORD013531,CUST00291,2026-06-21,Cancelled,109.21,Apple Pay
ORD013532,CUST04638,2026-07-15,Shipped,41.28,Credit Card
ORD013533,CUST01910,2026-08-12,Completed,63.58,Credit Card
ORD013534,CUST04690,2026-05-22,Shipped,97.56,Google Pay
ORD013535,CUST01429,2026-06-13,Cancelled,176.61,Debit Card
ORD013536,CUST00948,2026-02-20,Processing,22.57,Credit Card
ORD013537,CUST02528,2026-05-14,Completed,142.8,Apple Pay
ORD013538,CUST01349,2026-05-25,Cancelled,57.88,PayPal
ORD013539,CUST00381,2026-03-23,Cancelled,53.77,Apple Pay
ORD013540,CUST01705,2026-03-13,Processing,144.83,Debit Card
ORD013541,CUST00310,2026-02-20,Shipped,41.32,Google Pay
ORD013542,CUST03415,2026-02-21,Completed,87.84,Apple Pay
ORD013543,CUST01499,2026-01-12,Processing,37.18,Apple Pay
ORD013544,CUST02895,2026-03-22,Cancelled,52.19,Credit Card
ORD013545,CUST00661,2026-04-05,Completed,169.49,Apple Pay
ORD013546,CUST03448,2026-04-25,Completed,81.25,Debit Card
ORD013547,CUST02274,2026-05-09,Cancelled,148.0,PayPal
ORD013548,CUST01498,2026-01-11,Processing,14.38,Credit Card
ORD013549,CUST02073,2026-01-16,Completed,151.94,Apple Pay
ORD013550,CUST03437,2026-04-11,Processing,29.49,PayPal
ORD013551,CUST02143,2026-04-23,Completed,38.87,Apple Pay
ORD013552,CUST04661,2026-04-02,Completed,43.73,Google Pay
ORD013553,CUST01606,2026-01-09,Completed,78.56,Debit Card
ORD013554,CUST04740,2026-04-29,Shipped,79.43,Google Pay
ORD013555,CUST01432,2026-05-03,Processing,92.66,Credit Card
ORD013556,CUST01951,2026-01-08,Cancelled,78.47,PayPal
ORD013557,CUST03923,2026-01-25,Completed,79.27,Google Pay
ORD013558,CUST00459,2026-07-21,Processing,48.74,Apple Pay
ORD013559,CUST02949,2026-06-17,Processing,70.74,Google Pay
ORD013560,CUST00338,2026-07-14,Processing,82.07,PayPal
ORD013561,CUST03944,2026-04-29,Completed,22.39,Apple Pay
ORD013562,CUST02014,2026-05-31,Completed,87.64,Credit Card
ORD013563,CUST04021,2026-07-09,Processing,70.44,Google Pay
ORD013564,CUST00345,2026-01-23,Shipped,126.2,Debit Card
ORD013565,CUST04672,2026-02-13,Cancelled,173.27,PayPal
ORD013566,CUST00943,2026-02-25,Completed,180.46,Debit Card
ORD013567,CUST00346,2026-07-15,Processing,6.39,Apple Pay
ORD013568,CUST03895,2026-05-03,Shipped,32.95,Debit Card
ORD013569,CUST03320,2026-01-23,Completed,29.6,PayPal
ORD013570,CUST03696,2026-01-09,Processing,61.7,PayPal
ORD013571,CUST00325,2026-01-04,Completed,38.03,Debit Card
ORD013572,CUST02139,2026-06-11,Processing,119.48,Debit Card
ORD013573,CUST04390,2026-07-29,Completed,37.7,Apple Pay
ORD013574,CUST03613,2026-06-11,Processing,69.65,Debit Card
ORD013575,CUST00524,2026-05-01,Processing,34.86,PayPal
ORD013576,CUST02898,2026-04-08,Processing,66.26,Debit Card
ORD013577,CUST03741,2026-06-19,Processing,9.83,Credit Card
ORD013578,CUST00259,2026-05-11,Shipped,37.97,PayPal
ORD013579,CUST01111,2026-03-24,Completed,17.66,PayPal
ORD013580,CUST00821,2026-02-03,Shipped,131.22,Apple Pay
ORD013581,CUST02789,2026-08-06,Shipped,65.35,Apple Pay
ORD013582,CUST04665,2026-04-15,Completed,55.49,Google Pay
ORD013583,CUST04605,2026-04-17,Processing,45.76,Apple Pay
ORD013584,CUST01564,2026-08-11,Shipped,53.07,Credit Card
ORD013585,CUST04621,2026-02-12,Completed,126.67,Apple Pay
ORD013586,CUST01208,2026-08-07,Processing,60.41,Google Pay
ORD013587,CUST00309,2026-07-14,Completed,45.86,PayPal
ORD013588,CUST01840,2026-06-14,Cancelled,17.79,Apple Pay
ORD013589,CUST03353,2026-01-12,Cancelled,41.07,Google Pay
ORD013590,CUST01384,2026-08-03,Completed,55.53,Apple Pay
ORD013591,CUST02307,2026-07-28,Completed,78.31,Apple Pay
ORD013592,CUST01181,2026-01-16,Cancelled,87.44,PayPal
ORD013593,CUST02473,2026-03-03,Completed,99.28,Google Pay
ORD013594,CUST02687,2026-01-17,Cancelled,54.76,Apple Pay
ORD013595,CUST02968,2026-01-15,Processing,32.04,PayPal
ORD013596,CUST04446,2026-01-26,Completed,53.11,Google Pay
ORD013597,CUST00961,2026-02-14,Completed,31.17,Debit Card
ORD013598,CUST03457,2026-05-10,Shipped,17.02,Google Pay
ORD013599,CUST00438,2026-05-25,Completed,80.66,Apple Pay
ORD013600,CUST00456,2026-03-06,Processing,15.56,Apple Pay
ORD013601,CUST03818,2026-04-04,Completed,28.03,Google Pay
ORD013602,CUST01570,2026-08-12,Completed,58.06,PayPal
ORD013603,CUST01104,2026-01-30,Processing,191.5,Google Pay
ORD013604,CUST01619,2026-03-09,Processing,37.3,Apple Pay
ORD013605,CUST03613,2026-04-16,Completed,14.11,Apple Pay
ORD013606,CUST01513,2026-02-13,Completed,54.02,Credit Card
ORD013607,CUST04739,2026-04-06,Cancelled,56.31,PayPal
ORD013608,CUST00392,2026-03-01,Shipped,30.77,Credit Card
ORD013609,CUST02622,2026-01-01,Shipped,50.65,Apple Pay
ORD013610,CUST00921,2026-01-19,Shipped,34.96,PayPal
ORD013611,CUST02458,2026-02-02,Processing,76.71,PayPal
ORD013612,CUST03601,2026-07-30,Completed,35.77,PayPal
ORD013613,CUST04509,2026-06-13,Completed,36.01,Google Pay
ORD013614,CUST01789,2026-04-01,Completed,104.44,Google Pay
ORD013615,CUST00261,2026-07-24,Cancelled,51.9,Apple Pay
ORD013616,CUST02014,2026-08-07,Completed,39.7,PayPal
ORD013617,CUST01336,2026-07-25,Completed,173.62,PayPal
ORD013618,CUST00335,2026-01-24,Completed,76.61,PayPal
ORD013619,CUST02780,2026-03-24,Cancelled,18.32,Google Pay
ORD013620,CUST00804,2026-05-05,Processing,25.44,Apple Pay
ORD013621,CUST02438,2026-06-02,Cancelled,55.95,PayPal
ORD013622,CUST02808,2026-05-19,Processing,111.45,PayPal
ORD013623,CUST00941,2026-01-09,Completed,13.31,Debit Card
ORD013624,CUST03164,2026-01-06,Shipped,24.86,Credit Card
ORD013625,CUST00903,2026-02-27,Completed,156.56,Google Pay
ORD013626,CUST03433,2026-04-10,Cancelled,34.1,Debit Card
ORD013627,CUST01269,2026-05-02,Processing,34.24,Apple Pay
ORD013628,CUST00024,2026-04-11,Processing,21.76,Credit Card
ORD013629,CUST04653,2026-06-06,Completed,88.28,Apple Pay
ORD013630,CUST02749,2026-07-20,Processing,18.58,Google Pay
ORD013631,CUST02451,2026-08-13,Processing,55.92,Apple Pay
ORD013632,CUST01397,2026-08-03,Shipped,83.03,PayPal
ORD013633,CUST03358,2026-07-26,Completed,63.43,PayPal
ORD013634,CUST03905,2026-01-11,Cancelled,70.05,Apple Pay
ORD013635,CUST02489,2026-05-31,Processing,39.3,Apple Pay
ORD013636,CUST03667,2026-06-03,Completed,128.85,Apple Pay
ORD013637,CUST01758,2026-01-01,Completed,79.91,Apple Pay
ORD013638,CUST04978,2026-08-10,Shipped,22.03,PayPal
ORD013639,CUST01879,2026-03-22,Cancelled,41.83,Debit Card
ORD013640,CUST02533,2026-06-24,Completed,229.04,Debit Card
ORD013641,CUST03515,2026-04-20,Processing,77.88,Apple Pay
ORD013642,CUST03774,2026-06-18,Completed,98.65,Apple Pay
ORD013643,CUST02079,2026-05-31,Completed,26.13,Credit Card
ORD013644,CUST04662,2026-04-10,Completed,122.17,Apple Pay
ORD013645,CUST02058,2026-04-15,Completed,13.88,Debit Card
ORD013646,CUST00678,2026-05-13,Shipped,74.96,Google Pay
ORD013647,CUST04947,2026-04-09,Processing,48.4,Google Pay
ORD013648,CUST02975,2026-06-27,Processing,49.51,Apple Pay
ORD013649,CUST00285,2026-01-09,Cancelled,123.68,Apple Pay
ORD013650,CUST02201,2026-05-12,Processing,27.48,Google Pay
ORD013651,CUST04467,2026-07-18,Completed,71.21,Credit Card
ORD013652,CUST01841,2026-07-12,Completed,72.44,Debit Card
ORD013653,CUST01879,2026-07-27,Completed,72.01,Apple Pay
ORD013654,CUST01611,2026-02-26,Completed,162.45,Apple Pay
ORD013655,CUST03963,2026-05-04,Shipped,58.7,Credit Card
ORD013656,CUST04237,2026-06-02,Shipped,82.56,Debit Card
ORD013657,CUST03160,2026-07-05,Completed,124.61,Apple Pay
ORD013658,CUST03499,2026-01-06,Completed,35.6,Debit Card
ORD013659,CUST02132,2026-05-22,Cancelled,54.06,Debit Card
ORD013660,CUST03315,2026-03-04,Completed,24.76,Google Pay
ORD013661,CUST01379,2026-04-28,Cancelled,89.33,Apple Pay
ORD013662,CUST03078,2026-07-22,Shipped,65.08,Google Pay
ORD013663,CUST03015,2026-03-06,Completed,100.98,Debit Card
ORD013664,CUST03893,2026-02-21,Completed,57.08,Apple Pay
ORD013665,CUST01716,2026-03-06,Shipped,41.16,PayPal
ORD013666,CUST00453,2026-05-05,Completed,77.83,PayPal
ORD013667,CUST00342,2026-04-10,Completed,165.42,Credit Card
ORD013668,CUST00393,2026-05-16,Processing,90.68,Google Pay
ORD013669,CUST01270,2026-04-06,Completed,22.19,Debit Card
ORD013670,CUST03051,2026-08-13,Completed,68.86,PayPal
ORD013671,CUST04060,2026-01-08,Completed,267.29,Apple Pay
ORD013672,CUST00971,2026-01-14,Cancelled,38.01,Debit Card
ORD013673,CUST02206,2026-01-24,Completed,42.93,Credit Card
ORD013674,CUST04795,2026-07-11,Completed,15.32,Debit Card
ORD013675,CUST00166,2026-04-03,Shipped,56.72,Credit Card
ORD013676,CUST00255,2026-01-25,Completed,43.92,Debit Card
ORD013677,CUST00302,2026-05-14,Completed,84.15,Apple Pay
ORD013678,CUST03104,2026-05-09,Processing,60.81,Google Pay
ORD013679,CUST03841,2026-03-28,Completed,68.74,PayPal
ORD013680,CUST02557,2026-02-02,Cancelled,88.9,Debit Card
ORD013681,CUST01506,2026-05-22,Cancelled,16.9,Debit Card
ORD013682,CUST01257,2026-07-10,Cancelled,134.49,Apple Pay
ORD013683,CUST02263,2026-02-25,Completed,80.67,Apple Pay
ORD013684,CUST04341,2026-07-09,Completed,119.23,PayPal
ORD013685,CUST00210,2026-01-28,Cancelled,80.81,Debit Card
ORD013686,CUST03794,2026-01-29,Processing,79.25,Apple Pay
ORD013687,CUST04522,2026-01-23,Processing,53.13,Google Pay
ORD013688,CUST03048,2026-06-21,Processing,42.85,Credit Card
ORD013689,CUST00981,2026-02-07,Processing,111.04,Credit Card
ORD013690,CUST02120,2026-06-26,Shipped,81.78,Apple Pay
ORD013691,CUST03746,2026-02-12,Processing,47.42,PayPal
ORD013692,CUST00178,2026-01-10,Shipped,153.4,Apple Pay
ORD013693,CUST01547,2026-01-27,Shipped,52.96,Apple Pay
ORD013694,CUST02035,2026-05-16,Completed,80.07,Credit Card
ORD013695,CUST00299,2026-07-15,Completed,27.0,Apple Pay
ORD013696,CUST02568,2026-08-01,Completed,44.1,PayPal
ORD013697,CUST03567,2026-03-26,Shipped,27.78,Credit Card
ORD013698,CUST04040,2026-06-07,Completed,27.99,Credit Card
ORD013699,CUST00275,2026-01-13,Completed,52.58,Credit Card
ORD013700,CUST02996,2026-02-27,Processing,41.54,Google Pay
ORD013701,CUST00053,2026-01-03,Processing,118.07,Debit Card
ORD013702,CUST01424,2026-07-31,Shipped,38.64,Apple Pay
ORD013703,CUST01628,2026-04-10,Completed,84.76,Google Pay
ORD013704,CUST00489,2026-04-14,Completed,35.91,Apple Pay
ORD013705,CUST02355,2026-01-05,Completed,59.87,PayPal
ORD013706,CUST00417,2026-01-22,Cancelled,27.99,Debit Card
ORD013707,CUST02557,2026-07-05,Completed,96.15,Apple Pay
ORD013708,CUST00921,2026-03-07,Shipped,169.79,Apple Pay
ORD013709,CUST01554,2026-03-30,Cancelled,26.72,Debit Card
ORD013710,CUST02686,2026-02-09,Completed,90.44,PayPal
ORD013711,CUST00666,2026-03-29,Completed,184.33,PayPal
ORD013712,CUST04102,2026-05-02,Completed,33.97,Apple Pay
ORD013713,CUST02470,2026-01-05,Completed,167.64,Debit Card
ORD013714,CUST01475,2026-05-24,Completed,61.77,Credit Card
ORD013715,CUST00338,2026-04-27,Processing,55.71,Credit Card
ORD013716,CUST03160,2026-01-15,Completed,49.11,Google Pay
ORD013717,CUST00269,2026-07-24,Completed,49.65,Debit Card
ORD013718,CUST01088,2026-03-16,Completed,25.72,PayPal
ORD013719,CUST01294,2026-03-21,Completed,40.15,Google Pay
ORD013720,CUST00657,2026-01-18,Processing,269.43,PayPal
ORD013721,CUST02829,2026-08-05,Shipped,22.22,Google Pay
ORD013722,CUST03974,2026-06-24,Completed,68.26,PayPal
ORD013723,CUST04958,2026-04-12,Cancelled,56.89,Apple Pay
ORD013724,CUST01337,2026-05-12,Completed,54.32,PayPal
ORD013725,CUST02357,2026-02-22,Completed,34.52,Debit Card
ORD013726,CUST01668,2026-02-27,Shipped,17.94,Google Pay
ORD013727,CUST01826,2026-04-22,Completed,73.36,Credit Card
ORD013728,CUST04031,2026-03-26,Processing,38.26,Apple Pay
ORD013729,CUST01213,2026-03-16,Completed,64.07,PayPal
ORD013730,CUST02769,2026-02-27,Completed,35.77,Credit Card
ORD013731,CUST04416,2026-04-26,Completed,86.28,Google Pay
ORD013732,CUST03059,2026-02-28,Cancelled,57.74,Apple Pay
ORD013733,CUST00445,2026-06-11,Cancelled,68.67,Apple Pay
ORD013734,CUST01398,2026-01-30,Shipped,85.84,Apple Pay
ORD013735,CUST04382,2026-07-01,Completed,60.59,Credit Card
ORD013736,CUST02219,2026-03-09,Shipped,34.76,Google Pay
ORD013737,CUST03677,2026-07-25,Completed,109.89,PayPal
ORD013738,CUST02311,2026-03-16,Completed,220.94,Google Pay
ORD013739,CUST04041,2026-03-09,Completed,78.23,Apple Pay
ORD013740,CUST03607,2026-06-03,Completed,8.79,Google Pay
ORD013741,CUST01828,2026-05-11,Completed,33.27,PayPal
ORD013742,CUST03220,2026-02-26,Completed,52.03,Google Pay
ORD013743,CUST04689,2026-06-14,Completed,46.0,Apple Pay
ORD013744,CUST04512,2026-06-15,Completed,20.19,Apple Pay
ORD013745,CUST02073,2026-02-10,Completed,35.42,PayPal
ORD013746,CUST04190,2026-01-04,Completed,58.86,Debit Card
ORD013747,CUST02331,2026-06-03,Completed,69.73,Google Pay
ORD013748,CUST00686,2026-02-08,Completed,59.49,Apple Pay
ORD013749,CUST04959,2026-04-19,Completed,32.46,Google Pay
ORD013750,CUST00685,2026-04-16,Processing,25.36,PayPal
ORD013751,CUST02938,2026-04-18,Completed,42.29,Credit Card
ORD013752,CUST03712,2026-06-19,Shipped,42.5,Credit Card
ORD013753,CUST00341,2026-01-11,Processing,81.6,Apple Pay
ORD013754,CUST04700,2026-01-11,Completed,25.84,PayPal
ORD013755,CUST00734,2026-02-23,Completed,67.22,PayPal
ORD013756,CUST01497,2026-06-15,Shipped,57.44,Google Pay
ORD013757,CUST03894,2026-01-20,Completed,45.58,Apple Pay
ORD013758,CUST02955,2026-06-03,Cancelled,78.43,Credit Card
ORD013759,CUST01132,2026-05-08,Completed,43.59,PayPal
ORD013760,CUST04636,2026-03-17,Cancelled,121.98,PayPal
ORD013761,CUST01733,2026-04-29,Cancelled,99.18,Credit Card
ORD013762,CUST03036,2026-08-09,Completed,37.35,Google Pay
ORD013763,CUST02714,2026-01-14,Completed,178.99,Google Pay
ORD013764,CUST02480,2026-06-27,Completed,14.93,Google Pay
ORD013765,CUST01420,2026-05-03,Cancelled,176.91,Google Pay
ORD013766,CUST01990,2026-01-25,Completed,158.84,Apple Pay
ORD013767,CUST04711,2026-07-02,Completed,27.98,Google Pay
ORD013768,CUST00488,2026-06-28,Processing,48.6,Google Pay
ORD013769,CUST03820,2026-04-16,Cancelled,27.56,Apple Pay
ORD013770,CUST01442,2026-04-16,Completed,43.49,PayPal
ORD013771,CUST02391,2026-04-13,Completed,157.33,Debit Card
ORD013772,CUST01385,2026-08-06,Processing,53.83,Google Pay
ORD013773,CUST02157,2026-01-10,Completed,14.44,Debit Card
ORD013774,CUST04945,2026-01-14,Shipped,100.66,Credit Card
ORD013775,CUST04397,2026-05-13,Shipped,70.14,Debit Card
ORD013776,CUST01392,2026-07-04,Completed,26.25,Credit Card
ORD013777,CUST04801,2026-01-22,Completed,179.52,Debit Card
ORD013778,CUST03143,2026-03-16,Completed,98.1,Google Pay
ORD013779,CUST00269,2026-01-29,Completed,48.13,Debit Card
ORD013780,CUST03918,2026-05-15,Processing,71.66,PayPal
ORD013781,CUST01525,2026-05-26,Processing,146.01,Debit Card
ORD013782,CUST00478,2026-06-08,Cancelled,90.17,Credit Card
ORD013783,CUST04272,2026-06-20,Completed,21.25,PayPal
ORD013784,CUST00239,2026-07-31,Completed,36.01,Debit Card
ORD013785,CUST00610,2026-02-04,Cancelled,15.4,Credit Card
ORD013786,CUST04588,2026-03-12,Completed,52.13,Credit Card
ORD013787,CUST04425,2026-04-04,Completed,15.35,Google Pay
ORD013788,CUST03398,2026-01-04,Completed,64.74,Credit Card
ORD013789,CUST04541,2026-02-20,Completed,106.24,PayPal
ORD013790,CUST04538,2026-04-04,Shipped,54.31,Apple Pay
ORD013791,CUST04891,2026-01-30,Cancelled,24.67,Credit Card
ORD013792,CUST01832,2026-04-04,Processing,58.13,PayPal
ORD013793,CUST04987,2026-06-30,Processing,70.74,Apple Pay
ORD013794,CUST01155,2026-07-29,Completed,114.26,Debit Card
ORD013795,CUST01752,2026-04-20,Completed,37.5,Credit Card
ORD013796,CUST03599,2026-03-15,Completed,85.57,Google Pay
ORD013797,CUST02486,2026-05-22,Completed,26.82,Debit Card
ORD013798,CUST03339,2026-06-13,Processing,31.49,Google Pay
ORD013799,CUST02334,2026-03-28,Completed,144.66,PayPal
ORD013800,CUST04387,2026-05-20,Completed,232.34,PayPal
ORD013801,CUST04464,2026-03-17,Cancelled,35.42,Apple Pay
ORD013802,CUST04582,2026-06-11,Processing,135.12,Google Pay
ORD013803,CUST00168,2026-01-26,Completed,97.2,PayPal
ORD013804,CUST03543,2026-05-14,Cancelled,42.6,Google Pay
ORD013805,CUST04010,2026-04-11,Processing,56.75,PayPal
ORD013806,CUST00078,2026-04-25,Completed,86.44,Google Pay
ORD013807,CUST02899,2026-06-30,Completed,92.83,Apple Pay
ORD013808,CUST01109,2026-05-23,Cancelled,154.8,Debit Card
ORD013809,CUST00892,2026-04-16,Cancelled,31.38,Credit Card
ORD013810,CUST04757,2026-04-13,Completed,110.96,PayPal
ORD013811,CUST01225,2026-05-27,Completed,101.71,Google Pay
ORD013812,CUST04685,2026-04-14,Processing,169.9,PayPal
ORD013813,CUST00565,2026-06-24,Completed,47.82,PayPal
ORD013814,CUST02860,2026-08-03,Shipped,132.35,Credit Card
ORD013815,CUST00302,2026-03-18,Completed,166.92,Apple Pay
ORD013816,CUST04390,2026-04-05,Completed,73.65,Credit Card
ORD013817,CUST00109,2026-07-08,Cancelled,70.94,Debit Card
ORD013818,CUST02413,2026-08-06,Completed,60.27,Debit Card
ORD013819,CUST02648,2026-04-17,Completed,109.32,Debit Card
ORD013820,CUST02726,2026-04-22,Cancelled,132.62,Debit Card
ORD013821,CUST03339,2026-02-21,Shipped,92.13,Debit Card
ORD013822,CUST02141,2026-01-18,Completed,95.61,Google Pay
ORD013823,CUST04524,2026-07-07,Cancelled,37.82,PayPal
ORD013824,CUST04734,2026-06-24,Processing,38.4,Google Pay
ORD013825,CUST03814,2026-02-26,Processing,25.69,Google Pay
ORD013826,CUST04201,2026-02-02,Cancelled,248.72,Credit Card
ORD013827,CUST02257,2026-04-14,Processing,45.88,Credit Card
ORD013828,CUST03646,2026-06-09,Cancelled,98.01,Google Pay
ORD013829,CUST03060,2026-05-12,Completed,30.8,Debit Card
ORD013830,CUST02522,2026-06-18,Completed,42.91,Apple Pay
ORD013831,CUST03418,2026-01-19,Shipped,26.5,PayPal
ORD013832,CUST00012,2026-01-07,Processing,33.31,Debit Card
ORD013833,CUST04745,2026-01-26,Completed,63.68,Credit Card
ORD013834,CUST03267,2026-03-28,Completed,75.57,Google Pay
ORD013835,CUST03146,2026-04-08,Shipped,62.38,Credit Card
ORD013836,CUST00875,2026-06-28,Processing,34.54,PayPal
ORD013837,CUST02434,2026-07-03,Completed,52.88,Google Pay
ORD013838,CUST00884,2026-07-18,Processing,112.79,Apple Pay
ORD013839,CUST04651,2026-07-22,Completed,134.27,Google Pay
ORD013840,CUST03986,2026-06-28,Processing,98.14,Credit Card
ORD013841,CUST01580,2026-05-16,Completed,76.52,Debit Card
ORD013842,CUST03772,2026-05-21,Completed,48.89,Credit Card
ORD013843,CUST00353,2026-02-01,Cancelled,37.75,PayPal
ORD013844,CUST01507,2026-02-03,Shipped,57.16,Apple Pay
ORD013845,CUST03488,2026-05-26,Completed,68.05,PayPal
ORD013846,CUST02852,2026-07-26,Completed,122.48,PayPal
ORD013847,CUST02030,2026-02-24,Completed,39.32,Debit Card
ORD013848,CUST01847,2026-02-12,Shipped,29.73,Credit Card
ORD013849,CUST02391,2026-06-01,Completed,15.35,Debit Card
ORD013850,CUST04031,2026-05-29,Completed,128.36,Debit Card
ORD013851,CUST03439,2026-05-26,Cancelled,55.39,Google Pay
ORD013852,CUST02384,2026-05-22,Cancelled,20.0,Credit Card
ORD013853,CUST03368,2026-06-30,Shipped,40.28,Google Pay
ORD013854,CUST04981,2026-01-19,Shipped,36.61,Credit Card
ORD013855,CUST01466,2026-07-24,Completed,42.05,Debit Card
ORD013856,CUST02152,2026-02-26,Completed,93.2,Apple Pay
ORD013857,CUST03484,2026-07-11,Shipped,28.66,Google Pay
ORD013858,CUST00574,2026-03-21,Cancelled,108.07,Credit Card
ORD013859,CUST00775,2026-01-02,Completed,37.37,Google Pay
ORD013860,CUST03366,2026-07-04,Processing,34.68,Credit Card
ORD013861,CUST04339,2026-06-11,Cancelled,26.69,Google Pay
ORD013862,CUST03931,2026-02-18,Shipped,56.09,Apple Pay
ORD013863,CUST02681,2026-03-31,Cancelled,73.05,Credit Card
ORD013864,CUST04961,2026-07-01,Cancelled,45.02,Apple Pay
ORD013865,CUST02221,2026-01-22,Completed,57.64,Apple Pay
ORD013866,CUST01440,2026-07-31,Processing,49.85,Apple Pay
ORD013867,CUST00714,2026-08-09,Shipped,111.68,Google Pay
ORD013868,CUST00576,2026-07-29,Completed,51.27,PayPal
ORD013869,CUST02982,2026-08-09,Completed,62.94,Debit Card
ORD013870,CUST00070,2026-06-21,Cancelled,178.15,PayPal
ORD013871,CUST03765,2026-04-01,Completed,397.66,PayPal
ORD013872,CUST04939,2026-06-12,Completed,33.78,Google Pay
ORD013873,CUST02377,2026-01-29,Completed,157.94,PayPal
ORD013874,CUST02206,2026-01-06,Shipped,30.53,PayPal
ORD013875,CUST00918,2026-06-14,Completed,99.32,Google Pay
ORD013876,CUST02746,2026-05-03,Cancelled,208.95,Debit Card
ORD013877,CUST00743,2026-08-05,Shipped,92.46,Debit Card
ORD013878,CUST04151,2026-03-26,Completed,59.09,PayPal
ORD013879,CUST02534,2026-07-05,Cancelled,16.33,Debit Card
ORD013880,CUST01838,2026-07-11,Cancelled,40.23,Google Pay
ORD013881,CUST01377,2026-06-08,Processing,38.94,Apple Pay
ORD013882,CUST00410,2026-05-03,Completed,36.98,Credit Card
ORD013883,CUST03008,2026-04-14,Completed,61.04,Google Pay
ORD013884,CUST02953,2026-06-27,Shipped,72.65,Debit Card
ORD013885,CUST04243,2026-07-27,Completed,12.35,PayPal
ORD013886,CUST01680,2026-07-07,Shipped,18.97,Debit Card
ORD013887,CUST01715,2026-01-14,Completed,140.3,PayPal
ORD013888,CUST01198,2026-03-11,Completed,47.17,Credit Card
ORD013889,CUST02338,2026-05-19,Shipped,39.0,Apple Pay
ORD013890,CUST03217,2026-06-04,Shipped,75.63,Apple Pay
ORD013891,CUST02957,2026-04-12,Processing,140.03,Google Pay
ORD013892,CUST03194,2026-03-10,Completed,18.25,Credit Card
ORD013893,CUST00027,2026-03-20,Completed,24.92,Google Pay
ORD013894,CUST03138,2026-02-07,Completed,42.26,Credit Card
ORD013895,CUST02974,2026-03-03,Processing,151.81,Credit Card
ORD013896,CUST03166,2026-06-30,Processing,191.62,Apple Pay
ORD013897,CUST01091,2026-03-21,Completed,62.64,Credit Card
ORD013898,CUST00250,2026-05-26,Completed,80.72,Credit Card
ORD013899,CUST00142,2026-04-27,Cancelled,38.83,Debit Card
ORD013900,CUST00267,2026-08-13,Completed,56.58,Credit Card
ORD013901,CUST04311,2026-05-06,Shipped,60.89,Apple Pay
ORD013902,CUST00489,2026-06-29,Completed,26.73,Apple Pay
ORD013903,CUST00496,2026-01-24,Shipped,74.47,Apple Pay
ORD013904,CUST00480,2026-04-09,Processing,103.17,PayPal
ORD013905,CUST02691,2026-05-15,Shipped,94.48,Google Pay
ORD013906,CUST04097,2026-01-14,Completed,31.01,Credit Card
ORD013907,CUST03081,2026-06-27,Cancelled,39.22,PayPal
ORD013908,CUST04937,2026-04-04,Completed,43.84,Apple Pay
ORD013909,CUST02428,2026-01-24,Cancelled,74.16,Apple Pay
ORD013910,CUST00844,2026-07-26,Shipped,70.08,Apple Pay
ORD013911,CUST03216,2026-01-13,Shipped,136.72,Credit Card
ORD013912,CUST03912,2026-05-27,Completed,68.59,PayPal
ORD013913,CUST04078,2026-01-29,Cancelled,147.22,PayPal
ORD013914,CUST02350,2026-01-22,Completed,147.41,Debit Card
ORD013915,CUST00650,2026-01-02,Shipped,39.91,Google Pay
ORD013916,CUST01894,2026-04-13,Completed,64.93,Apple Pay
ORD013917,CUST02857,2026-07-24,Completed,53.17,Debit Card
ORD013918,CUST03251,2026-02-05,Completed,88.51,Credit Card
ORD013919,CUST02387,2026-02-07,Completed,88.19,Debit Card
ORD013920,CUST01726,2026-01-18,Completed,87.39,Apple Pay
ORD013921,CUST01355,2026-02-20,Cancelled,58.08,Debit Card
ORD013922,CUST01294,2026-05-23,Cancelled,66.85,Apple Pay
ORD013923,CUST03047,2026-05-08,Shipped,213.26,Debit Card
ORD013924,CUST03259,2026-06-29,Processing,44.8,Apple Pay
ORD013925,CUST02714,2026-01-17,Completed,43.16,PayPal
ORD013926,CUST00404,2026-04-22,Processing,36.78,Debit Card
ORD013927,CUST03973,2026-03-18,Processing,95.12,PayPal
ORD013928,CUST04033,2026-01-22,Shipped,80.84,Google Pay
ORD013929,CUST01547,2026-05-03,Completed,63.96,Google Pay
ORD013930,CUST02607,2026-07-01,Completed,42.52,Google Pay
ORD013931,CUST02826,2026-06-29,Shipped,72.12,Debit Card
ORD013932,CUST01853,2026-05-08,Shipped,90.46,Google Pay
ORD013933,CUST04207,2026-08-01,Cancelled,29.02,PayPal
ORD013934,CUST00813,2026-03-31,Completed,93.22,PayPal
ORD013935,CUST03375,2026-06-23,Completed,25.39,Google Pay
ORD013936,CUST00930,2026-05-12,Completed,231.56,Google Pay
ORD013937,CUST04982,2026-01-07,Completed,54.7,Credit Card
ORD013938,CUST04076,2026-05-18,Processing,149.87,Credit Card
ORD013939,CUST03324,2026-01-15,Cancelled,57.79,Debit Card
ORD013940,CUST00175,2026-06-03,Cancelled,152.1,Credit Card
ORD013941,CUST01364,2026-07-27,Completed,176.97,PayPal
ORD013942,CUST02896,2026-02-09,Shipped,85.3,PayPal
ORD013943,CUST01038,2026-08-14,Shipped,32.33,Debit Card
ORD013944,CUST03012,2026-07-08,Shipped,33.81,Debit Card
ORD013945,CUST02091,2026-07-28,Completed,76.49,Apple Pay
ORD013946,CUST00461,2026-04-12,Cancelled,65.87,Credit Card
ORD013947,CUST02753,2026-05-24,Completed,115.42,Apple Pay
ORD013948,CUST00149,2026-04-08,Shipped,55.26,Google Pay
ORD013949,CUST04434,2026-04-30,Cancelled,83.22,PayPal
ORD013950,CUST01134,2026-08-09,Completed,61.09,Debit Card
ORD013951,CUST00354,2026-01-18,Processing,81.48,Google Pay
ORD013952,CUST01108,2026-07-22,Completed,77.01,Apple Pay
ORD013953,CUST02603,2026-07-23,Completed,105.73,Google Pay
ORD013954,CUST02114,2026-01-02,Completed,79.31,Google Pay
ORD013955,CUST04095,2026-07-01,Cancelled,163.66,Debit Card
ORD013956,CUST03686,2026-04-30,Shipped,238.67,Credit Card
ORD013957,CUST03207,2026-05-26,Completed,129.62,Debit Card
ORD013958,CUST01110,2026-02-23,Completed,57.75,Debit Card
ORD013959,CUST04180,2026-06-15,Shipped,110.1,Credit Card
ORD013960,CUST01978,2026-04-07,Completed,104.73,Credit Card
ORD013961,CUST00227,2026-03-14,Completed,39.03,Debit Card
ORD013962,CUST02940,2026-05-23,Shipped,238.03,Credit Card
ORD013963,CUST01013,2026-07-11,Cancelled,142.49,PayPal
ORD013964,CUST04116,2026-04-02,Completed,54.66,Google Pay
ORD013965,CUST03107,2026-01-08,Shipped,63.35,Google Pay
ORD013966,CUST03937,2026-06-23,Processing,27.23,Apple Pay
ORD013967,CUST02803,2026-04-10,Completed,62.35,Debit Card
ORD013968,CUST01467,2026-02-08,Cancelled,85.63,Google Pay
ORD013969,CUST02989,2026-06-29,Completed,54.03,Google Pay
ORD013970,CUST00270,2026-05-16,Completed,27.74,Google Pay
ORD013971,CUST03807,2026-04-16,Completed,92.46,Credit Card
ORD013972,CUST01532,2026-06-27,Shipped,50.2,Credit Card
ORD013973,CUST00304,2026-02-19,Cancelled,35.13,Google Pay
ORD013974,CUST04906,2026-03-24,Cancelled,79.41,PayPal
ORD013975,CUST01933,2026-07-15,Shipped,27.84,Credit Card
ORD013976,CUST02041,2026-01-27,Completed,65.18,Google Pay
ORD013977,CUST04022,2026-03-18,Cancelled,142.55,Apple Pay
ORD013978,CUST00142,2026-02-07,Cancelled,112.74,Google Pay
ORD013979,CUST00809,2026-01-21,Completed,85.17,Debit Card
ORD013980,CUST00948,2026-08-06,Cancelled,63.18,Google Pay
ORD013981,CUST03952,2026-02-14,Cancelled,14.16,Debit Card
ORD013982,CUST03413,2026-07-05,Cancelled,48.73,Apple Pay
ORD013983,CUST02293,2026-05-31,Completed,60.36,Apple Pay
ORD013984,CUST00766,2026-07-01,Completed,103.68,PayPal
ORD013985,CUST02924,2026-01-30,Processing,32.96,Google Pay
ORD013986,CUST00939,2026-08-11,Completed,87.74,Credit Card
ORD013987,CUST02497,2026-04-05,Completed,94.2,PayPal
ORD013988,CUST03563,2026-05-24,Completed,63.44,PayPal
ORD013989,CUST01263,2026-02-21,Completed,112.7,Debit Card
ORD013990,CUST00543,2026-04-16,Completed,25.56,PayPal
ORD013991,CUST02680,2026-02-10,Cancelled,32.07,PayPal
ORD013992,CUST02955,2026-07-18,Processing,65.03,PayPal
ORD013993,CUST02932,2026-03-22,Processing,36.24,Debit Card
ORD013994,CUST02782,2026-01-24,Completed,56.38,Apple Pay
ORD013995,CUST04240,2026-05-28,Processing,134.52,PayPal
ORD013996,CUST02992,2026-04-13,Cancelled,6.69,Apple Pay
ORD013997,CUST02613,2026-06-04,Shipped,312.51,Apple Pay
ORD013998,CUST03649,2026-01-02,Cancelled,95.0,Debit Card
ORD013999,CUST01200,2026-03-01,Completed,64.18,Apple Pay
ORD014000,CUST02118,2026-02-20,Cancelled,46.55,Debit Card
ORD014001,CUST02681,2026-05-09,Processing,80.95,PayPal
ORD014002,CUST02849,2026-08-14,Completed,45.54,Credit Card
ORD014003,CUST04689,2026-04-01,Completed,66.98,Debit Card
ORD014004,CUST04663,2026-04-11,Cancelled,62.03,Credit Card
ORD014005,CUST04787,2026-04-24,Cancelled,44.17,PayPal
ORD014006,CUST03682,2026-01-06,Shipped,71.79,Credit Card
ORD014007,CUST03496,2026-06-15,Cancelled,40.29,Google Pay
ORD014008,CUST00665,2026-02-23,Cancelled,78.34,Google Pay
ORD014009,CUST04502,2026-07-07,Completed,95.8,PayPal
ORD014010,CUST03163,2026-01-27,Completed,236.67,Apple Pay
ORD014011,CUST03366,2026-03-21,Shipped,66.98,Apple Pay
ORD014012,CUST01417,2026-07-09,Processing,300.38,Debit Card
ORD014013,CUST03109,2026-03-04,Completed,89.62,Google Pay
ORD014014,CUST00517,2026-04-09,Completed,70.78,Debit Card
ORD014015,CUST00850,2026-04-01,Cancelled,32.98,PayPal
ORD014016,CUST01902,2026-02-04,Completed,51.94,Credit Card
ORD014017,CUST00908,2026-02-27,Shipped,128.04,Google Pay
ORD014018,CUST00316,2026-07-08,Completed,27.56,Apple Pay
ORD014019,CUST03244,2026-02-05,Shipped,35.92,Debit Card
ORD014020,CUST01508,2026-04-12,Completed,59.41,Credit Card
ORD014021,CUST04123,2026-04-02,Completed,57.33,Apple Pay
ORD014022,CUST01519,2026-02-25,Processing,132.4,Apple Pay
ORD014023,CUST04151,2026-03-08,Shipped,141.66,PayPal
ORD014024,CUST01935,2026-02-26,Completed,26.59,Apple Pay
ORD014025,CUST04345,2026-06-18,Shipped,106.58,Apple Pay
ORD014026,CUST01802,2026-01-31,Processing,42.79,Apple Pay
ORD014027,CUST02623,2026-05-11,Processing,74.67,Credit Card
ORD014028,CUST00857,2026-06-15,Shipped,56.64,Credit Card
ORD014029,CUST01877,2026-06-30,Cancelled,105.6,Apple Pay
ORD014030,CUST01526,2026-02-21,Completed,14.6,PayPal
ORD014031,CUST01417,2026-06-01,Completed,47.43,Apple Pay
ORD014032,CUST03480,2026-06-03,Cancelled,172.65,Google Pay
ORD014033,CUST03872,2026-04-15,Completed,57.02,Google Pay
ORD014034,CUST01795,2026-04-21,Cancelled,11.75,Debit Card
ORD014035,CUST03066,2026-04-02,Processing,36.93,Google Pay
ORD014036,CUST02721,2026-07-20,Completed,125.27,Debit Card
ORD014037,CUST04205,2026-02-06,Processing,27.95,Debit Card
ORD014038,CUST03677,2026-04-27,Processing,41.71,Debit Card
ORD014039,CUST00353,2026-08-07,Processing,91.51,Debit Card
ORD014040,CUST03232,2026-06-25,Processing,74.46,Apple Pay
ORD014041,CUST01428,2026-03-08,Shipped,23.81,Credit Card
ORD014042,CUST02193,2026-06-18,Shipped,17.66,Google Pay
ORD014043,CUST01778,2026-02-18,Completed,37.53,Google Pay
ORD014044,CUST03537,2026-01-28,Cancelled,71.32,Google Pay
ORD014045,CUST01117,2026-02-01,Completed,73.88,Debit Card
ORD014046,CUST02321,2026-04-09,Completed,145.44,PayPal
ORD014047,CUST00534,2026-07-18,Completed,15.82,Credit Card
ORD014048,CUST01218,2026-03-12,Shipped,84.36,PayPal
ORD014049,CUST02989,2026-08-01,Completed,41.96,PayPal
ORD014050,CUST02229,2026-02-01,Cancelled,54.05,Google Pay
ORD014051,CUST01980,2026-06-15,Processing,91.25,PayPal
ORD014052,CUST02077,2026-05-28,Shipped,164.36,Apple Pay
ORD014053,CUST00532,2026-05-16,Completed,58.96,PayPal
ORD014054,CUST03077,2026-03-09,Shipped,65.05,PayPal
ORD014055,CUST01945,2026-06-03,Cancelled,91.54,Google Pay
ORD014056,CUST04236,2026-07-26,Completed,71.17,PayPal
ORD014057,CUST03100,2026-03-11,Completed,100.8,Debit Card
ORD014058,CUST04358,2026-02-17,Completed,269.02,Credit Card
ORD014059,CUST03830,2026-04-06,Cancelled,491.15,Apple Pay
ORD014060,CUST04115,2026-07-16,Completed,58.72,Credit Card
ORD014061,CUST02585,2026-04-18,Completed,227.61,Debit Card
ORD014062,CUST01549,2026-02-15,Cancelled,45.93,PayPal
ORD014063,CUST01489,2026-07-05,Cancelled,35.87,Google Pay
ORD014064,CUST03660,2026-07-17,Shipped,13.75,Credit Card
ORD014065,CUST00228,2026-03-08,Completed,69.22,PayPal
ORD014066,CUST04472,2026-01-29,Completed,51.5,Credit Card
ORD014067,CUST04832,2026-03-24,Cancelled,63.45,PayPal
ORD014068,CUST04353,2026-05-18,Cancelled,65.75,Google Pay
ORD014069,CUST04929,2026-03-12,Completed,65.5,Debit Card
ORD014070,CUST04797,2026-07-12,Cancelled,69.73,Credit Card
ORD014071,CUST00699,2026-03-06,Completed,14.07,Apple Pay
ORD014072,CUST00438,2026-05-25,Cancelled,27.03,Debit Card
ORD014073,CUST01685,2026-01-22,Shipped,68.07,Google Pay
ORD014074,CUST02154,2026-04-10,Shipped,21.08,Apple Pay
ORD014075,CUST04711,2026-01-14,Processing,89.5,PayPal
ORD014076,CUST02915,2026-01-06,Cancelled,43.26,Credit Card
ORD014077,CUST03218,2026-06-07,Shipped,48.83,Apple Pay
ORD014078,CUST00960,2026-02-16,Completed,72.82,Debit Card
ORD014079,CUST01840,2026-08-13,Completed,109.43,Apple Pay
ORD014080,CUST00278,2026-05-28,Completed,88.86,Google Pay
ORD014081,CUST04221,2026-05-24,Completed,52.42,Apple Pay
ORD014082,CUST03757,2026-07-15,Cancelled,83.12,Credit Card
ORD014083,CUST01344,2026-02-03,Processing,37.9,Credit Card
ORD014084,CUST04771,2026-01-01,Processing,21.02,PayPal
ORD014085,CUST00715,2026-07-24,Completed,20.19,Apple Pay
ORD014086,CUST01506,2026-06-25,Cancelled,52.25,Apple Pay
ORD014087,CUST03922,2026-01-08,Completed,71.74,Google Pay
ORD014088,CUST02715,2026-01-22,Shipped,38.19,Credit Card
ORD014089,CUST01348,2026-03-09,Shipped,32.13,Debit Card
ORD014090,CUST02443,2026-02-03,Shipped,38.76,PayPal
ORD014091,CUST04869,2026-07-07,Completed,39.13,Apple Pay
ORD014092,CUST03961,2026-06-22,Shipped,32.17,PayPal
ORD014093,CUST01753,2026-02-06,Completed,72.29,Apple Pay
ORD014094,CUST02506,2026-05-01,Processing,62.95,Apple Pay
ORD014095,CUST01738,2026-01-23,Completed,349.36,Google Pay
ORD014096,CUST04170,2026-03-25,Shipped,47.37,Apple Pay
ORD014097,CUST01109,2026-04-27,Completed,43.87,PayPal
ORD014098,CUST02680,2026-01-24,Completed,116.5,PayPal
ORD014099,CUST01038,2026-08-07,Completed,50.14,Google Pay
ORD014100,CUST00912,2026-05-21,Processing,24.69,Google Pay
ORD014101,CUST04890,2026-03-10,Completed,106.04,PayPal
ORD014102,CUST02097,2026-03-21,Completed,45.64,PayPal
ORD014103,CUST03014,2026-03-01,Completed,149.87,Apple Pay
ORD014104,CUST00359,2026-02-07,Processing,115.93,Credit Card
ORD014105,CUST01077,2026-06-25,Shipped,288.16,PayPal
ORD014106,CUST02104,2026-08-09,Processing,40.75,Debit Card
ORD014107,CUST04975,2026-06-03,Completed,59.84,Credit Card
ORD014108,CUST03528,2026-08-02,Cancelled,34.86,Debit Card
ORD014109,CUST02303,2026-08-04,Processing,45.47,Credit Card
ORD014110,CUST04101,2026-03-18,Completed,54.26,PayPal
ORD014111,CUST01605,2026-03-26,Shipped,13.79,Google Pay
ORD014112,CUST01076,2026-05-09,Processing,96.83,Google Pay
ORD014113,CUST04049,2026-01-04,Cancelled,78.46,PayPal
ORD014114,CUST00329,2026-07-14,Shipped,366.89,Credit Card
ORD014115,CUST03233,2026-04-24,Completed,75.08,PayPal
ORD014116,CUST03478,2026-08-03,Completed,17.75,Credit Card
ORD014117,CUST01003,2026-03-21,Cancelled,98.36,PayPal
ORD014118,CUST04879,2026-04-19,Completed,52.42,Debit Card
ORD014119,CUST00577,2026-05-21,Processing,44.82,PayPal
ORD014120,CUST00327,2026-06-16,Shipped,55.68,Credit Card
ORD014121,CUST01528,2026-01-31,Processing,126.33,Apple Pay
ORD014122,CUST02822,2026-06-01,Completed,77.42,Google Pay
ORD014123,CUST01466,2026-05-08,Completed,301.03,Apple Pay
ORD014124,CUST03226,2026-03-20,Completed,42.29,PayPal
ORD014125,CUST02282,2026-01-05,Cancelled,80.13,Credit Card
ORD014126,CUST04748,2026-05-07,Shipped,67.1,Google Pay
ORD014127,CUST02381,2026-06-26,Processing,27.75,PayPal
ORD014128,CUST00495,2026-03-27,Shipped,34.85,Apple Pay
ORD014129,CUST01139,2026-03-27,Cancelled,109.76,Google Pay
ORD014130,CUST02417,2026-05-19,Cancelled,48.95,PayPal
ORD014131,CUST01357,2026-01-24,Completed,93.39,Google Pay
ORD014132,CUST01154,2026-02-14,Processing,58.03,Debit Card
ORD014133,CUST03250,2026-07-21,Shipped,35.2,Google Pay
ORD014134,CUST02143,2026-04-21,Processing,36.71,Debit Card
ORD014135,CUST03389,2026-02-03,Completed,26.47,Google Pay
ORD014136,CUST01125,2026-05-19,Completed,122.19,Google Pay
ORD014137,CUST00802,2026-07-04,Completed,48.41,Google Pay
ORD014138,CUST02043,2026-06-06,Completed,31.24,Debit Card
ORD014139,CUST00208,2026-05-30,Completed,40.16,PayPal
ORD014140,CUST02655,2026-06-10,Cancelled,20.21,Apple Pay
ORD014141,CUST00473,2026-07-19,Shipped,83.2,Google Pay
ORD014142,CUST01639,2026-05-02,Completed,80.18,Apple Pay
ORD014143,CUST00136,2026-06-26,Processing,103.78,Apple Pay
ORD014144,CUST04357,2026-08-12,Shipped,44.37,Google Pay
ORD014145,CUST01171,2026-04-19,Shipped,39.12,Debit Card
ORD014146,CUST00458,2026-01-23,Cancelled,65.94,Credit Card
ORD014147,CUST01437,2026-07-16,Shipped,53.08,Credit Card
ORD014148,CUST03572,2026-08-11,Completed,26.49,Credit Card
ORD014149,CUST02149,2026-01-29,Completed,148.29,Google Pay
ORD014150,CUST04243,2026-01-06,Completed,43.67,Apple Pay
ORD014151,CUST04813,2026-02-21,Completed,169.0,Credit Card
ORD014152,CUST00507,2026-03-30,Completed,23.43,Google Pay
ORD014153,CUST02606,2026-03-30,Completed,121.71,Google Pay
ORD014154,CUST02384,2026-08-11,Completed,60.02,Google Pay
ORD014155,CUST00446,2026-05-02,Completed,66.25,Debit Card
ORD014156,CUST02782,2026-05-22,Shipped,422.06,PayPal
ORD014157,CUST00444,2026-01-17,Completed,37.54,Debit Card
ORD014158,CUST00118,2026-07-27,Cancelled,92.02,Apple Pay
ORD014159,CUST01541,2026-01-28,Completed,128.28,Google Pay
ORD014160,CUST02771,2026-01-09,Completed,111.76,Debit Card
ORD014161,CUST00567,2026-04-25,Shipped,57.83,Credit Card
ORD014162,CUST03603,2026-05-04,Shipped,45.04,PayPal
ORD014163,CUST01937,2026-07-13,Cancelled,70.14,Google Pay
ORD014164,CUST04184,2026-01-04,Completed,117.42,Debit Card
ORD014165,CUST01653,2026-05-28,Cancelled,108.67,Credit Card
ORD014166,CUST04572,2026-06-18,Cancelled,42.26,Credit Card
ORD014167,CUST04391,2026-02-05,Completed,51.74,Debit Card
ORD014168,CUST04816,2026-05-14,Completed,60.18,Debit Card
ORD014169,CUST04782,2026-03-06,Shipped,84.76,Apple Pay
ORD014170,CUST02687,2026-06-27,Completed,85.03,Google Pay
ORD014171,CUST01204,2026-07-11,Completed,51.05,Credit Card
ORD014172,CUST02938,2026-01-03,Cancelled,141.25,Apple Pay
ORD014173,CUST00406,2026-02-06,Completed,40.99,Credit Card
ORD014174,CUST03908,2026-04-19,Processing,141.07,Debit Card
ORD014175,CUST04215,2026-01-03,Shipped,77.39,Credit Card
ORD014176,CUST04080,2026-06-10,Processing,125.81,Credit Card
ORD014177,CUST00313,2026-07-06,Completed,150.45,Google Pay
ORD014178,CUST00163,2026-05-23,Completed,35.62,Debit Card
ORD014179,CUST01529,2026-02-25,Cancelled,29.84,Credit Card
ORD014180,CUST04389,2026-03-02,Completed,195.25,PayPal
ORD014181,CUST04786,2026-03-09,Cancelled,193.11,Apple Pay
ORD014182,CUST01566,2026-03-20,Shipped,77.35,Credit Card
ORD014183,CUST04769,2026-03-12,Completed,61.3,Credit Card
ORD014184,CUST00399,2026-04-21,Completed,21.55,Apple Pay
ORD014185,CUST03587,2026-07-15,Completed,49.33,Credit Card
ORD014186,CUST01048,2026-07-09,Completed,43.31,Debit Card
ORD014187,CUST01943,2026-07-14,Cancelled,104.0,Credit Card
ORD014188,CUST03131,2026-01-23,Shipped,81.12,Debit Card
ORD014189,CUST02797,2026-01-14,Completed,204.2,Debit Card
ORD014190,CUST00240,2026-05-14,Shipped,14.68,Debit Card
ORD014191,CUST02359,2026-02-02,Processing,92.73,Apple Pay
ORD014192,CUST00672,2026-01-09,Cancelled,39.12,Debit Card
ORD014193,CUST02620,2026-05-20,Completed,58.79,Credit Card
ORD014194,CUST02462,2026-04-27,Cancelled,121.79,Google Pay
ORD014195,CUST03394,2026-04-05,Processing,52.1,Debit Card
ORD014196,CUST00402,2026-06-28,Completed,578.43,Credit Card
ORD014197,CUST02107,2026-01-03,Completed,46.88,Credit Card
ORD014198,CUST04149,2026-07-03,Completed,45.02,PayPal
ORD014199,CUST01088,2026-02-15,Cancelled,17.5,Credit Card
ORD014200,CUST01143,2026-02-05,Cancelled,79.12,PayPal
ORD014201,CUST04382,2026-05-21,Completed,63.42,Credit Card
ORD014202,CUST02066,2026-01-13,Completed,21.83,Debit Card
ORD014203,CUST03909,2026-07-05,Shipped,44.84,PayPal
ORD014204,CUST04256,2026-08-14,Completed,96.56,PayPal
ORD014205,CUST03960,2026-03-26,Completed,26.19,PayPal
ORD014206,CUST00142,2026-06-11,Completed,35.23,Debit Card
ORD014207,CUST00397,2026-02-12,Cancelled,69.74,Google Pay
ORD014208,CUST02628,2026-05-08,Cancelled,90.47,Debit Card
ORD014209,CUST04630,2026-06-05,Completed,152.19,Google Pay
ORD014210,CUST01556,2026-07-03,Completed,589.01,Debit Card
ORD014211,CUST02509,2026-02-16,Completed,52.22,Credit Card
ORD014212,CUST04382,2026-06-12,Completed,16.53,Debit Card
ORD014213,CUST01029,2026-07-25,Completed,18.38,Google Pay
ORD014214,CUST02177,2026-07-29,Shipped,533.31,Apple Pay
ORD014215,CUST00671,2026-01-19,Cancelled,53.56,Credit Card
ORD014216,CUST04595,2026-03-24,Completed,193.8,PayPal
ORD014217,CUST01856,2026-04-07,Completed,104.94,Debit Card
ORD014218,CUST03430,2026-06-28,Cancelled,23.25,Credit Card
ORD014219,CUST02079,2026-04-09,Cancelled,35.86,Google Pay
ORD014220,CUST02007,2026-05-28,Processing,298.47,PayPal
ORD014221,CUST01689,2026-01-29,Completed,38.0,Google Pay
ORD014222,CUST04432,2026-05-08,Cancelled,79.22,Credit Card
ORD014223,CUST00570,2026-03-13,Processing,61.08,Credit Card
ORD014224,CUST04695,2026-08-05,Processing,12.23,Credit Card
ORD014225,CUST01147,2026-07-28,Shipped,271.51,Credit Card
ORD014226,CUST03775,2026-03-06,Processing,23.1,Google Pay
ORD014227,CUST00865,2026-02-07,Completed,60.72,Apple Pay
ORD014228,CUST04901,2026-06-26,Completed,30.95,Credit Card
ORD014229,CUST04410,2026-05-04,Cancelled,122.57,PayPal
ORD014230,CUST00028,2026-04-04,Shipped,66.81,Google Pay
ORD014231,CUST01030,2026-06-05,Completed,169.21,Debit Card
ORD014232,CUST01997,2026-02-02,Completed,284.17,Debit Card
ORD014233,CUST01342,2026-01-13,Cancelled,130.33,Google Pay
ORD014234,CUST01249,2026-08-04,Cancelled,86.96,Google Pay
ORD014235,CUST02137,2026-06-21,Completed,39.06,Credit Card
ORD014236,CUST02088,2026-04-11,Completed,43.96,Google Pay
ORD014237,CUST00681,2026-08-02,Completed,110.76,PayPal
ORD014238,CUST00375,2026-06-29,Completed,61.35,Debit Card
ORD014239,CUST03370,2026-05-07,Shipped,180.86,PayPal
ORD014240,CUST03046,2026-03-18,Shipped,182.63,PayPal
ORD014241,CUST02338,2026-07-23,Shipped,77.35,Credit Card
ORD014242,CUST00806,2026-05-01,Completed,34.37,Google Pay
ORD014243,CUST03040,2026-06-18,Completed,53.42,Debit Card
ORD014244,CUST00279,2026-02-18,Completed,117.9,Debit Card
ORD014245,CUST01406,2026-04-20,Completed,26.78,Debit Card
ORD014246,CUST00788,2026-05-15,Completed,123.98,PayPal
ORD014247,CUST01333,2026-02-05,Completed,34.44,Debit Card
ORD014248,CUST04373,2026-04-03,Cancelled,39.98,Debit Card
ORD014249,CUST03148,2026-08-09,Completed,36.03,PayPal
ORD014250,CUST02346,2026-06-03,Cancelled,25.85,Credit Card
ORD014251,CUST03450,2026-06-04,Completed,165.69,PayPal
ORD014252,CUST00433,2026-01-24,Completed,76.72,PayPal
ORD014253,CUST01010,2026-08-11,Cancelled,33.78,Credit Card
ORD014254,CUST03850,2026-07-18,Cancelled,41.77,Apple Pay
ORD014255,CUST00317,2026-03-22,Processing,164.96,Apple Pay
ORD014256,CUST04217,2026-06-10,Completed,50.68,Google Pay
ORD014257,CUST01366,2026-04-08,Shipped,102.92,Google Pay
ORD014258,CUST04400,2026-05-26,Completed,52.3,PayPal
ORD014259,CUST00936,2026-04-15,Processing,106.91,Google Pay
ORD014260,CUST03519,2026-01-05,Shipped,34.53,Apple Pay
ORD014261,CUST03788,2026-05-09,Cancelled,30.56,Google Pay
ORD014262,CUST02769,2026-03-12,Processing,57.06,Apple Pay
ORD014263,CUST00496,2026-05-02,Completed,99.42,Apple Pay
ORD014264,CUST03593,2026-08-14,Completed,44.47,PayPal
ORD014265,CUST02233,2026-01-03,Completed,52.33,Google Pay
ORD014266,CUST04019,2026-02-05,Cancelled,67.81,Google Pay
ORD014267,CUST02936,2026-06-12,Shipped,41.07,Credit Card
ORD014268,CUST04809,2026-06-28,Shipped,37.4,Credit Card
ORD014269,CUST04446,2026-05-01,Completed,68.99,Apple Pay
ORD014270,CUST02368,2026-05-20,Cancelled,151.35,PayPal
ORD014271,CUST02585,2026-01-15,Shipped,36.69,Debit Card
ORD014272,CUST00906,2026-05-12,Completed,49.74,Google Pay
ORD014273,CUST03228,2026-07-03,Completed,82.8,Google Pay
ORD014274,CUST01828,2026-08-13,Completed,70.26,Apple Pay
ORD014275,CUST03723,2026-01-16,Cancelled,161.13,Apple Pay
ORD014276,CUST02581,2026-08-09,Completed,59.51,Google Pay
ORD014277,CUST04598,2026-05-14,Completed,23.28,Apple Pay
ORD014278,CUST01516,2026-03-04,Cancelled,26.45,PayPal
ORD014279,CUST04623,2026-01-23,Completed,147.74,Google Pay
ORD014280,CUST04807,2026-03-18,Completed,25.77,Google Pay
ORD014281,CUST03004,2026-06-21,Completed,54.41,Credit Card
ORD014282,CUST00112,2026-01-01,Completed,28.29,Apple Pay
ORD014283,CUST01673,2026-07-04,Completed,61.65,Credit Card
ORD014284,CUST02303,2026-03-17,Shipped,73.16,Apple Pay
ORD014285,CUST01651,2026-01-27,Completed,75.74,Debit Card
ORD014286,CUST04396,2026-01-25,Completed,55.9,Google Pay
ORD014287,CUST02475,2026-03-27,Processing,23.17,Credit Card
ORD014288,CUST03996,2026-03-03,Completed,40.76,Google Pay
ORD014289,CUST01891,2026-08-14,Shipped,39.39,Credit Card
ORD014290,CUST00307,2026-05-26,Completed,120.99,Credit Card
ORD014291,CUST00121,2026-07-27,Completed,40.02,Debit Card
ORD014292,CUST03102,2026-04-03,Processing,15.98,Google Pay
ORD014293,CUST01278,2026-01-30,Cancelled,109.94,PayPal
ORD014294,CUST01428,2026-06-07,Completed,84.66,Apple Pay
ORD014295,CUST03103,2026-03-25,Completed,38.88,Google Pay
ORD014296,CUST01186,2026-06-24,Shipped,25.14,Apple Pay
ORD014297,CUST01456,2026-05-30,Shipped,43.78,PayPal
ORD014298,CUST01180,2026-05-05,Completed,60.18,PayPal
ORD014299,CUST01347,2026-06-19,Shipped,91.5,Apple Pay
ORD014300,CUST00629,2026-02-03,Cancelled,209.32,Apple Pay
ORD014301,CUST01215,2026-07-10,Processing,75.09,Apple Pay
ORD014302,CUST01962,2026-01-04,Completed,96.69,PayPal
ORD014303,CUST02996,2026-01-31,Shipped,19.85,PayPal
ORD014304,CUST04613,2026-02-20,Shipped,27.98,PayPal
ORD014305,CUST04941,2026-02-19,Completed,130.91,Google Pay
ORD014306,CUST01548,2026-01-14,Processing,24.12,Apple Pay
ORD014307,CUST04916,2026-01-08,Processing,35.43,Google Pay
ORD014308,CUST02859,2026-04-11,Processing,78.82,Debit Card
ORD014309,CUST00762,2026-03-10,Cancelled,78.49,PayPal
ORD014310,CUST02367,2026-05-16,Shipped,31.76,Google Pay
ORD014311,CUST04207,2026-05-19,Shipped,179.09,PayPal
ORD014312,CUST01842,2026-01-29,Processing,27.26,Credit Card
ORD014313,CUST04903,2026-07-02,Shipped,74.42,Apple Pay
ORD014314,CUST01497,2026-08-01,Completed,206.6,PayPal
ORD014315,CUST03920,2026-06-16,Shipped,76.75,Apple Pay
ORD014316,CUST03089,2026-05-21,Cancelled,19.21,Google Pay
ORD014317,CUST01244,2026-03-05,Processing,116.21,Credit Card
ORD014318,CUST04583,2026-02-18,Completed,52.92,Apple Pay
ORD014319,CUST04907,2026-01-19,Processing,98.56,Debit Card
ORD014320,CUST02044,2026-05-07,Completed,162.47,PayPal
ORD014321,CUST03377,2026-07-14,Shipped,19.61,Apple Pay
ORD014322,CUST00517,2026-08-14,Shipped,82.19,Debit Card
ORD014323,CUST00835,2026-03-24,Cancelled,143.26,Apple Pay
ORD014324,CUST00624,2026-04-06,Completed,77.4,Google Pay
ORD014325,CUST01048,2026-04-25,Processing,173.69,PayPal
ORD014326,CUST01565,2026-04-13,Completed,69.91,PayPal
ORD014327,CUST03983,2026-06-29,Completed,197.31,Debit Card
ORD014328,CUST00497,2026-04-27,Processing,19.2,Credit Card
ORD014329,CUST02430,2026-03-19,Shipped,113.58,Credit Card
ORD014330,CUST02264,2026-03-12,Completed,10.29,Debit Card
ORD014331,CUST00543,2026-01-20,Completed,76.77,Apple Pay
ORD014332,CUST00916,2026-04-06,Processing,26.79,Credit Card
ORD014333,CUST01802,2026-04-20,Processing,107.01,PayPal
ORD014334,CUST03083,2026-07-01,Completed,45.45,Debit Card
ORD014335,CUST00082,2026-04-05,Cancelled,64.76,Debit Card
ORD014336,CUST01180,2026-03-27,Completed,39.03,PayPal
ORD014337,CUST00166,2026-05-13,Cancelled,215.82,Credit Card
ORD014338,CUST02256,2026-04-05,Completed,52.29,Google Pay
ORD014339,CUST02072,2026-03-20,Shipped,33.04,Debit Card
ORD014340,CUST00807,2026-07-09,Completed,21.31,Apple Pay
ORD014341,CUST02739,2026-05-25,Cancelled,32.15,Debit Card
ORD014342,CUST00332,2026-06-30,Processing,29.51,Google Pay
ORD014343,CUST03591,2026-02-06,Processing,60.59,PayPal
ORD014344,CUST01535,2026-01-19,Shipped,49.88,Credit Card
ORD014345,CUST00181,2026-05-18,Cancelled,13.14,PayPal
ORD014346,CUST01317,2026-02-13,Cancelled,45.42,PayPal
ORD014347,CUST01107,2026-08-14,Completed,12.32,Credit Card
ORD014348,CUST01590,2026-06-26,Completed,108.85,PayPal
ORD014349,CUST02487,2026-03-30,Processing,52.45,PayPal
ORD014350,CUST02591,2026-02-06,Cancelled,23.9,Debit Card
ORD014351,CUST02241,2026-02-27,Completed,50.77,Apple Pay
ORD014352,CUST00488,2026-08-08,Cancelled,120.19,Credit Card
ORD014353,CUST00612,2026-05-08,Completed,50.27,Debit Card
ORD014354,CUST03421,2026-05-23,Completed,63.37,Google Pay
ORD014355,CUST03195,2026-05-28,Shipped,109.6,Debit Card
ORD014356,CUST01398,2026-07-02,Completed,40.19,Debit Card
ORD014357,CUST01457,2026-05-21,Completed,32.15,PayPal
ORD014358,CUST02194,2026-05-28,Completed,32.73,Apple Pay
ORD014359,CUST03075,2026-02-12,Completed,107.88,Debit Card
ORD014360,CUST01338,2026-08-11,Processing,69.99,Google Pay
ORD014361,CUST04423,2026-07-29,Completed,87.82,PayPal
ORD014362,CUST02201,2026-06-18,Processing,24.79,Debit Card
ORD014363,CUST04498,2026-02-17,Shipped,194.68,Google Pay
ORD014364,CUST02868,2026-02-25,Shipped,125.92,Credit Card
ORD014365,CUST04584,2026-08-08,Completed,28.72,Debit Card
ORD014366,CUST03883,2026-04-21,Shipped,86.56,Credit Card
ORD014367,CUST02115,2026-07-15,Completed,31.37,Credit Card
ORD014368,CUST02137,2026-08-04,Processing,20.01,Google Pay
ORD014369,CUST00079,2026-06-21,Completed,79.89,PayPal
ORD014370,CUST00378,2026-07-20,Completed,70.73,Apple Pay
ORD014371,CUST00165,2026-06-24,Completed,90.25,Apple Pay
ORD014372,CUST04845,2026-06-27,Shipped,115.72,Debit Card
ORD014373,CUST01721,2026-02-01,Completed,106.2,Google Pay
ORD014374,CUST02985,2026-08-12,Completed,64.54,Credit Card
ORD014375,CUST00155,2026-02-23,Completed,57.36,Debit Card
ORD014376,CUST01147,2026-06-16,Shipped,152.04,PayPal
ORD014377,CUST01064,2026-08-01,Completed,47.45,Apple Pay
ORD014378,CUST02217,2026-07-05,Cancelled,128.84,Apple Pay
ORD014379,CUST02840,2026-03-02,Completed,15.18,Credit Card
ORD014380,CUST01464,2026-04-20,Shipped,40.62,Debit Card
ORD014381,CUST03471,2026-08-07,Cancelled,58.3,Debit Card
ORD014382,CUST01517,2026-04-21,Cancelled,93.97,Apple Pay
ORD014383,CUST03051,2026-04-10,Cancelled,106.31,PayPal
ORD014384,CUST04424,2026-07-19,Completed,126.15,Google Pay
ORD014385,CUST01527,2026-07-30,Completed,70.42,Credit Card
ORD014386,CUST03611,2026-08-09,Cancelled,54.66,Apple Pay
ORD014387,CUST02393,2026-05-27,Completed,134.41,Apple Pay
ORD014388,CUST00789,2026-03-10,Processing,66.72,Debit Card
ORD014389,CUST02549,2026-05-30,Processing,146.3,Credit Card
ORD014390,CUST04658,2026-06-12,Shipped,87.1,Apple Pay
ORD014391,CUST04609,2026-05-18,Processing,60.94,Apple Pay
ORD014392,CUST00516,2026-05-23,Shipped,114.06,Apple Pay
ORD014393,CUST03063,2026-01-02,Completed,73.13,Credit Card
ORD014394,CUST04763,2026-05-30,Completed,72.09,Apple Pay
ORD014395,CUST01568,2026-04-22,Shipped,33.95,Apple Pay
ORD014396,CUST01449,2026-04-09,Completed,52.95,Debit Card
ORD014397,CUST00967,2026-04-13,Completed,42.8,PayPal
ORD014398,CUST00364,2026-07-30,Completed,72.31,Google Pay
ORD014399,CUST00108,2026-01-12,Completed,68.96,Credit Card
ORD014400,CUST03095,2026-05-05,Completed,53.5,Google Pay
ORD014401,CUST00623,2026-08-14,Processing,54.97,Apple Pay
ORD014402,CUST04417,2026-07-09,Shipped,82.51,PayPal
ORD014403,CUST00510,2026-02-14,Completed,17.64,Debit Card
ORD014404,CUST01065,2026-07-05,Processing,21.75,Debit Card
ORD014405,CUST03866,2026-05-28,Completed,53.48,Credit Card
ORD014406,CUST00304,2026-06-28,Processing,143.41,PayPal
ORD014407,CUST00969,2026-01-07,Completed,164.69,Credit Card
ORD014408,CUST01439,2026-06-01,Completed,21.59,Debit Card
ORD014409,CUST03522,2026-03-08,Cancelled,544.41,Apple Pay
ORD014410,CUST03872,2026-03-11,Shipped,32.36,Credit Card
ORD014411,CUST03501,2026-04-07,Processing,30.2,PayPal
ORD014412,CUST02200,2026-02-22,Cancelled,11.83,Credit Card
ORD014413,CUST04355,2026-06-11,Completed,38.27,Debit Card
ORD014414,CUST03902,2026-06-10,Completed,47.61,Credit Card
ORD014415,CUST02271,2026-04-03,Completed,177.18,Apple Pay
ORD014416,CUST00230,2026-05-31,Processing,106.8,Debit Card
ORD014417,CUST02487,2026-02-27,Completed,130.75,Credit Card
ORD014418,CUST00150,2026-07-15,Completed,226.64,Google Pay
ORD014419,CUST00910,2026-03-10,Completed,287.77,Google Pay
ORD014420,CUST03529,2026-08-14,Completed,239.08,Debit Card
ORD014421,CUST00978,2026-07-27,Cancelled,78.14,Apple Pay
ORD014422,CUST00635,2026-06-17,Completed,45.45,PayPal
ORD014423,CUST04718,2026-02-16,Shipped,123.46,Apple Pay
ORD014424,CUST02191,2026-02-12,Processing,35.9,Credit Card
ORD014425,CUST04150,2026-07-08,Completed,92.62,Debit Card
ORD014426,CUST04940,2026-06-19,Shipped,52.02,Google Pay
ORD014427,CUST03475,2026-03-03,Completed,40.83,PayPal
ORD014428,CUST03781,2026-07-14,Completed,18.76,Debit Card
ORD014429,CUST01866,2026-02-24,Completed,83.3,Debit Card
ORD014430,CUST00299,2026-04-17,Shipped,31.19,Debit Card
ORD014431,CUST02740,2026-02-18,Shipped,93.27,Credit Card
ORD014432,CUST03726,2026-04-16,Completed,54.82,Google Pay
ORD014433,CUST03392,2026-06-26,Cancelled,58.91,Google Pay
ORD014434,CUST04541,2026-03-19,Completed,54.39,Google Pay
ORD014435,CUST00098,2026-04-29,Cancelled,22.53,PayPal
ORD014436,CUST03198,2026-06-10,Completed,37.05,Credit Card
ORD014437,CUST02106,2026-01-28,Completed,33.01,Apple Pay
ORD014438,CUST04273,2026-02-26,Processing,32.64,Google Pay
ORD014439,CUST04815,2026-06-18,Completed,31.86,Apple Pay
ORD014440,CUST03523,2026-04-30,Processing,30.39,Debit Card
ORD014441,CUST04419,2026-04-30,Processing,34.61,Debit Card
ORD014442,CUST00846,2026-07-26,Completed,36.14,Debit Card
ORD014443,CUST04186,2026-01-04,Completed,87.97,Google Pay
ORD014444,CUST04227,2026-01-20,Cancelled,68.72,Debit Card
ORD014445,CUST03882,2026-04-27,Shipped,30.95,Credit Card
ORD014446,CUST01053,2026-03-30,Completed,45.24,Debit Card
ORD014447,CUST03849,2026-06-12,Cancelled,16.52,Google Pay
ORD014448,CUST03616,2026-02-22,Shipped,67.28,Credit Card
ORD014449,CUST03158,2026-02-08,Shipped,50.35,Google Pay
ORD014450,CUST02106,2026-02-22,Completed,31.45,Debit Card
ORD014451,CUST00994,2026-05-01,Completed,262.37,Credit Card
ORD014452,CUST03097,2026-03-27,Completed,50.22,Debit Card
ORD014453,CUST00190,2026-04-09,Cancelled,82.55,Credit Card
ORD014454,CUST02124,2026-04-28,Processing,47.6,Apple Pay
ORD014455,CUST02419,2026-04-02,Processing,27.12,Credit Card
ORD014456,CUST04995,2026-05-18,Processing,68.64,Apple Pay
ORD014457,CUST02899,2026-07-27,Processing,42.2,Debit Card
ORD014458,CUST04602,2026-04-23,Completed,98.07,Credit Card
ORD014459,CUST01967,2026-08-03,Shipped,48.69,Google Pay
ORD014460,CUST04279,2026-03-24,Completed,50.25,Credit Card
ORD014461,CUST04250,2026-03-06,Cancelled,123.64,Credit Card
ORD014462,CUST03412,2026-01-01,Completed,66.44,Credit Card
ORD014463,CUST03947,2026-06-30,Completed,68.1,PayPal
ORD014464,CUST01047,2026-06-23,Shipped,71.4,Google Pay
ORD014465,CUST02574,2026-06-03,Shipped,114.23,Credit Card
ORD014466,CUST00606,2026-08-14,Completed,343.58,Credit Card
ORD014467,CUST01367,2026-05-10,Completed,43.93,Debit Card
ORD014468,CUST02927,2026-01-28,Completed,55.26,Google Pay
ORD014469,CUST01959,2026-03-25,Cancelled,37.11,Credit Card
ORD014470,CUST01065,2026-06-04,Shipped,49.28,Credit Card
ORD014471,CUST00518,2026-01-28,Completed,77.23,Credit Card
ORD014472,CUST02455,2026-05-04,Processing,85.43,Apple Pay
ORD014473,CUST04234,2026-01-31,Shipped,133.05,PayPal
ORD014474,CUST03808,2026-06-24,Processing,46.53,Google Pay
ORD014475,CUST02590,2026-05-15,Completed,78.81,Apple Pay
ORD014476,CUST02273,2026-03-13,Completed,31.86,Credit Card
ORD014477,CUST02309,2026-08-12,Shipped,34.55,Google Pay
ORD014478,CUST01103,2026-07-22,Completed,112.5,Apple Pay
ORD014479,CUST04793,2026-02-17,Processing,48.82,PayPal
ORD014480,CUST00811,2026-01-26,Shipped,37.32,Apple Pay
ORD014481,CUST03764,2026-07-02,Completed,20.59,Debit Card
ORD014482,CUST04569,2026-03-30,Shipped,120.01,Credit Card
ORD014483,CUST00077,2026-05-15,Completed,18.03,Apple Pay
ORD014484,CUST02310,2026-07-31,Completed,20.32,PayPal
ORD014485,CUST01026,2026-04-15,Processing,90.45,Credit Card
ORD014486,CUST02065,2026-02-26,Completed,51.58,Debit Card
ORD014487,CUST04440,2026-04-25,Completed,78.42,Debit Card
ORD014488,CUST02742,2026-07-05,Completed,49.18,Apple Pay
ORD014489,CUST04942,2026-08-10,Completed,111.36,Credit Card
ORD014490,CUST04000,2026-04-30,Cancelled,140.24,Apple Pay
ORD014491,CUST03229,2026-01-01,Completed,151.04,Debit Card
ORD014492,CUST04270,2026-03-23,Processing,51.5,Google Pay
ORD014493,CUST03559,2026-07-19,Shipped,27.47,Apple Pay
ORD014494,CUST00846,2026-01-29,Completed,59.34,Google Pay
ORD014495,CUST00693,2026-05-30,Shipped,33.59,Credit Card
ORD014496,CUST04049,2026-08-12,Shipped,40.25,Debit Card
ORD014497,CUST01333,2026-06-17,Completed,227.25,Apple Pay
ORD014498,CUST03038,2026-07-09,Cancelled,109.29,Apple Pay
ORD014499,CUST04333,2026-01-14,Completed,49.49,Apple Pay
ORD014500,CUST01275,2026-05-10,Completed,56.23,Credit Card
ORD014501,CUST01245,2026-06-12,Cancelled,42.53,Credit Card
ORD014502,CUST00338,2026-03-12,Completed,68.49,PayPal
ORD014503,CUST03295,2026-07-14,Completed,44.58,Apple Pay
ORD014504,CUST00337,2026-05-05,Completed,128.54,Credit Card
ORD014505,CUST01868,2026-03-20,Shipped,59.84,Debit Card
ORD014506,CUST04006,2026-04-17,Processing,32.39,Credit Card
ORD014507,CUST00495,2026-04-08,Processing,165.95,Credit Card
ORD014508,CUST04643,2026-05-30,Completed,83.83,Apple Pay
ORD014509,CUST03887,2026-01-18,Cancelled,79.14,Google Pay
ORD014510,CUST00161,2026-02-15,Completed,16.65,Debit Card
ORD014511,CUST02037,2026-03-23,Completed,58.34,Google Pay
ORD014512,CUST01742,2026-07-10,Processing,36.36,PayPal
ORD014513,CUST01508,2026-05-03,Completed,8.3,Apple Pay
ORD014514,CUST03561,2026-04-08,Completed,56.73,Google Pay
ORD014515,CUST01376,2026-06-13,Completed,54.67,Credit Card
ORD014516,CUST01554,2026-02-15,Processing,144.91,Credit Card
ORD014517,CUST02282,2026-04-13,Shipped,40.46,PayPal
ORD014518,CUST01869,2026-02-06,Shipped,34.09,PayPal
ORD014519,CUST01602,2026-01-18,Shipped,37.43,Debit Card
ORD014520,CUST03828,2026-06-20,Processing,71.77,Debit Card
ORD014521,CUST03481,2026-04-14,Completed,135.05,Apple Pay
ORD014522,CUST01300,2026-06-06,Completed,60.28,PayPal
ORD014523,CUST00711,2026-07-23,Completed,40.25,Apple Pay
ORD014524,CUST04168,2026-05-26,Cancelled,53.07,Google Pay
ORD014525,CUST02047,2026-08-11,Completed,95.3,Debit Card
ORD014526,CUST02882,2026-05-23,Cancelled,136.09,Apple Pay
ORD014527,CUST01818,2026-07-06,Completed,138.08,PayPal
ORD014528,CUST02199,2026-05-02,Completed,55.8,Google Pay
ORD014529,CUST03333,2026-04-04,Shipped,83.37,Debit Card
ORD014530,CUST01104,2026-04-10,Cancelled,105.91,Apple Pay
ORD014531,CUST03178,2026-01-28,Completed,57.42,PayPal
ORD014532,CUST03595,2026-06-30,Shipped,97.19,Apple Pay
ORD014533,CUST03475,2026-01-15,Shipped,103.24,Debit Card
ORD014534,CUST04816,2026-05-08,Processing,87.51,Google Pay
ORD014535,CUST02178,2026-02-12,Processing,106.39,Credit Card
ORD014536,CUST01195,2026-02-02,Completed,256.68,Google Pay
ORD014537,CUST04502,2026-05-10,Completed,33.88,Apple Pay
ORD014538,CUST00536,2026-07-06,Processing,151.45,Apple Pay
ORD014539,CUST01070,2026-01-08,Completed,69.09,Credit Card
ORD014540,CUST04370,2026-04-22,Completed,58.09,Apple Pay
ORD014541,CUST00133,2026-02-02,Shipped,40.95,Google Pay
ORD014542,CUST00264,2026-06-12,Completed,73.28,Debit Card
ORD014543,CUST04463,2026-05-26,Completed,41.9,Google Pay
ORD014544,CUST02053,2026-03-31,Completed,53.87,Google Pay
ORD014545,CUST04947,2026-05-29,Processing,21.84,Google Pay
ORD014546,CUST04090,2026-07-11,Shipped,64.94,Debit Card
ORD014547,CUST02848,2026-06-05,Shipped,32.09,Apple Pay
ORD014548,CUST00358,2026-07-31,Completed,53.69,Google Pay
ORD014549,CUST04421,2026-04-26,Completed,60.74,Debit Card
ORD014550,CUST00751,2026-06-22,Shipped,31.62,Apple Pay
ORD014551,CUST03251,2026-01-20,Completed,31.3,Debit Card
ORD014552,CUST04352,2026-05-03,Completed,44.14,Debit Card
ORD014553,CUST02259,2026-05-12,Completed,37.73,Google Pay
ORD014554,CUST00911,2026-02-05,Processing,65.77,Credit Card
ORD014555,CUST03811,2026-04-08,Completed,54.71,Google Pay
ORD014556,CUST00584,2026-03-18,Completed,115.3,Debit Card
ORD014557,CUST03439,2026-08-11,Processing,63.94,Debit Card
ORD014558,CUST00577,2026-06-29,Cancelled,75.93,Debit Card
ORD014559,CUST02577,2026-05-06,Cancelled,56.33,PayPal
ORD014560,CUST01872,2026-02-08,Completed,20.33,Google Pay
ORD014561,CUST01153,2026-03-12,Shipped,55.76,Credit Card
ORD014562,CUST04991,2026-07-28,Completed,14.85,Apple Pay
ORD014563,CUST01784,2026-04-16,Completed,43.43,Credit Card
ORD014564,CUST01094,2026-05-20,Processing,89.93,Credit Card
ORD014565,CUST02100,2026-02-24,Cancelled,27.08,PayPal
ORD014566,CUST04533,2026-04-28,Completed,13.47,Debit Card
ORD014567,CUST02142,2026-04-04,Cancelled,35.6,Credit Card
ORD014568,CUST02134,2026-06-25,Completed,67.28,Debit Card
ORD014569,CUST00518,2026-04-08,Shipped,43.89,Google Pay
ORD014570,CUST00742,2026-08-02,Processing,24.21,Debit Card
ORD014571,CUST02478,2026-08-01,Processing,42.29,Debit Card
ORD014572,CUST04959,2026-01-09,Completed,85.73,Google Pay
ORD014573,CUST02877,2026-05-20,Cancelled,47.65,Google Pay
ORD014574,CUST00043,2026-07-28,Completed,105.67,Credit Card
ORD014575,CUST03442,2026-07-27,Shipped,40.92,PayPal
ORD014576,CUST00404,2026-03-10,Processing,21.01,Apple Pay
ORD014577,CUST01327,2026-03-24,Completed,194.18,Google Pay
ORD014578,CUST02217,2026-07-04,Completed,78.91,Google Pay
ORD014579,CUST02150,2026-01-28,Completed,153.95,Apple Pay
ORD014580,CUST02394,2026-01-17,Cancelled,56.38,Debit Card
ORD014581,CUST02651,2026-01-22,Completed,49.67,Google Pay
ORD014582,CUST04538,2026-06-12,Completed,162.55,Apple Pay
ORD014583,CUST04346,2026-04-23,Completed,177.46,Credit Card
ORD014584,CUST00878,2026-07-06,Cancelled,23.82,PayPal
ORD014585,CUST01887,2026-07-26,Completed,39.13,Google Pay
ORD014586,CUST01304,2026-05-27,Completed,32.09,Apple Pay
ORD014587,CUST01741,2026-06-27,Shipped,94.69,Google Pay
ORD014588,CUST01113,2026-06-03,Completed,35.36,Debit Card
ORD014589,CUST03877,2026-04-18,Completed,85.96,Google Pay
ORD014590,CUST01899,2026-03-01,Shipped,106.85,Google Pay
ORD014591,CUST00248,2026-02-13,Shipped,223.26,Debit Card
ORD014592,CUST03261,2026-07-03,Cancelled,27.95,Google Pay
ORD014593,CUST00568,2026-02-12,Completed,136.71,Debit Card
ORD014594,CUST03810,2026-05-31,Completed,51.31,Apple Pay
ORD014595,CUST01189,2026-07-21,Completed,231.14,PayPal
ORD014596,CUST02596,2026-05-30,Completed,125.87,PayPal
ORD014597,CUST01354,2026-06-24,Shipped,117.47,Apple Pay
ORD014598,CUST03613,2026-02-24,Completed,35.79,Credit Card
ORD014599,CUST00981,2026-01-11,Cancelled,52.62,Credit Card
ORD014600,CUST04966,2026-02-24,Completed,80.34,PayPal
ORD014601,CUST00169,2026-06-03,Completed,40.72,Apple Pay
ORD014602,CUST03165,2026-05-09,Completed,97.13,Google Pay
ORD014603,CUST02672,2026-07-09,Shipped,213.08,Apple Pay
ORD014604,CUST00379,2026-05-29,Completed,38.95,Debit Card
ORD014605,CUST01933,2026-01-08,Completed,36.65,Apple Pay
ORD014606,CUST00194,2026-05-28,Completed,40.09,Credit Card
ORD014607,CUST00264,2026-06-22,Completed,170.45,Google Pay
ORD014608,CUST01472,2026-03-22,Cancelled,52.6,Google Pay
ORD014609,CUST02016,2026-03-20,Completed,187.93,PayPal
ORD014610,CUST04617,2026-08-01,Completed,103.67,Debit Card
ORD014611,CUST01301,2026-03-06,Cancelled,82.38,Google Pay
ORD014612,CUST03201,2026-03-01,Shipped,226.89,PayPal
ORD014613,CUST03374,2026-07-14,Completed,35.76,Google Pay
ORD014614,CUST00574,2026-04-05,Cancelled,17.59,Credit Card
ORD014615,CUST01538,2026-02-25,Cancelled,36.89,Google Pay
ORD014616,CUST01384,2026-05-08,Completed,52.48,Credit Card
ORD014617,CUST01381,2026-05-02,Completed,73.12,Apple Pay
ORD014618,CUST03538,2026-01-31,Completed,103.49,Credit Card
ORD014619,CUST03160,2026-03-26,Completed,79.33,Credit Card
ORD014620,CUST01524,2026-03-28,Cancelled,85.98,Credit Card
ORD014621,CUST04992,2026-05-06,Cancelled,58.13,Google Pay
ORD014622,CUST04613,2026-03-22,Completed,93.83,Debit Card
ORD014623,CUST03933,2026-01-22,Completed,75.13,Credit Card
ORD014624,CUST03623,2026-07-09,Cancelled,149.31,PayPal
ORD014625,CUST00896,2026-02-25,Completed,89.03,Google Pay
ORD014626,CUST03394,2026-03-27,Processing,103.17,Debit Card
ORD014627,CUST00465,2026-05-03,Completed,383.34,Debit Card
ORD014628,CUST01611,2026-07-19,Processing,49.1,Google Pay
ORD014629,CUST00613,2026-04-21,Processing,121.96,PayPal
ORD014630,CUST03213,2026-01-08,Completed,64.97,Apple Pay
ORD014631,CUST00605,2026-03-03,Completed,50.72,Google Pay
ORD014632,CUST00621,2026-03-19,Completed,55.3,Debit Card
ORD014633,CUST02603,2026-06-01,Completed,105.47,Apple Pay
ORD014634,CUST02184,2026-01-22,Processing,54.82,Debit Card
ORD014635,CUST03801,2026-01-15,Cancelled,18.39,Credit Card
ORD014636,CUST00156,2026-07-31,Processing,43.63,Apple Pay
ORD014637,CUST03354,2026-08-07,Completed,163.5,Google Pay
ORD014638,CUST03912,2026-06-05,Completed,99.21,Google Pay
ORD014639,CUST02918,2026-05-30,Cancelled,12.54,PayPal
ORD014640,CUST03118,2026-01-31,Shipped,37.05,Apple Pay
ORD014641,CUST02716,2026-07-20,Cancelled,28.29,PayPal
ORD014642,CUST04340,2026-07-09,Completed,16.38,Google Pay
ORD014643,CUST00450,2026-03-28,Completed,57.76,PayPal
ORD014644,CUST04850,2026-03-10,Completed,142.3,Apple Pay
ORD014645,CUST04502,2026-04-19,Completed,30.9,Google Pay
ORD014646,CUST03962,2026-06-16,Completed,40.81,Debit Card
ORD014647,CUST01070,2026-03-22,Completed,48.71,Google Pay
ORD014648,CUST04018,2026-02-09,Completed,17.32,PayPal
ORD014649,CUST04845,2026-03-10,Processing,273.03,PayPal
ORD014650,CUST03592,2026-07-02,Processing,109.3,Google Pay
ORD014651,CUST02820,2026-03-12,Completed,68.3,Credit Card
ORD014652,CUST02286,2026-03-05,Shipped,37.73,Credit Card
ORD014653,CUST02036,2026-01-08,Processing,24.59,Credit Card
ORD014654,CUST01191,2026-03-12,Processing,34.93,Debit Card
ORD014655,CUST01400,2026-03-27,Processing,130.78,Debit Card
ORD014656,CUST03741,2026-02-13,Cancelled,38.12,Debit Card
ORD014657,CUST02249,2026-02-07,Processing,57.4,Google Pay
ORD014658,CUST02794,2026-04-27,Completed,62.69,Google Pay
ORD014659,CUST00724,2026-05-29,Processing,608.64,Apple Pay
ORD014660,CUST01442,2026-01-04,Cancelled,39.75,Credit Card
ORD014661,CUST04821,2026-06-09,Completed,27.35,Apple Pay
ORD014662,CUST00087,2026-02-24,Cancelled,16.69,Credit Card
ORD014663,CUST04150,2026-04-03,Completed,38.0,PayPal
ORD014664,CUST01752,2026-07-07,Cancelled,310.13,Apple Pay
ORD014665,CUST03421,2026-02-28,Completed,90.13,Google Pay
ORD014666,CUST04838,2026-04-04,Completed,170.35,PayPal
ORD014667,CUST02484,2026-03-08,Shipped,83.24,Apple Pay
ORD014668,CUST03213,2026-01-05,Processing,47.56,PayPal
ORD014669,CUST03923,2026-03-24,Completed,98.61,PayPal
ORD014670,CUST02490,2026-03-13,Shipped,31.38,PayPal
ORD014671,CUST01487,2026-05-07,Processing,95.32,Google Pay
ORD014672,CUST03528,2026-02-06,Completed,122.68,PayPal
ORD014673,CUST00073,2026-08-11,Completed,121.21,Google Pay
ORD014674,CUST00725,2026-01-27,Cancelled,52.23,Debit Card
ORD014675,CUST03755,2026-01-13,Completed,140.7,PayPal
ORD014676,CUST02996,2026-05-14,Completed,27.67,Credit Card
ORD014677,CUST04366,2026-03-06,Processing,100.68,Google Pay
ORD014678,CUST00219,2026-06-07,Completed,73.32,Debit Card
ORD014679,CUST00547,2026-07-22,Completed,37.0,Google Pay
ORD014680,CUST03730,2026-06-29,Completed,27.93,PayPal
ORD014681,CUST01969,2026-02-10,Completed,57.16,Google Pay
ORD014682,CUST04517,2026-08-11,Cancelled,63.38,Apple Pay
ORD014683,CUST01260,2026-07-27,Processing,38.89,Apple Pay
ORD014684,CUST02934,2026-01-15,Completed,24.3,Credit Card
ORD014685,CUST02510,2026-05-13,Shipped,108.8,Google Pay
ORD014686,CUST04009,2026-01-15,Completed,118.75,PayPal
ORD014687,CUST04073,2026-01-01,Shipped,262.13,PayPal
ORD014688,CUST04681,2026-01-15,Completed,37.77,Apple Pay
ORD014689,CUST01563,2026-07-07,Completed,63.15,Google Pay
ORD014690,CUST02086,2026-02-17,Completed,118.13,PayPal
ORD014691,CUST01790,2026-07-01,Completed,126.1,Debit Card
ORD014692,CUST03670,2026-07-02,Shipped,78.46,PayPal
ORD014693,CUST02482,2026-03-13,Completed,99.96,Google Pay
ORD014694,CUST03431,2026-04-27,Processing,37.84,Apple Pay
ORD014695,CUST00205,2026-08-02,Shipped,65.35,Debit Card
ORD014696,CUST00742,2026-01-27,Processing,32.75,PayPal
ORD014697,CUST02889,2026-08-14,Shipped,96.64,Credit Card
ORD014698,CUST03495,2026-06-07,Completed,128.59,Credit Card
ORD014699,CUST04264,2026-07-23,Completed,685.02,Apple Pay
ORD014700,CUST04738,2026-03-01,Completed,169.87,Debit Card
ORD014701,CUST01106,2026-03-07,Completed,18.16,Credit Card
ORD014702,CUST01824,2026-06-23,Completed,29.37,Credit Card
ORD014703,CUST02648,2026-02-21,Cancelled,171.12,PayPal
ORD014704,CUST04198,2026-08-02,Cancelled,89.4,Google Pay
ORD014705,CUST00089,2026-03-22,Shipped,65.08,PayPal
ORD014706,CUST03382,2026-02-04,Completed,58.13,PayPal
ORD014707,CUST04704,2026-05-01,Processing,30.77,Apple Pay
ORD014708,CUST03512,2026-02-11,Completed,15.2,PayPal
ORD014709,CUST02207,2026-07-03,Completed,31.52,Debit Card
ORD014710,CUST03186,2026-02-14,Shipped,52.01,Debit Card
ORD014711,CUST04382,2026-02-21,Shipped,70.22,Google Pay
ORD014712,CUST00865,2026-05-31,Completed,49.54,Credit Card
ORD014713,CUST00055,2026-06-06,Completed,24.54,Credit Card
ORD014714,CUST04672,2026-01-29,Completed,41.43,Google Pay
ORD014715,CUST02081,2026-02-26,Processing,65.87,Google Pay
ORD014716,CUST00558,2026-01-19,Cancelled,71.63,PayPal
ORD014717,CUST04827,2026-07-28,Cancelled,45.24,Apple Pay
ORD014718,CUST00993,2026-01-08,Shipped,46.67,Credit Card
ORD014719,CUST04897,2026-06-27,Shipped,105.76,Credit Card
ORD014720,CUST04292,2026-05-15,Completed,71.6,Google Pay
ORD014721,CUST00448,2026-05-19,Completed,46.2,Google Pay
ORD014722,CUST01822,2026-07-14,Cancelled,76.94,Credit Card
ORD014723,CUST03820,2026-03-07,Completed,14.76,Credit Card
ORD014724,CUST02973,2026-03-24,Shipped,49.04,PayPal
ORD014725,CUST00092,2026-06-05,Processing,54.07,Credit Card
ORD014726,CUST00608,2026-07-03,Completed,59.35,Google Pay
ORD014727,CUST01252,2026-01-28,Completed,32.74,Debit Card
ORD014728,CUST00286,2026-03-30,Shipped,94.8,Debit Card
ORD014729,CUST02922,2026-03-16,Shipped,25.02,Debit Card
ORD014730,CUST03307,2026-02-09,Completed,18.4,PayPal
ORD014731,CUST00102,2026-05-10,Processing,53.06,Debit Card
ORD014732,CUST03836,2026-03-17,Completed,39.85,Apple Pay
ORD014733,CUST04236,2026-07-08,Processing,23.97,Apple Pay
ORD014734,CUST04931,2026-03-17,Shipped,80.95,PayPal
ORD014735,CUST01679,2026-04-24,Completed,58.64,Debit Card
ORD014736,CUST03824,2026-06-02,Completed,117.31,Google Pay
ORD014737,CUST00535,2026-04-05,Cancelled,75.44,PayPal
ORD014738,CUST00016,2026-02-23,Completed,55.38,Credit Card
ORD014739,CUST00561,2026-05-25,Completed,26.98,PayPal
ORD014740,CUST02926,2026-06-25,Completed,26.64,Apple Pay
ORD014741,CUST02384,2026-05-20,Completed,47.3,Google Pay
ORD014742,CUST00910,2026-07-08,Completed,43.75,Debit Card
ORD014743,CUST01414,2026-08-10,Completed,104.34,Apple Pay
ORD014744,CUST00119,2026-01-02,Processing,104.5,Debit Card
ORD014745,CUST04063,2026-03-21,Cancelled,19.99,Debit Card
ORD014746,CUST03114,2026-03-06,Cancelled,26.27,PayPal
ORD014747,CUST03061,2026-02-21,Completed,18.37,PayPal
ORD014748,CUST01492,2026-02-03,Processing,37.06,Apple Pay
ORD014749,CUST02097,2026-02-14,Completed,132.33,Debit Card
ORD014750,CUST02255,2026-05-09,Completed,77.6,PayPal
ORD014751,CUST00514,2026-04-10,Cancelled,68.01,Apple Pay
ORD014752,CUST01234,2026-02-21,Processing,55.9,Debit Card
ORD014753,CUST04133,2026-03-08,Shipped,37.18,Credit Card
ORD014754,CUST01480,2026-04-08,Cancelled,110.25,Credit Card
ORD014755,CUST03350,2026-03-17,Shipped,87.98,Apple Pay
ORD014756,CUST01541,2026-02-25,Completed,118.5,Credit Card
ORD014757,CUST00130,2026-07-05,Shipped,31.13,Google Pay
ORD014758,CUST03717,2026-04-19,Cancelled,48.9,Apple Pay
ORD014759,CUST03744,2026-08-07,Completed,24.62,Apple Pay
ORD014760,CUST01772,2026-02-19,Shipped,33.36,Debit Card
ORD014761,CUST04455,2026-04-11,Completed,35.49,Google Pay
ORD014762,CUST03076,2026-04-29,Cancelled,85.42,Apple Pay
ORD014763,CUST00506,2026-06-02,Completed,80.56,PayPal
ORD014764,CUST04914,2026-05-20,Cancelled,137.68,Apple Pay
ORD014765,CUST04890,2026-04-25,Completed,12.63,Google Pay
ORD014766,CUST00839,2026-08-13,Cancelled,49.65,Apple Pay
ORD014767,CUST03872,2026-03-14,Completed,532.8,Credit Card
ORD014768,CUST04719,2026-07-12,Cancelled,90.61,Google Pay
ORD014769,CUST02677,2026-02-25,Cancelled,52.11,PayPal
ORD014770,CUST00097,2026-02-19,Processing,104.57,Google Pay
ORD014771,CUST01964,2026-08-03,Processing,33.38,Apple Pay
ORD014772,CUST02867,2026-06-05,Completed,28.37,PayPal
ORD014773,CUST04027,2026-01-03,Processing,58.0,PayPal
ORD014774,CUST00599,2026-06-15,Shipped,74.01,PayPal
ORD014775,CUST02982,2026-03-05,Processing,99.62,Credit Card
ORD014776,CUST03964,2026-02-23,Completed,102.45,Google Pay
ORD014777,CUST00429,2026-02-05,Processing,33.55,Apple Pay
ORD014778,CUST03782,2026-06-21,Shipped,76.24,Credit Card
ORD014779,CUST01325,2026-02-13,Cancelled,121.45,PayPal
ORD014780,CUST02591,2026-07-16,Shipped,108.13,Apple Pay
ORD014781,CUST02415,2026-04-29,Completed,96.21,Debit Card
ORD014782,CUST01768,2026-04-03,Completed,87.53,Apple Pay
ORD014783,CUST01517,2026-06-30,Shipped,82.46,Debit Card
ORD014784,CUST01340,2026-05-21,Completed,59.25,Debit Card
ORD014785,CUST04095,2026-06-21,Completed,208.08,PayPal
ORD014786,CUST04660,2026-05-12,Processing,108.9,Debit Card
ORD014787,CUST03404,2026-03-11,Processing,48.99,Credit Card
ORD014788,CUST02547,2026-06-28,Completed,18.51,PayPal
ORD014789,CUST00977,2026-04-12,Cancelled,275.31,Debit Card
ORD014790,CUST01615,2026-07-17,Completed,34.39,Google Pay
ORD014791,CUST01585,2026-01-11,Cancelled,22.06,Credit Card
ORD014792,CUST04062,2026-08-07,Completed,120.01,Google Pay
ORD014793,CUST04652,2026-07-01,Processing,60.36,Apple Pay
ORD014794,CUST01271,2026-04-20,Shipped,89.06,Credit Card
ORD014795,CUST00219,2026-07-09,Completed,25.08,Google Pay
ORD014796,CUST00534,2026-07-06,Completed,107.42,Google Pay
ORD014797,CUST01496,2026-03-02,Cancelled,171.57,PayPal
ORD014798,CUST01374,2026-06-17,Shipped,59.38,Apple Pay
ORD014799,CUST04140,2026-05-12,Processing,39.94,Credit Card
ORD014800,CUST03824,2026-06-04,Shipped,32.94,Credit Card
ORD014801,CUST03950,2026-01-16,Shipped,103.89,Credit Card
ORD014802,CUST00065,2026-07-29,Processing,133.4,Debit Card
ORD014803,CUST04342,2026-01-07,Shipped,46.64,Credit Card
ORD014804,CUST03143,2026-01-11,Completed,41.58,Debit Card
ORD014805,CUST01725,2026-07-19,Cancelled,62.21,PayPal
ORD014806,CUST02206,2026-03-05,Completed,50.3,Debit Card
ORD014807,CUST02986,2026-06-29,Cancelled,22.76,Apple Pay
ORD014808,CUST03914,2026-05-08,Processing,16.28,Debit Card
ORD014809,CUST01049,2026-01-06,Completed,49.45,Apple Pay
ORD014810,CUST03655,2026-04-30,Completed,35.34,Apple Pay
ORD014811,CUST02873,2026-02-17,Processing,95.04,Apple Pay
ORD014812,CUST04256,2026-03-10,Completed,31.29,Apple Pay
ORD014813,CUST01005,2026-05-01,Completed,10.36,Credit Card
ORD014814,CUST02123,2026-01-06,Completed,48.76,Apple Pay
ORD014815,CUST04575,2026-07-08,Completed,97.24,Google Pay
ORD014816,CUST03982,2026-07-13,Completed,211.73,PayPal
ORD014817,CUST04483,2026-08-11,Cancelled,244.98,Google Pay
ORD014818,CUST00472,2026-08-12,Cancelled,41.57,Credit Card
ORD014819,CUST03406,2026-07-20,Completed,30.82,Apple Pay
ORD014820,CUST00309,2026-07-26,Completed,60.63,Debit Card
ORD014821,CUST02935,2026-03-26,Completed,80.85,Credit Card
ORD014822,CUST04797,2026-04-20,Shipped,39.65,PayPal
ORD014823,CUST03048,2026-06-30,Shipped,41.68,Debit Card
ORD014824,CUST01922,2026-01-28,Cancelled,136.94,Debit Card
ORD014825,CUST03000,2026-04-19,Cancelled,27.59,Apple Pay
ORD014826,CUST02018,2026-08-07,Completed,59.96,PayPal
ORD014827,CUST04882,2026-05-13,Cancelled,123.24,PayPal
ORD014828,CUST01479,2026-03-22,Shipped,125.75,Debit Card
ORD014829,CUST02353,2026-04-11,Completed,121.99,PayPal
ORD014830,CUST04198,2026-02-27,Completed,286.69,Google Pay
ORD014831,CUST04871,2026-01-24,Completed,86.45,Apple Pay
ORD014832,CUST03460,2026-06-08,Processing,54.9,Apple Pay
ORD014833,CUST03755,2026-06-18,Shipped,29.39,Google Pay
ORD014834,CUST01232,2026-03-09,Completed,39.1,Google Pay
ORD014835,CUST03121,2026-07-31,Shipped,13.17,PayPal
ORD014836,CUST00572,2026-04-17,Completed,72.1,Debit Card
ORD014837,CUST03590,2026-07-28,Completed,75.66,PayPal
ORD014838,CUST00148,2026-06-23,Completed,48.63,Google Pay
ORD014839,CUST03444,2026-01-10,Shipped,30.09,Apple Pay
ORD014840,CUST00597,2026-06-14,Shipped,61.2,Apple Pay
ORD014841,CUST01071,2026-05-29,Shipped,52.87,Apple Pay
ORD014842,CUST03746,2026-01-21,Completed,37.31,PayPal
ORD014843,CUST04251,2026-05-04,Completed,61.09,Google Pay
ORD014844,CUST04326,2026-04-23,Completed,113.4,Debit Card
ORD014845,CUST03372,2026-07-27,Shipped,45.37,PayPal
ORD014846,CUST00158,2026-04-07,Shipped,40.19,Apple Pay
ORD014847,CUST00923,2026-05-18,Processing,45.97,Google Pay
ORD014848,CUST03319,2026-03-23,Completed,46.04,Debit Card
ORD014849,CUST02347,2026-04-07,Completed,83.02,Credit Card
ORD014850,CUST04051,2026-04-03,Processing,80.29,PayPal
ORD014851,CUST01247,2026-04-05,Shipped,81.82,Credit Card
ORD014852,CUST00766,2026-01-24,Cancelled,57.26,Google Pay
ORD014853,CUST03652,2026-05-04,Completed,68.3,Credit Card
ORD014854,CUST02613,2026-05-20,Completed,18.42,Apple Pay
ORD014855,CUST04563,2026-05-28,Processing,30.22,PayPal
ORD014856,CUST03829,2026-07-17,Completed,58.99,Debit Card
ORD014857,CUST04582,2026-05-16,Completed,64.46,Apple Pay
ORD014858,CUST00444,2026-03-19,Cancelled,113.68,Google Pay
ORD014859,CUST00905,2026-05-13,Completed,43.27,PayPal
ORD014860,CUST02911,2026-02-23,Shipped,16.34,Google Pay
ORD014861,CUST03210,2026-02-05,Processing,85.91,Google Pay
ORD014862,CUST01802,2026-04-22,Cancelled,16.31,Google Pay
ORD014863,CUST00926,2026-06-15,Completed,45.48,PayPal
ORD014864,CUST03722,2026-05-11,Completed,18.38,Apple Pay
ORD014865,CUST04388,2026-06-13,Cancelled,231.04,Google Pay
ORD014866,CUST00752,2026-01-22,Shipped,25.71,Debit Card
ORD014867,CUST01235,2026-01-08,Completed,61.91,Apple Pay
ORD014868,CUST02923,2026-07-08,Cancelled,53.17,Google Pay
ORD014869,CUST00663,2026-05-06,Completed,18.41,PayPal
ORD014870,CUST03196,2026-03-19,Completed,168.37,Google Pay
ORD014871,CUST01585,2026-01-07,Processing,95.4,Google Pay
ORD014872,CUST00920,2026-03-09,Processing,42.87,Credit Card
ORD014873,CUST04220,2026-03-03,Completed,24.17,Credit Card
ORD014874,CUST00068,2026-05-27,Shipped,28.38,Apple Pay
ORD014875,CUST04571,2026-04-17,Completed,17.57,Credit Card
ORD014876,CUST04454,2026-06-24,Completed,49.17,PayPal
ORD014877,CUST01767,2026-01-24,Processing,71.48,Credit Card
ORD014878,CUST01954,2026-07-27,Processing,142.97,PayPal
ORD014879,CUST02569,2026-05-14,Shipped,106.96,Google Pay
ORD014880,CUST03709,2026-05-16,Completed,109.23,Apple Pay
ORD014881,CUST04929,2026-06-02,Cancelled,80.0,Credit Card
ORD014882,CUST02672,2026-08-12,Completed,75.2,Credit Card
ORD014883,CUST03400,2026-03-30,Processing,52.49,Apple Pay
ORD014884,CUST01354,2026-07-21,Processing,99.7,PayPal
ORD014885,CUST00443,2026-04-17,Completed,39.08,PayPal
ORD014886,CUST00601,2026-02-10,Completed,57.15,Credit Card
ORD014887,CUST03167,2026-07-05,Completed,67.03,PayPal
ORD014888,CUST03943,2026-07-28,Completed,100.87,PayPal
ORD014889,CUST02810,2026-07-07,Processing,41.92,Credit Card
ORD014890,CUST03389,2026-04-20,Cancelled,202.08,Credit Card
ORD014891,CUST04583,2026-05-11,Completed,369.93,Credit Card
ORD014892,CUST02787,2026-01-09,Processing,20.12,Debit Card
ORD014893,CUST02696,2026-06-29,Shipped,84.65,Credit Card
ORD014894,CUST03649,2026-07-05,Shipped,146.22,Debit Card
ORD014895,CUST02053,2026-07-07,Cancelled,40.8,Google Pay
ORD014896,CUST00632,2026-03-23,Processing,92.74,PayPal
ORD014897,CUST03443,2026-06-26,Processing,39.42,Debit Card
ORD014898,CUST01755,2026-04-04,Completed,39.36,Google Pay
ORD014899,CUST03034,2026-05-13,Completed,55.34,PayPal
ORD014900,CUST01579,2026-07-09,Cancelled,29.55,PayPal
ORD014901,CUST00026,2026-04-26,Completed,51.43,PayPal
ORD014902,CUST02210,2026-06-09,Cancelled,29.72,Apple Pay
ORD014903,CUST02903,2026-01-27,Shipped,60.36,Apple Pay
ORD014904,CUST01130,2026-08-01,Shipped,63.03,Debit Card
ORD014905,CUST04997,2026-06-01,Completed,70.04,Debit Card
ORD014906,CUST04105,2026-06-15,Completed,82.55,PayPal
ORD014907,CUST04146,2026-07-14,Completed,72.59,Google Pay
ORD014908,CUST00442,2026-05-24,Cancelled,107.79,Debit Card
ORD014909,CUST03896,2026-05-23,Shipped,39.77,Credit Card
ORD014910,CUST04798,2026-01-25,Completed,116.23,Credit Card
ORD014911,CUST04850,2026-07-19,Processing,80.46,Debit Card
ORD014912,CUST01829,2026-01-04,Completed,55.7,Google Pay
ORD014913,CUST01536,2026-02-01,Processing,41.33,Credit Card
ORD014914,CUST04326,2026-06-22,Shipped,19.71,PayPal
ORD014915,CUST00560,2026-07-03,Completed,26.89,PayPal
ORD014916,CUST01174,2026-02-04,Shipped,187.84,Apple Pay
ORD014917,CUST01879,2026-06-30,Processing,26.95,Apple Pay
ORD014918,CUST02256,2026-01-30,Shipped,37.1,Apple Pay
ORD014919,CUST01085,2026-04-13,Completed,50.29,Google Pay
ORD014920,CUST03915,2026-04-22,Cancelled,60.46,PayPal
ORD014921,CUST00239,2026-02-18,Cancelled,45.33,Google Pay
ORD014922,CUST02915,2026-04-04,Processing,93.34,Credit Card
ORD014923,CUST02096,2026-07-28,Processing,70.78,PayPal
ORD014924,CUST01472,2026-03-24,Completed,88.18,Apple Pay
ORD014925,CUST02046,2026-06-29,Completed,156.91,Apple Pay
ORD014926,CUST04613,2026-08-11,Completed,70.23,Credit Card
ORD014927,CUST03684,2026-07-28,Completed,51.1,PayPal
ORD014928,CUST00205,2026-05-10,Completed,12.86,Google Pay
ORD014929,CUST03601,2026-07-06,Cancelled,297.97,Google Pay
ORD014930,CUST02138,2026-06-14,Completed,198.38,Credit Card
ORD014931,CUST01214,2026-01-29,Cancelled,146.42,PayPal
ORD014932,CUST03835,2026-06-07,Processing,68.87,Google Pay
ORD014933,CUST03092,2026-04-28,Cancelled,55.62,Apple Pay
ORD014934,CUST01383,2026-01-22,Completed,59.39,Apple Pay
ORD014935,CUST03681,2026-04-12,Processing,77.36,Google Pay
ORD014936,CUST01680,2026-07-22,Processing,107.26,PayPal
ORD014937,CUST00007,2026-08-13,Processing,35.48,Google Pay
ORD014938,CUST01886,2026-01-19,Completed,46.51,Credit Card
ORD014939,CUST03499,2026-03-08,Completed,48.88,PayPal
ORD014940,CUST00296,2026-03-27,Completed,87.9,Google Pay
ORD014941,CUST00264,2026-01-18,Processing,120.42,Apple Pay
ORD014942,CUST02138,2026-04-19,Completed,148.34,PayPal
ORD014943,CUST04949,2026-08-10,Cancelled,72.12,Debit Card
ORD014944,CUST03866,2026-07-12,Processing,214.84,PayPal
ORD014945,CUST04497,2026-07-31,Completed,64.49,Apple Pay
ORD014946,CUST04453,2026-04-23,Completed,206.82,PayPal
ORD014947,CUST02547,2026-05-13,Completed,121.29,Credit Card
ORD014948,CUST04930,2026-07-23,Completed,47.54,Apple Pay
ORD014949,CUST04531,2026-05-19,Cancelled,305.73,Apple Pay
ORD014950,CUST00119,2026-08-04,Completed,22.55,Credit Card
ORD014951,CUST02396,2026-02-27,Completed,175.04,Debit Card
ORD014952,CUST03368,2026-01-18,Completed,52.71,PayPal
ORD014953,CUST01703,2026-03-13,Completed,17.08,Credit Card
ORD014954,CUST00530,2026-04-03,Completed,335.85,PayPal
ORD014955,CUST03675,2026-07-03,Shipped,78.17,PayPal
ORD014956,CUST00303,2026-05-30,Cancelled,51.81,Debit Card
ORD014957,CUST04068,2026-02-25,Completed,52.32,PayPal
ORD014958,CUST04252,2026-07-13,Shipped,128.55,Credit Card
ORD014959,CUST03969,2026-01-23,Shipped,65.09,PayPal
ORD014960,CUST00014,2026-01-16,Processing,268.49,PayPal
ORD014961,CUST02804,2026-02-13,Shipped,44.57,Debit Card
ORD014962,CUST00889,2026-03-13,Shipped,27.36,PayPal
ORD014963,CUST03529,2026-07-15,Completed,77.81,Apple Pay
ORD014964,CUST01197,2026-01-14,Completed,81.62,Google Pay
ORD014965,CUST04541,2026-05-17,Completed,30.61,Apple Pay
ORD014966,CUST02170,2026-03-16,Cancelled,23.89,Debit Card
ORD014967,CUST03569,2026-04-18,Completed,33.81,PayPal
ORD014968,CUST02232,2026-05-24,Cancelled,46.76,Credit Card
ORD014969,CUST01844,2026-05-21,Shipped,36.47,PayPal
ORD014970,CUST03652,2026-02-05,Shipped,155.96,PayPal
ORD014971,CUST03877,2026-02-13,Completed,50.6,Debit Card
ORD014972,CUST02719,2026-04-10,Cancelled,165.21,PayPal
ORD014973,CUST00049,2026-03-22,Completed,13.09,Credit Card
ORD014974,CUST00181,2026-01-14,Completed,84.53,Credit Card
ORD014975,CUST03879,2026-04-03,Completed,71.3,Google Pay
ORD014976,CUST01418,2026-01-17,Completed,144.0,Google Pay
ORD014977,CUST03465,2026-07-12,Completed,58.27,PayPal
ORD014978,CUST03420,2026-07-31,Completed,31.38,Credit Card
ORD014979,CUST00530,2026-04-07,Cancelled,72.32,PayPal
ORD014980,CUST04680,2026-05-06,Completed,70.85,Apple Pay
ORD014981,CUST01287,2026-02-23,Completed,38.68,Debit Card
ORD014982,CUST02191,2026-05-06,Completed,53.75,Debit Card
ORD014983,CUST00707,2026-05-10,Completed,45.75,Credit Card
ORD014984,CUST03218,2026-05-25,Completed,199.12,Apple Pay
ORD014985,CUST00294,2026-01-23,Completed,57.55,Credit Card
ORD014986,CUST01562,2026-08-02,Shipped,58.21,Apple Pay
ORD014987,CUST04518,2026-05-09,Cancelled,52.05,Credit Card
ORD014988,CUST02612,2026-01-12,Completed,48.25,Google Pay
ORD014989,CUST00661,2026-05-21,Completed,72.38,PayPal
ORD014990,CUST03179,2026-07-25,Processing,36.19,Debit Card
ORD014991,CUST03390,2026-07-21,Completed,55.97,Debit Card
ORD014992,CUST02107,2026-01-12,Shipped,21.01,Apple Pay
ORD014993,CUST03064,2026-02-26,Completed,71.05,Google Pay
ORD014994,CUST02841,2026-03-27,Completed,72.33,Apple Pay
ORD014995,CUST03497,2026-01-18,Processing,27.76,Google Pay
ORD014996,CUST02579,2026-04-13,Processing,93.71,Apple Pay
ORD014997,CUST02052,2026-03-24,Cancelled,47.7,Credit Card
ORD014998,CUST02410,2026-04-04,Shipped,165.61,Credit Card
ORD014999,CUST02954,2026-05-23,Cancelled,52.33,Debit Card
ORD015000,CUST00369,2026-06-16,Processing,154.3,Apple Pay
