payment_id,order_id,payment_date,amount,payment_method,status
PAY000001,ORD000001,2026-01-27,34.21,Debit Card,Completed
PAY000002,ORD000002,2026-04-22,46.7,Apple Pay,Failed
PAY000003,ORD000003,2026-03-31,145.18,Apple Pay,Completed
PAY000004,ORD000004,2026-08-07,81.23,Google Pay,Failed
PAY000005,ORD000005,2026-05-09,121.88,PayPal,Failed
PAY000006,ORD000006,2026-02-13,90.06,Credit Card,Completed
PAY000007,ORD000007,2026-07-31,30.74,Credit Card,Completed
PAY000008,ORD000008,2026-02-21,232.95,Debit Card,Pending
PAY000009,ORD000009,2026-06-02,53.49,Credit Card,Failed
PAY000010,ORD000010,2026-07-21,124.9,PayPal,Completed
PAY000011,ORD000011,2026-03-06,188.89,PayPal,Completed
PAY000012,ORD000012,2026-07-27,23.28,Google Pay,Completed
PAY000013,ORD000013,2026-01-11,56.57,Debit Card,Completed
PAY000014,ORD000014,2026-03-09,98.35,Debit Card,Completed
PAY000015,ORD000015,2026-05-01,49.6,Credit Card,Failed
PAY000016,ORD000016,2026-03-18,409.95,Apple Pay,Completed
PAY000017,ORD000017,2026-08-01,72.75,Debit Card,Completed
PAY000018,ORD000018,2026-01-15,93.09,Credit Card,Failed
PAY000019,ORD000019,2026-02-26,218.04,Apple Pay,Completed
PAY000020,ORD000020,2026-03-15,22.96,Credit Card,Completed
PAY000021,ORD000021,2026-03-05,44.33,Google Pay,Pending
PAY000022,ORD000022,2026-01-11,30.84,Debit Card,Completed
PAY000023,ORD000023,2026-05-01,81.67,Credit Card,Completed
PAY000024,ORD000024,2026-08-12,189.72,Google Pay,Completed
PAY000025,ORD000025,2026-08-13,29.01,Credit Card,Completed
PAY000026,ORD000026,2026-05-05,22.47,PayPal,Completed
PAY000027,ORD000027,2026-05-28,68.41,Credit Card,Pending
PAY000028,ORD000028,2026-01-30,156.28,PayPal,Completed
PAY000029,ORD000029,2026-01-10,34.74,Debit Card,Pending
PAY000030,ORD000030,2026-02-23,29.67,Credit Card,Pending
PAY000031,ORD000031,2026-07-05,182.72,Google Pay,Completed
PAY000032,ORD000032,2026-07-26,52.7,Debit Card,Pending
PAY000033,ORD000033,2026-06-06,94.12,Debit Card,Failed
PAY000034,ORD000034,2026-05-09,158.67,PayPal,Completed
PAY000035,ORD000035,2026-02-27,86.67,Debit Card,Completed
PAY000036,ORD000036,2026-05-29,61.82,Credit Card,Pending
PAY000037,ORD000037,2026-05-23,30.63,Credit Card,Completed
PAY000038,ORD000038,2026-07-14,41.59,PayPal,Pending
PAY000039,ORD000039,2026-06-10,77.09,Credit Card,Completed
PAY000040,ORD000040,2026-06-15,144.1,PayPal,Completed
PAY000041,ORD000041,2026-05-27,43.15,Apple Pay,Completed
PAY000042,ORD000042,2026-05-12,39.91,PayPal,Pending
PAY000043,ORD000043,2026-03-17,84.7,Google Pay,Pending
PAY000044,ORD000044,2026-03-30,35.36,Google Pay,Pending
PAY000045,ORD000045,2026-04-08,82.12,Credit Card,Completed
PAY000046,ORD000046,2026-03-22,33.14,Apple Pay,Completed
PAY000047,ORD000047,2026-07-05,72.39,Google Pay,Completed
PAY000048,ORD000048,2026-03-11,48.24,Google Pay,Completed
PAY000049,ORD000049,2026-01-12,65.35,Google Pay,Pending
PAY000050,ORD000050,2026-05-07,106.08,Credit Card,Failed
PAY000051,ORD000051,2026-03-20,56.46,Debit Card,Completed
PAY000052,ORD000052,2026-05-25,80.08,Debit Card,Completed
PAY000053,ORD000053,2026-05-09,37.17,Debit Card,Pending
PAY000054,ORD000054,2026-01-14,41.13,Credit Card,Completed
PAY000055,ORD000055,2026-04-29,28.01,Debit Card,Failed
PAY000056,ORD000056,2026-01-02,57.76,PayPal,Completed
PAY000057,ORD000057,2026-01-04,74.06,Credit Card,Completed
PAY000058,ORD000058,2026-03-07,79.07,Credit Card,Failed
PAY000059,ORD000059,2026-03-31,197.91,Apple Pay,Failed
PAY000060,ORD000060,2026-06-23,84.2,Google Pay,Failed
PAY000061,ORD000061,2026-06-27,44.58,Apple Pay,Failed
PAY000062,ORD000062,2026-03-01,307.56,Debit Card,Failed
PAY000063,ORD000063,2026-06-29,34.8,Credit Card,Pending
PAY000064,ORD000064,2026-04-07,69.41,Credit Card,Failed
PAY000065,ORD000065,2026-06-25,131.34,Debit Card,Failed
PAY000066,ORD000066,2026-06-16,89.16,Google Pay,Completed
PAY000067,ORD000067,2026-05-07,13.99,Apple Pay,Completed
PAY000068,ORD000068,2026-07-17,96.96,Google Pay,Completed
PAY000069,ORD000069,2026-03-01,41.08,Debit Card,Completed
PAY000070,ORD000070,2026-06-07,35.41,Apple Pay,Completed
PAY000071,ORD000071,2026-08-02,18.62,Apple Pay,Pending
PAY000072,ORD000072,2026-06-04,67.25,Google Pay,Failed
PAY000073,ORD000073,2026-03-24,43.95,Google Pay,Completed
PAY000074,ORD000074,2026-03-15,76.64,Credit Card,Completed
PAY000075,ORD000075,2026-02-24,32.64,Credit Card,Completed
PAY000076,ORD000076,2026-07-17,736.57,Google Pay,Completed
PAY000077,ORD000077,2026-01-26,45.36,Debit Card,Completed
PAY000078,ORD000078,2026-06-19,135.99,Google Pay,Completed
PAY000079,ORD000079,2026-05-01,134.13,Credit Card,Failed
PAY000080,ORD000080,2026-03-08,119.34,Apple Pay,Completed
PAY000081,ORD000081,2026-04-26,33.1,Debit Card,Completed
PAY000082,ORD000082,2026-03-08,231.35,Credit Card,Failed
PAY000083,ORD000083,2026-06-29,73.44,Debit Card,Completed
PAY000084,ORD000084,2026-01-06,79.72,Debit Card,Completed
PAY000085,ORD000085,2026-04-24,57.08,Apple Pay,Completed
PAY000086,ORD000086,2026-01-10,60.62,Credit Card,Completed
PAY000087,ORD000087,2026-02-07,62.45,Google Pay,Failed
PAY000088,ORD000088,2026-05-04,20.57,Debit Card,Pending
PAY000089,ORD000089,2026-03-18,72.27,Debit Card,Completed
PAY000090,ORD000090,2026-04-12,105.59,Apple Pay,Failed
PAY000091,ORD000091,2026-01-12,40.43,Credit Card,Completed
PAY000092,ORD000092,2026-02-15,56.11,Debit Card,Completed
PAY000093,ORD000093,2026-02-18,18.33,Debit Card,Completed
PAY000094,ORD000094,2026-04-01,131.18,PayPal,Failed
PAY000095,ORD000095,2026-05-04,179.72,PayPal,Pending
PAY000096,ORD000096,2026-03-13,70.32,Debit Card,Completed
PAY000097,ORD000097,2026-07-10,77.25,Apple Pay,Completed
PAY000098,ORD000098,2026-07-16,74.14,Google Pay,Completed
PAY000099,ORD000099,2026-04-12,101.91,PayPal,Completed
PAY000100,ORD000100,2026-02-12,71.94,PayPal,Pending
PAY000101,ORD000101,2026-08-10,123.52,Credit Card,Pending
PAY000102,ORD000102,2026-03-01,97.61,Google Pay,Completed
PAY000103,ORD000103,2026-04-11,103.42,PayPal,Completed
PAY000104,ORD000104,2026-06-06,78.95,Google Pay,Pending
PAY000105,ORD000105,2026-03-27,99.68,Google Pay,Pending
PAY000106,ORD000106,2026-07-25,35.33,Credit Card,Completed
PAY000107,ORD000107,2026-05-06,15.81,Debit Card,Completed
PAY000108,ORD000108,2026-07-21,57.04,Debit Card,Completed
PAY000109,ORD000109,2026-01-11,221.81,PayPal,Completed
PAY000110,ORD000110,2026-02-04,95.97,Credit Card,Pending
PAY000111,ORD000111,2026-01-23,101.05,PayPal,Pending
PAY000112,ORD000112,2026-07-19,29.81,PayPal,Failed
PAY000113,ORD000113,2026-05-29,82.59,Debit Card,Pending
PAY000114,ORD000114,2026-06-14,28.06,Credit Card,Completed
PAY000115,ORD000115,2026-01-28,59.66,Google Pay,Pending
PAY000116,ORD000116,2026-04-26,50.22,Debit Card,Completed
PAY000117,ORD000117,2026-04-05,83.56,PayPal,Completed
PAY000118,ORD000118,2026-02-27,61.74,PayPal,Completed
PAY000119,ORD000119,2026-02-22,112.81,Apple Pay,Completed
PAY000120,ORD000120,2026-01-28,124.05,Credit Card,Completed
PAY000121,ORD000121,2026-02-11,142.6,Google Pay,Completed
PAY000122,ORD000122,2026-08-07,500.24,Google Pay,Pending
PAY000123,ORD000123,2026-03-26,35.52,PayPal,Completed
PAY000124,ORD000124,2026-07-20,45.39,Apple Pay,Completed
PAY000125,ORD000125,2026-04-03,46.21,Apple Pay,Completed
PAY000126,ORD000126,2026-05-04,15.54,Credit Card,Failed
PAY000127,ORD000127,2026-07-08,73.55,PayPal,Completed
PAY000128,ORD000128,2026-07-26,56.39,PayPal,Completed
PAY000129,ORD000129,2026-06-10,135.34,PayPal,Completed
PAY000130,ORD000130,2026-07-02,114.4,Credit Card,Completed
PAY000131,ORD000131,2026-06-14,82.5,Google Pay,Completed
PAY000132,ORD000132,2026-02-16,72.95,Debit Card,Failed
PAY000133,ORD000133,2026-06-13,40.79,Apple Pay,Completed
PAY000134,ORD000134,2026-04-25,69.27,Google Pay,Completed
PAY000135,ORD000135,2026-06-05,78.85,Debit Card,Completed
PAY000136,ORD000136,2026-01-10,59.23,Google Pay,Pending
PAY000137,ORD000137,2026-01-23,59.52,Google Pay,Pending
PAY000138,ORD000138,2026-08-08,66.64,Google Pay,Pending
PAY000139,ORD000139,2026-08-14,69.94,Google Pay,Completed
PAY000140,ORD000140,2026-01-05,113.36,PayPal,Completed
PAY000141,ORD000141,2026-03-23,9.67,Google Pay,Failed
PAY000142,ORD000142,2026-04-29,73.41,Debit Card,Failed
PAY000143,ORD000143,2026-01-06,72.5,Debit Card,Completed
PAY000144,ORD000144,2026-05-05,109.33,Apple Pay,Pending
PAY000145,ORD000145,2026-06-19,56.19,Credit Card,Pending
PAY000146,ORD000146,2026-02-16,13.92,Debit Card,Pending
PAY000147,ORD000147,2026-08-03,16.91,Debit Card,Completed
PAY000148,ORD000148,2026-01-28,14.07,Debit Card,Failed
PAY000149,ORD000149,2026-01-13,122.76,Debit Card,Completed
PAY000150,ORD000150,2026-01-25,22.06,Credit Card,Pending
PAY000151,ORD000151,2026-01-07,152.0,Credit Card,Completed
PAY000152,ORD000152,2026-07-13,46.54,Google Pay,Pending
PAY000153,ORD000153,2026-03-21,51.95,Debit Card,Pending
PAY000154,ORD000154,2026-07-05,204.46,Debit Card,Failed
PAY000155,ORD000155,2026-03-07,73.5,Apple Pay,Pending
PAY000156,ORD000156,2026-02-05,23.21,Apple Pay,Completed
PAY000157,ORD000157,2026-01-02,65.68,Apple Pay,Completed
PAY000158,ORD000158,2026-04-23,118.14,Apple Pay,Failed
PAY000159,ORD000159,2026-02-07,41.55,Google Pay,Pending
PAY000160,ORD000160,2026-07-21,216.19,PayPal,Completed
PAY000161,ORD000161,2026-01-14,25.18,Apple Pay,Completed
PAY000162,ORD000162,2026-06-04,13.8,Apple Pay,Pending
PAY000163,ORD000163,2026-05-23,204.41,Credit Card,Pending
PAY000164,ORD000164,2026-03-26,33.29,Debit Card,Completed
PAY000165,ORD000165,2026-05-20,30.51,Google Pay,Failed
PAY000166,ORD000166,2026-04-25,42.47,Debit Card,Completed
PAY000167,ORD000167,2026-06-20,30.53,PayPal,Completed
PAY000168,ORD000168,2026-04-07,113.24,Google Pay,Completed
PAY000169,ORD000169,2026-07-04,43.58,PayPal,Pending
PAY000170,ORD000170,2026-03-27,26.24,Debit Card,Completed
PAY000171,ORD000171,2026-04-12,49.82,Credit Card,Pending
PAY000172,ORD000172,2026-06-25,31.99,Apple Pay,Completed
PAY000173,ORD000173,2026-07-08,58.69,Debit Card,Completed
PAY000174,ORD000174,2026-03-23,30.94,Google Pay,Completed
PAY000175,ORD000175,2026-02-13,52.65,Apple Pay,Completed
PAY000176,ORD000176,2026-06-29,53.55,Google Pay,Completed
PAY000177,ORD000177,2026-07-09,222.63,PayPal,Completed
PAY000178,ORD000178,2026-05-10,137.63,Google Pay,Failed
PAY000179,ORD000179,2026-04-03,68.1,Credit Card,Completed
PAY000180,ORD000180,2026-07-18,48.72,PayPal,Pending
PAY000181,ORD000181,2026-06-08,48.29,Debit Card,Completed
PAY000182,ORD000182,2026-04-15,66.01,Apple Pay,Completed
PAY000183,ORD000183,2026-05-05,33.53,Apple Pay,Completed
PAY000184,ORD000184,2026-07-29,46.39,Credit Card,Completed
PAY000185,ORD000185,2026-03-14,50.65,Google Pay,Failed
PAY000186,ORD000186,2026-03-13,59.47,Debit Card,Completed
PAY000187,ORD000187,2026-06-10,67.42,Google Pay,Pending
PAY000188,ORD000188,2026-05-13,100.38,Google Pay,Completed
PAY000189,ORD000189,2026-03-19,115.11,Credit Card,Completed
PAY000190,ORD000190,2026-02-27,88.24,PayPal,Pending
PAY000191,ORD000191,2026-07-24,204.59,PayPal,Completed
PAY000192,ORD000192,2026-05-05,95.62,Credit Card,Completed
PAY000193,ORD000193,2026-01-11,58.05,Credit Card,Completed
PAY000194,ORD000194,2026-07-31,56.96,Credit Card,Failed
PAY000195,ORD000195,2026-05-31,114.14,Google Pay,Completed
PAY000196,ORD000196,2026-06-22,50.82,Google Pay,Failed
PAY000197,ORD000197,2026-01-27,80.22,Debit Card,Pending
PAY000198,ORD000198,2026-07-26,85.97,Credit Card,Failed
PAY000199,ORD000199,2026-08-10,10.7,Google Pay,Completed
PAY000200,ORD000200,2026-02-25,21.22,PayPal,Completed
PAY000201,ORD000201,2026-05-06,111.17,Credit Card,Completed
PAY000202,ORD000202,2026-02-28,82.45,PayPal,Completed
PAY000203,ORD000203,2026-07-27,8.74,Apple Pay,Failed
PAY000204,ORD000204,2026-04-19,9.05,Debit Card,Failed
PAY000205,ORD000205,2026-02-09,166.8,Apple Pay,Completed
PAY000206,ORD000206,2026-05-26,95.03,Debit Card,Failed
PAY000207,ORD000207,2026-06-28,158.45,Credit Card,Completed
PAY000208,ORD000208,2026-03-02,30.67,Debit Card,Pending
PAY000209,ORD000209,2026-05-02,39.3,Google Pay,Pending
PAY000210,ORD000210,2026-04-16,215.72,PayPal,Failed
PAY000211,ORD000211,2026-01-23,80.53,Google Pay,Completed
PAY000212,ORD000212,2026-02-05,64.01,Credit Card,Completed
PAY000213,ORD000213,2026-02-07,53.95,Apple Pay,Failed
PAY000214,ORD000214,2026-03-13,18.0,PayPal,Pending
PAY000215,ORD000215,2026-02-25,133.13,Credit Card,Failed
PAY000216,ORD000216,2026-06-16,15.13,Google Pay,Completed
PAY000217,ORD000217,2026-08-09,95.55,Google Pay,Completed
PAY000218,ORD000218,2026-03-17,63.96,Debit Card,Pending
PAY000219,ORD000219,2026-07-29,74.24,Debit Card,Completed
PAY000220,ORD000220,2026-07-30,39.94,Apple Pay,Completed
PAY000221,ORD000221,2026-08-13,167.64,Debit Card,Pending
PAY000222,ORD000222,2026-07-16,40.25,Debit Card,Completed
PAY000223,ORD000223,2026-06-05,59.38,Debit Card,Pending
PAY000224,ORD000224,2026-08-06,60.91,Apple Pay,Pending
PAY000225,ORD000225,2026-04-17,47.84,Credit Card,Completed
PAY000226,ORD000226,2026-05-29,80.21,PayPal,Completed
PAY000227,ORD000227,2026-03-03,100.01,Credit Card,Completed
PAY000228,ORD000228,2026-01-23,55.87,Credit Card,Completed
PAY000229,ORD000229,2026-05-29,93.68,Credit Card,Completed
PAY000230,ORD000230,2026-07-22,94.59,Google Pay,Pending
PAY000231,ORD000231,2026-04-30,79.7,PayPal,Completed
PAY000232,ORD000232,2026-05-24,173.33,PayPal,Completed
PAY000233,ORD000233,2026-07-09,187.25,Google Pay,Completed
PAY000234,ORD000234,2026-08-13,45.66,Google Pay,Completed
PAY000235,ORD000235,2026-08-07,48.91,Debit Card,Failed
PAY000236,ORD000236,2026-03-06,98.01,Google Pay,Completed
PAY000237,ORD000237,2026-04-18,57.69,Apple Pay,Completed
PAY000238,ORD000238,2026-03-21,74.99,Google Pay,Completed
PAY000239,ORD000239,2026-05-13,26.57,Debit Card,Completed
PAY000240,ORD000240,2026-06-23,49.87,Google Pay,Completed
PAY000241,ORD000241,2026-03-05,63.95,Apple Pay,Completed
PAY000242,ORD000242,2026-07-29,31.82,Google Pay,Completed
PAY000243,ORD000243,2026-02-10,18.98,Credit Card,Completed
PAY000244,ORD000244,2026-04-08,147.4,PayPal,Pending
PAY000245,ORD000245,2026-06-21,20.49,Apple Pay,Pending
PAY000246,ORD000246,2026-03-30,180.04,Apple Pay,Completed
PAY000247,ORD000247,2026-04-16,133.07,Apple Pay,Completed
PAY000248,ORD000248,2026-08-14,74.9,Credit Card,Completed
PAY000249,ORD000249,2026-05-23,82.76,Credit Card,Completed
PAY000250,ORD000250,2026-07-15,101.78,PayPal,Completed
PAY000251,ORD000251,2026-06-28,45.08,Debit Card,Completed
PAY000252,ORD000252,2026-02-23,46.52,PayPal,Pending
PAY000253,ORD000253,2026-07-15,52.7,Apple Pay,Failed
PAY000254,ORD000254,2026-08-05,76.84,Apple Pay,Completed
PAY000255,ORD000255,2026-03-18,37.8,Apple Pay,Pending
PAY000256,ORD000256,2026-02-11,42.3,PayPal,Completed
PAY000257,ORD000257,2026-06-23,245.11,Debit Card,Failed
PAY000258,ORD000258,2026-01-25,74.99,Debit Card,Completed
PAY000259,ORD000259,2026-03-08,26.75,PayPal,Completed
PAY000260,ORD000260,2026-06-12,109.93,Apple Pay,Completed
PAY000261,ORD000261,2026-04-22,49.51,PayPal,Completed
PAY000262,ORD000262,2026-03-14,39.55,PayPal,Completed
PAY000263,ORD000263,2026-07-25,333.32,Google Pay,Completed
PAY000264,ORD000264,2026-05-30,63.57,Google Pay,Failed
PAY000265,ORD000265,2026-04-22,34.4,Credit Card,Failed
PAY000266,ORD000266,2026-05-17,40.17,Credit Card,Completed
PAY000267,ORD000267,2026-06-01,66.95,PayPal,Failed
PAY000268,ORD000268,2026-01-23,66.64,Google Pay,Completed
PAY000269,ORD000269,2026-07-08,83.67,Apple Pay,Completed
PAY000270,ORD000270,2026-06-14,18.24,Credit Card,Completed
PAY000271,ORD000271,2026-06-22,27.63,Apple Pay,Completed
PAY000272,ORD000272,2026-01-15,52.92,Apple Pay,Completed
PAY000273,ORD000273,2026-07-04,41.57,Credit Card,Completed
PAY000274,ORD000274,2026-05-07,28.39,PayPal,Completed
PAY000275,ORD000275,2026-01-14,78.16,Google Pay,Failed
PAY000276,ORD000276,2026-02-21,83.06,Credit Card,Pending
PAY000277,ORD000277,2026-03-25,201.17,Debit Card,Completed
PAY000278,ORD000278,2026-02-05,98.82,Debit Card,Completed
PAY000279,ORD000279,2026-06-04,84.48,Apple Pay,Completed
PAY000280,ORD000280,2026-05-25,53.44,Debit Card,Pending
PAY000281,ORD000281,2026-08-06,403.52,Apple Pay,Completed
PAY000282,ORD000282,2026-06-18,47.74,Google Pay,Completed
PAY000283,ORD000283,2026-01-04,47.46,Credit Card,Completed
PAY000284,ORD000284,2026-05-11,118.87,Credit Card,Completed
PAY000285,ORD000285,2026-01-19,19.67,Google Pay,Pending
PAY000286,ORD000286,2026-06-18,57.07,Apple Pay,Failed
PAY000287,ORD000287,2026-06-17,64.81,PayPal,Failed
PAY000288,ORD000288,2026-02-27,45.48,Debit Card,Completed
PAY000289,ORD000289,2026-06-16,125.76,Google Pay,Completed
PAY000290,ORD000290,2026-01-07,85.22,Debit Card,Completed
PAY000291,ORD000291,2026-02-05,74.22,PayPal,Pending
PAY000292,ORD000292,2026-07-30,63.24,Apple Pay,Completed
PAY000293,ORD000293,2026-03-17,46.96,Debit Card,Completed
PAY000294,ORD000294,2026-05-28,14.1,Apple Pay,Pending
PAY000295,ORD000295,2026-04-12,88.2,PayPal,Pending
PAY000296,ORD000296,2026-03-17,118.08,Apple Pay,Completed
PAY000297,ORD000297,2026-06-06,60.05,PayPal,Failed
PAY000298,ORD000298,2026-08-10,21.19,Credit Card,Completed
PAY000299,ORD000299,2026-07-31,42.68,Debit Card,Failed
PAY000300,ORD000300,2026-03-09,43.24,Debit Card,Completed
PAY000301,ORD000301,2026-03-07,43.76,PayPal,Completed
PAY000302,ORD000302,2026-02-16,85.66,PayPal,Failed
PAY000303,ORD000303,2026-08-10,24.13,Google Pay,Completed
PAY000304,ORD000304,2026-05-31,52.69,PayPal,Failed
PAY000305,ORD000305,2026-05-14,53.97,PayPal,Completed
PAY000306,ORD000306,2026-01-18,173.88,Apple Pay,Failed
PAY000307,ORD000307,2026-06-30,79.63,Apple Pay,Pending
PAY000308,ORD000308,2026-01-22,44.34,Debit Card,Completed
PAY000309,ORD000309,2026-03-09,159.57,Apple Pay,Pending
PAY000310,ORD000310,2026-07-22,25.93,Apple Pay,Completed
PAY000311,ORD000311,2026-06-12,37.7,Debit Card,Completed
PAY000312,ORD000312,2026-07-22,16.9,Credit Card,Completed
PAY000313,ORD000313,2026-04-08,182.61,Google Pay,Failed
PAY000314,ORD000314,2026-01-09,70.1,Apple Pay,Failed
PAY000315,ORD000315,2026-06-08,52.07,Credit Card,Failed
PAY000316,ORD000316,2026-08-12,143.66,Google Pay,Failed
PAY000317,ORD000317,2026-06-20,40.21,Debit Card,Completed
PAY000318,ORD000318,2026-03-16,44.13,Apple Pay,Failed
PAY000319,ORD000319,2026-01-17,129.71,Apple Pay,Completed
PAY000320,ORD000320,2026-02-20,40.29,PayPal,Pending
PAY000321,ORD000321,2026-07-13,42.94,Apple Pay,Failed
PAY000322,ORD000322,2026-01-24,63.24,Apple Pay,Completed
PAY000323,ORD000323,2026-05-05,76.59,Credit Card,Completed
PAY000324,ORD000324,2026-01-15,101.04,Credit Card,Completed
PAY000325,ORD000325,2026-06-05,51.98,Apple Pay,Completed
PAY000326,ORD000326,2026-05-11,18.68,Google Pay,Completed
PAY000327,ORD000327,2026-06-06,77.3,Debit Card,Failed
PAY000328,ORD000328,2026-02-21,69.58,Credit Card,Pending
PAY000329,ORD000329,2026-02-23,68.27,Google Pay,Pending
PAY000330,ORD000330,2026-02-27,35.55,Apple Pay,Pending
PAY000331,ORD000331,2026-02-14,16.21,PayPal,Completed
PAY000332,ORD000332,2026-04-28,59.01,Credit Card,Completed
PAY000333,ORD000333,2026-03-18,31.08,Credit Card,Completed
PAY000334,ORD000334,2026-02-19,89.11,PayPal,Failed
PAY000335,ORD000335,2026-01-22,101.9,Apple Pay,Completed
PAY000336,ORD000336,2026-02-21,20.53,Credit Card,Pending
PAY000337,ORD000337,2026-06-30,36.93,Apple Pay,Completed
PAY000338,ORD000338,2026-01-31,199.0,Google Pay,Completed
PAY000339,ORD000339,2026-03-12,44.2,Credit Card,Pending
PAY000340,ORD000340,2026-06-25,69.27,Apple Pay,Completed
PAY000341,ORD000341,2026-03-31,111.63,Google Pay,Completed
PAY000342,ORD000342,2026-01-31,70.53,Credit Card,Completed
PAY000343,ORD000343,2026-04-12,129.37,Debit Card,Failed
PAY000344,ORD000344,2026-05-12,116.18,Apple Pay,Completed
PAY000345,ORD000345,2026-06-12,153.15,Google Pay,Completed
PAY000346,ORD000346,2026-04-07,68.13,Debit Card,Failed
PAY000347,ORD000347,2026-03-08,45.52,Apple Pay,Pending
PAY000348,ORD000348,2026-07-11,24.01,Credit Card,Completed
PAY000349,ORD000349,2026-07-30,80.96,Apple Pay,Pending
PAY000350,ORD000350,2026-05-17,144.31,Google Pay,Completed
PAY000351,ORD000351,2026-06-23,35.93,Credit Card,Pending
PAY000352,ORD000352,2026-03-24,38.84,Credit Card,Completed
PAY000353,ORD000353,2026-07-03,46.91,Credit Card,Completed
PAY000354,ORD000354,2026-02-25,32.08,PayPal,Failed
PAY000355,ORD000355,2026-07-30,66.99,Google Pay,Pending
PAY000356,ORD000356,2026-01-26,42.4,Debit Card,Completed
PAY000357,ORD000357,2026-03-01,26.22,Credit Card,Pending
PAY000358,ORD000358,2026-05-08,33.77,Google Pay,Pending
PAY000359,ORD000359,2026-07-24,165.52,PayPal,Completed
PAY000360,ORD000360,2026-08-02,65.3,PayPal,Completed
PAY000361,ORD000361,2026-05-07,166.47,Credit Card,Completed
PAY000362,ORD000362,2026-03-13,41.32,Google Pay,Failed
PAY000363,ORD000363,2026-08-04,21.9,PayPal,Completed
PAY000364,ORD000364,2026-03-31,49.84,Credit Card,Completed
PAY000365,ORD000365,2026-06-25,190.76,Apple Pay,Completed
PAY000366,ORD000366,2026-02-27,11.86,Apple Pay,Completed
PAY000367,ORD000367,2026-03-04,17.82,Apple Pay,Completed
PAY000368,ORD000368,2026-04-30,49.02,Debit Card,Pending
PAY000369,ORD000369,2026-07-05,126.39,Google Pay,Completed
PAY000370,ORD000370,2026-05-11,29.1,Apple Pay,Completed
PAY000371,ORD000371,2026-05-15,68.03,PayPal,Completed
PAY000372,ORD000372,2026-06-29,57.94,Debit Card,Completed
PAY000373,ORD000373,2026-04-24,139.28,Apple Pay,Completed
PAY000374,ORD000374,2026-07-09,304.94,Credit Card,Failed
PAY000375,ORD000375,2026-01-02,34.78,PayPal,Completed
PAY000376,ORD000376,2026-06-10,47.02,Debit Card,Completed
PAY000377,ORD000377,2026-05-20,57.57,Debit Card,Pending
PAY000378,ORD000378,2026-02-17,34.01,PayPal,Pending
PAY000379,ORD000379,2026-07-23,208.56,Apple Pay,Completed
PAY000380,ORD000380,2026-02-22,27.63,Credit Card,Completed
PAY000381,ORD000381,2026-07-21,145.42,Credit Card,Completed
PAY000382,ORD000382,2026-05-05,44.72,Credit Card,Completed
PAY000383,ORD000383,2026-06-18,57.79,Debit Card,Completed
PAY000384,ORD000384,2026-04-27,65.71,Apple Pay,Failed
PAY000385,ORD000385,2026-04-01,43.08,PayPal,Pending
PAY000386,ORD000386,2026-03-23,104.08,Google Pay,Completed
PAY000387,ORD000387,2026-07-05,81.42,Credit Card,Completed
PAY000388,ORD000388,2026-03-09,176.29,PayPal,Completed
PAY000389,ORD000389,2026-05-31,94.33,PayPal,Completed
PAY000390,ORD000390,2026-08-01,26.08,Credit Card,Completed
PAY000391,ORD000391,2026-06-13,54.23,Google Pay,Pending
PAY000392,ORD000392,2026-04-04,182.51,Debit Card,Pending
PAY000393,ORD000393,2026-08-01,40.5,Debit Card,Failed
PAY000394,ORD000394,2026-08-03,170.73,Apple Pay,Completed
PAY000395,ORD000395,2026-05-29,100.01,Debit Card,Completed
PAY000396,ORD000396,2026-03-13,105.9,PayPal,Pending
PAY000397,ORD000397,2026-04-13,13.51,Debit Card,Failed
PAY000398,ORD000398,2026-07-02,81.0,Apple Pay,Completed
PAY000399,ORD000399,2026-07-03,258.61,PayPal,Completed
PAY000400,ORD000400,2026-01-13,32.8,PayPal,Pending
PAY000401,ORD000401,2026-05-04,183.77,Google Pay,Completed
PAY000402,ORD000402,2026-05-30,68.66,Credit Card,Failed
PAY000403,ORD000403,2026-01-07,34.36,Credit Card,Failed
PAY000404,ORD000404,2026-01-24,49.41,Credit Card,Failed
PAY000405,ORD000405,2026-07-08,18.26,Apple Pay,Completed
PAY000406,ORD000406,2026-05-13,62.04,Debit Card,Failed
PAY000407,ORD000407,2026-02-19,80.51,Credit Card,Completed
PAY000408,ORD000408,2026-07-09,315.89,Debit Card,Completed
PAY000409,ORD000409,2026-07-02,79.07,Credit Card,Completed
PAY000410,ORD000410,2026-01-26,164.29,Google Pay,Pending
PAY000411,ORD000411,2026-05-18,29.99,Debit Card,Pending
PAY000412,ORD000412,2026-01-11,53.12,Apple Pay,Failed
PAY000413,ORD000413,2026-02-09,75.4,Apple Pay,Failed
PAY000414,ORD000414,2026-04-12,33.02,Debit Card,Completed
PAY000415,ORD000415,2026-01-11,51.82,Apple Pay,Completed
PAY000416,ORD000416,2026-04-22,119.15,PayPal,Pending
PAY000417,ORD000417,2026-04-04,331.15,Apple Pay,Completed
PAY000418,ORD000418,2026-01-04,107.2,Google Pay,Completed
PAY000419,ORD000419,2026-01-02,36.77,Google Pay,Completed
PAY000420,ORD000420,2026-07-24,58.82,Debit Card,Completed
PAY000421,ORD000421,2026-06-16,28.97,Apple Pay,Failed
PAY000422,ORD000422,2026-07-28,72.26,Debit Card,Completed
PAY000423,ORD000423,2026-05-31,171.0,Credit Card,Pending
PAY000424,ORD000424,2026-02-14,74.52,PayPal,Pending
PAY000425,ORD000425,2026-03-15,59.94,Debit Card,Failed
PAY000426,ORD000426,2026-07-24,57.54,Debit Card,Completed
PAY000427,ORD000427,2026-06-19,69.1,Debit Card,Completed
PAY000428,ORD000428,2026-04-13,193.77,Debit Card,Completed
PAY000429,ORD000429,2026-02-11,103.46,Google Pay,Pending
PAY000430,ORD000430,2026-01-29,29.3,PayPal,Completed
PAY000431,ORD000431,2026-05-24,39.84,Credit Card,Failed
PAY000432,ORD000432,2026-07-14,142.04,PayPal,Failed
PAY000433,ORD000433,2026-04-10,80.28,Debit Card,Failed
PAY000434,ORD000434,2026-07-07,16.76,Google Pay,Completed
PAY000435,ORD000435,2026-05-12,126.33,Credit Card,Completed
PAY000436,ORD000436,2026-04-10,44.88,Debit Card,Completed
PAY000437,ORD000437,2026-01-16,36.88,Debit Card,Completed
PAY000438,ORD000438,2026-06-18,125.26,Apple Pay,Failed
PAY000439,ORD000439,2026-01-06,119.94,PayPal,Completed
PAY000440,ORD000440,2026-02-11,55.93,PayPal,Completed
PAY000441,ORD000441,2026-05-08,81.96,PayPal,Pending
PAY000442,ORD000442,2026-07-04,39.46,Apple Pay,Failed
PAY000443,ORD000443,2026-06-05,35.93,Google Pay,Completed
PAY000444,ORD000444,2026-04-10,47.02,Google Pay,Pending
PAY000445,ORD000445,2026-05-31,47.26,Google Pay,Completed
PAY000446,ORD000446,2026-03-17,39.71,Credit Card,Completed
PAY000447,ORD000447,2026-02-11,111.79,Apple Pay,Pending
PAY000448,ORD000448,2026-04-05,64.89,Apple Pay,Failed
PAY000449,ORD000449,2026-01-12,30.8,Google Pay,Completed
PAY000450,ORD000450,2026-05-04,38.84,Google Pay,Completed
PAY000451,ORD000451,2026-08-12,25.68,Google Pay,Completed
PAY000452,ORD000452,2026-08-05,57.22,Apple Pay,Completed
PAY000453,ORD000453,2026-03-05,166.17,Google Pay,Completed
PAY000454,ORD000454,2026-07-05,74.23,PayPal,Completed
PAY000455,ORD000455,2026-06-28,64.85,Google Pay,Completed
PAY000456,ORD000456,2026-01-29,21.45,PayPal,Completed
PAY000457,ORD000457,2026-01-19,157.3,Debit Card,Completed
PAY000458,ORD000458,2026-08-02,62.32,Debit Card,Failed
PAY000459,ORD000459,2026-08-04,64.88,Apple Pay,Failed
PAY000460,ORD000460,2026-04-07,27.01,Credit Card,Completed
PAY000461,ORD000461,2026-02-14,55.45,Debit Card,Completed
PAY000462,ORD000462,2026-02-23,31.8,Apple Pay,Completed
PAY000463,ORD000463,2026-04-20,37.55,Apple Pay,Completed
PAY000464,ORD000464,2026-03-21,18.33,PayPal,Completed
PAY000465,ORD000465,2026-07-13,15.47,PayPal,Completed
PAY000466,ORD000466,2026-07-19,273.45,Google Pay,Completed
PAY000467,ORD000467,2026-01-13,69.41,Debit Card,Completed
PAY000468,ORD000468,2026-08-10,134.51,PayPal,Completed
PAY000469,ORD000469,2026-07-12,49.33,Credit Card,Failed
PAY000470,ORD000470,2026-05-20,53.3,Apple Pay,Completed
PAY000471,ORD000471,2026-04-23,28.77,Google Pay,Failed
PAY000472,ORD000472,2026-03-12,92.43,PayPal,Pending
PAY000473,ORD000473,2026-01-14,101.76,PayPal,Failed
PAY000474,ORD000474,2026-02-11,87.06,PayPal,Pending
PAY000475,ORD000475,2026-04-09,60.45,Debit Card,Failed
PAY000476,ORD000476,2026-08-08,74.36,PayPal,Completed
PAY000477,ORD000477,2026-03-17,44.56,Apple Pay,Pending
PAY000478,ORD000478,2026-04-14,124.85,PayPal,Completed
PAY000479,ORD000479,2026-06-25,23.23,Credit Card,Completed
PAY000480,ORD000480,2026-05-01,34.54,PayPal,Failed
PAY000481,ORD000481,2026-06-01,51.61,Google Pay,Failed
PAY000482,ORD000482,2026-03-06,24.95,Google Pay,Failed
PAY000483,ORD000483,2026-05-25,20.62,Credit Card,Completed
PAY000484,ORD000484,2026-02-07,51.73,Google Pay,Completed
PAY000485,ORD000485,2026-01-28,44.46,Debit Card,Completed
PAY000486,ORD000486,2026-02-02,53.96,Apple Pay,Failed
PAY000487,ORD000487,2026-06-01,60.89,Apple Pay,Completed
PAY000488,ORD000488,2026-04-21,92.21,Debit Card,Completed
PAY000489,ORD000489,2026-05-06,64.69,Google Pay,Completed
PAY000490,ORD000490,2026-05-08,204.43,Credit Card,Pending
PAY000491,ORD000491,2026-03-11,69.17,Credit Card,Completed
PAY000492,ORD000492,2026-03-26,178.16,Apple Pay,Pending
PAY000493,ORD000493,2026-05-12,125.84,Credit Card,Pending
PAY000494,ORD000494,2026-06-10,134.51,Debit Card,Pending
PAY000495,ORD000495,2026-04-29,20.38,Apple Pay,Completed
PAY000496,ORD000496,2026-01-10,69.08,PayPal,Completed
PAY000497,ORD000497,2026-02-05,78.61,Debit Card,Completed
PAY000498,ORD000498,2026-07-24,49.22,Debit Card,Completed
PAY000499,ORD000499,2026-03-14,67.43,Credit Card,Completed
PAY000500,ORD000500,2026-06-08,29.64,Credit Card,Failed
PAY000501,ORD000501,2026-05-12,164.97,Credit Card,Completed
PAY000502,ORD000502,2026-05-02,60.86,PayPal,Completed
PAY000503,ORD000503,2026-07-31,80.25,Debit Card,Completed
PAY000504,ORD000504,2026-05-16,34.64,Google Pay,Completed
PAY000505,ORD000505,2026-01-27,181.26,Apple Pay,Completed
PAY000506,ORD000506,2026-06-13,107.63,Credit Card,Completed
PAY000507,ORD000507,2026-05-17,125.41,Credit Card,Completed
PAY000508,ORD000508,2026-06-20,249.13,Debit Card,Completed
PAY000509,ORD000509,2026-06-01,52.03,PayPal,Completed
PAY000510,ORD000510,2026-06-14,91.61,Credit Card,Completed
PAY000511,ORD000511,2026-02-10,86.99,PayPal,Completed
PAY000512,ORD000512,2026-04-14,40.84,PayPal,Failed
PAY000513,ORD000513,2026-08-10,79.01,Google Pay,Completed
PAY000514,ORD000514,2026-01-26,34.62,PayPal,Failed
PAY000515,ORD000515,2026-05-12,59.27,Google Pay,Completed
PAY000516,ORD000516,2026-04-26,19.46,Apple Pay,Completed
PAY000517,ORD000517,2026-05-09,34.8,PayPal,Completed
PAY000518,ORD000518,2026-05-28,16.75,Apple Pay,Completed
PAY000519,ORD000519,2026-08-08,174.34,PayPal,Pending
PAY000520,ORD000520,2026-06-22,96.11,Google Pay,Completed
PAY000521,ORD000521,2026-08-04,43.47,Google Pay,Pending
PAY000522,ORD000522,2026-04-02,35.63,Apple Pay,Completed
PAY000523,ORD000523,2026-08-08,135.2,Debit Card,Completed
PAY000524,ORD000524,2026-07-16,209.58,Debit Card,Completed
PAY000525,ORD000525,2026-04-06,104.76,Debit Card,Completed
PAY000526,ORD000526,2026-02-21,152.91,PayPal,Completed
PAY000527,ORD000527,2026-04-04,59.95,Debit Card,Pending
PAY000528,ORD000528,2026-03-05,14.09,Apple Pay,Pending
PAY000529,ORD000529,2026-01-21,56.06,Debit Card,Completed
PAY000530,ORD000530,2026-04-16,66.04,Apple Pay,Completed
PAY000531,ORD000531,2026-03-21,127.02,Apple Pay,Completed
PAY000532,ORD000532,2026-07-19,46.13,PayPal,Completed
PAY000533,ORD000533,2026-03-17,26.91,Google Pay,Pending
PAY000534,ORD000534,2026-04-06,17.3,PayPal,Completed
PAY000535,ORD000535,2026-01-25,95.78,PayPal,Pending
PAY000536,ORD000536,2026-07-14,48.96,Credit Card,Completed
PAY000537,ORD000537,2026-01-26,27.77,Debit Card,Failed
PAY000538,ORD000538,2026-04-10,93.24,Debit Card,Failed
PAY000539,ORD000539,2026-03-22,105.26,Apple Pay,Failed
PAY000540,ORD000540,2026-01-27,52.42,Google Pay,Completed
PAY000541,ORD000541,2026-06-29,122.01,Debit Card,Completed
PAY000542,ORD000542,2026-03-04,95.2,Debit Card,Failed
PAY000543,ORD000543,2026-03-27,54.66,Google Pay,Pending
PAY000544,ORD000544,2026-04-28,51.88,Debit Card,Failed
PAY000545,ORD000545,2026-06-22,47.72,Credit Card,Pending
PAY000546,ORD000546,2026-07-05,60.34,Debit Card,Completed
PAY000547,ORD000547,2026-02-07,172.18,Credit Card,Completed
PAY000548,ORD000548,2026-06-12,138.5,PayPal,Completed
PAY000549,ORD000549,2026-02-15,86.62,PayPal,Completed
PAY000550,ORD000550,2026-05-07,215.84,Credit Card,Failed
PAY000551,ORD000551,2026-03-12,134.24,Apple Pay,Pending
PAY000552,ORD000552,2026-05-11,54.21,Credit Card,Failed
PAY000553,ORD000553,2026-05-14,90.05,Apple Pay,Completed
PAY000554,ORD000554,2026-01-13,156.43,Google Pay,Pending
PAY000555,ORD000555,2026-06-23,64.2,Google Pay,Completed
PAY000556,ORD000556,2026-07-26,52.18,Credit Card,Pending
PAY000557,ORD000557,2026-03-31,216.21,Apple Pay,Failed
PAY000558,ORD000558,2026-04-22,88.56,PayPal,Completed
PAY000559,ORD000559,2026-02-02,125.47,Credit Card,Completed
PAY000560,ORD000560,2026-07-26,36.66,Credit Card,Completed
PAY000561,ORD000561,2026-03-03,114.07,Apple Pay,Completed
PAY000562,ORD000562,2026-03-04,52.85,Google Pay,Completed
PAY000563,ORD000563,2026-02-25,58.77,PayPal,Completed
PAY000564,ORD000564,2026-02-08,30.74,Apple Pay,Completed
PAY000565,ORD000565,2026-03-01,51.56,Apple Pay,Completed
PAY000566,ORD000566,2026-04-15,22.31,PayPal,Completed
PAY000567,ORD000567,2026-07-25,133.31,Credit Card,Pending
PAY000568,ORD000568,2026-05-07,41.18,Credit Card,Pending
PAY000569,ORD000569,2026-03-24,76.74,Debit Card,Completed
PAY000570,ORD000570,2026-08-08,26.82,PayPal,Failed
PAY000571,ORD000571,2026-06-01,84.95,Apple Pay,Pending
PAY000572,ORD000572,2026-06-27,10.28,Debit Card,Pending
PAY000573,ORD000573,2026-04-15,32.07,Debit Card,Failed
PAY000574,ORD000574,2026-06-10,155.8,Debit Card,Completed
PAY000575,ORD000575,2026-07-23,38.01,Credit Card,Completed
PAY000576,ORD000576,2026-03-15,52.19,Google Pay,Failed
PAY000577,ORD000577,2026-05-15,13.26,Debit Card,Completed
PAY000578,ORD000578,2026-06-23,155.62,Apple Pay,Pending
PAY000579,ORD000579,2026-05-02,50.41,Credit Card,Completed
PAY000580,ORD000580,2026-03-03,152.02,Google Pay,Completed
PAY000581,ORD000581,2026-01-01,37.3,Google Pay,Completed
PAY000582,ORD000582,2026-03-20,21.4,Debit Card,Pending
PAY000583,ORD000583,2026-04-28,162.22,Debit Card,Failed
PAY000584,ORD000584,2026-03-06,79.52,Credit Card,Completed
PAY000585,ORD000585,2026-06-22,64.92,Debit Card,Completed
PAY000586,ORD000586,2026-07-31,39.59,Credit Card,Completed
PAY000587,ORD000587,2026-07-02,139.23,Google Pay,Completed
PAY000588,ORD000588,2026-03-07,16.61,Apple Pay,Completed
PAY000589,ORD000589,2026-03-08,105.78,Apple Pay,Completed
PAY000590,ORD000590,2026-04-10,26.14,PayPal,Pending
PAY000591,ORD000591,2026-07-27,83.23,PayPal,Failed
PAY000592,ORD000592,2026-02-23,243.38,PayPal,Failed
PAY000593,ORD000593,2026-08-09,58.67,Apple Pay,Completed
PAY000594,ORD000594,2026-05-01,56.8,Debit Card,Pending
PAY000595,ORD000595,2026-04-10,42.06,Credit Card,Failed
PAY000596,ORD000596,2026-07-10,54.05,Apple Pay,Completed
PAY000597,ORD000597,2026-07-01,44.25,PayPal,Completed
PAY000598,ORD000598,2026-04-13,61.28,PayPal,Completed
PAY000599,ORD000599,2026-06-29,49.39,Debit Card,Completed
PAY000600,ORD000600,2026-07-01,53.61,PayPal,Completed
PAY000601,ORD000601,2026-07-14,40.71,PayPal,Pending
PAY000602,ORD000602,2026-06-14,55.25,Credit Card,Pending
PAY000603,ORD000603,2026-04-18,58.72,Debit Card,Completed
PAY000604,ORD000604,2026-01-12,193.19,Google Pay,Completed
PAY000605,ORD000605,2026-07-06,183.94,Google Pay,Completed
PAY000606,ORD000606,2026-05-28,75.85,PayPal,Pending
PAY000607,ORD000607,2026-03-28,44.21,PayPal,Failed
PAY000608,ORD000608,2026-03-27,76.96,Credit Card,Completed
PAY000609,ORD000609,2026-02-01,34.04,Google Pay,Failed
PAY000610,ORD000610,2026-03-12,40.94,Debit Card,Pending
PAY000611,ORD000611,2026-08-02,62.74,Debit Card,Pending
PAY000612,ORD000612,2026-02-13,37.92,Apple Pay,Pending
PAY000613,ORD000613,2026-03-07,38.45,Apple Pay,Completed
PAY000614,ORD000614,2026-03-19,43.56,Debit Card,Completed
PAY000615,ORD000615,2026-02-24,298.9,Apple Pay,Completed
PAY000616,ORD000616,2026-01-16,68.11,Credit Card,Completed
PAY000617,ORD000617,2026-03-29,17.98,PayPal,Completed
PAY000618,ORD000618,2026-03-12,69.17,Debit Card,Failed
PAY000619,ORD000619,2026-03-09,83.09,Google Pay,Completed
PAY000620,ORD000620,2026-06-29,57.84,Google Pay,Completed
PAY000621,ORD000621,2026-05-04,92.45,Debit Card,Pending
PAY000622,ORD000622,2026-06-14,40.49,Apple Pay,Completed
PAY000623,ORD000623,2026-06-23,54.51,Apple Pay,Completed
PAY000624,ORD000624,2026-06-18,56.74,Debit Card,Pending
PAY000625,ORD000625,2026-05-13,37.28,Debit Card,Completed
PAY000626,ORD000626,2026-07-13,31.04,Debit Card,Completed
PAY000627,ORD000627,2026-01-05,63.7,Credit Card,Completed
PAY000628,ORD000628,2026-07-10,70.85,Google Pay,Failed
PAY000629,ORD000629,2026-05-05,8.48,Credit Card,Completed
PAY000630,ORD000630,2026-05-11,42.07,Credit Card,Failed
PAY000631,ORD000631,2026-05-16,49.47,PayPal,Pending
PAY000632,ORD000632,2026-06-03,68.53,Credit Card,Completed
PAY000633,ORD000633,2026-03-15,107.19,Google Pay,Pending
PAY000634,ORD000634,2026-05-05,48.5,Apple Pay,Completed
PAY000635,ORD000635,2026-04-08,90.63,Google Pay,Completed
PAY000636,ORD000636,2026-05-03,23.02,Debit Card,Completed
PAY000637,ORD000637,2026-04-10,154.27,Debit Card,Completed
PAY000638,ORD000638,2026-02-22,58.23,Debit Card,Completed
PAY000639,ORD000639,2026-03-17,21.03,Credit Card,Pending
PAY000640,ORD000640,2026-07-31,91.57,PayPal,Completed
PAY000641,ORD000641,2026-05-08,50.12,Apple Pay,Completed
PAY000642,ORD000642,2026-06-06,218.21,Credit Card,Failed
PAY000643,ORD000643,2026-01-14,184.48,Debit Card,Pending
PAY000644,ORD000644,2026-01-05,112.35,Google Pay,Pending
PAY000645,ORD000645,2026-04-22,8.04,Debit Card,Completed
PAY000646,ORD000646,2026-01-27,51.47,Google Pay,Completed
PAY000647,ORD000647,2026-05-05,146.71,Apple Pay,Completed
PAY000648,ORD000648,2026-07-15,108.69,Debit Card,Completed
PAY000649,ORD000649,2026-01-29,31.64,Apple Pay,Completed
PAY000650,ORD000650,2026-01-03,56.09,Debit Card,Completed
PAY000651,ORD000651,2026-08-13,91.47,Debit Card,Completed
PAY000652,ORD000652,2026-06-07,19.77,Google Pay,Completed
PAY000653,ORD000653,2026-05-17,21.01,PayPal,Completed
PAY000654,ORD000654,2026-01-01,332.23,Google Pay,Pending
PAY000655,ORD000655,2026-01-23,48.65,Credit Card,Completed
PAY000656,ORD000656,2026-03-08,15.85,Apple Pay,Completed
PAY000657,ORD000657,2026-06-09,37.16,Apple Pay,Failed
PAY000658,ORD000658,2026-08-04,75.76,PayPal,Completed
PAY000659,ORD000659,2026-01-06,105.29,Debit Card,Completed
PAY000660,ORD000660,2026-07-24,38.05,Apple Pay,Completed
PAY000661,ORD000661,2026-02-18,26.11,PayPal,Completed
PAY000662,ORD000662,2026-05-23,111.03,Credit Card,Completed
PAY000663,ORD000663,2026-07-05,31.15,Apple Pay,Completed
PAY000664,ORD000664,2026-06-30,50.55,Credit Card,Pending
PAY000665,ORD000665,2026-01-30,96.54,Google Pay,Pending
PAY000666,ORD000666,2026-07-23,42.94,Apple Pay,Failed
PAY000667,ORD000667,2026-02-09,245.79,Apple Pay,Failed
PAY000668,ORD000668,2026-07-06,33.23,Debit Card,Completed
PAY000669,ORD000669,2026-03-04,46.64,Credit Card,Pending
PAY000670,ORD000670,2026-02-17,45.75,Google Pay,Completed
PAY000671,ORD000671,2026-08-08,38.64,PayPal,Failed
PAY000672,ORD000672,2026-05-04,128.94,Google Pay,Pending
PAY000673,ORD000673,2026-03-09,47.28,Apple Pay,Pending
PAY000674,ORD000674,2026-05-15,445.16,Credit Card,Pending
PAY000675,ORD000675,2026-06-24,64.78,Apple Pay,Completed
PAY000676,ORD000676,2026-02-12,70.35,PayPal,Failed
PAY000677,ORD000677,2026-05-24,20.16,PayPal,Completed
PAY000678,ORD000678,2026-01-22,40.25,Apple Pay,Completed
PAY000679,ORD000679,2026-03-04,97.41,Apple Pay,Completed
PAY000680,ORD000680,2026-06-23,88.38,Apple Pay,Completed
PAY000681,ORD000681,2026-06-22,28.7,Credit Card,Pending
PAY000682,ORD000682,2026-02-10,43.7,Debit Card,Pending
PAY000683,ORD000683,2026-06-02,6.37,PayPal,Completed
PAY000684,ORD000684,2026-02-19,34.69,Credit Card,Completed
PAY000685,ORD000685,2026-03-08,202.26,PayPal,Failed
PAY000686,ORD000686,2026-06-29,71.04,Apple Pay,Failed
PAY000687,ORD000687,2026-03-27,132.38,PayPal,Failed
PAY000688,ORD000688,2026-06-08,18.56,Google Pay,Pending
PAY000689,ORD000689,2026-02-06,64.53,PayPal,Completed
PAY000690,ORD000690,2026-05-30,55.59,Google Pay,Failed
PAY000691,ORD000691,2026-01-27,39.04,Credit Card,Pending
PAY000692,ORD000692,2026-04-30,51.34,Credit Card,Completed
PAY000693,ORD000693,2026-05-10,41.72,Google Pay,Pending
PAY000694,ORD000694,2026-01-22,26.68,PayPal,Completed
PAY000695,ORD000695,2026-06-30,66.3,Credit Card,Completed
PAY000696,ORD000696,2026-01-17,111.26,PayPal,Completed
PAY000697,ORD000697,2026-04-22,34.91,Debit Card,Completed
PAY000698,ORD000698,2026-05-05,36.05,Debit Card,Failed
PAY000699,ORD000699,2026-02-25,106.09,Google Pay,Completed
PAY000700,ORD000700,2026-07-31,62.44,Google Pay,Completed
PAY000701,ORD000701,2026-08-04,47.27,PayPal,Failed
PAY000702,ORD000702,2026-06-08,64.65,Debit Card,Completed
PAY000703,ORD000703,2026-02-12,255.47,Debit Card,Completed
PAY000704,ORD000704,2026-07-19,134.94,Google Pay,Completed
PAY000705,ORD000705,2026-05-01,201.68,Apple Pay,Failed
PAY000706,ORD000706,2026-06-30,100.99,PayPal,Completed
PAY000707,ORD000707,2026-05-13,35.38,PayPal,Completed
PAY000708,ORD000708,2026-05-10,44.28,Credit Card,Completed
PAY000709,ORD000709,2026-05-01,35.54,Google Pay,Completed
PAY000710,ORD000710,2026-07-06,93.31,Credit Card,Failed
PAY000711,ORD000711,2026-05-12,48.78,Apple Pay,Completed
PAY000712,ORD000712,2026-06-11,33.66,Credit Card,Failed
PAY000713,ORD000713,2026-07-14,55.72,Apple Pay,Pending
PAY000714,ORD000714,2026-04-22,22.66,Credit Card,Completed
PAY000715,ORD000715,2026-07-31,122.26,Google Pay,Completed
PAY000716,ORD000716,2026-07-20,30.68,Apple Pay,Pending
PAY000717,ORD000717,2026-05-14,114.29,PayPal,Failed
PAY000718,ORD000718,2026-07-05,83.61,Google Pay,Completed
PAY000719,ORD000719,2026-06-24,90.31,Google Pay,Completed
PAY000720,ORD000720,2026-01-05,27.06,Debit Card,Pending
PAY000721,ORD000721,2026-03-02,63.21,PayPal,Completed
PAY000722,ORD000722,2026-02-25,41.97,Credit Card,Pending
PAY000723,ORD000723,2026-04-12,17.7,Google Pay,Pending
PAY000724,ORD000724,2026-06-12,164.88,Credit Card,Completed
PAY000725,ORD000725,2026-04-29,56.45,Google Pay,Completed
PAY000726,ORD000726,2026-08-11,44.02,PayPal,Failed
PAY000727,ORD000727,2026-01-13,157.87,Google Pay,Completed
PAY000728,ORD000728,2026-01-26,118.74,Credit Card,Completed
PAY000729,ORD000729,2026-08-02,609.44,Credit Card,Completed
PAY000730,ORD000730,2026-08-12,31.0,PayPal,Pending
PAY000731,ORD000731,2026-03-05,40.5,Credit Card,Pending
PAY000732,ORD000732,2026-07-26,234.6,Apple Pay,Pending
PAY000733,ORD000733,2026-05-19,33.14,Google Pay,Completed
PAY000734,ORD000734,2026-03-03,36.18,Apple Pay,Completed
PAY000735,ORD000735,2026-07-27,57.01,Debit Card,Completed
PAY000736,ORD000736,2026-06-24,191.31,Debit Card,Completed
PAY000737,ORD000737,2026-05-04,41.63,Google Pay,Failed
PAY000738,ORD000738,2026-03-11,297.18,Credit Card,Completed
PAY000739,ORD000739,2026-03-16,59.78,PayPal,Failed
PAY000740,ORD000740,2026-07-05,154.31,Debit Card,Pending
PAY000741,ORD000741,2026-01-10,47.53,Credit Card,Completed
PAY000742,ORD000742,2026-05-24,30.49,PayPal,Completed
PAY000743,ORD000743,2026-01-12,90.15,Google Pay,Completed
PAY000744,ORD000744,2026-07-18,21.82,Credit Card,Completed
PAY000745,ORD000745,2026-08-07,19.12,Apple Pay,Failed
PAY000746,ORD000746,2026-03-29,98.96,Google Pay,Completed
PAY000747,ORD000747,2026-02-19,40.41,Debit Card,Failed
PAY000748,ORD000748,2026-05-23,23.0,Google Pay,Completed
PAY000749,ORD000749,2026-02-28,39.65,Google Pay,Completed
PAY000750,ORD000750,2026-07-17,89.41,PayPal,Completed
PAY000751,ORD000751,2026-03-03,31.24,Debit Card,Completed
PAY000752,ORD000752,2026-07-30,8.56,PayPal,Failed
PAY000753,ORD000753,2026-03-13,53.93,Google Pay,Completed
PAY000754,ORD000754,2026-07-09,77.56,Credit Card,Completed
PAY000755,ORD000755,2026-02-19,106.49,Apple Pay,Pending
PAY000756,ORD000756,2026-07-24,123.43,Apple Pay,Completed
PAY000757,ORD000757,2026-02-23,53.99,PayPal,Completed
PAY000758,ORD000758,2026-02-23,228.2,Credit Card,Pending
PAY000759,ORD000759,2026-08-13,55.36,Apple Pay,Completed
PAY000760,ORD000760,2026-08-12,51.49,Credit Card,Pending
PAY000761,ORD000761,2026-06-05,49.27,PayPal,Completed
PAY000762,ORD000762,2026-04-14,66.67,Debit Card,Completed
PAY000763,ORD000763,2026-02-20,86.14,Credit Card,Completed
PAY000764,ORD000764,2026-03-15,160.31,Credit Card,Failed
PAY000765,ORD000765,2026-06-10,41.32,Debit Card,Failed
PAY000766,ORD000766,2026-05-09,34.41,Google Pay,Completed
PAY000767,ORD000767,2026-03-26,66.6,Google Pay,Completed
PAY000768,ORD000768,2026-03-10,44.41,Google Pay,Pending
PAY000769,ORD000769,2026-05-09,27.54,PayPal,Completed
PAY000770,ORD000770,2026-04-27,140.17,Google Pay,Completed
PAY000771,ORD000771,2026-02-24,137.11,PayPal,Pending
PAY000772,ORD000772,2026-03-26,21.58,Debit Card,Completed
PAY000773,ORD000773,2026-03-30,54.85,Credit Card,Completed
PAY000774,ORD000774,2026-07-31,90.37,Apple Pay,Pending
PAY000775,ORD000775,2026-06-22,231.68,Apple Pay,Pending
PAY000776,ORD000776,2026-03-14,57.77,PayPal,Completed
PAY000777,ORD000777,2026-03-21,110.41,PayPal,Completed
PAY000778,ORD000778,2026-08-08,46.61,Credit Card,Pending
PAY000779,ORD000779,2026-06-17,82.91,Debit Card,Completed
PAY000780,ORD000780,2026-04-20,113.42,Credit Card,Pending
PAY000781,ORD000781,2026-03-02,77.03,PayPal,Completed
PAY000782,ORD000782,2026-06-13,61.48,Credit Card,Completed
PAY000783,ORD000783,2026-04-13,118.79,PayPal,Pending
PAY000784,ORD000784,2026-04-23,157.13,Apple Pay,Pending
PAY000785,ORD000785,2026-06-01,67.05,Credit Card,Completed
PAY000786,ORD000786,2026-03-21,124.33,Debit Card,Completed
PAY000787,ORD000787,2026-05-22,40.74,Apple Pay,Completed
PAY000788,ORD000788,2026-04-22,45.66,Debit Card,Completed
PAY000789,ORD000789,2026-04-08,180.87,Debit Card,Pending
PAY000790,ORD000790,2026-03-29,7.91,PayPal,Completed
PAY000791,ORD000791,2026-07-22,51.07,Debit Card,Completed
PAY000792,ORD000792,2026-04-10,70.22,Google Pay,Pending
PAY000793,ORD000793,2026-04-30,26.73,Debit Card,Pending
PAY000794,ORD000794,2026-05-09,128.18,Credit Card,Completed
PAY000795,ORD000795,2026-02-16,58.34,PayPal,Completed
PAY000796,ORD000796,2026-07-23,99.42,PayPal,Completed
PAY000797,ORD000797,2026-05-29,173.58,Google Pay,Completed
PAY000798,ORD000798,2026-07-20,142.82,PayPal,Pending
PAY000799,ORD000799,2026-02-08,47.31,PayPal,Completed
PAY000800,ORD000800,2026-01-03,27.22,Apple Pay,Failed
PAY000801,ORD000801,2026-05-24,45.48,Apple Pay,Completed
PAY000802,ORD000802,2026-03-09,67.34,Apple Pay,Pending
PAY000803,ORD000803,2026-06-03,17.38,Google Pay,Completed
PAY000804,ORD000804,2026-07-01,183.34,PayPal,Completed
PAY000805,ORD000805,2026-01-13,65.69,PayPal,Pending
PAY000806,ORD000806,2026-07-08,51.23,PayPal,Completed
PAY000807,ORD000807,2026-01-20,15.6,Debit Card,Completed
PAY000808,ORD000808,2026-03-24,60.9,PayPal,Completed
PAY000809,ORD000809,2026-01-27,64.53,PayPal,Completed
PAY000810,ORD000810,2026-05-10,33.54,Credit Card,Completed
PAY000811,ORD000811,2026-01-10,74.32,Credit Card,Completed
PAY000812,ORD000812,2026-07-07,55.12,PayPal,Completed
PAY000813,ORD000813,2026-03-30,19.62,Debit Card,Failed
PAY000814,ORD000814,2026-01-19,97.36,Debit Card,Failed
PAY000815,ORD000815,2026-05-23,340.19,Google Pay,Failed
PAY000816,ORD000816,2026-04-13,211.28,Google Pay,Completed
PAY000817,ORD000817,2026-02-16,85.13,PayPal,Completed
PAY000818,ORD000818,2026-06-01,73.26,Apple Pay,Completed
PAY000819,ORD000819,2026-01-16,21.01,Debit Card,Pending
PAY000820,ORD000820,2026-03-22,71.96,Apple Pay,Completed
PAY000821,ORD000821,2026-07-07,49.13,Google Pay,Pending
PAY000822,ORD000822,2026-07-27,10.2,Debit Card,Failed
PAY000823,ORD000823,2026-07-29,46.36,Apple Pay,Pending
PAY000824,ORD000824,2026-06-26,40.36,PayPal,Pending
PAY000825,ORD000825,2026-05-12,20.46,Apple Pay,Pending
PAY000826,ORD000826,2026-07-13,56.2,Google Pay,Completed
PAY000827,ORD000827,2026-06-26,21.45,Debit Card,Completed
PAY000828,ORD000828,2026-04-23,80.11,Debit Card,Completed
PAY000829,ORD000829,2026-06-08,89.19,Debit Card,Completed
PAY000830,ORD000830,2026-03-07,14.24,PayPal,Failed
PAY000831,ORD000831,2026-02-23,45.22,Debit Card,Completed
PAY000832,ORD000832,2026-01-02,43.47,Apple Pay,Completed
PAY000833,ORD000833,2026-03-02,51.15,Credit Card,Completed
PAY000834,ORD000834,2026-01-15,10.83,Credit Card,Pending
PAY000835,ORD000835,2026-03-01,79.05,PayPal,Failed
PAY000836,ORD000836,2026-04-22,174.72,Apple Pay,Failed
PAY000837,ORD000837,2026-02-12,174.42,PayPal,Pending
PAY000838,ORD000838,2026-04-03,114.06,Credit Card,Completed
PAY000839,ORD000839,2026-08-14,14.74,Debit Card,Completed
PAY000840,ORD000840,2026-06-17,38.84,Credit Card,Completed
PAY000841,ORD000841,2026-08-12,85.84,Credit Card,Failed
PAY000842,ORD000842,2026-08-01,83.31,Credit Card,Completed
PAY000843,ORD000843,2026-01-30,136.03,PayPal,Pending
PAY000844,ORD000844,2026-03-04,50.21,Google Pay,Failed
PAY000845,ORD000845,2026-01-24,25.69,PayPal,Pending
PAY000846,ORD000846,2026-06-21,87.46,Google Pay,Pending
PAY000847,ORD000847,2026-01-14,43.23,PayPal,Completed
PAY000848,ORD000848,2026-01-28,160.18,Credit Card,Failed
PAY000849,ORD000849,2026-05-22,96.59,Debit Card,Completed
PAY000850,ORD000850,2026-07-03,46.59,Apple Pay,Completed
PAY000851,ORD000851,2026-04-18,67.89,Google Pay,Completed
PAY000852,ORD000852,2026-02-03,131.81,PayPal,Completed
PAY000853,ORD000853,2026-03-19,87.46,Debit Card,Completed
PAY000854,ORD000854,2026-08-05,66.47,Apple Pay,Failed
PAY000855,ORD000855,2026-01-12,71.98,Debit Card,Completed
PAY000856,ORD000856,2026-07-03,48.74,Google Pay,Completed
PAY000857,ORD000857,2026-03-02,80.53,Google Pay,Completed
PAY000858,ORD000858,2026-04-15,61.3,Apple Pay,Failed
PAY000859,ORD000859,2026-07-08,29.2,Apple Pay,Failed
PAY000860,ORD000860,2026-02-09,81.41,Google Pay,Completed
PAY000861,ORD000861,2026-05-28,88.75,Google Pay,Failed
PAY000862,ORD000862,2026-06-19,122.11,Credit Card,Failed
PAY000863,ORD000863,2026-01-07,19.9,Apple Pay,Completed
PAY000864,ORD000864,2026-03-20,72.77,Apple Pay,Completed
PAY000865,ORD000865,2026-05-01,45.99,Google Pay,Failed
PAY000866,ORD000866,2026-03-14,90.05,PayPal,Completed
PAY000867,ORD000867,2026-03-09,25.46,Credit Card,Completed
PAY000868,ORD000868,2026-01-31,149.49,PayPal,Completed
PAY000869,ORD000869,2026-08-03,28.46,Google Pay,Pending
PAY000870,ORD000870,2026-03-11,42.37,Credit Card,Completed
PAY000871,ORD000871,2026-08-08,402.83,Credit Card,Failed
PAY000872,ORD000872,2026-07-23,64.4,Google Pay,Completed
PAY000873,ORD000873,2026-02-16,129.48,Debit Card,Completed
PAY000874,ORD000874,2026-06-28,71.77,Debit Card,Failed
PAY000875,ORD000875,2026-02-27,146.63,Apple Pay,Completed
PAY000876,ORD000876,2026-05-30,105.96,Google Pay,Completed
PAY000877,ORD000877,2026-01-24,34.5,Google Pay,Failed
PAY000878,ORD000878,2026-02-03,17.39,PayPal,Completed
PAY000879,ORD000879,2026-03-04,24.69,Google Pay,Failed
PAY000880,ORD000880,2026-07-07,42.37,Debit Card,Failed
PAY000881,ORD000881,2026-05-27,89.6,Google Pay,Failed
PAY000882,ORD000882,2026-01-24,121.64,PayPal,Completed
PAY000883,ORD000883,2026-03-05,58.4,Apple Pay,Pending
PAY000884,ORD000884,2026-05-28,67.77,Credit Card,Completed
PAY000885,ORD000885,2026-04-26,11.93,Apple Pay,Failed
PAY000886,ORD000886,2026-04-08,49.46,PayPal,Pending
PAY000887,ORD000887,2026-01-27,56.5,Google Pay,Completed
PAY000888,ORD000888,2026-07-05,82.62,Debit Card,Completed
PAY000889,ORD000889,2026-02-13,48.03,Google Pay,Failed
PAY000890,ORD000890,2026-04-03,42.5,Credit Card,Completed
PAY000891,ORD000891,2026-03-06,226.29,Debit Card,Pending
PAY000892,ORD000892,2026-04-29,22.99,Apple Pay,Completed
PAY000893,ORD000893,2026-06-23,157.05,PayPal,Failed
PAY000894,ORD000894,2026-02-23,93.36,Apple Pay,Failed
PAY000895,ORD000895,2026-04-30,55.24,Credit Card,Completed
PAY000896,ORD000896,2026-06-16,281.94,Credit Card,Completed
PAY000897,ORD000897,2026-01-07,57.68,Google Pay,Pending
PAY000898,ORD000898,2026-02-23,33.12,Google Pay,Completed
PAY000899,ORD000899,2026-02-12,70.09,Google Pay,Completed
PAY000900,ORD000900,2026-01-20,111.39,Credit Card,Completed
PAY000901,ORD000901,2026-03-25,88.84,Debit Card,Pending
PAY000902,ORD000902,2026-06-02,41.34,Apple Pay,Completed
PAY000903,ORD000903,2026-02-12,96.12,Apple Pay,Failed
PAY000904,ORD000904,2026-08-01,18.13,PayPal,Completed
PAY000905,ORD000905,2026-07-20,156.47,PayPal,Failed
PAY000906,ORD000906,2026-05-07,105.64,Debit Card,Completed
PAY000907,ORD000907,2026-06-04,13.22,Google Pay,Completed
PAY000908,ORD000908,2026-08-08,36.16,Google Pay,Pending
PAY000909,ORD000909,2026-06-02,144.37,Debit Card,Completed
PAY000910,ORD000910,2026-02-05,51.36,Apple Pay,Failed
PAY000911,ORD000911,2026-08-14,58.86,Google Pay,Pending
PAY000912,ORD000912,2026-03-07,161.45,Apple Pay,Completed
PAY000913,ORD000913,2026-05-01,39.84,Credit Card,Pending
PAY000914,ORD000914,2026-01-09,13.45,PayPal,Completed
PAY000915,ORD000915,2026-03-24,158.79,Google Pay,Pending
PAY000916,ORD000916,2026-03-20,44.43,PayPal,Failed
PAY000917,ORD000917,2026-06-30,59.23,Debit Card,Completed
PAY000918,ORD000918,2026-01-21,52.66,Credit Card,Completed
PAY000919,ORD000919,2026-06-27,42.97,Google Pay,Completed
PAY000920,ORD000920,2026-01-16,32.98,Google Pay,Completed
PAY000921,ORD000921,2026-07-13,53.2,Apple Pay,Pending
PAY000922,ORD000922,2026-01-26,30.9,PayPal,Completed
PAY000923,ORD000923,2026-06-21,157.54,Credit Card,Completed
PAY000924,ORD000924,2026-01-29,141.32,Apple Pay,Pending
PAY000925,ORD000925,2026-08-13,88.88,Credit Card,Failed
PAY000926,ORD000926,2026-04-08,86.9,Credit Card,Failed
PAY000927,ORD000927,2026-06-23,18.36,Debit Card,Failed
PAY000928,ORD000928,2026-08-07,133.18,Debit Card,Pending
PAY000929,ORD000929,2026-03-12,44.06,Apple Pay,Completed
PAY000930,ORD000930,2026-06-26,155.27,Apple Pay,Pending
PAY000931,ORD000931,2026-05-23,197.98,Apple Pay,Completed
PAY000932,ORD000932,2026-01-17,50.95,Credit Card,Pending
PAY000933,ORD000933,2026-05-17,12.56,Google Pay,Failed
PAY000934,ORD000934,2026-07-24,70.95,Debit Card,Completed
PAY000935,ORD000935,2026-02-01,26.84,Google Pay,Pending
PAY000936,ORD000936,2026-03-07,39.66,PayPal,Completed
PAY000937,ORD000937,2026-02-28,52.06,Debit Card,Completed
PAY000938,ORD000938,2026-06-09,117.13,PayPal,Completed
PAY000939,ORD000939,2026-04-21,82.67,PayPal,Failed
PAY000940,ORD000940,2026-07-31,177.21,Apple Pay,Pending
PAY000941,ORD000941,2026-06-20,34.6,Credit Card,Pending
PAY000942,ORD000942,2026-03-24,132.8,Google Pay,Completed
PAY000943,ORD000943,2026-04-20,103.8,PayPal,Completed
PAY000944,ORD000944,2026-08-07,96.68,Apple Pay,Completed
PAY000945,ORD000945,2026-02-28,131.38,Credit Card,Failed
PAY000946,ORD000946,2026-01-30,107.81,Debit Card,Completed
PAY000947,ORD000947,2026-01-11,19.46,PayPal,Failed
PAY000948,ORD000948,2026-07-27,40.27,Apple Pay,Completed
PAY000949,ORD000949,2026-04-29,119.38,Apple Pay,Completed
PAY000950,ORD000950,2026-06-03,84.66,Apple Pay,Failed
PAY000951,ORD000951,2026-04-04,124.9,Debit Card,Completed
PAY000952,ORD000952,2026-01-02,69.61,Credit Card,Failed
PAY000953,ORD000953,2026-06-11,41.61,Google Pay,Completed
PAY000954,ORD000954,2026-06-18,33.97,Google Pay,Failed
PAY000955,ORD000955,2026-08-02,19.06,PayPal,Completed
PAY000956,ORD000956,2026-01-31,87.28,Credit Card,Completed
PAY000957,ORD000957,2026-03-04,21.92,PayPal,Completed
PAY000958,ORD000958,2026-07-02,60.37,Google Pay,Completed
PAY000959,ORD000959,2026-04-27,55.68,Debit Card,Completed
PAY000960,ORD000960,2026-07-08,131.64,Credit Card,Pending
PAY000961,ORD000961,2026-08-01,300.51,Credit Card,Failed
PAY000962,ORD000962,2026-05-07,46.0,PayPal,Pending
PAY000963,ORD000963,2026-02-05,87.14,PayPal,Failed
PAY000964,ORD000964,2026-02-09,60.26,Debit Card,Completed
PAY000965,ORD000965,2026-01-23,32.24,Credit Card,Completed
PAY000966,ORD000966,2026-06-03,137.99,Google Pay,Completed
PAY000967,ORD000967,2026-01-18,79.83,Google Pay,Failed
PAY000968,ORD000968,2026-03-20,91.15,Apple Pay,Completed
PAY000969,ORD000969,2026-02-03,113.1,Google Pay,Completed
PAY000970,ORD000970,2026-08-02,113.67,Apple Pay,Completed
PAY000971,ORD000971,2026-06-05,53.77,Apple Pay,Completed
PAY000972,ORD000972,2026-04-17,125.88,PayPal,Completed
PAY000973,ORD000973,2026-02-18,53.85,Google Pay,Pending
PAY000974,ORD000974,2026-07-11,25.97,Apple Pay,Pending
PAY000975,ORD000975,2026-07-18,85.53,Google Pay,Completed
PAY000976,ORD000976,2026-07-10,155.83,Google Pay,Completed
PAY000977,ORD000977,2026-03-03,37.79,Google Pay,Failed
PAY000978,ORD000978,2026-02-11,19.95,Debit Card,Failed
PAY000979,ORD000979,2026-01-24,65.92,Apple Pay,Pending
PAY000980,ORD000980,2026-06-12,29.0,Google Pay,Completed
PAY000981,ORD000981,2026-07-24,40.55,PayPal,Completed
PAY000982,ORD000982,2026-07-02,64.47,Debit Card,Pending
PAY000983,ORD000983,2026-06-26,7.59,Apple Pay,Pending
PAY000984,ORD000984,2026-03-18,43.82,Credit Card,Failed
PAY000985,ORD000985,2026-04-05,46.13,Apple Pay,Pending
PAY000986,ORD000986,2026-07-06,220.2,Debit Card,Failed
PAY000987,ORD000987,2026-03-24,54.08,PayPal,Pending
PAY000988,ORD000988,2026-04-03,268.39,Debit Card,Completed
PAY000989,ORD000989,2026-01-22,143.29,Google Pay,Completed
PAY000990,ORD000990,2026-04-15,82.58,Debit Card,Completed
PAY000991,ORD000991,2026-03-26,77.51,Credit Card,Completed
PAY000992,ORD000992,2026-03-02,75.76,Credit Card,Completed
PAY000993,ORD000993,2026-07-27,66.34,Google Pay,Completed
PAY000994,ORD000994,2026-06-07,21.4,Google Pay,Completed
PAY000995,ORD000995,2026-03-10,76.97,Credit Card,Failed
PAY000996,ORD000996,2026-07-07,64.51,PayPal,Completed
PAY000997,ORD000997,2026-01-06,69.9,Debit Card,Failed
PAY000998,ORD000998,2026-03-26,204.24,Credit Card,Completed
PAY000999,ORD000999,2026-04-24,52.18,Google Pay,Completed
PAY001000,ORD001000,2026-05-19,28.63,Google Pay,Completed
PAY001001,ORD001001,2026-01-24,40.75,PayPal,Completed
PAY001002,ORD001002,2026-08-08,108.28,Apple Pay,Completed
PAY001003,ORD001003,2026-03-20,73.63,Google Pay,Completed
PAY001004,ORD001004,2026-04-20,62.32,PayPal,Pending
PAY001005,ORD001005,2026-04-14,23.07,Credit Card,Failed
PAY001006,ORD001006,2026-02-20,139.56,Apple Pay,Completed
PAY001007,ORD001007,2026-01-19,39.32,Credit Card,Failed
PAY001008,ORD001008,2026-06-27,77.66,PayPal,Completed
PAY001009,ORD001009,2026-07-28,56.25,Credit Card,Pending
PAY001010,ORD001010,2026-05-11,19.85,Debit Card,Completed
PAY001011,ORD001011,2026-05-11,78.2,PayPal,Completed
PAY001012,ORD001012,2026-05-08,26.08,Apple Pay,Pending
PAY001013,ORD001013,2026-04-02,76.36,Google Pay,Completed
PAY001014,ORD001014,2026-01-31,41.82,Credit Card,Completed
PAY001015,ORD001015,2026-04-16,52.75,PayPal,Pending
PAY001016,ORD001016,2026-05-04,99.16,Credit Card,Pending
PAY001017,ORD001017,2026-04-23,24.95,PayPal,Failed
PAY001018,ORD001018,2026-06-24,527.95,PayPal,Failed
PAY001019,ORD001019,2026-05-16,33.38,Apple Pay,Completed
PAY001020,ORD001020,2026-01-17,98.36,Credit Card,Pending
PAY001021,ORD001021,2026-04-09,113.44,Credit Card,Completed
PAY001022,ORD001022,2026-04-10,175.77,PayPal,Completed
PAY001023,ORD001023,2026-08-07,37.79,Debit Card,Completed
PAY001024,ORD001024,2026-04-14,35.74,Google Pay,Completed
PAY001025,ORD001025,2026-02-14,130.05,Google Pay,Completed
PAY001026,ORD001026,2026-04-07,88.34,Debit Card,Failed
PAY001027,ORD001027,2026-03-01,89.72,Apple Pay,Completed
PAY001028,ORD001028,2026-04-24,160.5,Debit Card,Completed
PAY001029,ORD001029,2026-07-22,64.51,Debit Card,Completed
PAY001030,ORD001030,2026-01-21,68.48,Apple Pay,Completed
PAY001031,ORD001031,2026-07-17,153.01,PayPal,Completed
PAY001032,ORD001032,2026-04-22,68.26,Credit Card,Failed
PAY001033,ORD001033,2026-05-29,29.67,Google Pay,Completed
PAY001034,ORD001034,2026-05-05,32.17,Google Pay,Failed
PAY001035,ORD001035,2026-07-05,50.04,Google Pay,Completed
PAY001036,ORD001036,2026-07-02,77.43,Debit Card,Completed
PAY001037,ORD001037,2026-01-28,118.02,PayPal,Failed
PAY001038,ORD001038,2026-03-22,323.21,PayPal,Completed
PAY001039,ORD001039,2026-03-23,50.78,Debit Card,Failed
PAY001040,ORD001040,2026-07-22,22.63,Apple Pay,Completed
PAY001041,ORD001041,2026-02-15,19.76,Apple Pay,Completed
PAY001042,ORD001042,2026-02-13,51.93,PayPal,Pending
PAY001043,ORD001043,2026-03-30,59.93,Debit Card,Completed
PAY001044,ORD001044,2026-08-10,92.78,Google Pay,Completed
PAY001045,ORD001045,2026-06-02,334.67,Credit Card,Failed
PAY001046,ORD001046,2026-07-18,93.0,PayPal,Completed
PAY001047,ORD001047,2026-06-26,64.09,Google Pay,Completed
PAY001048,ORD001048,2026-04-28,121.64,PayPal,Pending
PAY001049,ORD001049,2026-06-23,19.92,Credit Card,Completed
PAY001050,ORD001050,2026-08-07,71.86,Apple Pay,Completed
PAY001051,ORD001051,2026-04-30,19.32,PayPal,Completed
PAY001052,ORD001052,2026-08-06,161.65,Debit Card,Pending
PAY001053,ORD001053,2026-03-04,23.45,Apple Pay,Completed
PAY001054,ORD001054,2026-03-18,121.07,Apple Pay,Completed
PAY001055,ORD001055,2026-03-29,106.55,Google Pay,Completed
PAY001056,ORD001056,2026-05-20,169.29,Debit Card,Failed
PAY001057,ORD001057,2026-03-19,31.67,PayPal,Failed
PAY001058,ORD001058,2026-07-04,57.93,PayPal,Completed
PAY001059,ORD001059,2026-07-20,120.06,Debit Card,Pending
PAY001060,ORD001060,2026-03-05,76.95,Apple Pay,Completed
PAY001061,ORD001061,2026-06-08,85.08,PayPal,Completed
PAY001062,ORD001062,2026-01-04,101.13,PayPal,Pending
PAY001063,ORD001063,2026-07-01,47.82,PayPal,Completed
PAY001064,ORD001064,2026-03-24,30.75,Credit Card,Completed
PAY001065,ORD001065,2026-07-12,34.69,Debit Card,Completed
PAY001066,ORD001066,2026-08-09,56.68,Credit Card,Failed
PAY001067,ORD001067,2026-01-06,35.8,Credit Card,Completed
PAY001068,ORD001068,2026-07-12,49.4,Google Pay,Failed
PAY001069,ORD001069,2026-08-05,59.35,PayPal,Completed
PAY001070,ORD001070,2026-04-01,174.69,Credit Card,Pending
PAY001071,ORD001071,2026-01-22,27.98,Debit Card,Failed
PAY001072,ORD001072,2026-05-25,35.48,Google Pay,Failed
PAY001073,ORD001073,2026-07-06,58.57,Google Pay,Pending
PAY001074,ORD001074,2026-01-29,29.34,Apple Pay,Completed
PAY001075,ORD001075,2026-07-14,7.17,Apple Pay,Completed
PAY001076,ORD001076,2026-05-25,39.21,Google Pay,Completed
PAY001077,ORD001077,2026-01-02,50.24,Debit Card,Pending
PAY001078,ORD001078,2026-02-01,68.54,Credit Card,Completed
PAY001079,ORD001079,2026-05-30,30.63,Apple Pay,Pending
PAY001080,ORD001080,2026-04-13,194.62,Credit Card,Completed
PAY001081,ORD001081,2026-08-13,103.93,Debit Card,Completed
PAY001082,ORD001082,2026-07-05,27.78,Credit Card,Pending
PAY001083,ORD001083,2026-06-30,39.33,Google Pay,Failed
PAY001084,ORD001084,2026-08-02,37.31,Apple Pay,Completed
PAY001085,ORD001085,2026-06-24,28.48,Debit Card,Completed
PAY001086,ORD001086,2026-05-12,134.74,Google Pay,Completed
PAY001087,ORD001087,2026-06-15,28.6,Debit Card,Completed
PAY001088,ORD001088,2026-04-27,64.94,Apple Pay,Pending
PAY001089,ORD001089,2026-05-21,41.97,Credit Card,Failed
PAY001090,ORD001090,2026-03-02,52.48,Debit Card,Pending
PAY001091,ORD001091,2026-08-03,124.02,Apple Pay,Pending
PAY001092,ORD001092,2026-03-05,75.36,Google Pay,Completed
PAY001093,ORD001093,2026-03-18,77.83,Apple Pay,Failed
PAY001094,ORD001094,2026-07-31,75.28,Credit Card,Failed
PAY001095,ORD001095,2026-02-02,84.64,Apple Pay,Completed
PAY001096,ORD001096,2026-04-08,28.97,Google Pay,Completed
PAY001097,ORD001097,2026-06-15,37.48,Google Pay,Completed
PAY001098,ORD001098,2026-05-06,78.21,Debit Card,Failed
PAY001099,ORD001099,2026-06-06,36.38,Google Pay,Pending
PAY001100,ORD001100,2026-03-02,47.17,PayPal,Completed
PAY001101,ORD001101,2026-02-01,73.11,Google Pay,Completed
PAY001102,ORD001102,2026-05-19,130.69,Credit Card,Pending
PAY001103,ORD001103,2026-01-18,109.73,Google Pay,Failed
PAY001104,ORD001104,2026-02-14,184.77,Debit Card,Failed
PAY001105,ORD001105,2026-01-21,66.86,Google Pay,Completed
PAY001106,ORD001106,2026-01-12,65.54,Apple Pay,Failed
PAY001107,ORD001107,2026-04-13,37.97,Apple Pay,Completed
PAY001108,ORD001108,2026-01-20,88.96,Apple Pay,Completed
PAY001109,ORD001109,2026-01-07,145.23,PayPal,Completed
PAY001110,ORD001110,2026-04-01,40.7,Debit Card,Completed
PAY001111,ORD001111,2026-07-18,82.45,Apple Pay,Pending
PAY001112,ORD001112,2026-05-10,132.06,Apple Pay,Pending
PAY001113,ORD001113,2026-02-12,33.65,Apple Pay,Completed
PAY001114,ORD001114,2026-04-07,88.61,Debit Card,Pending
PAY001115,ORD001115,2026-01-21,92.21,Apple Pay,Completed
PAY001116,ORD001116,2026-01-29,12.69,PayPal,Completed
PAY001117,ORD001117,2026-02-01,41.47,Apple Pay,Completed
PAY001118,ORD001118,2026-06-22,27.64,Credit Card,Failed
PAY001119,ORD001119,2026-03-17,42.17,PayPal,Pending
PAY001120,ORD001120,2026-07-24,45.07,Credit Card,Completed
PAY001121,ORD001121,2026-04-13,58.78,Apple Pay,Pending
PAY001122,ORD001122,2026-04-23,113.82,Apple Pay,Pending
PAY001123,ORD001123,2026-07-06,141.71,Debit Card,Completed
PAY001124,ORD001124,2026-04-14,68.2,Credit Card,Completed
PAY001125,ORD001125,2026-05-11,149.69,Credit Card,Completed
PAY001126,ORD001126,2026-02-08,107.9,Google Pay,Completed
PAY001127,ORD001127,2026-02-20,56.84,Google Pay,Failed
PAY001128,ORD001128,2026-04-26,168.37,Google Pay,Completed
PAY001129,ORD001129,2026-01-08,63.24,Google Pay,Completed
PAY001130,ORD001130,2026-04-20,71.76,Credit Card,Completed
PAY001131,ORD001131,2026-02-15,30.64,Debit Card,Completed
PAY001132,ORD001132,2026-07-13,77.63,Google Pay,Completed
PAY001133,ORD001133,2026-01-06,81.07,Credit Card,Completed
PAY001134,ORD001134,2026-04-22,110.64,Debit Card,Completed
PAY001135,ORD001135,2026-02-27,51.54,Debit Card,Pending
PAY001136,ORD001136,2026-06-18,36.25,Google Pay,Completed
PAY001137,ORD001137,2026-05-02,80.36,Credit Card,Completed
PAY001138,ORD001138,2026-07-26,101.25,PayPal,Completed
PAY001139,ORD001139,2026-04-25,47.65,Credit Card,Completed
PAY001140,ORD001140,2026-02-23,33.51,Debit Card,Completed
PAY001141,ORD001141,2026-03-17,45.22,Apple Pay,Completed
PAY001142,ORD001142,2026-06-18,183.33,Google Pay,Failed
PAY001143,ORD001143,2026-02-17,30.52,Debit Card,Pending
PAY001144,ORD001144,2026-08-12,29.95,PayPal,Completed
PAY001145,ORD001145,2026-03-11,223.16,PayPal,Completed
PAY001146,ORD001146,2026-06-04,54.07,PayPal,Completed
PAY001147,ORD001147,2026-02-16,25.63,PayPal,Failed
PAY001148,ORD001148,2026-07-24,22.43,Credit Card,Completed
PAY001149,ORD001149,2026-04-27,90.17,Debit Card,Completed
PAY001150,ORD001150,2026-01-23,76.3,PayPal,Failed
PAY001151,ORD001151,2026-07-21,90.69,Debit Card,Pending
PAY001152,ORD001152,2026-05-22,33.02,Debit Card,Completed
PAY001153,ORD001153,2026-03-02,26.28,Apple Pay,Completed
PAY001154,ORD001154,2026-07-14,87.99,Credit Card,Pending
PAY001155,ORD001155,2026-05-06,29.02,Apple Pay,Completed
PAY001156,ORD001156,2026-03-17,53.76,Google Pay,Completed
PAY001157,ORD001157,2026-06-02,32.47,Google Pay,Failed
PAY001158,ORD001158,2026-03-06,191.27,Google Pay,Pending
PAY001159,ORD001159,2026-04-06,115.08,Apple Pay,Completed
PAY001160,ORD001160,2026-06-01,381.62,Debit Card,Completed
PAY001161,ORD001161,2026-06-30,94.36,Google Pay,Completed
PAY001162,ORD001162,2026-04-16,75.13,Google Pay,Completed
PAY001163,ORD001163,2026-07-20,97.11,Apple Pay,Failed
PAY001164,ORD001164,2026-06-27,20.06,Debit Card,Completed
PAY001165,ORD001165,2026-05-09,17.32,Google Pay,Completed
PAY001166,ORD001166,2026-02-08,99.29,Credit Card,Pending
PAY001167,ORD001167,2026-07-21,40.18,Google Pay,Failed
PAY001168,ORD001168,2026-02-13,60.32,Apple Pay,Pending
PAY001169,ORD001169,2026-04-15,19.29,Apple Pay,Completed
PAY001170,ORD001170,2026-04-04,41.97,Credit Card,Completed
PAY001171,ORD001171,2026-05-13,46.85,Debit Card,Failed
PAY001172,ORD001172,2026-05-03,115.28,Credit Card,Failed
PAY001173,ORD001173,2026-07-15,66.23,Google Pay,Failed
PAY001174,ORD001174,2026-05-04,22.96,Apple Pay,Failed
PAY001175,ORD001175,2026-04-19,41.91,Debit Card,Failed
PAY001176,ORD001176,2026-03-13,131.17,Google Pay,Failed
PAY001177,ORD001177,2026-07-27,43.99,Credit Card,Completed
PAY001178,ORD001178,2026-03-06,113.34,Google Pay,Completed
PAY001179,ORD001179,2026-03-20,41.15,Credit Card,Completed
PAY001180,ORD001180,2026-03-29,76.28,PayPal,Completed
PAY001181,ORD001181,2026-05-23,62.87,PayPal,Pending
PAY001182,ORD001182,2026-06-27,55.94,Apple Pay,Completed
PAY001183,ORD001183,2026-01-06,24.09,Debit Card,Completed
PAY001184,ORD001184,2026-03-07,19.5,Apple Pay,Completed
PAY001185,ORD001185,2026-03-10,71.54,Google Pay,Completed
PAY001186,ORD001186,2026-04-25,61.93,PayPal,Completed
PAY001187,ORD001187,2026-06-16,41.55,Apple Pay,Completed
PAY001188,ORD001188,2026-04-15,32.71,Credit Card,Pending
PAY001189,ORD001189,2026-04-08,154.0,Debit Card,Pending
PAY001190,ORD001190,2026-04-06,120.7,PayPal,Completed
PAY001191,ORD001191,2026-06-06,101.73,Debit Card,Completed
PAY001192,ORD001192,2026-08-09,186.52,Debit Card,Completed
PAY001193,ORD001193,2026-08-04,27.96,PayPal,Completed
PAY001194,ORD001194,2026-02-15,73.18,Credit Card,Pending
PAY001195,ORD001195,2026-05-02,22.81,Credit Card,Failed
PAY001196,ORD001196,2026-01-31,45.53,Credit Card,Pending
PAY001197,ORD001197,2026-06-01,48.57,Debit Card,Completed
PAY001198,ORD001198,2026-04-29,37.5,Credit Card,Pending
PAY001199,ORD001199,2026-05-06,58.68,Google Pay,Completed
PAY001200,ORD001200,2026-05-23,271.95,Google Pay,Completed
PAY001201,ORD001201,2026-07-23,72.46,Credit Card,Failed
PAY001202,ORD001202,2026-05-28,119.82,Credit Card,Completed
PAY001203,ORD001203,2026-05-12,64.86,PayPal,Completed
PAY001204,ORD001204,2026-07-05,18.68,PayPal,Completed
PAY001205,ORD001205,2026-07-24,38.8,Apple Pay,Failed
PAY001206,ORD001206,2026-07-08,41.49,Debit Card,Failed
PAY001207,ORD001207,2026-05-07,58.57,Debit Card,Completed
PAY001208,ORD001208,2026-04-18,92.12,PayPal,Completed
PAY001209,ORD001209,2026-05-18,110.28,Google Pay,Completed
PAY001210,ORD001210,2026-02-10,77.03,Apple Pay,Completed
PAY001211,ORD001211,2026-02-22,126.77,PayPal,Failed
PAY001212,ORD001212,2026-03-28,38.22,Apple Pay,Completed
PAY001213,ORD001213,2026-07-18,89.39,Debit Card,Completed
PAY001214,ORD001214,2026-05-01,85.66,Debit Card,Completed
PAY001215,ORD001215,2026-03-17,113.37,Debit Card,Completed
PAY001216,ORD001216,2026-02-17,36.12,Google Pay,Completed
PAY001217,ORD001217,2026-05-23,218.96,PayPal,Pending
PAY001218,ORD001218,2026-05-15,34.76,Apple Pay,Completed
PAY001219,ORD001219,2026-03-13,43.62,PayPal,Failed
PAY001220,ORD001220,2026-07-18,101.72,Debit Card,Pending
PAY001221,ORD001221,2026-06-20,20.11,Debit Card,Completed
PAY001222,ORD001222,2026-01-04,31.38,PayPal,Completed
PAY001223,ORD001223,2026-05-04,64.11,Credit Card,Failed
PAY001224,ORD001224,2026-06-28,16.84,Credit Card,Completed
PAY001225,ORD001225,2026-03-12,34.54,PayPal,Pending
PAY001226,ORD001226,2026-05-06,64.18,Debit Card,Completed
PAY001227,ORD001227,2026-02-28,33.93,Apple Pay,Completed
PAY001228,ORD001228,2026-04-19,210.06,Credit Card,Completed
PAY001229,ORD001229,2026-02-10,100.24,PayPal,Completed
PAY001230,ORD001230,2026-07-08,82.75,Google Pay,Completed
PAY001231,ORD001231,2026-01-30,66.57,PayPal,Completed
PAY001232,ORD001232,2026-05-03,103.21,Debit Card,Failed
PAY001233,ORD001233,2026-05-26,62.83,PayPal,Completed
PAY001234,ORD001234,2026-01-30,30.15,Credit Card,Pending
PAY001235,ORD001235,2026-05-15,76.65,Credit Card,Completed
PAY001236,ORD001236,2026-02-21,36.56,PayPal,Completed
PAY001237,ORD001237,2026-06-25,81.44,Apple Pay,Completed
PAY001238,ORD001238,2026-01-23,74.2,PayPal,Completed
PAY001239,ORD001239,2026-05-04,38.79,Apple Pay,Completed
PAY001240,ORD001240,2026-06-14,254.91,Credit Card,Completed
PAY001241,ORD001241,2026-03-12,147.26,Google Pay,Completed
PAY001242,ORD001242,2026-08-09,58.06,Apple Pay,Completed
PAY001243,ORD001243,2026-08-14,86.07,PayPal,Failed
PAY001244,ORD001244,2026-04-13,76.24,Debit Card,Completed
PAY001245,ORD001245,2026-02-22,41.32,Debit Card,Completed
PAY001246,ORD001246,2026-04-15,90.0,PayPal,Completed
PAY001247,ORD001247,2026-06-22,52.58,Credit Card,Failed
PAY001248,ORD001248,2026-06-26,22.59,Credit Card,Completed
PAY001249,ORD001249,2026-02-18,42.18,Credit Card,Pending
PAY001250,ORD001250,2026-04-21,42.36,PayPal,Completed
PAY001251,ORD001251,2026-07-29,15.58,Debit Card,Completed
PAY001252,ORD001252,2026-06-24,153.62,Google Pay,Completed
PAY001253,ORD001253,2026-04-17,41.76,Debit Card,Completed
PAY001254,ORD001254,2026-06-02,46.33,Credit Card,Completed
PAY001255,ORD001255,2026-04-01,291.67,PayPal,Completed
PAY001256,ORD001256,2026-06-04,30.5,PayPal,Pending
PAY001257,ORD001257,2026-05-20,56.48,Google Pay,Completed
PAY001258,ORD001258,2026-05-31,19.83,Debit Card,Completed
PAY001259,ORD001259,2026-01-17,38.55,Credit Card,Completed
PAY001260,ORD001260,2026-02-13,41.89,Google Pay,Completed
PAY001261,ORD001261,2026-03-12,132.16,Credit Card,Completed
PAY001262,ORD001262,2026-05-05,33.66,Debit Card,Pending
PAY001263,ORD001263,2026-06-01,109.43,Google Pay,Pending
PAY001264,ORD001264,2026-07-18,399.43,Credit Card,Completed
PAY001265,ORD001265,2026-04-03,205.45,Apple Pay,Completed
PAY001266,ORD001266,2026-03-01,8.19,PayPal,Pending
PAY001267,ORD001267,2026-02-22,85.28,Debit Card,Completed
PAY001268,ORD001268,2026-08-08,181.27,PayPal,Pending
PAY001269,ORD001269,2026-08-03,33.79,Credit Card,Completed
PAY001270,ORD001270,2026-03-15,56.85,Google Pay,Completed
PAY001271,ORD001271,2026-05-24,48.47,Credit Card,Completed
PAY001272,ORD001272,2026-04-17,117.72,Apple Pay,Pending
PAY001273,ORD001273,2026-04-08,43.22,Apple Pay,Failed
PAY001274,ORD001274,2026-01-25,229.93,Debit Card,Failed
PAY001275,ORD001275,2026-03-07,142.66,PayPal,Completed
PAY001276,ORD001276,2026-02-19,20.13,Credit Card,Pending
PAY001277,ORD001277,2026-03-10,20.31,Apple Pay,Failed
PAY001278,ORD001278,2026-03-19,69.89,Google Pay,Completed
PAY001279,ORD001279,2026-08-11,51.93,Credit Card,Completed
PAY001280,ORD001280,2026-06-17,57.24,Debit Card,Completed
PAY001281,ORD001281,2026-05-14,40.5,Google Pay,Pending
PAY001282,ORD001282,2026-03-05,28.67,PayPal,Pending
PAY001283,ORD001283,2026-01-28,61.49,Debit Card,Completed
PAY001284,ORD001284,2026-01-09,83.93,PayPal,Completed
PAY001285,ORD001285,2026-01-06,125.04,PayPal,Completed
PAY001286,ORD001286,2026-05-25,140.16,Apple Pay,Pending
PAY001287,ORD001287,2026-06-17,62.11,PayPal,Pending
PAY001288,ORD001288,2026-04-09,77.48,Google Pay,Completed
PAY001289,ORD001289,2026-07-23,18.64,Google Pay,Completed
PAY001290,ORD001290,2026-06-22,99.71,Google Pay,Completed
PAY001291,ORD001291,2026-03-23,154.03,Credit Card,Pending
PAY001292,ORD001292,2026-04-29,95.45,Apple Pay,Completed
PAY001293,ORD001293,2026-06-20,58.35,Apple Pay,Completed
PAY001294,ORD001294,2026-08-14,30.86,Google Pay,Completed
PAY001295,ORD001295,2026-06-23,30.91,Credit Card,Pending
PAY001296,ORD001296,2026-07-10,52.71,PayPal,Pending
PAY001297,ORD001297,2026-05-09,83.19,PayPal,Pending
PAY001298,ORD001298,2026-07-06,14.17,PayPal,Completed
PAY001299,ORD001299,2026-03-04,23.9,Apple Pay,Completed
PAY001300,ORD001300,2026-07-26,116.45,PayPal,Pending
PAY001301,ORD001301,2026-05-05,202.22,Credit Card,Completed
PAY001302,ORD001302,2026-01-18,53.39,Credit Card,Completed
PAY001303,ORD001303,2026-03-27,95.47,PayPal,Failed
PAY001304,ORD001304,2026-07-29,55.65,Apple Pay,Completed
PAY001305,ORD001305,2026-07-12,65.79,Debit Card,Pending
PAY001306,ORD001306,2026-01-20,28.02,Google Pay,Completed
PAY001307,ORD001307,2026-07-03,89.08,PayPal,Pending
PAY001308,ORD001308,2026-07-01,35.89,PayPal,Failed
PAY001309,ORD001309,2026-02-17,71.57,Google Pay,Completed
PAY001310,ORD001310,2026-02-23,102.19,Debit Card,Pending
PAY001311,ORD001311,2026-04-12,93.65,PayPal,Completed
PAY001312,ORD001312,2026-03-30,34.31,PayPal,Pending
PAY001313,ORD001313,2026-05-24,72.9,Debit Card,Completed
PAY001314,ORD001314,2026-05-28,40.34,Google Pay,Failed
PAY001315,ORD001315,2026-02-16,101.26,Credit Card,Completed
PAY001316,ORD001316,2026-08-13,108.33,PayPal,Pending
PAY001317,ORD001317,2026-05-15,104.19,PayPal,Completed
PAY001318,ORD001318,2026-05-31,172.17,Apple Pay,Pending
PAY001319,ORD001319,2026-07-22,87.85,Debit Card,Pending
PAY001320,ORD001320,2026-06-10,179.2,PayPal,Pending
PAY001321,ORD001321,2026-06-17,102.02,Apple Pay,Completed
PAY001322,ORD001322,2026-04-20,37.74,Credit Card,Completed
PAY001323,ORD001323,2026-01-05,73.02,Debit Card,Completed
PAY001324,ORD001324,2026-06-22,130.82,Credit Card,Completed
PAY001325,ORD001325,2026-04-21,137.87,Apple Pay,Pending
PAY001326,ORD001326,2026-02-10,46.15,Google Pay,Failed
PAY001327,ORD001327,2026-05-16,45.76,Debit Card,Completed
PAY001328,ORD001328,2026-07-28,96.65,Google Pay,Failed
PAY001329,ORD001329,2026-03-23,36.59,Apple Pay,Pending
PAY001330,ORD001330,2026-06-27,54.83,Debit Card,Completed
PAY001331,ORD001331,2026-08-07,68.28,PayPal,Completed
PAY001332,ORD001332,2026-01-31,57.02,Apple Pay,Pending
PAY001333,ORD001333,2026-01-04,112.52,Apple Pay,Failed
PAY001334,ORD001334,2026-07-13,106.94,Credit Card,Completed
PAY001335,ORD001335,2026-02-25,70.73,Google Pay,Completed
PAY001336,ORD001336,2026-01-05,28.85,Debit Card,Pending
PAY001337,ORD001337,2026-03-22,168.19,Debit Card,Completed
PAY001338,ORD001338,2026-02-23,37.09,PayPal,Completed
PAY001339,ORD001339,2026-05-04,42.86,Debit Card,Completed
PAY001340,ORD001340,2026-04-06,35.24,PayPal,Pending
PAY001341,ORD001341,2026-04-03,21.97,Debit Card,Completed
PAY001342,ORD001342,2026-03-21,124.43,Credit Card,Completed
PAY001343,ORD001343,2026-01-01,220.95,Apple Pay,Pending
PAY001344,ORD001344,2026-07-23,25.52,Debit Card,Failed
PAY001345,ORD001345,2026-07-30,17.14,Apple Pay,Pending
PAY001346,ORD001346,2026-03-14,67.84,Google Pay,Failed
PAY001347,ORD001347,2026-03-02,77.96,Apple Pay,Pending
PAY001348,ORD001348,2026-05-06,13.7,Google Pay,Completed
PAY001349,ORD001349,2026-01-07,29.44,Debit Card,Completed
PAY001350,ORD001350,2026-06-07,153.52,Credit Card,Failed
PAY001351,ORD001351,2026-05-05,93.15,Credit Card,Completed
PAY001352,ORD001352,2026-01-15,152.66,Apple Pay,Completed
PAY001353,ORD001353,2026-04-18,29.25,Credit Card,Failed
PAY001354,ORD001354,2026-01-04,60.57,Google Pay,Completed
PAY001355,ORD001355,2026-03-04,58.02,Credit Card,Pending
PAY001356,ORD001356,2026-03-11,128.75,Credit Card,Completed
PAY001357,ORD001357,2026-02-07,38.83,Credit Card,Completed
PAY001358,ORD001358,2026-06-24,42.41,PayPal,Completed
PAY001359,ORD001359,2026-07-07,86.44,PayPal,Completed
PAY001360,ORD001360,2026-01-02,104.78,Apple Pay,Completed
PAY001361,ORD001361,2026-07-16,43.98,Debit Card,Pending
PAY001362,ORD001362,2026-01-08,71.25,Debit Card,Completed
PAY001363,ORD001363,2026-02-20,116.94,Google Pay,Completed
PAY001364,ORD001364,2026-04-27,75.41,Google Pay,Completed
PAY001365,ORD001365,2026-08-10,44.34,Apple Pay,Completed
PAY001366,ORD001366,2026-04-22,74.78,PayPal,Pending
PAY001367,ORD001367,2026-01-19,95.32,Credit Card,Completed
PAY001368,ORD001368,2026-04-04,63.97,PayPal,Completed
PAY001369,ORD001369,2026-01-31,87.95,PayPal,Pending
PAY001370,ORD001370,2026-03-21,118.08,Apple Pay,Completed
PAY001371,ORD001371,2026-04-12,81.07,PayPal,Failed
PAY001372,ORD001372,2026-01-22,110.74,Debit Card,Completed
PAY001373,ORD001373,2026-02-02,53.96,PayPal,Completed
PAY001374,ORD001374,2026-08-02,43.22,Debit Card,Completed
PAY001375,ORD001375,2026-07-19,163.36,Google Pay,Failed
PAY001376,ORD001376,2026-06-14,12.62,Google Pay,Completed
PAY001377,ORD001377,2026-05-20,81.2,Apple Pay,Completed
PAY001378,ORD001378,2026-04-24,48.88,Credit Card,Pending
PAY001379,ORD001379,2026-07-16,97.52,PayPal,Pending
PAY001380,ORD001380,2026-03-05,26.41,Credit Card,Pending
PAY001381,ORD001381,2026-06-02,78.0,Debit Card,Completed
PAY001382,ORD001382,2026-07-01,91.4,Credit Card,Completed
PAY001383,ORD001383,2026-01-29,79.96,PayPal,Pending
PAY001384,ORD001384,2026-01-13,32.83,Credit Card,Completed
PAY001385,ORD001385,2026-01-26,39.67,Credit Card,Completed
PAY001386,ORD001386,2026-01-22,98.72,Credit Card,Completed
PAY001387,ORD001387,2026-04-03,56.06,Apple Pay,Completed
PAY001388,ORD001388,2026-03-17,14.93,Credit Card,Completed
PAY001389,ORD001389,2026-04-20,43.3,PayPal,Pending
PAY001390,ORD001390,2026-04-02,138.38,PayPal,Pending
PAY001391,ORD001391,2026-03-14,54.54,Credit Card,Completed
PAY001392,ORD001392,2026-04-29,23.97,Apple Pay,Pending
PAY001393,ORD001393,2026-01-10,47.03,Debit Card,Completed
PAY001394,ORD001394,2026-02-17,59.61,Credit Card,Completed
PAY001395,ORD001395,2026-06-19,35.72,Apple Pay,Completed
PAY001396,ORD001396,2026-03-31,155.02,Google Pay,Completed
PAY001397,ORD001397,2026-07-06,48.94,PayPal,Completed
PAY001398,ORD001398,2026-06-30,51.61,Google Pay,Pending
PAY001399,ORD001399,2026-06-17,54.23,PayPal,Completed
PAY001400,ORD001400,2026-07-22,17.06,Debit Card,Pending
PAY001401,ORD001401,2026-07-09,78.58,Apple Pay,Completed
PAY001402,ORD001402,2026-01-06,39.9,Debit Card,Pending
PAY001403,ORD001403,2026-05-12,10.94,Google Pay,Completed
PAY001404,ORD001404,2026-04-01,21.13,Apple Pay,Pending
PAY001405,ORD001405,2026-02-24,58.19,Google Pay,Completed
PAY001406,ORD001406,2026-05-06,142.72,Credit Card,Completed
PAY001407,ORD001407,2026-08-04,99.75,Google Pay,Completed
PAY001408,ORD001408,2026-07-16,89.01,Debit Card,Pending
PAY001409,ORD001409,2026-05-11,64.8,Debit Card,Completed
PAY001410,ORD001410,2026-01-07,78.86,Credit Card,Failed
PAY001411,ORD001411,2026-03-29,64.64,Apple Pay,Completed
PAY001412,ORD001412,2026-03-27,36.04,Google Pay,Failed
PAY001413,ORD001413,2026-05-20,37.0,Google Pay,Completed
PAY001414,ORD001414,2026-04-09,60.98,Google Pay,Completed
PAY001415,ORD001415,2026-05-25,35.36,Apple Pay,Completed
PAY001416,ORD001416,2026-07-14,18.56,Debit Card,Failed
PAY001417,ORD001417,2026-03-16,91.83,Credit Card,Completed
PAY001418,ORD001418,2026-07-17,82.02,Apple Pay,Completed
PAY001419,ORD001419,2026-04-17,18.28,Credit Card,Pending
PAY001420,ORD001420,2026-06-13,25.48,PayPal,Failed
PAY001421,ORD001421,2026-05-25,76.41,Credit Card,Failed
PAY001422,ORD001422,2026-03-27,27.05,PayPal,Completed
PAY001423,ORD001423,2026-01-01,61.52,Credit Card,Completed
PAY001424,ORD001424,2026-04-30,108.76,PayPal,Completed
PAY001425,ORD001425,2026-03-08,43.68,Google Pay,Pending
PAY001426,ORD001426,2026-07-27,95.89,Apple Pay,Completed
PAY001427,ORD001427,2026-04-09,42.36,Google Pay,Completed
PAY001428,ORD001428,2026-07-25,47.9,Debit Card,Completed
PAY001429,ORD001429,2026-02-18,80.75,Apple Pay,Pending
PAY001430,ORD001430,2026-02-20,96.61,Google Pay,Completed
PAY001431,ORD001431,2026-03-12,25.08,Credit Card,Failed
PAY001432,ORD001432,2026-08-06,23.97,Apple Pay,Completed
PAY001433,ORD001433,2026-04-30,20.75,Credit Card,Completed
PAY001434,ORD001434,2026-06-20,195.12,Google Pay,Completed
PAY001435,ORD001435,2026-04-22,44.49,Apple Pay,Pending
PAY001436,ORD001436,2026-01-31,37.0,Google Pay,Completed
PAY001437,ORD001437,2026-01-24,74.03,Debit Card,Completed
PAY001438,ORD001438,2026-07-30,18.94,Google Pay,Failed
PAY001439,ORD001439,2026-02-06,46.43,Debit Card,Completed
PAY001440,ORD001440,2026-07-12,60.64,Google Pay,Completed
PAY001441,ORD001441,2026-08-05,30.56,Apple Pay,Completed
PAY001442,ORD001442,2026-03-04,26.86,Credit Card,Completed
PAY001443,ORD001443,2026-02-25,46.34,Apple Pay,Completed
PAY001444,ORD001444,2026-07-21,42.8,Google Pay,Completed
PAY001445,ORD001445,2026-01-18,41.95,Google Pay,Completed
PAY001446,ORD001446,2026-04-16,21.21,Google Pay,Completed
PAY001447,ORD001447,2026-07-12,21.11,PayPal,Completed
PAY001448,ORD001448,2026-06-06,145.61,Debit Card,Pending
PAY001449,ORD001449,2026-03-18,24.11,Credit Card,Completed
PAY001450,ORD001450,2026-01-04,52.22,Debit Card,Pending
PAY001451,ORD001451,2026-05-01,53.79,Google Pay,Completed
PAY001452,ORD001452,2026-05-20,43.12,Google Pay,Pending
PAY001453,ORD001453,2026-07-03,53.83,Debit Card,Completed
PAY001454,ORD001454,2026-02-17,47.02,Debit Card,Completed
PAY001455,ORD001455,2026-05-27,45.12,Debit Card,Completed
PAY001456,ORD001456,2026-01-26,126.14,PayPal,Completed
PAY001457,ORD001457,2026-04-18,30.96,Debit Card,Completed
PAY001458,ORD001458,2026-02-07,38.67,Google Pay,Completed
PAY001459,ORD001459,2026-03-21,114.31,Credit Card,Completed
PAY001460,ORD001460,2026-06-02,39.92,Apple Pay,Completed
PAY001461,ORD001461,2026-07-03,44.09,Debit Card,Completed
PAY001462,ORD001462,2026-07-21,39.55,Debit Card,Failed
PAY001463,ORD001463,2026-01-28,125.68,Debit Card,Completed
PAY001464,ORD001464,2026-03-02,112.35,Credit Card,Completed
PAY001465,ORD001465,2026-08-08,26.31,Debit Card,Failed
PAY001466,ORD001466,2026-03-30,162.3,Debit Card,Completed
PAY001467,ORD001467,2026-03-30,13.25,Debit Card,Completed
PAY001468,ORD001468,2026-06-28,18.68,Credit Card,Completed
PAY001469,ORD001469,2026-05-20,19.91,Apple Pay,Failed
PAY001470,ORD001470,2026-01-08,27.89,Google Pay,Failed
PAY001471,ORD001471,2026-05-02,44.59,Credit Card,Completed
PAY001472,ORD001472,2026-04-13,28.49,Debit Card,Failed
PAY001473,ORD001473,2026-07-05,25.88,PayPal,Pending
PAY001474,ORD001474,2026-03-29,83.38,Credit Card,Completed
PAY001475,ORD001475,2026-01-23,46.76,Debit Card,Completed
PAY001476,ORD001476,2026-02-06,100.82,Debit Card,Completed
PAY001477,ORD001477,2026-01-11,110.31,Google Pay,Completed
PAY001478,ORD001478,2026-01-17,64.52,Credit Card,Failed
PAY001479,ORD001479,2026-08-08,93.97,Credit Card,Completed
PAY001480,ORD001480,2026-07-03,50.54,Google Pay,Completed
PAY001481,ORD001481,2026-06-30,24.13,PayPal,Failed
PAY001482,ORD001482,2026-07-14,21.48,PayPal,Completed
PAY001483,ORD001483,2026-05-10,14.81,Apple Pay,Failed
PAY001484,ORD001484,2026-01-29,98.18,Apple Pay,Failed
PAY001485,ORD001485,2026-02-26,63.83,Google Pay,Completed
PAY001486,ORD001486,2026-06-11,7.22,Credit Card,Completed
PAY001487,ORD001487,2026-03-19,89.82,Debit Card,Completed
PAY001488,ORD001488,2026-05-02,59.87,PayPal,Completed
PAY001489,ORD001489,2026-08-13,30.33,Credit Card,Failed
PAY001490,ORD001490,2026-04-22,30.06,Apple Pay,Completed
PAY001491,ORD001491,2026-07-29,47.01,PayPal,Failed
PAY001492,ORD001492,2026-04-03,131.79,Debit Card,Failed
PAY001493,ORD001493,2026-01-02,58.89,Apple Pay,Failed
PAY001494,ORD001494,2026-05-04,34.65,Debit Card,Completed
PAY001495,ORD001495,2026-07-22,271.3,Apple Pay,Completed
PAY001496,ORD001496,2026-01-31,114.61,Debit Card,Completed
PAY001497,ORD001497,2026-04-27,113.15,PayPal,Completed
PAY001498,ORD001498,2026-04-23,118.74,Google Pay,Completed
PAY001499,ORD001499,2026-07-24,138.0,Debit Card,Failed
PAY001500,ORD001500,2026-02-13,81.0,PayPal,Completed
PAY001501,ORD001501,2026-05-07,61.21,Credit Card,Failed
PAY001502,ORD001502,2026-03-31,65.02,Credit Card,Completed
PAY001503,ORD001503,2026-07-03,22.96,Apple Pay,Completed
PAY001504,ORD001504,2026-08-14,12.57,Google Pay,Completed
PAY001505,ORD001505,2026-07-01,99.14,Apple Pay,Failed
PAY001506,ORD001506,2026-06-30,215.71,Debit Card,Completed
PAY001507,ORD001507,2026-04-24,46.31,Google Pay,Pending
PAY001508,ORD001508,2026-03-15,159.42,Debit Card,Failed
PAY001509,ORD001509,2026-07-23,176.75,PayPal,Pending
PAY001510,ORD001510,2026-08-02,42.05,Google Pay,Completed
PAY001511,ORD001511,2026-02-15,140.67,Credit Card,Failed
PAY001512,ORD001512,2026-02-23,93.96,PayPal,Completed
PAY001513,ORD001513,2026-06-08,48.06,PayPal,Completed
PAY001514,ORD001514,2026-07-30,87.55,Debit Card,Pending
PAY001515,ORD001515,2026-04-19,73.72,Apple Pay,Completed
PAY001516,ORD001516,2026-01-24,15.27,Debit Card,Failed
PAY001517,ORD001517,2026-06-02,344.56,PayPal,Pending
PAY001518,ORD001518,2026-06-12,28.45,Google Pay,Completed
PAY001519,ORD001519,2026-02-26,69.21,Credit Card,Pending
PAY001520,ORD001520,2026-03-13,217.91,PayPal,Completed
PAY001521,ORD001521,2026-03-10,49.87,Apple Pay,Completed
PAY001522,ORD001522,2026-08-02,35.89,Apple Pay,Pending
PAY001523,ORD001523,2026-01-28,66.08,Google Pay,Failed
PAY001524,ORD001524,2026-07-23,47.37,Apple Pay,Completed
PAY001525,ORD001525,2026-02-02,142.12,Google Pay,Completed
PAY001526,ORD001526,2026-02-22,33.6,Apple Pay,Completed
PAY001527,ORD001527,2026-05-02,40.43,Debit Card,Completed
PAY001528,ORD001528,2026-01-16,56.72,Credit Card,Completed
PAY001529,ORD001529,2026-06-03,24.48,Credit Card,Completed
PAY001530,ORD001530,2026-05-20,41.02,PayPal,Completed
PAY001531,ORD001531,2026-03-28,41.26,PayPal,Pending
PAY001532,ORD001532,2026-08-06,24.85,Debit Card,Completed
PAY001533,ORD001533,2026-04-15,39.08,Debit Card,Completed
PAY001534,ORD001534,2026-03-18,101.27,Credit Card,Completed
PAY001535,ORD001535,2026-03-28,14.87,PayPal,Failed
PAY001536,ORD001536,2026-01-31,122.76,PayPal,Completed
PAY001537,ORD001537,2026-04-10,41.8,Credit Card,Completed
PAY001538,ORD001538,2026-06-04,75.86,Google Pay,Completed
PAY001539,ORD001539,2026-02-05,121.71,Debit Card,Completed
PAY001540,ORD001540,2026-02-28,31.26,PayPal,Completed
PAY001541,ORD001541,2026-04-16,82.68,Credit Card,Failed
PAY001542,ORD001542,2026-08-03,24.13,Debit Card,Pending
PAY001543,ORD001543,2026-01-03,22.68,Credit Card,Pending
PAY001544,ORD001544,2026-08-10,50.8,Google Pay,Completed
PAY001545,ORD001545,2026-05-01,53.94,Apple Pay,Completed
PAY001546,ORD001546,2026-06-09,118.54,PayPal,Completed
PAY001547,ORD001547,2026-01-15,21.49,Debit Card,Completed
PAY001548,ORD001548,2026-03-16,91.22,Credit Card,Failed
PAY001549,ORD001549,2026-07-13,45.06,Credit Card,Completed
PAY001550,ORD001550,2026-08-06,54.64,Debit Card,Failed
PAY001551,ORD001551,2026-07-10,13.44,PayPal,Failed
PAY001552,ORD001552,2026-08-14,51.29,PayPal,Pending
PAY001553,ORD001553,2026-01-01,100.96,Credit Card,Completed
PAY001554,ORD001554,2026-07-22,48.17,PayPal,Failed
PAY001555,ORD001555,2026-05-13,46.13,Apple Pay,Failed
PAY001556,ORD001556,2026-03-31,217.51,Google Pay,Failed
PAY001557,ORD001557,2026-01-06,57.46,Google Pay,Failed
PAY001558,ORD001558,2026-05-13,17.06,Apple Pay,Pending
PAY001559,ORD001559,2026-04-26,19.74,PayPal,Completed
PAY001560,ORD001560,2026-03-14,166.48,Credit Card,Completed
PAY001561,ORD001561,2026-06-05,41.74,PayPal,Completed
PAY001562,ORD001562,2026-07-30,104.57,Debit Card,Completed
PAY001563,ORD001563,2026-03-10,45.58,Debit Card,Pending
PAY001564,ORD001564,2026-08-03,78.54,PayPal,Pending
PAY001565,ORD001565,2026-02-13,43.34,Apple Pay,Completed
PAY001566,ORD001566,2026-05-24,53.83,Debit Card,Completed
PAY001567,ORD001567,2026-07-18,81.9,Google Pay,Completed
PAY001568,ORD001568,2026-07-25,24.71,Credit Card,Completed
PAY001569,ORD001569,2026-05-30,72.91,Apple Pay,Pending
PAY001570,ORD001570,2026-07-20,68.06,Debit Card,Failed
PAY001571,ORD001571,2026-05-31,20.24,Credit Card,Pending
PAY001572,ORD001572,2026-06-20,389.8,Google Pay,Completed
PAY001573,ORD001573,2026-03-09,46.36,Debit Card,Failed
PAY001574,ORD001574,2026-06-20,28.58,Debit Card,Completed
PAY001575,ORD001575,2026-06-03,168.87,Credit Card,Completed
PAY001576,ORD001576,2026-02-10,24.93,Credit Card,Completed
PAY001577,ORD001577,2026-03-11,38.96,PayPal,Completed
PAY001578,ORD001578,2026-01-31,66.57,Debit Card,Pending
PAY001579,ORD001579,2026-01-17,39.62,Google Pay,Completed
PAY001580,ORD001580,2026-05-17,87.06,Credit Card,Completed
PAY001581,ORD001581,2026-08-07,88.16,Apple Pay,Completed
PAY001582,ORD001582,2026-02-24,34.82,Debit Card,Completed
PAY001583,ORD001583,2026-01-06,168.47,Apple Pay,Completed
PAY001584,ORD001584,2026-07-17,48.53,Debit Card,Pending
PAY001585,ORD001585,2026-07-11,69.37,Credit Card,Completed
PAY001586,ORD001586,2026-05-12,45.9,PayPal,Completed
PAY001587,ORD001587,2026-04-17,44.16,Debit Card,Completed
PAY001588,ORD001588,2026-07-14,57.37,Credit Card,Pending
PAY001589,ORD001589,2026-03-29,219.72,Credit Card,Failed
PAY001590,ORD001590,2026-07-03,80.9,Credit Card,Pending
PAY001591,ORD001591,2026-01-18,28.85,Apple Pay,Failed
PAY001592,ORD001592,2026-06-09,63.77,Credit Card,Completed
PAY001593,ORD001593,2026-08-01,40.71,Apple Pay,Completed
PAY001594,ORD001594,2026-02-17,119.05,Google Pay,Failed
PAY001595,ORD001595,2026-01-29,55.78,PayPal,Completed
PAY001596,ORD001596,2026-06-09,22.29,Credit Card,Completed
PAY001597,ORD001597,2026-06-02,80.22,Google Pay,Failed
PAY001598,ORD001598,2026-03-17,33.75,Credit Card,Completed
PAY001599,ORD001599,2026-03-04,80.02,Google Pay,Completed
PAY001600,ORD001600,2026-01-09,117.87,Credit Card,Completed
PAY001601,ORD001601,2026-07-18,49.4,PayPal,Completed
PAY001602,ORD001602,2026-01-14,53.89,Credit Card,Failed
PAY001603,ORD001603,2026-01-20,67.99,Apple Pay,Failed
PAY001604,ORD001604,2026-07-31,37.95,Credit Card,Failed
PAY001605,ORD001605,2026-01-10,64.26,Debit Card,Completed
PAY001606,ORD001606,2026-05-19,69.82,Apple Pay,Completed
PAY001607,ORD001607,2026-06-16,32.44,Google Pay,Failed
PAY001608,ORD001608,2026-05-27,139.58,Credit Card,Completed
PAY001609,ORD001609,2026-05-27,18.09,Credit Card,Completed
PAY001610,ORD001610,2026-06-20,106.18,Credit Card,Completed
PAY001611,ORD001611,2026-07-08,158.48,Debit Card,Completed
PAY001612,ORD001612,2026-03-11,104.82,PayPal,Completed
PAY001613,ORD001613,2026-03-13,28.78,PayPal,Completed
PAY001614,ORD001614,2026-03-06,110.56,Apple Pay,Pending
PAY001615,ORD001615,2026-05-31,263.22,Apple Pay,Completed
PAY001616,ORD001616,2026-04-14,53.2,Debit Card,Completed
PAY001617,ORD001617,2026-03-01,60.31,Debit Card,Completed
PAY001618,ORD001618,2026-05-18,103.52,Debit Card,Failed
PAY001619,ORD001619,2026-03-04,32.76,Google Pay,Pending
PAY001620,ORD001620,2026-05-10,20.62,Debit Card,Completed
PAY001621,ORD001621,2026-02-05,81.03,Debit Card,Completed
PAY001622,ORD001622,2026-04-28,61.9,Debit Card,Pending
PAY001623,ORD001623,2026-02-26,29.21,Debit Card,Completed
PAY001624,ORD001624,2026-07-13,79.02,PayPal,Completed
PAY001625,ORD001625,2026-03-20,47.27,Credit Card,Completed
PAY001626,ORD001626,2026-01-20,78.49,Credit Card,Completed
PAY001627,ORD001627,2026-02-11,68.86,PayPal,Pending
PAY001628,ORD001628,2026-01-21,66.29,Debit Card,Completed
PAY001629,ORD001629,2026-08-10,59.74,Google Pay,Completed
PAY001630,ORD001630,2026-08-04,17.68,Google Pay,Completed
PAY001631,ORD001631,2026-07-13,21.07,Apple Pay,Pending
PAY001632,ORD001632,2026-06-15,212.33,Credit Card,Pending
PAY001633,ORD001633,2026-08-02,159.02,Apple Pay,Failed
PAY001634,ORD001634,2026-04-03,49.7,Debit Card,Completed
PAY001635,ORD001635,2026-03-19,81.47,Apple Pay,Completed
PAY001636,ORD001636,2026-07-16,18.74,Debit Card,Pending
PAY001637,ORD001637,2026-01-24,21.31,Apple Pay,Completed
PAY001638,ORD001638,2026-01-26,7.67,PayPal,Completed
PAY001639,ORD001639,2026-05-10,28.35,Debit Card,Completed
PAY001640,ORD001640,2026-06-23,38.28,Google Pay,Pending
PAY001641,ORD001641,2026-04-19,98.98,Debit Card,Completed
PAY001642,ORD001642,2026-02-03,51.25,Google Pay,Failed
PAY001643,ORD001643,2026-07-09,72.68,Google Pay,Failed
PAY001644,ORD001644,2026-08-03,46.57,Apple Pay,Failed
PAY001645,ORD001645,2026-06-18,54.9,Credit Card,Completed
PAY001646,ORD001646,2026-04-09,46.73,Credit Card,Completed
PAY001647,ORD001647,2026-05-23,72.34,Credit Card,Completed
PAY001648,ORD001648,2026-02-24,8.88,Google Pay,Completed
PAY001649,ORD001649,2026-01-03,60.17,Credit Card,Pending
PAY001650,ORD001650,2026-03-17,54.11,Debit Card,Failed
PAY001651,ORD001651,2026-06-15,193.81,Debit Card,Completed
PAY001652,ORD001652,2026-06-28,70.75,Debit Card,Pending
PAY001653,ORD001653,2026-05-25,183.61,Google Pay,Completed
PAY001654,ORD001654,2026-08-07,34.78,Google Pay,Failed
PAY001655,ORD001655,2026-07-30,35.59,Credit Card,Pending
PAY001656,ORD001656,2026-02-18,195.37,Apple Pay,Completed
PAY001657,ORD001657,2026-05-29,51.11,Google Pay,Completed
PAY001658,ORD001658,2026-03-29,34.27,PayPal,Completed
PAY001659,ORD001659,2026-06-01,61.25,Debit Card,Failed
PAY001660,ORD001660,2026-07-30,68.95,Debit Card,Completed
PAY001661,ORD001661,2026-08-11,143.13,Credit Card,Completed
PAY001662,ORD001662,2026-02-09,34.4,Apple Pay,Completed
PAY001663,ORD001663,2026-05-28,101.36,Debit Card,Pending
PAY001664,ORD001664,2026-07-26,205.73,Google Pay,Completed
PAY001665,ORD001665,2026-04-14,131.93,Apple Pay,Pending
PAY001666,ORD001666,2026-06-12,213.96,Debit Card,Completed
PAY001667,ORD001667,2026-06-25,60.85,Credit Card,Completed
PAY001668,ORD001668,2026-06-10,92.11,Credit Card,Completed
PAY001669,ORD001669,2026-04-14,35.1,Credit Card,Failed
PAY001670,ORD001670,2026-07-03,338.22,Google Pay,Completed
PAY001671,ORD001671,2026-02-10,113.08,Credit Card,Completed
PAY001672,ORD001672,2026-07-01,70.89,PayPal,Completed
PAY001673,ORD001673,2026-02-13,58.08,Google Pay,Failed
PAY001674,ORD001674,2026-07-29,13.56,PayPal,Completed
PAY001675,ORD001675,2026-03-22,13.21,Credit Card,Completed
PAY001676,ORD001676,2026-07-19,28.07,Apple Pay,Completed
PAY001677,ORD001677,2026-03-25,41.3,Google Pay,Pending
PAY001678,ORD001678,2026-05-19,95.02,PayPal,Failed
PAY001679,ORD001679,2026-08-10,106.26,Google Pay,Pending
PAY001680,ORD001680,2026-08-07,60.33,PayPal,Completed
PAY001681,ORD001681,2026-05-22,75.67,Google Pay,Completed
PAY001682,ORD001682,2026-06-19,53.21,Debit Card,Completed
PAY001683,ORD001683,2026-07-26,129.97,PayPal,Completed
PAY001684,ORD001684,2026-01-12,36.19,PayPal,Completed
PAY001685,ORD001685,2026-07-31,48.43,Google Pay,Pending
PAY001686,ORD001686,2026-01-17,68.98,Apple Pay,Completed
PAY001687,ORD001687,2026-03-31,35.14,Debit Card,Completed
PAY001688,ORD001688,2026-07-25,21.24,PayPal,Failed
PAY001689,ORD001689,2026-01-25,77.47,Credit Card,Completed
PAY001690,ORD001690,2026-01-26,292.07,Credit Card,Failed
PAY001691,ORD001691,2026-06-24,65.29,Google Pay,Failed
PAY001692,ORD001692,2026-06-02,101.81,Apple Pay,Completed
PAY001693,ORD001693,2026-08-05,47.61,Debit Card,Completed
PAY001694,ORD001694,2026-03-01,79.76,PayPal,Failed
PAY001695,ORD001695,2026-03-01,22.42,Credit Card,Completed
PAY001696,ORD001696,2026-01-27,28.34,PayPal,Failed
PAY001697,ORD001697,2026-06-20,92.5,Credit Card,Completed
PAY001698,ORD001698,2026-03-17,51.11,Google Pay,Completed
PAY001699,ORD001699,2026-01-20,18.81,Google Pay,Completed
PAY001700,ORD001700,2026-07-10,45.0,PayPal,Completed
PAY001701,ORD001701,2026-07-27,115.13,Google Pay,Completed
PAY001702,ORD001702,2026-06-02,38.94,Debit Card,Completed
PAY001703,ORD001703,2026-06-04,12.33,Google Pay,Failed
PAY001704,ORD001704,2026-06-29,206.37,Debit Card,Completed
PAY001705,ORD001705,2026-03-23,65.38,Google Pay,Completed
PAY001706,ORD001706,2026-01-10,188.7,PayPal,Completed
PAY001707,ORD001707,2026-06-27,77.22,Debit Card,Completed
PAY001708,ORD001708,2026-01-30,38.29,Apple Pay,Completed
PAY001709,ORD001709,2026-01-01,77.34,PayPal,Completed
PAY001710,ORD001710,2026-02-23,75.35,Debit Card,Completed
PAY001711,ORD001711,2026-01-04,217.89,Credit Card,Pending
PAY001712,ORD001712,2026-08-03,148.36,Credit Card,Completed
PAY001713,ORD001713,2026-05-15,97.5,Apple Pay,Completed
PAY001714,ORD001714,2026-01-30,78.93,Credit Card,Completed
PAY001715,ORD001715,2026-03-31,63.84,PayPal,Completed
PAY001716,ORD001716,2026-03-06,40.21,Debit Card,Failed
PAY001717,ORD001717,2026-05-04,128.16,PayPal,Completed
PAY001718,ORD001718,2026-01-29,44.88,Google Pay,Completed
PAY001719,ORD001719,2026-06-02,50.91,Google Pay,Completed
PAY001720,ORD001720,2026-02-09,63.31,Credit Card,Pending
PAY001721,ORD001721,2026-01-26,38.93,Apple Pay,Failed
PAY001722,ORD001722,2026-01-17,44.12,Apple Pay,Completed
PAY001723,ORD001723,2026-06-08,60.44,Google Pay,Completed
PAY001724,ORD001724,2026-07-08,57.09,Apple Pay,Failed
PAY001725,ORD001725,2026-01-08,167.17,Apple Pay,Failed
PAY001726,ORD001726,2026-03-10,20.71,Credit Card,Completed
PAY001727,ORD001727,2026-01-01,89.45,PayPal,Failed
PAY001728,ORD001728,2026-03-20,43.07,PayPal,Pending
PAY001729,ORD001729,2026-03-12,47.3,Debit Card,Pending
PAY001730,ORD001730,2026-02-15,11.43,PayPal,Completed
PAY001731,ORD001731,2026-04-18,35.81,PayPal,Completed
PAY001732,ORD001732,2026-08-07,86.78,Credit Card,Completed
PAY001733,ORD001733,2026-04-09,37.18,Credit Card,Pending
PAY001734,ORD001734,2026-05-04,43.23,PayPal,Completed
PAY001735,ORD001735,2026-08-07,48.77,Debit Card,Completed
PAY001736,ORD001736,2026-05-28,69.53,PayPal,Completed
PAY001737,ORD001737,2026-07-29,193.24,PayPal,Completed
PAY001738,ORD001738,2026-06-17,57.33,Google Pay,Completed
PAY001739,ORD001739,2026-01-02,456.37,Debit Card,Completed
PAY001740,ORD001740,2026-08-10,368.68,PayPal,Pending
PAY001741,ORD001741,2026-07-08,190.06,Credit Card,Completed
PAY001742,ORD001742,2026-08-10,123.02,PayPal,Completed
PAY001743,ORD001743,2026-03-12,76.89,Apple Pay,Failed
PAY001744,ORD001744,2026-04-13,174.69,Google Pay,Failed
PAY001745,ORD001745,2026-03-18,264.68,Google Pay,Pending
PAY001746,ORD001746,2026-04-07,65.24,Google Pay,Completed
PAY001747,ORD001747,2026-01-30,72.74,Debit Card,Completed
PAY001748,ORD001748,2026-01-30,103.53,Google Pay,Completed
PAY001749,ORD001749,2026-08-03,56.22,PayPal,Failed
PAY001750,ORD001750,2026-06-22,169.72,Debit Card,Failed
PAY001751,ORD001751,2026-01-24,25.48,Apple Pay,Failed
PAY001752,ORD001752,2026-07-31,76.82,Credit Card,Failed
PAY001753,ORD001753,2026-08-08,26.28,Google Pay,Completed
PAY001754,ORD001754,2026-07-03,58.72,PayPal,Completed
PAY001755,ORD001755,2026-07-30,36.04,Debit Card,Completed
PAY001756,ORD001756,2026-03-02,58.03,PayPal,Completed
PAY001757,ORD001757,2026-05-21,18.67,Google Pay,Completed
PAY001758,ORD001758,2026-05-05,91.77,Credit Card,Completed
PAY001759,ORD001759,2026-03-21,46.09,Debit Card,Completed
PAY001760,ORD001760,2026-07-03,126.94,PayPal,Failed
PAY001761,ORD001761,2026-01-15,58.08,Debit Card,Completed
PAY001762,ORD001762,2026-01-11,108.71,Google Pay,Completed
PAY001763,ORD001763,2026-05-20,43.57,Google Pay,Failed
PAY001764,ORD001764,2026-03-27,105.69,Apple Pay,Pending
PAY001765,ORD001765,2026-03-30,264.08,Apple Pay,Completed
PAY001766,ORD001766,2026-01-03,35.36,Google Pay,Failed
PAY001767,ORD001767,2026-01-24,106.45,Debit Card,Pending
PAY001768,ORD001768,2026-03-30,25.26,PayPal,Pending
PAY001769,ORD001769,2026-01-09,54.81,PayPal,Pending
PAY001770,ORD001770,2026-08-08,16.55,Debit Card,Completed
PAY001771,ORD001771,2026-02-15,96.03,Credit Card,Completed
PAY001772,ORD001772,2026-04-04,39.89,Debit Card,Completed
PAY001773,ORD001773,2026-03-12,101.81,Google Pay,Completed
PAY001774,ORD001774,2026-07-07,74.68,Google Pay,Completed
PAY001775,ORD001775,2026-05-19,50.98,Apple Pay,Completed
PAY001776,ORD001776,2026-01-10,103.99,PayPal,Completed
PAY001777,ORD001777,2026-01-03,126.91,Apple Pay,Pending
PAY001778,ORD001778,2026-01-19,45.0,PayPal,Pending
PAY001779,ORD001779,2026-05-10,130.36,Debit Card,Failed
PAY001780,ORD001780,2026-05-25,51.49,Credit Card,Failed
PAY001781,ORD001781,2026-08-09,8.86,PayPal,Completed
PAY001782,ORD001782,2026-05-10,70.18,Credit Card,Completed
PAY001783,ORD001783,2026-06-30,38.34,Credit Card,Completed
PAY001784,ORD001784,2026-05-24,46.14,Credit Card,Completed
PAY001785,ORD001785,2026-04-23,14.7,Debit Card,Completed
PAY001786,ORD001786,2026-05-18,74.39,Credit Card,Completed
PAY001787,ORD001787,2026-07-15,37.24,Credit Card,Failed
PAY001788,ORD001788,2026-02-12,41.84,Google Pay,Completed
PAY001789,ORD001789,2026-08-06,126.46,Google Pay,Failed
PAY001790,ORD001790,2026-02-27,13.8,PayPal,Completed
PAY001791,ORD001791,2026-04-23,78.28,Google Pay,Failed
PAY001792,ORD001792,2026-07-07,79.36,PayPal,Failed
PAY001793,ORD001793,2026-05-02,71.25,Credit Card,Failed
PAY001794,ORD001794,2026-06-01,130.85,Google Pay,Completed
PAY001795,ORD001795,2026-07-23,112.05,Apple Pay,Completed
PAY001796,ORD001796,2026-03-26,66.09,Debit Card,Completed
PAY001797,ORD001797,2026-04-16,35.65,Google Pay,Completed
PAY001798,ORD001798,2026-05-24,44.08,Debit Card,Completed
PAY001799,ORD001799,2026-04-10,59.37,Google Pay,Completed
PAY001800,ORD001800,2026-04-09,11.79,Google Pay,Completed
PAY001801,ORD001801,2026-01-09,42.51,Apple Pay,Pending
PAY001802,ORD001802,2026-01-06,139.34,Credit Card,Pending
PAY001803,ORD001803,2026-04-18,45.89,PayPal,Completed
PAY001804,ORD001804,2026-07-12,106.18,Google Pay,Completed
PAY001805,ORD001805,2026-07-25,111.14,Google Pay,Completed
PAY001806,ORD001806,2026-06-01,140.9,Debit Card,Completed
PAY001807,ORD001807,2026-05-18,48.3,Credit Card,Failed
PAY001808,ORD001808,2026-03-23,50.55,Google Pay,Pending
PAY001809,ORD001809,2026-07-20,74.92,Google Pay,Failed
PAY001810,ORD001810,2026-01-27,34.57,PayPal,Completed
PAY001811,ORD001811,2026-04-29,36.94,Credit Card,Completed
PAY001812,ORD001812,2026-07-30,121.58,Credit Card,Completed
PAY001813,ORD001813,2026-04-10,37.09,Google Pay,Completed
PAY001814,ORD001814,2026-01-03,86.26,Credit Card,Pending
PAY001815,ORD001815,2026-02-07,79.69,Credit Card,Completed
PAY001816,ORD001816,2026-07-20,59.94,PayPal,Failed
PAY001817,ORD001817,2026-03-15,72.75,Apple Pay,Completed
PAY001818,ORD001818,2026-03-14,97.26,PayPal,Completed
PAY001819,ORD001819,2026-01-17,165.11,Apple Pay,Completed
PAY001820,ORD001820,2026-04-16,31.25,PayPal,Completed
PAY001821,ORD001821,2026-02-17,30.48,Google Pay,Completed
PAY001822,ORD001822,2026-06-26,56.3,PayPal,Completed
PAY001823,ORD001823,2026-06-20,77.29,Credit Card,Failed
PAY001824,ORD001824,2026-03-25,73.5,Credit Card,Completed
PAY001825,ORD001825,2026-01-07,201.07,Debit Card,Completed
PAY001826,ORD001826,2026-07-15,30.84,Google Pay,Pending
PAY001827,ORD001827,2026-05-06,18.98,Credit Card,Completed
PAY001828,ORD001828,2026-07-21,86.46,Google Pay,Completed
PAY001829,ORD001829,2026-05-29,70.54,PayPal,Completed
PAY001830,ORD001830,2026-07-25,54.84,Credit Card,Completed
PAY001831,ORD001831,2026-06-02,106.19,Google Pay,Completed
PAY001832,ORD001832,2026-03-22,19.23,PayPal,Completed
PAY001833,ORD001833,2026-07-08,17.95,Apple Pay,Completed
PAY001834,ORD001834,2026-06-05,14.86,Debit Card,Completed
PAY001835,ORD001835,2026-07-25,36.72,PayPal,Completed
PAY001836,ORD001836,2026-02-21,141.91,Apple Pay,Completed
PAY001837,ORD001837,2026-01-13,21.37,Google Pay,Completed
PAY001838,ORD001838,2026-02-03,62.0,Apple Pay,Failed
PAY001839,ORD001839,2026-05-07,74.7,Credit Card,Pending
PAY001840,ORD001840,2026-04-15,178.21,Google Pay,Failed
PAY001841,ORD001841,2026-07-14,33.0,Debit Card,Pending
PAY001842,ORD001842,2026-05-12,32.09,Debit Card,Completed
PAY001843,ORD001843,2026-02-13,124.53,Google Pay,Completed
PAY001844,ORD001844,2026-05-06,28.49,Credit Card,Failed
PAY001845,ORD001845,2026-05-23,140.7,Google Pay,Failed
PAY001846,ORD001846,2026-07-31,77.47,Google Pay,Failed
PAY001847,ORD001847,2026-01-08,17.53,Google Pay,Completed
PAY001848,ORD001848,2026-04-24,95.32,PayPal,Completed
PAY001849,ORD001849,2026-01-05,82.78,Debit Card,Pending
PAY001850,ORD001850,2026-07-13,50.93,Debit Card,Completed
PAY001851,ORD001851,2026-08-08,38.93,Credit Card,Pending
PAY001852,ORD001852,2026-03-27,186.95,Debit Card,Pending
PAY001853,ORD001853,2026-03-14,10.87,Credit Card,Completed
PAY001854,ORD001854,2026-04-02,20.93,Credit Card,Failed
PAY001855,ORD001855,2026-05-01,41.68,Debit Card,Completed
PAY001856,ORD001856,2026-02-15,84.64,Google Pay,Completed
PAY001857,ORD001857,2026-07-12,60.24,Google Pay,Completed
PAY001858,ORD001858,2026-04-26,36.8,PayPal,Failed
PAY001859,ORD001859,2026-04-23,87.44,Credit Card,Completed
PAY001860,ORD001860,2026-03-07,17.88,Apple Pay,Pending
PAY001861,ORD001861,2026-06-03,77.82,Apple Pay,Pending
PAY001862,ORD001862,2026-01-31,48.91,Debit Card,Completed
PAY001863,ORD001863,2026-02-20,96.52,Debit Card,Completed
PAY001864,ORD001864,2026-02-10,85.25,Apple Pay,Pending
PAY001865,ORD001865,2026-02-20,102.85,PayPal,Failed
PAY001866,ORD001866,2026-05-27,39.35,Credit Card,Failed
PAY001867,ORD001867,2026-04-05,36.03,Credit Card,Completed
PAY001868,ORD001868,2026-03-14,69.14,Debit Card,Pending
PAY001869,ORD001869,2026-05-11,21.75,Debit Card,Pending
PAY001870,ORD001870,2026-02-07,284.49,Google Pay,Failed
PAY001871,ORD001871,2026-07-17,185.95,PayPal,Completed
PAY001872,ORD001872,2026-06-22,20.3,Credit Card,Completed
PAY001873,ORD001873,2026-07-18,70.79,Google Pay,Completed
PAY001874,ORD001874,2026-02-10,138.04,Apple Pay,Completed
PAY001875,ORD001875,2026-06-02,45.84,Google Pay,Completed
PAY001876,ORD001876,2026-08-05,35.7,Apple Pay,Completed
PAY001877,ORD001877,2026-06-27,137.89,Apple Pay,Completed
PAY001878,ORD001878,2026-05-09,155.56,Credit Card,Completed
PAY001879,ORD001879,2026-02-23,19.52,Google Pay,Completed
PAY001880,ORD001880,2026-03-27,65.51,Credit Card,Pending
PAY001881,ORD001881,2026-07-31,55.45,PayPal,Completed
PAY001882,ORD001882,2026-01-13,17.62,PayPal,Pending
PAY001883,ORD001883,2026-02-09,19.6,PayPal,Completed
PAY001884,ORD001884,2026-01-21,31.67,PayPal,Completed
PAY001885,ORD001885,2026-08-03,61.01,Apple Pay,Completed
PAY001886,ORD001886,2026-06-18,149.02,PayPal,Completed
PAY001887,ORD001887,2026-07-08,8.61,Credit Card,Completed
PAY001888,ORD001888,2026-06-10,65.57,Google Pay,Completed
PAY001889,ORD001889,2026-07-20,30.98,Google Pay,Completed
PAY001890,ORD001890,2026-01-29,87.52,Credit Card,Completed
PAY001891,ORD001891,2026-05-05,123.06,Debit Card,Failed
PAY001892,ORD001892,2026-07-02,125.67,Debit Card,Completed
PAY001893,ORD001893,2026-02-01,56.36,Debit Card,Completed
PAY001894,ORD001894,2026-01-11,47.7,Debit Card,Completed
PAY001895,ORD001895,2026-06-29,153.4,Apple Pay,Failed
PAY001896,ORD001896,2026-02-05,47.86,Apple Pay,Completed
PAY001897,ORD001897,2026-04-03,62.75,Google Pay,Failed
PAY001898,ORD001898,2026-04-22,43.66,Google Pay,Failed
PAY001899,ORD001899,2026-06-08,76.3,Apple Pay,Completed
PAY001900,ORD001900,2026-05-22,23.18,Apple Pay,Failed
PAY001901,ORD001901,2026-07-10,49.13,Google Pay,Pending
PAY001902,ORD001902,2026-06-29,64.36,Credit Card,Completed
PAY001903,ORD001903,2026-07-01,124.43,Apple Pay,Completed
PAY001904,ORD001904,2026-04-27,53.5,Credit Card,Failed
PAY001905,ORD001905,2026-02-19,10.83,PayPal,Completed
PAY001906,ORD001906,2026-08-05,39.91,Credit Card,Completed
PAY001907,ORD001907,2026-05-03,167.55,Credit Card,Failed
PAY001908,ORD001908,2026-07-01,67.35,Apple Pay,Completed
PAY001909,ORD001909,2026-08-06,36.35,PayPal,Completed
PAY001910,ORD001910,2026-08-02,29.78,Debit Card,Completed
PAY001911,ORD001911,2026-03-14,78.37,Credit Card,Pending
PAY001912,ORD001912,2026-04-07,37.3,PayPal,Completed
PAY001913,ORD001913,2026-03-28,61.51,PayPal,Completed
PAY001914,ORD001914,2026-07-31,35.29,Apple Pay,Failed
PAY001915,ORD001915,2026-04-07,32.31,PayPal,Pending
PAY001916,ORD001916,2026-06-12,46.07,Debit Card,Completed
PAY001917,ORD001917,2026-04-20,55.36,Apple Pay,Completed
PAY001918,ORD001918,2026-06-07,58.03,Credit Card,Completed
PAY001919,ORD001919,2026-04-20,49.66,Apple Pay,Completed
PAY001920,ORD001920,2026-02-24,130.09,Credit Card,Completed
PAY001921,ORD001921,2026-04-04,45.33,Apple Pay,Completed
PAY001922,ORD001922,2026-08-02,165.31,PayPal,Completed
PAY001923,ORD001923,2026-04-19,53.88,Debit Card,Completed
PAY001924,ORD001924,2026-05-09,37.97,Apple Pay,Pending
PAY001925,ORD001925,2026-01-15,74.27,Google Pay,Completed
PAY001926,ORD001926,2026-06-02,101.88,PayPal,Completed
PAY001927,ORD001927,2026-01-20,34.05,Apple Pay,Completed
PAY001928,ORD001928,2026-07-18,22.11,PayPal,Completed
PAY001929,ORD001929,2026-05-24,121.22,Google Pay,Completed
PAY001930,ORD001930,2026-02-21,154.13,PayPal,Pending
PAY001931,ORD001931,2026-03-28,87.92,PayPal,Pending
PAY001932,ORD001932,2026-08-01,35.81,Apple Pay,Completed
PAY001933,ORD001933,2026-03-06,54.26,PayPal,Pending
PAY001934,ORD001934,2026-04-21,26.07,Apple Pay,Pending
PAY001935,ORD001935,2026-03-25,124.09,Debit Card,Completed
PAY001936,ORD001936,2026-04-21,70.33,Google Pay,Pending
PAY001937,ORD001937,2026-07-30,82.63,Credit Card,Completed
PAY001938,ORD001938,2026-03-11,66.07,Google Pay,Completed
PAY001939,ORD001939,2026-08-12,60.5,PayPal,Pending
PAY001940,ORD001940,2026-05-09,69.84,Apple Pay,Completed
PAY001941,ORD001941,2026-04-04,60.32,Credit Card,Completed
PAY001942,ORD001942,2026-05-06,136.61,Credit Card,Failed
PAY001943,ORD001943,2026-01-16,22.6,PayPal,Completed
PAY001944,ORD001944,2026-06-04,32.89,Credit Card,Completed
PAY001945,ORD001945,2026-01-18,46.81,Apple Pay,Completed
PAY001946,ORD001946,2026-03-18,53.0,PayPal,Failed
PAY001947,ORD001947,2026-02-13,121.67,Google Pay,Completed
PAY001948,ORD001948,2026-02-19,23.24,PayPal,Completed
PAY001949,ORD001949,2026-04-02,88.21,PayPal,Completed
PAY001950,ORD001950,2026-07-21,54.74,Credit Card,Completed
PAY001951,ORD001951,2026-01-14,109.63,Debit Card,Completed
PAY001952,ORD001952,2026-02-21,79.51,Credit Card,Completed
PAY001953,ORD001953,2026-04-03,55.19,Debit Card,Failed
PAY001954,ORD001954,2026-05-01,30.09,PayPal,Failed
PAY001955,ORD001955,2026-07-22,76.69,PayPal,Completed
PAY001956,ORD001956,2026-02-19,45.73,Google Pay,Failed
PAY001957,ORD001957,2026-05-03,55.97,Credit Card,Completed
PAY001958,ORD001958,2026-08-07,104.36,Google Pay,Completed
PAY001959,ORD001959,2026-01-17,169.52,Apple Pay,Completed
PAY001960,ORD001960,2026-05-04,19.27,PayPal,Completed
PAY001961,ORD001961,2026-04-30,104.66,Google Pay,Completed
PAY001962,ORD001962,2026-05-11,149.75,Apple Pay,Completed
PAY001963,ORD001963,2026-07-09,53.77,Debit Card,Failed
PAY001964,ORD001964,2026-04-05,26.92,Credit Card,Pending
PAY001965,ORD001965,2026-05-29,77.6,Apple Pay,Pending
PAY001966,ORD001966,2026-02-02,53.09,Credit Card,Completed
PAY001967,ORD001967,2026-01-01,705.24,PayPal,Completed
PAY001968,ORD001968,2026-07-17,76.24,Debit Card,Completed
PAY001969,ORD001969,2026-04-25,42.98,PayPal,Pending
PAY001970,ORD001970,2026-07-03,21.57,Apple Pay,Completed
PAY001971,ORD001971,2026-01-04,30.55,Debit Card,Completed
PAY001972,ORD001972,2026-05-30,112.16,Apple Pay,Completed
PAY001973,ORD001973,2026-07-24,17.93,Credit Card,Completed
PAY001974,ORD001974,2026-07-05,18.36,PayPal,Failed
PAY001975,ORD001975,2026-06-21,121.2,Credit Card,Failed
PAY001976,ORD001976,2026-02-26,46.4,Debit Card,Completed
PAY001977,ORD001977,2026-08-10,50.09,Google Pay,Pending
PAY001978,ORD001978,2026-06-17,90.47,Credit Card,Completed
PAY001979,ORD001979,2026-08-06,51.03,Debit Card,Pending
PAY001980,ORD001980,2026-02-25,19.76,Debit Card,Completed
PAY001981,ORD001981,2026-03-04,38.02,Apple Pay,Pending
PAY001982,ORD001982,2026-04-13,83.79,Credit Card,Failed
PAY001983,ORD001983,2026-04-27,63.23,PayPal,Completed
PAY001984,ORD001984,2026-06-16,172.33,Credit Card,Completed
PAY001985,ORD001985,2026-01-07,80.5,Apple Pay,Completed
PAY001986,ORD001986,2026-05-22,33.02,Debit Card,Completed
PAY001987,ORD001987,2026-05-05,161.49,PayPal,Completed
PAY001988,ORD001988,2026-03-31,169.25,Google Pay,Completed
PAY001989,ORD001989,2026-05-26,36.86,PayPal,Failed
PAY001990,ORD001990,2026-02-24,89.47,Credit Card,Completed
PAY001991,ORD001991,2026-04-25,96.2,PayPal,Completed
PAY001992,ORD001992,2026-07-03,76.54,Credit Card,Completed
PAY001993,ORD001993,2026-08-04,23.01,PayPal,Pending
PAY001994,ORD001994,2026-07-04,488.74,Credit Card,Completed
PAY001995,ORD001995,2026-05-03,44.73,Debit Card,Pending
PAY001996,ORD001996,2026-04-26,77.64,Debit Card,Pending
PAY001997,ORD001997,2026-07-05,114.8,Credit Card,Pending
PAY001998,ORD001998,2026-04-25,45.18,Credit Card,Completed
PAY001999,ORD001999,2026-06-02,143.74,Google Pay,Completed
PAY002000,ORD002000,2026-04-24,60.31,Credit Card,Failed
PAY002001,ORD002001,2026-04-06,38.68,Apple Pay,Failed
PAY002002,ORD002002,2026-07-17,22.22,Credit Card,Completed
PAY002003,ORD002003,2026-03-21,46.33,Debit Card,Completed
PAY002004,ORD002004,2026-01-03,77.8,PayPal,Completed
PAY002005,ORD002005,2026-05-29,48.39,Debit Card,Pending
PAY002006,ORD002006,2026-06-09,95.41,Apple Pay,Failed
PAY002007,ORD002007,2026-05-10,192.25,PayPal,Completed
PAY002008,ORD002008,2026-04-21,48.79,Debit Card,Failed
PAY002009,ORD002009,2026-01-20,134.42,Credit Card,Failed
PAY002010,ORD002010,2026-07-22,68.4,Credit Card,Pending
PAY002011,ORD002011,2026-04-25,74.81,PayPal,Pending
PAY002012,ORD002012,2026-05-26,60.82,Google Pay,Failed
PAY002013,ORD002013,2026-07-01,79.51,Apple Pay,Failed
PAY002014,ORD002014,2026-03-16,34.02,Debit Card,Completed
PAY002015,ORD002015,2026-02-05,36.22,Debit Card,Pending
PAY002016,ORD002016,2026-04-12,39.63,Apple Pay,Completed
PAY002017,ORD002017,2026-03-17,17.73,Debit Card,Completed
PAY002018,ORD002018,2026-03-02,25.85,PayPal,Completed
PAY002019,ORD002019,2026-03-01,56.59,Google Pay,Completed
PAY002020,ORD002020,2026-08-11,40.35,PayPal,Pending
PAY002021,ORD002021,2026-04-27,58.43,Google Pay,Pending
PAY002022,ORD002022,2026-02-05,93.51,Credit Card,Failed
PAY002023,ORD002023,2026-08-10,71.8,Google Pay,Completed
PAY002024,ORD002024,2026-06-21,55.88,Google Pay,Completed
PAY002025,ORD002025,2026-03-09,16.56,Google Pay,Completed
PAY002026,ORD002026,2026-07-13,62.47,Debit Card,Failed
PAY002027,ORD002027,2026-02-13,37.58,Google Pay,Failed
PAY002028,ORD002028,2026-03-18,97.98,Apple Pay,Completed
PAY002029,ORD002029,2026-03-31,34.53,Credit Card,Pending
PAY002030,ORD002030,2026-01-29,27.08,Credit Card,Completed
PAY002031,ORD002031,2026-06-25,163.06,Debit Card,Completed
PAY002032,ORD002032,2026-06-13,17.08,PayPal,Pending
PAY002033,ORD002033,2026-08-08,196.92,Apple Pay,Failed
PAY002034,ORD002034,2026-05-16,64.99,PayPal,Pending
PAY002035,ORD002035,2026-05-13,47.68,Google Pay,Completed
PAY002036,ORD002036,2026-04-06,44.58,PayPal,Completed
PAY002037,ORD002037,2026-08-10,111.72,Apple Pay,Pending
PAY002038,ORD002038,2026-07-25,70.26,Debit Card,Completed
PAY002039,ORD002039,2026-06-24,68.15,Debit Card,Completed
PAY002040,ORD002040,2026-05-06,57.63,Google Pay,Completed
PAY002041,ORD002041,2026-06-20,43.7,Apple Pay,Completed
PAY002042,ORD002042,2026-05-18,144.76,Debit Card,Failed
PAY002043,ORD002043,2026-01-10,43.28,Google Pay,Completed
PAY002044,ORD002044,2026-05-14,24.58,PayPal,Completed
PAY002045,ORD002045,2026-01-16,74.74,Apple Pay,Failed
PAY002046,ORD002046,2026-07-07,22.16,Debit Card,Completed
PAY002047,ORD002047,2026-01-26,169.32,Apple Pay,Failed
PAY002048,ORD002048,2026-01-21,80.47,Debit Card,Completed
PAY002049,ORD002049,2026-04-10,13.71,Debit Card,Completed
PAY002050,ORD002050,2026-07-05,78.78,Apple Pay,Completed
PAY002051,ORD002051,2026-06-18,46.47,Debit Card,Completed
PAY002052,ORD002052,2026-04-16,147.24,PayPal,Completed
PAY002053,ORD002053,2026-01-30,54.69,Google Pay,Completed
PAY002054,ORD002054,2026-05-13,55.56,Credit Card,Completed
PAY002055,ORD002055,2026-05-18,45.6,Apple Pay,Completed
PAY002056,ORD002056,2026-04-05,49.06,Apple Pay,Completed
PAY002057,ORD002057,2026-05-19,14.04,Google Pay,Completed
PAY002058,ORD002058,2026-07-10,40.51,PayPal,Completed
PAY002059,ORD002059,2026-05-15,29.88,Credit Card,Completed
PAY002060,ORD002060,2026-07-06,44.98,PayPal,Failed
PAY002061,ORD002061,2026-05-20,129.63,Apple Pay,Completed
PAY002062,ORD002062,2026-03-05,187.38,Credit Card,Completed
PAY002063,ORD002063,2026-05-03,69.85,Debit Card,Pending
PAY002064,ORD002064,2026-04-23,39.57,Apple Pay,Completed
PAY002065,ORD002065,2026-02-10,22.4,PayPal,Completed
PAY002066,ORD002066,2026-07-07,42.78,Google Pay,Completed
PAY002067,ORD002067,2026-07-19,25.19,Debit Card,Completed
PAY002068,ORD002068,2026-01-28,51.57,Credit Card,Failed
PAY002069,ORD002069,2026-05-03,57.9,Apple Pay,Pending
PAY002070,ORD002070,2026-03-21,68.77,Google Pay,Pending
PAY002071,ORD002071,2026-07-10,64.76,Google Pay,Completed
PAY002072,ORD002072,2026-01-03,15.67,PayPal,Pending
PAY002073,ORD002073,2026-04-11,30.82,Google Pay,Pending
PAY002074,ORD002074,2026-02-01,31.22,PayPal,Failed
PAY002075,ORD002075,2026-01-21,44.13,Credit Card,Completed
PAY002076,ORD002076,2026-05-01,64.8,Apple Pay,Pending
PAY002077,ORD002077,2026-02-24,35.21,Credit Card,Pending
PAY002078,ORD002078,2026-01-18,551.42,PayPal,Completed
PAY002079,ORD002079,2026-02-22,142.55,Credit Card,Completed
PAY002080,ORD002080,2026-04-22,29.2,Apple Pay,Failed
PAY002081,ORD002081,2026-05-01,152.87,Apple Pay,Completed
PAY002082,ORD002082,2026-04-20,193.52,Google Pay,Completed
PAY002083,ORD002083,2026-03-16,25.14,PayPal,Failed
PAY002084,ORD002084,2026-03-02,26.33,Credit Card,Completed
PAY002085,ORD002085,2026-06-27,65.85,Google Pay,Pending
PAY002086,ORD002086,2026-01-08,126.75,Google Pay,Pending
PAY002087,ORD002087,2026-01-12,75.86,Credit Card,Failed
PAY002088,ORD002088,2026-06-28,18.07,PayPal,Completed
PAY002089,ORD002089,2026-07-13,34.61,PayPal,Completed
PAY002090,ORD002090,2026-02-10,39.97,Apple Pay,Completed
PAY002091,ORD002091,2026-05-30,108.66,PayPal,Completed
PAY002092,ORD002092,2026-05-07,22.33,Google Pay,Completed
PAY002093,ORD002093,2026-05-17,24.98,Apple Pay,Completed
PAY002094,ORD002094,2026-03-19,62.91,Debit Card,Completed
PAY002095,ORD002095,2026-07-26,60.18,Apple Pay,Failed
PAY002096,ORD002096,2026-05-19,113.48,Google Pay,Pending
PAY002097,ORD002097,2026-05-21,39.03,Credit Card,Pending
PAY002098,ORD002098,2026-07-03,128.51,Credit Card,Failed
PAY002099,ORD002099,2026-06-05,114.33,Credit Card,Completed
PAY002100,ORD002100,2026-03-30,56.13,Google Pay,Pending
PAY002101,ORD002101,2026-03-05,41.38,Apple Pay,Completed
PAY002102,ORD002102,2026-03-05,196.53,Credit Card,Completed
PAY002103,ORD002103,2026-03-11,83.69,PayPal,Completed
PAY002104,ORD002104,2026-02-24,49.31,Debit Card,Failed
PAY002105,ORD002105,2026-02-06,30.6,Credit Card,Completed
PAY002106,ORD002106,2026-06-10,150.15,Credit Card,Completed
PAY002107,ORD002107,2026-01-25,38.39,Debit Card,Failed
PAY002108,ORD002108,2026-04-24,41.4,PayPal,Completed
PAY002109,ORD002109,2026-01-23,35.55,Debit Card,Completed
PAY002110,ORD002110,2026-07-07,46.36,Credit Card,Failed
PAY002111,ORD002111,2026-07-03,79.85,Credit Card,Completed
PAY002112,ORD002112,2026-07-10,42.13,Apple Pay,Completed
PAY002113,ORD002113,2026-05-16,56.33,Google Pay,Completed
PAY002114,ORD002114,2026-01-17,36.83,Apple Pay,Failed
PAY002115,ORD002115,2026-04-05,84.92,Apple Pay,Completed
PAY002116,ORD002116,2026-03-31,56.23,Apple Pay,Completed
PAY002117,ORD002117,2026-07-04,25.48,Apple Pay,Failed
PAY002118,ORD002118,2026-03-16,55.28,Apple Pay,Completed
PAY002119,ORD002119,2026-03-03,71.03,PayPal,Pending
PAY002120,ORD002120,2026-08-10,45.2,Google Pay,Pending
PAY002121,ORD002121,2026-01-11,14.09,Google Pay,Completed
PAY002122,ORD002122,2026-07-14,144.94,Google Pay,Completed
PAY002123,ORD002123,2026-06-17,29.83,PayPal,Completed
PAY002124,ORD002124,2026-06-17,92.88,PayPal,Failed
PAY002125,ORD002125,2026-05-01,46.26,PayPal,Completed
PAY002126,ORD002126,2026-02-25,56.43,Credit Card,Pending
PAY002127,ORD002127,2026-02-22,52.51,Google Pay,Failed
PAY002128,ORD002128,2026-03-26,121.77,Debit Card,Completed
PAY002129,ORD002129,2026-01-28,71.04,Apple Pay,Completed
PAY002130,ORD002130,2026-03-27,66.78,Credit Card,Pending
PAY002131,ORD002131,2026-06-19,25.72,Credit Card,Completed
PAY002132,ORD002132,2026-04-25,172.16,Apple Pay,Completed
PAY002133,ORD002133,2026-02-15,20.82,Credit Card,Completed
PAY002134,ORD002134,2026-01-18,149.99,PayPal,Failed
PAY002135,ORD002135,2026-01-23,16.8,Credit Card,Failed
PAY002136,ORD002136,2026-06-03,214.55,Google Pay,Completed
PAY002137,ORD002137,2026-04-09,80.53,Google Pay,Completed
PAY002138,ORD002138,2026-01-29,42.06,Debit Card,Failed
PAY002139,ORD002139,2026-02-21,22.91,Google Pay,Completed
PAY002140,ORD002140,2026-04-20,59.67,Apple Pay,Pending
PAY002141,ORD002141,2026-07-22,83.19,Apple Pay,Pending
PAY002142,ORD002142,2026-04-16,62.81,Google Pay,Pending
PAY002143,ORD002143,2026-02-15,45.37,PayPal,Completed
PAY002144,ORD002144,2026-01-01,36.27,Google Pay,Completed
PAY002145,ORD002145,2026-07-10,137.95,PayPal,Completed
PAY002146,ORD002146,2026-05-24,48.24,Apple Pay,Failed
PAY002147,ORD002147,2026-01-25,78.19,Google Pay,Pending
PAY002148,ORD002148,2026-03-03,88.46,Debit Card,Completed
PAY002149,ORD002149,2026-03-23,25.3,Apple Pay,Failed
PAY002150,ORD002150,2026-03-21,56.21,Debit Card,Completed
PAY002151,ORD002151,2026-07-30,151.3,Apple Pay,Completed
PAY002152,ORD002152,2026-05-24,73.95,Credit Card,Completed
PAY002153,ORD002153,2026-07-16,82.43,Credit Card,Completed
PAY002154,ORD002154,2026-04-01,44.84,Credit Card,Failed
PAY002155,ORD002155,2026-07-17,129.21,Debit Card,Completed
PAY002156,ORD002156,2026-05-01,236.6,PayPal,Failed
PAY002157,ORD002157,2026-06-11,35.05,Apple Pay,Completed
PAY002158,ORD002158,2026-07-27,104.57,Credit Card,Completed
PAY002159,ORD002159,2026-02-22,23.03,Debit Card,Pending
PAY002160,ORD002160,2026-05-31,92.38,Apple Pay,Completed
PAY002161,ORD002161,2026-06-20,82.13,Credit Card,Completed
PAY002162,ORD002162,2026-02-13,27.09,Credit Card,Pending
PAY002163,ORD002163,2026-02-01,115.34,Credit Card,Completed
PAY002164,ORD002164,2026-01-23,30.05,Debit Card,Pending
PAY002165,ORD002165,2026-05-28,233.45,PayPal,Completed
PAY002166,ORD002166,2026-01-19,66.72,Credit Card,Pending
PAY002167,ORD002167,2026-08-09,54.17,Credit Card,Failed
PAY002168,ORD002168,2026-07-19,37.82,PayPal,Pending
PAY002169,ORD002169,2026-01-29,92.34,PayPal,Completed
PAY002170,ORD002170,2026-05-26,76.62,Google Pay,Failed
PAY002171,ORD002171,2026-03-10,66.66,Credit Card,Failed
PAY002172,ORD002172,2026-05-20,35.69,Apple Pay,Pending
PAY002173,ORD002173,2026-01-10,50.02,Google Pay,Completed
PAY002174,ORD002174,2026-04-21,36.0,Apple Pay,Completed
PAY002175,ORD002175,2026-02-06,18.17,PayPal,Failed
PAY002176,ORD002176,2026-03-22,54.72,Google Pay,Completed
PAY002177,ORD002177,2026-04-06,27.67,Debit Card,Pending
PAY002178,ORD002178,2026-02-24,247.88,Google Pay,Pending
PAY002179,ORD002179,2026-05-12,224.52,Google Pay,Failed
PAY002180,ORD002180,2026-08-11,77.25,PayPal,Failed
PAY002181,ORD002181,2026-05-08,16.76,Credit Card,Completed
PAY002182,ORD002182,2026-03-04,83.13,PayPal,Completed
PAY002183,ORD002183,2026-08-06,51.79,PayPal,Completed
PAY002184,ORD002184,2026-01-12,131.66,PayPal,Completed
PAY002185,ORD002185,2026-05-26,123.13,Apple Pay,Completed
PAY002186,ORD002186,2026-01-08,35.53,Debit Card,Completed
PAY002187,ORD002187,2026-02-01,46.73,Apple Pay,Failed
PAY002188,ORD002188,2026-07-31,44.39,Google Pay,Completed
PAY002189,ORD002189,2026-02-18,45.06,PayPal,Completed
PAY002190,ORD002190,2026-04-14,19.91,Credit Card,Completed
PAY002191,ORD002191,2026-07-10,78.86,PayPal,Completed
PAY002192,ORD002192,2026-07-24,63.88,Apple Pay,Completed
PAY002193,ORD002193,2026-07-06,48.01,Debit Card,Completed
PAY002194,ORD002194,2026-03-28,73.12,Apple Pay,Completed
PAY002195,ORD002195,2026-07-14,75.83,PayPal,Completed
PAY002196,ORD002196,2026-04-09,136.46,Debit Card,Completed
PAY002197,ORD002197,2026-06-16,112.96,Credit Card,Pending
PAY002198,ORD002198,2026-02-19,124.25,Apple Pay,Completed
PAY002199,ORD002199,2026-08-01,32.18,Apple Pay,Completed
PAY002200,ORD002200,2026-07-18,27.53,Google Pay,Completed
PAY002201,ORD002201,2026-06-03,117.44,Debit Card,Completed
PAY002202,ORD002202,2026-05-31,199.48,Apple Pay,Completed
PAY002203,ORD002203,2026-04-06,109.28,Google Pay,Completed
PAY002204,ORD002204,2026-03-04,76.01,Credit Card,Pending
PAY002205,ORD002205,2026-07-13,60.63,Apple Pay,Failed
PAY002206,ORD002206,2026-06-16,446.96,Apple Pay,Completed
PAY002207,ORD002207,2026-03-07,108.1,PayPal,Pending
PAY002208,ORD002208,2026-04-13,52.46,Apple Pay,Pending
PAY002209,ORD002209,2026-02-15,241.94,Credit Card,Completed
PAY002210,ORD002210,2026-05-23,201.44,Google Pay,Completed
PAY002211,ORD002211,2026-01-16,22.13,Debit Card,Completed
PAY002212,ORD002212,2026-04-30,25.55,Credit Card,Failed
PAY002213,ORD002213,2026-03-31,52.23,Debit Card,Completed
PAY002214,ORD002214,2026-03-13,147.39,Credit Card,Completed
PAY002215,ORD002215,2026-01-16,40.21,Google Pay,Pending
PAY002216,ORD002216,2026-03-26,29.55,PayPal,Failed
PAY002217,ORD002217,2026-02-08,106.68,Google Pay,Completed
PAY002218,ORD002218,2026-05-19,15.63,Debit Card,Completed
PAY002219,ORD002219,2026-08-04,47.19,Debit Card,Pending
PAY002220,ORD002220,2026-02-05,28.46,Apple Pay,Completed
PAY002221,ORD002221,2026-01-18,59.99,PayPal,Failed
PAY002222,ORD002222,2026-05-31,31.08,Google Pay,Failed
PAY002223,ORD002223,2026-03-18,54.26,Google Pay,Completed
PAY002224,ORD002224,2026-02-18,81.05,Debit Card,Completed
PAY002225,ORD002225,2026-06-19,66.08,PayPal,Completed
PAY002226,ORD002226,2026-04-13,41.43,Google Pay,Completed
PAY002227,ORD002227,2026-02-13,47.5,PayPal,Completed
PAY002228,ORD002228,2026-04-19,292.42,PayPal,Pending
PAY002229,ORD002229,2026-05-09,111.94,Google Pay,Completed
PAY002230,ORD002230,2026-01-07,51.3,PayPal,Pending
PAY002231,ORD002231,2026-02-17,68.36,Credit Card,Pending
PAY002232,ORD002232,2026-04-22,82.77,Debit Card,Completed
PAY002233,ORD002233,2026-08-01,35.4,PayPal,Completed
PAY002234,ORD002234,2026-05-24,60.43,PayPal,Failed
PAY002235,ORD002235,2026-02-17,28.46,Credit Card,Completed
PAY002236,ORD002236,2026-07-25,30.1,Apple Pay,Completed
PAY002237,ORD002237,2026-06-20,111.36,PayPal,Pending
PAY002238,ORD002238,2026-02-20,121.99,Google Pay,Completed
PAY002239,ORD002239,2026-04-17,135.28,Apple Pay,Pending
PAY002240,ORD002240,2026-03-07,57.39,Apple Pay,Completed
PAY002241,ORD002241,2026-01-31,42.72,Credit Card,Completed
PAY002242,ORD002242,2026-02-08,60.79,Google Pay,Failed
PAY002243,ORD002243,2026-01-09,17.23,Apple Pay,Completed
PAY002244,ORD002244,2026-02-10,159.42,PayPal,Pending
PAY002245,ORD002245,2026-03-04,9.06,Credit Card,Pending
PAY002246,ORD002246,2026-01-14,119.24,Credit Card,Pending
PAY002247,ORD002247,2026-02-27,30.19,Credit Card,Completed
PAY002248,ORD002248,2026-07-21,60.0,Debit Card,Completed
PAY002249,ORD002249,2026-03-29,33.26,Apple Pay,Completed
PAY002250,ORD002250,2026-04-07,33.61,Google Pay,Failed
PAY002251,ORD002251,2026-04-08,10.93,Google Pay,Completed
PAY002252,ORD002252,2026-07-31,24.81,Debit Card,Failed
PAY002253,ORD002253,2026-07-11,114.12,PayPal,Pending
PAY002254,ORD002254,2026-06-05,25.6,Apple Pay,Completed
PAY002255,ORD002255,2026-05-12,24.85,Credit Card,Pending
PAY002256,ORD002256,2026-06-11,55.94,Debit Card,Pending
PAY002257,ORD002257,2026-05-12,11.82,Debit Card,Completed
PAY002258,ORD002258,2026-03-11,47.2,Apple Pay,Failed
PAY002259,ORD002259,2026-07-05,72.31,Google Pay,Pending
PAY002260,ORD002260,2026-03-27,78.23,Apple Pay,Completed
PAY002261,ORD002261,2026-01-04,29.19,Google Pay,Pending
PAY002262,ORD002262,2026-02-19,140.55,Apple Pay,Failed
PAY002263,ORD002263,2026-01-05,123.33,Google Pay,Failed
PAY002264,ORD002264,2026-03-16,18.01,Debit Card,Completed
PAY002265,ORD002265,2026-02-14,99.49,Google Pay,Completed
PAY002266,ORD002266,2026-06-12,67.1,Apple Pay,Completed
PAY002267,ORD002267,2026-07-30,86.22,PayPal,Failed
PAY002268,ORD002268,2026-07-22,39.2,Apple Pay,Completed
PAY002269,ORD002269,2026-07-22,24.41,Debit Card,Completed
PAY002270,ORD002270,2026-04-27,54.37,Google Pay,Completed
PAY002271,ORD002271,2026-01-27,78.63,Google Pay,Completed
PAY002272,ORD002272,2026-05-10,79.65,Google Pay,Pending
PAY002273,ORD002273,2026-07-01,76.69,Debit Card,Completed
PAY002274,ORD002274,2026-04-28,28.42,Apple Pay,Completed
PAY002275,ORD002275,2026-07-19,157.5,Google Pay,Completed
PAY002276,ORD002276,2026-08-14,139.06,PayPal,Completed
PAY002277,ORD002277,2026-04-14,71.71,PayPal,Completed
PAY002278,ORD002278,2026-07-31,30.97,Credit Card,Completed
PAY002279,ORD002279,2026-08-03,72.51,PayPal,Pending
PAY002280,ORD002280,2026-07-26,44.72,Credit Card,Completed
PAY002281,ORD002281,2026-06-25,47.15,Google Pay,Failed
PAY002282,ORD002282,2026-07-24,96.49,Debit Card,Completed
PAY002283,ORD002283,2026-08-11,45.0,Debit Card,Completed
PAY002284,ORD002284,2026-02-18,162.37,Debit Card,Completed
PAY002285,ORD002285,2026-04-20,93.82,Google Pay,Failed
PAY002286,ORD002286,2026-03-19,122.18,Google Pay,Failed
PAY002287,ORD002287,2026-01-01,32.22,Apple Pay,Failed
PAY002288,ORD002288,2026-04-30,39.17,PayPal,Completed
PAY002289,ORD002289,2026-08-07,25.27,Google Pay,Pending
PAY002290,ORD002290,2026-06-10,152.05,PayPal,Completed
PAY002291,ORD002291,2026-02-04,452.85,Debit Card,Failed
PAY002292,ORD002292,2026-07-01,86.86,PayPal,Completed
PAY002293,ORD002293,2026-02-25,72.34,Apple Pay,Completed
PAY002294,ORD002294,2026-05-23,43.21,Debit Card,Completed
PAY002295,ORD002295,2026-07-16,187.12,PayPal,Completed
PAY002296,ORD002296,2026-01-04,58.48,Apple Pay,Completed
PAY002297,ORD002297,2026-04-20,38.34,PayPal,Completed
PAY002298,ORD002298,2026-03-25,21.47,Apple Pay,Completed
PAY002299,ORD002299,2026-07-11,29.04,PayPal,Pending
PAY002300,ORD002300,2026-01-22,63.38,Debit Card,Completed
PAY002301,ORD002301,2026-01-24,16.72,Debit Card,Pending
PAY002302,ORD002302,2026-06-24,25.57,Credit Card,Completed
PAY002303,ORD002303,2026-03-16,193.31,Apple Pay,Failed
PAY002304,ORD002304,2026-04-20,107.83,PayPal,Completed
PAY002305,ORD002305,2026-05-14,48.05,PayPal,Completed
PAY002306,ORD002306,2026-06-04,116.76,PayPal,Failed
PAY002307,ORD002307,2026-05-18,35.32,Google Pay,Pending
PAY002308,ORD002308,2026-06-16,104.13,Apple Pay,Failed
PAY002309,ORD002309,2026-07-21,46.8,PayPal,Completed
PAY002310,ORD002310,2026-04-20,239.49,Credit Card,Completed
PAY002311,ORD002311,2026-03-31,27.21,Debit Card,Completed
PAY002312,ORD002312,2026-02-06,176.13,Google Pay,Completed
PAY002313,ORD002313,2026-02-23,55.17,Google Pay,Completed
PAY002314,ORD002314,2026-08-13,16.2,Debit Card,Completed
PAY002315,ORD002315,2026-02-20,74.93,Google Pay,Completed
PAY002316,ORD002316,2026-03-01,98.42,Credit Card,Failed
PAY002317,ORD002317,2026-03-13,172.34,Credit Card,Failed
PAY002318,ORD002318,2026-05-08,102.82,Debit Card,Completed
PAY002319,ORD002319,2026-02-20,31.47,Apple Pay,Completed
PAY002320,ORD002320,2026-03-03,124.81,Google Pay,Completed
PAY002321,ORD002321,2026-02-18,62.67,PayPal,Completed
PAY002322,ORD002322,2026-06-28,19.95,PayPal,Completed
PAY002323,ORD002323,2026-01-28,56.88,Credit Card,Failed
PAY002324,ORD002324,2026-06-13,26.48,Apple Pay,Failed
PAY002325,ORD002325,2026-06-02,54.72,Apple Pay,Pending
PAY002326,ORD002326,2026-06-13,100.48,Google Pay,Failed
PAY002327,ORD002327,2026-03-18,27.42,Google Pay,Completed
PAY002328,ORD002328,2026-07-07,74.14,Debit Card,Completed
PAY002329,ORD002329,2026-01-07,128.81,Credit Card,Completed
PAY002330,ORD002330,2026-03-06,38.96,Debit Card,Pending
PAY002331,ORD002331,2026-07-20,49.45,Debit Card,Failed
PAY002332,ORD002332,2026-05-03,127.47,Apple Pay,Completed
PAY002333,ORD002333,2026-08-08,131.6,Google Pay,Pending
PAY002334,ORD002334,2026-02-05,26.82,PayPal,Pending
PAY002335,ORD002335,2026-08-10,29.12,Debit Card,Completed
PAY002336,ORD002336,2026-03-14,104.92,Credit Card,Completed
PAY002337,ORD002337,2026-01-30,51.33,Debit Card,Pending
PAY002338,ORD002338,2026-02-16,54.13,PayPal,Failed
PAY002339,ORD002339,2026-04-01,17.63,PayPal,Failed
PAY002340,ORD002340,2026-01-29,43.69,Credit Card,Completed
PAY002341,ORD002341,2026-01-05,53.82,PayPal,Completed
PAY002342,ORD002342,2026-03-06,100.1,PayPal,Completed
PAY002343,ORD002343,2026-04-25,46.49,PayPal,Completed
PAY002344,ORD002344,2026-07-16,100.31,Debit Card,Completed
PAY002345,ORD002345,2026-03-04,53.48,Credit Card,Failed
PAY002346,ORD002346,2026-04-03,145.34,Debit Card,Failed
PAY002347,ORD002347,2026-07-03,59.74,Credit Card,Pending
PAY002348,ORD002348,2026-01-17,42.06,PayPal,Pending
PAY002349,ORD002349,2026-05-07,36.17,PayPal,Completed
PAY002350,ORD002350,2026-02-20,29.19,Google Pay,Completed
PAY002351,ORD002351,2026-04-23,75.16,PayPal,Completed
PAY002352,ORD002352,2026-02-06,237.95,Credit Card,Pending
PAY002353,ORD002353,2026-03-29,104.58,Apple Pay,Pending
PAY002354,ORD002354,2026-04-26,80.55,Credit Card,Completed
PAY002355,ORD002355,2026-05-05,25.47,PayPal,Completed
PAY002356,ORD002356,2026-08-07,26.4,PayPal,Failed
PAY002357,ORD002357,2026-05-17,117.37,Apple Pay,Completed
PAY002358,ORD002358,2026-02-07,83.32,PayPal,Completed
PAY002359,ORD002359,2026-02-22,38.68,Google Pay,Failed
PAY002360,ORD002360,2026-05-21,18.16,Apple Pay,Failed
PAY002361,ORD002361,2026-03-31,52.51,Debit Card,Completed
PAY002362,ORD002362,2026-02-22,32.16,Google Pay,Pending
PAY002363,ORD002363,2026-07-22,41.68,Credit Card,Pending
PAY002364,ORD002364,2026-04-29,24.57,Google Pay,Failed
PAY002365,ORD002365,2026-08-04,106.11,Google Pay,Pending
PAY002366,ORD002366,2026-04-29,39.36,PayPal,Failed
PAY002367,ORD002367,2026-08-13,86.3,Debit Card,Failed
PAY002368,ORD002368,2026-02-18,79.09,Apple Pay,Pending
PAY002369,ORD002369,2026-05-02,40.16,Google Pay,Failed
PAY002370,ORD002370,2026-03-11,53.0,PayPal,Pending
PAY002371,ORD002371,2026-06-12,206.82,Google Pay,Completed
PAY002372,ORD002372,2026-01-16,29.36,Debit Card,Failed
PAY002373,ORD002373,2026-01-13,33.51,Apple Pay,Completed
PAY002374,ORD002374,2026-05-01,13.87,PayPal,Completed
PAY002375,ORD002375,2026-05-19,54.44,Google Pay,Completed
PAY002376,ORD002376,2026-03-28,13.91,Debit Card,Completed
PAY002377,ORD002377,2026-05-10,42.88,Credit Card,Failed
PAY002378,ORD002378,2026-04-04,17.01,Credit Card,Failed
PAY002379,ORD002379,2026-01-19,100.32,Debit Card,Completed
PAY002380,ORD002380,2026-04-14,53.63,Apple Pay,Completed
PAY002381,ORD002381,2026-02-14,5.86,Google Pay,Completed
PAY002382,ORD002382,2026-06-23,30.65,Google Pay,Failed
PAY002383,ORD002383,2026-02-16,43.22,Debit Card,Completed
PAY002384,ORD002384,2026-06-26,87.25,Google Pay,Completed
PAY002385,ORD002385,2026-03-20,110.85,Apple Pay,Completed
PAY002386,ORD002386,2026-02-11,79.54,Debit Card,Failed
PAY002387,ORD002387,2026-06-10,74.58,Credit Card,Completed
PAY002388,ORD002388,2026-04-18,80.63,Credit Card,Completed
PAY002389,ORD002389,2026-06-18,94.99,PayPal,Pending
PAY002390,ORD002390,2026-04-29,60.82,Credit Card,Failed
PAY002391,ORD002391,2026-07-16,51.86,Google Pay,Pending
PAY002392,ORD002392,2026-03-27,68.65,Apple Pay,Failed
PAY002393,ORD002393,2026-08-07,136.41,Apple Pay,Completed
PAY002394,ORD002394,2026-04-21,11.64,PayPal,Failed
PAY002395,ORD002395,2026-01-19,12.11,Google Pay,Completed
PAY002396,ORD002396,2026-02-08,89.31,Debit Card,Completed
PAY002397,ORD002397,2026-05-15,32.18,PayPal,Completed
PAY002398,ORD002398,2026-02-08,63.36,Google Pay,Failed
PAY002399,ORD002399,2026-04-08,59.03,Debit Card,Completed
PAY002400,ORD002400,2026-02-03,274.21,Credit Card,Completed
PAY002401,ORD002401,2026-08-07,96.81,Credit Card,Failed
PAY002402,ORD002402,2026-06-21,121.91,Debit Card,Completed
PAY002403,ORD002403,2026-07-16,48.55,PayPal,Pending
PAY002404,ORD002404,2026-03-09,34.34,Debit Card,Pending
PAY002405,ORD002405,2026-07-10,33.36,Google Pay,Failed
PAY002406,ORD002406,2026-07-18,142.33,Debit Card,Failed
PAY002407,ORD002407,2026-02-17,87.11,Google Pay,Failed
PAY002408,ORD002408,2026-01-03,63.64,Google Pay,Pending
PAY002409,ORD002409,2026-08-01,199.96,Credit Card,Completed
PAY002410,ORD002410,2026-06-11,54.74,Google Pay,Completed
PAY002411,ORD002411,2026-04-23,35.18,Apple Pay,Pending
PAY002412,ORD002412,2026-05-17,47.49,Credit Card,Failed
PAY002413,ORD002413,2026-03-02,128.06,Credit Card,Completed
PAY002414,ORD002414,2026-05-28,23.11,Debit Card,Failed
PAY002415,ORD002415,2026-06-17,58.36,Google Pay,Completed
PAY002416,ORD002416,2026-05-05,186.19,Debit Card,Completed
PAY002417,ORD002417,2026-01-12,80.18,Google Pay,Pending
PAY002418,ORD002418,2026-04-13,52.57,Credit Card,Completed
PAY002419,ORD002419,2026-01-28,232.34,Apple Pay,Completed
PAY002420,ORD002420,2026-06-25,77.04,Credit Card,Completed
PAY002421,ORD002421,2026-08-13,19.53,PayPal,Completed
PAY002422,ORD002422,2026-07-21,53.49,Debit Card,Completed
PAY002423,ORD002423,2026-03-16,141.31,Apple Pay,Completed
PAY002424,ORD002424,2026-05-15,67.86,Debit Card,Completed
PAY002425,ORD002425,2026-03-23,178.91,Google Pay,Failed
PAY002426,ORD002426,2026-03-24,28.46,Debit Card,Completed
PAY002427,ORD002427,2026-05-22,56.81,Credit Card,Failed
PAY002428,ORD002428,2026-07-28,77.43,Credit Card,Failed
PAY002429,ORD002429,2026-08-03,25.25,Debit Card,Failed
PAY002430,ORD002430,2026-05-27,60.09,Google Pay,Completed
PAY002431,ORD002431,2026-02-23,81.24,Google Pay,Completed
PAY002432,ORD002432,2026-07-07,24.9,Apple Pay,Completed
PAY002433,ORD002433,2026-03-08,21.39,Credit Card,Failed
PAY002434,ORD002434,2026-06-11,138.58,Debit Card,Pending
PAY002435,ORD002435,2026-03-30,65.44,Apple Pay,Completed
PAY002436,ORD002436,2026-06-18,11.69,PayPal,Completed
PAY002437,ORD002437,2026-06-08,37.5,Apple Pay,Completed
PAY002438,ORD002438,2026-06-16,63.78,PayPal,Completed
PAY002439,ORD002439,2026-03-19,12.28,PayPal,Pending
PAY002440,ORD002440,2026-06-29,31.65,Apple Pay,Completed
PAY002441,ORD002441,2026-06-24,48.23,Credit Card,Failed
PAY002442,ORD002442,2026-01-20,48.23,Apple Pay,Completed
PAY002443,ORD002443,2026-04-06,28.84,Apple Pay,Pending
PAY002444,ORD002444,2026-08-13,54.67,Credit Card,Pending
PAY002445,ORD002445,2026-06-29,45.43,Credit Card,Completed
PAY002446,ORD002446,2026-04-05,52.67,Credit Card,Failed
PAY002447,ORD002447,2026-03-12,74.92,Credit Card,Failed
PAY002448,ORD002448,2026-07-09,16.41,Credit Card,Completed
PAY002449,ORD002449,2026-05-13,99.46,Credit Card,Completed
PAY002450,ORD002450,2026-07-04,87.26,Apple Pay,Completed
PAY002451,ORD002451,2026-05-12,84.67,Debit Card,Completed
PAY002452,ORD002452,2026-05-19,53.24,Debit Card,Completed
PAY002453,ORD002453,2026-01-19,52.46,Debit Card,Completed
PAY002454,ORD002454,2026-04-12,55.34,Apple Pay,Pending
PAY002455,ORD002455,2026-07-31,63.56,Credit Card,Completed
PAY002456,ORD002456,2026-01-27,105.03,PayPal,Completed
PAY002457,ORD002457,2026-01-29,102.41,Credit Card,Completed
PAY002458,ORD002458,2026-01-18,49.53,Google Pay,Pending
PAY002459,ORD002459,2026-06-14,91.13,Credit Card,Completed
PAY002460,ORD002460,2026-07-08,84.94,Debit Card,Completed
PAY002461,ORD002461,2026-06-24,97.99,Credit Card,Failed
PAY002462,ORD002462,2026-03-30,46.08,Credit Card,Completed
PAY002463,ORD002463,2026-01-20,148.25,Google Pay,Failed
PAY002464,ORD002464,2026-03-11,106.23,PayPal,Completed
PAY002465,ORD002465,2026-04-10,28.15,PayPal,Completed
PAY002466,ORD002466,2026-06-26,34.44,Debit Card,Completed
PAY002467,ORD002467,2026-05-23,174.84,PayPal,Completed
PAY002468,ORD002468,2026-01-18,16.46,Debit Card,Completed
PAY002469,ORD002469,2026-02-07,59.26,Apple Pay,Completed
PAY002470,ORD002470,2026-04-30,262.43,Google Pay,Completed
PAY002471,ORD002471,2026-03-30,128.01,Credit Card,Pending
PAY002472,ORD002472,2026-03-25,123.71,Google Pay,Completed
PAY002473,ORD002473,2026-05-30,26.19,PayPal,Completed
PAY002474,ORD002474,2026-07-23,105.29,Credit Card,Pending
PAY002475,ORD002475,2026-04-14,176.55,Google Pay,Failed
PAY002476,ORD002476,2026-07-07,48.58,Google Pay,Pending
PAY002477,ORD002477,2026-04-21,60.47,Debit Card,Pending
PAY002478,ORD002478,2026-08-13,122.58,Apple Pay,Pending
PAY002479,ORD002479,2026-08-09,51.88,Google Pay,Pending
PAY002480,ORD002480,2026-07-13,20.89,Credit Card,Completed
PAY002481,ORD002481,2026-01-26,8.95,Apple Pay,Completed
PAY002482,ORD002482,2026-03-05,75.26,Apple Pay,Completed
PAY002483,ORD002483,2026-08-12,42.41,Credit Card,Completed
PAY002484,ORD002484,2026-02-27,8.8,Apple Pay,Completed
PAY002485,ORD002485,2026-05-11,34.51,PayPal,Pending
PAY002486,ORD002486,2026-01-30,45.96,Apple Pay,Completed
PAY002487,ORD002487,2026-01-19,42.98,Debit Card,Completed
PAY002488,ORD002488,2026-01-10,133.09,Apple Pay,Pending
PAY002489,ORD002489,2026-03-30,95.66,Google Pay,Completed
PAY002490,ORD002490,2026-06-23,54.51,Apple Pay,Completed
PAY002491,ORD002491,2026-05-27,24.73,Debit Card,Pending
PAY002492,ORD002492,2026-05-07,98.92,Debit Card,Completed
PAY002493,ORD002493,2026-07-05,168.81,Apple Pay,Completed
PAY002494,ORD002494,2026-05-04,202.8,PayPal,Completed
PAY002495,ORD002495,2026-04-17,49.84,Apple Pay,Completed
PAY002496,ORD002496,2026-03-26,91.33,Credit Card,Failed
PAY002497,ORD002497,2026-01-06,38.4,Debit Card,Failed
PAY002498,ORD002498,2026-02-20,33.87,Apple Pay,Failed
PAY002499,ORD002499,2026-05-22,100.09,PayPal,Failed
PAY002500,ORD002500,2026-02-27,25.13,PayPal,Pending
PAY002501,ORD002501,2026-05-16,42.98,PayPal,Completed
PAY002502,ORD002502,2026-01-02,134.78,Google Pay,Completed
PAY002503,ORD002503,2026-01-18,42.49,Google Pay,Completed
PAY002504,ORD002504,2026-08-02,29.28,Google Pay,Failed
PAY002505,ORD002505,2026-07-04,243.6,Credit Card,Completed
PAY002506,ORD002506,2026-08-10,89.57,Credit Card,Completed
PAY002507,ORD002507,2026-04-02,19.15,Apple Pay,Completed
PAY002508,ORD002508,2026-06-12,76.32,Google Pay,Completed
PAY002509,ORD002509,2026-07-13,55.45,Google Pay,Completed
PAY002510,ORD002510,2026-02-25,106.46,Credit Card,Completed
PAY002511,ORD002511,2026-07-29,85.78,PayPal,Failed
PAY002512,ORD002512,2026-02-12,58.51,PayPal,Completed
PAY002513,ORD002513,2026-03-14,72.61,Debit Card,Completed
PAY002514,ORD002514,2026-08-08,75.39,Apple Pay,Failed
PAY002515,ORD002515,2026-03-13,79.87,Apple Pay,Failed
PAY002516,ORD002516,2026-04-27,46.38,Google Pay,Pending
PAY002517,ORD002517,2026-01-08,22.01,Credit Card,Completed
PAY002518,ORD002518,2026-01-05,51.67,Apple Pay,Failed
PAY002519,ORD002519,2026-01-13,43.84,PayPal,Completed
PAY002520,ORD002520,2026-01-07,57.85,Credit Card,Completed
PAY002521,ORD002521,2026-01-21,130.61,Google Pay,Completed
PAY002522,ORD002522,2026-08-09,167.12,Google Pay,Completed
PAY002523,ORD002523,2026-02-06,99.79,Apple Pay,Failed
PAY002524,ORD002524,2026-06-22,106.56,Apple Pay,Pending
PAY002525,ORD002525,2026-06-29,56.57,Debit Card,Completed
PAY002526,ORD002526,2026-06-25,46.05,Apple Pay,Completed
PAY002527,ORD002527,2026-03-03,101.0,Apple Pay,Completed
PAY002528,ORD002528,2026-07-25,119.22,PayPal,Completed
PAY002529,ORD002529,2026-04-11,118.11,PayPal,Completed
PAY002530,ORD002530,2026-04-29,54.63,Credit Card,Failed
PAY002531,ORD002531,2026-06-28,63.97,Apple Pay,Completed
PAY002532,ORD002532,2026-05-12,234.29,Apple Pay,Completed
PAY002533,ORD002533,2026-04-30,11.04,Google Pay,Completed
PAY002534,ORD002534,2026-03-27,119.87,PayPal,Pending
PAY002535,ORD002535,2026-07-03,47.55,Google Pay,Failed
PAY002536,ORD002536,2026-03-16,47.55,Apple Pay,Completed
PAY002537,ORD002537,2026-02-03,49.41,PayPal,Completed
PAY002538,ORD002538,2026-02-14,16.51,Apple Pay,Completed
PAY002539,ORD002539,2026-05-24,52.1,Debit Card,Completed
PAY002540,ORD002540,2026-05-17,147.75,Google Pay,Failed
PAY002541,ORD002541,2026-07-27,49.12,PayPal,Completed
PAY002542,ORD002542,2026-01-16,54.09,PayPal,Completed
PAY002543,ORD002543,2026-04-05,32.36,Apple Pay,Completed
PAY002544,ORD002544,2026-06-08,61.27,Apple Pay,Completed
PAY002545,ORD002545,2026-05-21,10.06,Credit Card,Failed
PAY002546,ORD002546,2026-05-08,34.63,Credit Card,Completed
PAY002547,ORD002547,2026-01-05,79.11,Google Pay,Failed
PAY002548,ORD002548,2026-05-03,23.84,PayPal,Failed
PAY002549,ORD002549,2026-05-07,25.37,Apple Pay,Completed
PAY002550,ORD002550,2026-06-24,43.52,Google Pay,Pending
PAY002551,ORD002551,2026-06-16,85.48,PayPal,Completed
PAY002552,ORD002552,2026-01-18,122.47,Apple Pay,Completed
PAY002553,ORD002553,2026-05-28,60.39,Credit Card,Completed
PAY002554,ORD002554,2026-05-10,48.44,PayPal,Pending
PAY002555,ORD002555,2026-02-09,80.13,Apple Pay,Failed
PAY002556,ORD002556,2026-06-07,51.61,Google Pay,Pending
PAY002557,ORD002557,2026-01-10,100.93,Google Pay,Completed
PAY002558,ORD002558,2026-03-05,170.65,Debit Card,Completed
PAY002559,ORD002559,2026-02-11,54.03,PayPal,Failed
PAY002560,ORD002560,2026-07-22,27.18,Google Pay,Completed
PAY002561,ORD002561,2026-06-30,57.93,PayPal,Pending
PAY002562,ORD002562,2026-04-03,247.2,Google Pay,Failed
PAY002563,ORD002563,2026-06-30,75.32,PayPal,Completed
PAY002564,ORD002564,2026-02-09,30.34,PayPal,Failed
PAY002565,ORD002565,2026-05-24,61.88,PayPal,Completed
PAY002566,ORD002566,2026-06-25,57.34,Debit Card,Failed
PAY002567,ORD002567,2026-05-05,33.73,Credit Card,Pending
PAY002568,ORD002568,2026-03-02,145.9,PayPal,Completed
PAY002569,ORD002569,2026-08-08,92.99,Credit Card,Completed
PAY002570,ORD002570,2026-07-28,135.87,Credit Card,Completed
PAY002571,ORD002571,2026-06-15,6.93,Credit Card,Completed
PAY002572,ORD002572,2026-04-24,73.41,Google Pay,Completed
PAY002573,ORD002573,2026-02-13,63.74,Apple Pay,Failed
PAY002574,ORD002574,2026-05-23,30.32,Credit Card,Completed
PAY002575,ORD002575,2026-04-05,81.98,PayPal,Pending
PAY002576,ORD002576,2026-03-02,30.71,Apple Pay,Pending
PAY002577,ORD002577,2026-01-07,19.6,Google Pay,Pending
PAY002578,ORD002578,2026-05-04,100.33,Debit Card,Completed
PAY002579,ORD002579,2026-01-30,54.14,Credit Card,Completed
PAY002580,ORD002580,2026-06-13,19.17,Credit Card,Completed
PAY002581,ORD002581,2026-04-23,164.95,Google Pay,Pending
PAY002582,ORD002582,2026-03-31,62.94,PayPal,Failed
PAY002583,ORD002583,2026-05-19,34.37,PayPal,Completed
PAY002584,ORD002584,2026-05-03,19.25,Apple Pay,Pending
PAY002585,ORD002585,2026-07-17,27.86,Apple Pay,Completed
PAY002586,ORD002586,2026-04-16,19.23,PayPal,Pending
PAY002587,ORD002587,2026-06-06,200.15,Debit Card,Pending
PAY002588,ORD002588,2026-04-02,244.66,PayPal,Completed
PAY002589,ORD002589,2026-07-26,142.37,Debit Card,Completed
PAY002590,ORD002590,2026-04-03,18.88,Google Pay,Pending
PAY002591,ORD002591,2026-05-14,88.11,Debit Card,Pending
PAY002592,ORD002592,2026-04-22,309.04,Google Pay,Completed
PAY002593,ORD002593,2026-07-23,34.4,Credit Card,Completed
PAY002594,ORD002594,2026-02-20,56.63,PayPal,Completed
PAY002595,ORD002595,2026-03-21,212.05,Apple Pay,Completed
PAY002596,ORD002596,2026-04-20,77.0,Credit Card,Pending
PAY002597,ORD002597,2026-02-07,96.32,Apple Pay,Completed
PAY002598,ORD002598,2026-07-20,37.37,Debit Card,Failed
PAY002599,ORD002599,2026-01-22,21.67,PayPal,Completed
PAY002600,ORD002600,2026-08-13,84.54,PayPal,Completed
PAY002601,ORD002601,2026-03-31,42.67,PayPal,Pending
PAY002602,ORD002602,2026-07-01,38.14,Credit Card,Completed
PAY002603,ORD002603,2026-06-17,34.56,Google Pay,Failed
PAY002604,ORD002604,2026-05-15,107.64,Debit Card,Completed
PAY002605,ORD002605,2026-04-20,84.36,Credit Card,Pending
PAY002606,ORD002606,2026-08-12,230.47,Credit Card,Completed
PAY002607,ORD002607,2026-06-17,135.62,Google Pay,Completed
PAY002608,ORD002608,2026-04-17,67.19,Apple Pay,Pending
PAY002609,ORD002609,2026-05-04,64.91,Apple Pay,Failed
PAY002610,ORD002610,2026-01-24,126.72,PayPal,Pending
PAY002611,ORD002611,2026-02-10,67.01,Credit Card,Pending
PAY002612,ORD002612,2026-02-20,144.1,Google Pay,Pending
PAY002613,ORD002613,2026-06-16,68.46,Google Pay,Completed
PAY002614,ORD002614,2026-04-12,96.41,Apple Pay,Completed
PAY002615,ORD002615,2026-04-24,173.2,Google Pay,Completed
PAY002616,ORD002616,2026-07-30,20.28,Apple Pay,Completed
PAY002617,ORD002617,2026-06-20,161.83,Apple Pay,Completed
PAY002618,ORD002618,2026-03-10,169.35,Credit Card,Completed
PAY002619,ORD002619,2026-08-10,51.49,Debit Card,Completed
PAY002620,ORD002620,2026-07-06,65.73,PayPal,Completed
PAY002621,ORD002621,2026-06-02,48.86,Debit Card,Completed
PAY002622,ORD002622,2026-04-04,41.01,Google Pay,Completed
PAY002623,ORD002623,2026-04-30,147.88,Debit Card,Pending
PAY002624,ORD002624,2026-01-25,22.73,Debit Card,Completed
PAY002625,ORD002625,2026-07-20,67.47,Apple Pay,Completed
PAY002626,ORD002626,2026-08-07,24.7,Credit Card,Completed
PAY002627,ORD002627,2026-06-01,42.34,Google Pay,Completed
PAY002628,ORD002628,2026-07-09,27.91,PayPal,Completed
PAY002629,ORD002629,2026-04-14,65.21,Apple Pay,Pending
PAY002630,ORD002630,2026-02-12,88.64,PayPal,Completed
PAY002631,ORD002631,2026-02-28,139.73,Credit Card,Completed
PAY002632,ORD002632,2026-02-23,60.53,Debit Card,Completed
PAY002633,ORD002633,2026-03-20,240.95,Debit Card,Completed
PAY002634,ORD002634,2026-06-03,44.86,Credit Card,Failed
PAY002635,ORD002635,2026-02-23,104.83,Google Pay,Completed
PAY002636,ORD002636,2026-07-08,160.69,Apple Pay,Failed
PAY002637,ORD002637,2026-08-10,48.08,Debit Card,Completed
PAY002638,ORD002638,2026-03-16,91.81,Credit Card,Completed
PAY002639,ORD002639,2026-04-03,10.61,Apple Pay,Pending
PAY002640,ORD002640,2026-07-26,135.08,Apple Pay,Pending
PAY002641,ORD002641,2026-06-21,34.31,Credit Card,Pending
PAY002642,ORD002642,2026-05-17,181.07,Debit Card,Failed
PAY002643,ORD002643,2026-02-11,59.34,Google Pay,Failed
PAY002644,ORD002644,2026-06-06,119.93,Debit Card,Completed
PAY002645,ORD002645,2026-03-20,40.1,Debit Card,Completed
PAY002646,ORD002646,2026-03-22,559.18,Debit Card,Failed
PAY002647,ORD002647,2026-07-27,69.41,Debit Card,Pending
PAY002648,ORD002648,2026-02-27,314.71,PayPal,Completed
PAY002649,ORD002649,2026-03-27,60.96,Credit Card,Pending
PAY002650,ORD002650,2026-07-10,48.11,Google Pay,Failed
PAY002651,ORD002651,2026-06-26,97.87,Google Pay,Pending
PAY002652,ORD002652,2026-04-17,143.11,PayPal,Completed
PAY002653,ORD002653,2026-05-19,115.89,Google Pay,Completed
PAY002654,ORD002654,2026-04-12,90.09,PayPal,Failed
PAY002655,ORD002655,2026-08-05,62.95,PayPal,Completed
PAY002656,ORD002656,2026-02-23,111.1,Google Pay,Completed
PAY002657,ORD002657,2026-01-30,81.5,Google Pay,Completed
PAY002658,ORD002658,2026-07-13,55.13,Debit Card,Completed
PAY002659,ORD002659,2026-03-06,54.49,PayPal,Completed
PAY002660,ORD002660,2026-02-27,167.11,Apple Pay,Completed
PAY002661,ORD002661,2026-07-04,24.22,Credit Card,Pending
PAY002662,ORD002662,2026-02-06,112.52,Debit Card,Completed
PAY002663,ORD002663,2026-04-28,104.36,PayPal,Completed
PAY002664,ORD002664,2026-07-01,290.57,Debit Card,Completed
PAY002665,ORD002665,2026-03-14,6.56,Debit Card,Failed
PAY002666,ORD002666,2026-03-10,20.61,Credit Card,Failed
PAY002667,ORD002667,2026-06-01,32.55,Google Pay,Completed
PAY002668,ORD002668,2026-03-04,38.85,Google Pay,Completed
PAY002669,ORD002669,2026-08-07,117.54,Credit Card,Pending
PAY002670,ORD002670,2026-04-04,23.87,Debit Card,Completed
PAY002671,ORD002671,2026-06-28,49.44,PayPal,Failed
PAY002672,ORD002672,2026-01-15,37.35,Google Pay,Completed
PAY002673,ORD002673,2026-06-24,49.36,Apple Pay,Completed
PAY002674,ORD002674,2026-07-20,160.76,PayPal,Completed
PAY002675,ORD002675,2026-06-23,90.28,Debit Card,Completed
PAY002676,ORD002676,2026-01-30,39.34,Apple Pay,Completed
PAY002677,ORD002677,2026-04-23,22.95,PayPal,Completed
PAY002678,ORD002678,2026-03-20,87.95,Credit Card,Completed
PAY002679,ORD002679,2026-05-28,38.21,Apple Pay,Completed
PAY002680,ORD002680,2026-02-26,50.04,Debit Card,Failed
PAY002681,ORD002681,2026-06-26,50.83,Apple Pay,Completed
PAY002682,ORD002682,2026-02-25,131.37,Credit Card,Completed
PAY002683,ORD002683,2026-02-25,47.3,Google Pay,Completed
PAY002684,ORD002684,2026-06-02,45.29,Google Pay,Completed
PAY002685,ORD002685,2026-01-09,31.87,Google Pay,Completed
PAY002686,ORD002686,2026-01-22,35.49,Credit Card,Completed
PAY002687,ORD002687,2026-03-18,114.64,PayPal,Pending
PAY002688,ORD002688,2026-06-14,60.66,Credit Card,Failed
PAY002689,ORD002689,2026-05-04,52.64,Apple Pay,Failed
PAY002690,ORD002690,2026-01-28,23.88,PayPal,Completed
PAY002691,ORD002691,2026-05-22,29.26,Google Pay,Failed
PAY002692,ORD002692,2026-06-07,87.82,Credit Card,Pending
PAY002693,ORD002693,2026-06-16,51.85,Debit Card,Completed
PAY002694,ORD002694,2026-07-04,51.82,Google Pay,Completed
PAY002695,ORD002695,2026-05-13,77.45,Debit Card,Completed
PAY002696,ORD002696,2026-01-12,94.77,PayPal,Pending
PAY002697,ORD002697,2026-06-12,98.08,Google Pay,Failed
PAY002698,ORD002698,2026-06-18,49.53,Credit Card,Completed
PAY002699,ORD002699,2026-03-04,55.55,Debit Card,Failed
PAY002700,ORD002700,2026-06-19,87.27,Credit Card,Completed
PAY002701,ORD002701,2026-05-05,12.61,Google Pay,Completed
PAY002702,ORD002702,2026-07-12,67.71,Credit Card,Completed
PAY002703,ORD002703,2026-07-12,99.33,Google Pay,Pending
PAY002704,ORD002704,2026-04-16,37.15,Apple Pay,Completed
PAY002705,ORD002705,2026-06-20,24.71,Credit Card,Completed
PAY002706,ORD002706,2026-07-07,164.02,Apple Pay,Failed
PAY002707,ORD002707,2026-05-28,34.7,Debit Card,Completed
PAY002708,ORD002708,2026-04-08,58.6,Credit Card,Failed
PAY002709,ORD002709,2026-04-29,75.02,Credit Card,Completed
PAY002710,ORD002710,2026-08-14,31.92,Debit Card,Completed
PAY002711,ORD002711,2026-07-10,20.03,Credit Card,Failed
PAY002712,ORD002712,2026-04-29,73.47,Google Pay,Completed
PAY002713,ORD002713,2026-06-01,22.78,Apple Pay,Completed
PAY002714,ORD002714,2026-08-08,96.75,PayPal,Completed
PAY002715,ORD002715,2026-07-22,54.34,Google Pay,Completed
PAY002716,ORD002716,2026-07-19,271.3,PayPal,Completed
PAY002717,ORD002717,2026-06-12,66.69,Debit Card,Pending
PAY002718,ORD002718,2026-02-10,36.59,Debit Card,Completed
PAY002719,ORD002719,2026-05-02,104.88,Credit Card,Completed
PAY002720,ORD002720,2026-01-16,128.09,Google Pay,Completed
PAY002721,ORD002721,2026-05-02,23.54,PayPal,Failed
PAY002722,ORD002722,2026-03-21,81.65,Apple Pay,Completed
PAY002723,ORD002723,2026-04-16,76.8,Google Pay,Completed
PAY002724,ORD002724,2026-01-06,118.8,Debit Card,Completed
PAY002725,ORD002725,2026-01-20,29.44,Google Pay,Completed
PAY002726,ORD002726,2026-07-03,99.95,Apple Pay,Pending
PAY002727,ORD002727,2026-07-22,80.55,Google Pay,Completed
PAY002728,ORD002728,2026-05-16,50.95,Credit Card,Pending
PAY002729,ORD002729,2026-07-31,391.85,Apple Pay,Completed
PAY002730,ORD002730,2026-08-12,26.28,PayPal,Completed
PAY002731,ORD002731,2026-04-07,50.92,Debit Card,Completed
PAY002732,ORD002732,2026-01-06,32.25,Google Pay,Completed
PAY002733,ORD002733,2026-08-08,76.47,Apple Pay,Completed
PAY002734,ORD002734,2026-01-08,199.24,Credit Card,Completed
PAY002735,ORD002735,2026-07-09,164.47,Credit Card,Failed
PAY002736,ORD002736,2026-01-14,9.59,PayPal,Completed
PAY002737,ORD002737,2026-05-11,182.26,Debit Card,Completed
PAY002738,ORD002738,2026-05-10,42.53,Credit Card,Completed
PAY002739,ORD002739,2026-01-22,36.99,Debit Card,Failed
PAY002740,ORD002740,2026-08-13,66.99,Apple Pay,Completed
PAY002741,ORD002741,2026-03-26,49.4,Google Pay,Completed
PAY002742,ORD002742,2026-07-17,47.65,PayPal,Failed
PAY002743,ORD002743,2026-07-18,36.09,Credit Card,Pending
PAY002744,ORD002744,2026-05-14,75.54,Google Pay,Completed
PAY002745,ORD002745,2026-06-27,141.52,Credit Card,Completed
PAY002746,ORD002746,2026-02-13,66.83,PayPal,Completed
PAY002747,ORD002747,2026-01-08,56.29,Credit Card,Failed
PAY002748,ORD002748,2026-01-24,93.05,PayPal,Completed
PAY002749,ORD002749,2026-01-27,146.55,Google Pay,Completed
PAY002750,ORD002750,2026-06-30,65.99,Apple Pay,Pending
PAY002751,ORD002751,2026-02-20,53.95,PayPal,Pending
PAY002752,ORD002752,2026-06-05,93.99,Apple Pay,Failed
PAY002753,ORD002753,2026-07-06,37.31,Debit Card,Pending
PAY002754,ORD002754,2026-03-10,14.34,Google Pay,Failed
PAY002755,ORD002755,2026-07-30,92.58,PayPal,Completed
PAY002756,ORD002756,2026-07-20,45.01,Google Pay,Completed
PAY002757,ORD002757,2026-01-25,41.67,Apple Pay,Completed
PAY002758,ORD002758,2026-02-13,15.93,Apple Pay,Failed
PAY002759,ORD002759,2026-06-24,35.76,Google Pay,Completed
PAY002760,ORD002760,2026-04-29,47.12,Google Pay,Completed
PAY002761,ORD002761,2026-04-19,165.38,Apple Pay,Completed
PAY002762,ORD002762,2026-04-30,205.89,Google Pay,Completed
PAY002763,ORD002763,2026-01-13,53.15,Apple Pay,Completed
PAY002764,ORD002764,2026-06-30,88.56,Debit Card,Completed
PAY002765,ORD002765,2026-02-22,27.02,Apple Pay,Pending
PAY002766,ORD002766,2026-02-06,65.85,Credit Card,Failed
PAY002767,ORD002767,2026-07-10,45.26,Apple Pay,Completed
PAY002768,ORD002768,2026-07-13,19.99,Debit Card,Completed
PAY002769,ORD002769,2026-04-25,133.24,Apple Pay,Completed
PAY002770,ORD002770,2026-02-09,69.36,Google Pay,Failed
PAY002771,ORD002771,2026-03-19,98.03,Debit Card,Completed
PAY002772,ORD002772,2026-07-08,45.9,PayPal,Failed
PAY002773,ORD002773,2026-04-05,11.97,Apple Pay,Failed
PAY002774,ORD002774,2026-05-14,22.23,Google Pay,Failed
PAY002775,ORD002775,2026-01-25,114.36,PayPal,Completed
PAY002776,ORD002776,2026-04-13,50.83,PayPal,Completed
PAY002777,ORD002777,2026-02-15,92.46,PayPal,Pending
PAY002778,ORD002778,2026-06-08,44.82,Credit Card,Failed
PAY002779,ORD002779,2026-04-12,64.41,Google Pay,Failed
PAY002780,ORD002780,2026-07-27,60.36,Credit Card,Completed
PAY002781,ORD002781,2026-07-10,31.63,Google Pay,Completed
PAY002782,ORD002782,2026-04-01,72.41,Google Pay,Completed
PAY002783,ORD002783,2026-04-04,177.73,Debit Card,Completed
PAY002784,ORD002784,2026-03-09,42.75,PayPal,Completed
PAY002785,ORD002785,2026-02-08,18.86,Apple Pay,Completed
PAY002786,ORD002786,2026-03-21,99.88,Debit Card,Failed
PAY002787,ORD002787,2026-06-13,23.11,Apple Pay,Failed
PAY002788,ORD002788,2026-05-15,30.29,PayPal,Failed
PAY002789,ORD002789,2026-03-26,49.82,Google Pay,Pending
PAY002790,ORD002790,2026-03-07,93.86,Debit Card,Pending
PAY002791,ORD002791,2026-02-24,84.73,Credit Card,Completed
PAY002792,ORD002792,2026-03-13,48.21,Google Pay,Completed
PAY002793,ORD002793,2026-02-11,23.98,Credit Card,Failed
PAY002794,ORD002794,2026-06-04,394.58,Google Pay,Completed
PAY002795,ORD002795,2026-05-10,68.61,Google Pay,Completed
PAY002796,ORD002796,2026-03-11,107.13,PayPal,Failed
PAY002797,ORD002797,2026-05-12,84.67,Debit Card,Completed
PAY002798,ORD002798,2026-01-21,172.94,Apple Pay,Completed
PAY002799,ORD002799,2026-01-01,28.7,PayPal,Pending
PAY002800,ORD002800,2026-06-15,77.9,Apple Pay,Pending
PAY002801,ORD002801,2026-03-01,48.22,Google Pay,Completed
PAY002802,ORD002802,2026-03-17,28.24,Credit Card,Completed
PAY002803,ORD002803,2026-04-01,150.18,Apple Pay,Completed
PAY002804,ORD002804,2026-05-22,31.17,Credit Card,Pending
PAY002805,ORD002805,2026-07-26,84.61,Apple Pay,Completed
PAY002806,ORD002806,2026-03-29,196.44,Credit Card,Completed
PAY002807,ORD002807,2026-03-23,193.5,PayPal,Pending
PAY002808,ORD002808,2026-01-17,31.63,Apple Pay,Pending
PAY002809,ORD002809,2026-03-14,119.34,PayPal,Failed
PAY002810,ORD002810,2026-06-24,91.23,PayPal,Completed
PAY002811,ORD002811,2026-07-29,26.42,Credit Card,Completed
PAY002812,ORD002812,2026-02-25,16.46,Apple Pay,Completed
PAY002813,ORD002813,2026-05-07,60.61,Apple Pay,Completed
PAY002814,ORD002814,2026-02-22,140.66,Debit Card,Pending
PAY002815,ORD002815,2026-05-08,462.63,Credit Card,Completed
PAY002816,ORD002816,2026-05-26,39.49,Apple Pay,Completed
PAY002817,ORD002817,2026-07-16,68.54,Google Pay,Completed
PAY002818,ORD002818,2026-02-17,29.14,Debit Card,Completed
PAY002819,ORD002819,2026-05-17,183.26,Apple Pay,Pending
PAY002820,ORD002820,2026-02-23,75.57,Credit Card,Completed
PAY002821,ORD002821,2026-06-12,82.1,Google Pay,Completed
PAY002822,ORD002822,2026-06-23,66.07,Apple Pay,Failed
PAY002823,ORD002823,2026-01-01,33.62,PayPal,Completed
PAY002824,ORD002824,2026-02-10,114.17,PayPal,Completed
PAY002825,ORD002825,2026-03-14,123.95,Google Pay,Completed
PAY002826,ORD002826,2026-06-09,147.99,Google Pay,Completed
PAY002827,ORD002827,2026-07-31,126.66,Google Pay,Pending
PAY002828,ORD002828,2026-03-18,30.97,Google Pay,Failed
PAY002829,ORD002829,2026-02-09,52.62,Credit Card,Completed
PAY002830,ORD002830,2026-05-19,81.66,PayPal,Failed
PAY002831,ORD002831,2026-07-09,38.86,Apple Pay,Failed
PAY002832,ORD002832,2026-06-23,27.11,Apple Pay,Completed
PAY002833,ORD002833,2026-02-17,49.57,PayPal,Completed
PAY002834,ORD002834,2026-02-12,67.16,Apple Pay,Completed
PAY002835,ORD002835,2026-06-28,626.49,PayPal,Pending
PAY002836,ORD002836,2026-07-08,149.47,Debit Card,Completed
PAY002837,ORD002837,2026-02-11,36.56,PayPal,Completed
PAY002838,ORD002838,2026-06-03,36.2,Apple Pay,Completed
PAY002839,ORD002839,2026-04-14,28.56,Debit Card,Completed
PAY002840,ORD002840,2026-01-11,102.34,Apple Pay,Completed
PAY002841,ORD002841,2026-01-25,46.19,Credit Card,Completed
PAY002842,ORD002842,2026-02-09,54.91,Apple Pay,Completed
PAY002843,ORD002843,2026-01-25,43.16,Debit Card,Failed
PAY002844,ORD002844,2026-03-25,300.71,PayPal,Completed
PAY002845,ORD002845,2026-04-16,150.19,Apple Pay,Failed
PAY002846,ORD002846,2026-04-29,30.06,PayPal,Completed
PAY002847,ORD002847,2026-07-22,27.13,Apple Pay,Pending
PAY002848,ORD002848,2026-04-18,140.58,Google Pay,Completed
PAY002849,ORD002849,2026-03-15,30.97,Apple Pay,Failed
PAY002850,ORD002850,2026-06-29,151.46,Google Pay,Completed
PAY002851,ORD002851,2026-04-23,100.43,Apple Pay,Completed
PAY002852,ORD002852,2026-05-11,31.68,Apple Pay,Completed
PAY002853,ORD002853,2026-02-08,95.37,Google Pay,Completed
PAY002854,ORD002854,2026-04-01,80.27,Credit Card,Completed
PAY002855,ORD002855,2026-06-12,19.95,PayPal,Failed
PAY002856,ORD002856,2026-06-17,60.58,Debit Card,Pending
PAY002857,ORD002857,2026-08-11,47.05,Apple Pay,Pending
PAY002858,ORD002858,2026-08-01,78.07,Debit Card,Completed
PAY002859,ORD002859,2026-01-22,53.73,Credit Card,Completed
PAY002860,ORD002860,2026-07-09,78.51,Apple Pay,Completed
PAY002861,ORD002861,2026-01-19,39.15,Google Pay,Completed
PAY002862,ORD002862,2026-01-14,55.54,Google Pay,Pending
PAY002863,ORD002863,2026-04-19,23.95,Apple Pay,Pending
PAY002864,ORD002864,2026-06-27,45.54,Google Pay,Failed
PAY002865,ORD002865,2026-07-09,44.92,Credit Card,Completed
PAY002866,ORD002866,2026-08-03,22.05,PayPal,Completed
PAY002867,ORD002867,2026-08-06,62.98,PayPal,Pending
PAY002868,ORD002868,2026-02-12,187.54,Credit Card,Completed
PAY002869,ORD002869,2026-02-24,36.71,Google Pay,Completed
PAY002870,ORD002870,2026-06-17,136.42,PayPal,Failed
PAY002871,ORD002871,2026-01-12,73.64,Google Pay,Completed
PAY002872,ORD002872,2026-07-12,15.28,Google Pay,Failed
PAY002873,ORD002873,2026-06-11,339.31,Debit Card,Completed
PAY002874,ORD002874,2026-04-18,31.82,PayPal,Failed
PAY002875,ORD002875,2026-03-24,61.3,Google Pay,Completed
PAY002876,ORD002876,2026-01-23,78.93,Debit Card,Completed
PAY002877,ORD002877,2026-07-18,58.92,Credit Card,Pending
PAY002878,ORD002878,2026-05-15,106.99,PayPal,Completed
PAY002879,ORD002879,2026-07-12,142.38,Credit Card,Failed
PAY002880,ORD002880,2026-05-26,32.07,Credit Card,Pending
PAY002881,ORD002881,2026-05-16,51.63,Apple Pay,Completed
PAY002882,ORD002882,2026-03-30,37.66,PayPal,Failed
PAY002883,ORD002883,2026-02-11,37.5,Credit Card,Pending
PAY002884,ORD002884,2026-04-03,65.24,Credit Card,Pending
PAY002885,ORD002885,2026-08-03,121.11,Credit Card,Pending
PAY002886,ORD002886,2026-04-03,19.45,Google Pay,Completed
PAY002887,ORD002887,2026-01-01,54.27,PayPal,Completed
PAY002888,ORD002888,2026-03-20,33.37,PayPal,Completed
PAY002889,ORD002889,2026-05-23,93.74,PayPal,Completed
PAY002890,ORD002890,2026-06-05,87.77,PayPal,Completed
PAY002891,ORD002891,2026-06-13,119.91,PayPal,Completed
PAY002892,ORD002892,2026-04-16,25.08,Credit Card,Completed
PAY002893,ORD002893,2026-08-12,76.86,Debit Card,Completed
PAY002894,ORD002894,2026-02-15,57.11,Apple Pay,Completed
PAY002895,ORD002895,2026-07-24,18.85,PayPal,Completed
PAY002896,ORD002896,2026-01-21,20.86,Google Pay,Completed
PAY002897,ORD002897,2026-06-26,43.8,Debit Card,Failed
PAY002898,ORD002898,2026-06-16,60.4,Google Pay,Completed
PAY002899,ORD002899,2026-02-07,140.81,Credit Card,Completed
PAY002900,ORD002900,2026-01-09,48.83,Apple Pay,Completed
PAY002901,ORD002901,2026-01-20,77.96,Credit Card,Completed
PAY002902,ORD002902,2026-03-25,64.15,Credit Card,Failed
PAY002903,ORD002903,2026-01-08,31.51,PayPal,Pending
PAY002904,ORD002904,2026-01-14,43.18,Google Pay,Failed
PAY002905,ORD002905,2026-03-03,61.42,PayPal,Completed
PAY002906,ORD002906,2026-07-31,25.34,Credit Card,Completed
PAY002907,ORD002907,2026-06-12,90.29,Apple Pay,Completed
PAY002908,ORD002908,2026-02-24,166.02,Debit Card,Completed
PAY002909,ORD002909,2026-02-14,185.18,Credit Card,Pending
PAY002910,ORD002910,2026-05-29,97.82,Credit Card,Completed
PAY002911,ORD002911,2026-02-22,76.48,Credit Card,Completed
PAY002912,ORD002912,2026-07-01,16.44,Google Pay,Completed
PAY002913,ORD002913,2026-03-27,29.66,Debit Card,Completed
PAY002914,ORD002914,2026-06-20,23.02,Apple Pay,Pending
PAY002915,ORD002915,2026-01-06,43.22,Credit Card,Completed
PAY002916,ORD002916,2026-07-02,103.2,Debit Card,Pending
PAY002917,ORD002917,2026-02-13,72.57,Credit Card,Pending
PAY002918,ORD002918,2026-04-01,78.36,Debit Card,Failed
PAY002919,ORD002919,2026-07-15,83.98,Debit Card,Completed
PAY002920,ORD002920,2026-01-04,35.77,Google Pay,Completed
PAY002921,ORD002921,2026-05-01,51.51,Google Pay,Failed
PAY002922,ORD002922,2026-03-04,70.01,Debit Card,Completed
PAY002923,ORD002923,2026-04-02,131.57,PayPal,Completed
PAY002924,ORD002924,2026-08-07,55.05,Credit Card,Pending
PAY002925,ORD002925,2026-07-05,51.23,Google Pay,Completed
PAY002926,ORD002926,2026-07-01,22.91,Debit Card,Failed
PAY002927,ORD002927,2026-03-22,34.14,PayPal,Pending
PAY002928,ORD002928,2026-02-07,70.78,Debit Card,Failed
PAY002929,ORD002929,2026-07-07,53.59,Apple Pay,Completed
PAY002930,ORD002930,2026-02-21,21.61,Debit Card,Pending
PAY002931,ORD002931,2026-06-06,21.32,Apple Pay,Completed
PAY002932,ORD002932,2026-06-17,28.5,Google Pay,Completed
PAY002933,ORD002933,2026-07-18,49.54,Google Pay,Failed
PAY002934,ORD002934,2026-01-08,119.34,Debit Card,Completed
PAY002935,ORD002935,2026-04-15,72.39,Google Pay,Failed
PAY002936,ORD002936,2026-08-13,30.81,Debit Card,Completed
PAY002937,ORD002937,2026-08-12,36.69,Debit Card,Completed
PAY002938,ORD002938,2026-06-12,84.66,Apple Pay,Completed
PAY002939,ORD002939,2026-07-29,76.5,Credit Card,Completed
PAY002940,ORD002940,2026-04-25,37.31,Debit Card,Pending
PAY002941,ORD002941,2026-05-03,12.01,Credit Card,Completed
PAY002942,ORD002942,2026-01-16,74.77,PayPal,Completed
PAY002943,ORD002943,2026-01-18,47.52,Google Pay,Completed
PAY002944,ORD002944,2026-07-06,202.92,PayPal,Completed
PAY002945,ORD002945,2026-08-05,47.49,PayPal,Completed
PAY002946,ORD002946,2026-02-03,59.31,Debit Card,Completed
PAY002947,ORD002947,2026-05-12,51.99,PayPal,Completed
PAY002948,ORD002948,2026-07-16,81.96,Debit Card,Pending
PAY002949,ORD002949,2026-05-07,79.63,Google Pay,Completed
PAY002950,ORD002950,2026-07-25,27.58,Google Pay,Completed
PAY002951,ORD002951,2026-07-12,23.77,PayPal,Completed
PAY002952,ORD002952,2026-03-02,130.58,Debit Card,Pending
PAY002953,ORD002953,2026-08-02,43.45,Apple Pay,Completed
PAY002954,ORD002954,2026-02-15,88.48,Apple Pay,Completed
PAY002955,ORD002955,2026-05-29,47.43,Credit Card,Failed
PAY002956,ORD002956,2026-03-18,16.32,Credit Card,Pending
PAY002957,ORD002957,2026-08-09,160.36,Credit Card,Completed
PAY002958,ORD002958,2026-05-03,104.88,PayPal,Completed
PAY002959,ORD002959,2026-06-15,88.35,Debit Card,Completed
PAY002960,ORD002960,2026-03-14,31.0,Credit Card,Completed
PAY002961,ORD002961,2026-08-13,99.41,Debit Card,Completed
PAY002962,ORD002962,2026-03-27,73.12,PayPal,Completed
PAY002963,ORD002963,2026-03-22,36.61,Debit Card,Completed
PAY002964,ORD002964,2026-07-07,49.94,Debit Card,Failed
PAY002965,ORD002965,2026-08-03,57.39,PayPal,Completed
PAY002966,ORD002966,2026-06-13,39.98,Apple Pay,Completed
PAY002967,ORD002967,2026-05-14,75.17,Debit Card,Completed
PAY002968,ORD002968,2026-06-16,110.4,Debit Card,Completed
PAY002969,ORD002969,2026-06-06,43.71,Google Pay,Failed
PAY002970,ORD002970,2026-06-04,55.97,Google Pay,Failed
PAY002971,ORD002971,2026-03-10,55.81,Credit Card,Completed
PAY002972,ORD002972,2026-05-17,107.92,Credit Card,Completed
PAY002973,ORD002973,2026-06-01,68.62,PayPal,Completed
PAY002974,ORD002974,2026-07-10,124.13,PayPal,Completed
PAY002975,ORD002975,2026-05-27,38.12,Google Pay,Completed
PAY002976,ORD002976,2026-04-07,59.88,Google Pay,Completed
PAY002977,ORD002977,2026-05-03,90.31,Credit Card,Pending
PAY002978,ORD002978,2026-06-07,98.73,Google Pay,Pending
PAY002979,ORD002979,2026-07-05,46.35,Debit Card,Completed
PAY002980,ORD002980,2026-06-17,58.94,Debit Card,Completed
PAY002981,ORD002981,2026-04-29,33.97,Google Pay,Completed
PAY002982,ORD002982,2026-07-15,15.61,PayPal,Completed
PAY002983,ORD002983,2026-02-01,48.48,Credit Card,Completed
PAY002984,ORD002984,2026-04-23,48.62,Debit Card,Completed
PAY002985,ORD002985,2026-03-06,44.97,PayPal,Failed
PAY002986,ORD002986,2026-06-11,28.32,Google Pay,Completed
PAY002987,ORD002987,2026-03-26,89.53,Credit Card,Completed
PAY002988,ORD002988,2026-06-08,97.81,Credit Card,Completed
PAY002989,ORD002989,2026-02-28,57.69,PayPal,Completed
PAY002990,ORD002990,2026-07-25,34.18,PayPal,Pending
PAY002991,ORD002991,2026-01-26,40.26,PayPal,Completed
PAY002992,ORD002992,2026-05-30,59.12,Google Pay,Failed
PAY002993,ORD002993,2026-06-11,109.46,Google Pay,Completed
PAY002994,ORD002994,2026-08-13,23.84,PayPal,Completed
PAY002995,ORD002995,2026-05-01,40.91,Google Pay,Failed
PAY002996,ORD002996,2026-01-13,66.93,Credit Card,Completed
PAY002997,ORD002997,2026-08-12,102.42,Apple Pay,Completed
PAY002998,ORD002998,2026-02-24,23.95,Google Pay,Pending
PAY002999,ORD002999,2026-05-16,36.01,Credit Card,Failed
PAY003000,ORD003000,2026-07-09,11.86,Apple Pay,Completed
PAY003001,ORD003001,2026-05-30,150.89,Apple Pay,Completed
PAY003002,ORD003002,2026-02-25,27.79,PayPal,Completed
PAY003003,ORD003003,2026-03-25,85.4,PayPal,Completed
PAY003004,ORD003004,2026-05-29,164.1,Credit Card,Completed
PAY003005,ORD003005,2026-04-08,161.27,PayPal,Completed
PAY003006,ORD003006,2026-06-26,17.07,Apple Pay,Completed
PAY003007,ORD003007,2026-04-04,122.77,Credit Card,Failed
PAY003008,ORD003008,2026-05-14,106.74,Credit Card,Completed
PAY003009,ORD003009,2026-02-04,118.22,Credit Card,Completed
PAY003010,ORD003010,2026-06-04,12.88,PayPal,Completed
PAY003011,ORD003011,2026-07-31,39.83,PayPal,Failed
PAY003012,ORD003012,2026-05-06,18.37,PayPal,Completed
PAY003013,ORD003013,2026-04-23,43.18,Google Pay,Completed
PAY003014,ORD003014,2026-06-17,106.22,Google Pay,Completed
PAY003015,ORD003015,2026-01-14,236.97,Google Pay,Pending
PAY003016,ORD003016,2026-03-15,109.61,Credit Card,Pending
PAY003017,ORD003017,2026-02-21,79.97,PayPal,Completed
PAY003018,ORD003018,2026-04-16,42.16,Google Pay,Pending
PAY003019,ORD003019,2026-07-26,40.95,Credit Card,Pending
PAY003020,ORD003020,2026-02-09,80.98,Apple Pay,Completed
PAY003021,ORD003021,2026-02-12,55.73,Google Pay,Completed
PAY003022,ORD003022,2026-04-22,90.19,Credit Card,Completed
PAY003023,ORD003023,2026-07-05,54.95,Debit Card,Completed
PAY003024,ORD003024,2026-01-03,167.64,Google Pay,Completed
PAY003025,ORD003025,2026-05-23,121.5,Apple Pay,Completed
PAY003026,ORD003026,2026-06-22,33.3,Credit Card,Completed
PAY003027,ORD003027,2026-04-05,103.03,Google Pay,Completed
PAY003028,ORD003028,2026-05-19,72.22,Google Pay,Pending
PAY003029,ORD003029,2026-06-16,36.37,Debit Card,Failed
PAY003030,ORD003030,2026-01-19,257.0,Credit Card,Pending
PAY003031,ORD003031,2026-07-26,74.68,Credit Card,Completed
PAY003032,ORD003032,2026-05-28,77.23,Credit Card,Completed
PAY003033,ORD003033,2026-08-02,104.91,PayPal,Completed
PAY003034,ORD003034,2026-07-18,89.85,Debit Card,Completed
PAY003035,ORD003035,2026-02-25,119.91,Credit Card,Pending
PAY003036,ORD003036,2026-03-19,25.6,Debit Card,Completed
PAY003037,ORD003037,2026-04-28,161.26,PayPal,Pending
PAY003038,ORD003038,2026-05-12,79.47,Credit Card,Failed
PAY003039,ORD003039,2026-01-09,71.67,Debit Card,Completed
PAY003040,ORD003040,2026-06-02,35.8,Debit Card,Pending
PAY003041,ORD003041,2026-06-24,32.09,PayPal,Completed
PAY003042,ORD003042,2026-02-18,31.56,Debit Card,Completed
PAY003043,ORD003043,2026-06-04,43.05,PayPal,Completed
PAY003044,ORD003044,2026-01-28,62.9,Google Pay,Completed
PAY003045,ORD003045,2026-08-04,23.43,Debit Card,Completed
PAY003046,ORD003046,2026-08-13,207.68,PayPal,Completed
PAY003047,ORD003047,2026-08-13,85.75,Apple Pay,Pending
PAY003048,ORD003048,2026-07-09,28.89,Credit Card,Completed
PAY003049,ORD003049,2026-01-16,119.61,Credit Card,Completed
PAY003050,ORD003050,2026-03-28,42.27,Credit Card,Completed
PAY003051,ORD003051,2026-06-23,35.13,PayPal,Completed
PAY003052,ORD003052,2026-07-22,149.54,PayPal,Completed
PAY003053,ORD003053,2026-06-23,38.11,Credit Card,Completed
PAY003054,ORD003054,2026-06-17,62.52,PayPal,Completed
PAY003055,ORD003055,2026-03-24,114.04,Debit Card,Completed
PAY003056,ORD003056,2026-02-03,137.92,Debit Card,Completed
PAY003057,ORD003057,2026-08-03,72.17,Debit Card,Pending
PAY003058,ORD003058,2026-05-18,18.0,Google Pay,Failed
PAY003059,ORD003059,2026-01-01,28.6,Credit Card,Completed
PAY003060,ORD003060,2026-03-07,166.27,Apple Pay,Completed
PAY003061,ORD003061,2026-04-25,110.39,Credit Card,Pending
PAY003062,ORD003062,2026-08-02,95.51,Debit Card,Pending
PAY003063,ORD003063,2026-05-25,36.36,Credit Card,Completed
PAY003064,ORD003064,2026-02-16,29.83,Google Pay,Completed
PAY003065,ORD003065,2026-01-24,22.36,Debit Card,Failed
PAY003066,ORD003066,2026-06-27,41.69,Google Pay,Completed
PAY003067,ORD003067,2026-08-01,78.64,Google Pay,Completed
PAY003068,ORD003068,2026-04-14,166.71,Google Pay,Failed
PAY003069,ORD003069,2026-01-29,56.11,Debit Card,Completed
PAY003070,ORD003070,2026-07-25,59.26,Google Pay,Completed
PAY003071,ORD003071,2026-03-13,116.15,Google Pay,Failed
PAY003072,ORD003072,2026-08-10,43.0,Apple Pay,Completed
PAY003073,ORD003073,2026-03-27,54.43,Credit Card,Pending
PAY003074,ORD003074,2026-08-03,63.94,Apple Pay,Completed
PAY003075,ORD003075,2026-04-14,41.94,Credit Card,Completed
PAY003076,ORD003076,2026-05-21,84.92,Debit Card,Pending
PAY003077,ORD003077,2026-07-11,65.93,Apple Pay,Pending
PAY003078,ORD003078,2026-06-05,69.11,PayPal,Completed
PAY003079,ORD003079,2026-08-10,30.18,Debit Card,Completed
PAY003080,ORD003080,2026-05-13,106.86,Debit Card,Completed
PAY003081,ORD003081,2026-03-15,196.1,Credit Card,Completed
PAY003082,ORD003082,2026-05-17,101.33,Credit Card,Failed
PAY003083,ORD003083,2026-05-22,35.65,Google Pay,Failed
PAY003084,ORD003084,2026-04-12,20.15,PayPal,Completed
PAY003085,ORD003085,2026-05-18,55.41,Debit Card,Completed
PAY003086,ORD003086,2026-06-10,91.29,Debit Card,Completed
PAY003087,ORD003087,2026-03-16,37.46,Apple Pay,Failed
PAY003088,ORD003088,2026-02-09,48.23,Credit Card,Completed
PAY003089,ORD003089,2026-05-14,132.38,Apple Pay,Completed
PAY003090,ORD003090,2026-01-17,19.86,Credit Card,Completed
PAY003091,ORD003091,2026-06-13,75.36,Credit Card,Completed
PAY003092,ORD003092,2026-03-11,28.68,Apple Pay,Completed
PAY003093,ORD003093,2026-03-02,109.38,Apple Pay,Completed
PAY003094,ORD003094,2026-04-21,103.01,Apple Pay,Completed
PAY003095,ORD003095,2026-07-21,58.69,Credit Card,Completed
PAY003096,ORD003096,2026-06-26,74.07,PayPal,Completed
PAY003097,ORD003097,2026-07-16,31.9,Apple Pay,Pending
PAY003098,ORD003098,2026-03-24,108.78,Credit Card,Completed
PAY003099,ORD003099,2026-07-18,79.77,Apple Pay,Completed
PAY003100,ORD003100,2026-01-24,58.27,PayPal,Pending
PAY003101,ORD003101,2026-02-20,34.96,PayPal,Completed
PAY003102,ORD003102,2026-06-19,64.48,Google Pay,Completed
PAY003103,ORD003103,2026-05-27,46.43,Google Pay,Completed
PAY003104,ORD003104,2026-03-03,105.05,PayPal,Failed
PAY003105,ORD003105,2026-07-22,190.49,Apple Pay,Completed
PAY003106,ORD003106,2026-03-08,95.9,Google Pay,Pending
PAY003107,ORD003107,2026-01-30,47.1,Credit Card,Completed
PAY003108,ORD003108,2026-04-17,167.0,PayPal,Completed
PAY003109,ORD003109,2026-06-15,45.55,Apple Pay,Completed
PAY003110,ORD003110,2026-05-14,73.74,Credit Card,Failed
PAY003111,ORD003111,2026-04-21,45.11,PayPal,Completed
PAY003112,ORD003112,2026-05-30,61.29,PayPal,Completed
PAY003113,ORD003113,2026-05-01,17.94,Apple Pay,Pending
PAY003114,ORD003114,2026-01-11,26.03,Apple Pay,Failed
PAY003115,ORD003115,2026-03-13,57.76,Debit Card,Completed
PAY003116,ORD003116,2026-04-01,74.06,Apple Pay,Completed
PAY003117,ORD003117,2026-01-29,54.79,Credit Card,Failed
PAY003118,ORD003118,2026-04-29,110.78,Google Pay,Completed
PAY003119,ORD003119,2026-04-29,13.64,Apple Pay,Pending
PAY003120,ORD003120,2026-01-08,84.14,Apple Pay,Pending
PAY003121,ORD003121,2026-08-03,152.65,Google Pay,Pending
PAY003122,ORD003122,2026-08-09,103.91,Google Pay,Completed
PAY003123,ORD003123,2026-03-21,95.97,PayPal,Completed
PAY003124,ORD003124,2026-06-12,121.08,PayPal,Completed
PAY003125,ORD003125,2026-03-13,25.88,Google Pay,Failed
PAY003126,ORD003126,2026-07-19,25.8,Google Pay,Completed
PAY003127,ORD003127,2026-06-22,48.44,Google Pay,Completed
PAY003128,ORD003128,2026-02-02,56.13,Credit Card,Failed
PAY003129,ORD003129,2026-01-05,68.69,Debit Card,Completed
PAY003130,ORD003130,2026-07-09,25.96,Credit Card,Completed
PAY003131,ORD003131,2026-06-14,50.24,Debit Card,Completed
PAY003132,ORD003132,2026-05-25,118.39,PayPal,Pending
PAY003133,ORD003133,2026-01-22,47.01,Google Pay,Completed
PAY003134,ORD003134,2026-03-19,19.72,Credit Card,Completed
PAY003135,ORD003135,2026-06-09,20.01,Google Pay,Completed
PAY003136,ORD003136,2026-01-14,120.99,Google Pay,Completed
PAY003137,ORD003137,2026-05-28,169.76,Google Pay,Failed
PAY003138,ORD003138,2026-05-30,35.08,Credit Card,Pending
PAY003139,ORD003139,2026-01-30,109.98,Google Pay,Pending
PAY003140,ORD003140,2026-07-01,93.78,PayPal,Completed
PAY003141,ORD003141,2026-06-10,22.24,Debit Card,Completed
PAY003142,ORD003142,2026-01-05,85.71,Apple Pay,Completed
PAY003143,ORD003143,2026-01-18,98.1,PayPal,Failed
PAY003144,ORD003144,2026-03-04,49.28,Debit Card,Pending
PAY003145,ORD003145,2026-06-23,45.45,Apple Pay,Completed
PAY003146,ORD003146,2026-05-15,70.86,Google Pay,Pending
PAY003147,ORD003147,2026-06-06,34.93,PayPal,Completed
PAY003148,ORD003148,2026-02-26,136.82,Apple Pay,Completed
PAY003149,ORD003149,2026-06-24,59.72,Apple Pay,Completed
PAY003150,ORD003150,2026-01-09,44.55,Apple Pay,Pending
PAY003151,ORD003151,2026-07-06,54.51,Google Pay,Failed
PAY003152,ORD003152,2026-04-22,121.48,Debit Card,Completed
PAY003153,ORD003153,2026-04-15,54.47,Debit Card,Completed
PAY003154,ORD003154,2026-05-03,44.0,PayPal,Completed
PAY003155,ORD003155,2026-03-12,19.87,Google Pay,Completed
PAY003156,ORD003156,2026-07-18,68.03,Debit Card,Completed
PAY003157,ORD003157,2026-04-23,49.45,PayPal,Completed
PAY003158,ORD003158,2026-06-20,26.14,Debit Card,Failed
PAY003159,ORD003159,2026-02-28,81.73,Credit Card,Completed
PAY003160,ORD003160,2026-01-06,28.13,Google Pay,Completed
PAY003161,ORD003161,2026-04-20,38.45,Credit Card,Pending
PAY003162,ORD003162,2026-04-21,83.76,Debit Card,Completed
PAY003163,ORD003163,2026-02-22,83.43,Debit Card,Completed
PAY003164,ORD003164,2026-03-05,63.76,Credit Card,Failed
PAY003165,ORD003165,2026-08-07,49.91,Google Pay,Pending
PAY003166,ORD003166,2026-01-04,43.2,PayPal,Completed
PAY003167,ORD003167,2026-01-01,32.7,Apple Pay,Completed
PAY003168,ORD003168,2026-03-11,49.37,Credit Card,Completed
PAY003169,ORD003169,2026-01-31,126.72,Google Pay,Completed
PAY003170,ORD003170,2026-03-06,27.81,Google Pay,Completed
PAY003171,ORD003171,2026-04-27,9.9,Apple Pay,Completed
PAY003172,ORD003172,2026-07-16,35.82,PayPal,Pending
PAY003173,ORD003173,2026-01-19,175.58,PayPal,Pending
PAY003174,ORD003174,2026-07-16,45.61,Debit Card,Completed
PAY003175,ORD003175,2026-04-28,60.94,Debit Card,Completed
PAY003176,ORD003176,2026-03-10,63.73,Credit Card,Completed
PAY003177,ORD003177,2026-06-26,37.38,PayPal,Pending
PAY003178,ORD003178,2026-01-31,155.27,Credit Card,Completed
PAY003179,ORD003179,2026-07-07,51.1,Debit Card,Completed
PAY003180,ORD003180,2026-07-18,128.04,Credit Card,Completed
PAY003181,ORD003181,2026-03-20,62.54,Apple Pay,Pending
PAY003182,ORD003182,2026-02-24,64.34,Credit Card,Failed
PAY003183,ORD003183,2026-07-24,29.28,Debit Card,Completed
PAY003184,ORD003184,2026-07-23,123.31,Debit Card,Failed
PAY003185,ORD003185,2026-05-07,53.06,Apple Pay,Completed
PAY003186,ORD003186,2026-07-30,66.45,Apple Pay,Pending
PAY003187,ORD003187,2026-03-18,198.21,PayPal,Failed
PAY003188,ORD003188,2026-04-01,73.12,Apple Pay,Completed
PAY003189,ORD003189,2026-06-15,68.36,Apple Pay,Completed
PAY003190,ORD003190,2026-06-10,119.95,PayPal,Completed
PAY003191,ORD003191,2026-01-06,96.16,Apple Pay,Completed
PAY003192,ORD003192,2026-05-21,43.69,Google Pay,Completed
PAY003193,ORD003193,2026-07-24,40.33,Google Pay,Failed
PAY003194,ORD003194,2026-07-24,82.41,Google Pay,Pending
PAY003195,ORD003195,2026-01-20,41.02,Apple Pay,Completed
PAY003196,ORD003196,2026-04-10,62.27,Debit Card,Completed
PAY003197,ORD003197,2026-06-14,25.08,Debit Card,Failed
PAY003198,ORD003198,2026-02-14,196.25,PayPal,Completed
PAY003199,ORD003199,2026-07-20,38.79,Debit Card,Completed
PAY003200,ORD003200,2026-03-22,91.66,Debit Card,Completed
PAY003201,ORD003201,2026-02-28,93.86,PayPal,Completed
PAY003202,ORD003202,2026-02-21,204.34,Google Pay,Pending
PAY003203,ORD003203,2026-05-26,75.43,PayPal,Completed
PAY003204,ORD003204,2026-01-25,45.78,Debit Card,Completed
PAY003205,ORD003205,2026-05-03,58.73,Debit Card,Completed
PAY003206,ORD003206,2026-07-26,32.86,PayPal,Completed
PAY003207,ORD003207,2026-08-03,152.29,Apple Pay,Failed
PAY003208,ORD003208,2026-05-09,48.33,Debit Card,Completed
PAY003209,ORD003209,2026-02-10,206.57,Debit Card,Completed
PAY003210,ORD003210,2026-04-12,38.14,PayPal,Completed
PAY003211,ORD003211,2026-01-18,365.87,Debit Card,Completed
PAY003212,ORD003212,2026-05-09,37.42,Apple Pay,Pending
PAY003213,ORD003213,2026-06-16,36.08,Apple Pay,Completed
PAY003214,ORD003214,2026-07-21,38.57,PayPal,Pending
PAY003215,ORD003215,2026-06-08,37.81,Credit Card,Completed
PAY003216,ORD003216,2026-04-12,78.25,Google Pay,Completed
PAY003217,ORD003217,2026-03-12,33.91,Apple Pay,Completed
PAY003218,ORD003218,2026-06-15,27.0,Apple Pay,Completed
PAY003219,ORD003219,2026-01-08,31.98,Google Pay,Completed
PAY003220,ORD003220,2026-06-11,249.11,PayPal,Failed
PAY003221,ORD003221,2026-03-14,27.37,Debit Card,Completed
PAY003222,ORD003222,2026-03-30,68.8,PayPal,Completed
PAY003223,ORD003223,2026-01-27,31.75,Credit Card,Pending
PAY003224,ORD003224,2026-06-18,83.29,Credit Card,Completed
PAY003225,ORD003225,2026-01-07,67.42,Google Pay,Completed
PAY003226,ORD003226,2026-02-01,193.29,Credit Card,Pending
PAY003227,ORD003227,2026-03-14,44.31,Credit Card,Completed
PAY003228,ORD003228,2026-07-28,81.32,Google Pay,Pending
PAY003229,ORD003229,2026-04-09,125.4,Google Pay,Completed
PAY003230,ORD003230,2026-04-22,46.61,Google Pay,Failed
PAY003231,ORD003231,2026-05-24,69.95,Google Pay,Failed
PAY003232,ORD003232,2026-05-10,21.05,Google Pay,Pending
PAY003233,ORD003233,2026-06-20,82.44,Apple Pay,Failed
PAY003234,ORD003234,2026-01-31,68.54,Debit Card,Completed
PAY003235,ORD003235,2026-03-21,35.45,Google Pay,Pending
PAY003236,ORD003236,2026-06-24,25.42,Debit Card,Completed
PAY003237,ORD003237,2026-02-02,49.78,Credit Card,Pending
PAY003238,ORD003238,2026-08-01,26.24,Apple Pay,Completed
PAY003239,ORD003239,2026-05-25,64.65,Google Pay,Failed
PAY003240,ORD003240,2026-04-09,93.11,Apple Pay,Failed
PAY003241,ORD003241,2026-02-23,17.67,PayPal,Failed
PAY003242,ORD003242,2026-02-23,33.51,Debit Card,Pending
PAY003243,ORD003243,2026-06-28,185.9,Google Pay,Completed
PAY003244,ORD003244,2026-06-29,92.51,Debit Card,Failed
PAY003245,ORD003245,2026-05-15,22.37,Debit Card,Pending
PAY003246,ORD003246,2026-07-01,42.79,PayPal,Pending
PAY003247,ORD003247,2026-08-09,17.01,Debit Card,Pending
PAY003248,ORD003248,2026-05-19,134.39,Credit Card,Completed
PAY003249,ORD003249,2026-07-09,59.68,Debit Card,Completed
PAY003250,ORD003250,2026-01-30,66.14,PayPal,Completed
PAY003251,ORD003251,2026-03-23,139.07,PayPal,Failed
PAY003252,ORD003252,2026-02-26,51.36,Google Pay,Failed
PAY003253,ORD003253,2026-06-23,73.1,Credit Card,Completed
PAY003254,ORD003254,2026-07-27,129.3,Debit Card,Completed
PAY003255,ORD003255,2026-03-11,34.05,PayPal,Completed
PAY003256,ORD003256,2026-03-07,25.21,PayPal,Pending
PAY003257,ORD003257,2026-07-02,211.8,Debit Card,Completed
PAY003258,ORD003258,2026-04-17,35.96,Debit Card,Completed
PAY003259,ORD003259,2026-07-05,11.56,Google Pay,Completed
PAY003260,ORD003260,2026-01-10,36.42,Google Pay,Failed
PAY003261,ORD003261,2026-05-12,37.59,Credit Card,Completed
PAY003262,ORD003262,2026-03-15,248.08,Google Pay,Completed
PAY003263,ORD003263,2026-03-14,88.69,Google Pay,Completed
PAY003264,ORD003264,2026-03-03,52.0,Apple Pay,Completed
PAY003265,ORD003265,2026-04-19,37.23,Debit Card,Completed
PAY003266,ORD003266,2026-06-20,97.33,Google Pay,Pending
PAY003267,ORD003267,2026-02-11,125.99,Apple Pay,Failed
PAY003268,ORD003268,2026-01-24,85.46,Apple Pay,Failed
PAY003269,ORD003269,2026-01-05,114.97,Google Pay,Completed
PAY003270,ORD003270,2026-04-09,178.59,PayPal,Failed
PAY003271,ORD003271,2026-07-15,64.44,Google Pay,Completed
PAY003272,ORD003272,2026-04-09,42.3,Google Pay,Pending
PAY003273,ORD003273,2026-04-30,44.67,Debit Card,Completed
PAY003274,ORD003274,2026-03-18,145.04,PayPal,Failed
PAY003275,ORD003275,2026-04-11,100.56,Credit Card,Completed
PAY003276,ORD003276,2026-04-06,66.97,Google Pay,Failed
PAY003277,ORD003277,2026-06-22,41.31,Google Pay,Completed
PAY003278,ORD003278,2026-07-06,34.26,Debit Card,Completed
PAY003279,ORD003279,2026-04-30,60.37,Credit Card,Failed
PAY003280,ORD003280,2026-03-06,29.99,Apple Pay,Pending
PAY003281,ORD003281,2026-07-10,51.45,PayPal,Pending
PAY003282,ORD003282,2026-05-01,139.1,Credit Card,Completed
PAY003283,ORD003283,2026-07-22,55.06,Google Pay,Pending
PAY003284,ORD003284,2026-03-31,51.08,Apple Pay,Completed
PAY003285,ORD003285,2026-07-14,66.67,Debit Card,Failed
PAY003286,ORD003286,2026-06-26,118.66,Google Pay,Failed
PAY003287,ORD003287,2026-04-25,213.2,Debit Card,Completed
PAY003288,ORD003288,2026-03-18,26.84,PayPal,Completed
PAY003289,ORD003289,2026-02-01,140.06,Debit Card,Completed
PAY003290,ORD003290,2026-04-22,105.74,Credit Card,Pending
PAY003291,ORD003291,2026-06-27,25.43,Credit Card,Completed
PAY003292,ORD003292,2026-08-03,30.45,PayPal,Pending
PAY003293,ORD003293,2026-07-05,117.89,PayPal,Completed
PAY003294,ORD003294,2026-02-21,88.93,PayPal,Completed
PAY003295,ORD003295,2026-01-23,17.93,Credit Card,Failed
PAY003296,ORD003296,2026-01-30,33.73,Google Pay,Completed
PAY003297,ORD003297,2026-03-11,87.64,Credit Card,Completed
PAY003298,ORD003298,2026-03-12,115.58,Debit Card,Failed
PAY003299,ORD003299,2026-04-21,79.76,PayPal,Completed
PAY003300,ORD003300,2026-06-07,13.86,Apple Pay,Completed
PAY003301,ORD003301,2026-02-06,36.44,Credit Card,Completed
PAY003302,ORD003302,2026-02-17,30.42,Apple Pay,Failed
PAY003303,ORD003303,2026-06-09,97.95,Google Pay,Pending
PAY003304,ORD003304,2026-03-11,43.53,Credit Card,Pending
PAY003305,ORD003305,2026-02-04,87.7,Google Pay,Completed
PAY003306,ORD003306,2026-08-12,68.04,Google Pay,Pending
PAY003307,ORD003307,2026-07-23,26.62,Credit Card,Completed
PAY003308,ORD003308,2026-03-09,111.93,Credit Card,Failed
PAY003309,ORD003309,2026-06-09,136.36,Google Pay,Pending
PAY003310,ORD003310,2026-02-28,116.01,PayPal,Completed
PAY003311,ORD003311,2026-04-28,70.22,Credit Card,Completed
PAY003312,ORD003312,2026-06-12,56.51,Google Pay,Pending
PAY003313,ORD003313,2026-04-22,39.34,Debit Card,Completed
PAY003314,ORD003314,2026-05-24,146.37,Apple Pay,Completed
PAY003315,ORD003315,2026-04-29,187.32,Debit Card,Completed
PAY003316,ORD003316,2026-04-25,38.05,Credit Card,Completed
PAY003317,ORD003317,2026-07-26,28.16,Credit Card,Pending
PAY003318,ORD003318,2026-04-15,29.08,Credit Card,Pending
PAY003319,ORD003319,2026-06-29,30.76,Credit Card,Completed
PAY003320,ORD003320,2026-03-07,75.98,Debit Card,Completed
PAY003321,ORD003321,2026-01-06,24.0,PayPal,Completed
PAY003322,ORD003322,2026-01-14,40.77,Google Pay,Pending
PAY003323,ORD003323,2026-06-06,41.58,Google Pay,Completed
PAY003324,ORD003324,2026-04-16,68.14,Google Pay,Failed
PAY003325,ORD003325,2026-06-03,52.27,Apple Pay,Completed
PAY003326,ORD003326,2026-01-18,82.55,Credit Card,Completed
PAY003327,ORD003327,2026-01-04,55.65,Debit Card,Failed
PAY003328,ORD003328,2026-02-26,69.43,Debit Card,Completed
PAY003329,ORD003329,2026-04-29,233.39,Debit Card,Failed
PAY003330,ORD003330,2026-02-22,66.39,PayPal,Failed
PAY003331,ORD003331,2026-04-12,72.82,Credit Card,Completed
PAY003332,ORD003332,2026-01-25,328.76,Google Pay,Pending
PAY003333,ORD003333,2026-06-24,54.32,Google Pay,Completed
PAY003334,ORD003334,2026-06-29,168.65,Credit Card,Pending
PAY003335,ORD003335,2026-08-09,142.67,Google Pay,Completed
PAY003336,ORD003336,2026-06-11,31.29,Google Pay,Pending
PAY003337,ORD003337,2026-05-24,66.94,Credit Card,Completed
PAY003338,ORD003338,2026-04-04,94.44,Debit Card,Completed
PAY003339,ORD003339,2026-08-03,116.61,Apple Pay,Completed
PAY003340,ORD003340,2026-05-07,34.73,Credit Card,Completed
PAY003341,ORD003341,2026-05-04,34.66,Google Pay,Completed
PAY003342,ORD003342,2026-02-05,112.5,Google Pay,Completed
PAY003343,ORD003343,2026-06-05,29.73,Apple Pay,Completed
PAY003344,ORD003344,2026-07-12,48.07,Apple Pay,Failed
PAY003345,ORD003345,2026-03-13,22.24,Apple Pay,Completed
PAY003346,ORD003346,2026-02-22,33.73,Credit Card,Completed
PAY003347,ORD003347,2026-06-19,50.86,Debit Card,Completed
PAY003348,ORD003348,2026-03-20,54.7,Apple Pay,Failed
PAY003349,ORD003349,2026-04-08,66.68,PayPal,Completed
PAY003350,ORD003350,2026-05-27,55.03,Debit Card,Failed
PAY003351,ORD003351,2026-02-13,113.92,Apple Pay,Completed
PAY003352,ORD003352,2026-01-30,144.3,Google Pay,Completed
PAY003353,ORD003353,2026-03-15,37.02,Credit Card,Completed
PAY003354,ORD003354,2026-06-21,18.69,Google Pay,Completed
PAY003355,ORD003355,2026-04-27,80.9,Google Pay,Completed
PAY003356,ORD003356,2026-06-04,123.35,Credit Card,Failed
PAY003357,ORD003357,2026-03-25,35.05,Debit Card,Completed
PAY003358,ORD003358,2026-08-05,48.69,Google Pay,Completed
PAY003359,ORD003359,2026-03-14,118.96,Debit Card,Failed
PAY003360,ORD003360,2026-02-03,131.11,Credit Card,Completed
PAY003361,ORD003361,2026-05-07,83.82,Apple Pay,Completed
PAY003362,ORD003362,2026-03-26,61.95,Google Pay,Completed
PAY003363,ORD003363,2026-06-01,42.97,Google Pay,Completed
PAY003364,ORD003364,2026-02-25,70.5,Credit Card,Completed
PAY003365,ORD003365,2026-01-07,64.11,Credit Card,Completed
PAY003366,ORD003366,2026-07-15,96.02,Apple Pay,Completed
PAY003367,ORD003367,2026-02-20,80.04,Credit Card,Completed
PAY003368,ORD003368,2026-05-16,22.93,PayPal,Pending
PAY003369,ORD003369,2026-07-03,54.61,PayPal,Completed
PAY003370,ORD003370,2026-07-24,150.56,Credit Card,Pending
PAY003371,ORD003371,2026-02-27,11.25,Apple Pay,Completed
PAY003372,ORD003372,2026-03-26,23.52,PayPal,Completed
PAY003373,ORD003373,2026-03-10,29.88,Google Pay,Completed
PAY003374,ORD003374,2026-01-08,95.98,Apple Pay,Completed
PAY003375,ORD003375,2026-07-13,42.55,Credit Card,Completed
PAY003376,ORD003376,2026-06-01,65.48,PayPal,Completed
PAY003377,ORD003377,2026-06-19,85.28,Apple Pay,Completed
PAY003378,ORD003378,2026-02-23,84.9,Google Pay,Completed
PAY003379,ORD003379,2026-05-24,37.97,Credit Card,Failed
PAY003380,ORD003380,2026-05-12,48.38,Debit Card,Completed
PAY003381,ORD003381,2026-02-28,52.49,PayPal,Completed
PAY003382,ORD003382,2026-04-04,192.25,Google Pay,Failed
PAY003383,ORD003383,2026-02-15,51.99,Apple Pay,Pending
PAY003384,ORD003384,2026-04-04,92.93,PayPal,Completed
PAY003385,ORD003385,2026-04-09,99.59,PayPal,Completed
PAY003386,ORD003386,2026-01-13,129.91,Credit Card,Pending
PAY003387,ORD003387,2026-02-06,111.89,Google Pay,Failed
PAY003388,ORD003388,2026-07-01,62.77,PayPal,Completed
PAY003389,ORD003389,2026-06-26,85.27,PayPal,Pending
PAY003390,ORD003390,2026-03-16,345.07,Google Pay,Completed
PAY003391,ORD003391,2026-02-27,35.99,Apple Pay,Completed
PAY003392,ORD003392,2026-01-19,42.38,Credit Card,Completed
PAY003393,ORD003393,2026-05-26,26.98,PayPal,Completed
PAY003394,ORD003394,2026-07-07,68.77,Google Pay,Failed
PAY003395,ORD003395,2026-05-25,43.63,Debit Card,Completed
PAY003396,ORD003396,2026-05-19,28.73,Apple Pay,Failed
PAY003397,ORD003397,2026-05-23,60.66,Credit Card,Completed
PAY003398,ORD003398,2026-07-19,23.17,Debit Card,Completed
PAY003399,ORD003399,2026-04-18,145.52,Apple Pay,Failed
PAY003400,ORD003400,2026-08-09,125.01,PayPal,Completed
PAY003401,ORD003401,2026-05-25,207.68,Credit Card,Failed
PAY003402,ORD003402,2026-03-31,387.04,Apple Pay,Completed
PAY003403,ORD003403,2026-04-30,19.3,Apple Pay,Completed
PAY003404,ORD003404,2026-01-05,53.91,Apple Pay,Completed
PAY003405,ORD003405,2026-07-08,149.11,Apple Pay,Failed
PAY003406,ORD003406,2026-05-12,146.74,Debit Card,Pending
PAY003407,ORD003407,2026-02-25,110.16,Credit Card,Completed
PAY003408,ORD003408,2026-08-04,29.0,PayPal,Completed
PAY003409,ORD003409,2026-07-22,73.42,Credit Card,Failed
PAY003410,ORD003410,2026-08-10,126.67,Debit Card,Pending
PAY003411,ORD003411,2026-04-14,47.41,Credit Card,Completed
PAY003412,ORD003412,2026-02-17,35.37,Debit Card,Completed
PAY003413,ORD003413,2026-02-17,49.76,Debit Card,Failed
PAY003414,ORD003414,2026-06-12,40.59,Debit Card,Completed
PAY003415,ORD003415,2026-04-19,73.01,Debit Card,Pending
PAY003416,ORD003416,2026-06-10,22.09,Apple Pay,Completed
PAY003417,ORD003417,2026-04-10,190.4,Credit Card,Completed
PAY003418,ORD003418,2026-01-21,40.67,Google Pay,Completed
PAY003419,ORD003419,2026-04-12,29.68,Debit Card,Completed
PAY003420,ORD003420,2026-01-05,45.54,Debit Card,Completed
PAY003421,ORD003421,2026-07-11,72.89,Credit Card,Completed
PAY003422,ORD003422,2026-07-16,20.3,Apple Pay,Pending
PAY003423,ORD003423,2026-05-29,40.4,PayPal,Completed
PAY003424,ORD003424,2026-03-30,57.74,Debit Card,Completed
PAY003425,ORD003425,2026-03-15,37.65,Apple Pay,Failed
PAY003426,ORD003426,2026-05-02,30.78,Apple Pay,Completed
PAY003427,ORD003427,2026-07-30,117.12,Google Pay,Pending
PAY003428,ORD003428,2026-06-09,115.43,Debit Card,Failed
PAY003429,ORD003429,2026-05-26,114.18,Apple Pay,Completed
PAY003430,ORD003430,2026-02-27,89.7,Google Pay,Pending
PAY003431,ORD003431,2026-04-08,26.25,Apple Pay,Completed
PAY003432,ORD003432,2026-03-20,59.36,Google Pay,Completed
PAY003433,ORD003433,2026-06-01,155.77,Google Pay,Completed
PAY003434,ORD003434,2026-01-05,25.84,Google Pay,Completed
PAY003435,ORD003435,2026-05-07,30.27,Apple Pay,Completed
PAY003436,ORD003436,2026-06-30,72.88,PayPal,Completed
PAY003437,ORD003437,2026-04-06,102.75,Credit Card,Failed
PAY003438,ORD003438,2026-07-20,97.2,Google Pay,Failed
PAY003439,ORD003439,2026-07-02,75.57,Debit Card,Completed
PAY003440,ORD003440,2026-05-13,29.9,Credit Card,Failed
PAY003441,ORD003441,2026-07-16,85.05,PayPal,Completed
PAY003442,ORD003442,2026-05-02,39.11,Credit Card,Completed
PAY003443,ORD003443,2026-06-18,76.6,Credit Card,Completed
PAY003444,ORD003444,2026-04-08,55.4,PayPal,Failed
PAY003445,ORD003445,2026-05-15,48.41,Debit Card,Completed
PAY003446,ORD003446,2026-03-31,308.34,Google Pay,Pending
PAY003447,ORD003447,2026-05-09,26.33,Apple Pay,Completed
PAY003448,ORD003448,2026-02-21,36.01,Debit Card,Failed
PAY003449,ORD003449,2026-04-08,127.49,Debit Card,Completed
PAY003450,ORD003450,2026-01-26,204.26,Google Pay,Pending
PAY003451,ORD003451,2026-05-01,96.4,Debit Card,Completed
PAY003452,ORD003452,2026-08-12,51.45,Debit Card,Completed
PAY003453,ORD003453,2026-07-10,34.7,Credit Card,Completed
PAY003454,ORD003454,2026-01-12,110.36,Credit Card,Pending
PAY003455,ORD003455,2026-03-11,60.01,PayPal,Failed
PAY003456,ORD003456,2026-03-25,41.87,PayPal,Pending
PAY003457,ORD003457,2026-01-19,127.62,PayPal,Completed
PAY003458,ORD003458,2026-07-27,54.32,Apple Pay,Pending
PAY003459,ORD003459,2026-05-12,24.07,Google Pay,Completed
PAY003460,ORD003460,2026-04-06,65.59,Apple Pay,Completed
PAY003461,ORD003461,2026-07-29,47.36,Apple Pay,Pending
PAY003462,ORD003462,2026-01-05,30.03,PayPal,Completed
PAY003463,ORD003463,2026-05-01,74.8,Google Pay,Pending
PAY003464,ORD003464,2026-05-08,82.81,Apple Pay,Failed
PAY003465,ORD003465,2026-02-23,10.34,Credit Card,Completed
PAY003466,ORD003466,2026-07-17,129.53,Apple Pay,Completed
PAY003467,ORD003467,2026-07-04,121.92,Credit Card,Completed
PAY003468,ORD003468,2026-07-25,55.66,Apple Pay,Completed
PAY003469,ORD003469,2026-06-29,34.7,Google Pay,Completed
PAY003470,ORD003470,2026-01-18,88.13,Credit Card,Failed
PAY003471,ORD003471,2026-03-05,60.45,Credit Card,Completed
PAY003472,ORD003472,2026-05-18,41.58,PayPal,Completed
PAY003473,ORD003473,2026-01-23,42.22,Credit Card,Completed
PAY003474,ORD003474,2026-04-30,68.32,Apple Pay,Completed
PAY003475,ORD003475,2026-04-25,152.84,Apple Pay,Failed
PAY003476,ORD003476,2026-03-23,24.03,PayPal,Completed
PAY003477,ORD003477,2026-07-15,74.99,Debit Card,Completed
PAY003478,ORD003478,2026-06-29,32.42,Credit Card,Pending
PAY003479,ORD003479,2026-04-06,75.39,Credit Card,Pending
PAY003480,ORD003480,2026-06-24,90.31,Credit Card,Failed
PAY003481,ORD003481,2026-07-17,25.43,Apple Pay,Failed
PAY003482,ORD003482,2026-01-26,90.07,Google Pay,Completed
PAY003483,ORD003483,2026-07-17,72.31,Google Pay,Completed
PAY003484,ORD003484,2026-04-09,150.33,Google Pay,Failed
PAY003485,ORD003485,2026-06-20,61.28,PayPal,Completed
PAY003486,ORD003486,2026-07-16,73.7,PayPal,Pending
PAY003487,ORD003487,2026-07-10,81.39,Apple Pay,Completed
PAY003488,ORD003488,2026-07-25,162.91,Google Pay,Failed
PAY003489,ORD003489,2026-03-07,16.91,Debit Card,Completed
PAY003490,ORD003490,2026-04-14,20.31,Credit Card,Completed
PAY003491,ORD003491,2026-07-10,56.16,Google Pay,Pending
PAY003492,ORD003492,2026-05-21,77.81,Debit Card,Completed
PAY003493,ORD003493,2026-06-28,18.93,Credit Card,Completed
PAY003494,ORD003494,2026-01-05,57.74,Credit Card,Pending
PAY003495,ORD003495,2026-06-24,35.6,PayPal,Completed
PAY003496,ORD003496,2026-06-13,24.4,Debit Card,Failed
PAY003497,ORD003497,2026-06-13,53.44,Google Pay,Completed
PAY003498,ORD003498,2026-06-27,99.32,Google Pay,Completed
PAY003499,ORD003499,2026-07-03,220.33,Apple Pay,Completed
PAY003500,ORD003500,2026-01-19,265.11,Debit Card,Failed
PAY003501,ORD003501,2026-01-20,144.22,Credit Card,Failed
PAY003502,ORD003502,2026-05-30,75.67,PayPal,Completed
PAY003503,ORD003503,2026-01-31,55.94,Apple Pay,Completed
PAY003504,ORD003504,2026-04-15,66.98,PayPal,Pending
PAY003505,ORD003505,2026-07-09,66.93,Credit Card,Pending
PAY003506,ORD003506,2026-02-13,132.07,Credit Card,Completed
PAY003507,ORD003507,2026-07-15,184.9,PayPal,Completed
PAY003508,ORD003508,2026-07-14,26.7,Apple Pay,Completed
PAY003509,ORD003509,2026-04-11,49.01,Credit Card,Completed
PAY003510,ORD003510,2026-03-30,117.95,Google Pay,Completed
PAY003511,ORD003511,2026-02-18,55.21,Google Pay,Pending
PAY003512,ORD003512,2026-02-28,45.2,Google Pay,Completed
PAY003513,ORD003513,2026-05-12,135.83,Apple Pay,Failed
PAY003514,ORD003514,2026-04-27,42.27,Apple Pay,Completed
PAY003515,ORD003515,2026-06-16,95.62,Debit Card,Completed
PAY003516,ORD003516,2026-05-15,48.31,Debit Card,Pending
PAY003517,ORD003517,2026-07-18,284.79,Google Pay,Pending
PAY003518,ORD003518,2026-06-26,144.91,PayPal,Completed
PAY003519,ORD003519,2026-03-30,47.89,PayPal,Pending
PAY003520,ORD003520,2026-01-15,73.28,Google Pay,Pending
PAY003521,ORD003521,2026-01-07,90.99,Debit Card,Failed
PAY003522,ORD003522,2026-06-24,45.01,Apple Pay,Completed
PAY003523,ORD003523,2026-04-26,48.39,PayPal,Failed
PAY003524,ORD003524,2026-07-15,108.56,Apple Pay,Completed
PAY003525,ORD003525,2026-04-08,60.11,Google Pay,Completed
PAY003526,ORD003526,2026-04-28,22.56,Apple Pay,Pending
PAY003527,ORD003527,2026-06-22,89.58,PayPal,Completed
PAY003528,ORD003528,2026-04-18,118.51,Debit Card,Pending
PAY003529,ORD003529,2026-04-16,48.0,PayPal,Pending
PAY003530,ORD003530,2026-05-27,35.12,Credit Card,Completed
PAY003531,ORD003531,2026-02-16,152.92,Apple Pay,Pending
PAY003532,ORD003532,2026-02-22,67.22,Apple Pay,Completed
PAY003533,ORD003533,2026-06-04,57.06,Apple Pay,Completed
PAY003534,ORD003534,2026-05-13,56.97,Google Pay,Completed
PAY003535,ORD003535,2026-03-01,167.11,Google Pay,Pending
PAY003536,ORD003536,2026-03-18,72.49,PayPal,Completed
PAY003537,ORD003537,2026-03-03,82.27,Debit Card,Completed
PAY003538,ORD003538,2026-02-28,54.09,Credit Card,Completed
PAY003539,ORD003539,2026-07-08,60.98,Debit Card,Completed
PAY003540,ORD003540,2026-02-25,48.34,Debit Card,Completed
PAY003541,ORD003541,2026-03-19,85.0,Credit Card,Completed
PAY003542,ORD003542,2026-08-10,27.73,Google Pay,Failed
PAY003543,ORD003543,2026-02-16,71.07,Apple Pay,Failed
PAY003544,ORD003544,2026-06-25,46.7,Google Pay,Completed
PAY003545,ORD003545,2026-05-18,42.12,Apple Pay,Completed
PAY003546,ORD003546,2026-06-09,82.46,Apple Pay,Failed
PAY003547,ORD003547,2026-07-12,60.37,Google Pay,Completed
PAY003548,ORD003548,2026-01-24,30.11,Debit Card,Pending
PAY003549,ORD003549,2026-01-29,32.48,Apple Pay,Completed
PAY003550,ORD003550,2026-05-15,69.45,Google Pay,Completed
PAY003551,ORD003551,2026-04-05,34.89,Debit Card,Pending
PAY003552,ORD003552,2026-05-25,18.92,Credit Card,Completed
PAY003553,ORD003553,2026-04-04,107.41,Apple Pay,Completed
PAY003554,ORD003554,2026-01-25,25.37,Debit Card,Completed
PAY003555,ORD003555,2026-08-08,47.02,Apple Pay,Pending
PAY003556,ORD003556,2026-02-05,31.77,Debit Card,Failed
PAY003557,ORD003557,2026-07-08,31.19,Credit Card,Completed
PAY003558,ORD003558,2026-03-12,76.56,Apple Pay,Pending
PAY003559,ORD003559,2026-06-12,38.13,Google Pay,Completed
PAY003560,ORD003560,2026-04-30,51.61,Debit Card,Failed
PAY003561,ORD003561,2026-07-31,16.98,Credit Card,Completed
PAY003562,ORD003562,2026-07-25,205.37,Apple Pay,Completed
PAY003563,ORD003563,2026-02-19,77.53,Credit Card,Pending
PAY003564,ORD003564,2026-07-03,160.36,Credit Card,Completed
PAY003565,ORD003565,2026-08-10,147.57,Apple Pay,Completed
PAY003566,ORD003566,2026-05-08,138.56,Apple Pay,Completed
PAY003567,ORD003567,2026-07-12,50.74,Debit Card,Completed
PAY003568,ORD003568,2026-02-10,62.31,Google Pay,Completed
PAY003569,ORD003569,2026-01-25,30.04,Credit Card,Failed
PAY003570,ORD003570,2026-06-11,64.17,Apple Pay,Pending
PAY003571,ORD003571,2026-05-16,25.25,Credit Card,Pending
PAY003572,ORD003572,2026-02-25,162.2,Debit Card,Completed
PAY003573,ORD003573,2026-03-25,113.04,Debit Card,Completed
PAY003574,ORD003574,2026-06-07,93.32,Debit Card,Completed
PAY003575,ORD003575,2026-03-09,40.73,Google Pay,Completed
PAY003576,ORD003576,2026-01-21,136.68,PayPal,Completed
PAY003577,ORD003577,2026-04-01,19.95,PayPal,Failed
PAY003578,ORD003578,2026-01-10,56.04,PayPal,Completed
PAY003579,ORD003579,2026-03-28,67.17,Google Pay,Completed
PAY003580,ORD003580,2026-02-02,188.74,Google Pay,Completed
PAY003581,ORD003581,2026-07-22,24.36,Credit Card,Completed
PAY003582,ORD003582,2026-04-15,155.88,Credit Card,Failed
PAY003583,ORD003583,2026-03-24,135.68,Debit Card,Completed
PAY003584,ORD003584,2026-07-22,140.9,Google Pay,Completed
PAY003585,ORD003585,2026-01-04,40.39,PayPal,Completed
PAY003586,ORD003586,2026-01-23,82.66,PayPal,Completed
PAY003587,ORD003587,2026-07-16,113.51,Credit Card,Completed
PAY003588,ORD003588,2026-02-22,74.14,Debit Card,Completed
PAY003589,ORD003589,2026-04-23,77.46,Debit Card,Completed
PAY003590,ORD003590,2026-05-13,84.8,Apple Pay,Pending
PAY003591,ORD003591,2026-01-18,38.62,Google Pay,Completed
PAY003592,ORD003592,2026-01-17,38.2,PayPal,Completed
PAY003593,ORD003593,2026-07-05,103.9,PayPal,Failed
PAY003594,ORD003594,2026-07-14,39.59,Credit Card,Pending
PAY003595,ORD003595,2026-04-17,76.11,Credit Card,Completed
PAY003596,ORD003596,2026-04-23,24.6,Google Pay,Completed
PAY003597,ORD003597,2026-05-02,51.96,Credit Card,Failed
PAY003598,ORD003598,2026-07-19,173.2,Credit Card,Failed
PAY003599,ORD003599,2026-07-03,70.25,PayPal,Pending
PAY003600,ORD003600,2026-06-17,139.01,Google Pay,Failed
PAY003601,ORD003601,2026-03-28,195.92,PayPal,Completed
PAY003602,ORD003602,2026-08-03,113.72,PayPal,Failed
PAY003603,ORD003603,2026-01-02,82.02,Credit Card,Failed
PAY003604,ORD003604,2026-05-01,56.19,PayPal,Failed
PAY003605,ORD003605,2026-04-13,51.98,Google Pay,Completed
PAY003606,ORD003606,2026-05-29,48.2,Credit Card,Pending
PAY003607,ORD003607,2026-06-29,130.44,Google Pay,Completed
PAY003608,ORD003608,2026-06-01,70.3,Debit Card,Failed
PAY003609,ORD003609,2026-02-22,110.0,Google Pay,Completed
PAY003610,ORD003610,2026-06-15,191.36,Google Pay,Completed
PAY003611,ORD003611,2026-05-28,233.52,Apple Pay,Completed
PAY003612,ORD003612,2026-02-19,98.48,Google Pay,Pending
PAY003613,ORD003613,2026-06-16,98.17,PayPal,Completed
PAY003614,ORD003614,2026-03-01,52.46,PayPal,Completed
PAY003615,ORD003615,2026-04-24,116.65,Credit Card,Pending
PAY003616,ORD003616,2026-08-07,33.34,Debit Card,Completed
PAY003617,ORD003617,2026-04-18,64.72,Credit Card,Completed
PAY003618,ORD003618,2026-02-08,29.62,Google Pay,Failed
PAY003619,ORD003619,2026-03-12,24.44,Google Pay,Completed
PAY003620,ORD003620,2026-05-08,75.61,PayPal,Completed
PAY003621,ORD003621,2026-02-02,30.44,Google Pay,Completed
PAY003622,ORD003622,2026-06-06,41.46,Google Pay,Completed
PAY003623,ORD003623,2026-03-15,81.88,PayPal,Pending
PAY003624,ORD003624,2026-01-10,117.94,Debit Card,Pending
PAY003625,ORD003625,2026-07-23,240.14,Google Pay,Completed
PAY003626,ORD003626,2026-07-14,16.09,Apple Pay,Completed
PAY003627,ORD003627,2026-05-11,33.05,Debit Card,Pending
PAY003628,ORD003628,2026-07-24,16.16,Debit Card,Completed
PAY003629,ORD003629,2026-04-19,24.84,PayPal,Completed
PAY003630,ORD003630,2026-06-08,87.12,Credit Card,Failed
PAY003631,ORD003631,2026-01-27,59.12,Google Pay,Completed
PAY003632,ORD003632,2026-07-17,19.66,Google Pay,Pending
PAY003633,ORD003633,2026-01-27,76.11,Credit Card,Completed
PAY003634,ORD003634,2026-04-21,178.17,Google Pay,Pending
PAY003635,ORD003635,2026-01-09,28.89,Apple Pay,Pending
PAY003636,ORD003636,2026-01-06,81.06,Credit Card,Completed
PAY003637,ORD003637,2026-05-14,184.68,PayPal,Pending
PAY003638,ORD003638,2026-01-26,32.53,Credit Card,Pending
PAY003639,ORD003639,2026-02-12,56.92,Debit Card,Completed
PAY003640,ORD003640,2026-01-19,21.55,PayPal,Failed
PAY003641,ORD003641,2026-01-16,155.63,Debit Card,Completed
PAY003642,ORD003642,2026-04-15,80.82,PayPal,Completed
PAY003643,ORD003643,2026-01-23,39.41,Credit Card,Completed
PAY003644,ORD003644,2026-07-22,52.98,Debit Card,Failed
PAY003645,ORD003645,2026-07-27,116.26,PayPal,Completed
PAY003646,ORD003646,2026-06-06,19.7,Google Pay,Completed
PAY003647,ORD003647,2026-06-15,34.02,Debit Card,Completed
PAY003648,ORD003648,2026-02-28,70.42,Apple Pay,Pending
PAY003649,ORD003649,2026-02-17,112.68,PayPal,Failed
PAY003650,ORD003650,2026-05-28,83.04,Google Pay,Failed
PAY003651,ORD003651,2026-01-21,21.92,Google Pay,Pending
PAY003652,ORD003652,2026-06-05,121.39,Credit Card,Completed
PAY003653,ORD003653,2026-06-27,137.86,Credit Card,Pending
PAY003654,ORD003654,2026-02-02,121.94,Debit Card,Completed
PAY003655,ORD003655,2026-04-24,61.2,Debit Card,Failed
PAY003656,ORD003656,2026-02-09,40.51,Apple Pay,Completed
PAY003657,ORD003657,2026-08-06,165.84,Google Pay,Completed
PAY003658,ORD003658,2026-07-01,43.49,PayPal,Failed
PAY003659,ORD003659,2026-01-10,66.33,Apple Pay,Completed
PAY003660,ORD003660,2026-06-11,115.36,Apple Pay,Completed
PAY003661,ORD003661,2026-03-14,146.73,Apple Pay,Completed
PAY003662,ORD003662,2026-02-05,36.44,PayPal,Completed
PAY003663,ORD003663,2026-03-16,150.14,Apple Pay,Failed
PAY003664,ORD003664,2026-07-21,41.27,Credit Card,Completed
PAY003665,ORD003665,2026-05-15,105.8,Credit Card,Pending
PAY003666,ORD003666,2026-04-25,95.89,Credit Card,Completed
PAY003667,ORD003667,2026-01-16,63.37,Apple Pay,Pending
PAY003668,ORD003668,2026-06-28,23.19,Apple Pay,Pending
PAY003669,ORD003669,2026-08-06,29.79,Google Pay,Pending
PAY003670,ORD003670,2026-08-12,120.96,Debit Card,Failed
PAY003671,ORD003671,2026-07-08,83.35,Google Pay,Completed
PAY003672,ORD003672,2026-06-08,89.21,Credit Card,Completed
PAY003673,ORD003673,2026-06-09,49.64,Debit Card,Completed
PAY003674,ORD003674,2026-02-14,46.39,Google Pay,Completed
PAY003675,ORD003675,2026-07-23,83.87,PayPal,Failed
PAY003676,ORD003676,2026-01-27,48.02,PayPal,Completed
PAY003677,ORD003677,2026-01-22,83.12,PayPal,Completed
PAY003678,ORD003678,2026-05-23,26.53,Credit Card,Failed
PAY003679,ORD003679,2026-01-08,64.13,Debit Card,Failed
PAY003680,ORD003680,2026-07-15,36.43,Credit Card,Completed
PAY003681,ORD003681,2026-04-26,70.85,PayPal,Pending
PAY003682,ORD003682,2026-05-16,28.13,Apple Pay,Completed
PAY003683,ORD003683,2026-03-28,149.88,Credit Card,Completed
PAY003684,ORD003684,2026-04-27,19.33,Debit Card,Failed
PAY003685,ORD003685,2026-01-16,126.13,Credit Card,Failed
PAY003686,ORD003686,2026-06-25,48.44,Debit Card,Pending
PAY003687,ORD003687,2026-06-11,93.32,Apple Pay,Failed
PAY003688,ORD003688,2026-08-02,83.52,Google Pay,Completed
PAY003689,ORD003689,2026-04-23,41.92,Debit Card,Completed
PAY003690,ORD003690,2026-08-03,45.23,Debit Card,Pending
PAY003691,ORD003691,2026-02-26,125.78,PayPal,Pending
PAY003692,ORD003692,2026-05-13,67.56,PayPal,Completed
PAY003693,ORD003693,2026-02-13,49.85,Apple Pay,Pending
PAY003694,ORD003694,2026-03-12,45.63,Credit Card,Completed
PAY003695,ORD003695,2026-02-06,51.25,Google Pay,Completed
PAY003696,ORD003696,2026-08-06,192.37,Google Pay,Failed
PAY003697,ORD003697,2026-05-04,172.97,Apple Pay,Completed
PAY003698,ORD003698,2026-01-28,197.84,Google Pay,Completed
PAY003699,ORD003699,2026-03-09,191.6,Credit Card,Completed
PAY003700,ORD003700,2026-04-23,36.88,PayPal,Completed
PAY003701,ORD003701,2026-08-12,63.4,Apple Pay,Pending
PAY003702,ORD003702,2026-06-15,39.72,Google Pay,Completed
PAY003703,ORD003703,2026-02-15,112.9,Apple Pay,Completed
PAY003704,ORD003704,2026-07-20,54.02,Apple Pay,Completed
PAY003705,ORD003705,2026-04-10,44.83,Debit Card,Failed
PAY003706,ORD003706,2026-01-26,45.84,Debit Card,Completed
PAY003707,ORD003707,2026-03-16,36.03,Apple Pay,Completed
PAY003708,ORD003708,2026-07-31,98.98,Debit Card,Completed
PAY003709,ORD003709,2026-06-30,87.65,Google Pay,Completed
PAY003710,ORD003710,2026-07-10,36.83,Apple Pay,Pending
PAY003711,ORD003711,2026-04-22,114.04,Debit Card,Failed
PAY003712,ORD003712,2026-03-04,75.99,Google Pay,Pending
PAY003713,ORD003713,2026-04-22,30.88,PayPal,Failed
PAY003714,ORD003714,2026-06-15,29.06,PayPal,Completed
PAY003715,ORD003715,2026-05-23,31.7,Apple Pay,Failed
PAY003716,ORD003716,2026-04-09,114.69,Credit Card,Completed
PAY003717,ORD003717,2026-01-09,170.14,Google Pay,Completed
PAY003718,ORD003718,2026-08-13,8.7,Apple Pay,Completed
PAY003719,ORD003719,2026-03-16,26.17,Debit Card,Completed
PAY003720,ORD003720,2026-01-22,149.66,PayPal,Completed
PAY003721,ORD003721,2026-07-17,49.37,Debit Card,Failed
PAY003722,ORD003722,2026-07-03,126.03,Google Pay,Failed
PAY003723,ORD003723,2026-02-06,63.86,Apple Pay,Completed
PAY003724,ORD003724,2026-02-26,75.12,PayPal,Pending
PAY003725,ORD003725,2026-07-07,130.15,Google Pay,Failed
PAY003726,ORD003726,2026-04-24,59.21,PayPal,Completed
PAY003727,ORD003727,2026-08-01,33.43,PayPal,Completed
PAY003728,ORD003728,2026-05-20,90.19,Apple Pay,Completed
PAY003729,ORD003729,2026-05-15,45.47,Apple Pay,Completed
PAY003730,ORD003730,2026-07-13,297.16,Credit Card,Completed
PAY003731,ORD003731,2026-04-13,54.12,Credit Card,Completed
PAY003732,ORD003732,2026-02-10,87.34,Credit Card,Pending
PAY003733,ORD003733,2026-06-01,115.26,Credit Card,Pending
PAY003734,ORD003734,2026-08-06,140.7,Debit Card,Completed
PAY003735,ORD003735,2026-06-02,137.47,Credit Card,Failed
PAY003736,ORD003736,2026-07-09,137.4,Debit Card,Failed
PAY003737,ORD003737,2026-07-31,56.45,PayPal,Completed
PAY003738,ORD003738,2026-04-15,105.26,Debit Card,Failed
PAY003739,ORD003739,2026-04-16,16.15,PayPal,Failed
PAY003740,ORD003740,2026-02-13,95.09,Credit Card,Failed
PAY003741,ORD003741,2026-05-10,98.46,Debit Card,Completed
PAY003742,ORD003742,2026-06-19,108.84,PayPal,Failed
PAY003743,ORD003743,2026-06-10,112.42,Credit Card,Failed
PAY003744,ORD003744,2026-05-25,113.49,PayPal,Completed
PAY003745,ORD003745,2026-05-02,47.7,Apple Pay,Completed
PAY003746,ORD003746,2026-07-10,50.87,PayPal,Completed
PAY003747,ORD003747,2026-05-30,98.58,Credit Card,Completed
PAY003748,ORD003748,2026-01-01,17.59,Google Pay,Failed
PAY003749,ORD003749,2026-04-04,21.76,Apple Pay,Completed
PAY003750,ORD003750,2026-07-17,40.1,Debit Card,Completed
PAY003751,ORD003751,2026-07-01,45.41,Apple Pay,Failed
PAY003752,ORD003752,2026-01-14,74.45,Credit Card,Failed
PAY003753,ORD003753,2026-04-10,262.49,PayPal,Completed
PAY003754,ORD003754,2026-08-13,44.17,Google Pay,Completed
PAY003755,ORD003755,2026-04-12,83.76,Credit Card,Completed
PAY003756,ORD003756,2026-02-22,19.42,PayPal,Pending
PAY003757,ORD003757,2026-01-06,44.38,Credit Card,Pending
PAY003758,ORD003758,2026-03-31,99.29,Google Pay,Failed
PAY003759,ORD003759,2026-03-05,46.42,PayPal,Completed
PAY003760,ORD003760,2026-03-29,39.66,Google Pay,Completed
PAY003761,ORD003761,2026-02-02,14.19,PayPal,Completed
PAY003762,ORD003762,2026-03-13,35.64,Apple Pay,Completed
PAY003763,ORD003763,2026-02-13,133.85,Credit Card,Completed
PAY003764,ORD003764,2026-04-17,44.73,Debit Card,Pending
PAY003765,ORD003765,2026-02-03,64.37,Debit Card,Pending
PAY003766,ORD003766,2026-06-11,35.89,Credit Card,Failed
PAY003767,ORD003767,2026-06-01,49.11,Debit Card,Completed
PAY003768,ORD003768,2026-01-02,139.69,Google Pay,Completed
PAY003769,ORD003769,2026-05-16,44.29,Debit Card,Completed
PAY003770,ORD003770,2026-04-27,36.21,Credit Card,Pending
PAY003771,ORD003771,2026-06-02,142.2,Apple Pay,Completed
PAY003772,ORD003772,2026-05-01,59.13,Credit Card,Completed
PAY003773,ORD003773,2026-08-10,48.92,Credit Card,Pending
PAY003774,ORD003774,2026-02-01,68.4,PayPal,Pending
PAY003775,ORD003775,2026-02-25,127.04,Debit Card,Completed
PAY003776,ORD003776,2026-04-04,66.17,Debit Card,Completed
PAY003777,ORD003777,2026-01-07,37.16,PayPal,Completed
PAY003778,ORD003778,2026-06-25,65.75,Google Pay,Failed
PAY003779,ORD003779,2026-03-29,20.16,Google Pay,Completed
PAY003780,ORD003780,2026-07-01,31.83,PayPal,Completed
PAY003781,ORD003781,2026-07-10,76.31,Debit Card,Failed
PAY003782,ORD003782,2026-07-20,61.62,Google Pay,Completed
PAY003783,ORD003783,2026-07-27,79.66,Google Pay,Pending
PAY003784,ORD003784,2026-05-10,81.56,Apple Pay,Completed
PAY003785,ORD003785,2026-02-04,107.44,Google Pay,Completed
PAY003786,ORD003786,2026-04-08,65.2,Debit Card,Failed
PAY003787,ORD003787,2026-01-22,122.6,Apple Pay,Pending
PAY003788,ORD003788,2026-07-30,83.25,Apple Pay,Pending
PAY003789,ORD003789,2026-07-11,86.55,Debit Card,Failed
PAY003790,ORD003790,2026-02-28,33.64,PayPal,Pending
PAY003791,ORD003791,2026-06-26,36.55,Credit Card,Pending
PAY003792,ORD003792,2026-02-21,41.78,Google Pay,Completed
PAY003793,ORD003793,2026-05-29,228.49,PayPal,Completed
PAY003794,ORD003794,2026-05-20,157.4,Credit Card,Completed
PAY003795,ORD003795,2026-01-11,32.48,Debit Card,Pending
PAY003796,ORD003796,2026-07-01,59.49,Google Pay,Completed
PAY003797,ORD003797,2026-07-30,34.51,PayPal,Completed
PAY003798,ORD003798,2026-05-02,35.19,Credit Card,Failed
PAY003799,ORD003799,2026-07-17,122.31,Debit Card,Completed
PAY003800,ORD003800,2026-01-14,21.59,Apple Pay,Failed
PAY003801,ORD003801,2026-02-02,83.95,Apple Pay,Failed
PAY003802,ORD003802,2026-04-12,57.76,Apple Pay,Completed
PAY003803,ORD003803,2026-03-18,121.25,Debit Card,Completed
PAY003804,ORD003804,2026-01-26,69.07,Credit Card,Completed
PAY003805,ORD003805,2026-05-22,171.99,Debit Card,Completed
PAY003806,ORD003806,2026-08-04,61.97,Apple Pay,Completed
PAY003807,ORD003807,2026-06-25,117.62,Debit Card,Pending
PAY003808,ORD003808,2026-03-06,70.31,Google Pay,Completed
PAY003809,ORD003809,2026-02-15,63.55,Credit Card,Pending
PAY003810,ORD003810,2026-05-07,141.33,Google Pay,Completed
PAY003811,ORD003811,2026-07-02,63.83,Apple Pay,Completed
PAY003812,ORD003812,2026-04-04,68.11,Credit Card,Completed
PAY003813,ORD003813,2026-03-15,37.06,Google Pay,Completed
PAY003814,ORD003814,2026-05-08,61.97,Debit Card,Completed
PAY003815,ORD003815,2026-03-15,9.24,PayPal,Failed
PAY003816,ORD003816,2026-08-08,44.48,Debit Card,Completed
PAY003817,ORD003817,2026-07-15,76.13,Apple Pay,Completed
PAY003818,ORD003818,2026-07-25,54.48,PayPal,Failed
PAY003819,ORD003819,2026-05-20,51.82,Credit Card,Completed
PAY003820,ORD003820,2026-07-01,89.85,PayPal,Completed
PAY003821,ORD003821,2026-07-11,180.8,Credit Card,Failed
PAY003822,ORD003822,2026-04-12,45.61,Google Pay,Completed
PAY003823,ORD003823,2026-02-16,110.58,Google Pay,Completed
PAY003824,ORD003824,2026-06-14,59.53,Google Pay,Failed
PAY003825,ORD003825,2026-07-21,87.11,Google Pay,Pending
PAY003826,ORD003826,2026-06-18,246.3,Google Pay,Completed
PAY003827,ORD003827,2026-01-27,115.74,PayPal,Completed
PAY003828,ORD003828,2026-06-19,145.44,Credit Card,Completed
PAY003829,ORD003829,2026-07-23,45.46,Google Pay,Failed
PAY003830,ORD003830,2026-03-27,56.72,Google Pay,Failed
PAY003831,ORD003831,2026-03-09,28.37,Credit Card,Failed
PAY003832,ORD003832,2026-06-06,39.45,PayPal,Completed
PAY003833,ORD003833,2026-06-13,69.53,Google Pay,Pending
PAY003834,ORD003834,2026-04-19,37.11,PayPal,Completed
PAY003835,ORD003835,2026-02-26,71.03,Google Pay,Failed
PAY003836,ORD003836,2026-07-25,43.87,PayPal,Completed
PAY003837,ORD003837,2026-05-20,66.84,Apple Pay,Pending
PAY003838,ORD003838,2026-06-22,96.53,Google Pay,Completed
PAY003839,ORD003839,2026-05-28,91.39,Google Pay,Completed
PAY003840,ORD003840,2026-02-14,80.87,Debit Card,Pending
PAY003841,ORD003841,2026-01-23,152.62,Debit Card,Failed
PAY003842,ORD003842,2026-07-09,16.46,PayPal,Failed
PAY003843,ORD003843,2026-08-02,59.09,Debit Card,Completed
PAY003844,ORD003844,2026-02-03,104.01,PayPal,Completed
PAY003845,ORD003845,2026-01-21,14.36,Google Pay,Pending
PAY003846,ORD003846,2026-06-28,202.29,Google Pay,Failed
PAY003847,ORD003847,2026-05-17,48.88,Apple Pay,Completed
PAY003848,ORD003848,2026-07-21,37.58,Apple Pay,Completed
PAY003849,ORD003849,2026-04-23,103.27,Debit Card,Failed
PAY003850,ORD003850,2026-01-10,35.1,Google Pay,Completed
PAY003851,ORD003851,2026-02-21,155.23,PayPal,Failed
PAY003852,ORD003852,2026-02-14,61.21,Debit Card,Pending
PAY003853,ORD003853,2026-06-29,162.84,Apple Pay,Failed
PAY003854,ORD003854,2026-01-30,142.92,Credit Card,Completed
PAY003855,ORD003855,2026-07-11,65.72,PayPal,Completed
PAY003856,ORD003856,2026-08-13,37.47,Credit Card,Completed
PAY003857,ORD003857,2026-05-10,203.73,Debit Card,Failed
PAY003858,ORD003858,2026-06-26,20.88,Debit Card,Failed
PAY003859,ORD003859,2026-04-06,47.59,Credit Card,Completed
PAY003860,ORD003860,2026-06-22,110.75,Debit Card,Failed
PAY003861,ORD003861,2026-01-17,21.62,Debit Card,Completed
PAY003862,ORD003862,2026-01-28,25.66,Google Pay,Completed
PAY003863,ORD003863,2026-05-06,53.11,PayPal,Pending
PAY003864,ORD003864,2026-02-14,73.27,Apple Pay,Completed
PAY003865,ORD003865,2026-01-17,16.1,Google Pay,Failed
PAY003866,ORD003866,2026-07-06,133.32,Debit Card,Failed
PAY003867,ORD003867,2026-05-22,54.25,Apple Pay,Failed
PAY003868,ORD003868,2026-04-26,99.02,Debit Card,Failed
PAY003869,ORD003869,2026-05-18,35.78,PayPal,Completed
PAY003870,ORD003870,2026-08-14,46.15,Debit Card,Completed
PAY003871,ORD003871,2026-07-25,74.58,Credit Card,Completed
PAY003872,ORD003872,2026-03-22,67.36,Credit Card,Completed
PAY003873,ORD003873,2026-08-02,96.71,Credit Card,Completed
PAY003874,ORD003874,2026-01-18,100.11,Credit Card,Completed
PAY003875,ORD003875,2026-02-04,26.81,Apple Pay,Failed
PAY003876,ORD003876,2026-06-25,68.92,Credit Card,Completed
PAY003877,ORD003877,2026-02-27,53.72,Debit Card,Completed
PAY003878,ORD003878,2026-04-25,79.61,Google Pay,Failed
PAY003879,ORD003879,2026-01-18,48.24,Debit Card,Completed
PAY003880,ORD003880,2026-06-29,62.6,Debit Card,Completed
PAY003881,ORD003881,2026-06-07,235.9,Debit Card,Failed
PAY003882,ORD003882,2026-02-06,26.41,Debit Card,Pending
PAY003883,ORD003883,2026-02-09,44.05,Google Pay,Pending
PAY003884,ORD003884,2026-01-06,11.75,Credit Card,Completed
PAY003885,ORD003885,2026-03-20,41.4,PayPal,Completed
PAY003886,ORD003886,2026-06-12,27.81,Apple Pay,Completed
PAY003887,ORD003887,2026-06-03,235.84,Google Pay,Failed
PAY003888,ORD003888,2026-04-15,48.0,Google Pay,Completed
PAY003889,ORD003889,2026-04-01,45.46,Google Pay,Completed
PAY003890,ORD003890,2026-06-07,94.96,Apple Pay,Completed
PAY003891,ORD003891,2026-03-16,28.5,Debit Card,Completed
PAY003892,ORD003892,2026-04-26,103.35,Apple Pay,Failed
PAY003893,ORD003893,2026-06-01,100.93,Google Pay,Completed
PAY003894,ORD003894,2026-05-02,180.88,Debit Card,Completed
PAY003895,ORD003895,2026-02-24,88.52,Google Pay,Completed
PAY003896,ORD003896,2026-07-25,16.65,PayPal,Failed
PAY003897,ORD003897,2026-08-03,133.93,Credit Card,Pending
PAY003898,ORD003898,2026-01-09,557.94,Credit Card,Completed
PAY003899,ORD003899,2026-04-16,59.14,Google Pay,Pending
PAY003900,ORD003900,2026-03-03,60.38,Debit Card,Completed
PAY003901,ORD003901,2026-04-21,42.86,PayPal,Completed
PAY003902,ORD003902,2026-05-26,19.21,PayPal,Failed
PAY003903,ORD003903,2026-02-20,78.01,Debit Card,Failed
PAY003904,ORD003904,2026-04-13,41.09,Debit Card,Completed
PAY003905,ORD003905,2026-01-19,76.21,PayPal,Completed
PAY003906,ORD003906,2026-03-10,77.86,Credit Card,Completed
PAY003907,ORD003907,2026-04-27,228.0,Credit Card,Pending
PAY003908,ORD003908,2026-03-23,45.54,PayPal,Completed
PAY003909,ORD003909,2026-05-03,25.29,Apple Pay,Pending
PAY003910,ORD003910,2026-02-02,73.62,PayPal,Completed
PAY003911,ORD003911,2026-04-18,56.34,Google Pay,Pending
PAY003912,ORD003912,2026-06-15,223.62,Apple Pay,Completed
PAY003913,ORD003913,2026-01-13,108.06,Debit Card,Failed
PAY003914,ORD003914,2026-06-26,55.0,PayPal,Completed
PAY003915,ORD003915,2026-03-14,123.32,PayPal,Completed
PAY003916,ORD003916,2026-03-31,131.71,Apple Pay,Completed
PAY003917,ORD003917,2026-06-30,31.22,PayPal,Failed
PAY003918,ORD003918,2026-05-09,82.71,Google Pay,Completed
PAY003919,ORD003919,2026-01-12,285.31,Credit Card,Completed
PAY003920,ORD003920,2026-06-01,21.32,PayPal,Completed
PAY003921,ORD003921,2026-05-09,35.65,Credit Card,Completed
PAY003922,ORD003922,2026-03-09,52.35,Debit Card,Completed
PAY003923,ORD003923,2026-05-15,86.61,Debit Card,Completed
PAY003924,ORD003924,2026-04-26,75.82,PayPal,Failed
PAY003925,ORD003925,2026-04-02,69.81,Debit Card,Failed
PAY003926,ORD003926,2026-07-16,52.5,PayPal,Completed
PAY003927,ORD003927,2026-02-08,75.13,Credit Card,Completed
PAY003928,ORD003928,2026-02-01,162.52,Apple Pay,Completed
PAY003929,ORD003929,2026-06-26,199.7,PayPal,Failed
PAY003930,ORD003930,2026-06-08,128.87,Apple Pay,Pending
PAY003931,ORD003931,2026-04-18,141.15,Credit Card,Pending
PAY003932,ORD003932,2026-03-20,64.14,Credit Card,Completed
PAY003933,ORD003933,2026-01-03,376.87,Apple Pay,Completed
PAY003934,ORD003934,2026-04-20,22.01,PayPal,Pending
PAY003935,ORD003935,2026-06-24,72.11,Apple Pay,Pending
PAY003936,ORD003936,2026-04-21,102.5,PayPal,Completed
PAY003937,ORD003937,2026-01-15,63.56,PayPal,Pending
PAY003938,ORD003938,2026-02-20,131.62,Apple Pay,Completed
PAY003939,ORD003939,2026-04-17,54.08,Credit Card,Completed
PAY003940,ORD003940,2026-07-29,148.92,Google Pay,Completed
PAY003941,ORD003941,2026-08-01,65.92,Debit Card,Pending
PAY003942,ORD003942,2026-07-21,46.23,Google Pay,Pending
PAY003943,ORD003943,2026-01-21,42.36,Credit Card,Pending
PAY003944,ORD003944,2026-08-06,73.91,Debit Card,Completed
PAY003945,ORD003945,2026-02-10,39.9,Apple Pay,Completed
PAY003946,ORD003946,2026-04-30,8.17,Google Pay,Pending
PAY003947,ORD003947,2026-01-03,16.22,PayPal,Completed
PAY003948,ORD003948,2026-05-09,42.79,Credit Card,Failed
PAY003949,ORD003949,2026-05-29,47.48,Credit Card,Completed
PAY003950,ORD003950,2026-07-22,145.3,Credit Card,Failed
PAY003951,ORD003951,2026-03-21,77.3,Google Pay,Failed
PAY003952,ORD003952,2026-04-09,66.39,PayPal,Completed
PAY003953,ORD003953,2026-05-29,36.07,Google Pay,Failed
PAY003954,ORD003954,2026-04-15,446.33,PayPal,Completed
PAY003955,ORD003955,2026-07-22,61.09,Debit Card,Completed
PAY003956,ORD003956,2026-04-05,116.79,Apple Pay,Failed
PAY003957,ORD003957,2026-06-26,61.45,Credit Card,Pending
PAY003958,ORD003958,2026-03-06,91.11,PayPal,Completed
PAY003959,ORD003959,2026-02-10,22.31,Google Pay,Completed
PAY003960,ORD003960,2026-08-12,79.41,Google Pay,Completed
PAY003961,ORD003961,2026-03-08,64.74,Credit Card,Pending
PAY003962,ORD003962,2026-05-04,65.46,Credit Card,Pending
PAY003963,ORD003963,2026-08-12,129.92,Credit Card,Completed
PAY003964,ORD003964,2026-02-11,19.89,Debit Card,Pending
PAY003965,ORD003965,2026-03-10,43.43,Apple Pay,Failed
PAY003966,ORD003966,2026-07-04,14.2,PayPal,Pending
PAY003967,ORD003967,2026-06-20,50.2,Credit Card,Completed
PAY003968,ORD003968,2026-04-11,130.16,PayPal,Failed
PAY003969,ORD003969,2026-05-20,120.65,Google Pay,Completed
PAY003970,ORD003970,2026-07-25,51.75,Apple Pay,Completed
PAY003971,ORD003971,2026-03-05,69.81,Apple Pay,Completed
PAY003972,ORD003972,2026-04-18,46.73,PayPal,Pending
PAY003973,ORD003973,2026-02-20,62.27,Google Pay,Completed
PAY003974,ORD003974,2026-03-14,131.41,Google Pay,Pending
PAY003975,ORD003975,2026-03-01,200.34,Debit Card,Completed
PAY003976,ORD003976,2026-07-18,99.81,Credit Card,Completed
PAY003977,ORD003977,2026-03-21,57.59,Google Pay,Pending
PAY003978,ORD003978,2026-06-05,205.83,Credit Card,Pending
PAY003979,ORD003979,2026-05-04,90.98,Credit Card,Completed
PAY003980,ORD003980,2026-07-18,50.06,PayPal,Completed
PAY003981,ORD003981,2026-01-14,54.9,Credit Card,Completed
PAY003982,ORD003982,2026-06-09,44.8,PayPal,Pending
PAY003983,ORD003983,2026-01-08,101.41,Apple Pay,Pending
PAY003984,ORD003984,2026-01-27,75.27,Google Pay,Completed
PAY003985,ORD003985,2026-02-19,70.2,PayPal,Completed
PAY003986,ORD003986,2026-07-06,40.24,Debit Card,Pending
PAY003987,ORD003987,2026-02-26,241.13,PayPal,Failed
PAY003988,ORD003988,2026-01-03,54.82,Credit Card,Completed
PAY003989,ORD003989,2026-06-04,135.35,Debit Card,Completed
PAY003990,ORD003990,2026-08-10,29.94,Credit Card,Completed
PAY003991,ORD003991,2026-02-03,87.91,Debit Card,Completed
PAY003992,ORD003992,2026-01-26,38.98,PayPal,Completed
PAY003993,ORD003993,2026-06-17,88.4,Credit Card,Completed
PAY003994,ORD003994,2026-04-25,34.4,PayPal,Failed
PAY003995,ORD003995,2026-03-27,26.46,Google Pay,Pending
PAY003996,ORD003996,2026-06-09,30.87,Debit Card,Completed
PAY003997,ORD003997,2026-06-18,20.05,Apple Pay,Completed
PAY003998,ORD003998,2026-05-10,36.42,Apple Pay,Completed
PAY003999,ORD003999,2026-04-21,106.19,PayPal,Pending
PAY004000,ORD004000,2026-07-19,35.51,Debit Card,Completed
PAY004001,ORD004001,2026-04-16,38.43,Debit Card,Failed
PAY004002,ORD004002,2026-05-15,75.98,PayPal,Completed
PAY004003,ORD004003,2026-01-19,15.87,Apple Pay,Completed
PAY004004,ORD004004,2026-02-02,97.08,Google Pay,Failed
PAY004005,ORD004005,2026-01-02,57.52,Apple Pay,Completed
PAY004006,ORD004006,2026-07-14,81.47,Credit Card,Pending
PAY004007,ORD004007,2026-08-08,56.21,Apple Pay,Failed
PAY004008,ORD004008,2026-07-25,49.72,Credit Card,Completed
PAY004009,ORD004009,2026-01-15,114.28,Credit Card,Completed
PAY004010,ORD004010,2026-01-21,59.19,Google Pay,Pending
PAY004011,ORD004011,2026-03-19,92.61,Google Pay,Completed
PAY004012,ORD004012,2026-02-28,121.68,Apple Pay,Pending
PAY004013,ORD004013,2026-04-14,26.18,PayPal,Completed
PAY004014,ORD004014,2026-03-23,37.06,Apple Pay,Pending
PAY004015,ORD004015,2026-04-28,33.75,Google Pay,Completed
PAY004016,ORD004016,2026-04-23,47.35,Credit Card,Completed
PAY004017,ORD004017,2026-02-08,67.76,Credit Card,Pending
PAY004018,ORD004018,2026-01-20,32.36,PayPal,Pending
PAY004019,ORD004019,2026-01-01,34.27,Apple Pay,Completed
PAY004020,ORD004020,2026-03-14,47.13,PayPal,Completed
PAY004021,ORD004021,2026-01-09,113.72,PayPal,Completed
PAY004022,ORD004022,2026-02-20,41.94,Apple Pay,Completed
PAY004023,ORD004023,2026-06-15,64.47,Debit Card,Completed
PAY004024,ORD004024,2026-08-09,48.96,Apple Pay,Failed
PAY004025,ORD004025,2026-01-15,55.83,PayPal,Failed
PAY004026,ORD004026,2026-03-25,37.88,Debit Card,Completed
PAY004027,ORD004027,2026-02-10,10.94,PayPal,Failed
PAY004028,ORD004028,2026-08-10,38.48,PayPal,Pending
PAY004029,ORD004029,2026-06-24,70.63,PayPal,Pending
PAY004030,ORD004030,2026-06-03,63.16,Credit Card,Completed
PAY004031,ORD004031,2026-02-23,98.19,Apple Pay,Completed
PAY004032,ORD004032,2026-04-29,21.5,Google Pay,Completed
PAY004033,ORD004033,2026-07-17,78.29,Credit Card,Failed
PAY004034,ORD004034,2026-06-16,41.03,Apple Pay,Completed
PAY004035,ORD004035,2026-01-17,35.25,Credit Card,Completed
PAY004036,ORD004036,2026-07-17,86.97,Apple Pay,Pending
PAY004037,ORD004037,2026-05-08,105.03,Debit Card,Pending
PAY004038,ORD004038,2026-04-02,134.68,Google Pay,Completed
PAY004039,ORD004039,2026-01-09,88.9,Debit Card,Pending
PAY004040,ORD004040,2026-08-07,56.1,Debit Card,Pending
PAY004041,ORD004041,2026-02-15,21.56,Apple Pay,Completed
PAY004042,ORD004042,2026-05-14,143.9,PayPal,Completed
PAY004043,ORD004043,2026-07-15,70.75,PayPal,Completed
PAY004044,ORD004044,2026-01-16,31.61,PayPal,Completed
PAY004045,ORD004045,2026-08-03,70.09,PayPal,Completed
PAY004046,ORD004046,2026-04-22,21.66,Google Pay,Completed
PAY004047,ORD004047,2026-03-28,155.45,Debit Card,Completed
PAY004048,ORD004048,2026-06-06,45.69,Credit Card,Completed
PAY004049,ORD004049,2026-06-18,27.89,Google Pay,Completed
PAY004050,ORD004050,2026-07-15,148.82,Apple Pay,Pending
PAY004051,ORD004051,2026-03-03,23.94,Google Pay,Completed
PAY004052,ORD004052,2026-04-14,59.23,Google Pay,Completed
PAY004053,ORD004053,2026-04-30,66.25,Apple Pay,Completed
PAY004054,ORD004054,2026-06-17,24.18,Credit Card,Failed
PAY004055,ORD004055,2026-07-09,45.5,Debit Card,Completed
PAY004056,ORD004056,2026-06-01,16.07,Google Pay,Pending
PAY004057,ORD004057,2026-05-14,44.6,Apple Pay,Completed
PAY004058,ORD004058,2026-02-09,16.32,Apple Pay,Completed
PAY004059,ORD004059,2026-07-17,112.59,Credit Card,Completed
PAY004060,ORD004060,2026-02-27,38.87,Google Pay,Completed
PAY004061,ORD004061,2026-05-22,25.9,Apple Pay,Failed
PAY004062,ORD004062,2026-03-19,69.72,Credit Card,Completed
PAY004063,ORD004063,2026-06-22,17.65,Credit Card,Completed
PAY004064,ORD004064,2026-04-21,35.95,Apple Pay,Completed
PAY004065,ORD004065,2026-04-09,100.27,Apple Pay,Pending
PAY004066,ORD004066,2026-01-06,22.58,Google Pay,Completed
PAY004067,ORD004067,2026-01-23,49.55,Google Pay,Completed
PAY004068,ORD004068,2026-03-03,33.6,Debit Card,Completed
PAY004069,ORD004069,2026-07-31,14.01,Apple Pay,Failed
PAY004070,ORD004070,2026-01-17,26.7,PayPal,Pending
PAY004071,ORD004071,2026-03-25,36.84,PayPal,Pending
PAY004072,ORD004072,2026-04-22,71.22,Debit Card,Completed
PAY004073,ORD004073,2026-07-17,157.9,Apple Pay,Completed
PAY004074,ORD004074,2026-04-14,59.37,Credit Card,Completed
PAY004075,ORD004075,2026-05-05,64.99,PayPal,Completed
PAY004076,ORD004076,2026-01-28,102.22,Google Pay,Pending
PAY004077,ORD004077,2026-05-21,81.11,PayPal,Pending
PAY004078,ORD004078,2026-06-06,37.71,Apple Pay,Failed
PAY004079,ORD004079,2026-06-22,40.21,PayPal,Completed
PAY004080,ORD004080,2026-01-20,89.66,Debit Card,Failed
PAY004081,ORD004081,2026-07-05,85.22,Google Pay,Failed
PAY004082,ORD004082,2026-07-28,69.57,Debit Card,Completed
PAY004083,ORD004083,2026-04-27,38.92,Credit Card,Completed
PAY004084,ORD004084,2026-02-23,187.98,Credit Card,Pending
PAY004085,ORD004085,2026-04-19,34.4,Credit Card,Completed
PAY004086,ORD004086,2026-03-05,55.9,Credit Card,Failed
PAY004087,ORD004087,2026-02-21,161.5,Apple Pay,Completed
PAY004088,ORD004088,2026-02-12,65.69,Apple Pay,Completed
PAY004089,ORD004089,2026-03-28,57.8,Apple Pay,Completed
PAY004090,ORD004090,2026-01-18,74.04,Debit Card,Failed
PAY004091,ORD004091,2026-03-25,38.47,Debit Card,Completed
PAY004092,ORD004092,2026-02-23,56.52,PayPal,Completed
PAY004093,ORD004093,2026-03-01,101.18,Google Pay,Failed
PAY004094,ORD004094,2026-05-03,116.32,Debit Card,Pending
PAY004095,ORD004095,2026-03-12,184.38,PayPal,Pending
PAY004096,ORD004096,2026-05-09,35.94,Credit Card,Completed
PAY004097,ORD004097,2026-04-23,151.78,Credit Card,Completed
PAY004098,ORD004098,2026-02-06,92.01,Debit Card,Pending
PAY004099,ORD004099,2026-02-18,128.66,Apple Pay,Completed
PAY004100,ORD004100,2026-02-04,23.73,PayPal,Completed
PAY004101,ORD004101,2026-04-15,35.64,Google Pay,Completed
PAY004102,ORD004102,2026-07-14,70.91,PayPal,Completed
PAY004103,ORD004103,2026-02-04,98.9,Apple Pay,Completed
PAY004104,ORD004104,2026-08-09,44.68,Apple Pay,Completed
PAY004105,ORD004105,2026-01-09,46.51,Debit Card,Completed
PAY004106,ORD004106,2026-06-14,28.69,Apple Pay,Completed
PAY004107,ORD004107,2026-03-01,42.49,Apple Pay,Failed
PAY004108,ORD004108,2026-02-25,46.17,Google Pay,Completed
PAY004109,ORD004109,2026-04-16,46.36,Apple Pay,Completed
PAY004110,ORD004110,2026-04-21,32.13,Credit Card,Failed
PAY004111,ORD004111,2026-03-30,231.59,Apple Pay,Pending
PAY004112,ORD004112,2026-01-12,123.28,Credit Card,Pending
PAY004113,ORD004113,2026-03-12,96.13,Google Pay,Completed
PAY004114,ORD004114,2026-03-12,134.61,Debit Card,Completed
PAY004115,ORD004115,2026-04-29,90.47,Credit Card,Completed
PAY004116,ORD004116,2026-05-12,288.43,Debit Card,Completed
PAY004117,ORD004117,2026-07-08,34.34,Debit Card,Completed
PAY004118,ORD004118,2026-06-22,12.21,Credit Card,Pending
PAY004119,ORD004119,2026-04-05,32.47,PayPal,Completed
PAY004120,ORD004120,2026-06-27,16.26,Apple Pay,Pending
PAY004121,ORD004121,2026-02-19,25.48,Google Pay,Pending
PAY004122,ORD004122,2026-04-13,39.36,Debit Card,Failed
PAY004123,ORD004123,2026-07-21,54.6,PayPal,Completed
PAY004124,ORD004124,2026-06-25,127.47,Debit Card,Pending
PAY004125,ORD004125,2026-01-23,194.27,PayPal,Pending
PAY004126,ORD004126,2026-03-31,74.2,Google Pay,Pending
PAY004127,ORD004127,2026-08-03,25.7,PayPal,Pending
PAY004128,ORD004128,2026-04-03,42.31,Google Pay,Pending
PAY004129,ORD004129,2026-01-08,49.13,Apple Pay,Pending
PAY004130,ORD004130,2026-07-30,44.74,PayPal,Failed
PAY004131,ORD004131,2026-01-29,23.52,Debit Card,Completed
PAY004132,ORD004132,2026-06-20,148.24,Apple Pay,Completed
PAY004133,ORD004133,2026-02-22,20.49,Debit Card,Pending
PAY004134,ORD004134,2026-05-14,41.61,Debit Card,Failed
PAY004135,ORD004135,2026-08-09,66.36,Apple Pay,Pending
PAY004136,ORD004136,2026-01-24,68.05,Apple Pay,Completed
PAY004137,ORD004137,2026-04-30,45.41,Google Pay,Completed
PAY004138,ORD004138,2026-07-21,74.78,PayPal,Completed
PAY004139,ORD004139,2026-05-04,28.65,Google Pay,Completed
PAY004140,ORD004140,2026-05-22,56.25,Credit Card,Completed
PAY004141,ORD004141,2026-02-21,24.32,Credit Card,Completed
PAY004142,ORD004142,2026-03-11,32.6,Google Pay,Pending
PAY004143,ORD004143,2026-01-04,119.45,Google Pay,Completed
PAY004144,ORD004144,2026-07-05,51.34,PayPal,Failed
PAY004145,ORD004145,2026-04-26,52.94,Apple Pay,Completed
PAY004146,ORD004146,2026-07-26,42.77,Credit Card,Completed
PAY004147,ORD004147,2026-02-06,37.66,Apple Pay,Failed
PAY004148,ORD004148,2026-02-17,61.28,Debit Card,Completed
PAY004149,ORD004149,2026-05-02,289.13,Debit Card,Completed
PAY004150,ORD004150,2026-02-08,22.42,Apple Pay,Pending
PAY004151,ORD004151,2026-04-02,30.39,Debit Card,Completed
PAY004152,ORD004152,2026-03-07,31.16,Credit Card,Failed
PAY004153,ORD004153,2026-01-13,12.71,Credit Card,Failed
PAY004154,ORD004154,2026-07-13,55.42,Debit Card,Pending
PAY004155,ORD004155,2026-03-01,51.75,Credit Card,Completed
PAY004156,ORD004156,2026-05-06,38.74,Debit Card,Pending
PAY004157,ORD004157,2026-06-18,95.1,PayPal,Completed
PAY004158,ORD004158,2026-02-01,43.85,PayPal,Failed
PAY004159,ORD004159,2026-06-29,53.51,Apple Pay,Completed
PAY004160,ORD004160,2026-05-13,67.58,Debit Card,Completed
PAY004161,ORD004161,2026-07-14,46.8,PayPal,Failed
PAY004162,ORD004162,2026-03-07,198.1,PayPal,Failed
PAY004163,ORD004163,2026-03-19,45.64,Credit Card,Completed
PAY004164,ORD004164,2026-06-29,95.13,Apple Pay,Completed
PAY004165,ORD004165,2026-05-06,57.29,Apple Pay,Pending
PAY004166,ORD004166,2026-06-26,59.21,PayPal,Completed
PAY004167,ORD004167,2026-01-29,110.99,PayPal,Completed
PAY004168,ORD004168,2026-06-15,48.53,Apple Pay,Pending
PAY004169,ORD004169,2026-03-11,58.11,Credit Card,Completed
PAY004170,ORD004170,2026-08-14,71.8,Google Pay,Completed
PAY004171,ORD004171,2026-05-16,39.91,Credit Card,Completed
PAY004172,ORD004172,2026-07-06,85.24,Google Pay,Failed
PAY004173,ORD004173,2026-02-24,173.46,Apple Pay,Pending
PAY004174,ORD004174,2026-04-20,33.17,Apple Pay,Completed
PAY004175,ORD004175,2026-01-02,38.52,Apple Pay,Completed
PAY004176,ORD004176,2026-06-03,29.09,Debit Card,Completed
PAY004177,ORD004177,2026-03-04,213.94,Debit Card,Failed
PAY004178,ORD004178,2026-01-17,92.06,Debit Card,Pending
PAY004179,ORD004179,2026-02-28,24.5,Apple Pay,Completed
PAY004180,ORD004180,2026-03-29,21.18,PayPal,Completed
PAY004181,ORD004181,2026-08-11,93.79,Apple Pay,Completed
PAY004182,ORD004182,2026-01-16,308.7,Google Pay,Completed
PAY004183,ORD004183,2026-02-27,57.8,Credit Card,Pending
PAY004184,ORD004184,2026-07-11,21.41,Google Pay,Pending
PAY004185,ORD004185,2026-02-19,19.14,Credit Card,Failed
PAY004186,ORD004186,2026-08-01,46.97,Google Pay,Completed
PAY004187,ORD004187,2026-06-03,22.64,Credit Card,Failed
PAY004188,ORD004188,2026-01-17,50.52,PayPal,Completed
PAY004189,ORD004189,2026-04-24,86.58,Credit Card,Completed
PAY004190,ORD004190,2026-02-15,72.65,Apple Pay,Failed
PAY004191,ORD004191,2026-04-16,82.16,Google Pay,Pending
PAY004192,ORD004192,2026-05-07,71.96,Debit Card,Completed
PAY004193,ORD004193,2026-07-15,100.41,PayPal,Pending
PAY004194,ORD004194,2026-02-19,50.55,Google Pay,Failed
PAY004195,ORD004195,2026-06-20,64.75,PayPal,Failed
PAY004196,ORD004196,2026-04-28,150.07,Debit Card,Completed
PAY004197,ORD004197,2026-06-25,105.11,Debit Card,Completed
PAY004198,ORD004198,2026-03-09,24.96,Debit Card,Completed
PAY004199,ORD004199,2026-05-27,34.35,Debit Card,Pending
PAY004200,ORD004200,2026-06-02,24.71,Debit Card,Completed
PAY004201,ORD004201,2026-07-19,52.39,Apple Pay,Completed
PAY004202,ORD004202,2026-05-26,6.03,Credit Card,Failed
PAY004203,ORD004203,2026-02-20,91.21,Debit Card,Failed
PAY004204,ORD004204,2026-05-26,31.1,Google Pay,Failed
PAY004205,ORD004205,2026-04-22,17.29,Google Pay,Pending
PAY004206,ORD004206,2026-07-05,271.91,Debit Card,Completed
PAY004207,ORD004207,2026-03-05,36.43,PayPal,Completed
PAY004208,ORD004208,2026-07-18,18.01,Debit Card,Failed
PAY004209,ORD004209,2026-07-04,40.31,Apple Pay,Completed
PAY004210,ORD004210,2026-05-25,181.5,Credit Card,Failed
PAY004211,ORD004211,2026-02-28,5.8,Google Pay,Failed
PAY004212,ORD004212,2026-07-14,121.03,Debit Card,Completed
PAY004213,ORD004213,2026-08-02,17.46,Credit Card,Failed
PAY004214,ORD004214,2026-05-23,83.76,Credit Card,Pending
PAY004215,ORD004215,2026-08-11,27.55,Debit Card,Completed
PAY004216,ORD004216,2026-04-10,61.61,Credit Card,Failed
PAY004217,ORD004217,2026-01-26,42.4,Google Pay,Completed
PAY004218,ORD004218,2026-06-25,75.11,Debit Card,Completed
PAY004219,ORD004219,2026-01-14,90.08,PayPal,Completed
PAY004220,ORD004220,2026-05-02,85.69,Debit Card,Completed
PAY004221,ORD004221,2026-07-28,36.15,Google Pay,Completed
PAY004222,ORD004222,2026-01-09,72.85,Debit Card,Completed
PAY004223,ORD004223,2026-01-07,115.4,Debit Card,Pending
PAY004224,ORD004224,2026-08-07,51.07,Debit Card,Completed
PAY004225,ORD004225,2026-08-08,67.82,Apple Pay,Completed
PAY004226,ORD004226,2026-07-02,27.29,Apple Pay,Failed
PAY004227,ORD004227,2026-05-20,73.65,Google Pay,Failed
PAY004228,ORD004228,2026-05-25,38.5,Credit Card,Completed
PAY004229,ORD004229,2026-07-20,52.13,Debit Card,Failed
PAY004230,ORD004230,2026-04-18,59.72,Debit Card,Failed
PAY004231,ORD004231,2026-05-16,69.25,Apple Pay,Completed
PAY004232,ORD004232,2026-04-01,45.11,PayPal,Completed
PAY004233,ORD004233,2026-05-04,192.33,Apple Pay,Completed
PAY004234,ORD004234,2026-06-19,30.66,Credit Card,Completed
PAY004235,ORD004235,2026-07-23,19.76,Debit Card,Pending
PAY004236,ORD004236,2026-06-14,24.8,Debit Card,Pending
PAY004237,ORD004237,2026-05-28,29.48,Google Pay,Pending
PAY004238,ORD004238,2026-01-01,60.47,PayPal,Completed
PAY004239,ORD004239,2026-01-09,212.48,Google Pay,Failed
PAY004240,ORD004240,2026-04-21,78.66,PayPal,Completed
PAY004241,ORD004241,2026-01-24,50.04,PayPal,Pending
PAY004242,ORD004242,2026-05-05,36.81,PayPal,Failed
PAY004243,ORD004243,2026-06-11,135.79,PayPal,Pending
PAY004244,ORD004244,2026-02-05,27.83,Google Pay,Completed
PAY004245,ORD004245,2026-01-04,19.76,Debit Card,Failed
PAY004246,ORD004246,2026-06-06,32.27,Debit Card,Pending
PAY004247,ORD004247,2026-03-28,41.14,Google Pay,Completed
PAY004248,ORD004248,2026-05-24,90.17,Apple Pay,Pending
PAY004249,ORD004249,2026-01-08,105.25,Credit Card,Completed
PAY004250,ORD004250,2026-04-01,86.54,PayPal,Completed
PAY004251,ORD004251,2026-02-08,12.57,Google Pay,Completed
PAY004252,ORD004252,2026-02-27,60.25,PayPal,Completed
PAY004253,ORD004253,2026-05-20,61.89,PayPal,Failed
PAY004254,ORD004254,2026-06-21,79.46,PayPal,Completed
PAY004255,ORD004255,2026-01-04,20.68,Google Pay,Completed
PAY004256,ORD004256,2026-01-25,44.53,Debit Card,Completed
PAY004257,ORD004257,2026-07-17,43.67,Apple Pay,Failed
PAY004258,ORD004258,2026-03-08,112.0,Apple Pay,Completed
PAY004259,ORD004259,2026-06-16,61.01,Google Pay,Pending
PAY004260,ORD004260,2026-04-28,36.9,Credit Card,Completed
PAY004261,ORD004261,2026-01-24,16.59,Apple Pay,Completed
PAY004262,ORD004262,2026-08-01,23.07,Apple Pay,Completed
PAY004263,ORD004263,2026-01-06,89.09,PayPal,Pending
PAY004264,ORD004264,2026-04-07,12.61,Google Pay,Completed
PAY004265,ORD004265,2026-03-13,15.12,Debit Card,Completed
PAY004266,ORD004266,2026-06-10,101.99,Google Pay,Failed
PAY004267,ORD004267,2026-06-25,93.45,Google Pay,Pending
PAY004268,ORD004268,2026-07-14,23.0,Apple Pay,Pending
PAY004269,ORD004269,2026-05-04,49.06,PayPal,Completed
PAY004270,ORD004270,2026-01-02,164.53,Google Pay,Pending
PAY004271,ORD004271,2026-02-07,61.4,Debit Card,Completed
PAY004272,ORD004272,2026-02-09,76.46,PayPal,Failed
PAY004273,ORD004273,2026-02-25,169.13,PayPal,Pending
PAY004274,ORD004274,2026-04-13,213.57,Debit Card,Completed
PAY004275,ORD004275,2026-04-13,60.43,Debit Card,Completed
PAY004276,ORD004276,2026-08-04,162.41,Debit Card,Pending
PAY004277,ORD004277,2026-01-21,110.59,Google Pay,Failed
PAY004278,ORD004278,2026-04-25,42.67,PayPal,Completed
PAY004279,ORD004279,2026-07-29,77.85,PayPal,Completed
PAY004280,ORD004280,2026-02-04,16.96,Credit Card,Completed
PAY004281,ORD004281,2026-07-22,89.27,Credit Card,Completed
PAY004282,ORD004282,2026-07-22,40.96,Credit Card,Failed
PAY004283,ORD004283,2026-03-08,33.82,Google Pay,Pending
PAY004284,ORD004284,2026-07-07,121.86,Google Pay,Completed
PAY004285,ORD004285,2026-05-31,28.99,Debit Card,Completed
PAY004286,ORD004286,2026-07-12,76.99,Google Pay,Completed
PAY004287,ORD004287,2026-07-10,113.94,PayPal,Completed
PAY004288,ORD004288,2026-05-31,43.07,PayPal,Completed
PAY004289,ORD004289,2026-08-02,67.14,Apple Pay,Failed
PAY004290,ORD004290,2026-05-03,34.82,Apple Pay,Completed
PAY004291,ORD004291,2026-02-11,31.02,Google Pay,Completed
PAY004292,ORD004292,2026-08-10,50.62,Apple Pay,Completed
PAY004293,ORD004293,2026-07-11,544.65,Google Pay,Completed
PAY004294,ORD004294,2026-07-13,210.0,Debit Card,Failed
PAY004295,ORD004295,2026-03-22,41.09,Debit Card,Completed
PAY004296,ORD004296,2026-02-10,54.31,Apple Pay,Completed
PAY004297,ORD004297,2026-04-24,44.66,Google Pay,Completed
PAY004298,ORD004298,2026-01-20,23.9,Apple Pay,Completed
PAY004299,ORD004299,2026-01-09,35.37,PayPal,Pending
PAY004300,ORD004300,2026-02-26,42.5,Google Pay,Completed
PAY004301,ORD004301,2026-05-04,10.54,Credit Card,Completed
PAY004302,ORD004302,2026-07-22,48.33,PayPal,Completed
PAY004303,ORD004303,2026-05-25,98.75,Google Pay,Pending
PAY004304,ORD004304,2026-03-19,231.47,Apple Pay,Completed
PAY004305,ORD004305,2026-07-29,86.71,Apple Pay,Completed
PAY004306,ORD004306,2026-01-18,31.88,Apple Pay,Failed
PAY004307,ORD004307,2026-03-04,29.91,Google Pay,Completed
PAY004308,ORD004308,2026-07-19,56.66,Apple Pay,Pending
PAY004309,ORD004309,2026-04-03,61.76,Google Pay,Pending
PAY004310,ORD004310,2026-07-19,55.23,Google Pay,Failed
PAY004311,ORD004311,2026-01-26,135.63,Apple Pay,Completed
PAY004312,ORD004312,2026-08-08,81.44,Debit Card,Completed
PAY004313,ORD004313,2026-07-19,84.18,Debit Card,Pending
PAY004314,ORD004314,2026-03-25,76.06,PayPal,Pending
PAY004315,ORD004315,2026-07-19,37.24,Google Pay,Pending
PAY004316,ORD004316,2026-07-25,19.03,Apple Pay,Completed
PAY004317,ORD004317,2026-01-13,54.98,Apple Pay,Completed
PAY004318,ORD004318,2026-04-29,38.11,Apple Pay,Completed
PAY004319,ORD004319,2026-05-25,94.34,Debit Card,Completed
PAY004320,ORD004320,2026-04-25,40.04,Credit Card,Completed
PAY004321,ORD004321,2026-01-26,135.88,Google Pay,Pending
PAY004322,ORD004322,2026-05-14,94.66,PayPal,Completed
PAY004323,ORD004323,2026-03-22,193.58,PayPal,Failed
PAY004324,ORD004324,2026-05-12,181.42,PayPal,Completed
PAY004325,ORD004325,2026-03-30,100.94,Google Pay,Failed
PAY004326,ORD004326,2026-01-07,27.05,Google Pay,Completed
PAY004327,ORD004327,2026-01-17,44.26,PayPal,Completed
PAY004328,ORD004328,2026-03-27,36.88,PayPal,Completed
PAY004329,ORD004329,2026-05-08,65.19,Apple Pay,Failed
PAY004330,ORD004330,2026-04-28,82.75,Credit Card,Failed
PAY004331,ORD004331,2026-04-02,48.41,Debit Card,Failed
PAY004332,ORD004332,2026-02-19,91.63,Google Pay,Completed
PAY004333,ORD004333,2026-05-08,38.05,Credit Card,Completed
PAY004334,ORD004334,2026-01-06,12.08,PayPal,Completed
PAY004335,ORD004335,2026-06-07,70.33,PayPal,Completed
PAY004336,ORD004336,2026-03-15,49.66,PayPal,Completed
PAY004337,ORD004337,2026-02-25,65.88,PayPal,Pending
PAY004338,ORD004338,2026-02-08,104.21,Apple Pay,Completed
PAY004339,ORD004339,2026-05-22,51.33,Google Pay,Completed
PAY004340,ORD004340,2026-02-23,25.68,PayPal,Failed
PAY004341,ORD004341,2026-01-22,39.88,PayPal,Completed
PAY004342,ORD004342,2026-07-04,162.58,Google Pay,Pending
PAY004343,ORD004343,2026-02-10,82.02,Debit Card,Completed
PAY004344,ORD004344,2026-03-31,136.32,Apple Pay,Pending
PAY004345,ORD004345,2026-01-10,43.04,Apple Pay,Pending
PAY004346,ORD004346,2026-01-02,100.9,Credit Card,Completed
PAY004347,ORD004347,2026-07-14,118.73,Apple Pay,Completed
PAY004348,ORD004348,2026-02-17,20.59,Credit Card,Pending
PAY004349,ORD004349,2026-02-11,74.18,Debit Card,Pending
PAY004350,ORD004350,2026-05-19,69.26,Google Pay,Completed
PAY004351,ORD004351,2026-07-21,26.54,PayPal,Completed
PAY004352,ORD004352,2026-05-20,26.7,Credit Card,Completed
PAY004353,ORD004353,2026-05-22,251.84,Apple Pay,Failed
PAY004354,ORD004354,2026-01-30,68.01,PayPal,Completed
PAY004355,ORD004355,2026-03-01,146.15,Debit Card,Completed
PAY004356,ORD004356,2026-07-24,101.2,Google Pay,Completed
PAY004357,ORD004357,2026-06-07,62.58,Credit Card,Completed
PAY004358,ORD004358,2026-02-07,29.68,Apple Pay,Failed
PAY004359,ORD004359,2026-03-16,95.09,PayPal,Pending
PAY004360,ORD004360,2026-03-06,60.73,PayPal,Pending
PAY004361,ORD004361,2026-08-07,67.67,PayPal,Completed
PAY004362,ORD004362,2026-06-24,73.09,Google Pay,Completed
PAY004363,ORD004363,2026-02-08,77.36,Credit Card,Failed
PAY004364,ORD004364,2026-06-26,88.34,Google Pay,Failed
PAY004365,ORD004365,2026-03-14,31.99,Apple Pay,Completed
PAY004366,ORD004366,2026-02-27,98.71,Credit Card,Completed
PAY004367,ORD004367,2026-04-17,100.9,Debit Card,Failed
PAY004368,ORD004368,2026-08-06,69.75,Debit Card,Failed
PAY004369,ORD004369,2026-03-30,92.1,Google Pay,Pending
PAY004370,ORD004370,2026-01-17,165.69,Google Pay,Failed
PAY004371,ORD004371,2026-05-14,109.21,Google Pay,Pending
PAY004372,ORD004372,2026-05-23,27.03,Debit Card,Completed
PAY004373,ORD004373,2026-07-14,41.39,Debit Card,Failed
PAY004374,ORD004374,2026-04-05,52.85,Credit Card,Completed
PAY004375,ORD004375,2026-06-05,39.93,Credit Card,Completed
PAY004376,ORD004376,2026-07-20,22.84,Google Pay,Pending
PAY004377,ORD004377,2026-06-21,116.61,PayPal,Failed
PAY004378,ORD004378,2026-05-26,34.69,Credit Card,Completed
PAY004379,ORD004379,2026-06-09,142.31,Debit Card,Completed
PAY004380,ORD004380,2026-07-30,19.46,Apple Pay,Completed
PAY004381,ORD004381,2026-07-16,104.06,PayPal,Failed
PAY004382,ORD004382,2026-06-21,109.82,Debit Card,Failed
PAY004383,ORD004383,2026-03-11,70.95,PayPal,Completed
PAY004384,ORD004384,2026-03-04,50.44,Apple Pay,Completed
PAY004385,ORD004385,2026-07-23,59.85,Google Pay,Pending
PAY004386,ORD004386,2026-02-27,61.12,PayPal,Failed
PAY004387,ORD004387,2026-06-24,83.37,Apple Pay,Failed
PAY004388,ORD004388,2026-05-06,53.21,Apple Pay,Completed
PAY004389,ORD004389,2026-05-25,58.99,PayPal,Pending
PAY004390,ORD004390,2026-06-16,76.37,PayPal,Completed
PAY004391,ORD004391,2026-07-06,61.42,PayPal,Pending
PAY004392,ORD004392,2026-05-15,32.41,PayPal,Failed
PAY004393,ORD004393,2026-03-04,34.8,Google Pay,Pending
PAY004394,ORD004394,2026-04-27,57.22,Debit Card,Failed
PAY004395,ORD004395,2026-07-04,18.0,Credit Card,Completed
PAY004396,ORD004396,2026-07-22,54.55,Google Pay,Completed
PAY004397,ORD004397,2026-06-11,68.03,PayPal,Pending
PAY004398,ORD004398,2026-02-22,56.6,Apple Pay,Completed
PAY004399,ORD004399,2026-07-13,83.09,Google Pay,Completed
PAY004400,ORD004400,2026-07-25,69.53,Credit Card,Failed
PAY004401,ORD004401,2026-03-23,109.66,Credit Card,Pending
PAY004402,ORD004402,2026-06-25,67.43,Google Pay,Failed
PAY004403,ORD004403,2026-07-07,233.71,Apple Pay,Completed
PAY004404,ORD004404,2026-02-12,61.65,Apple Pay,Completed
PAY004405,ORD004405,2026-07-20,102.86,Apple Pay,Failed
PAY004406,ORD004406,2026-01-04,53.0,Debit Card,Completed
PAY004407,ORD004407,2026-07-25,61.89,Apple Pay,Pending
PAY004408,ORD004408,2026-03-16,31.11,Credit Card,Completed
PAY004409,ORD004409,2026-04-04,56.22,PayPal,Completed
PAY004410,ORD004410,2026-04-17,33.76,PayPal,Failed
PAY004411,ORD004411,2026-04-01,134.79,Credit Card,Completed
PAY004412,ORD004412,2026-04-03,68.53,Apple Pay,Completed
PAY004413,ORD004413,2026-06-29,89.93,PayPal,Failed
PAY004414,ORD004414,2026-06-09,17.78,Credit Card,Pending
PAY004415,ORD004415,2026-04-23,19.35,Apple Pay,Pending
PAY004416,ORD004416,2026-08-10,48.33,Debit Card,Pending
PAY004417,ORD004417,2026-03-31,22.33,PayPal,Completed
PAY004418,ORD004418,2026-04-04,8.36,Apple Pay,Pending
PAY004419,ORD004419,2026-06-28,105.69,Apple Pay,Completed
PAY004420,ORD004420,2026-05-18,75.71,PayPal,Pending
PAY004421,ORD004421,2026-05-20,34.56,Apple Pay,Completed
PAY004422,ORD004422,2026-08-13,65.78,Google Pay,Failed
PAY004423,ORD004423,2026-08-14,218.29,Google Pay,Completed
PAY004424,ORD004424,2026-07-29,31.5,Debit Card,Completed
PAY004425,ORD004425,2026-06-16,114.35,Credit Card,Failed
PAY004426,ORD004426,2026-07-27,43.87,Google Pay,Completed
PAY004427,ORD004427,2026-07-15,39.17,Google Pay,Pending
PAY004428,ORD004428,2026-05-18,25.09,Debit Card,Failed
PAY004429,ORD004429,2026-04-02,66.66,Google Pay,Completed
PAY004430,ORD004430,2026-04-15,106.09,Google Pay,Pending
PAY004431,ORD004431,2026-07-29,74.99,PayPal,Completed
PAY004432,ORD004432,2026-03-14,51.84,Debit Card,Completed
PAY004433,ORD004433,2026-08-02,38.35,Apple Pay,Completed
PAY004434,ORD004434,2026-01-10,202.61,Apple Pay,Completed
PAY004435,ORD004435,2026-04-14,40.81,Credit Card,Completed
PAY004436,ORD004436,2026-05-31,40.6,Credit Card,Pending
PAY004437,ORD004437,2026-07-24,20.21,Google Pay,Pending
PAY004438,ORD004438,2026-08-04,205.64,Google Pay,Failed
PAY004439,ORD004439,2026-05-21,18.43,Apple Pay,Completed
PAY004440,ORD004440,2026-02-17,117.36,Debit Card,Completed
PAY004441,ORD004441,2026-04-19,91.79,PayPal,Completed
PAY004442,ORD004442,2026-03-30,43.1,Credit Card,Completed
PAY004443,ORD004443,2026-02-13,70.76,Google Pay,Failed
PAY004444,ORD004444,2026-04-03,83.6,Credit Card,Completed
PAY004445,ORD004445,2026-07-27,295.08,Apple Pay,Pending
PAY004446,ORD004446,2026-03-05,206.86,Debit Card,Pending
PAY004447,ORD004447,2026-02-09,101.17,Apple Pay,Completed
PAY004448,ORD004448,2026-05-14,72.04,PayPal,Completed
PAY004449,ORD004449,2026-04-30,96.22,Debit Card,Completed
PAY004450,ORD004450,2026-03-13,71.14,PayPal,Completed
PAY004451,ORD004451,2026-04-08,77.41,PayPal,Pending
PAY004452,ORD004452,2026-07-29,38.28,Debit Card,Completed
PAY004453,ORD004453,2026-06-20,57.54,PayPal,Completed
PAY004454,ORD004454,2026-02-01,104.12,Credit Card,Completed
PAY004455,ORD004455,2026-06-26,62.71,Google Pay,Completed
PAY004456,ORD004456,2026-03-15,85.06,Debit Card,Completed
PAY004457,ORD004457,2026-08-14,42.07,Apple Pay,Completed
PAY004458,ORD004458,2026-08-03,58.4,Apple Pay,Failed
PAY004459,ORD004459,2026-05-03,25.4,Google Pay,Failed
PAY004460,ORD004460,2026-05-27,105.02,Apple Pay,Failed
PAY004461,ORD004461,2026-03-25,17.66,Google Pay,Completed
PAY004462,ORD004462,2026-02-21,84.45,Credit Card,Completed
PAY004463,ORD004463,2026-06-29,23.16,Apple Pay,Completed
PAY004464,ORD004464,2026-02-03,31.07,Apple Pay,Pending
PAY004465,ORD004465,2026-07-06,30.33,Credit Card,Pending
PAY004466,ORD004466,2026-03-22,110.12,Apple Pay,Completed
PAY004467,ORD004467,2026-04-18,25.85,Apple Pay,Pending
PAY004468,ORD004468,2026-05-06,53.0,Credit Card,Failed
PAY004469,ORD004469,2026-01-05,45.05,Credit Card,Completed
PAY004470,ORD004470,2026-07-13,50.45,Credit Card,Completed
PAY004471,ORD004471,2026-02-10,101.86,Apple Pay,Pending
PAY004472,ORD004472,2026-02-03,55.18,Google Pay,Completed
PAY004473,ORD004473,2026-07-01,54.58,Google Pay,Completed
PAY004474,ORD004474,2026-01-20,31.87,Debit Card,Completed
PAY004475,ORD004475,2026-07-01,30.98,Debit Card,Completed
PAY004476,ORD004476,2026-03-07,22.62,Apple Pay,Completed
PAY004477,ORD004477,2026-04-02,47.05,Apple Pay,Completed
PAY004478,ORD004478,2026-05-26,170.63,Google Pay,Failed
PAY004479,ORD004479,2026-02-13,68.43,PayPal,Completed
PAY004480,ORD004480,2026-04-13,62.81,Debit Card,Completed
PAY004481,ORD004481,2026-02-17,20.3,Google Pay,Completed
PAY004482,ORD004482,2026-02-04,131.67,Apple Pay,Completed
PAY004483,ORD004483,2026-07-26,185.14,Debit Card,Completed
PAY004484,ORD004484,2026-04-21,33.59,Debit Card,Failed
PAY004485,ORD004485,2026-02-08,30.47,Debit Card,Pending
PAY004486,ORD004486,2026-01-03,165.16,Apple Pay,Completed
PAY004487,ORD004487,2026-01-19,79.13,Google Pay,Completed
PAY004488,ORD004488,2026-08-03,200.98,PayPal,Pending
PAY004489,ORD004489,2026-07-30,137.68,Apple Pay,Completed
PAY004490,ORD004490,2026-05-05,15.71,Debit Card,Completed
PAY004491,ORD004491,2026-05-26,183.75,Credit Card,Pending
PAY004492,ORD004492,2026-08-10,66.11,Google Pay,Completed
PAY004493,ORD004493,2026-03-24,61.32,Apple Pay,Failed
PAY004494,ORD004494,2026-01-05,61.74,Debit Card,Completed
PAY004495,ORD004495,2026-02-24,57.13,PayPal,Completed
PAY004496,ORD004496,2026-01-13,20.82,Debit Card,Pending
PAY004497,ORD004497,2026-06-11,159.11,Debit Card,Completed
PAY004498,ORD004498,2026-08-04,40.96,Apple Pay,Pending
PAY004499,ORD004499,2026-01-18,48.52,PayPal,Completed
PAY004500,ORD004500,2026-03-09,90.41,Credit Card,Completed
PAY004501,ORD004501,2026-04-10,205.36,Apple Pay,Completed
PAY004502,ORD004502,2026-07-19,56.91,Google Pay,Completed
PAY004503,ORD004503,2026-06-20,69.4,PayPal,Pending
PAY004504,ORD004504,2026-07-12,160.92,Credit Card,Pending
PAY004505,ORD004505,2026-06-18,89.69,Credit Card,Failed
PAY004506,ORD004506,2026-02-07,83.79,PayPal,Completed
PAY004507,ORD004507,2026-06-15,7.96,Google Pay,Completed
PAY004508,ORD004508,2026-05-21,48.99,Debit Card,Failed
PAY004509,ORD004509,2026-05-05,67.9,Apple Pay,Completed
PAY004510,ORD004510,2026-01-22,67.41,Google Pay,Completed
PAY004511,ORD004511,2026-01-29,114.58,Credit Card,Pending
PAY004512,ORD004512,2026-05-17,25.63,Google Pay,Pending
PAY004513,ORD004513,2026-08-07,29.48,Debit Card,Pending
PAY004514,ORD004514,2026-04-20,119.17,Google Pay,Completed
PAY004515,ORD004515,2026-04-18,129.36,Google Pay,Failed
PAY004516,ORD004516,2026-03-09,29.26,Credit Card,Completed
PAY004517,ORD004517,2026-04-14,72.85,Google Pay,Completed
PAY004518,ORD004518,2026-05-25,50.87,Apple Pay,Completed
PAY004519,ORD004519,2026-06-14,38.44,PayPal,Completed
PAY004520,ORD004520,2026-07-11,26.06,Credit Card,Completed
PAY004521,ORD004521,2026-07-14,32.21,PayPal,Failed
PAY004522,ORD004522,2026-05-12,33.95,Google Pay,Failed
PAY004523,ORD004523,2026-02-09,178.79,Debit Card,Completed
PAY004524,ORD004524,2026-05-24,85.35,Credit Card,Pending
PAY004525,ORD004525,2026-05-19,73.62,Google Pay,Completed
PAY004526,ORD004526,2026-08-07,27.55,Google Pay,Pending
PAY004527,ORD004527,2026-01-26,152.52,Debit Card,Pending
PAY004528,ORD004528,2026-04-05,165.68,Google Pay,Completed
PAY004529,ORD004529,2026-04-08,71.64,Apple Pay,Failed
PAY004530,ORD004530,2026-07-19,66.22,Debit Card,Completed
PAY004531,ORD004531,2026-04-13,66.34,Credit Card,Pending
PAY004532,ORD004532,2026-07-12,101.32,Credit Card,Completed
PAY004533,ORD004533,2026-05-05,21.7,PayPal,Completed
PAY004534,ORD004534,2026-01-02,28.64,Apple Pay,Completed
PAY004535,ORD004535,2026-04-01,34.46,Apple Pay,Completed
PAY004536,ORD004536,2026-02-14,43.43,Credit Card,Failed
PAY004537,ORD004537,2026-06-20,74.72,Google Pay,Pending
PAY004538,ORD004538,2026-01-03,123.03,Apple Pay,Failed
PAY004539,ORD004539,2026-06-11,115.75,Apple Pay,Failed
PAY004540,ORD004540,2026-03-21,20.08,Google Pay,Completed
PAY004541,ORD004541,2026-07-12,226.74,Debit Card,Completed
PAY004542,ORD004542,2026-03-05,283.6,Google Pay,Completed
PAY004543,ORD004543,2026-05-15,190.51,PayPal,Completed
PAY004544,ORD004544,2026-02-04,37.24,PayPal,Completed
PAY004545,ORD004545,2026-01-22,42.74,Credit Card,Failed
PAY004546,ORD004546,2026-06-25,20.03,Debit Card,Completed
PAY004547,ORD004547,2026-06-09,73.74,Apple Pay,Completed
PAY004548,ORD004548,2026-01-26,73.0,Credit Card,Completed
PAY004549,ORD004549,2026-04-30,46.77,Credit Card,Completed
PAY004550,ORD004550,2026-01-06,31.83,Apple Pay,Pending
PAY004551,ORD004551,2026-06-23,70.5,Apple Pay,Completed
PAY004552,ORD004552,2026-07-02,53.6,Google Pay,Completed
PAY004553,ORD004553,2026-07-22,79.25,PayPal,Pending
PAY004554,ORD004554,2026-08-11,180.04,Apple Pay,Completed
PAY004555,ORD004555,2026-04-28,96.4,Google Pay,Completed
PAY004556,ORD004556,2026-07-02,71.5,PayPal,Completed
PAY004557,ORD004557,2026-03-26,69.31,Debit Card,Failed
PAY004558,ORD004558,2026-07-04,29.18,Debit Card,Completed
PAY004559,ORD004559,2026-08-02,58.19,Debit Card,Failed
PAY004560,ORD004560,2026-05-01,75.03,Apple Pay,Completed
PAY004561,ORD004561,2026-03-04,115.08,PayPal,Completed
PAY004562,ORD004562,2026-05-09,96.49,PayPal,Completed
PAY004563,ORD004563,2026-05-29,50.35,Debit Card,Completed
PAY004564,ORD004564,2026-01-20,157.89,Credit Card,Completed
PAY004565,ORD004565,2026-07-20,15.42,PayPal,Completed
PAY004566,ORD004566,2026-08-07,89.83,PayPal,Completed
PAY004567,ORD004567,2026-01-29,30.92,Google Pay,Completed
PAY004568,ORD004568,2026-02-12,176.32,Debit Card,Pending
PAY004569,ORD004569,2026-08-13,120.73,Credit Card,Pending
PAY004570,ORD004570,2026-06-22,21.56,Google Pay,Failed
PAY004571,ORD004571,2026-03-06,29.88,Credit Card,Completed
PAY004572,ORD004572,2026-05-11,17.94,Credit Card,Completed
PAY004573,ORD004573,2026-04-06,102.58,Credit Card,Failed
PAY004574,ORD004574,2026-01-20,82.82,Apple Pay,Failed
PAY004575,ORD004575,2026-03-22,113.9,PayPal,Completed
PAY004576,ORD004576,2026-02-06,9.34,PayPal,Completed
PAY004577,ORD004577,2026-02-07,33.98,Google Pay,Completed
PAY004578,ORD004578,2026-07-21,100.91,Credit Card,Completed
PAY004579,ORD004579,2026-02-14,147.42,Credit Card,Failed
PAY004580,ORD004580,2026-08-09,47.29,PayPal,Completed
PAY004581,ORD004581,2026-06-19,73.79,Credit Card,Completed
PAY004582,ORD004582,2026-02-15,104.35,Credit Card,Failed
PAY004583,ORD004583,2026-03-01,178.02,Credit Card,Completed
PAY004584,ORD004584,2026-04-06,20.31,Debit Card,Failed
PAY004585,ORD004585,2026-01-13,52.0,Debit Card,Completed
PAY004586,ORD004586,2026-01-31,20.79,Debit Card,Completed
PAY004587,ORD004587,2026-05-04,83.25,Google Pay,Pending
PAY004588,ORD004588,2026-03-09,21.9,Credit Card,Completed
PAY004589,ORD004589,2026-04-26,60.32,Debit Card,Completed
PAY004590,ORD004590,2026-03-03,65.47,Debit Card,Completed
PAY004591,ORD004591,2026-06-26,34.24,Apple Pay,Failed
PAY004592,ORD004592,2026-05-26,121.66,Google Pay,Completed
PAY004593,ORD004593,2026-03-16,71.11,Debit Card,Completed
PAY004594,ORD004594,2026-04-16,62.35,Debit Card,Failed
PAY004595,ORD004595,2026-02-22,37.15,Debit Card,Pending
PAY004596,ORD004596,2026-05-26,52.56,Apple Pay,Pending
PAY004597,ORD004597,2026-02-20,31.95,Apple Pay,Failed
PAY004598,ORD004598,2026-06-18,48.46,Google Pay,Completed
PAY004599,ORD004599,2026-04-11,60.84,Credit Card,Completed
PAY004600,ORD004600,2026-08-13,370.58,Credit Card,Pending
PAY004601,ORD004601,2026-04-11,57.2,Google Pay,Pending
PAY004602,ORD004602,2026-07-14,36.69,Credit Card,Failed
PAY004603,ORD004603,2026-07-12,24.52,PayPal,Pending
PAY004604,ORD004604,2026-03-24,94.4,Credit Card,Completed
PAY004605,ORD004605,2026-05-03,29.02,Apple Pay,Failed
PAY004606,ORD004606,2026-05-14,78.76,Apple Pay,Completed
PAY004607,ORD004607,2026-07-21,158.89,Debit Card,Failed
PAY004608,ORD004608,2026-06-14,102.65,Apple Pay,Completed
PAY004609,ORD004609,2026-01-12,31.34,PayPal,Completed
PAY004610,ORD004610,2026-03-22,71.27,PayPal,Completed
PAY004611,ORD004611,2026-08-07,149.02,PayPal,Failed
PAY004612,ORD004612,2026-01-02,76.43,Debit Card,Completed
PAY004613,ORD004613,2026-02-22,52.27,Credit Card,Completed
PAY004614,ORD004614,2026-06-02,112.84,Debit Card,Pending
PAY004615,ORD004615,2026-06-05,85.87,Apple Pay,Failed
PAY004616,ORD004616,2026-06-22,66.33,PayPal,Pending
PAY004617,ORD004617,2026-02-06,97.06,Debit Card,Completed
PAY004618,ORD004618,2026-05-25,73.95,Debit Card,Pending
PAY004619,ORD004619,2026-03-10,43.72,PayPal,Pending
PAY004620,ORD004620,2026-02-25,69.23,Google Pay,Pending
PAY004621,ORD004621,2026-05-01,50.35,PayPal,Failed
PAY004622,ORD004622,2026-02-27,135.17,Google Pay,Completed
PAY004623,ORD004623,2026-07-30,49.88,PayPal,Pending
PAY004624,ORD004624,2026-01-04,49.99,Credit Card,Completed
PAY004625,ORD004625,2026-04-13,107.26,Google Pay,Completed
PAY004626,ORD004626,2026-07-02,51.25,Google Pay,Completed
PAY004627,ORD004627,2026-02-18,64.52,Debit Card,Pending
PAY004628,ORD004628,2026-02-07,47.52,Google Pay,Completed
PAY004629,ORD004629,2026-02-14,34.9,Apple Pay,Completed
PAY004630,ORD004630,2026-04-18,48.98,Debit Card,Pending
PAY004631,ORD004631,2026-06-07,39.27,Debit Card,Failed
PAY004632,ORD004632,2026-08-12,412.15,Credit Card,Completed
PAY004633,ORD004633,2026-02-06,49.72,Debit Card,Failed
PAY004634,ORD004634,2026-07-03,43.24,Debit Card,Completed
PAY004635,ORD004635,2026-06-04,110.7,Apple Pay,Completed
PAY004636,ORD004636,2026-02-01,106.71,Debit Card,Completed
PAY004637,ORD004637,2026-05-19,31.99,Google Pay,Pending
PAY004638,ORD004638,2026-02-27,70.86,Credit Card,Pending
PAY004639,ORD004639,2026-03-18,50.15,Apple Pay,Completed
PAY004640,ORD004640,2026-06-12,73.67,PayPal,Completed
PAY004641,ORD004641,2026-01-17,50.11,PayPal,Completed
PAY004642,ORD004642,2026-06-07,14.24,PayPal,Completed
PAY004643,ORD004643,2026-05-26,88.65,Apple Pay,Failed
PAY004644,ORD004644,2026-01-30,82.73,PayPal,Failed
PAY004645,ORD004645,2026-03-31,25.44,Google Pay,Pending
PAY004646,ORD004646,2026-04-29,121.13,PayPal,Completed
PAY004647,ORD004647,2026-01-16,121.16,PayPal,Completed
PAY004648,ORD004648,2026-03-16,139.83,Credit Card,Completed
PAY004649,ORD004649,2026-07-01,20.41,PayPal,Failed
PAY004650,ORD004650,2026-01-04,108.96,PayPal,Completed
PAY004651,ORD004651,2026-05-07,33.4,Debit Card,Completed
PAY004652,ORD004652,2026-04-15,25.64,Google Pay,Completed
PAY004653,ORD004653,2026-05-23,42.11,Apple Pay,Failed
PAY004654,ORD004654,2026-07-23,51.42,Credit Card,Completed
PAY004655,ORD004655,2026-06-04,42.14,Apple Pay,Completed
PAY004656,ORD004656,2026-01-04,138.42,PayPal,Failed
PAY004657,ORD004657,2026-06-12,29.22,Debit Card,Completed
PAY004658,ORD004658,2026-03-26,119.19,PayPal,Failed
PAY004659,ORD004659,2026-03-04,44.66,PayPal,Completed
PAY004660,ORD004660,2026-04-10,64.45,Credit Card,Failed
PAY004661,ORD004661,2026-03-07,49.68,Credit Card,Failed
PAY004662,ORD004662,2026-02-08,34.28,Apple Pay,Completed
PAY004663,ORD004663,2026-06-05,33.73,PayPal,Completed
PAY004664,ORD004664,2026-06-11,24.11,Apple Pay,Completed
PAY004665,ORD004665,2026-06-10,22.65,PayPal,Pending
PAY004666,ORD004666,2026-06-27,53.46,Credit Card,Pending
PAY004667,ORD004667,2026-07-07,157.78,Debit Card,Pending
PAY004668,ORD004668,2026-03-13,27.59,Apple Pay,Completed
PAY004669,ORD004669,2026-03-13,68.24,Apple Pay,Completed
PAY004670,ORD004670,2026-02-11,54.38,Google Pay,Completed
PAY004671,ORD004671,2026-03-27,149.08,Google Pay,Pending
PAY004672,ORD004672,2026-04-01,84.18,Debit Card,Pending
PAY004673,ORD004673,2026-01-28,38.28,Google Pay,Completed
PAY004674,ORD004674,2026-07-22,26.24,Debit Card,Completed
PAY004675,ORD004675,2026-06-04,15.66,PayPal,Completed
PAY004676,ORD004676,2026-04-29,35.39,Google Pay,Failed
PAY004677,ORD004677,2026-05-09,274.01,Google Pay,Failed
PAY004678,ORD004678,2026-08-08,40.0,Apple Pay,Completed
PAY004679,ORD004679,2026-04-01,16.11,Debit Card,Completed
PAY004680,ORD004680,2026-01-08,19.03,Apple Pay,Completed
PAY004681,ORD004681,2026-05-01,182.83,Google Pay,Pending
PAY004682,ORD004682,2026-02-15,44.14,PayPal,Completed
PAY004683,ORD004683,2026-01-24,80.01,Credit Card,Completed
PAY004684,ORD004684,2026-04-25,75.07,Debit Card,Completed
PAY004685,ORD004685,2026-06-17,38.83,Debit Card,Pending
PAY004686,ORD004686,2026-06-28,43.34,PayPal,Completed
PAY004687,ORD004687,2026-04-29,31.28,PayPal,Completed
PAY004688,ORD004688,2026-01-24,16.79,Debit Card,Completed
PAY004689,ORD004689,2026-01-22,123.6,Debit Card,Completed
PAY004690,ORD004690,2026-07-21,105.76,PayPal,Completed
PAY004691,ORD004691,2026-03-09,59.54,PayPal,Completed
PAY004692,ORD004692,2026-05-16,63.64,PayPal,Completed
PAY004693,ORD004693,2026-02-27,120.38,Google Pay,Completed
PAY004694,ORD004694,2026-01-15,12.18,Debit Card,Pending
PAY004695,ORD004695,2026-01-08,86.71,Debit Card,Completed
PAY004696,ORD004696,2026-08-09,124.16,PayPal,Completed
PAY004697,ORD004697,2026-06-19,226.67,Apple Pay,Completed
PAY004698,ORD004698,2026-06-16,115.5,Credit Card,Completed
PAY004699,ORD004699,2026-02-04,184.33,Debit Card,Pending
PAY004700,ORD004700,2026-06-18,51.77,Google Pay,Completed
PAY004701,ORD004701,2026-02-17,61.07,Credit Card,Pending
PAY004702,ORD004702,2026-07-25,34.29,Apple Pay,Completed
PAY004703,ORD004703,2026-04-06,39.41,Google Pay,Completed
PAY004704,ORD004704,2026-03-12,116.89,PayPal,Completed
PAY004705,ORD004705,2026-02-13,81.79,Apple Pay,Failed
PAY004706,ORD004706,2026-04-07,87.3,PayPal,Completed
PAY004707,ORD004707,2026-02-04,20.6,Google Pay,Completed
PAY004708,ORD004708,2026-01-27,85.6,Google Pay,Completed
PAY004709,ORD004709,2026-07-12,157.47,PayPal,Completed
PAY004710,ORD004710,2026-03-11,82.6,Credit Card,Failed
PAY004711,ORD004711,2026-03-07,30.86,Debit Card,Completed
PAY004712,ORD004712,2026-03-12,58.87,Debit Card,Failed
PAY004713,ORD004713,2026-07-19,163.39,Google Pay,Failed
PAY004714,ORD004714,2026-07-10,75.16,Apple Pay,Completed
PAY004715,ORD004715,2026-08-09,146.91,PayPal,Completed
PAY004716,ORD004716,2026-03-21,231.44,Apple Pay,Completed
PAY004717,ORD004717,2026-01-29,53.15,PayPal,Completed
PAY004718,ORD004718,2026-01-31,28.75,Apple Pay,Completed
PAY004719,ORD004719,2026-07-11,42.74,PayPal,Completed
PAY004720,ORD004720,2026-08-02,233.85,Google Pay,Completed
PAY004721,ORD004721,2026-06-30,108.88,Credit Card,Pending
PAY004722,ORD004722,2026-07-21,71.96,Debit Card,Completed
PAY004723,ORD004723,2026-03-09,129.0,Apple Pay,Completed
PAY004724,ORD004724,2026-01-25,44.28,Debit Card,Completed
PAY004725,ORD004725,2026-04-27,48.36,Apple Pay,Completed
PAY004726,ORD004726,2026-05-21,37.06,Google Pay,Completed
PAY004727,ORD004727,2026-03-22,277.92,Google Pay,Failed
PAY004728,ORD004728,2026-06-17,69.19,Apple Pay,Failed
PAY004729,ORD004729,2026-07-19,56.4,Apple Pay,Pending
PAY004730,ORD004730,2026-03-28,70.7,Apple Pay,Completed
PAY004731,ORD004731,2026-05-15,56.88,Google Pay,Completed
PAY004732,ORD004732,2026-06-09,33.29,Credit Card,Completed
PAY004733,ORD004733,2026-01-24,129.0,Credit Card,Failed
PAY004734,ORD004734,2026-01-01,18.65,Apple Pay,Completed
PAY004735,ORD004735,2026-04-21,70.2,PayPal,Pending
PAY004736,ORD004736,2026-02-16,94.29,Credit Card,Pending
PAY004737,ORD004737,2026-06-28,20.82,Google Pay,Completed
PAY004738,ORD004738,2026-02-05,83.68,Google Pay,Completed
PAY004739,ORD004739,2026-06-04,44.2,Google Pay,Pending
PAY004740,ORD004740,2026-07-17,19.2,Debit Card,Completed
PAY004741,ORD004741,2026-02-11,68.87,Debit Card,Completed
PAY004742,ORD004742,2026-08-11,115.66,Google Pay,Completed
PAY004743,ORD004743,2026-03-17,532.15,Credit Card,Completed
PAY004744,ORD004744,2026-03-31,45.89,Debit Card,Completed
PAY004745,ORD004745,2026-03-30,85.45,PayPal,Failed
PAY004746,ORD004746,2026-03-09,115.9,Apple Pay,Completed
PAY004747,ORD004747,2026-03-11,66.55,Debit Card,Completed
PAY004748,ORD004748,2026-04-20,100.73,Debit Card,Pending
PAY004749,ORD004749,2026-05-06,44.76,Credit Card,Completed
PAY004750,ORD004750,2026-05-21,53.25,Credit Card,Completed
PAY004751,ORD004751,2026-06-02,25.06,PayPal,Completed
PAY004752,ORD004752,2026-04-05,46.45,PayPal,Pending
PAY004753,ORD004753,2026-01-22,19.04,PayPal,Pending
PAY004754,ORD004754,2026-01-21,20.32,PayPal,Completed
PAY004755,ORD004755,2026-05-23,111.96,Debit Card,Completed
PAY004756,ORD004756,2026-07-14,24.41,PayPal,Failed
PAY004757,ORD004757,2026-06-14,116.23,PayPal,Failed
PAY004758,ORD004758,2026-02-14,54.01,Google Pay,Completed
PAY004759,ORD004759,2026-06-03,54.09,Debit Card,Completed
PAY004760,ORD004760,2026-04-21,35.92,Debit Card,Completed
PAY004761,ORD004761,2026-07-28,59.06,Debit Card,Completed
PAY004762,ORD004762,2026-07-02,177.5,Apple Pay,Completed
PAY004763,ORD004763,2026-06-27,36.36,PayPal,Failed
PAY004764,ORD004764,2026-06-12,47.33,PayPal,Pending
PAY004765,ORD004765,2026-06-18,104.74,PayPal,Completed
PAY004766,ORD004766,2026-03-13,26.85,Credit Card,Pending
PAY004767,ORD004767,2026-04-26,25.16,Credit Card,Completed
PAY004768,ORD004768,2026-01-11,58.34,Credit Card,Failed
PAY004769,ORD004769,2026-03-29,139.7,Apple Pay,Pending
PAY004770,ORD004770,2026-05-16,56.76,PayPal,Completed
PAY004771,ORD004771,2026-02-23,49.77,Debit Card,Completed
PAY004772,ORD004772,2026-08-10,58.92,Debit Card,Pending
PAY004773,ORD004773,2026-05-09,56.66,Google Pay,Completed
PAY004774,ORD004774,2026-08-14,38.35,Credit Card,Completed
PAY004775,ORD004775,2026-01-20,115.75,Apple Pay,Completed
PAY004776,ORD004776,2026-04-10,70.61,Google Pay,Completed
PAY004777,ORD004777,2026-02-03,42.18,Apple Pay,Completed
PAY004778,ORD004778,2026-02-26,63.1,Debit Card,Pending
PAY004779,ORD004779,2026-08-14,48.04,PayPal,Completed
PAY004780,ORD004780,2026-05-21,22.32,Debit Card,Completed
PAY004781,ORD004781,2026-05-05,275.21,Debit Card,Completed
PAY004782,ORD004782,2026-07-01,66.18,Credit Card,Completed
PAY004783,ORD004783,2026-02-22,30.02,Debit Card,Pending
PAY004784,ORD004784,2026-02-21,27.05,Apple Pay,Completed
PAY004785,ORD004785,2026-05-14,21.33,PayPal,Completed
PAY004786,ORD004786,2026-02-05,36.06,Credit Card,Failed
PAY004787,ORD004787,2026-06-02,26.31,Google Pay,Pending
PAY004788,ORD004788,2026-04-01,51.81,Debit Card,Pending
PAY004789,ORD004789,2026-07-05,190.3,Credit Card,Failed
PAY004790,ORD004790,2026-07-02,36.92,Credit Card,Failed
PAY004791,ORD004791,2026-04-05,593.08,Credit Card,Completed
PAY004792,ORD004792,2026-01-03,95.45,Apple Pay,Completed
PAY004793,ORD004793,2026-01-28,280.58,Google Pay,Failed
PAY004794,ORD004794,2026-05-02,24.37,Credit Card,Completed
PAY004795,ORD004795,2026-07-15,36.95,Apple Pay,Pending
PAY004796,ORD004796,2026-07-28,38.35,Google Pay,Pending
PAY004797,ORD004797,2026-06-15,57.2,PayPal,Completed
PAY004798,ORD004798,2026-02-03,97.14,Apple Pay,Completed
PAY004799,ORD004799,2026-03-25,20.77,Credit Card,Pending
PAY004800,ORD004800,2026-05-21,110.92,Debit Card,Completed
PAY004801,ORD004801,2026-04-21,36.95,Apple Pay,Failed
PAY004802,ORD004802,2026-01-05,216.24,PayPal,Completed
PAY004803,ORD004803,2026-05-08,77.26,Google Pay,Completed
PAY004804,ORD004804,2026-07-07,145.12,PayPal,Completed
PAY004805,ORD004805,2026-03-29,43.85,Google Pay,Completed
PAY004806,ORD004806,2026-04-25,88.63,Apple Pay,Failed
PAY004807,ORD004807,2026-04-12,43.4,Google Pay,Completed
PAY004808,ORD004808,2026-01-17,92.43,Credit Card,Completed
PAY004809,ORD004809,2026-07-04,71.32,Apple Pay,Failed
PAY004810,ORD004810,2026-01-31,176.43,Debit Card,Pending
PAY004811,ORD004811,2026-04-02,116.52,PayPal,Pending
PAY004812,ORD004812,2026-07-12,84.17,PayPal,Completed
PAY004813,ORD004813,2026-07-13,68.93,Apple Pay,Failed
PAY004814,ORD004814,2026-06-10,63.68,Debit Card,Pending
PAY004815,ORD004815,2026-04-14,21.28,Apple Pay,Completed
PAY004816,ORD004816,2026-04-03,27.35,Credit Card,Failed
PAY004817,ORD004817,2026-05-12,32.06,Credit Card,Pending
PAY004818,ORD004818,2026-03-23,192.68,Debit Card,Completed
PAY004819,ORD004819,2026-02-24,41.56,Apple Pay,Completed
PAY004820,ORD004820,2026-06-01,44.06,Debit Card,Completed
PAY004821,ORD004821,2026-06-09,92.48,Debit Card,Completed
PAY004822,ORD004822,2026-03-14,31.74,Credit Card,Failed
PAY004823,ORD004823,2026-02-16,162.16,Credit Card,Failed
PAY004824,ORD004824,2026-05-24,10.07,Debit Card,Completed
PAY004825,ORD004825,2026-05-29,143.22,Debit Card,Pending
PAY004826,ORD004826,2026-04-04,221.25,Google Pay,Completed
PAY004827,ORD004827,2026-03-08,76.7,Credit Card,Failed
PAY004828,ORD004828,2026-04-07,37.09,Debit Card,Completed
PAY004829,ORD004829,2026-06-08,117.31,Google Pay,Completed
PAY004830,ORD004830,2026-04-30,35.83,Debit Card,Completed
PAY004831,ORD004831,2026-05-22,264.56,Google Pay,Completed
PAY004832,ORD004832,2026-05-14,89.76,Debit Card,Failed
PAY004833,ORD004833,2026-07-16,31.77,Apple Pay,Completed
PAY004834,ORD004834,2026-06-06,107.81,Credit Card,Completed
PAY004835,ORD004835,2026-07-02,29.28,Debit Card,Completed
PAY004836,ORD004836,2026-02-06,34.7,PayPal,Completed
PAY004837,ORD004837,2026-07-06,103.67,PayPal,Completed
PAY004838,ORD004838,2026-06-13,36.91,Google Pay,Completed
PAY004839,ORD004839,2026-08-01,65.8,Credit Card,Completed
PAY004840,ORD004840,2026-07-23,90.46,Google Pay,Failed
PAY004841,ORD004841,2026-04-20,37.67,Credit Card,Completed
PAY004842,ORD004842,2026-07-06,41.21,PayPal,Completed
PAY004843,ORD004843,2026-08-03,200.8,PayPal,Completed
PAY004844,ORD004844,2026-03-19,97.22,Google Pay,Pending
PAY004845,ORD004845,2026-07-11,59.9,Apple Pay,Completed
PAY004846,ORD004846,2026-06-20,56.84,PayPal,Completed
PAY004847,ORD004847,2026-04-28,26.17,Credit Card,Completed
PAY004848,ORD004848,2026-02-11,84.31,Debit Card,Completed
PAY004849,ORD004849,2026-03-15,65.26,Debit Card,Pending
PAY004850,ORD004850,2026-05-05,114.64,Debit Card,Completed
PAY004851,ORD004851,2026-03-01,13.9,PayPal,Completed
PAY004852,ORD004852,2026-07-09,52.43,Apple Pay,Completed
PAY004853,ORD004853,2026-03-05,56.76,PayPal,Completed
PAY004854,ORD004854,2026-08-07,76.48,Credit Card,Failed
PAY004855,ORD004855,2026-02-27,71.01,PayPal,Completed
PAY004856,ORD004856,2026-01-02,87.22,PayPal,Completed
PAY004857,ORD004857,2026-03-19,52.62,PayPal,Pending
PAY004858,ORD004858,2026-03-12,25.2,PayPal,Failed
PAY004859,ORD004859,2026-07-28,21.73,Credit Card,Completed
PAY004860,ORD004860,2026-04-30,57.78,PayPal,Completed
PAY004861,ORD004861,2026-07-31,492.19,Apple Pay,Completed
PAY004862,ORD004862,2026-01-08,90.75,Google Pay,Completed
PAY004863,ORD004863,2026-07-03,357.01,Credit Card,Completed
PAY004864,ORD004864,2026-07-31,98.14,Apple Pay,Pending
PAY004865,ORD004865,2026-06-13,28.86,Debit Card,Failed
PAY004866,ORD004866,2026-07-16,55.16,Debit Card,Failed
PAY004867,ORD004867,2026-01-13,355.71,Credit Card,Completed
PAY004868,ORD004868,2026-02-08,103.81,Google Pay,Completed
PAY004869,ORD004869,2026-04-12,101.67,PayPal,Completed
PAY004870,ORD004870,2026-03-22,37.16,Credit Card,Failed
PAY004871,ORD004871,2026-01-06,60.58,PayPal,Failed
PAY004872,ORD004872,2026-01-19,28.53,PayPal,Completed
PAY004873,ORD004873,2026-06-02,44.5,Debit Card,Failed
PAY004874,ORD004874,2026-05-11,67.45,Google Pay,Pending
PAY004875,ORD004875,2026-04-15,39.2,PayPal,Completed
PAY004876,ORD004876,2026-02-22,117.9,Credit Card,Pending
PAY004877,ORD004877,2026-01-28,40.26,Debit Card,Completed
PAY004878,ORD004878,2026-06-03,75.55,PayPal,Completed
PAY004879,ORD004879,2026-02-16,120.48,Debit Card,Completed
PAY004880,ORD004880,2026-05-16,258.28,Debit Card,Completed
PAY004881,ORD004881,2026-02-26,77.95,Credit Card,Completed
PAY004882,ORD004882,2026-02-24,29.41,Credit Card,Failed
PAY004883,ORD004883,2026-03-20,59.7,Apple Pay,Completed
PAY004884,ORD004884,2026-01-01,237.96,PayPal,Failed
PAY004885,ORD004885,2026-06-17,117.34,Debit Card,Completed
PAY004886,ORD004886,2026-01-23,69.05,Apple Pay,Pending
PAY004887,ORD004887,2026-07-01,90.19,Credit Card,Completed
PAY004888,ORD004888,2026-02-11,73.39,Google Pay,Completed
PAY004889,ORD004889,2026-07-27,24.7,Debit Card,Completed
PAY004890,ORD004890,2026-06-27,69.67,Google Pay,Completed
PAY004891,ORD004891,2026-01-04,37.07,Google Pay,Completed
PAY004892,ORD004892,2026-01-08,41.18,Debit Card,Completed
PAY004893,ORD004893,2026-06-13,49.48,Apple Pay,Completed
PAY004894,ORD004894,2026-01-10,14.08,Apple Pay,Completed
PAY004895,ORD004895,2026-04-26,53.66,Debit Card,Completed
PAY004896,ORD004896,2026-06-07,18.62,PayPal,Completed
PAY004897,ORD004897,2026-04-10,108.42,Google Pay,Completed
PAY004898,ORD004898,2026-01-16,14.35,Apple Pay,Completed
PAY004899,ORD004899,2026-06-07,17.92,Debit Card,Completed
PAY004900,ORD004900,2026-03-05,16.17,Credit Card,Completed
PAY004901,ORD004901,2026-04-18,75.07,Credit Card,Completed
PAY004902,ORD004902,2026-07-21,60.09,Debit Card,Failed
PAY004903,ORD004903,2026-05-01,199.27,PayPal,Completed
PAY004904,ORD004904,2026-05-19,81.65,Credit Card,Pending
PAY004905,ORD004905,2026-06-11,17.6,PayPal,Completed
PAY004906,ORD004906,2026-07-27,33.48,Debit Card,Completed
PAY004907,ORD004907,2026-02-24,69.06,Debit Card,Completed
PAY004908,ORD004908,2026-03-24,76.1,Google Pay,Completed
PAY004909,ORD004909,2026-01-04,17.24,Debit Card,Failed
PAY004910,ORD004910,2026-06-26,113.45,PayPal,Completed
PAY004911,ORD004911,2026-02-13,32.9,Apple Pay,Completed
PAY004912,ORD004912,2026-06-08,33.37,Credit Card,Pending
PAY004913,ORD004913,2026-02-17,127.92,Credit Card,Completed
PAY004914,ORD004914,2026-04-09,60.79,Google Pay,Completed
PAY004915,ORD004915,2026-04-08,76.54,Apple Pay,Pending
PAY004916,ORD004916,2026-01-26,87.35,PayPal,Completed
PAY004917,ORD004917,2026-04-13,20.29,PayPal,Pending
PAY004918,ORD004918,2026-07-17,71.86,Google Pay,Completed
PAY004919,ORD004919,2026-04-07,232.15,Debit Card,Completed
PAY004920,ORD004920,2026-08-07,52.13,Apple Pay,Completed
PAY004921,ORD004921,2026-01-12,78.47,Credit Card,Completed
PAY004922,ORD004922,2026-02-14,357.42,Apple Pay,Completed
PAY004923,ORD004923,2026-05-16,177.84,Google Pay,Completed
PAY004924,ORD004924,2026-01-09,44.38,Debit Card,Completed
PAY004925,ORD004925,2026-01-01,85.09,Apple Pay,Failed
PAY004926,ORD004926,2026-05-13,102.27,Debit Card,Completed
PAY004927,ORD004927,2026-03-12,273.25,Apple Pay,Completed
PAY004928,ORD004928,2026-07-29,31.85,Credit Card,Completed
PAY004929,ORD004929,2026-02-23,516.88,PayPal,Completed
PAY004930,ORD004930,2026-04-14,73.88,Apple Pay,Completed
PAY004931,ORD004931,2026-06-01,48.47,PayPal,Completed
PAY004932,ORD004932,2026-06-03,93.24,PayPal,Completed
PAY004933,ORD004933,2026-01-10,46.8,PayPal,Pending
PAY004934,ORD004934,2026-07-08,47.73,Google Pay,Completed
PAY004935,ORD004935,2026-02-09,40.52,Credit Card,Completed
PAY004936,ORD004936,2026-02-13,41.19,PayPal,Pending
PAY004937,ORD004937,2026-04-22,18.52,Credit Card,Completed
PAY004938,ORD004938,2026-01-12,19.24,Apple Pay,Completed
PAY004939,ORD004939,2026-01-22,34.39,Credit Card,Failed
PAY004940,ORD004940,2026-06-04,72.82,Debit Card,Failed
PAY004941,ORD004941,2026-07-14,36.34,PayPal,Pending
PAY004942,ORD004942,2026-03-23,265.4,Apple Pay,Failed
PAY004943,ORD004943,2026-07-16,94.32,PayPal,Pending
PAY004944,ORD004944,2026-05-22,37.73,PayPal,Completed
PAY004945,ORD004945,2026-06-02,213.67,Apple Pay,Completed
PAY004946,ORD004946,2026-02-21,51.88,Apple Pay,Failed
PAY004947,ORD004947,2026-08-11,51.59,Google Pay,Completed
PAY004948,ORD004948,2026-08-01,94.6,Google Pay,Completed
PAY004949,ORD004949,2026-04-22,57.3,Google Pay,Completed
PAY004950,ORD004950,2026-04-28,64.63,Credit Card,Completed
PAY004951,ORD004951,2026-02-28,96.6,Debit Card,Completed
PAY004952,ORD004952,2026-02-07,27.15,Debit Card,Completed
PAY004953,ORD004953,2026-01-20,55.99,Credit Card,Completed
PAY004954,ORD004954,2026-03-19,31.27,Google Pay,Completed
PAY004955,ORD004955,2026-01-20,77.06,Debit Card,Completed
PAY004956,ORD004956,2026-07-03,22.47,Google Pay,Completed
PAY004957,ORD004957,2026-04-11,181.7,Apple Pay,Pending
PAY004958,ORD004958,2026-04-20,39.87,Credit Card,Completed
PAY004959,ORD004959,2026-01-30,47.77,Google Pay,Completed
PAY004960,ORD004960,2026-04-17,55.68,Credit Card,Failed
PAY004961,ORD004961,2026-02-10,30.69,PayPal,Completed
PAY004962,ORD004962,2026-03-25,71.0,Credit Card,Completed
PAY004963,ORD004963,2026-03-12,131.18,Credit Card,Pending
PAY004964,ORD004964,2026-03-04,47.9,Google Pay,Completed
PAY004965,ORD004965,2026-07-16,44.83,Credit Card,Completed
PAY004966,ORD004966,2026-04-05,94.69,PayPal,Completed
PAY004967,ORD004967,2026-01-29,90.73,Apple Pay,Completed
PAY004968,ORD004968,2026-07-26,65.83,Debit Card,Completed
PAY004969,ORD004969,2026-08-05,141.46,Apple Pay,Completed
PAY004970,ORD004970,2026-03-18,80.58,Credit Card,Failed
PAY004971,ORD004971,2026-06-21,208.89,PayPal,Pending
PAY004972,ORD004972,2026-08-04,48.82,PayPal,Pending
PAY004973,ORD004973,2026-03-20,27.12,Apple Pay,Completed
PAY004974,ORD004974,2026-08-04,159.78,Google Pay,Completed
PAY004975,ORD004975,2026-08-06,17.56,Debit Card,Pending
PAY004976,ORD004976,2026-03-24,33.41,Credit Card,Completed
PAY004977,ORD004977,2026-02-26,30.3,Credit Card,Failed
PAY004978,ORD004978,2026-06-01,62.98,Apple Pay,Completed
PAY004979,ORD004979,2026-05-27,57.17,PayPal,Completed
PAY004980,ORD004980,2026-01-17,141.04,PayPal,Failed
PAY004981,ORD004981,2026-04-22,63.22,Google Pay,Pending
PAY004982,ORD004982,2026-07-16,40.37,Debit Card,Completed
PAY004983,ORD004983,2026-07-08,49.57,Credit Card,Completed
PAY004984,ORD004984,2026-05-12,31.28,Apple Pay,Pending
PAY004985,ORD004985,2026-05-30,95.81,Google Pay,Pending
PAY004986,ORD004986,2026-07-21,170.95,Debit Card,Completed
PAY004987,ORD004987,2026-08-01,69.84,Credit Card,Completed
PAY004988,ORD004988,2026-08-05,59.59,Debit Card,Completed
PAY004989,ORD004989,2026-01-06,83.6,Credit Card,Pending
PAY004990,ORD004990,2026-06-07,43.89,Debit Card,Failed
PAY004991,ORD004991,2026-04-03,54.67,Debit Card,Pending
PAY004992,ORD004992,2026-03-16,53.73,Apple Pay,Pending
PAY004993,ORD004993,2026-05-19,98.8,Google Pay,Pending
PAY004994,ORD004994,2026-02-17,46.05,PayPal,Failed
PAY004995,ORD004995,2026-02-15,13.71,Debit Card,Completed
PAY004996,ORD004996,2026-06-04,27.29,Apple Pay,Pending
PAY004997,ORD004997,2026-05-27,303.42,PayPal,Pending
PAY004998,ORD004998,2026-03-27,53.82,Google Pay,Completed
PAY004999,ORD004999,2026-04-02,85.67,Google Pay,Pending
PAY005000,ORD005000,2026-02-28,56.94,Debit Card,Pending
PAY005001,ORD005001,2026-05-04,57.27,Credit Card,Completed
PAY005002,ORD005002,2026-07-15,27.6,Google Pay,Completed
PAY005003,ORD005003,2026-07-01,198.86,Apple Pay,Completed
PAY005004,ORD005004,2026-03-24,35.75,Debit Card,Completed
PAY005005,ORD005005,2026-05-25,35.16,Google Pay,Pending
PAY005006,ORD005006,2026-02-19,78.87,Debit Card,Completed
PAY005007,ORD005007,2026-06-17,136.4,Credit Card,Pending
PAY005008,ORD005008,2026-04-10,49.82,Google Pay,Completed
PAY005009,ORD005009,2026-03-28,16.26,Debit Card,Failed
PAY005010,ORD005010,2026-04-24,16.63,Apple Pay,Pending
PAY005011,ORD005011,2026-08-08,178.04,Google Pay,Completed
PAY005012,ORD005012,2026-05-19,63.51,Credit Card,Completed
PAY005013,ORD005013,2026-05-02,152.95,PayPal,Completed
PAY005014,ORD005014,2026-01-14,71.14,PayPal,Failed
PAY005015,ORD005015,2026-01-13,33.23,Debit Card,Completed
PAY005016,ORD005016,2026-03-29,79.27,Google Pay,Failed
PAY005017,ORD005017,2026-03-21,72.79,Google Pay,Failed
PAY005018,ORD005018,2026-06-05,85.59,Credit Card,Completed
PAY005019,ORD005019,2026-08-10,63.93,PayPal,Completed
PAY005020,ORD005020,2026-06-21,43.14,Apple Pay,Pending
PAY005021,ORD005021,2026-03-04,134.58,PayPal,Failed
PAY005022,ORD005022,2026-04-13,57.72,Google Pay,Pending
PAY005023,ORD005023,2026-04-16,71.17,Apple Pay,Failed
PAY005024,ORD005024,2026-07-08,30.4,Apple Pay,Failed
PAY005025,ORD005025,2026-08-07,28.31,Credit Card,Pending
PAY005026,ORD005026,2026-01-17,34.32,Debit Card,Completed
PAY005027,ORD005027,2026-02-19,28.24,Debit Card,Pending
PAY005028,ORD005028,2026-06-03,13.32,Credit Card,Completed
PAY005029,ORD005029,2026-05-15,38.93,Google Pay,Completed
PAY005030,ORD005030,2026-05-03,175.28,Google Pay,Completed
PAY005031,ORD005031,2026-03-20,44.92,Debit Card,Completed
PAY005032,ORD005032,2026-01-16,24.96,PayPal,Completed
PAY005033,ORD005033,2026-08-01,99.15,Credit Card,Completed
PAY005034,ORD005034,2026-01-17,55.56,PayPal,Completed
PAY005035,ORD005035,2026-03-31,46.42,Credit Card,Completed
PAY005036,ORD005036,2026-06-12,26.03,Credit Card,Pending
PAY005037,ORD005037,2026-03-25,60.64,Debit Card,Completed
PAY005038,ORD005038,2026-03-25,61.81,Debit Card,Completed
PAY005039,ORD005039,2026-05-31,74.74,PayPal,Completed
PAY005040,ORD005040,2026-07-16,63.54,Google Pay,Completed
PAY005041,ORD005041,2026-01-09,54.62,Apple Pay,Completed
PAY005042,ORD005042,2026-08-03,60.41,PayPal,Completed
PAY005043,ORD005043,2026-01-18,55.87,Credit Card,Completed
PAY005044,ORD005044,2026-08-09,21.48,Apple Pay,Completed
PAY005045,ORD005045,2026-03-16,237.72,Apple Pay,Completed
PAY005046,ORD005046,2026-06-25,91.92,Apple Pay,Completed
PAY005047,ORD005047,2026-03-13,66.76,Apple Pay,Completed
PAY005048,ORD005048,2026-04-01,51.33,Apple Pay,Pending
PAY005049,ORD005049,2026-03-07,53.59,PayPal,Completed
PAY005050,ORD005050,2026-01-23,73.99,Debit Card,Completed
PAY005051,ORD005051,2026-08-01,161.12,Debit Card,Completed
PAY005052,ORD005052,2026-05-18,37.28,Credit Card,Completed
PAY005053,ORD005053,2026-02-07,72.98,Google Pay,Completed
PAY005054,ORD005054,2026-05-08,19.44,PayPal,Failed
PAY005055,ORD005055,2026-02-28,106.58,Apple Pay,Failed
PAY005056,ORD005056,2026-03-09,76.7,Debit Card,Pending
PAY005057,ORD005057,2026-03-26,56.15,Credit Card,Pending
PAY005058,ORD005058,2026-04-29,13.27,Apple Pay,Failed
PAY005059,ORD005059,2026-06-20,40.41,Credit Card,Failed
PAY005060,ORD005060,2026-01-12,31.27,Apple Pay,Completed
PAY005061,ORD005061,2026-04-22,31.82,Apple Pay,Failed
PAY005062,ORD005062,2026-04-26,16.45,Debit Card,Pending
PAY005063,ORD005063,2026-06-30,46.71,Debit Card,Failed
PAY005064,ORD005064,2026-05-22,215.92,Apple Pay,Completed
PAY005065,ORD005065,2026-02-21,99.12,Debit Card,Failed
PAY005066,ORD005066,2026-03-25,62.62,PayPal,Pending
PAY005067,ORD005067,2026-04-21,88.68,Apple Pay,Completed
PAY005068,ORD005068,2026-07-19,279.92,Debit Card,Pending
PAY005069,ORD005069,2026-08-07,29.95,Credit Card,Failed
PAY005070,ORD005070,2026-03-02,34.94,Credit Card,Completed
PAY005071,ORD005071,2026-06-18,42.91,Credit Card,Completed
PAY005072,ORD005072,2026-01-21,22.4,Google Pay,Completed
PAY005073,ORD005073,2026-06-25,75.57,Credit Card,Completed
PAY005074,ORD005074,2026-02-25,48.67,Credit Card,Failed
PAY005075,ORD005075,2026-02-04,93.4,PayPal,Completed
PAY005076,ORD005076,2026-02-13,108.06,PayPal,Completed
PAY005077,ORD005077,2026-02-08,151.97,Google Pay,Completed
PAY005078,ORD005078,2026-05-23,100.1,PayPal,Failed
PAY005079,ORD005079,2026-05-20,46.36,Debit Card,Completed
PAY005080,ORD005080,2026-04-27,42.23,Credit Card,Pending
PAY005081,ORD005081,2026-08-14,30.18,Debit Card,Completed
PAY005082,ORD005082,2026-01-08,62.34,Google Pay,Pending
PAY005083,ORD005083,2026-05-04,77.53,Debit Card,Completed
PAY005084,ORD005084,2026-04-11,21.26,Debit Card,Pending
PAY005085,ORD005085,2026-08-10,135.65,Debit Card,Completed
PAY005086,ORD005086,2026-03-08,61.46,PayPal,Completed
PAY005087,ORD005087,2026-04-04,46.31,Credit Card,Completed
PAY005088,ORD005088,2026-04-03,29.65,Debit Card,Completed
PAY005089,ORD005089,2026-05-09,161.37,Apple Pay,Failed
PAY005090,ORD005090,2026-03-21,86.15,Credit Card,Completed
PAY005091,ORD005091,2026-02-11,110.36,Credit Card,Completed
PAY005092,ORD005092,2026-01-31,55.93,Apple Pay,Completed
PAY005093,ORD005093,2026-05-02,187.11,Google Pay,Completed
PAY005094,ORD005094,2026-03-15,107.39,Google Pay,Completed
PAY005095,ORD005095,2026-06-07,152.32,Credit Card,Completed
PAY005096,ORD005096,2026-02-12,136.27,PayPal,Failed
PAY005097,ORD005097,2026-01-26,39.01,Google Pay,Pending
PAY005098,ORD005098,2026-01-12,69.71,Google Pay,Pending
PAY005099,ORD005099,2026-05-07,153.53,Debit Card,Completed
PAY005100,ORD005100,2026-04-14,84.96,Debit Card,Completed
PAY005101,ORD005101,2026-07-06,30.22,Google Pay,Completed
PAY005102,ORD005102,2026-03-10,64.22,PayPal,Completed
PAY005103,ORD005103,2026-03-14,106.87,Debit Card,Pending
PAY005104,ORD005104,2026-01-11,21.74,PayPal,Pending
PAY005105,ORD005105,2026-02-16,30.62,Credit Card,Completed
PAY005106,ORD005106,2026-01-23,22.31,PayPal,Pending
PAY005107,ORD005107,2026-03-22,84.15,Debit Card,Completed
PAY005108,ORD005108,2026-06-20,179.75,Apple Pay,Completed
PAY005109,ORD005109,2026-03-18,14.58,PayPal,Failed
PAY005110,ORD005110,2026-07-28,69.81,Google Pay,Completed
PAY005111,ORD005111,2026-08-03,38.65,PayPal,Completed
PAY005112,ORD005112,2026-05-03,199.5,PayPal,Failed
PAY005113,ORD005113,2026-06-16,70.28,PayPal,Pending
PAY005114,ORD005114,2026-03-14,109.79,Google Pay,Pending
PAY005115,ORD005115,2026-07-29,159.93,PayPal,Completed
PAY005116,ORD005116,2026-02-24,68.25,Apple Pay,Failed
PAY005117,ORD005117,2026-01-18,17.09,Google Pay,Completed
PAY005118,ORD005118,2026-04-04,55.52,Apple Pay,Pending
PAY005119,ORD005119,2026-06-19,69.91,Apple Pay,Completed
PAY005120,ORD005120,2026-06-03,26.53,Apple Pay,Pending
PAY005121,ORD005121,2026-01-18,16.09,Google Pay,Completed
PAY005122,ORD005122,2026-08-01,22.93,Debit Card,Completed
PAY005123,ORD005123,2026-05-08,153.19,Google Pay,Completed
PAY005124,ORD005124,2026-02-10,26.64,PayPal,Pending
PAY005125,ORD005125,2026-06-19,430.34,Apple Pay,Failed
PAY005126,ORD005126,2026-02-02,164.38,PayPal,Failed
PAY005127,ORD005127,2026-02-12,114.56,Apple Pay,Failed
PAY005128,ORD005128,2026-01-14,20.44,Apple Pay,Completed
PAY005129,ORD005129,2026-07-02,161.49,PayPal,Completed
PAY005130,ORD005130,2026-02-27,42.42,Credit Card,Completed
PAY005131,ORD005131,2026-05-18,16.74,Apple Pay,Completed
PAY005132,ORD005132,2026-01-28,72.23,Credit Card,Pending
PAY005133,ORD005133,2026-01-14,82.86,Google Pay,Pending
PAY005134,ORD005134,2026-07-30,34.51,Apple Pay,Failed
PAY005135,ORD005135,2026-06-03,39.62,Apple Pay,Completed
PAY005136,ORD005136,2026-03-15,53.26,Google Pay,Completed
PAY005137,ORD005137,2026-05-25,52.29,PayPal,Completed
PAY005138,ORD005138,2026-06-11,101.9,PayPal,Pending
PAY005139,ORD005139,2026-01-14,49.78,Credit Card,Completed
PAY005140,ORD005140,2026-06-03,190.91,Google Pay,Completed
PAY005141,ORD005141,2026-06-11,75.27,Apple Pay,Completed
PAY005142,ORD005142,2026-07-30,18.88,Credit Card,Completed
PAY005143,ORD005143,2026-01-24,135.39,PayPal,Pending
PAY005144,ORD005144,2026-08-11,33.49,Apple Pay,Completed
PAY005145,ORD005145,2026-04-14,134.17,PayPal,Completed
PAY005146,ORD005146,2026-03-11,76.64,Credit Card,Pending
PAY005147,ORD005147,2026-01-20,34.05,PayPal,Completed
PAY005148,ORD005148,2026-06-16,45.04,PayPal,Completed
PAY005149,ORD005149,2026-05-01,83.05,Google Pay,Completed
PAY005150,ORD005150,2026-06-22,72.97,Credit Card,Completed
PAY005151,ORD005151,2026-02-03,117.7,Apple Pay,Pending
PAY005152,ORD005152,2026-05-30,81.69,PayPal,Completed
PAY005153,ORD005153,2026-03-12,60.33,PayPal,Completed
PAY005154,ORD005154,2026-02-02,64.87,Debit Card,Pending
PAY005155,ORD005155,2026-01-06,52.88,Credit Card,Completed
PAY005156,ORD005156,2026-01-16,87.29,Credit Card,Pending
PAY005157,ORD005157,2026-07-19,80.94,Apple Pay,Completed
PAY005158,ORD005158,2026-04-19,72.22,Google Pay,Failed
PAY005159,ORD005159,2026-01-23,302.35,Apple Pay,Completed
PAY005160,ORD005160,2026-05-26,78.73,Credit Card,Pending
PAY005161,ORD005161,2026-01-14,142.79,PayPal,Failed
PAY005162,ORD005162,2026-02-19,38.26,Google Pay,Completed
PAY005163,ORD005163,2026-03-02,60.78,Google Pay,Completed
PAY005164,ORD005164,2026-02-05,13.49,Credit Card,Failed
PAY005165,ORD005165,2026-01-15,64.23,Credit Card,Pending
PAY005166,ORD005166,2026-01-05,39.29,Apple Pay,Failed
PAY005167,ORD005167,2026-02-22,36.79,Debit Card,Failed
PAY005168,ORD005168,2026-02-17,70.13,Credit Card,Pending
PAY005169,ORD005169,2026-07-26,45.52,Credit Card,Completed
PAY005170,ORD005170,2026-01-11,20.48,Apple Pay,Pending
PAY005171,ORD005171,2026-01-02,52.31,Credit Card,Failed
PAY005172,ORD005172,2026-03-28,722.45,Apple Pay,Pending
PAY005173,ORD005173,2026-01-24,81.07,Credit Card,Completed
PAY005174,ORD005174,2026-07-29,73.35,PayPal,Pending
PAY005175,ORD005175,2026-03-09,27.34,Credit Card,Completed
PAY005176,ORD005176,2026-03-20,25.3,Debit Card,Pending
PAY005177,ORD005177,2026-01-12,31.34,Google Pay,Completed
PAY005178,ORD005178,2026-07-06,73.42,Apple Pay,Completed
PAY005179,ORD005179,2026-03-08,25.67,Debit Card,Failed
PAY005180,ORD005180,2026-06-09,164.1,Apple Pay,Pending
PAY005181,ORD005181,2026-02-05,26.75,Debit Card,Pending
PAY005182,ORD005182,2026-05-29,106.19,Apple Pay,Completed
PAY005183,ORD005183,2026-04-22,72.77,Apple Pay,Pending
PAY005184,ORD005184,2026-07-17,172.94,Google Pay,Completed
PAY005185,ORD005185,2026-07-13,28.05,Credit Card,Completed
PAY005186,ORD005186,2026-05-02,516.71,Apple Pay,Completed
PAY005187,ORD005187,2026-05-17,68.92,Apple Pay,Completed
PAY005188,ORD005188,2026-07-23,139.51,Google Pay,Failed
PAY005189,ORD005189,2026-02-13,79.42,Apple Pay,Pending
PAY005190,ORD005190,2026-02-28,28.69,Apple Pay,Pending
PAY005191,ORD005191,2026-06-01,35.24,PayPal,Pending
PAY005192,ORD005192,2026-05-07,61.41,PayPal,Failed
PAY005193,ORD005193,2026-03-04,35.14,PayPal,Pending
PAY005194,ORD005194,2026-07-25,66.97,Google Pay,Pending
PAY005195,ORD005195,2026-02-10,111.9,Apple Pay,Completed
PAY005196,ORD005196,2026-03-17,147.99,Google Pay,Pending
PAY005197,ORD005197,2026-08-07,194.21,Google Pay,Completed
PAY005198,ORD005198,2026-07-21,58.46,Debit Card,Pending
PAY005199,ORD005199,2026-04-17,44.86,Credit Card,Completed
PAY005200,ORD005200,2026-05-10,17.94,Debit Card,Completed
PAY005201,ORD005201,2026-04-05,11.58,Credit Card,Completed
PAY005202,ORD005202,2026-01-28,56.37,Debit Card,Completed
PAY005203,ORD005203,2026-05-24,145.0,Apple Pay,Completed
PAY005204,ORD005204,2026-02-28,65.67,Google Pay,Completed
PAY005205,ORD005205,2026-05-09,80.82,Debit Card,Failed
PAY005206,ORD005206,2026-03-27,29.52,Debit Card,Completed
PAY005207,ORD005207,2026-01-01,44.13,Apple Pay,Completed
PAY005208,ORD005208,2026-01-31,136.82,Google Pay,Pending
PAY005209,ORD005209,2026-01-22,82.25,Credit Card,Completed
PAY005210,ORD005210,2026-08-14,43.58,Debit Card,Completed
PAY005211,ORD005211,2026-07-23,96.4,Credit Card,Completed
PAY005212,ORD005212,2026-07-06,65.72,PayPal,Pending
PAY005213,ORD005213,2026-04-29,128.96,Debit Card,Completed
PAY005214,ORD005214,2026-08-03,84.84,Google Pay,Completed
PAY005215,ORD005215,2026-01-28,47.97,PayPal,Completed
PAY005216,ORD005216,2026-04-26,51.63,PayPal,Completed
PAY005217,ORD005217,2026-03-17,23.1,Debit Card,Completed
PAY005218,ORD005218,2026-01-27,19.43,Debit Card,Completed
PAY005219,ORD005219,2026-03-28,44.25,PayPal,Failed
PAY005220,ORD005220,2026-05-09,155.61,Debit Card,Failed
PAY005221,ORD005221,2026-05-04,81.41,Google Pay,Failed
PAY005222,ORD005222,2026-04-17,49.2,Google Pay,Pending
PAY005223,ORD005223,2026-05-10,95.8,PayPal,Completed
PAY005224,ORD005224,2026-04-05,131.76,Debit Card,Failed
PAY005225,ORD005225,2026-03-07,39.38,PayPal,Pending
PAY005226,ORD005226,2026-06-26,39.51,Google Pay,Completed
PAY005227,ORD005227,2026-08-05,563.46,Debit Card,Pending
PAY005228,ORD005228,2026-01-19,32.31,Google Pay,Failed
PAY005229,ORD005229,2026-06-05,40.99,Debit Card,Completed
PAY005230,ORD005230,2026-07-17,46.98,Apple Pay,Failed
PAY005231,ORD005231,2026-06-16,29.99,Google Pay,Failed
PAY005232,ORD005232,2026-01-19,15.67,Credit Card,Completed
PAY005233,ORD005233,2026-05-07,64.3,Debit Card,Failed
PAY005234,ORD005234,2026-04-26,38.87,Apple Pay,Completed
PAY005235,ORD005235,2026-03-05,82.32,Apple Pay,Pending
PAY005236,ORD005236,2026-02-27,33.62,Apple Pay,Completed
PAY005237,ORD005237,2026-01-17,145.59,Google Pay,Failed
PAY005238,ORD005238,2026-07-17,58.15,Credit Card,Pending
PAY005239,ORD005239,2026-03-20,33.5,Apple Pay,Completed
PAY005240,ORD005240,2026-08-02,37.41,PayPal,Pending
PAY005241,ORD005241,2026-02-10,50.57,Debit Card,Completed
PAY005242,ORD005242,2026-08-14,157.34,Debit Card,Completed
PAY005243,ORD005243,2026-01-05,40.12,Credit Card,Completed
PAY005244,ORD005244,2026-01-23,19.54,Credit Card,Pending
PAY005245,ORD005245,2026-07-16,204.13,Google Pay,Completed
PAY005246,ORD005246,2026-05-06,17.06,PayPal,Completed
PAY005247,ORD005247,2026-01-10,313.14,Debit Card,Completed
PAY005248,ORD005248,2026-03-09,16.63,Apple Pay,Pending
PAY005249,ORD005249,2026-05-20,45.83,Apple Pay,Completed
PAY005250,ORD005250,2026-04-21,44.42,Debit Card,Pending
PAY005251,ORD005251,2026-05-18,111.47,PayPal,Failed
PAY005252,ORD005252,2026-03-01,98.41,PayPal,Failed
PAY005253,ORD005253,2026-05-07,235.94,Apple Pay,Completed
PAY005254,ORD005254,2026-01-30,20.83,Debit Card,Completed
PAY005255,ORD005255,2026-04-24,18.02,Apple Pay,Pending
PAY005256,ORD005256,2026-06-01,125.82,Google Pay,Completed
PAY005257,ORD005257,2026-03-10,296.23,Debit Card,Completed
PAY005258,ORD005258,2026-01-13,141.81,PayPal,Completed
PAY005259,ORD005259,2026-01-09,101.06,Apple Pay,Completed
PAY005260,ORD005260,2026-05-26,138.54,Credit Card,Completed
PAY005261,ORD005261,2026-06-12,23.49,Credit Card,Completed
PAY005262,ORD005262,2026-08-11,51.27,Google Pay,Completed
PAY005263,ORD005263,2026-08-04,61.75,Credit Card,Pending
PAY005264,ORD005264,2026-05-12,56.13,Google Pay,Completed
PAY005265,ORD005265,2026-06-18,87.42,Google Pay,Completed
PAY005266,ORD005266,2026-01-26,59.28,PayPal,Pending
PAY005267,ORD005267,2026-05-05,44.2,PayPal,Completed
PAY005268,ORD005268,2026-02-13,26.96,Debit Card,Failed
PAY005269,ORD005269,2026-06-19,54.54,Apple Pay,Completed
PAY005270,ORD005270,2026-01-10,24.36,Credit Card,Failed
PAY005271,ORD005271,2026-04-15,56.49,Apple Pay,Completed
PAY005272,ORD005272,2026-04-16,75.76,Apple Pay,Failed
PAY005273,ORD005273,2026-07-20,38.0,Google Pay,Completed
PAY005274,ORD005274,2026-01-01,101.78,Credit Card,Completed
PAY005275,ORD005275,2026-07-01,124.05,PayPal,Completed
PAY005276,ORD005276,2026-05-24,42.47,Apple Pay,Failed
PAY005277,ORD005277,2026-02-15,46.19,Google Pay,Completed
PAY005278,ORD005278,2026-05-21,100.85,PayPal,Completed
PAY005279,ORD005279,2026-03-05,29.77,Google Pay,Completed
PAY005280,ORD005280,2026-03-19,27.79,Apple Pay,Completed
PAY005281,ORD005281,2026-03-28,47.15,Apple Pay,Completed
PAY005282,ORD005282,2026-07-02,59.59,Apple Pay,Completed
PAY005283,ORD005283,2026-03-04,41.08,Credit Card,Failed
PAY005284,ORD005284,2026-05-26,90.06,Credit Card,Pending
PAY005285,ORD005285,2026-03-02,23.27,Apple Pay,Completed
PAY005286,ORD005286,2026-04-02,82.68,Credit Card,Pending
PAY005287,ORD005287,2026-05-03,41.37,Google Pay,Failed
PAY005288,ORD005288,2026-01-20,183.51,Google Pay,Completed
PAY005289,ORD005289,2026-07-12,114.26,Debit Card,Completed
PAY005290,ORD005290,2026-03-05,65.92,PayPal,Completed
PAY005291,ORD005291,2026-03-17,58.62,Google Pay,Failed
PAY005292,ORD005292,2026-08-07,42.07,PayPal,Completed
PAY005293,ORD005293,2026-07-11,9.33,Debit Card,Completed
PAY005294,ORD005294,2026-04-17,65.2,Debit Card,Failed
PAY005295,ORD005295,2026-05-21,133.67,PayPal,Completed
PAY005296,ORD005296,2026-07-15,31.17,Apple Pay,Pending
PAY005297,ORD005297,2026-08-05,33.91,PayPal,Completed
PAY005298,ORD005298,2026-07-17,64.89,Google Pay,Pending
PAY005299,ORD005299,2026-02-26,24.87,PayPal,Completed
PAY005300,ORD005300,2026-02-14,36.18,Google Pay,Completed
PAY005301,ORD005301,2026-04-30,44.31,Google Pay,Failed
PAY005302,ORD005302,2026-03-27,65.82,Google Pay,Completed
PAY005303,ORD005303,2026-02-07,255.49,Apple Pay,Pending
PAY005304,ORD005304,2026-07-01,58.35,Apple Pay,Completed
PAY005305,ORD005305,2026-06-13,78.83,Debit Card,Completed
PAY005306,ORD005306,2026-03-08,57.24,Credit Card,Completed
PAY005307,ORD005307,2026-05-01,74.42,Apple Pay,Completed
PAY005308,ORD005308,2026-05-06,67.07,Apple Pay,Completed
PAY005309,ORD005309,2026-07-26,118.73,Debit Card,Failed
PAY005310,ORD005310,2026-01-11,196.47,Debit Card,Failed
PAY005311,ORD005311,2026-04-08,54.36,Debit Card,Completed
PAY005312,ORD005312,2026-06-04,46.75,PayPal,Failed
PAY005313,ORD005313,2026-03-28,317.52,Google Pay,Completed
PAY005314,ORD005314,2026-05-25,198.82,Apple Pay,Pending
PAY005315,ORD005315,2026-05-02,77.17,Google Pay,Pending
PAY005316,ORD005316,2026-08-03,145.72,Credit Card,Completed
PAY005317,ORD005317,2026-04-08,188.96,Debit Card,Failed
PAY005318,ORD005318,2026-08-01,51.84,Credit Card,Completed
PAY005319,ORD005319,2026-02-02,119.74,Debit Card,Pending
PAY005320,ORD005320,2026-05-13,68.48,Debit Card,Pending
PAY005321,ORD005321,2026-05-03,69.9,Credit Card,Failed
PAY005322,ORD005322,2026-03-22,106.82,Google Pay,Completed
PAY005323,ORD005323,2026-03-03,208.01,Credit Card,Completed
PAY005324,ORD005324,2026-03-06,89.62,PayPal,Completed
PAY005325,ORD005325,2026-07-18,117.16,Apple Pay,Completed
PAY005326,ORD005326,2026-05-05,116.59,Apple Pay,Completed
PAY005327,ORD005327,2026-07-14,154.68,Google Pay,Pending
PAY005328,ORD005328,2026-03-31,92.98,Google Pay,Completed
PAY005329,ORD005329,2026-07-27,73.08,Google Pay,Completed
PAY005330,ORD005330,2026-07-27,48.81,Credit Card,Pending
PAY005331,ORD005331,2026-02-13,98.38,Credit Card,Completed
PAY005332,ORD005332,2026-05-01,47.45,Credit Card,Completed
PAY005333,ORD005333,2026-05-22,66.45,Debit Card,Completed
PAY005334,ORD005334,2026-08-06,30.23,Credit Card,Pending
PAY005335,ORD005335,2026-04-01,273.99,Apple Pay,Pending
PAY005336,ORD005336,2026-02-26,28.9,Apple Pay,Completed
PAY005337,ORD005337,2026-02-17,92.24,Debit Card,Pending
PAY005338,ORD005338,2026-05-25,36.09,Credit Card,Failed
PAY005339,ORD005339,2026-02-13,23.79,Credit Card,Completed
PAY005340,ORD005340,2026-05-12,87.24,PayPal,Completed
PAY005341,ORD005341,2026-03-22,178.9,PayPal,Completed
PAY005342,ORD005342,2026-04-07,36.47,Apple Pay,Failed
PAY005343,ORD005343,2026-01-30,94.52,Google Pay,Completed
PAY005344,ORD005344,2026-05-01,221.1,Apple Pay,Completed
PAY005345,ORD005345,2026-03-26,312.0,Debit Card,Completed
PAY005346,ORD005346,2026-07-28,51.66,Credit Card,Completed
PAY005347,ORD005347,2026-07-22,61.01,PayPal,Completed
PAY005348,ORD005348,2026-07-02,68.53,Apple Pay,Failed
PAY005349,ORD005349,2026-06-07,105.04,Debit Card,Pending
PAY005350,ORD005350,2026-05-26,55.94,Google Pay,Completed
PAY005351,ORD005351,2026-03-25,99.86,Apple Pay,Completed
PAY005352,ORD005352,2026-04-08,60.78,Credit Card,Completed
PAY005353,ORD005353,2026-04-02,37.35,Credit Card,Completed
PAY005354,ORD005354,2026-03-14,86.63,PayPal,Completed
PAY005355,ORD005355,2026-06-21,42.36,Debit Card,Pending
PAY005356,ORD005356,2026-07-09,31.62,Google Pay,Failed
PAY005357,ORD005357,2026-01-31,63.52,Google Pay,Completed
PAY005358,ORD005358,2026-04-19,35.79,Debit Card,Failed
PAY005359,ORD005359,2026-01-16,49.28,PayPal,Completed
PAY005360,ORD005360,2026-04-05,125.08,Credit Card,Completed
PAY005361,ORD005361,2026-08-09,41.72,Google Pay,Pending
PAY005362,ORD005362,2026-03-18,27.22,Debit Card,Pending
PAY005363,ORD005363,2026-05-31,95.27,PayPal,Completed
PAY005364,ORD005364,2026-05-22,136.32,Credit Card,Failed
PAY005365,ORD005365,2026-01-02,46.52,Debit Card,Completed
PAY005366,ORD005366,2026-05-20,162.11,PayPal,Failed
PAY005367,ORD005367,2026-07-05,94.26,Apple Pay,Completed
PAY005368,ORD005368,2026-05-08,173.43,Debit Card,Completed
PAY005369,ORD005369,2026-04-02,32.41,Google Pay,Completed
PAY005370,ORD005370,2026-08-12,17.85,Debit Card,Completed
PAY005371,ORD005371,2026-07-03,91.05,Credit Card,Failed
PAY005372,ORD005372,2026-01-24,62.63,Debit Card,Completed
PAY005373,ORD005373,2026-02-06,74.1,Credit Card,Completed
PAY005374,ORD005374,2026-01-29,84.67,PayPal,Completed
PAY005375,ORD005375,2026-02-11,185.81,Apple Pay,Failed
PAY005376,ORD005376,2026-01-18,39.71,Credit Card,Failed
PAY005377,ORD005377,2026-05-11,204.96,PayPal,Completed
PAY005378,ORD005378,2026-07-24,43.86,PayPal,Pending
PAY005379,ORD005379,2026-01-13,87.94,Apple Pay,Failed
PAY005380,ORD005380,2026-04-16,82.08,Google Pay,Completed
PAY005381,ORD005381,2026-06-06,35.87,Google Pay,Completed
PAY005382,ORD005382,2026-07-13,85.52,Debit Card,Completed
PAY005383,ORD005383,2026-02-28,30.95,Google Pay,Completed
PAY005384,ORD005384,2026-04-02,15.78,Debit Card,Completed
PAY005385,ORD005385,2026-06-25,122.09,Credit Card,Failed
PAY005386,ORD005386,2026-01-04,126.97,Credit Card,Completed
PAY005387,ORD005387,2026-02-20,22.51,Debit Card,Failed
PAY005388,ORD005388,2026-05-13,51.21,Apple Pay,Completed
PAY005389,ORD005389,2026-06-16,28.23,Apple Pay,Completed
PAY005390,ORD005390,2026-02-10,95.28,Google Pay,Completed
PAY005391,ORD005391,2026-01-05,133.09,Credit Card,Pending
PAY005392,ORD005392,2026-05-16,32.94,Credit Card,Pending
PAY005393,ORD005393,2026-08-14,13.21,Apple Pay,Completed
PAY005394,ORD005394,2026-07-03,85.98,PayPal,Completed
PAY005395,ORD005395,2026-06-02,92.5,Apple Pay,Failed
PAY005396,ORD005396,2026-04-01,33.05,Apple Pay,Pending
PAY005397,ORD005397,2026-06-29,42.69,PayPal,Completed
PAY005398,ORD005398,2026-02-21,35.22,Google Pay,Completed
PAY005399,ORD005399,2026-05-15,61.05,Debit Card,Failed
PAY005400,ORD005400,2026-07-08,108.38,Google Pay,Pending
PAY005401,ORD005401,2026-08-12,80.76,PayPal,Completed
PAY005402,ORD005402,2026-08-01,88.74,PayPal,Completed
PAY005403,ORD005403,2026-02-16,24.72,Google Pay,Completed
PAY005404,ORD005404,2026-05-07,40.78,Debit Card,Pending
PAY005405,ORD005405,2026-03-23,138.05,Google Pay,Completed
PAY005406,ORD005406,2026-03-07,26.1,Credit Card,Pending
PAY005407,ORD005407,2026-07-06,33.67,Credit Card,Completed
PAY005408,ORD005408,2026-05-13,94.1,Credit Card,Completed
PAY005409,ORD005409,2026-06-21,16.88,Debit Card,Pending
PAY005410,ORD005410,2026-06-19,30.06,Debit Card,Completed
PAY005411,ORD005411,2026-03-02,105.01,PayPal,Pending
PAY005412,ORD005412,2026-07-10,20.74,Apple Pay,Completed
PAY005413,ORD005413,2026-02-19,35.37,Debit Card,Failed
PAY005414,ORD005414,2026-06-15,92.2,Apple Pay,Failed
PAY005415,ORD005415,2026-08-08,27.72,Credit Card,Failed
PAY005416,ORD005416,2026-08-11,109.83,Credit Card,Pending
PAY005417,ORD005417,2026-07-01,73.2,Apple Pay,Completed
PAY005418,ORD005418,2026-06-21,50.28,Google Pay,Completed
PAY005419,ORD005419,2026-06-01,15.98,PayPal,Completed
PAY005420,ORD005420,2026-05-08,61.33,PayPal,Pending
PAY005421,ORD005421,2026-03-04,20.13,Google Pay,Completed
PAY005422,ORD005422,2026-08-13,18.09,Apple Pay,Pending
PAY005423,ORD005423,2026-06-16,79.61,Apple Pay,Failed
PAY005424,ORD005424,2026-05-20,73.22,Debit Card,Completed
PAY005425,ORD005425,2026-07-10,14.78,Credit Card,Completed
PAY005426,ORD005426,2026-04-13,49.74,Credit Card,Completed
PAY005427,ORD005427,2026-01-09,83.98,Apple Pay,Failed
PAY005428,ORD005428,2026-03-20,72.63,Debit Card,Completed
PAY005429,ORD005429,2026-03-28,69.36,Debit Card,Pending
PAY005430,ORD005430,2026-04-19,50.34,PayPal,Pending
PAY005431,ORD005431,2026-01-22,128.02,PayPal,Completed
PAY005432,ORD005432,2026-02-05,67.83,Apple Pay,Completed
PAY005433,ORD005433,2026-03-15,133.24,PayPal,Failed
PAY005434,ORD005434,2026-06-05,62.23,Debit Card,Completed
PAY005435,ORD005435,2026-02-25,27.23,Google Pay,Failed
PAY005436,ORD005436,2026-04-09,68.17,Credit Card,Failed
PAY005437,ORD005437,2026-06-06,23.55,Apple Pay,Completed
PAY005438,ORD005438,2026-01-05,81.38,PayPal,Completed
PAY005439,ORD005439,2026-01-04,228.28,PayPal,Pending
PAY005440,ORD005440,2026-06-28,63.04,Debit Card,Failed
PAY005441,ORD005441,2026-01-15,56.35,PayPal,Completed
PAY005442,ORD005442,2026-08-10,113.53,Credit Card,Completed
PAY005443,ORD005443,2026-07-07,72.24,Apple Pay,Failed
PAY005444,ORD005444,2026-01-26,319.61,PayPal,Pending
PAY005445,ORD005445,2026-01-23,58.63,Google Pay,Pending
PAY005446,ORD005446,2026-05-05,75.42,Google Pay,Completed
PAY005447,ORD005447,2026-04-13,124.56,Apple Pay,Failed
PAY005448,ORD005448,2026-01-29,21.69,Google Pay,Completed
PAY005449,ORD005449,2026-03-27,99.5,Google Pay,Pending
PAY005450,ORD005450,2026-02-26,44.4,PayPal,Failed
PAY005451,ORD005451,2026-03-03,48.8,Google Pay,Completed
PAY005452,ORD005452,2026-07-06,103.26,PayPal,Pending
PAY005453,ORD005453,2026-02-17,37.11,Credit Card,Completed
PAY005454,ORD005454,2026-04-21,51.08,Debit Card,Completed
PAY005455,ORD005455,2026-07-29,54.31,PayPal,Pending
PAY005456,ORD005456,2026-02-04,56.86,Debit Card,Completed
PAY005457,ORD005457,2026-02-15,37.15,PayPal,Pending
PAY005458,ORD005458,2026-02-02,89.14,PayPal,Completed
PAY005459,ORD005459,2026-03-12,26.26,Apple Pay,Failed
PAY005460,ORD005460,2026-08-14,16.18,PayPal,Failed
PAY005461,ORD005461,2026-01-10,49.06,Google Pay,Completed
PAY005462,ORD005462,2026-08-04,87.73,Google Pay,Pending
PAY005463,ORD005463,2026-08-05,89.47,PayPal,Completed
PAY005464,ORD005464,2026-06-25,74.98,Credit Card,Pending
PAY005465,ORD005465,2026-02-13,47.61,Google Pay,Pending
PAY005466,ORD005466,2026-08-07,79.89,Debit Card,Completed
PAY005467,ORD005467,2026-05-06,54.77,Credit Card,Pending
PAY005468,ORD005468,2026-04-24,57.52,Debit Card,Pending
PAY005469,ORD005469,2026-07-17,10.28,PayPal,Completed
PAY005470,ORD005470,2026-05-03,44.16,PayPal,Completed
PAY005471,ORD005471,2026-03-04,15.21,PayPal,Failed
PAY005472,ORD005472,2026-02-18,265.64,Google Pay,Failed
PAY005473,ORD005473,2026-07-19,110.25,Credit Card,Completed
PAY005474,ORD005474,2026-03-26,139.33,Debit Card,Failed
PAY005475,ORD005475,2026-02-10,42.19,Apple Pay,Pending
PAY005476,ORD005476,2026-07-30,57.09,Credit Card,Completed
PAY005477,ORD005477,2026-04-08,24.31,Debit Card,Pending
PAY005478,ORD005478,2026-02-08,26.91,Apple Pay,Pending
PAY005479,ORD005479,2026-04-17,50.14,Credit Card,Pending
PAY005480,ORD005480,2026-05-31,40.92,Credit Card,Completed
PAY005481,ORD005481,2026-01-13,82.72,PayPal,Completed
PAY005482,ORD005482,2026-04-16,79.61,Credit Card,Completed
PAY005483,ORD005483,2026-04-21,45.7,Debit Card,Completed
PAY005484,ORD005484,2026-06-30,107.86,PayPal,Completed
PAY005485,ORD005485,2026-08-08,26.88,Credit Card,Failed
PAY005486,ORD005486,2026-03-11,25.06,PayPal,Completed
PAY005487,ORD005487,2026-02-26,86.0,Apple Pay,Completed
PAY005488,ORD005488,2026-03-17,88.2,Debit Card,Completed
PAY005489,ORD005489,2026-07-14,109.19,Apple Pay,Completed
PAY005490,ORD005490,2026-06-25,22.02,Debit Card,Pending
PAY005491,ORD005491,2026-01-20,33.71,Google Pay,Pending
PAY005492,ORD005492,2026-03-03,74.49,Apple Pay,Completed
PAY005493,ORD005493,2026-06-22,75.75,Google Pay,Completed
PAY005494,ORD005494,2026-03-04,227.2,PayPal,Completed
PAY005495,ORD005495,2026-05-16,29.49,Apple Pay,Completed
PAY005496,ORD005496,2026-06-03,269.27,Credit Card,Pending
PAY005497,ORD005497,2026-02-07,86.68,Debit Card,Failed
PAY005498,ORD005498,2026-04-02,136.41,Credit Card,Pending
PAY005499,ORD005499,2026-04-09,92.36,Credit Card,Failed
PAY005500,ORD005500,2026-04-18,35.97,PayPal,Completed
PAY005501,ORD005501,2026-04-15,40.87,PayPal,Completed
PAY005502,ORD005502,2026-06-18,60.47,Credit Card,Completed
PAY005503,ORD005503,2026-04-17,20.77,Credit Card,Completed
PAY005504,ORD005504,2026-04-12,19.27,Credit Card,Completed
PAY005505,ORD005505,2026-05-10,39.15,Debit Card,Completed
PAY005506,ORD005506,2026-01-07,98.51,PayPal,Failed
PAY005507,ORD005507,2026-05-07,38.06,Apple Pay,Completed
PAY005508,ORD005508,2026-04-15,57.45,PayPal,Completed
PAY005509,ORD005509,2026-06-02,54.38,Credit Card,Completed
PAY005510,ORD005510,2026-02-20,122.26,Apple Pay,Pending
PAY005511,ORD005511,2026-02-19,81.23,Apple Pay,Completed
PAY005512,ORD005512,2026-08-12,109.74,Apple Pay,Pending
PAY005513,ORD005513,2026-03-05,136.54,PayPal,Completed
PAY005514,ORD005514,2026-05-20,30.22,Credit Card,Completed
PAY005515,ORD005515,2026-06-30,14.02,Credit Card,Completed
PAY005516,ORD005516,2026-03-16,45.32,Google Pay,Pending
PAY005517,ORD005517,2026-01-10,133.36,Debit Card,Failed
PAY005518,ORD005518,2026-07-08,98.05,PayPal,Completed
PAY005519,ORD005519,2026-07-02,46.32,Google Pay,Completed
PAY005520,ORD005520,2026-04-09,231.13,Google Pay,Completed
PAY005521,ORD005521,2026-03-09,103.91,Google Pay,Completed
PAY005522,ORD005522,2026-06-19,39.59,PayPal,Failed
PAY005523,ORD005523,2026-03-07,136.41,Debit Card,Completed
PAY005524,ORD005524,2026-06-21,19.94,Apple Pay,Completed
PAY005525,ORD005525,2026-01-28,76.07,Debit Card,Pending
PAY005526,ORD005526,2026-04-17,41.64,Debit Card,Failed
PAY005527,ORD005527,2026-04-20,57.55,Credit Card,Completed
PAY005528,ORD005528,2026-04-21,92.16,Google Pay,Completed
PAY005529,ORD005529,2026-03-19,115.31,Google Pay,Completed
PAY005530,ORD005530,2026-07-05,65.26,Apple Pay,Completed
PAY005531,ORD005531,2026-04-03,51.71,Credit Card,Completed
PAY005532,ORD005532,2026-05-10,18.11,Apple Pay,Failed
PAY005533,ORD005533,2026-07-02,20.23,PayPal,Completed
PAY005534,ORD005534,2026-02-03,9.96,Credit Card,Failed
PAY005535,ORD005535,2026-08-13,67.79,Google Pay,Completed
PAY005536,ORD005536,2026-05-28,115.16,Apple Pay,Completed
PAY005537,ORD005537,2026-02-16,11.35,Credit Card,Completed
PAY005538,ORD005538,2026-08-10,126.1,Credit Card,Failed
PAY005539,ORD005539,2026-04-28,159.68,Debit Card,Pending
PAY005540,ORD005540,2026-05-08,68.53,Credit Card,Completed
PAY005541,ORD005541,2026-01-26,177.39,Credit Card,Failed
PAY005542,ORD005542,2026-03-25,58.54,Google Pay,Completed
PAY005543,ORD005543,2026-01-01,25.04,PayPal,Completed
PAY005544,ORD005544,2026-07-12,47.88,Apple Pay,Pending
PAY005545,ORD005545,2026-08-05,185.54,PayPal,Completed
PAY005546,ORD005546,2026-04-07,39.28,Credit Card,Completed
PAY005547,ORD005547,2026-03-28,80.94,Google Pay,Completed
PAY005548,ORD005548,2026-03-16,88.27,Google Pay,Failed
PAY005549,ORD005549,2026-04-18,137.39,Google Pay,Failed
PAY005550,ORD005550,2026-01-15,16.36,Google Pay,Completed
PAY005551,ORD005551,2026-05-22,159.1,Debit Card,Pending
PAY005552,ORD005552,2026-02-24,31.14,Credit Card,Pending
PAY005553,ORD005553,2026-05-09,174.35,Debit Card,Failed
PAY005554,ORD005554,2026-02-02,46.78,Debit Card,Completed
PAY005555,ORD005555,2026-03-11,46.92,Credit Card,Completed
PAY005556,ORD005556,2026-02-25,103.47,Google Pay,Completed
PAY005557,ORD005557,2026-01-23,150.3,Apple Pay,Failed
PAY005558,ORD005558,2026-02-23,43.36,Google Pay,Failed
PAY005559,ORD005559,2026-03-31,49.53,Google Pay,Completed
PAY005560,ORD005560,2026-05-11,39.43,Debit Card,Completed
PAY005561,ORD005561,2026-02-15,40.34,PayPal,Completed
PAY005562,ORD005562,2026-05-14,85.42,Google Pay,Pending
PAY005563,ORD005563,2026-06-02,56.62,Credit Card,Pending
PAY005564,ORD005564,2026-01-17,145.58,Credit Card,Completed
PAY005565,ORD005565,2026-06-05,37.13,Credit Card,Completed
PAY005566,ORD005566,2026-06-09,102.22,Debit Card,Completed
PAY005567,ORD005567,2026-04-03,99.29,Apple Pay,Failed
PAY005568,ORD005568,2026-01-23,49.55,Apple Pay,Completed
PAY005569,ORD005569,2026-05-24,50.48,Apple Pay,Pending
PAY005570,ORD005570,2026-04-06,84.87,Google Pay,Completed
PAY005571,ORD005571,2026-06-03,37.17,Google Pay,Pending
PAY005572,ORD005572,2026-06-10,46.78,PayPal,Failed
PAY005573,ORD005573,2026-07-05,24.21,PayPal,Completed
PAY005574,ORD005574,2026-06-25,31.93,PayPal,Failed
PAY005575,ORD005575,2026-03-24,29.25,Debit Card,Pending
PAY005576,ORD005576,2026-02-24,31.31,Apple Pay,Completed
PAY005577,ORD005577,2026-06-18,17.64,Google Pay,Failed
PAY005578,ORD005578,2026-03-03,18.99,PayPal,Completed
PAY005579,ORD005579,2026-05-25,110.84,Debit Card,Failed
PAY005580,ORD005580,2026-04-12,54.66,PayPal,Completed
PAY005581,ORD005581,2026-02-28,144.32,Google Pay,Completed
PAY005582,ORD005582,2026-05-22,125.54,PayPal,Completed
PAY005583,ORD005583,2026-07-29,43.65,Debit Card,Completed
PAY005584,ORD005584,2026-05-29,31.55,Debit Card,Pending
PAY005585,ORD005585,2026-07-10,67.1,PayPal,Completed
PAY005586,ORD005586,2026-06-23,44.22,Google Pay,Failed
PAY005587,ORD005587,2026-02-24,94.2,Debit Card,Failed
PAY005588,ORD005588,2026-03-03,15.0,Apple Pay,Pending
PAY005589,ORD005589,2026-06-16,76.38,Debit Card,Pending
PAY005590,ORD005590,2026-06-19,183.64,Credit Card,Completed
PAY005591,ORD005591,2026-02-17,45.69,PayPal,Completed
PAY005592,ORD005592,2026-04-13,92.71,Apple Pay,Completed
PAY005593,ORD005593,2026-01-28,25.55,Google Pay,Completed
PAY005594,ORD005594,2026-03-25,39.63,Apple Pay,Failed
PAY005595,ORD005595,2026-05-14,32.64,Debit Card,Completed
PAY005596,ORD005596,2026-02-28,176.44,Debit Card,Pending
PAY005597,ORD005597,2026-03-31,238.24,Credit Card,Completed
PAY005598,ORD005598,2026-03-11,42.79,Apple Pay,Completed
PAY005599,ORD005599,2026-06-16,150.04,Debit Card,Completed
PAY005600,ORD005600,2026-07-04,90.8,Google Pay,Completed
PAY005601,ORD005601,2026-07-01,46.11,Google Pay,Pending
PAY005602,ORD005602,2026-03-01,183.74,Apple Pay,Pending
PAY005603,ORD005603,2026-08-06,40.21,Apple Pay,Completed
PAY005604,ORD005604,2026-05-25,38.4,Credit Card,Failed
PAY005605,ORD005605,2026-06-17,29.45,Apple Pay,Completed
PAY005606,ORD005606,2026-03-07,112.32,Google Pay,Completed
PAY005607,ORD005607,2026-04-25,30.99,Apple Pay,Completed
PAY005608,ORD005608,2026-05-04,54.53,Debit Card,Completed
PAY005609,ORD005609,2026-08-01,47.33,Debit Card,Pending
PAY005610,ORD005610,2026-07-01,41.81,Apple Pay,Pending
PAY005611,ORD005611,2026-03-12,51.46,PayPal,Failed
PAY005612,ORD005612,2026-02-13,45.01,Apple Pay,Completed
PAY005613,ORD005613,2026-03-25,183.02,Credit Card,Completed
PAY005614,ORD005614,2026-07-14,82.2,Google Pay,Completed
PAY005615,ORD005615,2026-02-26,64.23,Google Pay,Completed
PAY005616,ORD005616,2026-02-05,45.14,Apple Pay,Completed
PAY005617,ORD005617,2026-02-26,25.07,PayPal,Pending
PAY005618,ORD005618,2026-05-01,38.88,Google Pay,Pending
PAY005619,ORD005619,2026-06-20,59.38,PayPal,Failed
PAY005620,ORD005620,2026-02-13,57.78,Google Pay,Completed
PAY005621,ORD005621,2026-03-03,67.09,Debit Card,Completed
PAY005622,ORD005622,2026-04-25,167.97,Credit Card,Failed
PAY005623,ORD005623,2026-03-24,44.09,Google Pay,Completed
PAY005624,ORD005624,2026-03-02,161.91,Apple Pay,Pending
PAY005625,ORD005625,2026-04-04,52.34,Debit Card,Completed
PAY005626,ORD005626,2026-01-11,69.38,PayPal,Completed
PAY005627,ORD005627,2026-03-18,56.28,Credit Card,Completed
PAY005628,ORD005628,2026-04-30,152.87,PayPal,Failed
PAY005629,ORD005629,2026-06-10,33.51,PayPal,Failed
PAY005630,ORD005630,2026-04-12,105.37,Google Pay,Completed
PAY005631,ORD005631,2026-05-01,204.49,Debit Card,Pending
PAY005632,ORD005632,2026-04-22,56.12,Credit Card,Pending
PAY005633,ORD005633,2026-03-07,7.96,Debit Card,Completed
PAY005634,ORD005634,2026-04-20,27.51,Debit Card,Completed
PAY005635,ORD005635,2026-04-30,44.61,Google Pay,Completed
PAY005636,ORD005636,2026-01-23,79.67,PayPal,Pending
PAY005637,ORD005637,2026-06-26,151.65,Debit Card,Failed
PAY005638,ORD005638,2026-05-28,56.19,PayPal,Failed
PAY005639,ORD005639,2026-08-10,44.33,Debit Card,Failed
PAY005640,ORD005640,2026-01-15,96.17,Credit Card,Completed
PAY005641,ORD005641,2026-07-13,53.79,Apple Pay,Pending
PAY005642,ORD005642,2026-01-30,61.46,Apple Pay,Completed
PAY005643,ORD005643,2026-08-05,43.0,Apple Pay,Completed
PAY005644,ORD005644,2026-01-04,189.74,Google Pay,Completed
PAY005645,ORD005645,2026-03-05,68.88,Google Pay,Completed
PAY005646,ORD005646,2026-03-06,137.66,PayPal,Pending
PAY005647,ORD005647,2026-01-08,78.39,Google Pay,Completed
PAY005648,ORD005648,2026-02-21,132.19,Apple Pay,Completed
PAY005649,ORD005649,2026-05-22,109.47,Google Pay,Failed
PAY005650,ORD005650,2026-02-27,108.91,Apple Pay,Completed
PAY005651,ORD005651,2026-01-11,83.55,Debit Card,Completed
PAY005652,ORD005652,2026-02-28,20.75,Apple Pay,Completed
PAY005653,ORD005653,2026-01-24,20.28,Apple Pay,Completed
PAY005654,ORD005654,2026-03-29,29.44,Credit Card,Failed
PAY005655,ORD005655,2026-06-09,137.5,Credit Card,Pending
PAY005656,ORD005656,2026-08-05,95.14,Credit Card,Failed
PAY005657,ORD005657,2026-02-15,47.87,Credit Card,Completed
PAY005658,ORD005658,2026-01-28,167.52,Apple Pay,Completed
PAY005659,ORD005659,2026-01-16,122.27,PayPal,Completed
PAY005660,ORD005660,2026-02-11,87.32,Credit Card,Failed
PAY005661,ORD005661,2026-04-13,99.72,Google Pay,Pending
PAY005662,ORD005662,2026-01-16,91.52,Google Pay,Completed
PAY005663,ORD005663,2026-04-10,25.52,Google Pay,Completed
PAY005664,ORD005664,2026-05-20,62.48,Apple Pay,Completed
PAY005665,ORD005665,2026-07-23,88.4,Debit Card,Failed
PAY005666,ORD005666,2026-07-09,59.04,Debit Card,Pending
PAY005667,ORD005667,2026-02-03,36.64,Credit Card,Pending
PAY005668,ORD005668,2026-02-07,18.13,Google Pay,Completed
PAY005669,ORD005669,2026-05-07,34.15,Credit Card,Pending
PAY005670,ORD005670,2026-07-31,115.34,Apple Pay,Pending
PAY005671,ORD005671,2026-06-24,89.37,Google Pay,Completed
PAY005672,ORD005672,2026-07-26,19.91,Credit Card,Failed
PAY005673,ORD005673,2026-01-22,102.37,PayPal,Completed
PAY005674,ORD005674,2026-03-21,24.14,Apple Pay,Completed
PAY005675,ORD005675,2026-03-29,52.83,Apple Pay,Completed
PAY005676,ORD005676,2026-01-03,106.69,Apple Pay,Failed
PAY005677,ORD005677,2026-01-01,48.08,PayPal,Completed
PAY005678,ORD005678,2026-02-22,22.79,Debit Card,Pending
PAY005679,ORD005679,2026-07-11,9.68,Debit Card,Pending
PAY005680,ORD005680,2026-06-21,31.12,PayPal,Completed
PAY005681,ORD005681,2026-02-16,44.55,Debit Card,Completed
PAY005682,ORD005682,2026-06-15,79.71,PayPal,Completed
PAY005683,ORD005683,2026-07-10,39.64,Credit Card,Completed
PAY005684,ORD005684,2026-04-25,42.07,PayPal,Failed
PAY005685,ORD005685,2026-07-28,42.02,Debit Card,Failed
PAY005686,ORD005686,2026-02-10,36.67,PayPal,Pending
PAY005687,ORD005687,2026-05-29,220.57,PayPal,Completed
PAY005688,ORD005688,2026-06-22,72.01,Google Pay,Failed
PAY005689,ORD005689,2026-05-21,31.08,PayPal,Completed
PAY005690,ORD005690,2026-07-13,13.78,Debit Card,Completed
PAY005691,ORD005691,2026-03-07,65.88,Apple Pay,Completed
PAY005692,ORD005692,2026-02-12,167.02,Credit Card,Pending
PAY005693,ORD005693,2026-07-09,86.32,PayPal,Completed
PAY005694,ORD005694,2026-03-30,360.9,Debit Card,Completed
PAY005695,ORD005695,2026-08-08,40.29,Debit Card,Completed
PAY005696,ORD005696,2026-06-25,87.33,Google Pay,Completed
PAY005697,ORD005697,2026-04-23,21.11,Debit Card,Completed
PAY005698,ORD005698,2026-01-26,17.57,Apple Pay,Completed
PAY005699,ORD005699,2026-04-09,53.13,Debit Card,Completed
PAY005700,ORD005700,2026-08-08,136.38,Apple Pay,Completed
PAY005701,ORD005701,2026-03-02,195.98,Credit Card,Completed
PAY005702,ORD005702,2026-05-05,62.75,PayPal,Completed
PAY005703,ORD005703,2026-04-29,32.04,Credit Card,Failed
PAY005704,ORD005704,2026-03-03,12.91,PayPal,Completed
PAY005705,ORD005705,2026-08-13,39.56,Credit Card,Pending
PAY005706,ORD005706,2026-03-23,58.07,Apple Pay,Completed
PAY005707,ORD005707,2026-05-22,40.0,PayPal,Completed
PAY005708,ORD005708,2026-07-01,17.04,PayPal,Pending
PAY005709,ORD005709,2026-06-18,59.88,Credit Card,Completed
PAY005710,ORD005710,2026-07-07,46.86,Google Pay,Failed
PAY005711,ORD005711,2026-05-17,82.34,Google Pay,Completed
PAY005712,ORD005712,2026-02-13,33.71,Credit Card,Completed
PAY005713,ORD005713,2026-02-25,45.85,Debit Card,Completed
PAY005714,ORD005714,2026-08-10,60.1,Credit Card,Pending
PAY005715,ORD005715,2026-01-03,76.86,Apple Pay,Pending
PAY005716,ORD005716,2026-04-08,42.38,Apple Pay,Completed
PAY005717,ORD005717,2026-04-07,34.59,Debit Card,Pending
PAY005718,ORD005718,2026-04-01,27.35,Google Pay,Completed
PAY005719,ORD005719,2026-02-28,62.45,Apple Pay,Completed
PAY005720,ORD005720,2026-03-14,45.09,Apple Pay,Pending
PAY005721,ORD005721,2026-05-21,193.38,PayPal,Completed
PAY005722,ORD005722,2026-06-07,51.59,PayPal,Completed
PAY005723,ORD005723,2026-02-22,64.94,Debit Card,Completed
PAY005724,ORD005724,2026-07-27,112.75,Apple Pay,Completed
PAY005725,ORD005725,2026-06-28,122.95,Credit Card,Pending
PAY005726,ORD005726,2026-02-11,43.15,Google Pay,Completed
PAY005727,ORD005727,2026-06-03,219.81,Debit Card,Failed
PAY005728,ORD005728,2026-07-06,261.73,Credit Card,Completed
PAY005729,ORD005729,2026-03-10,46.53,Credit Card,Failed
PAY005730,ORD005730,2026-04-20,59.06,Debit Card,Completed
PAY005731,ORD005731,2026-08-07,73.45,Debit Card,Completed
PAY005732,ORD005732,2026-07-26,34.29,Apple Pay,Completed
PAY005733,ORD005733,2026-04-02,56.49,Google Pay,Completed
PAY005734,ORD005734,2026-01-03,29.4,Apple Pay,Completed
PAY005735,ORD005735,2026-02-10,56.16,Credit Card,Pending
PAY005736,ORD005736,2026-05-05,52.66,Apple Pay,Completed
PAY005737,ORD005737,2026-01-01,76.41,Apple Pay,Completed
PAY005738,ORD005738,2026-07-12,85.01,Google Pay,Completed
PAY005739,ORD005739,2026-04-25,56.83,PayPal,Completed
PAY005740,ORD005740,2026-03-11,145.41,Google Pay,Pending
PAY005741,ORD005741,2026-07-22,30.42,Apple Pay,Pending
PAY005742,ORD005742,2026-05-06,44.98,PayPal,Completed
PAY005743,ORD005743,2026-02-19,36.09,Credit Card,Pending
PAY005744,ORD005744,2026-03-21,170.36,Google Pay,Completed
PAY005745,ORD005745,2026-04-07,51.82,Debit Card,Pending
PAY005746,ORD005746,2026-08-04,52.26,Credit Card,Failed
PAY005747,ORD005747,2026-02-28,147.95,PayPal,Failed
PAY005748,ORD005748,2026-08-12,20.42,Credit Card,Completed
PAY005749,ORD005749,2026-03-15,29.01,Debit Card,Completed
PAY005750,ORD005750,2026-03-04,54.41,Debit Card,Completed
PAY005751,ORD005751,2026-01-25,40.15,Google Pay,Pending
PAY005752,ORD005752,2026-05-18,110.48,Google Pay,Failed
PAY005753,ORD005753,2026-03-18,22.07,Apple Pay,Completed
PAY005754,ORD005754,2026-05-04,90.57,Apple Pay,Completed
PAY005755,ORD005755,2026-05-09,29.89,Credit Card,Completed
PAY005756,ORD005756,2026-04-09,72.25,Debit Card,Completed
PAY005757,ORD005757,2026-01-14,111.72,Credit Card,Completed
PAY005758,ORD005758,2026-05-29,223.44,PayPal,Completed
PAY005759,ORD005759,2026-07-05,21.08,PayPal,Failed
PAY005760,ORD005760,2026-02-07,64.83,Apple Pay,Completed
PAY005761,ORD005761,2026-01-01,117.48,Credit Card,Pending
PAY005762,ORD005762,2026-03-25,63.37,PayPal,Failed
PAY005763,ORD005763,2026-05-13,78.77,Apple Pay,Completed
PAY005764,ORD005764,2026-02-13,36.95,Credit Card,Failed
PAY005765,ORD005765,2026-08-12,48.05,Debit Card,Completed
PAY005766,ORD005766,2026-07-12,35.04,PayPal,Completed
PAY005767,ORD005767,2026-02-26,92.28,PayPal,Pending
PAY005768,ORD005768,2026-04-14,220.62,Debit Card,Completed
PAY005769,ORD005769,2026-02-14,67.36,Apple Pay,Completed
PAY005770,ORD005770,2026-03-01,62.95,PayPal,Completed
PAY005771,ORD005771,2026-03-07,13.5,Debit Card,Completed
PAY005772,ORD005772,2026-08-11,57.47,Apple Pay,Pending
PAY005773,ORD005773,2026-02-16,89.77,Google Pay,Completed
PAY005774,ORD005774,2026-04-25,18.97,Apple Pay,Completed
PAY005775,ORD005775,2026-01-26,67.59,PayPal,Completed
PAY005776,ORD005776,2026-05-17,59.7,Apple Pay,Failed
PAY005777,ORD005777,2026-02-20,14.8,PayPal,Completed
PAY005778,ORD005778,2026-04-04,80.83,Apple Pay,Pending
PAY005779,ORD005779,2026-04-20,44.84,Google Pay,Failed
PAY005780,ORD005780,2026-05-16,65.92,Apple Pay,Completed
PAY005781,ORD005781,2026-01-05,75.42,Google Pay,Failed
PAY005782,ORD005782,2026-02-08,35.49,PayPal,Pending
PAY005783,ORD005783,2026-03-09,76.79,Apple Pay,Completed
PAY005784,ORD005784,2026-02-09,42.29,Debit Card,Completed
PAY005785,ORD005785,2026-02-05,66.5,Google Pay,Completed
PAY005786,ORD005786,2026-05-29,38.34,Credit Card,Completed
PAY005787,ORD005787,2026-04-07,128.5,Google Pay,Completed
PAY005788,ORD005788,2026-01-26,97.76,Apple Pay,Completed
PAY005789,ORD005789,2026-04-14,47.47,Google Pay,Completed
PAY005790,ORD005790,2026-04-13,98.76,Apple Pay,Completed
PAY005791,ORD005791,2026-03-16,45.07,PayPal,Completed
PAY005792,ORD005792,2026-03-26,70.28,PayPal,Completed
PAY005793,ORD005793,2026-08-02,33.33,Debit Card,Completed
PAY005794,ORD005794,2026-04-23,118.5,Credit Card,Completed
PAY005795,ORD005795,2026-02-25,55.45,PayPal,Pending
PAY005796,ORD005796,2026-02-26,37.63,Debit Card,Failed
PAY005797,ORD005797,2026-07-06,70.84,Credit Card,Completed
PAY005798,ORD005798,2026-05-08,17.84,Debit Card,Completed
PAY005799,ORD005799,2026-04-11,29.76,PayPal,Completed
PAY005800,ORD005800,2026-05-15,49.1,Credit Card,Completed
PAY005801,ORD005801,2026-06-19,65.91,PayPal,Pending
PAY005802,ORD005802,2026-05-21,65.47,Apple Pay,Completed
PAY005803,ORD005803,2026-03-25,41.31,Credit Card,Failed
PAY005804,ORD005804,2026-07-26,90.89,Debit Card,Completed
PAY005805,ORD005805,2026-06-11,25.49,Apple Pay,Completed
PAY005806,ORD005806,2026-04-10,50.02,Debit Card,Completed
PAY005807,ORD005807,2026-06-30,127.03,PayPal,Failed
PAY005808,ORD005808,2026-02-15,90.31,PayPal,Pending
PAY005809,ORD005809,2026-07-04,147.21,Apple Pay,Pending
PAY005810,ORD005810,2026-03-02,292.1,Apple Pay,Completed
PAY005811,ORD005811,2026-08-05,39.3,Credit Card,Completed
PAY005812,ORD005812,2026-02-25,76.59,Debit Card,Pending
PAY005813,ORD005813,2026-01-29,34.2,Google Pay,Pending
PAY005814,ORD005814,2026-04-21,27.97,PayPal,Completed
PAY005815,ORD005815,2026-04-02,81.63,Google Pay,Completed
PAY005816,ORD005816,2026-05-22,61.6,Google Pay,Pending
PAY005817,ORD005817,2026-07-15,45.61,Apple Pay,Completed
PAY005818,ORD005818,2026-04-12,90.17,Debit Card,Completed
PAY005819,ORD005819,2026-03-12,46.81,Google Pay,Failed
PAY005820,ORD005820,2026-01-13,21.04,Debit Card,Completed
PAY005821,ORD005821,2026-05-25,96.96,Apple Pay,Failed
PAY005822,ORD005822,2026-06-06,37.35,Google Pay,Pending
PAY005823,ORD005823,2026-03-22,102.05,Google Pay,Pending
PAY005824,ORD005824,2026-04-10,77.67,PayPal,Completed
PAY005825,ORD005825,2026-03-24,9.59,Google Pay,Pending
PAY005826,ORD005826,2026-08-06,49.11,Credit Card,Failed
PAY005827,ORD005827,2026-04-26,31.17,Apple Pay,Completed
PAY005828,ORD005828,2026-05-05,115.51,Credit Card,Pending
PAY005829,ORD005829,2026-07-20,40.54,Google Pay,Failed
PAY005830,ORD005830,2026-01-02,109.39,Google Pay,Completed
PAY005831,ORD005831,2026-03-03,63.15,Credit Card,Completed
PAY005832,ORD005832,2026-01-20,40.31,PayPal,Completed
PAY005833,ORD005833,2026-08-03,85.7,PayPal,Completed
PAY005834,ORD005834,2026-07-29,112.04,Credit Card,Failed
PAY005835,ORD005835,2026-07-03,26.38,Credit Card,Completed
PAY005836,ORD005836,2026-03-31,20.68,Apple Pay,Failed
PAY005837,ORD005837,2026-06-29,57.13,PayPal,Pending
PAY005838,ORD005838,2026-06-02,45.48,Debit Card,Completed
PAY005839,ORD005839,2026-03-03,84.51,Google Pay,Completed
PAY005840,ORD005840,2026-01-17,105.0,Google Pay,Pending
PAY005841,ORD005841,2026-02-08,18.85,Credit Card,Pending
PAY005842,ORD005842,2026-01-10,46.41,Debit Card,Failed
PAY005843,ORD005843,2026-07-06,20.26,PayPal,Failed
PAY005844,ORD005844,2026-06-02,23.33,PayPal,Completed
PAY005845,ORD005845,2026-04-20,18.61,PayPal,Completed
PAY005846,ORD005846,2026-01-28,46.22,Credit Card,Completed
PAY005847,ORD005847,2026-08-06,19.94,Credit Card,Completed
PAY005848,ORD005848,2026-07-23,37.84,Google Pay,Pending
PAY005849,ORD005849,2026-03-02,32.88,Google Pay,Pending
PAY005850,ORD005850,2026-02-27,47.47,PayPal,Completed
PAY005851,ORD005851,2026-02-13,60.28,Google Pay,Failed
PAY005852,ORD005852,2026-03-24,57.1,Google Pay,Completed
PAY005853,ORD005853,2026-05-31,25.58,PayPal,Pending
PAY005854,ORD005854,2026-07-25,58.72,Credit Card,Failed
PAY005855,ORD005855,2026-05-05,44.82,Google Pay,Completed
PAY005856,ORD005856,2026-05-25,83.17,Credit Card,Completed
PAY005857,ORD005857,2026-03-20,37.82,Debit Card,Failed
PAY005858,ORD005858,2026-03-26,90.69,Credit Card,Failed
PAY005859,ORD005859,2026-02-07,30.45,Apple Pay,Failed
PAY005860,ORD005860,2026-01-30,31.5,Apple Pay,Failed
PAY005861,ORD005861,2026-05-27,55.88,PayPal,Completed
PAY005862,ORD005862,2026-02-01,18.04,Apple Pay,Completed
PAY005863,ORD005863,2026-08-09,32.57,Debit Card,Pending
PAY005864,ORD005864,2026-08-02,134.53,Credit Card,Completed
PAY005865,ORD005865,2026-01-20,96.19,Credit Card,Completed
PAY005866,ORD005866,2026-04-12,46.07,Google Pay,Completed
PAY005867,ORD005867,2026-03-05,312.79,Google Pay,Completed
PAY005868,ORD005868,2026-02-05,53.68,Google Pay,Completed
PAY005869,ORD005869,2026-07-12,67.12,Credit Card,Completed
PAY005870,ORD005870,2026-07-30,166.3,Credit Card,Failed
PAY005871,ORD005871,2026-06-20,75.74,Google Pay,Completed
PAY005872,ORD005872,2026-01-26,48.4,Credit Card,Completed
PAY005873,ORD005873,2026-01-07,98.17,Debit Card,Completed
PAY005874,ORD005874,2026-02-03,92.49,Google Pay,Failed
PAY005875,ORD005875,2026-06-13,36.24,Apple Pay,Pending
PAY005876,ORD005876,2026-05-14,51.89,Google Pay,Completed
PAY005877,ORD005877,2026-06-14,66.49,Apple Pay,Pending
PAY005878,ORD005878,2026-03-03,66.81,PayPal,Completed
PAY005879,ORD005879,2026-03-27,32.97,Apple Pay,Pending
PAY005880,ORD005880,2026-03-14,74.32,Debit Card,Failed
PAY005881,ORD005881,2026-05-08,46.81,Credit Card,Completed
PAY005882,ORD005882,2026-03-01,84.08,Debit Card,Failed
PAY005883,ORD005883,2026-08-09,112.25,PayPal,Failed
PAY005884,ORD005884,2026-03-05,34.08,Debit Card,Completed
PAY005885,ORD005885,2026-06-27,46.69,Debit Card,Completed
PAY005886,ORD005886,2026-02-21,68.73,PayPal,Completed
PAY005887,ORD005887,2026-05-25,100.72,Debit Card,Failed
PAY005888,ORD005888,2026-03-01,40.45,PayPal,Pending
PAY005889,ORD005889,2026-03-18,61.83,Credit Card,Completed
PAY005890,ORD005890,2026-04-29,186.7,Google Pay,Completed
PAY005891,ORD005891,2026-07-28,107.3,Credit Card,Completed
PAY005892,ORD005892,2026-07-01,50.73,Credit Card,Failed
PAY005893,ORD005893,2026-05-18,223.13,Credit Card,Completed
PAY005894,ORD005894,2026-05-05,83.83,Debit Card,Completed
PAY005895,ORD005895,2026-06-02,204.4,Credit Card,Completed
PAY005896,ORD005896,2026-01-18,132.36,PayPal,Failed
PAY005897,ORD005897,2026-03-05,445.96,PayPal,Completed
PAY005898,ORD005898,2026-03-20,169.64,PayPal,Completed
PAY005899,ORD005899,2026-02-28,43.97,PayPal,Pending
PAY005900,ORD005900,2026-06-04,106.16,Credit Card,Completed
PAY005901,ORD005901,2026-02-27,32.15,Apple Pay,Failed
PAY005902,ORD005902,2026-03-02,114.77,Google Pay,Completed
PAY005903,ORD005903,2026-07-30,198.75,Apple Pay,Failed
PAY005904,ORD005904,2026-04-28,33.74,Debit Card,Completed
PAY005905,ORD005905,2026-03-20,101.27,Credit Card,Failed
PAY005906,ORD005906,2026-03-12,94.59,Apple Pay,Completed
PAY005907,ORD005907,2026-06-20,96.62,Credit Card,Completed
PAY005908,ORD005908,2026-07-27,26.38,PayPal,Completed
PAY005909,ORD005909,2026-03-29,43.37,Debit Card,Pending
PAY005910,ORD005910,2026-03-28,75.65,Apple Pay,Completed
PAY005911,ORD005911,2026-05-19,46.73,Google Pay,Completed
PAY005912,ORD005912,2026-03-29,30.76,PayPal,Failed
PAY005913,ORD005913,2026-05-13,118.51,PayPal,Completed
PAY005914,ORD005914,2026-07-05,38.46,Debit Card,Pending
PAY005915,ORD005915,2026-02-08,59.01,PayPal,Completed
PAY005916,ORD005916,2026-06-25,289.3,PayPal,Completed
PAY005917,ORD005917,2026-08-10,124.12,Apple Pay,Completed
PAY005918,ORD005918,2026-03-21,62.31,PayPal,Pending
PAY005919,ORD005919,2026-01-20,79.89,Debit Card,Failed
PAY005920,ORD005920,2026-08-09,73.87,Credit Card,Failed
PAY005921,ORD005921,2026-03-22,21.79,Debit Card,Completed
PAY005922,ORD005922,2026-01-19,76.56,Debit Card,Failed
PAY005923,ORD005923,2026-07-07,134.42,Credit Card,Completed
PAY005924,ORD005924,2026-06-03,57.1,Apple Pay,Failed
PAY005925,ORD005925,2026-07-26,101.89,Google Pay,Failed
PAY005926,ORD005926,2026-06-02,87.14,Google Pay,Pending
PAY005927,ORD005927,2026-05-23,95.34,Debit Card,Failed
PAY005928,ORD005928,2026-07-31,28.86,Apple Pay,Completed
PAY005929,ORD005929,2026-08-10,80.21,Apple Pay,Pending
PAY005930,ORD005930,2026-05-29,201.26,Apple Pay,Completed
PAY005931,ORD005931,2026-06-24,59.34,Apple Pay,Failed
PAY005932,ORD005932,2026-06-12,50.29,Debit Card,Failed
PAY005933,ORD005933,2026-06-21,107.58,PayPal,Pending
PAY005934,ORD005934,2026-05-14,115.66,Google Pay,Completed
PAY005935,ORD005935,2026-04-26,141.67,Google Pay,Completed
PAY005936,ORD005936,2026-04-11,55.69,Credit Card,Completed
PAY005937,ORD005937,2026-07-22,87.81,Debit Card,Failed
PAY005938,ORD005938,2026-05-31,234.64,Google Pay,Pending
PAY005939,ORD005939,2026-02-08,34.26,Debit Card,Failed
PAY005940,ORD005940,2026-07-20,22.9,Debit Card,Completed
PAY005941,ORD005941,2026-05-26,104.77,Apple Pay,Failed
PAY005942,ORD005942,2026-06-17,81.51,Credit Card,Completed
PAY005943,ORD005943,2026-02-05,45.23,Debit Card,Completed
PAY005944,ORD005944,2026-06-05,38.42,Google Pay,Pending
PAY005945,ORD005945,2026-07-11,57.19,Google Pay,Completed
PAY005946,ORD005946,2026-03-24,122.64,Credit Card,Completed
PAY005947,ORD005947,2026-04-04,117.2,Debit Card,Completed
PAY005948,ORD005948,2026-07-05,70.62,Apple Pay,Completed
PAY005949,ORD005949,2026-06-15,43.25,Credit Card,Pending
PAY005950,ORD005950,2026-07-26,10.41,Debit Card,Completed
PAY005951,ORD005951,2026-06-21,82.72,Credit Card,Failed
PAY005952,ORD005952,2026-07-23,96.45,Apple Pay,Pending
PAY005953,ORD005953,2026-01-02,54.58,PayPal,Completed
PAY005954,ORD005954,2026-03-14,308.85,PayPal,Completed
PAY005955,ORD005955,2026-02-04,35.95,PayPal,Completed
PAY005956,ORD005956,2026-05-09,169.92,Apple Pay,Pending
PAY005957,ORD005957,2026-06-23,102.91,Apple Pay,Completed
PAY005958,ORD005958,2026-07-07,53.09,Credit Card,Completed
PAY005959,ORD005959,2026-03-04,19.68,Google Pay,Pending
PAY005960,ORD005960,2026-04-05,159.84,Apple Pay,Pending
PAY005961,ORD005961,2026-08-08,62.75,Apple Pay,Completed
PAY005962,ORD005962,2026-02-14,213.35,PayPal,Pending
PAY005963,ORD005963,2026-05-05,63.28,PayPal,Completed
PAY005964,ORD005964,2026-07-04,166.75,PayPal,Completed
PAY005965,ORD005965,2026-02-06,22.22,Google Pay,Failed
PAY005966,ORD005966,2026-01-07,23.54,PayPal,Completed
PAY005967,ORD005967,2026-04-20,45.52,PayPal,Failed
PAY005968,ORD005968,2026-05-24,13.24,Google Pay,Failed
PAY005969,ORD005969,2026-06-27,75.25,PayPal,Completed
PAY005970,ORD005970,2026-05-22,35.44,Credit Card,Failed
PAY005971,ORD005971,2026-08-13,102.08,Credit Card,Completed
PAY005972,ORD005972,2026-05-14,15.56,Debit Card,Failed
PAY005973,ORD005973,2026-07-08,135.18,Credit Card,Completed
PAY005974,ORD005974,2026-05-29,64.06,Google Pay,Failed
PAY005975,ORD005975,2026-05-18,114.01,PayPal,Pending
PAY005976,ORD005976,2026-02-01,53.49,Debit Card,Completed
PAY005977,ORD005977,2026-05-14,18.79,Apple Pay,Completed
PAY005978,ORD005978,2026-01-02,152.14,Apple Pay,Completed
PAY005979,ORD005979,2026-02-08,101.93,Credit Card,Completed
PAY005980,ORD005980,2026-02-18,118.14,Debit Card,Completed
PAY005981,ORD005981,2026-01-27,65.88,Apple Pay,Failed
PAY005982,ORD005982,2026-02-25,218.43,Apple Pay,Failed
PAY005983,ORD005983,2026-01-14,352.28,Apple Pay,Completed
PAY005984,ORD005984,2026-05-31,158.13,Credit Card,Completed
PAY005985,ORD005985,2026-04-13,22.42,Credit Card,Completed
PAY005986,ORD005986,2026-04-28,72.06,Debit Card,Completed
PAY005987,ORD005987,2026-05-02,37.79,Credit Card,Failed
PAY005988,ORD005988,2026-08-01,23.47,Credit Card,Completed
PAY005989,ORD005989,2026-04-15,55.41,Google Pay,Completed
PAY005990,ORD005990,2026-06-28,135.17,Credit Card,Failed
PAY005991,ORD005991,2026-08-10,44.57,Debit Card,Pending
PAY005992,ORD005992,2026-01-25,40.28,Credit Card,Completed
PAY005993,ORD005993,2026-02-22,48.76,Credit Card,Failed
PAY005994,ORD005994,2026-08-04,260.16,Google Pay,Failed
PAY005995,ORD005995,2026-01-11,87.24,Debit Card,Completed
PAY005996,ORD005996,2026-06-12,36.77,Apple Pay,Pending
PAY005997,ORD005997,2026-07-02,205.3,Google Pay,Completed
PAY005998,ORD005998,2026-07-05,66.2,Credit Card,Completed
PAY005999,ORD005999,2026-07-15,33.55,PayPal,Completed
PAY006000,ORD006000,2026-02-06,42.87,Google Pay,Completed
PAY006001,ORD006001,2026-07-24,34.06,Google Pay,Completed
PAY006002,ORD006002,2026-01-09,55.09,Debit Card,Completed
PAY006003,ORD006003,2026-01-28,57.75,Apple Pay,Completed
PAY006004,ORD006004,2026-02-24,69.39,Apple Pay,Completed
PAY006005,ORD006005,2026-06-23,41.55,Apple Pay,Completed
PAY006006,ORD006006,2026-07-27,92.98,Google Pay,Completed
PAY006007,ORD006007,2026-05-07,185.52,PayPal,Completed
PAY006008,ORD006008,2026-03-11,40.04,Debit Card,Completed
PAY006009,ORD006009,2026-01-27,149.53,PayPal,Failed
PAY006010,ORD006010,2026-01-10,69.6,Apple Pay,Pending
PAY006011,ORD006011,2026-05-31,54.28,Google Pay,Completed
PAY006012,ORD006012,2026-05-29,101.42,Apple Pay,Completed
PAY006013,ORD006013,2026-08-06,85.69,PayPal,Completed
PAY006014,ORD006014,2026-06-22,94.9,Apple Pay,Completed
PAY006015,ORD006015,2026-05-06,37.26,Credit Card,Completed
PAY006016,ORD006016,2026-01-03,29.99,Debit Card,Pending
PAY006017,ORD006017,2026-07-06,13.8,PayPal,Completed
PAY006018,ORD006018,2026-02-12,80.46,Credit Card,Completed
PAY006019,ORD006019,2026-04-09,32.0,Apple Pay,Pending
PAY006020,ORD006020,2026-01-07,40.43,Debit Card,Completed
PAY006021,ORD006021,2026-06-04,56.36,Debit Card,Failed
PAY006022,ORD006022,2026-07-09,25.52,Debit Card,Completed
PAY006023,ORD006023,2026-02-11,166.41,Google Pay,Failed
PAY006024,ORD006024,2026-04-07,49.78,Debit Card,Failed
PAY006025,ORD006025,2026-01-04,88.63,Credit Card,Completed
PAY006026,ORD006026,2026-08-06,112.24,PayPal,Completed
PAY006027,ORD006027,2026-07-09,17.25,Credit Card,Completed
PAY006028,ORD006028,2026-05-16,47.1,Apple Pay,Failed
PAY006029,ORD006029,2026-03-25,109.28,Google Pay,Completed
PAY006030,ORD006030,2026-05-25,30.17,Google Pay,Failed
PAY006031,ORD006031,2026-01-05,75.85,Apple Pay,Completed
PAY006032,ORD006032,2026-07-10,32.56,PayPal,Completed
PAY006033,ORD006033,2026-04-23,80.33,Google Pay,Pending
PAY006034,ORD006034,2026-05-17,41.29,Apple Pay,Completed
PAY006035,ORD006035,2026-05-16,64.24,Apple Pay,Completed
PAY006036,ORD006036,2026-01-07,148.7,Apple Pay,Completed
PAY006037,ORD006037,2026-02-06,99.67,Apple Pay,Pending
PAY006038,ORD006038,2026-02-24,36.49,Debit Card,Completed
PAY006039,ORD006039,2026-03-08,87.81,PayPal,Completed
PAY006040,ORD006040,2026-05-16,79.93,Apple Pay,Pending
PAY006041,ORD006041,2026-03-10,138.2,Debit Card,Pending
PAY006042,ORD006042,2026-01-05,64.7,Debit Card,Failed
PAY006043,ORD006043,2026-01-17,63.06,Credit Card,Completed
PAY006044,ORD006044,2026-04-21,105.86,Apple Pay,Failed
PAY006045,ORD006045,2026-02-27,106.98,Debit Card,Completed
PAY006046,ORD006046,2026-07-10,637.52,Credit Card,Completed
PAY006047,ORD006047,2026-06-04,178.35,Credit Card,Failed
PAY006048,ORD006048,2026-04-14,61.45,Apple Pay,Pending
PAY006049,ORD006049,2026-04-23,57.0,Google Pay,Completed
PAY006050,ORD006050,2026-07-23,35.94,Debit Card,Completed
PAY006051,ORD006051,2026-04-02,21.31,Google Pay,Failed
PAY006052,ORD006052,2026-03-09,65.85,Credit Card,Completed
PAY006053,ORD006053,2026-01-28,13.62,Google Pay,Completed
PAY006054,ORD006054,2026-03-30,241.25,Google Pay,Completed
PAY006055,ORD006055,2026-07-05,34.42,Apple Pay,Failed
PAY006056,ORD006056,2026-06-27,149.79,Credit Card,Pending
PAY006057,ORD006057,2026-04-16,55.8,PayPal,Completed
PAY006058,ORD006058,2026-03-08,90.69,Debit Card,Pending
PAY006059,ORD006059,2026-05-02,24.95,Apple Pay,Completed
PAY006060,ORD006060,2026-06-08,91.41,Apple Pay,Pending
PAY006061,ORD006061,2026-04-11,66.76,PayPal,Pending
PAY006062,ORD006062,2026-01-12,239.02,Apple Pay,Completed
PAY006063,ORD006063,2026-07-02,24.97,Credit Card,Completed
PAY006064,ORD006064,2026-04-11,24.16,Apple Pay,Completed
PAY006065,ORD006065,2026-01-04,29.66,Apple Pay,Completed
PAY006066,ORD006066,2026-08-10,14.67,PayPal,Completed
PAY006067,ORD006067,2026-05-01,33.69,Debit Card,Completed
PAY006068,ORD006068,2026-02-11,31.17,Debit Card,Failed
PAY006069,ORD006069,2026-08-07,59.39,Google Pay,Completed
PAY006070,ORD006070,2026-07-01,62.59,Credit Card,Pending
PAY006071,ORD006071,2026-01-22,21.42,PayPal,Completed
PAY006072,ORD006072,2026-01-01,141.17,Debit Card,Failed
PAY006073,ORD006073,2026-02-17,91.32,PayPal,Pending
PAY006074,ORD006074,2026-02-12,116.43,Google Pay,Completed
PAY006075,ORD006075,2026-04-12,140.39,Debit Card,Completed
PAY006076,ORD006076,2026-05-28,30.89,PayPal,Completed
PAY006077,ORD006077,2026-01-18,40.65,Credit Card,Failed
PAY006078,ORD006078,2026-07-17,79.87,Credit Card,Failed
PAY006079,ORD006079,2026-06-26,150.56,Google Pay,Failed
PAY006080,ORD006080,2026-03-17,76.11,Debit Card,Completed
PAY006081,ORD006081,2026-05-25,60.82,Debit Card,Completed
PAY006082,ORD006082,2026-06-30,38.26,Credit Card,Pending
PAY006083,ORD006083,2026-05-30,24.33,Google Pay,Pending
PAY006084,ORD006084,2026-03-23,137.39,Apple Pay,Failed
PAY006085,ORD006085,2026-01-10,47.2,Credit Card,Pending
PAY006086,ORD006086,2026-01-24,63.72,Credit Card,Completed
PAY006087,ORD006087,2026-07-31,201.49,PayPal,Pending
PAY006088,ORD006088,2026-05-20,47.75,Google Pay,Completed
PAY006089,ORD006089,2026-01-04,64.63,Apple Pay,Completed
PAY006090,ORD006090,2026-06-19,44.32,Google Pay,Completed
PAY006091,ORD006091,2026-05-06,24.75,Google Pay,Pending
PAY006092,ORD006092,2026-05-13,77.76,Credit Card,Completed
PAY006093,ORD006093,2026-06-03,15.6,Credit Card,Completed
PAY006094,ORD006094,2026-07-06,169.68,Credit Card,Failed
PAY006095,ORD006095,2026-07-09,14.58,PayPal,Failed
PAY006096,ORD006096,2026-03-21,50.79,Apple Pay,Failed
PAY006097,ORD006097,2026-01-05,42.61,Apple Pay,Pending
PAY006098,ORD006098,2026-06-03,134.75,Google Pay,Failed
PAY006099,ORD006099,2026-03-24,37.33,Credit Card,Pending
PAY006100,ORD006100,2026-01-06,20.24,Google Pay,Completed
PAY006101,ORD006101,2026-06-01,24.6,Credit Card,Completed
PAY006102,ORD006102,2026-08-11,14.04,Google Pay,Completed
PAY006103,ORD006103,2026-08-11,114.04,Google Pay,Completed
PAY006104,ORD006104,2026-06-30,223.61,PayPal,Completed
PAY006105,ORD006105,2026-01-07,144.5,PayPal,Pending
PAY006106,ORD006106,2026-01-10,63.72,Google Pay,Completed
PAY006107,ORD006107,2026-06-16,78.29,Credit Card,Completed
PAY006108,ORD006108,2026-08-02,48.44,Google Pay,Failed
PAY006109,ORD006109,2026-03-19,41.94,Credit Card,Pending
PAY006110,ORD006110,2026-06-05,87.56,Debit Card,Failed
PAY006111,ORD006111,2026-02-11,24.45,Apple Pay,Failed
PAY006112,ORD006112,2026-03-03,90.47,Google Pay,Completed
PAY006113,ORD006113,2026-05-05,59.87,Debit Card,Completed
PAY006114,ORD006114,2026-06-29,98.25,Google Pay,Completed
PAY006115,ORD006115,2026-01-22,88.43,PayPal,Completed
PAY006116,ORD006116,2026-02-26,26.26,Apple Pay,Completed
PAY006117,ORD006117,2026-04-06,105.0,Google Pay,Pending
PAY006118,ORD006118,2026-05-19,180.1,PayPal,Completed
PAY006119,ORD006119,2026-05-22,106.1,PayPal,Completed
PAY006120,ORD006120,2026-01-31,32.47,Debit Card,Completed
PAY006121,ORD006121,2026-01-04,113.76,PayPal,Completed
PAY006122,ORD006122,2026-04-19,84.31,Debit Card,Pending
PAY006123,ORD006123,2026-05-30,16.5,Credit Card,Completed
PAY006124,ORD006124,2026-04-28,52.3,Credit Card,Pending
PAY006125,ORD006125,2026-04-03,109.15,Credit Card,Completed
PAY006126,ORD006126,2026-04-09,58.22,Credit Card,Pending
PAY006127,ORD006127,2026-07-11,89.07,Google Pay,Pending
PAY006128,ORD006128,2026-03-18,40.88,Debit Card,Completed
PAY006129,ORD006129,2026-07-31,75.25,Credit Card,Completed
PAY006130,ORD006130,2026-03-24,146.02,PayPal,Completed
PAY006131,ORD006131,2026-07-26,86.73,Debit Card,Completed
PAY006132,ORD006132,2026-04-25,73.13,Google Pay,Pending
PAY006133,ORD006133,2026-08-06,65.42,Credit Card,Pending
PAY006134,ORD006134,2026-07-31,57.68,Debit Card,Failed
PAY006135,ORD006135,2026-03-02,36.5,Apple Pay,Completed
PAY006136,ORD006136,2026-04-10,48.51,Credit Card,Pending
PAY006137,ORD006137,2026-05-14,69.17,Debit Card,Completed
PAY006138,ORD006138,2026-03-20,15.19,Credit Card,Pending
PAY006139,ORD006139,2026-07-15,148.45,Apple Pay,Completed
PAY006140,ORD006140,2026-01-06,42.28,PayPal,Failed
PAY006141,ORD006141,2026-03-07,26.45,PayPal,Failed
PAY006142,ORD006142,2026-06-13,246.39,Apple Pay,Completed
PAY006143,ORD006143,2026-05-23,69.49,Debit Card,Completed
PAY006144,ORD006144,2026-03-17,129.1,Google Pay,Completed
PAY006145,ORD006145,2026-02-09,37.88,Credit Card,Failed
PAY006146,ORD006146,2026-06-18,133.51,Google Pay,Failed
PAY006147,ORD006147,2026-01-07,100.36,Credit Card,Completed
PAY006148,ORD006148,2026-01-22,48.39,Google Pay,Completed
PAY006149,ORD006149,2026-03-13,18.35,Credit Card,Completed
PAY006150,ORD006150,2026-04-16,126.08,PayPal,Completed
PAY006151,ORD006151,2026-05-19,52.61,Credit Card,Completed
PAY006152,ORD006152,2026-05-10,137.63,Credit Card,Completed
PAY006153,ORD006153,2026-01-30,47.23,Apple Pay,Failed
PAY006154,ORD006154,2026-03-09,57.3,Apple Pay,Completed
PAY006155,ORD006155,2026-06-30,77.67,Credit Card,Completed
PAY006156,ORD006156,2026-03-30,240.99,Credit Card,Failed
PAY006157,ORD006157,2026-05-29,34.34,Debit Card,Completed
PAY006158,ORD006158,2026-06-02,44.97,PayPal,Completed
PAY006159,ORD006159,2026-03-14,41.17,Credit Card,Pending
PAY006160,ORD006160,2026-03-13,38.81,Credit Card,Completed
PAY006161,ORD006161,2026-05-13,57.89,PayPal,Completed
PAY006162,ORD006162,2026-08-08,131.87,Debit Card,Failed
PAY006163,ORD006163,2026-03-07,46.5,Apple Pay,Completed
PAY006164,ORD006164,2026-03-26,225.25,Apple Pay,Completed
PAY006165,ORD006165,2026-02-18,151.66,PayPal,Completed
PAY006166,ORD006166,2026-01-08,55.97,Credit Card,Pending
PAY006167,ORD006167,2026-08-14,36.14,Apple Pay,Completed
PAY006168,ORD006168,2026-08-03,101.38,Credit Card,Completed
PAY006169,ORD006169,2026-07-26,170.91,Google Pay,Completed
PAY006170,ORD006170,2026-06-04,124.76,Credit Card,Pending
PAY006171,ORD006171,2026-01-02,37.34,Apple Pay,Failed
PAY006172,ORD006172,2026-01-28,54.28,Credit Card,Completed
PAY006173,ORD006173,2026-05-19,21.84,Credit Card,Completed
PAY006174,ORD006174,2026-02-15,24.0,Debit Card,Completed
PAY006175,ORD006175,2026-05-06,118.28,Debit Card,Pending
PAY006176,ORD006176,2026-01-21,91.33,Credit Card,Pending
PAY006177,ORD006177,2026-06-19,191.51,PayPal,Completed
PAY006178,ORD006178,2026-02-01,26.46,PayPal,Completed
PAY006179,ORD006179,2026-06-09,155.96,PayPal,Failed
PAY006180,ORD006180,2026-07-18,150.73,PayPal,Failed
PAY006181,ORD006181,2026-05-30,258.66,Apple Pay,Completed
PAY006182,ORD006182,2026-07-25,111.25,PayPal,Completed
PAY006183,ORD006183,2026-03-18,10.01,Apple Pay,Pending
PAY006184,ORD006184,2026-01-21,89.09,PayPal,Completed
PAY006185,ORD006185,2026-05-30,16.45,Credit Card,Completed
PAY006186,ORD006186,2026-02-03,13.08,PayPal,Pending
PAY006187,ORD006187,2026-05-18,73.22,Credit Card,Pending
PAY006188,ORD006188,2026-03-06,105.58,Credit Card,Completed
PAY006189,ORD006189,2026-03-06,18.22,Debit Card,Completed
PAY006190,ORD006190,2026-03-29,13.11,Google Pay,Completed
PAY006191,ORD006191,2026-03-08,44.66,Google Pay,Failed
PAY006192,ORD006192,2026-08-11,87.05,Credit Card,Completed
PAY006193,ORD006193,2026-02-12,59.7,Google Pay,Completed
PAY006194,ORD006194,2026-04-25,47.57,Google Pay,Completed
PAY006195,ORD006195,2026-06-18,25.93,PayPal,Failed
PAY006196,ORD006196,2026-05-21,47.55,Google Pay,Completed
PAY006197,ORD006197,2026-04-28,121.5,Google Pay,Completed
PAY006198,ORD006198,2026-01-04,68.67,Google Pay,Failed
PAY006199,ORD006199,2026-01-23,75.96,Debit Card,Failed
PAY006200,ORD006200,2026-03-11,209.35,Google Pay,Completed
PAY006201,ORD006201,2026-06-11,242.18,PayPal,Completed
PAY006202,ORD006202,2026-02-10,226.56,Apple Pay,Completed
PAY006203,ORD006203,2026-05-26,391.21,Debit Card,Completed
PAY006204,ORD006204,2026-04-30,33.1,PayPal,Failed
PAY006205,ORD006205,2026-03-31,26.17,Credit Card,Completed
PAY006206,ORD006206,2026-08-13,88.39,PayPal,Pending
PAY006207,ORD006207,2026-06-10,50.2,Apple Pay,Completed
PAY006208,ORD006208,2026-06-02,61.91,Debit Card,Completed
PAY006209,ORD006209,2026-02-21,14.34,Apple Pay,Completed
PAY006210,ORD006210,2026-05-25,75.92,Credit Card,Completed
PAY006211,ORD006211,2026-02-20,45.24,Credit Card,Failed
PAY006212,ORD006212,2026-05-11,46.12,Credit Card,Failed
PAY006213,ORD006213,2026-02-24,54.52,PayPal,Pending
PAY006214,ORD006214,2026-08-02,19.75,PayPal,Pending
PAY006215,ORD006215,2026-07-03,39.19,Google Pay,Failed
PAY006216,ORD006216,2026-04-29,169.9,Credit Card,Pending
PAY006217,ORD006217,2026-04-23,76.15,Apple Pay,Failed
PAY006218,ORD006218,2026-02-04,166.06,Credit Card,Completed
PAY006219,ORD006219,2026-03-09,26.33,Debit Card,Completed
PAY006220,ORD006220,2026-07-06,72.01,PayPal,Failed
PAY006221,ORD006221,2026-04-02,28.47,Credit Card,Completed
PAY006222,ORD006222,2026-02-28,266.91,Google Pay,Failed
PAY006223,ORD006223,2026-01-13,27.59,Credit Card,Completed
PAY006224,ORD006224,2026-03-03,123.13,Google Pay,Completed
PAY006225,ORD006225,2026-04-04,45.44,PayPal,Completed
PAY006226,ORD006226,2026-06-24,137.12,PayPal,Completed
PAY006227,ORD006227,2026-07-23,23.66,Google Pay,Completed
PAY006228,ORD006228,2026-01-03,42.2,Debit Card,Failed
PAY006229,ORD006229,2026-01-21,94.56,PayPal,Completed
PAY006230,ORD006230,2026-04-14,57.02,Google Pay,Pending
PAY006231,ORD006231,2026-03-06,68.18,PayPal,Pending
PAY006232,ORD006232,2026-05-26,45.16,Credit Card,Completed
PAY006233,ORD006233,2026-01-13,52.63,Apple Pay,Failed
PAY006234,ORD006234,2026-07-18,50.77,Debit Card,Failed
PAY006235,ORD006235,2026-03-18,35.68,Apple Pay,Completed
PAY006236,ORD006236,2026-07-28,249.71,Debit Card,Pending
PAY006237,ORD006237,2026-04-19,190.5,Credit Card,Completed
PAY006238,ORD006238,2026-04-06,165.61,Google Pay,Failed
PAY006239,ORD006239,2026-04-03,99.94,Google Pay,Failed
PAY006240,ORD006240,2026-02-14,123.05,Google Pay,Completed
PAY006241,ORD006241,2026-03-03,37.6,Credit Card,Completed
PAY006242,ORD006242,2026-01-30,28.52,Apple Pay,Completed
PAY006243,ORD006243,2026-07-22,149.13,PayPal,Completed
PAY006244,ORD006244,2026-01-14,85.43,Google Pay,Completed
PAY006245,ORD006245,2026-06-30,150.47,PayPal,Pending
PAY006246,ORD006246,2026-01-10,83.33,Apple Pay,Pending
PAY006247,ORD006247,2026-07-19,36.79,PayPal,Completed
PAY006248,ORD006248,2026-06-08,27.25,PayPal,Pending
PAY006249,ORD006249,2026-01-06,92.41,PayPal,Completed
PAY006250,ORD006250,2026-07-30,111.08,Credit Card,Completed
PAY006251,ORD006251,2026-04-29,92.76,Apple Pay,Completed
PAY006252,ORD006252,2026-01-19,31.17,PayPal,Completed
PAY006253,ORD006253,2026-01-12,73.48,Google Pay,Failed
PAY006254,ORD006254,2026-04-27,75.95,Google Pay,Completed
PAY006255,ORD006255,2026-07-11,39.1,Apple Pay,Pending
PAY006256,ORD006256,2026-04-13,160.61,Credit Card,Completed
PAY006257,ORD006257,2026-04-24,56.61,PayPal,Completed
PAY006258,ORD006258,2026-03-23,182.31,Credit Card,Pending
PAY006259,ORD006259,2026-07-02,82.59,Apple Pay,Pending
PAY006260,ORD006260,2026-07-14,56.57,Debit Card,Completed
PAY006261,ORD006261,2026-01-09,68.75,Google Pay,Completed
PAY006262,ORD006262,2026-05-14,14.67,PayPal,Completed
PAY006263,ORD006263,2026-05-09,62.62,PayPal,Completed
PAY006264,ORD006264,2026-06-19,12.28,Apple Pay,Completed
PAY006265,ORD006265,2026-04-03,43.68,Apple Pay,Completed
PAY006266,ORD006266,2026-07-02,83.47,Credit Card,Completed
PAY006267,ORD006267,2026-06-26,47.71,Google Pay,Pending
PAY006268,ORD006268,2026-04-09,182.34,Credit Card,Failed
PAY006269,ORD006269,2026-04-09,63.75,Apple Pay,Completed
PAY006270,ORD006270,2026-01-30,100.35,Google Pay,Pending
PAY006271,ORD006271,2026-02-04,58.23,Apple Pay,Completed
PAY006272,ORD006272,2026-03-04,82.27,Credit Card,Failed
PAY006273,ORD006273,2026-05-30,51.35,Credit Card,Pending
PAY006274,ORD006274,2026-06-20,98.67,Credit Card,Completed
PAY006275,ORD006275,2026-01-28,144.23,Debit Card,Completed
PAY006276,ORD006276,2026-05-26,69.54,Credit Card,Failed
PAY006277,ORD006277,2026-02-01,167.54,PayPal,Pending
PAY006278,ORD006278,2026-03-10,52.66,Credit Card,Completed
PAY006279,ORD006279,2026-07-01,157.39,Apple Pay,Completed
PAY006280,ORD006280,2026-06-11,109.93,Credit Card,Pending
PAY006281,ORD006281,2026-06-08,54.14,Apple Pay,Failed
PAY006282,ORD006282,2026-04-20,104.12,Apple Pay,Pending
PAY006283,ORD006283,2026-04-07,102.27,Google Pay,Failed
PAY006284,ORD006284,2026-05-12,118.18,Debit Card,Completed
PAY006285,ORD006285,2026-05-22,14.43,Apple Pay,Completed
PAY006286,ORD006286,2026-01-15,28.94,Apple Pay,Completed
PAY006287,ORD006287,2026-07-07,51.28,PayPal,Pending
PAY006288,ORD006288,2026-01-20,74.45,Credit Card,Completed
PAY006289,ORD006289,2026-01-20,94.86,Debit Card,Completed
PAY006290,ORD006290,2026-06-26,46.05,Debit Card,Completed
PAY006291,ORD006291,2026-04-09,108.53,Google Pay,Pending
PAY006292,ORD006292,2026-03-09,13.82,Apple Pay,Completed
PAY006293,ORD006293,2026-01-18,23.33,Apple Pay,Pending
PAY006294,ORD006294,2026-06-01,42.67,PayPal,Pending
PAY006295,ORD006295,2026-06-04,262.46,Debit Card,Completed
PAY006296,ORD006296,2026-02-02,115.45,Credit Card,Completed
PAY006297,ORD006297,2026-05-05,46.27,Google Pay,Completed
PAY006298,ORD006298,2026-03-05,197.24,Google Pay,Completed
PAY006299,ORD006299,2026-06-02,30.67,Google Pay,Completed
PAY006300,ORD006300,2026-03-10,36.38,Google Pay,Failed
PAY006301,ORD006301,2026-05-26,73.54,Debit Card,Completed
PAY006302,ORD006302,2026-02-14,65.71,Apple Pay,Completed
PAY006303,ORD006303,2026-04-20,80.83,Debit Card,Completed
PAY006304,ORD006304,2026-01-20,47.35,Credit Card,Completed
PAY006305,ORD006305,2026-02-04,98.21,Google Pay,Failed
PAY006306,ORD006306,2026-05-14,66.28,Debit Card,Completed
PAY006307,ORD006307,2026-04-01,142.63,Credit Card,Completed
PAY006308,ORD006308,2026-08-08,106.92,PayPal,Pending
PAY006309,ORD006309,2026-07-22,38.14,Google Pay,Completed
PAY006310,ORD006310,2026-01-09,26.52,Apple Pay,Completed
PAY006311,ORD006311,2026-06-29,128.21,Apple Pay,Pending
PAY006312,ORD006312,2026-06-05,28.01,Apple Pay,Completed
PAY006313,ORD006313,2026-01-19,126.88,Credit Card,Completed
PAY006314,ORD006314,2026-04-13,50.23,Debit Card,Completed
PAY006315,ORD006315,2026-03-26,93.76,Google Pay,Failed
PAY006316,ORD006316,2026-03-04,39.31,Google Pay,Failed
PAY006317,ORD006317,2026-04-05,83.99,Google Pay,Completed
PAY006318,ORD006318,2026-05-15,135.64,Google Pay,Pending
PAY006319,ORD006319,2026-02-06,44.47,PayPal,Completed
PAY006320,ORD006320,2026-03-30,32.48,Google Pay,Completed
PAY006321,ORD006321,2026-04-02,34.64,PayPal,Failed
PAY006322,ORD006322,2026-02-05,11.68,Debit Card,Completed
PAY006323,ORD006323,2026-01-17,33.49,Apple Pay,Pending
PAY006324,ORD006324,2026-03-31,142.93,PayPal,Completed
PAY006325,ORD006325,2026-04-02,18.42,Apple Pay,Completed
PAY006326,ORD006326,2026-06-14,41.69,Apple Pay,Completed
PAY006327,ORD006327,2026-07-28,66.9,Credit Card,Completed
PAY006328,ORD006328,2026-07-07,65.82,PayPal,Completed
PAY006329,ORD006329,2026-02-18,33.76,Google Pay,Failed
PAY006330,ORD006330,2026-03-22,151.54,Credit Card,Pending
PAY006331,ORD006331,2026-08-13,102.87,Google Pay,Completed
PAY006332,ORD006332,2026-07-03,30.75,Apple Pay,Failed
PAY006333,ORD006333,2026-02-03,54.5,Credit Card,Completed
PAY006334,ORD006334,2026-08-03,39.89,Google Pay,Failed
PAY006335,ORD006335,2026-06-07,84.83,Google Pay,Failed
PAY006336,ORD006336,2026-06-04,170.1,Debit Card,Completed
PAY006337,ORD006337,2026-06-28,85.8,Credit Card,Completed
PAY006338,ORD006338,2026-05-17,186.6,Credit Card,Pending
PAY006339,ORD006339,2026-01-20,56.11,Apple Pay,Completed
PAY006340,ORD006340,2026-08-03,19.55,Apple Pay,Completed
PAY006341,ORD006341,2026-06-24,36.38,Credit Card,Pending
PAY006342,ORD006342,2026-05-27,100.74,Debit Card,Completed
PAY006343,ORD006343,2026-03-09,57.5,Debit Card,Failed
PAY006344,ORD006344,2026-03-18,65.47,Apple Pay,Completed
PAY006345,ORD006345,2026-04-12,44.36,PayPal,Failed
PAY006346,ORD006346,2026-05-20,41.08,Google Pay,Pending
PAY006347,ORD006347,2026-05-05,135.22,Apple Pay,Completed
PAY006348,ORD006348,2026-03-14,222.66,Debit Card,Failed
PAY006349,ORD006349,2026-07-26,43.4,Credit Card,Pending
PAY006350,ORD006350,2026-08-01,38.85,Debit Card,Completed
PAY006351,ORD006351,2026-03-20,110.41,Credit Card,Completed
PAY006352,ORD006352,2026-04-23,180.38,Apple Pay,Completed
PAY006353,ORD006353,2026-05-13,131.26,Google Pay,Completed
PAY006354,ORD006354,2026-07-16,235.49,Google Pay,Completed
PAY006355,ORD006355,2026-01-25,136.44,Apple Pay,Failed
PAY006356,ORD006356,2026-08-04,107.56,Google Pay,Failed
PAY006357,ORD006357,2026-04-11,146.82,Google Pay,Completed
PAY006358,ORD006358,2026-01-31,83.36,PayPal,Completed
PAY006359,ORD006359,2026-06-23,66.61,PayPal,Completed
PAY006360,ORD006360,2026-02-03,91.56,PayPal,Completed
PAY006361,ORD006361,2026-06-18,88.48,Credit Card,Completed
PAY006362,ORD006362,2026-07-25,38.41,PayPal,Completed
PAY006363,ORD006363,2026-08-07,88.79,Apple Pay,Completed
PAY006364,ORD006364,2026-03-09,69.02,PayPal,Completed
PAY006365,ORD006365,2026-08-03,86.85,Apple Pay,Pending
PAY006366,ORD006366,2026-05-02,62.85,PayPal,Completed
PAY006367,ORD006367,2026-06-15,81.9,Google Pay,Completed
PAY006368,ORD006368,2026-02-15,76.49,PayPal,Completed
PAY006369,ORD006369,2026-03-10,28.2,Apple Pay,Pending
PAY006370,ORD006370,2026-01-27,37.43,Apple Pay,Completed
PAY006371,ORD006371,2026-06-20,21.84,Apple Pay,Completed
PAY006372,ORD006372,2026-07-25,164.59,PayPal,Completed
PAY006373,ORD006373,2026-07-18,60.21,Credit Card,Completed
PAY006374,ORD006374,2026-02-14,76.45,Apple Pay,Failed
PAY006375,ORD006375,2026-01-18,60.21,Credit Card,Completed
PAY006376,ORD006376,2026-02-01,29.98,PayPal,Failed
PAY006377,ORD006377,2026-01-02,53.69,Credit Card,Pending
PAY006378,ORD006378,2026-06-18,60.84,Credit Card,Pending
PAY006379,ORD006379,2026-01-20,17.66,Apple Pay,Completed
PAY006380,ORD006380,2026-08-09,86.53,PayPal,Failed
PAY006381,ORD006381,2026-07-05,77.33,Apple Pay,Failed
PAY006382,ORD006382,2026-08-06,47.49,Google Pay,Completed
PAY006383,ORD006383,2026-02-07,168.29,Debit Card,Completed
PAY006384,ORD006384,2026-01-01,79.5,Credit Card,Completed
PAY006385,ORD006385,2026-07-16,113.64,PayPal,Completed
PAY006386,ORD006386,2026-07-01,79.52,Credit Card,Completed
PAY006387,ORD006387,2026-05-22,80.27,PayPal,Completed
PAY006388,ORD006388,2026-06-02,13.27,Apple Pay,Failed
PAY006389,ORD006389,2026-05-17,41.86,Debit Card,Completed
PAY006390,ORD006390,2026-08-10,56.26,Debit Card,Completed
PAY006391,ORD006391,2026-07-30,27.99,Debit Card,Completed
PAY006392,ORD006392,2026-07-08,50.77,Debit Card,Pending
PAY006393,ORD006393,2026-06-29,114.83,Credit Card,Completed
PAY006394,ORD006394,2026-05-16,60.83,PayPal,Completed
PAY006395,ORD006395,2026-01-16,24.07,Google Pay,Completed
PAY006396,ORD006396,2026-04-24,84.62,PayPal,Pending
PAY006397,ORD006397,2026-01-08,15.67,Credit Card,Completed
PAY006398,ORD006398,2026-01-23,91.33,Apple Pay,Completed
PAY006399,ORD006399,2026-03-14,41.87,Google Pay,Failed
PAY006400,ORD006400,2026-08-12,228.0,Google Pay,Failed
PAY006401,ORD006401,2026-02-03,21.86,Google Pay,Completed
PAY006402,ORD006402,2026-01-18,58.94,Credit Card,Failed
PAY006403,ORD006403,2026-04-19,27.76,Debit Card,Completed
PAY006404,ORD006404,2026-02-13,46.4,Debit Card,Failed
PAY006405,ORD006405,2026-05-23,275.46,Debit Card,Completed
PAY006406,ORD006406,2026-01-15,45.78,PayPal,Pending
PAY006407,ORD006407,2026-04-03,26.07,Debit Card,Completed
PAY006408,ORD006408,2026-05-07,93.69,Google Pay,Completed
PAY006409,ORD006409,2026-05-01,46.99,Debit Card,Failed
PAY006410,ORD006410,2026-01-23,46.89,Google Pay,Completed
PAY006411,ORD006411,2026-08-03,47.52,Google Pay,Completed
PAY006412,ORD006412,2026-07-12,47.67,PayPal,Failed
PAY006413,ORD006413,2026-08-02,135.81,Debit Card,Completed
PAY006414,ORD006414,2026-03-12,20.18,Apple Pay,Completed
PAY006415,ORD006415,2026-04-19,63.17,Debit Card,Completed
PAY006416,ORD006416,2026-02-01,72.62,Apple Pay,Pending
PAY006417,ORD006417,2026-08-08,67.27,PayPal,Completed
PAY006418,ORD006418,2026-04-24,27.6,Credit Card,Pending
PAY006419,ORD006419,2026-06-09,29.41,PayPal,Completed
PAY006420,ORD006420,2026-02-02,48.26,PayPal,Completed
PAY006421,ORD006421,2026-06-20,29.94,Apple Pay,Completed
PAY006422,ORD006422,2026-01-13,75.06,PayPal,Completed
PAY006423,ORD006423,2026-04-26,137.82,Google Pay,Failed
PAY006424,ORD006424,2026-08-08,62.95,PayPal,Failed
PAY006425,ORD006425,2026-05-17,48.51,PayPal,Completed
PAY006426,ORD006426,2026-07-09,13.52,Apple Pay,Completed
PAY006427,ORD006427,2026-07-04,74.23,PayPal,Completed
PAY006428,ORD006428,2026-06-25,34.65,PayPal,Completed
PAY006429,ORD006429,2026-06-20,47.92,Debit Card,Completed
PAY006430,ORD006430,2026-03-08,36.0,Google Pay,Completed
PAY006431,ORD006431,2026-07-28,51.9,Google Pay,Completed
PAY006432,ORD006432,2026-08-14,69.88,Google Pay,Completed
PAY006433,ORD006433,2026-02-01,80.02,PayPal,Completed
PAY006434,ORD006434,2026-03-14,125.87,Google Pay,Completed
PAY006435,ORD006435,2026-04-15,52.24,Debit Card,Failed
PAY006436,ORD006436,2026-07-07,51.62,Credit Card,Pending
PAY006437,ORD006437,2026-05-09,143.27,Credit Card,Completed
PAY006438,ORD006438,2026-07-04,111.7,Debit Card,Failed
PAY006439,ORD006439,2026-04-23,148.83,Credit Card,Completed
PAY006440,ORD006440,2026-04-16,116.38,Credit Card,Completed
PAY006441,ORD006441,2026-07-31,331.83,Apple Pay,Completed
PAY006442,ORD006442,2026-03-10,101.62,PayPal,Completed
PAY006443,ORD006443,2026-08-01,28.62,Apple Pay,Completed
PAY006444,ORD006444,2026-03-10,101.6,Apple Pay,Failed
PAY006445,ORD006445,2026-07-15,78.25,Debit Card,Pending
PAY006446,ORD006446,2026-03-02,46.55,Credit Card,Completed
PAY006447,ORD006447,2026-01-08,43.3,Debit Card,Completed
PAY006448,ORD006448,2026-08-05,53.49,Google Pay,Failed
PAY006449,ORD006449,2026-01-07,13.5,Apple Pay,Completed
PAY006450,ORD006450,2026-06-14,10.15,Credit Card,Failed
PAY006451,ORD006451,2026-06-19,63.82,PayPal,Completed
PAY006452,ORD006452,2026-06-09,42.66,Apple Pay,Completed
PAY006453,ORD006453,2026-05-25,41.02,Credit Card,Completed
PAY006454,ORD006454,2026-06-05,47.36,Google Pay,Pending
PAY006455,ORD006455,2026-03-11,20.58,Debit Card,Failed
PAY006456,ORD006456,2026-06-25,101.32,Credit Card,Pending
PAY006457,ORD006457,2026-02-23,48.9,Credit Card,Completed
PAY006458,ORD006458,2026-06-19,61.97,Apple Pay,Pending
PAY006459,ORD006459,2026-02-05,116.54,Credit Card,Completed
PAY006460,ORD006460,2026-03-07,47.42,Google Pay,Pending
PAY006461,ORD006461,2026-06-08,112.45,PayPal,Completed
PAY006462,ORD006462,2026-07-12,77.81,Google Pay,Pending
PAY006463,ORD006463,2026-01-03,111.96,Credit Card,Pending
PAY006464,ORD006464,2026-01-13,118.7,PayPal,Pending
PAY006465,ORD006465,2026-06-08,86.37,Google Pay,Completed
PAY006466,ORD006466,2026-01-29,56.69,PayPal,Failed
PAY006467,ORD006467,2026-02-26,85.5,Apple Pay,Completed
PAY006468,ORD006468,2026-06-10,29.02,Credit Card,Completed
PAY006469,ORD006469,2026-06-30,78.64,PayPal,Completed
PAY006470,ORD006470,2026-01-10,105.4,Debit Card,Failed
PAY006471,ORD006471,2026-03-04,30.9,Apple Pay,Failed
PAY006472,ORD006472,2026-03-14,148.46,Credit Card,Completed
PAY006473,ORD006473,2026-07-12,57.83,Apple Pay,Completed
PAY006474,ORD006474,2026-04-18,78.92,Debit Card,Completed
PAY006475,ORD006475,2026-04-11,26.0,Credit Card,Completed
PAY006476,ORD006476,2026-04-06,12.74,Apple Pay,Pending
PAY006477,ORD006477,2026-04-07,141.12,Apple Pay,Completed
PAY006478,ORD006478,2026-01-02,54.83,PayPal,Completed
PAY006479,ORD006479,2026-04-20,120.5,PayPal,Failed
PAY006480,ORD006480,2026-05-10,53.23,Apple Pay,Completed
PAY006481,ORD006481,2026-05-03,32.79,PayPal,Completed
PAY006482,ORD006482,2026-07-16,202.8,Credit Card,Completed
PAY006483,ORD006483,2026-07-21,57.31,PayPal,Completed
PAY006484,ORD006484,2026-04-26,65.34,Credit Card,Completed
PAY006485,ORD006485,2026-02-06,53.43,Credit Card,Failed
PAY006486,ORD006486,2026-05-10,22.22,Credit Card,Failed
PAY006487,ORD006487,2026-03-02,88.13,Credit Card,Pending
PAY006488,ORD006488,2026-02-09,81.02,Apple Pay,Completed
PAY006489,ORD006489,2026-07-10,112.84,Google Pay,Completed
PAY006490,ORD006490,2026-01-25,34.17,Google Pay,Pending
PAY006491,ORD006491,2026-05-03,20.0,Credit Card,Completed
PAY006492,ORD006492,2026-06-15,90.06,Google Pay,Completed
PAY006493,ORD006493,2026-02-06,150.59,Credit Card,Completed
PAY006494,ORD006494,2026-07-29,19.58,Google Pay,Completed
PAY006495,ORD006495,2026-01-27,22.71,Debit Card,Completed
PAY006496,ORD006496,2026-03-25,41.03,PayPal,Completed
PAY006497,ORD006497,2026-06-27,21.21,Google Pay,Completed
PAY006498,ORD006498,2026-06-11,45.83,Credit Card,Failed
PAY006499,ORD006499,2026-02-13,78.59,PayPal,Completed
PAY006500,ORD006500,2026-03-13,100.57,PayPal,Pending
PAY006501,ORD006501,2026-05-12,88.07,Apple Pay,Pending
PAY006502,ORD006502,2026-08-10,54.34,Apple Pay,Completed
PAY006503,ORD006503,2026-06-29,147.74,Google Pay,Completed
PAY006504,ORD006504,2026-02-24,15.87,Apple Pay,Completed
PAY006505,ORD006505,2026-03-14,28.81,Credit Card,Completed
PAY006506,ORD006506,2026-01-12,61.76,Apple Pay,Completed
PAY006507,ORD006507,2026-05-22,35.23,Debit Card,Completed
PAY006508,ORD006508,2026-06-12,54.76,Google Pay,Pending
PAY006509,ORD006509,2026-01-06,84.52,PayPal,Completed
PAY006510,ORD006510,2026-02-16,41.01,PayPal,Completed
PAY006511,ORD006511,2026-05-31,41.13,Debit Card,Completed
PAY006512,ORD006512,2026-04-25,50.2,Credit Card,Failed
PAY006513,ORD006513,2026-03-09,111.37,PayPal,Completed
PAY006514,ORD006514,2026-07-12,94.04,Debit Card,Completed
PAY006515,ORD006515,2026-02-28,105.97,Apple Pay,Completed
PAY006516,ORD006516,2026-05-17,67.07,Google Pay,Completed
PAY006517,ORD006517,2026-04-29,68.24,Debit Card,Completed
PAY006518,ORD006518,2026-07-05,136.39,Debit Card,Pending
PAY006519,ORD006519,2026-02-17,33.12,Apple Pay,Completed
PAY006520,ORD006520,2026-07-10,138.76,Credit Card,Completed
PAY006521,ORD006521,2026-01-09,68.06,Apple Pay,Completed
PAY006522,ORD006522,2026-06-21,62.45,Apple Pay,Completed
PAY006523,ORD006523,2026-02-15,42.33,PayPal,Pending
PAY006524,ORD006524,2026-05-23,140.82,Debit Card,Failed
PAY006525,ORD006525,2026-08-04,108.92,Debit Card,Pending
PAY006526,ORD006526,2026-06-30,23.4,Apple Pay,Completed
PAY006527,ORD006527,2026-06-25,75.73,Apple Pay,Failed
PAY006528,ORD006528,2026-03-13,36.37,Debit Card,Completed
PAY006529,ORD006529,2026-08-08,50.03,Debit Card,Completed
PAY006530,ORD006530,2026-05-08,20.96,Debit Card,Pending
PAY006531,ORD006531,2026-06-19,67.33,Credit Card,Completed
PAY006532,ORD006532,2026-04-20,69.74,Apple Pay,Completed
PAY006533,ORD006533,2026-05-25,72.92,Apple Pay,Completed
PAY006534,ORD006534,2026-02-04,45.43,PayPal,Failed
PAY006535,ORD006535,2026-06-08,49.73,PayPal,Completed
PAY006536,ORD006536,2026-05-12,16.16,Google Pay,Completed
PAY006537,ORD006537,2026-02-17,118.35,Debit Card,Completed
PAY006538,ORD006538,2026-05-22,17.44,Debit Card,Completed
PAY006539,ORD006539,2026-06-02,79.75,Google Pay,Pending
PAY006540,ORD006540,2026-02-15,51.51,Apple Pay,Failed
PAY006541,ORD006541,2026-02-17,90.14,Debit Card,Pending
PAY006542,ORD006542,2026-06-17,67.09,PayPal,Pending
PAY006543,ORD006543,2026-06-27,30.3,Credit Card,Completed
PAY006544,ORD006544,2026-01-07,89.64,Apple Pay,Completed
PAY006545,ORD006545,2026-04-05,58.53,Credit Card,Completed
PAY006546,ORD006546,2026-03-01,51.44,Credit Card,Completed
PAY006547,ORD006547,2026-02-04,70.82,Google Pay,Pending
PAY006548,ORD006548,2026-07-10,135.44,Credit Card,Pending
PAY006549,ORD006549,2026-05-28,47.01,Debit Card,Completed
PAY006550,ORD006550,2026-05-24,78.41,Google Pay,Failed
PAY006551,ORD006551,2026-05-30,69.97,PayPal,Pending
PAY006552,ORD006552,2026-06-13,44.76,Credit Card,Failed
PAY006553,ORD006553,2026-01-19,40.04,Debit Card,Completed
PAY006554,ORD006554,2026-05-10,29.77,Debit Card,Completed
PAY006555,ORD006555,2026-03-09,85.77,PayPal,Completed
PAY006556,ORD006556,2026-04-08,39.78,Google Pay,Failed
PAY006557,ORD006557,2026-01-07,24.86,Google Pay,Failed
PAY006558,ORD006558,2026-02-16,57.95,Google Pay,Completed
PAY006559,ORD006559,2026-06-26,119.78,PayPal,Failed
PAY006560,ORD006560,2026-07-25,136.56,PayPal,Completed
PAY006561,ORD006561,2026-02-12,8.19,PayPal,Completed
PAY006562,ORD006562,2026-02-01,65.78,Google Pay,Completed
PAY006563,ORD006563,2026-05-25,87.22,Credit Card,Completed
PAY006564,ORD006564,2026-05-08,84.25,PayPal,Completed
PAY006565,ORD006565,2026-04-29,56.87,PayPal,Completed
PAY006566,ORD006566,2026-01-14,185.71,Google Pay,Completed
PAY006567,ORD006567,2026-03-22,145.72,PayPal,Failed
PAY006568,ORD006568,2026-06-09,56.69,Credit Card,Completed
PAY006569,ORD006569,2026-07-07,45.12,Google Pay,Pending
PAY006570,ORD006570,2026-07-07,76.42,PayPal,Completed
PAY006571,ORD006571,2026-02-21,84.33,PayPal,Completed
PAY006572,ORD006572,2026-07-13,62.49,Apple Pay,Pending
PAY006573,ORD006573,2026-01-04,66.4,Apple Pay,Completed
PAY006574,ORD006574,2026-08-10,176.15,Debit Card,Failed
PAY006575,ORD006575,2026-08-10,179.48,Debit Card,Failed
PAY006576,ORD006576,2026-07-10,104.17,PayPal,Completed
PAY006577,ORD006577,2026-02-02,115.06,Apple Pay,Pending
PAY006578,ORD006578,2026-04-16,109.58,Debit Card,Completed
PAY006579,ORD006579,2026-05-09,52.48,Google Pay,Completed
PAY006580,ORD006580,2026-04-07,82.65,Apple Pay,Completed
PAY006581,ORD006581,2026-03-05,72.39,Credit Card,Completed
PAY006582,ORD006582,2026-05-08,142.75,Credit Card,Failed
PAY006583,ORD006583,2026-08-11,74.03,Credit Card,Pending
PAY006584,ORD006584,2026-02-06,110.08,Credit Card,Completed
PAY006585,ORD006585,2026-07-25,55.44,Apple Pay,Completed
PAY006586,ORD006586,2026-05-06,98.05,Google Pay,Pending
PAY006587,ORD006587,2026-03-11,72.99,Credit Card,Completed
PAY006588,ORD006588,2026-05-15,35.64,Google Pay,Completed
PAY006589,ORD006589,2026-04-14,100.2,Debit Card,Pending
PAY006590,ORD006590,2026-06-01,124.9,Debit Card,Completed
PAY006591,ORD006591,2026-04-24,19.02,PayPal,Completed
PAY006592,ORD006592,2026-07-15,17.83,Apple Pay,Pending
PAY006593,ORD006593,2026-02-24,71.21,Credit Card,Completed
PAY006594,ORD006594,2026-05-01,79.54,Google Pay,Completed
PAY006595,ORD006595,2026-08-05,31.96,Google Pay,Completed
PAY006596,ORD006596,2026-05-03,73.78,Apple Pay,Failed
PAY006597,ORD006597,2026-01-03,56.46,Debit Card,Completed
PAY006598,ORD006598,2026-04-02,14.5,Apple Pay,Completed
PAY006599,ORD006599,2026-05-31,68.44,Google Pay,Failed
PAY006600,ORD006600,2026-06-13,30.56,Apple Pay,Completed
PAY006601,ORD006601,2026-07-04,90.09,Debit Card,Pending
PAY006602,ORD006602,2026-04-29,42.4,Debit Card,Completed
PAY006603,ORD006603,2026-06-25,77.25,Credit Card,Completed
PAY006604,ORD006604,2026-05-21,137.2,Credit Card,Completed
PAY006605,ORD006605,2026-03-02,45.03,Credit Card,Pending
PAY006606,ORD006606,2026-08-02,55.13,Debit Card,Failed
PAY006607,ORD006607,2026-08-05,144.65,Google Pay,Completed
PAY006608,ORD006608,2026-06-01,89.68,Credit Card,Completed
PAY006609,ORD006609,2026-06-20,57.11,Apple Pay,Completed
PAY006610,ORD006610,2026-04-11,168.87,Google Pay,Failed
PAY006611,ORD006611,2026-04-26,52.05,PayPal,Completed
PAY006612,ORD006612,2026-02-02,51.42,Credit Card,Pending
PAY006613,ORD006613,2026-03-19,32.1,PayPal,Completed
PAY006614,ORD006614,2026-01-24,89.3,Credit Card,Completed
PAY006615,ORD006615,2026-05-30,29.18,Google Pay,Completed
PAY006616,ORD006616,2026-02-21,154.74,PayPal,Pending
PAY006617,ORD006617,2026-04-11,40.57,Debit Card,Failed
PAY006618,ORD006618,2026-04-26,83.09,Credit Card,Failed
PAY006619,ORD006619,2026-05-03,62.14,Apple Pay,Failed
PAY006620,ORD006620,2026-08-03,86.54,PayPal,Completed
PAY006621,ORD006621,2026-01-06,79.99,Apple Pay,Pending
PAY006622,ORD006622,2026-05-27,64.37,PayPal,Failed
PAY006623,ORD006623,2026-03-17,46.76,Google Pay,Completed
PAY006624,ORD006624,2026-03-31,72.36,Apple Pay,Completed
PAY006625,ORD006625,2026-06-06,144.66,Credit Card,Pending
PAY006626,ORD006626,2026-05-03,48.77,Debit Card,Failed
PAY006627,ORD006627,2026-03-05,27.54,Google Pay,Failed
PAY006628,ORD006628,2026-05-22,95.13,PayPal,Completed
PAY006629,ORD006629,2026-03-22,72.39,Credit Card,Completed
PAY006630,ORD006630,2026-06-07,155.45,PayPal,Completed
PAY006631,ORD006631,2026-03-12,88.45,Apple Pay,Completed
PAY006632,ORD006632,2026-05-29,144.31,Apple Pay,Completed
PAY006633,ORD006633,2026-03-06,202.88,Debit Card,Completed
PAY006634,ORD006634,2026-04-23,49.55,Apple Pay,Completed
PAY006635,ORD006635,2026-04-12,56.1,Google Pay,Failed
PAY006636,ORD006636,2026-01-04,130.87,PayPal,Failed
PAY006637,ORD006637,2026-06-23,63.81,PayPal,Completed
PAY006638,ORD006638,2026-05-16,45.52,Google Pay,Failed
PAY006639,ORD006639,2026-05-26,50.05,Apple Pay,Completed
PAY006640,ORD006640,2026-03-01,39.0,Apple Pay,Pending
PAY006641,ORD006641,2026-02-14,14.69,Google Pay,Completed
PAY006642,ORD006642,2026-03-13,95.06,Debit Card,Completed
PAY006643,ORD006643,2026-04-05,36.28,Credit Card,Completed
PAY006644,ORD006644,2026-01-31,21.78,Credit Card,Pending
PAY006645,ORD006645,2026-06-05,111.69,Apple Pay,Failed
PAY006646,ORD006646,2026-04-30,22.07,Credit Card,Failed
PAY006647,ORD006647,2026-03-05,132.91,Credit Card,Completed
PAY006648,ORD006648,2026-06-14,96.33,Credit Card,Completed
PAY006649,ORD006649,2026-03-08,82.49,Apple Pay,Completed
PAY006650,ORD006650,2026-04-19,26.42,PayPal,Failed
PAY006651,ORD006651,2026-07-26,16.79,Apple Pay,Completed
PAY006652,ORD006652,2026-03-09,36.41,Apple Pay,Completed
PAY006653,ORD006653,2026-02-04,10.2,Debit Card,Completed
PAY006654,ORD006654,2026-04-08,11.74,Debit Card,Completed
PAY006655,ORD006655,2026-02-05,109.77,Apple Pay,Pending
PAY006656,ORD006656,2026-07-04,246.72,Google Pay,Failed
PAY006657,ORD006657,2026-07-17,65.58,Google Pay,Completed
PAY006658,ORD006658,2026-05-12,61.73,Debit Card,Completed
PAY006659,ORD006659,2026-02-18,39.63,Debit Card,Pending
PAY006660,ORD006660,2026-08-10,113.04,PayPal,Pending
PAY006661,ORD006661,2026-06-16,20.45,Debit Card,Pending
PAY006662,ORD006662,2026-01-18,68.98,Credit Card,Pending
PAY006663,ORD006663,2026-03-01,218.86,Apple Pay,Pending
PAY006664,ORD006664,2026-03-27,67.68,Apple Pay,Completed
PAY006665,ORD006665,2026-05-18,49.27,Apple Pay,Failed
PAY006666,ORD006666,2026-04-23,176.49,PayPal,Completed
PAY006667,ORD006667,2026-08-09,229.45,PayPal,Pending
PAY006668,ORD006668,2026-01-23,172.78,Credit Card,Completed
PAY006669,ORD006669,2026-03-09,56.89,Apple Pay,Completed
PAY006670,ORD006670,2026-02-28,109.13,Credit Card,Completed
PAY006671,ORD006671,2026-07-30,174.99,Debit Card,Completed
PAY006672,ORD006672,2026-03-31,42.72,Apple Pay,Completed
PAY006673,ORD006673,2026-01-07,32.57,Credit Card,Pending
PAY006674,ORD006674,2026-01-13,81.12,PayPal,Completed
PAY006675,ORD006675,2026-05-11,29.62,PayPal,Pending
PAY006676,ORD006676,2026-06-17,26.15,PayPal,Completed
PAY006677,ORD006677,2026-01-11,40.86,Credit Card,Failed
PAY006678,ORD006678,2026-07-27,33.39,Credit Card,Failed
PAY006679,ORD006679,2026-07-31,30.52,Credit Card,Failed
PAY006680,ORD006680,2026-02-20,67.3,Google Pay,Completed
PAY006681,ORD006681,2026-08-03,73.68,Apple Pay,Pending
PAY006682,ORD006682,2026-05-31,23.03,Google Pay,Completed
PAY006683,ORD006683,2026-02-01,79.26,Google Pay,Completed
PAY006684,ORD006684,2026-06-18,68.67,Debit Card,Completed
PAY006685,ORD006685,2026-02-11,29.71,Debit Card,Completed
PAY006686,ORD006686,2026-06-15,61.52,PayPal,Completed
PAY006687,ORD006687,2026-07-14,72.88,Google Pay,Completed
PAY006688,ORD006688,2026-07-19,78.11,Debit Card,Completed
PAY006689,ORD006689,2026-04-12,112.57,Google Pay,Completed
PAY006690,ORD006690,2026-05-01,106.96,Apple Pay,Completed
PAY006691,ORD006691,2026-03-19,62.22,Google Pay,Completed
PAY006692,ORD006692,2026-03-13,32.34,PayPal,Completed
PAY006693,ORD006693,2026-07-22,43.29,Credit Card,Pending
PAY006694,ORD006694,2026-04-16,69.92,PayPal,Completed
PAY006695,ORD006695,2026-04-29,149.07,Google Pay,Completed
PAY006696,ORD006696,2026-06-19,12.09,Google Pay,Failed
PAY006697,ORD006697,2026-06-20,64.86,Credit Card,Failed
PAY006698,ORD006698,2026-02-02,54.47,PayPal,Completed
PAY006699,ORD006699,2026-03-20,73.26,PayPal,Failed
PAY006700,ORD006700,2026-06-14,23.06,Google Pay,Completed
PAY006701,ORD006701,2026-03-19,114.41,Apple Pay,Completed
PAY006702,ORD006702,2026-04-29,59.5,Debit Card,Failed
PAY006703,ORD006703,2026-08-06,50.15,Google Pay,Completed
PAY006704,ORD006704,2026-02-26,79.68,Google Pay,Completed
PAY006705,ORD006705,2026-07-11,75.73,Debit Card,Failed
PAY006706,ORD006706,2026-07-11,61.44,Credit Card,Failed
PAY006707,ORD006707,2026-07-07,41.09,Google Pay,Completed
PAY006708,ORD006708,2026-02-21,51.85,Apple Pay,Completed
PAY006709,ORD006709,2026-03-13,61.48,Credit Card,Completed
PAY006710,ORD006710,2026-03-09,215.99,Credit Card,Completed
PAY006711,ORD006711,2026-04-10,65.35,Credit Card,Pending
PAY006712,ORD006712,2026-03-23,96.2,Google Pay,Failed
PAY006713,ORD006713,2026-06-04,110.4,Credit Card,Completed
PAY006714,ORD006714,2026-02-28,61.36,PayPal,Pending
PAY006715,ORD006715,2026-01-19,157.4,Google Pay,Completed
PAY006716,ORD006716,2026-01-03,18.6,Google Pay,Completed
PAY006717,ORD006717,2026-07-20,75.09,Debit Card,Completed
PAY006718,ORD006718,2026-02-08,130.95,Credit Card,Completed
PAY006719,ORD006719,2026-03-07,86.57,Google Pay,Completed
PAY006720,ORD006720,2026-03-14,17.26,Apple Pay,Completed
PAY006721,ORD006721,2026-07-03,73.88,Apple Pay,Pending
PAY006722,ORD006722,2026-05-14,58.65,Google Pay,Completed
PAY006723,ORD006723,2026-01-28,63.31,Google Pay,Pending
PAY006724,ORD006724,2026-06-25,48.41,Apple Pay,Failed
PAY006725,ORD006725,2026-04-08,108.99,Apple Pay,Failed
PAY006726,ORD006726,2026-04-03,54.63,PayPal,Completed
PAY006727,ORD006727,2026-06-25,147.97,Apple Pay,Completed
PAY006728,ORD006728,2026-07-14,67.21,PayPal,Completed
PAY006729,ORD006729,2026-07-01,39.81,Google Pay,Completed
PAY006730,ORD006730,2026-05-06,233.27,Credit Card,Completed
PAY006731,ORD006731,2026-01-16,34.71,Credit Card,Failed
PAY006732,ORD006732,2026-02-04,47.73,Debit Card,Completed
PAY006733,ORD006733,2026-03-16,76.0,PayPal,Pending
PAY006734,ORD006734,2026-04-17,21.37,Apple Pay,Pending
PAY006735,ORD006735,2026-03-28,69.45,PayPal,Failed
PAY006736,ORD006736,2026-06-07,39.82,Debit Card,Completed
PAY006737,ORD006737,2026-06-25,294.18,Debit Card,Completed
PAY006738,ORD006738,2026-03-10,50.97,PayPal,Failed
PAY006739,ORD006739,2026-04-26,29.85,Apple Pay,Failed
PAY006740,ORD006740,2026-01-08,76.98,Google Pay,Pending
PAY006741,ORD006741,2026-04-17,64.96,Google Pay,Pending
PAY006742,ORD006742,2026-04-17,106.46,Google Pay,Completed
PAY006743,ORD006743,2026-04-24,32.98,Debit Card,Completed
PAY006744,ORD006744,2026-06-28,176.66,PayPal,Completed
PAY006745,ORD006745,2026-01-10,78.09,Debit Card,Completed
PAY006746,ORD006746,2026-01-28,36.23,Apple Pay,Pending
PAY006747,ORD006747,2026-06-13,65.5,Credit Card,Pending
PAY006748,ORD006748,2026-03-01,94.41,Debit Card,Completed
PAY006749,ORD006749,2026-01-10,85.38,Apple Pay,Pending
PAY006750,ORD006750,2026-05-22,25.82,Apple Pay,Failed
PAY006751,ORD006751,2026-04-12,15.58,Apple Pay,Failed
PAY006752,ORD006752,2026-03-04,23.27,Credit Card,Completed
PAY006753,ORD006753,2026-06-24,70.27,Google Pay,Completed
PAY006754,ORD006754,2026-07-16,78.7,PayPal,Failed
PAY006755,ORD006755,2026-02-25,9.34,Debit Card,Failed
PAY006756,ORD006756,2026-05-14,73.58,Credit Card,Completed
PAY006757,ORD006757,2026-08-10,35.92,Apple Pay,Completed
PAY006758,ORD006758,2026-05-27,25.74,Credit Card,Completed
PAY006759,ORD006759,2026-06-29,39.03,Debit Card,Failed
PAY006760,ORD006760,2026-07-09,62.75,PayPal,Failed
PAY006761,ORD006761,2026-05-08,56.54,Debit Card,Completed
PAY006762,ORD006762,2026-06-26,12.59,Credit Card,Failed
PAY006763,ORD006763,2026-03-19,166.59,Apple Pay,Pending
PAY006764,ORD006764,2026-05-19,94.86,Apple Pay,Completed
PAY006765,ORD006765,2026-02-15,67.11,Google Pay,Completed
PAY006766,ORD006766,2026-03-10,18.27,Google Pay,Completed
PAY006767,ORD006767,2026-02-14,33.89,PayPal,Completed
PAY006768,ORD006768,2026-04-05,57.59,PayPal,Failed
PAY006769,ORD006769,2026-04-18,103.74,Google Pay,Failed
PAY006770,ORD006770,2026-02-27,128.53,Google Pay,Completed
PAY006771,ORD006771,2026-06-09,347.81,Debit Card,Completed
PAY006772,ORD006772,2026-08-04,67.04,Debit Card,Completed
PAY006773,ORD006773,2026-04-25,38.19,Apple Pay,Completed
PAY006774,ORD006774,2026-01-10,102.03,Apple Pay,Completed
PAY006775,ORD006775,2026-05-21,30.19,Google Pay,Completed
PAY006776,ORD006776,2026-04-21,77.48,Debit Card,Completed
PAY006777,ORD006777,2026-01-13,271.36,Google Pay,Completed
PAY006778,ORD006778,2026-02-05,48.69,Google Pay,Failed
PAY006779,ORD006779,2026-03-27,38.77,PayPal,Failed
PAY006780,ORD006780,2026-05-08,22.82,Google Pay,Pending
PAY006781,ORD006781,2026-07-20,66.85,Apple Pay,Completed
PAY006782,ORD006782,2026-05-02,21.15,PayPal,Pending
PAY006783,ORD006783,2026-05-27,27.88,Debit Card,Pending
PAY006784,ORD006784,2026-04-28,23.5,Apple Pay,Completed
PAY006785,ORD006785,2026-05-15,125.89,Credit Card,Completed
PAY006786,ORD006786,2026-01-15,53.89,Debit Card,Pending
PAY006787,ORD006787,2026-03-22,156.75,Credit Card,Pending
PAY006788,ORD006788,2026-02-15,70.2,Apple Pay,Pending
PAY006789,ORD006789,2026-07-25,43.96,Debit Card,Pending
PAY006790,ORD006790,2026-02-17,93.09,Credit Card,Completed
PAY006791,ORD006791,2026-03-07,94.55,Credit Card,Completed
PAY006792,ORD006792,2026-07-25,139.63,Debit Card,Completed
PAY006793,ORD006793,2026-01-04,32.52,Google Pay,Completed
PAY006794,ORD006794,2026-01-03,61.02,Apple Pay,Completed
PAY006795,ORD006795,2026-01-03,26.81,Apple Pay,Pending
PAY006796,ORD006796,2026-07-22,71.54,PayPal,Failed
PAY006797,ORD006797,2026-03-10,9.13,Debit Card,Completed
PAY006798,ORD006798,2026-04-03,30.11,Apple Pay,Completed
PAY006799,ORD006799,2026-01-28,35.48,Credit Card,Pending
PAY006800,ORD006800,2026-01-23,59.52,Debit Card,Completed
PAY006801,ORD006801,2026-01-30,123.85,Credit Card,Completed
PAY006802,ORD006802,2026-03-03,17.82,Debit Card,Pending
PAY006803,ORD006803,2026-03-28,109.47,Credit Card,Failed
PAY006804,ORD006804,2026-02-20,76.37,Credit Card,Pending
PAY006805,ORD006805,2026-02-10,80.64,Debit Card,Failed
PAY006806,ORD006806,2026-08-02,49.67,PayPal,Failed
PAY006807,ORD006807,2026-03-05,99.89,Credit Card,Completed
PAY006808,ORD006808,2026-02-12,53.01,Debit Card,Completed
PAY006809,ORD006809,2026-07-23,32.33,Google Pay,Failed
PAY006810,ORD006810,2026-04-01,52.47,Google Pay,Completed
PAY006811,ORD006811,2026-02-27,65.3,PayPal,Pending
PAY006812,ORD006812,2026-02-28,29.2,Debit Card,Completed
PAY006813,ORD006813,2026-06-17,11.01,PayPal,Completed
PAY006814,ORD006814,2026-06-23,96.09,Credit Card,Pending
PAY006815,ORD006815,2026-03-03,35.57,Google Pay,Pending
PAY006816,ORD006816,2026-06-26,10.14,PayPal,Completed
PAY006817,ORD006817,2026-04-26,65.54,Credit Card,Completed
PAY006818,ORD006818,2026-07-26,53.85,Google Pay,Completed
PAY006819,ORD006819,2026-04-21,23.33,PayPal,Completed
PAY006820,ORD006820,2026-01-23,38.2,Credit Card,Completed
PAY006821,ORD006821,2026-06-21,118.77,Apple Pay,Completed
PAY006822,ORD006822,2026-06-21,20.08,Google Pay,Completed
PAY006823,ORD006823,2026-01-19,41.13,Credit Card,Completed
PAY006824,ORD006824,2026-06-21,81.8,Apple Pay,Completed
PAY006825,ORD006825,2026-01-11,20.66,PayPal,Failed
PAY006826,ORD006826,2026-03-01,216.77,Apple Pay,Completed
PAY006827,ORD006827,2026-06-15,110.21,Google Pay,Failed
PAY006828,ORD006828,2026-01-03,199.87,Debit Card,Completed
PAY006829,ORD006829,2026-05-24,59.39,PayPal,Pending
PAY006830,ORD006830,2026-08-12,174.98,Apple Pay,Completed
PAY006831,ORD006831,2026-01-09,66.02,Credit Card,Pending
PAY006832,ORD006832,2026-02-10,49.46,Debit Card,Pending
PAY006833,ORD006833,2026-02-07,27.4,Debit Card,Completed
PAY006834,ORD006834,2026-03-10,72.39,PayPal,Pending
PAY006835,ORD006835,2026-07-12,37.77,Apple Pay,Failed
PAY006836,ORD006836,2026-02-04,36.62,Google Pay,Completed
PAY006837,ORD006837,2026-05-07,66.44,Apple Pay,Completed
PAY006838,ORD006838,2026-06-12,204.2,Apple Pay,Completed
PAY006839,ORD006839,2026-07-23,151.49,PayPal,Completed
PAY006840,ORD006840,2026-08-01,106.95,PayPal,Failed
PAY006841,ORD006841,2026-02-17,58.44,Credit Card,Pending
PAY006842,ORD006842,2026-04-17,63.97,Google Pay,Completed
PAY006843,ORD006843,2026-01-08,167.84,PayPal,Completed
PAY006844,ORD006844,2026-01-27,85.83,Credit Card,Completed
PAY006845,ORD006845,2026-01-09,9.34,Debit Card,Completed
PAY006846,ORD006846,2026-08-08,334.81,Credit Card,Completed
PAY006847,ORD006847,2026-06-07,59.04,Google Pay,Completed
PAY006848,ORD006848,2026-01-14,62.57,Credit Card,Completed
PAY006849,ORD006849,2026-05-31,69.4,Credit Card,Completed
PAY006850,ORD006850,2026-01-29,63.15,PayPal,Failed
PAY006851,ORD006851,2026-01-26,52.42,Google Pay,Pending
PAY006852,ORD006852,2026-08-02,21.15,Credit Card,Completed
PAY006853,ORD006853,2026-05-23,24.97,Apple Pay,Failed
PAY006854,ORD006854,2026-04-25,200.38,Credit Card,Pending
PAY006855,ORD006855,2026-03-14,36.44,Debit Card,Failed
PAY006856,ORD006856,2026-08-06,130.78,Debit Card,Completed
PAY006857,ORD006857,2026-03-22,73.66,Credit Card,Completed
PAY006858,ORD006858,2026-07-20,11.92,Credit Card,Completed
PAY006859,ORD006859,2026-03-08,24.98,Apple Pay,Pending
PAY006860,ORD006860,2026-05-24,34.28,Credit Card,Completed
PAY006861,ORD006861,2026-05-21,99.6,PayPal,Completed
PAY006862,ORD006862,2026-03-31,50.52,Google Pay,Pending
PAY006863,ORD006863,2026-07-28,100.34,Apple Pay,Completed
PAY006864,ORD006864,2026-04-06,49.39,Credit Card,Completed
PAY006865,ORD006865,2026-06-01,93.29,PayPal,Completed
PAY006866,ORD006866,2026-04-28,28.61,Credit Card,Pending
PAY006867,ORD006867,2026-03-03,42.75,Apple Pay,Failed
PAY006868,ORD006868,2026-07-04,74.98,Apple Pay,Failed
PAY006869,ORD006869,2026-02-05,48.96,Debit Card,Completed
PAY006870,ORD006870,2026-07-07,61.49,Debit Card,Failed
PAY006871,ORD006871,2026-08-02,62.24,Credit Card,Completed
PAY006872,ORD006872,2026-05-04,104.31,Google Pay,Completed
PAY006873,ORD006873,2026-07-20,62.26,PayPal,Pending
PAY006874,ORD006874,2026-01-22,55.75,Debit Card,Completed
PAY006875,ORD006875,2026-04-15,76.0,Debit Card,Failed
PAY006876,ORD006876,2026-04-24,87.76,Google Pay,Failed
PAY006877,ORD006877,2026-04-20,65.61,Apple Pay,Failed
PAY006878,ORD006878,2026-07-31,27.96,Credit Card,Completed
PAY006879,ORD006879,2026-01-03,107.61,Credit Card,Completed
PAY006880,ORD006880,2026-06-13,94.51,PayPal,Pending
PAY006881,ORD006881,2026-04-07,47.91,Google Pay,Completed
PAY006882,ORD006882,2026-07-29,87.13,Google Pay,Failed
PAY006883,ORD006883,2026-02-05,228.7,Google Pay,Completed
PAY006884,ORD006884,2026-01-10,50.09,Apple Pay,Completed
PAY006885,ORD006885,2026-04-10,58.67,Google Pay,Completed
PAY006886,ORD006886,2026-01-21,72.54,Apple Pay,Failed
PAY006887,ORD006887,2026-08-05,466.23,Credit Card,Completed
PAY006888,ORD006888,2026-06-26,68.59,Apple Pay,Pending
PAY006889,ORD006889,2026-04-14,38.54,Credit Card,Completed
PAY006890,ORD006890,2026-04-25,24.35,PayPal,Completed
PAY006891,ORD006891,2026-05-17,47.41,Google Pay,Completed
PAY006892,ORD006892,2026-04-22,58.39,PayPal,Completed
PAY006893,ORD006893,2026-08-07,92.34,Google Pay,Failed
PAY006894,ORD006894,2026-04-30,61.03,PayPal,Completed
PAY006895,ORD006895,2026-03-20,62.91,Debit Card,Completed
PAY006896,ORD006896,2026-06-29,69.0,Debit Card,Completed
PAY006897,ORD006897,2026-04-06,67.38,Apple Pay,Pending
PAY006898,ORD006898,2026-06-25,142.01,PayPal,Failed
PAY006899,ORD006899,2026-07-07,31.22,Google Pay,Completed
PAY006900,ORD006900,2026-04-18,224.97,Credit Card,Completed
PAY006901,ORD006901,2026-04-29,156.91,Apple Pay,Completed
PAY006902,ORD006902,2026-06-27,122.9,Apple Pay,Pending
PAY006903,ORD006903,2026-06-16,33.43,Debit Card,Pending
PAY006904,ORD006904,2026-05-24,54.53,PayPal,Completed
PAY006905,ORD006905,2026-01-28,36.12,PayPal,Completed
PAY006906,ORD006906,2026-01-06,33.26,Apple Pay,Completed
PAY006907,ORD006907,2026-03-02,49.68,Debit Card,Completed
PAY006908,ORD006908,2026-01-06,54.8,Credit Card,Completed
PAY006909,ORD006909,2026-05-02,46.79,Debit Card,Completed
PAY006910,ORD006910,2026-07-13,61.63,PayPal,Failed
PAY006911,ORD006911,2026-04-15,107.74,Credit Card,Failed
PAY006912,ORD006912,2026-06-17,102.96,Apple Pay,Completed
PAY006913,ORD006913,2026-07-18,78.78,Credit Card,Failed
PAY006914,ORD006914,2026-08-07,57.01,Apple Pay,Failed
PAY006915,ORD006915,2026-03-03,45.79,Debit Card,Pending
PAY006916,ORD006916,2026-01-28,74.16,Credit Card,Completed
PAY006917,ORD006917,2026-03-21,120.31,Google Pay,Completed
PAY006918,ORD006918,2026-06-24,151.01,PayPal,Completed
PAY006919,ORD006919,2026-01-09,24.91,Apple Pay,Completed
PAY006920,ORD006920,2026-06-29,57.0,Credit Card,Pending
PAY006921,ORD006921,2026-01-15,32.41,Credit Card,Failed
PAY006922,ORD006922,2026-06-11,21.67,Google Pay,Pending
PAY006923,ORD006923,2026-01-20,134.83,Debit Card,Completed
PAY006924,ORD006924,2026-07-25,144.8,Google Pay,Completed
PAY006925,ORD006925,2026-03-01,52.58,Credit Card,Completed
PAY006926,ORD006926,2026-07-05,43.75,PayPal,Completed
PAY006927,ORD006927,2026-03-16,46.35,Credit Card,Completed
PAY006928,ORD006928,2026-04-04,17.57,Credit Card,Completed
PAY006929,ORD006929,2026-03-08,129.57,Credit Card,Pending
PAY006930,ORD006930,2026-01-02,43.08,Google Pay,Completed
PAY006931,ORD006931,2026-06-27,51.38,Google Pay,Completed
PAY006932,ORD006932,2026-05-22,74.38,Apple Pay,Completed
PAY006933,ORD006933,2026-07-03,14.41,Apple Pay,Completed
PAY006934,ORD006934,2026-08-09,61.08,Apple Pay,Completed
PAY006935,ORD006935,2026-07-16,66.15,Credit Card,Pending
PAY006936,ORD006936,2026-02-13,40.92,Apple Pay,Completed
PAY006937,ORD006937,2026-06-23,267.77,Apple Pay,Failed
PAY006938,ORD006938,2026-05-14,25.88,Debit Card,Completed
PAY006939,ORD006939,2026-05-16,84.2,Google Pay,Pending
PAY006940,ORD006940,2026-02-08,29.28,Apple Pay,Completed
PAY006941,ORD006941,2026-04-03,73.09,Google Pay,Completed
PAY006942,ORD006942,2026-02-13,27.85,PayPal,Pending
PAY006943,ORD006943,2026-01-27,116.44,Debit Card,Pending
PAY006944,ORD006944,2026-01-16,77.0,PayPal,Failed
PAY006945,ORD006945,2026-08-07,19.23,Google Pay,Completed
PAY006946,ORD006946,2026-02-08,66.59,Google Pay,Completed
PAY006947,ORD006947,2026-05-09,41.89,PayPal,Completed
PAY006948,ORD006948,2026-06-28,54.03,Apple Pay,Completed
PAY006949,ORD006949,2026-07-10,18.77,Debit Card,Completed
PAY006950,ORD006950,2026-02-02,160.54,Google Pay,Completed
PAY006951,ORD006951,2026-02-19,30.78,Credit Card,Pending
PAY006952,ORD006952,2026-04-13,51.07,Debit Card,Completed
PAY006953,ORD006953,2026-07-01,32.54,PayPal,Failed
PAY006954,ORD006954,2026-01-27,50.66,Google Pay,Pending
PAY006955,ORD006955,2026-07-28,55.77,Google Pay,Completed
PAY006956,ORD006956,2026-05-04,56.86,PayPal,Completed
PAY006957,ORD006957,2026-07-26,161.42,Credit Card,Completed
PAY006958,ORD006958,2026-03-27,56.2,Credit Card,Completed
PAY006959,ORD006959,2026-05-27,184.21,Google Pay,Completed
PAY006960,ORD006960,2026-01-28,22.39,Apple Pay,Completed
PAY006961,ORD006961,2026-05-31,138.86,Credit Card,Failed
PAY006962,ORD006962,2026-03-05,120.24,Credit Card,Failed
PAY006963,ORD006963,2026-06-16,129.8,Apple Pay,Completed
PAY006964,ORD006964,2026-02-18,268.95,Credit Card,Completed
PAY006965,ORD006965,2026-07-06,10.23,Apple Pay,Completed
PAY006966,ORD006966,2026-05-28,14.11,PayPal,Failed
PAY006967,ORD006967,2026-07-08,62.79,Debit Card,Pending
PAY006968,ORD006968,2026-04-21,13.94,Debit Card,Completed
PAY006969,ORD006969,2026-05-08,14.9,PayPal,Completed
PAY006970,ORD006970,2026-01-09,51.3,Credit Card,Pending
PAY006971,ORD006971,2026-01-23,42.73,Debit Card,Completed
PAY006972,ORD006972,2026-05-15,16.91,PayPal,Completed
PAY006973,ORD006973,2026-06-08,39.0,Debit Card,Pending
PAY006974,ORD006974,2026-03-01,101.93,Credit Card,Completed
PAY006975,ORD006975,2026-03-02,84.42,Apple Pay,Failed
PAY006976,ORD006976,2026-03-16,101.29,PayPal,Completed
PAY006977,ORD006977,2026-07-28,43.38,Debit Card,Failed
PAY006978,ORD006978,2026-06-03,139.91,Credit Card,Pending
PAY006979,ORD006979,2026-04-10,215.73,Debit Card,Failed
PAY006980,ORD006980,2026-07-29,69.1,Credit Card,Failed
PAY006981,ORD006981,2026-02-23,43.67,Credit Card,Pending
PAY006982,ORD006982,2026-01-31,58.78,Credit Card,Failed
PAY006983,ORD006983,2026-06-18,25.19,Credit Card,Pending
PAY006984,ORD006984,2026-01-28,47.37,PayPal,Completed
PAY006985,ORD006985,2026-03-31,92.69,Apple Pay,Completed
PAY006986,ORD006986,2026-01-06,77.28,PayPal,Failed
PAY006987,ORD006987,2026-02-03,85.33,Debit Card,Completed
PAY006988,ORD006988,2026-04-02,19.39,PayPal,Pending
PAY006989,ORD006989,2026-04-18,98.17,PayPal,Failed
PAY006990,ORD006990,2026-01-09,41.09,Debit Card,Pending
PAY006991,ORD006991,2026-04-03,51.56,Apple Pay,Completed
PAY006992,ORD006992,2026-04-08,36.24,PayPal,Completed
PAY006993,ORD006993,2026-01-12,173.76,Credit Card,Failed
PAY006994,ORD006994,2026-01-16,23.86,PayPal,Pending
PAY006995,ORD006995,2026-03-12,56.16,Debit Card,Completed
PAY006996,ORD006996,2026-06-08,23.96,Apple Pay,Failed
PAY006997,ORD006997,2026-06-10,118.65,PayPal,Failed
PAY006998,ORD006998,2026-05-15,66.03,PayPal,Completed
PAY006999,ORD006999,2026-01-03,27.95,Debit Card,Completed
PAY007000,ORD007000,2026-05-28,63.8,Google Pay,Pending
PAY007001,ORD007001,2026-01-05,33.81,Google Pay,Pending
PAY007002,ORD007002,2026-07-14,108.21,PayPal,Completed
PAY007003,ORD007003,2026-02-07,249.85,Credit Card,Completed
PAY007004,ORD007004,2026-03-20,23.81,PayPal,Failed
PAY007005,ORD007005,2026-04-09,160.86,Google Pay,Pending
PAY007006,ORD007006,2026-07-03,141.97,PayPal,Pending
PAY007007,ORD007007,2026-05-31,47.91,Credit Card,Completed
PAY007008,ORD007008,2026-08-13,99.41,Apple Pay,Completed
PAY007009,ORD007009,2026-01-02,71.62,PayPal,Failed
PAY007010,ORD007010,2026-04-10,58.56,Debit Card,Completed
PAY007011,ORD007011,2026-05-29,42.93,Credit Card,Completed
PAY007012,ORD007012,2026-07-25,98.55,PayPal,Pending
PAY007013,ORD007013,2026-05-22,41.74,Google Pay,Completed
PAY007014,ORD007014,2026-07-09,121.32,PayPal,Completed
PAY007015,ORD007015,2026-05-19,33.04,Google Pay,Failed
PAY007016,ORD007016,2026-05-12,260.51,Debit Card,Completed
PAY007017,ORD007017,2026-02-16,27.21,Apple Pay,Completed
PAY007018,ORD007018,2026-04-26,437.79,Google Pay,Completed
PAY007019,ORD007019,2026-04-04,47.14,PayPal,Completed
PAY007020,ORD007020,2026-04-10,104.02,Debit Card,Completed
PAY007021,ORD007021,2026-01-20,120.41,Credit Card,Completed
PAY007022,ORD007022,2026-06-29,68.52,PayPal,Completed
PAY007023,ORD007023,2026-01-16,132.57,Credit Card,Failed
PAY007024,ORD007024,2026-08-14,39.59,Google Pay,Pending
PAY007025,ORD007025,2026-06-22,25.53,Debit Card,Pending
PAY007026,ORD007026,2026-05-16,62.56,Apple Pay,Completed
PAY007027,ORD007027,2026-07-09,103.68,PayPal,Completed
PAY007028,ORD007028,2026-07-31,40.11,Debit Card,Completed
PAY007029,ORD007029,2026-05-29,73.73,Debit Card,Completed
PAY007030,ORD007030,2026-03-05,24.07,Apple Pay,Completed
PAY007031,ORD007031,2026-04-14,71.87,Google Pay,Completed
PAY007032,ORD007032,2026-06-07,44.63,Apple Pay,Failed
PAY007033,ORD007033,2026-06-13,68.64,Apple Pay,Failed
PAY007034,ORD007034,2026-05-13,65.51,Apple Pay,Completed
PAY007035,ORD007035,2026-08-01,31.2,Credit Card,Completed
PAY007036,ORD007036,2026-02-07,66.88,PayPal,Completed
PAY007037,ORD007037,2026-08-03,41.78,Apple Pay,Completed
PAY007038,ORD007038,2026-01-19,115.26,PayPal,Completed
PAY007039,ORD007039,2026-03-15,116.22,Apple Pay,Failed
PAY007040,ORD007040,2026-06-04,69.68,Google Pay,Completed
PAY007041,ORD007041,2026-05-21,64.53,Google Pay,Completed
PAY007042,ORD007042,2026-05-17,101.71,Apple Pay,Completed
PAY007043,ORD007043,2026-01-17,117.06,Debit Card,Completed
PAY007044,ORD007044,2026-04-05,179.17,PayPal,Failed
PAY007045,ORD007045,2026-06-21,50.78,Google Pay,Pending
PAY007046,ORD007046,2026-02-14,25.02,Credit Card,Failed
PAY007047,ORD007047,2026-03-29,118.29,Debit Card,Completed
PAY007048,ORD007048,2026-02-11,182.6,Google Pay,Completed
PAY007049,ORD007049,2026-02-20,63.41,Debit Card,Completed
PAY007050,ORD007050,2026-07-30,58.3,PayPal,Completed
PAY007051,ORD007051,2026-07-05,184.93,Debit Card,Completed
PAY007052,ORD007052,2026-04-23,28.36,Credit Card,Completed
PAY007053,ORD007053,2026-07-05,48.88,Debit Card,Pending
PAY007054,ORD007054,2026-06-07,38.67,Google Pay,Completed
PAY007055,ORD007055,2026-05-13,61.56,Credit Card,Completed
PAY007056,ORD007056,2026-01-08,124.63,PayPal,Completed
PAY007057,ORD007057,2026-02-06,25.26,Google Pay,Failed
PAY007058,ORD007058,2026-02-16,124.35,PayPal,Failed
PAY007059,ORD007059,2026-04-10,33.7,Apple Pay,Pending
PAY007060,ORD007060,2026-03-30,82.17,Google Pay,Completed
PAY007061,ORD007061,2026-06-22,12.23,Debit Card,Completed
PAY007062,ORD007062,2026-05-13,14.38,PayPal,Pending
PAY007063,ORD007063,2026-08-13,54.28,Debit Card,Failed
PAY007064,ORD007064,2026-07-10,146.57,Credit Card,Failed
PAY007065,ORD007065,2026-03-27,126.5,PayPal,Failed
PAY007066,ORD007066,2026-06-24,19.83,PayPal,Completed
PAY007067,ORD007067,2026-01-25,131.14,Credit Card,Failed
PAY007068,ORD007068,2026-05-06,87.21,Credit Card,Completed
PAY007069,ORD007069,2026-06-27,81.99,Credit Card,Pending
PAY007070,ORD007070,2026-08-09,298.96,Credit Card,Completed
PAY007071,ORD007071,2026-06-22,38.97,Apple Pay,Completed
PAY007072,ORD007072,2026-04-26,119.28,PayPal,Failed
PAY007073,ORD007073,2026-04-30,61.99,Apple Pay,Completed
PAY007074,ORD007074,2026-01-30,188.38,Apple Pay,Completed
PAY007075,ORD007075,2026-02-17,77.03,Debit Card,Failed
PAY007076,ORD007076,2026-06-28,41.95,PayPal,Failed
PAY007077,ORD007077,2026-04-04,38.16,PayPal,Completed
PAY007078,ORD007078,2026-02-24,71.01,PayPal,Completed
PAY007079,ORD007079,2026-07-02,34.66,PayPal,Completed
PAY007080,ORD007080,2026-02-15,7.87,Credit Card,Completed
PAY007081,ORD007081,2026-01-31,151.59,Google Pay,Failed
PAY007082,ORD007082,2026-06-11,133.26,Debit Card,Completed
PAY007083,ORD007083,2026-04-02,60.39,Debit Card,Completed
PAY007084,ORD007084,2026-03-15,99.23,Credit Card,Pending
PAY007085,ORD007085,2026-07-15,103.13,Apple Pay,Failed
PAY007086,ORD007086,2026-06-10,62.55,Google Pay,Failed
PAY007087,ORD007087,2026-02-25,17.79,Debit Card,Failed
PAY007088,ORD007088,2026-07-05,76.9,Apple Pay,Completed
PAY007089,ORD007089,2026-05-02,50.37,PayPal,Completed
PAY007090,ORD007090,2026-02-26,246.46,Google Pay,Completed
PAY007091,ORD007091,2026-01-17,95.72,Google Pay,Completed
PAY007092,ORD007092,2026-05-19,95.98,PayPal,Failed
PAY007093,ORD007093,2026-07-18,170.94,Debit Card,Completed
PAY007094,ORD007094,2026-07-28,65.22,Google Pay,Pending
PAY007095,ORD007095,2026-08-08,243.42,Credit Card,Completed
PAY007096,ORD007096,2026-01-17,29.48,Credit Card,Completed
PAY007097,ORD007097,2026-04-15,55.77,Credit Card,Completed
PAY007098,ORD007098,2026-05-18,154.16,Google Pay,Failed
PAY007099,ORD007099,2026-06-03,25.53,Debit Card,Completed
PAY007100,ORD007100,2026-05-14,47.14,Apple Pay,Completed
PAY007101,ORD007101,2026-03-22,84.76,Debit Card,Completed
PAY007102,ORD007102,2026-01-16,87.61,Apple Pay,Completed
PAY007103,ORD007103,2026-04-13,38.57,Google Pay,Completed
PAY007104,ORD007104,2026-03-31,167.32,PayPal,Failed
PAY007105,ORD007105,2026-01-04,30.01,Apple Pay,Completed
PAY007106,ORD007106,2026-03-03,70.42,Apple Pay,Completed
PAY007107,ORD007107,2026-07-31,38.05,Debit Card,Failed
PAY007108,ORD007108,2026-07-11,16.59,Google Pay,Completed
PAY007109,ORD007109,2026-02-25,37.01,Debit Card,Completed
PAY007110,ORD007110,2026-07-22,48.36,Google Pay,Completed
PAY007111,ORD007111,2026-05-31,24.36,Apple Pay,Completed
PAY007112,ORD007112,2026-02-02,143.89,PayPal,Completed
PAY007113,ORD007113,2026-01-31,68.01,Google Pay,Completed
PAY007114,ORD007114,2026-05-15,74.2,Apple Pay,Completed
PAY007115,ORD007115,2026-08-02,56.76,PayPal,Pending
PAY007116,ORD007116,2026-05-13,55.84,Debit Card,Failed
PAY007117,ORD007117,2026-06-14,89.91,Debit Card,Completed
PAY007118,ORD007118,2026-01-01,42.66,Google Pay,Completed
PAY007119,ORD007119,2026-07-17,12.38,Google Pay,Failed
PAY007120,ORD007120,2026-02-14,16.48,Google Pay,Completed
PAY007121,ORD007121,2026-02-16,75.09,Debit Card,Completed
PAY007122,ORD007122,2026-07-15,49.43,Google Pay,Completed
PAY007123,ORD007123,2026-08-10,387.27,Apple Pay,Completed
PAY007124,ORD007124,2026-01-30,113.44,Credit Card,Pending
PAY007125,ORD007125,2026-03-22,79.7,Credit Card,Pending
PAY007126,ORD007126,2026-07-07,19.37,Google Pay,Completed
PAY007127,ORD007127,2026-01-24,38.06,Apple Pay,Completed
PAY007128,ORD007128,2026-01-31,120.44,Apple Pay,Failed
PAY007129,ORD007129,2026-01-28,69.67,Apple Pay,Completed
PAY007130,ORD007130,2026-06-22,31.14,PayPal,Completed
PAY007131,ORD007131,2026-05-12,26.34,Apple Pay,Completed
PAY007132,ORD007132,2026-07-08,88.05,Debit Card,Pending
PAY007133,ORD007133,2026-02-08,38.68,Debit Card,Failed
PAY007134,ORD007134,2026-03-24,43.7,Apple Pay,Failed
PAY007135,ORD007135,2026-06-01,52.51,Credit Card,Failed
PAY007136,ORD007136,2026-03-12,159.18,PayPal,Completed
PAY007137,ORD007137,2026-06-23,51.09,Debit Card,Completed
PAY007138,ORD007138,2026-06-30,161.1,Debit Card,Completed
PAY007139,ORD007139,2026-06-25,45.97,Debit Card,Pending
PAY007140,ORD007140,2026-01-09,21.91,PayPal,Completed
PAY007141,ORD007141,2026-01-22,50.06,Apple Pay,Completed
PAY007142,ORD007142,2026-05-07,60.04,PayPal,Completed
PAY007143,ORD007143,2026-01-02,19.5,Apple Pay,Completed
PAY007144,ORD007144,2026-04-01,29.34,Google Pay,Completed
PAY007145,ORD007145,2026-01-16,90.15,Debit Card,Failed
PAY007146,ORD007146,2026-01-05,42.67,Credit Card,Pending
PAY007147,ORD007147,2026-05-20,108.86,PayPal,Completed
PAY007148,ORD007148,2026-06-29,22.74,PayPal,Failed
PAY007149,ORD007149,2026-06-03,33.43,Debit Card,Completed
PAY007150,ORD007150,2026-01-15,100.51,Debit Card,Completed
PAY007151,ORD007151,2026-03-08,65.2,Credit Card,Failed
PAY007152,ORD007152,2026-03-14,18.68,Credit Card,Completed
PAY007153,ORD007153,2026-07-06,72.58,Debit Card,Completed
PAY007154,ORD007154,2026-04-02,162.81,Apple Pay,Completed
PAY007155,ORD007155,2026-06-16,52.68,Debit Card,Completed
PAY007156,ORD007156,2026-03-04,40.7,Credit Card,Pending
PAY007157,ORD007157,2026-04-10,125.09,Debit Card,Completed
PAY007158,ORD007158,2026-01-25,40.39,Credit Card,Failed
PAY007159,ORD007159,2026-02-10,89.08,Google Pay,Completed
PAY007160,ORD007160,2026-01-28,49.19,Apple Pay,Completed
PAY007161,ORD007161,2026-04-21,28.7,Credit Card,Completed
PAY007162,ORD007162,2026-01-21,40.41,PayPal,Completed
PAY007163,ORD007163,2026-08-09,12.48,PayPal,Completed
PAY007164,ORD007164,2026-08-05,105.0,Apple Pay,Completed
PAY007165,ORD007165,2026-08-10,96.25,Apple Pay,Failed
PAY007166,ORD007166,2026-03-02,71.22,PayPal,Completed
PAY007167,ORD007167,2026-04-13,39.77,Google Pay,Completed
PAY007168,ORD007168,2026-07-04,104.21,Google Pay,Completed
PAY007169,ORD007169,2026-05-19,93.28,Credit Card,Completed
PAY007170,ORD007170,2026-05-27,104.7,Apple Pay,Completed
PAY007171,ORD007171,2026-03-16,79.23,PayPal,Pending
PAY007172,ORD007172,2026-08-05,51.14,Apple Pay,Completed
PAY007173,ORD007173,2026-01-01,51.59,PayPal,Completed
PAY007174,ORD007174,2026-06-09,14.74,PayPal,Completed
PAY007175,ORD007175,2026-08-01,25.57,Credit Card,Completed
PAY007176,ORD007176,2026-04-19,81.76,Apple Pay,Completed
PAY007177,ORD007177,2026-03-18,176.35,Google Pay,Pending
PAY007178,ORD007178,2026-06-11,107.62,Apple Pay,Pending
PAY007179,ORD007179,2026-01-17,50.72,PayPal,Completed
PAY007180,ORD007180,2026-07-02,34.01,Google Pay,Completed
PAY007181,ORD007181,2026-04-21,97.62,PayPal,Pending
PAY007182,ORD007182,2026-01-19,68.48,Apple Pay,Completed
PAY007183,ORD007183,2026-03-15,33.94,PayPal,Completed
PAY007184,ORD007184,2026-06-19,70.68,Debit Card,Completed
PAY007185,ORD007185,2026-02-28,102.47,Google Pay,Failed
PAY007186,ORD007186,2026-07-20,19.64,Credit Card,Completed
PAY007187,ORD007187,2026-04-25,56.11,Debit Card,Completed
PAY007188,ORD007188,2026-07-22,148.31,PayPal,Completed
PAY007189,ORD007189,2026-02-07,124.98,Apple Pay,Completed
PAY007190,ORD007190,2026-01-31,59.4,PayPal,Completed
PAY007191,ORD007191,2026-07-13,29.91,Credit Card,Failed
PAY007192,ORD007192,2026-08-04,22.34,Apple Pay,Failed
PAY007193,ORD007193,2026-04-16,112.3,Google Pay,Completed
PAY007194,ORD007194,2026-04-21,41.56,Google Pay,Failed
PAY007195,ORD007195,2026-07-16,93.81,PayPal,Pending
PAY007196,ORD007196,2026-02-19,135.72,Debit Card,Pending
PAY007197,ORD007197,2026-05-06,35.26,Apple Pay,Completed
PAY007198,ORD007198,2026-06-07,47.42,Debit Card,Completed
PAY007199,ORD007199,2026-04-13,135.01,PayPal,Failed
PAY007200,ORD007200,2026-06-12,52.68,Apple Pay,Pending
PAY007201,ORD007201,2026-02-28,90.28,Google Pay,Completed
PAY007202,ORD007202,2026-05-01,48.02,Google Pay,Failed
PAY007203,ORD007203,2026-05-25,26.82,PayPal,Completed
PAY007204,ORD007204,2026-04-05,86.55,Apple Pay,Pending
PAY007205,ORD007205,2026-07-13,174.46,PayPal,Failed
PAY007206,ORD007206,2026-07-27,80.41,Google Pay,Completed
PAY007207,ORD007207,2026-05-29,92.83,Credit Card,Completed
PAY007208,ORD007208,2026-04-04,93.86,Debit Card,Failed
PAY007209,ORD007209,2026-02-21,193.29,PayPal,Failed
PAY007210,ORD007210,2026-07-12,48.37,Credit Card,Completed
PAY007211,ORD007211,2026-05-22,12.77,Google Pay,Pending
PAY007212,ORD007212,2026-01-16,145.91,PayPal,Completed
PAY007213,ORD007213,2026-02-24,21.5,Google Pay,Completed
PAY007214,ORD007214,2026-05-17,43.07,Google Pay,Completed
PAY007215,ORD007215,2026-05-16,34.59,PayPal,Pending
PAY007216,ORD007216,2026-07-20,34.6,Credit Card,Failed
PAY007217,ORD007217,2026-06-11,114.17,PayPal,Completed
PAY007218,ORD007218,2026-04-19,98.42,Google Pay,Completed
PAY007219,ORD007219,2026-06-10,33.35,Apple Pay,Completed
PAY007220,ORD007220,2026-08-02,143.56,Google Pay,Completed
PAY007221,ORD007221,2026-04-04,50.73,PayPal,Failed
PAY007222,ORD007222,2026-01-07,223.26,Credit Card,Completed
PAY007223,ORD007223,2026-07-29,46.15,Google Pay,Completed
PAY007224,ORD007224,2026-05-29,44.18,Credit Card,Completed
PAY007225,ORD007225,2026-05-13,46.85,Credit Card,Completed
PAY007226,ORD007226,2026-07-18,32.07,Debit Card,Completed
PAY007227,ORD007227,2026-05-20,89.21,Credit Card,Completed
PAY007228,ORD007228,2026-07-06,37.44,Google Pay,Completed
PAY007229,ORD007229,2026-03-22,49.94,Google Pay,Completed
PAY007230,ORD007230,2026-07-05,84.27,PayPal,Completed
PAY007231,ORD007231,2026-03-29,241.6,PayPal,Completed
PAY007232,ORD007232,2026-06-14,37.77,Credit Card,Failed
PAY007233,ORD007233,2026-04-18,41.24,Apple Pay,Completed
PAY007234,ORD007234,2026-03-24,39.44,Google Pay,Completed
PAY007235,ORD007235,2026-02-14,82.79,Credit Card,Pending
PAY007236,ORD007236,2026-03-21,43.06,PayPal,Pending
PAY007237,ORD007237,2026-01-25,32.31,Google Pay,Pending
PAY007238,ORD007238,2026-01-27,64.83,Debit Card,Failed
PAY007239,ORD007239,2026-02-20,90.64,PayPal,Completed
PAY007240,ORD007240,2026-04-29,42.97,Debit Card,Completed
PAY007241,ORD007241,2026-06-19,64.62,Google Pay,Completed
PAY007242,ORD007242,2026-04-18,72.58,Apple Pay,Completed
PAY007243,ORD007243,2026-07-18,60.24,Credit Card,Pending
PAY007244,ORD007244,2026-06-19,75.58,Credit Card,Completed
PAY007245,ORD007245,2026-03-01,33.29,Apple Pay,Completed
PAY007246,ORD007246,2026-03-13,28.97,Credit Card,Completed
PAY007247,ORD007247,2026-07-26,34.35,Credit Card,Pending
PAY007248,ORD007248,2026-07-05,11.76,Debit Card,Failed
PAY007249,ORD007249,2026-03-21,26.28,Credit Card,Failed
PAY007250,ORD007250,2026-03-13,98.55,Debit Card,Pending
PAY007251,ORD007251,2026-04-06,96.15,Credit Card,Pending
PAY007252,ORD007252,2026-05-06,24.09,Credit Card,Pending
PAY007253,ORD007253,2026-07-28,18.28,PayPal,Completed
PAY007254,ORD007254,2026-05-30,61.36,Apple Pay,Completed
PAY007255,ORD007255,2026-04-06,87.31,PayPal,Completed
PAY007256,ORD007256,2026-07-05,34.79,Credit Card,Completed
PAY007257,ORD007257,2026-05-19,39.86,Debit Card,Completed
PAY007258,ORD007258,2026-04-19,103.97,Credit Card,Failed
PAY007259,ORD007259,2026-01-06,195.56,Google Pay,Completed
PAY007260,ORD007260,2026-01-22,39.9,Google Pay,Completed
PAY007261,ORD007261,2026-07-25,89.23,Google Pay,Completed
PAY007262,ORD007262,2026-08-08,58.79,Google Pay,Pending
PAY007263,ORD007263,2026-04-13,129.57,Credit Card,Pending
PAY007264,ORD007264,2026-01-12,27.32,Google Pay,Failed
PAY007265,ORD007265,2026-01-27,61.17,Apple Pay,Completed
PAY007266,ORD007266,2026-05-09,38.33,Credit Card,Completed
PAY007267,ORD007267,2026-07-11,57.67,PayPal,Failed
PAY007268,ORD007268,2026-07-21,111.7,Credit Card,Failed
PAY007269,ORD007269,2026-08-13,59.51,Debit Card,Completed
PAY007270,ORD007270,2026-03-21,35.38,Apple Pay,Pending
PAY007271,ORD007271,2026-06-16,114.07,Credit Card,Completed
PAY007272,ORD007272,2026-03-01,86.26,PayPal,Completed
PAY007273,ORD007273,2026-04-26,71.3,Debit Card,Failed
PAY007274,ORD007274,2026-03-11,26.0,Debit Card,Failed
PAY007275,ORD007275,2026-07-01,85.28,PayPal,Completed
PAY007276,ORD007276,2026-06-02,38.22,PayPal,Completed
PAY007277,ORD007277,2026-05-28,30.14,PayPal,Failed
PAY007278,ORD007278,2026-02-05,31.61,PayPal,Failed
PAY007279,ORD007279,2026-05-31,90.75,Google Pay,Completed
PAY007280,ORD007280,2026-07-27,83.26,Apple Pay,Failed
PAY007281,ORD007281,2026-05-09,60.98,PayPal,Pending
PAY007282,ORD007282,2026-08-10,13.35,Google Pay,Failed
PAY007283,ORD007283,2026-06-04,128.25,Credit Card,Completed
PAY007284,ORD007284,2026-02-21,109.39,Debit Card,Completed
PAY007285,ORD007285,2026-05-10,40.99,Credit Card,Failed
PAY007286,ORD007286,2026-05-29,156.47,Credit Card,Failed
PAY007287,ORD007287,2026-05-17,30.35,Google Pay,Failed
PAY007288,ORD007288,2026-04-21,64.33,Google Pay,Completed
PAY007289,ORD007289,2026-03-29,64.99,PayPal,Failed
PAY007290,ORD007290,2026-02-17,71.18,PayPal,Failed
PAY007291,ORD007291,2026-04-15,22.77,Google Pay,Completed
PAY007292,ORD007292,2026-06-16,20.11,Apple Pay,Completed
PAY007293,ORD007293,2026-02-11,56.57,PayPal,Completed
PAY007294,ORD007294,2026-07-18,32.67,Credit Card,Pending
PAY007295,ORD007295,2026-04-04,76.1,PayPal,Completed
PAY007296,ORD007296,2026-02-14,65.94,PayPal,Pending
PAY007297,ORD007297,2026-05-10,152.82,Apple Pay,Completed
PAY007298,ORD007298,2026-07-23,149.9,Google Pay,Completed
PAY007299,ORD007299,2026-07-24,62.54,Apple Pay,Pending
PAY007300,ORD007300,2026-07-14,171.37,PayPal,Pending
PAY007301,ORD007301,2026-06-20,69.82,Apple Pay,Completed
PAY007302,ORD007302,2026-04-14,58.59,PayPal,Completed
PAY007303,ORD007303,2026-04-17,199.33,Apple Pay,Completed
PAY007304,ORD007304,2026-05-26,31.04,Debit Card,Pending
PAY007305,ORD007305,2026-02-08,20.39,Debit Card,Completed
PAY007306,ORD007306,2026-05-14,51.28,PayPal,Completed
PAY007307,ORD007307,2026-06-19,68.71,Apple Pay,Completed
PAY007308,ORD007308,2026-06-29,93.66,PayPal,Pending
PAY007309,ORD007309,2026-01-27,27.19,Apple Pay,Pending
PAY007310,ORD007310,2026-07-26,54.01,Google Pay,Completed
PAY007311,ORD007311,2026-05-23,25.68,Apple Pay,Completed
PAY007312,ORD007312,2026-01-19,49.36,Apple Pay,Completed
PAY007313,ORD007313,2026-07-09,154.06,PayPal,Completed
PAY007314,ORD007314,2026-03-05,66.83,Apple Pay,Pending
PAY007315,ORD007315,2026-02-20,31.0,PayPal,Completed
PAY007316,ORD007316,2026-06-24,15.23,PayPal,Pending
PAY007317,ORD007317,2026-02-26,46.59,Credit Card,Pending
PAY007318,ORD007318,2026-01-20,59.48,PayPal,Completed
PAY007319,ORD007319,2026-01-20,60.5,Apple Pay,Completed
PAY007320,ORD007320,2026-03-23,23.91,Debit Card,Pending
PAY007321,ORD007321,2026-07-11,68.9,Google Pay,Completed
PAY007322,ORD007322,2026-08-14,17.2,Apple Pay,Failed
PAY007323,ORD007323,2026-04-11,65.6,Apple Pay,Completed
PAY007324,ORD007324,2026-02-07,54.16,Apple Pay,Completed
PAY007325,ORD007325,2026-02-07,95.81,Credit Card,Completed
PAY007326,ORD007326,2026-03-06,130.62,Debit Card,Completed
PAY007327,ORD007327,2026-03-17,11.77,Apple Pay,Completed
PAY007328,ORD007328,2026-05-13,96.22,PayPal,Pending
PAY007329,ORD007329,2026-07-11,126.62,Debit Card,Pending
PAY007330,ORD007330,2026-05-03,97.55,Debit Card,Completed
PAY007331,ORD007331,2026-05-05,41.31,Apple Pay,Completed
PAY007332,ORD007332,2026-01-27,129.94,PayPal,Pending
PAY007333,ORD007333,2026-04-13,40.76,Debit Card,Pending
PAY007334,ORD007334,2026-01-20,28.25,Google Pay,Completed
PAY007335,ORD007335,2026-03-01,59.57,PayPal,Completed
PAY007336,ORD007336,2026-06-17,55.56,Debit Card,Completed
PAY007337,ORD007337,2026-03-24,111.15,Debit Card,Completed
PAY007338,ORD007338,2026-07-26,37.45,PayPal,Completed
PAY007339,ORD007339,2026-01-06,66.37,Credit Card,Failed
PAY007340,ORD007340,2026-07-20,27.04,PayPal,Pending
PAY007341,ORD007341,2026-06-13,153.71,Google Pay,Completed
PAY007342,ORD007342,2026-04-22,90.99,Credit Card,Completed
PAY007343,ORD007343,2026-08-03,12.31,Apple Pay,Failed
PAY007344,ORD007344,2026-07-21,138.92,Credit Card,Completed
PAY007345,ORD007345,2026-07-12,67.61,Google Pay,Failed
PAY007346,ORD007346,2026-05-19,64.22,Google Pay,Completed
PAY007347,ORD007347,2026-06-26,212.01,Google Pay,Completed
PAY007348,ORD007348,2026-04-24,19.21,Debit Card,Failed
PAY007349,ORD007349,2026-03-25,81.75,Credit Card,Completed
PAY007350,ORD007350,2026-06-05,47.05,Google Pay,Completed
PAY007351,ORD007351,2026-01-22,31.81,Credit Card,Pending
PAY007352,ORD007352,2026-03-25,154.59,Credit Card,Pending
PAY007353,ORD007353,2026-02-16,32.67,Apple Pay,Pending
PAY007354,ORD007354,2026-04-12,39.88,Apple Pay,Pending
PAY007355,ORD007355,2026-03-21,74.29,Apple Pay,Completed
PAY007356,ORD007356,2026-07-13,139.41,Debit Card,Completed
PAY007357,ORD007357,2026-01-25,48.18,Debit Card,Pending
PAY007358,ORD007358,2026-04-01,106.39,Apple Pay,Completed
PAY007359,ORD007359,2026-03-08,196.23,Google Pay,Completed
PAY007360,ORD007360,2026-08-03,208.72,PayPal,Pending
PAY007361,ORD007361,2026-06-09,143.67,Debit Card,Failed
PAY007362,ORD007362,2026-05-25,143.6,PayPal,Completed
PAY007363,ORD007363,2026-02-09,120.07,Debit Card,Completed
PAY007364,ORD007364,2026-07-31,23.82,Credit Card,Completed
PAY007365,ORD007365,2026-01-30,80.37,Google Pay,Completed
PAY007366,ORD007366,2026-02-28,81.81,Debit Card,Completed
PAY007367,ORD007367,2026-01-28,90.39,Credit Card,Completed
PAY007368,ORD007368,2026-02-16,32.79,Google Pay,Pending
PAY007369,ORD007369,2026-04-27,90.56,Debit Card,Completed
PAY007370,ORD007370,2026-05-31,123.57,Google Pay,Completed
PAY007371,ORD007371,2026-03-24,73.54,Debit Card,Pending
PAY007372,ORD007372,2026-02-26,28.68,Apple Pay,Completed
PAY007373,ORD007373,2026-08-05,39.9,Debit Card,Completed
PAY007374,ORD007374,2026-08-04,80.08,Debit Card,Completed
PAY007375,ORD007375,2026-05-09,66.93,Credit Card,Completed
PAY007376,ORD007376,2026-08-08,22.17,Apple Pay,Failed
PAY007377,ORD007377,2026-01-29,76.23,PayPal,Completed
PAY007378,ORD007378,2026-06-27,27.98,Google Pay,Pending
PAY007379,ORD007379,2026-03-05,29.66,PayPal,Failed
PAY007380,ORD007380,2026-04-09,27.53,PayPal,Pending
PAY007381,ORD007381,2026-07-28,21.41,Apple Pay,Completed
PAY007382,ORD007382,2026-07-22,13.52,Apple Pay,Completed
PAY007383,ORD007383,2026-02-06,23.31,Apple Pay,Failed
PAY007384,ORD007384,2026-07-08,66.95,Credit Card,Completed
PAY007385,ORD007385,2026-05-08,70.23,Credit Card,Completed
PAY007386,ORD007386,2026-05-15,47.93,Google Pay,Failed
PAY007387,ORD007387,2026-03-31,48.04,Apple Pay,Pending
PAY007388,ORD007388,2026-03-28,62.57,PayPal,Failed
PAY007389,ORD007389,2026-03-05,38.27,Google Pay,Failed
PAY007390,ORD007390,2026-01-18,36.12,Credit Card,Failed
PAY007391,ORD007391,2026-01-29,72.65,Debit Card,Pending
PAY007392,ORD007392,2026-04-24,132.32,Debit Card,Completed
PAY007393,ORD007393,2026-08-14,33.12,Google Pay,Completed
PAY007394,ORD007394,2026-03-01,64.08,Credit Card,Completed
PAY007395,ORD007395,2026-02-23,30.78,Google Pay,Pending
PAY007396,ORD007396,2026-03-13,82.02,Credit Card,Failed
PAY007397,ORD007397,2026-05-29,349.18,Apple Pay,Failed
PAY007398,ORD007398,2026-05-29,91.11,Debit Card,Completed
PAY007399,ORD007399,2026-02-27,79.27,PayPal,Completed
PAY007400,ORD007400,2026-06-26,81.82,Apple Pay,Completed
PAY007401,ORD007401,2026-02-05,66.98,PayPal,Failed
PAY007402,ORD007402,2026-05-25,49.16,Google Pay,Completed
PAY007403,ORD007403,2026-03-21,24.08,Debit Card,Completed
PAY007404,ORD007404,2026-06-30,60.38,PayPal,Completed
PAY007405,ORD007405,2026-01-15,56.91,Google Pay,Completed
PAY007406,ORD007406,2026-07-26,55.23,Credit Card,Completed
PAY007407,ORD007407,2026-02-09,71.08,Apple Pay,Completed
PAY007408,ORD007408,2026-03-22,88.95,Credit Card,Failed
PAY007409,ORD007409,2026-02-20,80.5,Apple Pay,Pending
PAY007410,ORD007410,2026-07-12,49.96,Debit Card,Failed
PAY007411,ORD007411,2026-05-21,80.48,PayPal,Completed
PAY007412,ORD007412,2026-06-15,34.62,Credit Card,Failed
PAY007413,ORD007413,2026-07-21,19.5,Credit Card,Completed
PAY007414,ORD007414,2026-04-07,41.83,PayPal,Completed
PAY007415,ORD007415,2026-06-03,60.59,PayPal,Pending
PAY007416,ORD007416,2026-07-23,18.04,Google Pay,Failed
PAY007417,ORD007417,2026-07-30,64.69,Apple Pay,Failed
PAY007418,ORD007418,2026-05-23,68.29,Google Pay,Pending
PAY007419,ORD007419,2026-04-27,107.34,Credit Card,Completed
PAY007420,ORD007420,2026-05-13,77.38,PayPal,Pending
PAY007421,ORD007421,2026-01-02,23.94,Debit Card,Pending
PAY007422,ORD007422,2026-04-25,74.52,Credit Card,Pending
PAY007423,ORD007423,2026-03-19,61.64,Credit Card,Completed
PAY007424,ORD007424,2026-04-03,80.9,Apple Pay,Pending
PAY007425,ORD007425,2026-07-12,126.6,Google Pay,Failed
PAY007426,ORD007426,2026-03-18,36.89,Apple Pay,Failed
PAY007427,ORD007427,2026-03-01,48.93,Credit Card,Completed
PAY007428,ORD007428,2026-04-06,59.41,PayPal,Completed
PAY007429,ORD007429,2026-04-08,43.69,Debit Card,Completed
PAY007430,ORD007430,2026-02-25,15.52,Apple Pay,Completed
PAY007431,ORD007431,2026-04-28,109.8,Credit Card,Completed
PAY007432,ORD007432,2026-07-25,13.82,Google Pay,Completed
PAY007433,ORD007433,2026-04-29,74.07,Apple Pay,Pending
PAY007434,ORD007434,2026-02-07,24.62,Credit Card,Completed
PAY007435,ORD007435,2026-07-04,29.76,Google Pay,Completed
PAY007436,ORD007436,2026-04-12,93.29,Google Pay,Completed
PAY007437,ORD007437,2026-02-20,144.66,Debit Card,Completed
PAY007438,ORD007438,2026-06-18,75.47,PayPal,Pending
PAY007439,ORD007439,2026-07-26,50.11,Debit Card,Completed
PAY007440,ORD007440,2026-05-07,53.7,Google Pay,Failed
PAY007441,ORD007441,2026-04-13,146.1,Apple Pay,Completed
PAY007442,ORD007442,2026-07-17,137.56,PayPal,Pending
PAY007443,ORD007443,2026-08-09,85.83,Google Pay,Failed
PAY007444,ORD007444,2026-07-30,138.09,PayPal,Completed
PAY007445,ORD007445,2026-06-29,43.49,Apple Pay,Failed
PAY007446,ORD007446,2026-05-09,98.23,Credit Card,Completed
PAY007447,ORD007447,2026-03-26,24.66,Credit Card,Completed
PAY007448,ORD007448,2026-04-13,42.46,Google Pay,Failed
PAY007449,ORD007449,2026-01-18,45.84,Google Pay,Completed
PAY007450,ORD007450,2026-01-27,135.42,Debit Card,Failed
PAY007451,ORD007451,2026-04-02,52.13,Google Pay,Completed
PAY007452,ORD007452,2026-03-13,117.52,Credit Card,Pending
PAY007453,ORD007453,2026-04-05,40.38,Credit Card,Completed
PAY007454,ORD007454,2026-03-17,101.85,Debit Card,Completed
PAY007455,ORD007455,2026-06-19,88.0,Apple Pay,Completed
PAY007456,ORD007456,2026-01-06,12.87,PayPal,Completed
PAY007457,ORD007457,2026-03-31,121.61,Credit Card,Pending
PAY007458,ORD007458,2026-03-21,41.41,PayPal,Completed
PAY007459,ORD007459,2026-08-10,25.47,Google Pay,Completed
PAY007460,ORD007460,2026-03-24,32.64,Google Pay,Completed
PAY007461,ORD007461,2026-03-23,40.82,Apple Pay,Completed
PAY007462,ORD007462,2026-06-01,33.59,PayPal,Failed
PAY007463,ORD007463,2026-02-14,32.52,Credit Card,Completed
PAY007464,ORD007464,2026-07-31,50.78,Debit Card,Failed
PAY007465,ORD007465,2026-03-12,81.53,Credit Card,Completed
PAY007466,ORD007466,2026-01-07,135.62,PayPal,Completed
PAY007467,ORD007467,2026-05-24,185.06,PayPal,Failed
PAY007468,ORD007468,2026-05-06,284.39,Credit Card,Completed
PAY007469,ORD007469,2026-02-27,75.01,Credit Card,Failed
PAY007470,ORD007470,2026-02-26,54.35,Apple Pay,Completed
PAY007471,ORD007471,2026-06-19,99.81,Google Pay,Completed
PAY007472,ORD007472,2026-04-21,27.1,Apple Pay,Pending
PAY007473,ORD007473,2026-05-22,51.43,Credit Card,Completed
PAY007474,ORD007474,2026-02-25,79.8,Credit Card,Completed
PAY007475,ORD007475,2026-01-12,31.35,Debit Card,Completed
PAY007476,ORD007476,2026-04-03,120.24,Google Pay,Completed
PAY007477,ORD007477,2026-01-15,83.83,Debit Card,Failed
PAY007478,ORD007478,2026-01-08,46.49,Google Pay,Completed
PAY007479,ORD007479,2026-07-05,80.13,Google Pay,Completed
PAY007480,ORD007480,2026-02-22,51.79,PayPal,Pending
PAY007481,ORD007481,2026-05-17,17.8,Google Pay,Completed
PAY007482,ORD007482,2026-06-23,130.13,Credit Card,Completed
PAY007483,ORD007483,2026-04-02,57.53,Google Pay,Pending
PAY007484,ORD007484,2026-08-07,73.74,Apple Pay,Completed
PAY007485,ORD007485,2026-01-07,95.12,PayPal,Completed
PAY007486,ORD007486,2026-02-13,16.91,Debit Card,Completed
PAY007487,ORD007487,2026-01-14,54.94,Google Pay,Completed
PAY007488,ORD007488,2026-03-16,36.55,Debit Card,Failed
PAY007489,ORD007489,2026-08-12,160.46,Credit Card,Failed
PAY007490,ORD007490,2026-04-25,58.27,Debit Card,Completed
PAY007491,ORD007491,2026-04-02,54.46,Google Pay,Pending
PAY007492,ORD007492,2026-05-14,45.2,Debit Card,Completed
PAY007493,ORD007493,2026-06-12,180.72,Credit Card,Failed
PAY007494,ORD007494,2026-07-17,36.51,Google Pay,Completed
PAY007495,ORD007495,2026-07-08,29.55,Debit Card,Completed
PAY007496,ORD007496,2026-06-01,33.96,Debit Card,Completed
PAY007497,ORD007497,2026-03-14,38.84,Credit Card,Completed
PAY007498,ORD007498,2026-05-10,58.7,Apple Pay,Pending
PAY007499,ORD007499,2026-07-25,97.53,Apple Pay,Completed
PAY007500,ORD007500,2026-06-28,33.93,PayPal,Completed
PAY007501,ORD007501,2026-01-31,169.66,Credit Card,Completed
PAY007502,ORD007502,2026-05-06,75.14,Apple Pay,Failed
PAY007503,ORD007503,2026-08-10,21.98,Debit Card,Failed
PAY007504,ORD007504,2026-04-29,15.73,Credit Card,Completed
PAY007505,ORD007505,2026-01-27,61.08,Debit Card,Pending
PAY007506,ORD007506,2026-04-20,37.7,Debit Card,Pending
PAY007507,ORD007507,2026-06-08,32.55,PayPal,Completed
PAY007508,ORD007508,2026-04-16,39.37,PayPal,Completed
PAY007509,ORD007509,2026-07-17,39.63,Google Pay,Completed
PAY007510,ORD007510,2026-06-20,71.73,Credit Card,Completed
PAY007511,ORD007511,2026-04-30,83.44,Apple Pay,Completed
PAY007512,ORD007512,2026-03-23,56.3,PayPal,Pending
PAY007513,ORD007513,2026-02-21,70.63,Credit Card,Completed
PAY007514,ORD007514,2026-01-14,29.97,PayPal,Completed
PAY007515,ORD007515,2026-07-06,47.7,Apple Pay,Completed
PAY007516,ORD007516,2026-01-20,68.65,PayPal,Completed
PAY007517,ORD007517,2026-04-28,61.4,Google Pay,Completed
PAY007518,ORD007518,2026-02-21,102.11,Credit Card,Completed
PAY007519,ORD007519,2026-07-22,63.54,Credit Card,Completed
PAY007520,ORD007520,2026-04-11,14.43,Debit Card,Failed
PAY007521,ORD007521,2026-02-09,40.18,Google Pay,Completed
PAY007522,ORD007522,2026-03-09,183.69,PayPal,Completed
PAY007523,ORD007523,2026-02-13,38.98,Debit Card,Completed
PAY007524,ORD007524,2026-05-14,51.77,PayPal,Completed
PAY007525,ORD007525,2026-03-28,13.42,Google Pay,Completed
PAY007526,ORD007526,2026-04-30,28.78,Debit Card,Completed
PAY007527,ORD007527,2026-02-26,36.43,Apple Pay,Completed
PAY007528,ORD007528,2026-07-05,231.65,Credit Card,Pending
PAY007529,ORD007529,2026-03-13,60.11,Google Pay,Completed
PAY007530,ORD007530,2026-06-07,53.41,Google Pay,Completed
PAY007531,ORD007531,2026-02-21,47.87,PayPal,Completed
PAY007532,ORD007532,2026-01-11,24.11,Apple Pay,Pending
PAY007533,ORD007533,2026-06-24,126.84,Apple Pay,Pending
PAY007534,ORD007534,2026-01-05,17.74,Google Pay,Completed
PAY007535,ORD007535,2026-05-11,54.54,Google Pay,Completed
PAY007536,ORD007536,2026-05-23,13.47,Credit Card,Completed
PAY007537,ORD007537,2026-05-10,39.93,Apple Pay,Failed
PAY007538,ORD007538,2026-01-02,11.86,Google Pay,Completed
PAY007539,ORD007539,2026-07-19,34.32,Credit Card,Completed
PAY007540,ORD007540,2026-07-01,113.16,PayPal,Completed
PAY007541,ORD007541,2026-06-23,21.53,Apple Pay,Pending
PAY007542,ORD007542,2026-04-04,39.51,Debit Card,Completed
PAY007543,ORD007543,2026-05-07,111.39,Debit Card,Completed
PAY007544,ORD007544,2026-05-06,274.84,Google Pay,Failed
PAY007545,ORD007545,2026-02-10,70.96,Google Pay,Pending
PAY007546,ORD007546,2026-07-16,43.27,Credit Card,Completed
PAY007547,ORD007547,2026-01-30,48.34,Google Pay,Pending
PAY007548,ORD007548,2026-02-13,36.88,Google Pay,Completed
PAY007549,ORD007549,2026-01-10,51.35,Credit Card,Failed
PAY007550,ORD007550,2026-08-13,479.2,Debit Card,Completed
PAY007551,ORD007551,2026-08-04,117.37,Credit Card,Completed
PAY007552,ORD007552,2026-07-30,91.37,Apple Pay,Failed
PAY007553,ORD007553,2026-01-30,77.6,Apple Pay,Failed
PAY007554,ORD007554,2026-08-05,65.19,Google Pay,Completed
PAY007555,ORD007555,2026-03-16,65.97,Google Pay,Completed
PAY007556,ORD007556,2026-02-18,189.17,Debit Card,Pending
PAY007557,ORD007557,2026-06-12,66.71,Debit Card,Completed
PAY007558,ORD007558,2026-07-12,51.72,PayPal,Failed
PAY007559,ORD007559,2026-05-25,29.05,Apple Pay,Pending
PAY007560,ORD007560,2026-06-08,66.48,Apple Pay,Failed
PAY007561,ORD007561,2026-03-11,39.57,PayPal,Failed
PAY007562,ORD007562,2026-07-24,53.48,PayPal,Completed
PAY007563,ORD007563,2026-06-29,30.83,Apple Pay,Pending
PAY007564,ORD007564,2026-01-26,63.11,Google Pay,Pending
PAY007565,ORD007565,2026-04-10,38.06,Apple Pay,Completed
PAY007566,ORD007566,2026-05-13,24.8,PayPal,Pending
PAY007567,ORD007567,2026-04-21,146.01,Debit Card,Completed
PAY007568,ORD007568,2026-01-14,21.84,Credit Card,Failed
PAY007569,ORD007569,2026-02-20,34.88,Debit Card,Completed
PAY007570,ORD007570,2026-01-15,78.64,Debit Card,Pending
PAY007571,ORD007571,2026-05-08,121.51,PayPal,Completed
PAY007572,ORD007572,2026-05-20,59.12,Apple Pay,Pending
PAY007573,ORD007573,2026-02-15,55.36,PayPal,Completed
PAY007574,ORD007574,2026-07-11,24.08,PayPal,Pending
PAY007575,ORD007575,2026-03-13,37.23,Google Pay,Completed
PAY007576,ORD007576,2026-07-06,18.45,Google Pay,Completed
PAY007577,ORD007577,2026-04-05,53.47,Credit Card,Pending
PAY007578,ORD007578,2026-06-03,84.45,Google Pay,Completed
PAY007579,ORD007579,2026-01-29,79.15,Credit Card,Pending
PAY007580,ORD007580,2026-05-12,17.48,Debit Card,Completed
PAY007581,ORD007581,2026-06-27,93.05,Debit Card,Completed
PAY007582,ORD007582,2026-08-08,148.73,PayPal,Completed
PAY007583,ORD007583,2026-01-25,46.35,Debit Card,Failed
PAY007584,ORD007584,2026-06-17,181.85,Google Pay,Pending
PAY007585,ORD007585,2026-02-01,43.96,Google Pay,Pending
PAY007586,ORD007586,2026-04-10,20.41,Google Pay,Completed
PAY007587,ORD007587,2026-07-22,54.34,Apple Pay,Completed
PAY007588,ORD007588,2026-02-06,48.88,Google Pay,Completed
PAY007589,ORD007589,2026-05-06,126.42,PayPal,Completed
PAY007590,ORD007590,2026-05-18,30.02,PayPal,Completed
PAY007591,ORD007591,2026-06-15,79.6,Debit Card,Completed
PAY007592,ORD007592,2026-07-08,18.08,Credit Card,Completed
PAY007593,ORD007593,2026-04-10,41.15,Apple Pay,Failed
PAY007594,ORD007594,2026-01-27,46.25,Credit Card,Completed
PAY007595,ORD007595,2026-07-28,42.37,Apple Pay,Completed
PAY007596,ORD007596,2026-05-15,20.18,PayPal,Completed
PAY007597,ORD007597,2026-07-20,41.21,PayPal,Completed
PAY007598,ORD007598,2026-04-09,61.62,Apple Pay,Completed
PAY007599,ORD007599,2026-05-17,127.02,Debit Card,Failed
PAY007600,ORD007600,2026-07-06,35.31,Google Pay,Failed
PAY007601,ORD007601,2026-02-05,29.56,Google Pay,Completed
PAY007602,ORD007602,2026-04-28,294.35,Credit Card,Pending
PAY007603,ORD007603,2026-06-07,13.6,PayPal,Completed
PAY007604,ORD007604,2026-08-11,35.36,Google Pay,Completed
PAY007605,ORD007605,2026-01-19,28.79,PayPal,Failed
PAY007606,ORD007606,2026-06-18,18.61,PayPal,Completed
PAY007607,ORD007607,2026-02-24,56.57,PayPal,Failed
PAY007608,ORD007608,2026-08-03,129.5,Google Pay,Completed
PAY007609,ORD007609,2026-03-25,125.06,Google Pay,Failed
PAY007610,ORD007610,2026-01-06,90.08,Google Pay,Completed
PAY007611,ORD007611,2026-05-03,138.82,Apple Pay,Completed
PAY007612,ORD007612,2026-04-17,51.05,Google Pay,Pending
PAY007613,ORD007613,2026-03-29,60.43,PayPal,Pending
PAY007614,ORD007614,2026-05-30,71.51,PayPal,Completed
PAY007615,ORD007615,2026-07-17,146.72,Credit Card,Completed
PAY007616,ORD007616,2026-06-01,45.49,Debit Card,Completed
PAY007617,ORD007617,2026-03-03,139.59,Apple Pay,Failed
PAY007618,ORD007618,2026-06-19,182.23,Credit Card,Failed
PAY007619,ORD007619,2026-05-30,75.15,Apple Pay,Completed
PAY007620,ORD007620,2026-07-29,106.39,Apple Pay,Failed
PAY007621,ORD007621,2026-05-24,26.42,PayPal,Pending
PAY007622,ORD007622,2026-05-21,89.92,PayPal,Pending
PAY007623,ORD007623,2026-04-30,89.69,PayPal,Failed
PAY007624,ORD007624,2026-02-06,72.29,PayPal,Completed
PAY007625,ORD007625,2026-06-29,111.14,Credit Card,Failed
PAY007626,ORD007626,2026-06-01,67.73,Debit Card,Completed
PAY007627,ORD007627,2026-05-05,47.82,Debit Card,Pending
PAY007628,ORD007628,2026-07-30,55.61,Credit Card,Completed
PAY007629,ORD007629,2026-07-31,56.82,Debit Card,Completed
PAY007630,ORD007630,2026-08-07,59.94,Google Pay,Pending
PAY007631,ORD007631,2026-01-17,46.66,Google Pay,Completed
PAY007632,ORD007632,2026-01-16,45.3,Google Pay,Failed
PAY007633,ORD007633,2026-05-09,94.39,PayPal,Pending
PAY007634,ORD007634,2026-03-26,62.4,Google Pay,Pending
PAY007635,ORD007635,2026-05-05,26.79,Apple Pay,Completed
PAY007636,ORD007636,2026-08-07,89.49,Apple Pay,Completed
PAY007637,ORD007637,2026-01-01,32.03,Credit Card,Failed
PAY007638,ORD007638,2026-01-30,225.86,Apple Pay,Completed
PAY007639,ORD007639,2026-07-31,29.75,Credit Card,Completed
PAY007640,ORD007640,2026-01-24,232.42,Debit Card,Completed
PAY007641,ORD007641,2026-02-15,83.05,Apple Pay,Pending
PAY007642,ORD007642,2026-01-02,44.88,Apple Pay,Completed
PAY007643,ORD007643,2026-05-23,34.87,Credit Card,Pending
PAY007644,ORD007644,2026-01-29,91.27,Apple Pay,Failed
PAY007645,ORD007645,2026-04-09,46.74,Credit Card,Completed
PAY007646,ORD007646,2026-03-03,36.15,Apple Pay,Failed
PAY007647,ORD007647,2026-01-13,38.96,PayPal,Completed
PAY007648,ORD007648,2026-07-30,59.29,Debit Card,Completed
PAY007649,ORD007649,2026-03-06,63.52,Apple Pay,Pending
PAY007650,ORD007650,2026-02-14,140.78,Debit Card,Completed
PAY007651,ORD007651,2026-02-16,51.09,Apple Pay,Completed
PAY007652,ORD007652,2026-01-16,90.06,Apple Pay,Failed
PAY007653,ORD007653,2026-05-06,44.66,PayPal,Pending
PAY007654,ORD007654,2026-04-17,31.77,Google Pay,Completed
PAY007655,ORD007655,2026-01-03,36.64,Google Pay,Completed
PAY007656,ORD007656,2026-04-14,6.63,Debit Card,Completed
PAY007657,ORD007657,2026-07-17,61.37,Debit Card,Completed
PAY007658,ORD007658,2026-04-05,44.63,PayPal,Failed
PAY007659,ORD007659,2026-05-13,51.47,Credit Card,Completed
PAY007660,ORD007660,2026-06-03,40.92,Debit Card,Completed
PAY007661,ORD007661,2026-04-02,62.28,Google Pay,Completed
PAY007662,ORD007662,2026-01-15,157.2,PayPal,Completed
PAY007663,ORD007663,2026-07-20,95.27,Credit Card,Completed
PAY007664,ORD007664,2026-07-02,32.71,PayPal,Completed
PAY007665,ORD007665,2026-05-30,169.1,Google Pay,Completed
PAY007666,ORD007666,2026-02-06,337.01,PayPal,Completed
PAY007667,ORD007667,2026-08-01,58.87,Apple Pay,Pending
PAY007668,ORD007668,2026-06-06,56.26,Google Pay,Completed
PAY007669,ORD007669,2026-06-03,107.85,Credit Card,Pending
PAY007670,ORD007670,2026-03-11,95.61,PayPal,Failed
PAY007671,ORD007671,2026-05-19,44.9,Google Pay,Completed
PAY007672,ORD007672,2026-04-10,42.31,Google Pay,Completed
PAY007673,ORD007673,2026-05-28,44.27,Credit Card,Completed
PAY007674,ORD007674,2026-03-25,145.41,Google Pay,Completed
PAY007675,ORD007675,2026-04-01,47.24,Credit Card,Completed
PAY007676,ORD007676,2026-07-17,60.25,Google Pay,Completed
PAY007677,ORD007677,2026-02-02,120.77,PayPal,Pending
PAY007678,ORD007678,2026-05-01,146.37,Credit Card,Failed
PAY007679,ORD007679,2026-01-30,32.01,Credit Card,Pending
PAY007680,ORD007680,2026-06-27,25.47,Google Pay,Pending
PAY007681,ORD007681,2026-02-03,76.46,Apple Pay,Pending
PAY007682,ORD007682,2026-05-13,64.6,Credit Card,Completed
PAY007683,ORD007683,2026-07-27,102.88,Apple Pay,Failed
PAY007684,ORD007684,2026-05-20,22.1,Debit Card,Completed
PAY007685,ORD007685,2026-03-17,47.82,PayPal,Completed
PAY007686,ORD007686,2026-03-16,70.01,Apple Pay,Completed
PAY007687,ORD007687,2026-02-21,30.45,PayPal,Failed
PAY007688,ORD007688,2026-02-20,85.2,Credit Card,Completed
PAY007689,ORD007689,2026-05-29,140.35,PayPal,Failed
PAY007690,ORD007690,2026-07-18,30.83,Apple Pay,Completed
PAY007691,ORD007691,2026-02-27,105.33,Credit Card,Failed
PAY007692,ORD007692,2026-04-08,55.74,Apple Pay,Completed
PAY007693,ORD007693,2026-05-05,39.34,Credit Card,Completed
PAY007694,ORD007694,2026-07-11,43.82,Apple Pay,Completed
PAY007695,ORD007695,2026-04-03,114.5,Credit Card,Completed
PAY007696,ORD007696,2026-05-14,44.86,Apple Pay,Pending
PAY007697,ORD007697,2026-08-14,46.11,Debit Card,Failed
PAY007698,ORD007698,2026-06-26,123.37,Apple Pay,Pending
PAY007699,ORD007699,2026-07-19,105.36,Apple Pay,Pending
PAY007700,ORD007700,2026-02-06,43.75,Debit Card,Completed
PAY007701,ORD007701,2026-05-18,221.17,PayPal,Completed
PAY007702,ORD007702,2026-07-27,111.81,Credit Card,Completed
PAY007703,ORD007703,2026-07-13,177.69,Apple Pay,Failed
PAY007704,ORD007704,2026-02-25,208.68,PayPal,Failed
PAY007705,ORD007705,2026-03-24,40.51,Google Pay,Completed
PAY007706,ORD007706,2026-03-12,37.51,PayPal,Completed
PAY007707,ORD007707,2026-03-07,16.91,Google Pay,Completed
PAY007708,ORD007708,2026-02-14,169.53,Credit Card,Pending
PAY007709,ORD007709,2026-03-28,19.12,Google Pay,Failed
PAY007710,ORD007710,2026-04-05,73.14,Debit Card,Pending
PAY007711,ORD007711,2026-07-15,27.01,Debit Card,Failed
PAY007712,ORD007712,2026-07-11,55.62,PayPal,Completed
PAY007713,ORD007713,2026-05-24,59.69,Debit Card,Pending
PAY007714,ORD007714,2026-01-10,212.24,Debit Card,Pending
PAY007715,ORD007715,2026-05-29,94.66,PayPal,Completed
PAY007716,ORD007716,2026-08-08,471.31,Apple Pay,Failed
PAY007717,ORD007717,2026-05-20,69.71,Credit Card,Failed
PAY007718,ORD007718,2026-01-13,74.47,Google Pay,Completed
PAY007719,ORD007719,2026-03-22,28.16,PayPal,Completed
PAY007720,ORD007720,2026-07-29,37.6,Debit Card,Pending
PAY007721,ORD007721,2026-04-27,22.02,Google Pay,Completed
PAY007722,ORD007722,2026-05-18,58.34,Apple Pay,Failed
PAY007723,ORD007723,2026-05-02,34.86,Credit Card,Completed
PAY007724,ORD007724,2026-08-08,45.57,Credit Card,Pending
PAY007725,ORD007725,2026-05-21,24.56,Debit Card,Completed
PAY007726,ORD007726,2026-06-11,34.79,Apple Pay,Completed
PAY007727,ORD007727,2026-02-28,61.37,Credit Card,Pending
PAY007728,ORD007728,2026-05-08,15.02,Google Pay,Pending
PAY007729,ORD007729,2026-02-18,215.37,Google Pay,Completed
PAY007730,ORD007730,2026-01-06,156.23,Debit Card,Completed
PAY007731,ORD007731,2026-01-12,306.7,Apple Pay,Failed
PAY007732,ORD007732,2026-01-29,30.31,Google Pay,Completed
PAY007733,ORD007733,2026-03-18,42.61,Credit Card,Pending
PAY007734,ORD007734,2026-05-04,256.46,Google Pay,Completed
PAY007735,ORD007735,2026-01-26,207.8,Credit Card,Completed
PAY007736,ORD007736,2026-03-09,43.54,Apple Pay,Pending
PAY007737,ORD007737,2026-07-26,26.68,Debit Card,Completed
PAY007738,ORD007738,2026-01-16,221.84,Debit Card,Completed
PAY007739,ORD007739,2026-02-22,36.64,Debit Card,Completed
PAY007740,ORD007740,2026-05-27,95.0,PayPal,Completed
PAY007741,ORD007741,2026-06-24,92.01,Debit Card,Completed
PAY007742,ORD007742,2026-08-06,48.29,Debit Card,Completed
PAY007743,ORD007743,2026-06-09,24.72,Credit Card,Completed
PAY007744,ORD007744,2026-03-11,128.82,Apple Pay,Failed
PAY007745,ORD007745,2026-07-17,23.64,Apple Pay,Completed
PAY007746,ORD007746,2026-07-08,21.1,Google Pay,Completed
PAY007747,ORD007747,2026-01-05,62.43,Debit Card,Failed
PAY007748,ORD007748,2026-07-06,23.23,Apple Pay,Completed
PAY007749,ORD007749,2026-05-10,77.88,Apple Pay,Pending
PAY007750,ORD007750,2026-05-10,173.83,Apple Pay,Completed
PAY007751,ORD007751,2026-01-03,125.56,Apple Pay,Completed
PAY007752,ORD007752,2026-07-17,199.94,Credit Card,Completed
PAY007753,ORD007753,2026-04-05,105.29,Debit Card,Failed
PAY007754,ORD007754,2026-02-12,48.71,Apple Pay,Completed
PAY007755,ORD007755,2026-05-13,23.83,Credit Card,Pending
PAY007756,ORD007756,2026-06-27,26.76,PayPal,Completed
PAY007757,ORD007757,2026-01-10,98.89,Google Pay,Completed
PAY007758,ORD007758,2026-06-04,101.23,Credit Card,Pending
PAY007759,ORD007759,2026-01-24,36.83,Google Pay,Pending
PAY007760,ORD007760,2026-01-22,52.66,Google Pay,Pending
PAY007761,ORD007761,2026-03-30,96.5,PayPal,Completed
PAY007762,ORD007762,2026-01-03,44.05,PayPal,Completed
PAY007763,ORD007763,2026-05-24,212.71,PayPal,Completed
PAY007764,ORD007764,2026-06-07,74.44,Credit Card,Completed
PAY007765,ORD007765,2026-04-22,101.53,PayPal,Completed
PAY007766,ORD007766,2026-06-20,57.07,Apple Pay,Completed
PAY007767,ORD007767,2026-01-04,80.99,Credit Card,Completed
PAY007768,ORD007768,2026-04-17,20.95,Debit Card,Completed
PAY007769,ORD007769,2026-02-09,58.88,PayPal,Completed
PAY007770,ORD007770,2026-01-16,35.25,Credit Card,Failed
PAY007771,ORD007771,2026-04-15,350.19,PayPal,Completed
PAY007772,ORD007772,2026-03-13,67.73,Google Pay,Pending
PAY007773,ORD007773,2026-03-29,53.02,Apple Pay,Completed
PAY007774,ORD007774,2026-01-16,79.49,Google Pay,Completed
PAY007775,ORD007775,2026-04-28,75.6,PayPal,Completed
PAY007776,ORD007776,2026-04-01,60.42,Credit Card,Completed
PAY007777,ORD007777,2026-07-13,96.46,Apple Pay,Completed
PAY007778,ORD007778,2026-07-02,90.61,Google Pay,Failed
PAY007779,ORD007779,2026-01-20,63.92,Apple Pay,Failed
PAY007780,ORD007780,2026-06-28,174.42,Apple Pay,Failed
PAY007781,ORD007781,2026-07-31,19.82,PayPal,Completed
PAY007782,ORD007782,2026-03-25,44.78,Apple Pay,Pending
PAY007783,ORD007783,2026-03-24,45.74,Debit Card,Failed
PAY007784,ORD007784,2026-07-04,59.17,Debit Card,Pending
PAY007785,ORD007785,2026-05-06,49.44,Google Pay,Completed
PAY007786,ORD007786,2026-02-20,41.37,Google Pay,Failed
PAY007787,ORD007787,2026-01-18,143.71,Credit Card,Completed
PAY007788,ORD007788,2026-07-24,30.09,PayPal,Failed
PAY007789,ORD007789,2026-03-22,83.86,Google Pay,Completed
PAY007790,ORD007790,2026-07-06,41.87,Credit Card,Completed
PAY007791,ORD007791,2026-04-07,78.74,Google Pay,Completed
PAY007792,ORD007792,2026-04-27,151.41,Credit Card,Completed
PAY007793,ORD007793,2026-05-04,6.52,PayPal,Pending
PAY007794,ORD007794,2026-01-28,33.77,PayPal,Completed
PAY007795,ORD007795,2026-07-16,33.86,Google Pay,Completed
PAY007796,ORD007796,2026-06-05,53.97,Debit Card,Failed
PAY007797,ORD007797,2026-03-30,114.56,Apple Pay,Completed
PAY007798,ORD007798,2026-07-31,219.05,Google Pay,Completed
PAY007799,ORD007799,2026-08-01,113.27,Credit Card,Completed
PAY007800,ORD007800,2026-05-21,54.6,PayPal,Failed
PAY007801,ORD007801,2026-01-06,42.07,Google Pay,Completed
PAY007802,ORD007802,2026-06-06,174.41,PayPal,Completed
PAY007803,ORD007803,2026-04-16,21.29,Google Pay,Completed
PAY007804,ORD007804,2026-04-29,79.57,PayPal,Failed
PAY007805,ORD007805,2026-05-17,139.57,Debit Card,Completed
PAY007806,ORD007806,2026-01-29,48.94,Credit Card,Completed
PAY007807,ORD007807,2026-06-15,75.23,Google Pay,Completed
PAY007808,ORD007808,2026-03-06,23.59,PayPal,Pending
PAY007809,ORD007809,2026-02-25,85.39,Google Pay,Completed
PAY007810,ORD007810,2026-01-30,63.12,Credit Card,Completed
PAY007811,ORD007811,2026-04-24,88.31,Google Pay,Completed
PAY007812,ORD007812,2026-04-06,44.18,Apple Pay,Completed
PAY007813,ORD007813,2026-05-01,27.71,PayPal,Completed
PAY007814,ORD007814,2026-07-06,130.62,Credit Card,Completed
PAY007815,ORD007815,2026-08-03,132.75,Debit Card,Completed
PAY007816,ORD007816,2026-02-27,89.63,Apple Pay,Failed
PAY007817,ORD007817,2026-05-18,79.53,Google Pay,Completed
PAY007818,ORD007818,2026-05-29,11.18,Google Pay,Completed
PAY007819,ORD007819,2026-07-03,140.38,Apple Pay,Pending
PAY007820,ORD007820,2026-01-26,84.0,Debit Card,Completed
PAY007821,ORD007821,2026-01-15,146.41,Debit Card,Failed
PAY007822,ORD007822,2026-07-28,26.34,Google Pay,Completed
PAY007823,ORD007823,2026-06-12,95.52,Google Pay,Completed
PAY007824,ORD007824,2026-03-30,91.37,Debit Card,Completed
PAY007825,ORD007825,2026-01-15,5.49,Debit Card,Pending
PAY007826,ORD007826,2026-04-07,56.36,Debit Card,Completed
PAY007827,ORD007827,2026-03-16,60.11,Google Pay,Pending
PAY007828,ORD007828,2026-03-29,30.63,PayPal,Completed
PAY007829,ORD007829,2026-01-06,84.11,Apple Pay,Pending
PAY007830,ORD007830,2026-06-05,70.77,Debit Card,Completed
PAY007831,ORD007831,2026-03-04,38.31,Google Pay,Completed
PAY007832,ORD007832,2026-01-29,41.57,Credit Card,Completed
PAY007833,ORD007833,2026-02-17,18.77,Google Pay,Completed
PAY007834,ORD007834,2026-07-10,82.32,PayPal,Pending
PAY007835,ORD007835,2026-07-05,75.18,PayPal,Completed
PAY007836,ORD007836,2026-05-29,55.19,Debit Card,Completed
PAY007837,ORD007837,2026-07-23,49.65,Apple Pay,Completed
PAY007838,ORD007838,2026-01-22,101.5,Google Pay,Failed
PAY007839,ORD007839,2026-01-27,67.07,Apple Pay,Pending
PAY007840,ORD007840,2026-03-26,107.27,Credit Card,Completed
PAY007841,ORD007841,2026-03-20,69.73,Apple Pay,Pending
PAY007842,ORD007842,2026-07-04,115.25,Apple Pay,Completed
PAY007843,ORD007843,2026-07-29,109.95,Debit Card,Pending
PAY007844,ORD007844,2026-05-18,117.73,Credit Card,Pending
PAY007845,ORD007845,2026-01-22,39.46,PayPal,Completed
PAY007846,ORD007846,2026-06-21,96.97,Apple Pay,Completed
PAY007847,ORD007847,2026-03-25,60.45,Credit Card,Pending
PAY007848,ORD007848,2026-03-24,55.13,Credit Card,Completed
PAY007849,ORD007849,2026-06-05,43.27,PayPal,Completed
PAY007850,ORD007850,2026-02-19,76.36,Debit Card,Completed
PAY007851,ORD007851,2026-06-28,15.46,Credit Card,Completed
PAY007852,ORD007852,2026-05-09,76.75,PayPal,Completed
PAY007853,ORD007853,2026-06-11,76.57,Google Pay,Failed
PAY007854,ORD007854,2026-06-12,127.49,Credit Card,Completed
PAY007855,ORD007855,2026-08-06,66.27,Google Pay,Completed
PAY007856,ORD007856,2026-03-02,157.95,Google Pay,Failed
PAY007857,ORD007857,2026-01-30,45.85,Credit Card,Failed
PAY007858,ORD007858,2026-03-17,42.2,PayPal,Completed
PAY007859,ORD007859,2026-07-25,184.59,Google Pay,Failed
PAY007860,ORD007860,2026-07-15,40.38,Debit Card,Completed
PAY007861,ORD007861,2026-07-23,12.77,Apple Pay,Completed
PAY007862,ORD007862,2026-08-04,186.57,Google Pay,Completed
PAY007863,ORD007863,2026-06-17,197.49,Google Pay,Completed
PAY007864,ORD007864,2026-08-11,54.04,Apple Pay,Failed
PAY007865,ORD007865,2026-07-12,57.79,PayPal,Pending
PAY007866,ORD007866,2026-02-06,42.5,Debit Card,Completed
PAY007867,ORD007867,2026-07-11,224.5,Debit Card,Completed
PAY007868,ORD007868,2026-05-09,177.11,Google Pay,Pending
PAY007869,ORD007869,2026-05-23,41.26,Credit Card,Completed
PAY007870,ORD007870,2026-01-13,66.76,Credit Card,Completed
PAY007871,ORD007871,2026-06-06,212.56,Google Pay,Pending
PAY007872,ORD007872,2026-07-02,255.58,Credit Card,Pending
PAY007873,ORD007873,2026-02-14,81.13,Debit Card,Completed
PAY007874,ORD007874,2026-01-04,90.37,Debit Card,Failed
PAY007875,ORD007875,2026-07-11,62.79,Apple Pay,Failed
PAY007876,ORD007876,2026-01-15,43.24,Debit Card,Completed
PAY007877,ORD007877,2026-04-14,100.35,PayPal,Completed
PAY007878,ORD007878,2026-06-25,202.76,Debit Card,Completed
PAY007879,ORD007879,2026-07-23,35.73,Google Pay,Failed
PAY007880,ORD007880,2026-07-03,76.79,Credit Card,Completed
PAY007881,ORD007881,2026-08-05,74.46,Credit Card,Completed
PAY007882,ORD007882,2026-04-01,26.04,Debit Card,Completed
PAY007883,ORD007883,2026-07-17,68.16,Debit Card,Completed
PAY007884,ORD007884,2026-08-03,59.4,Credit Card,Pending
PAY007885,ORD007885,2026-05-23,49.29,Credit Card,Completed
PAY007886,ORD007886,2026-02-08,177.49,Debit Card,Completed
PAY007887,ORD007887,2026-07-16,50.13,PayPal,Completed
PAY007888,ORD007888,2026-08-03,35.55,PayPal,Failed
PAY007889,ORD007889,2026-03-20,108.01,Credit Card,Failed
PAY007890,ORD007890,2026-08-05,81.77,Apple Pay,Pending
PAY007891,ORD007891,2026-03-01,70.84,PayPal,Completed
PAY007892,ORD007892,2026-04-04,109.55,Google Pay,Completed
PAY007893,ORD007893,2026-06-21,61.14,Credit Card,Completed
PAY007894,ORD007894,2026-02-12,53.77,PayPal,Failed
PAY007895,ORD007895,2026-05-12,39.31,Debit Card,Completed
PAY007896,ORD007896,2026-03-18,121.37,Apple Pay,Completed
PAY007897,ORD007897,2026-06-27,181.09,Debit Card,Completed
PAY007898,ORD007898,2026-02-08,341.37,Debit Card,Completed
PAY007899,ORD007899,2026-02-23,107.07,Apple Pay,Completed
PAY007900,ORD007900,2026-05-31,230.8,Credit Card,Failed
PAY007901,ORD007901,2026-07-07,42.53,Debit Card,Completed
PAY007902,ORD007902,2026-07-27,35.92,Credit Card,Completed
PAY007903,ORD007903,2026-06-12,29.02,Credit Card,Failed
PAY007904,ORD007904,2026-02-23,67.2,Credit Card,Pending
PAY007905,ORD007905,2026-07-05,52.48,Debit Card,Pending
PAY007906,ORD007906,2026-03-03,217.21,Credit Card,Completed
PAY007907,ORD007907,2026-07-27,50.27,Debit Card,Failed
PAY007908,ORD007908,2026-06-25,53.25,Credit Card,Pending
PAY007909,ORD007909,2026-05-15,119.05,Google Pay,Completed
PAY007910,ORD007910,2026-06-22,144.44,Debit Card,Completed
PAY007911,ORD007911,2026-01-13,96.58,Google Pay,Completed
PAY007912,ORD007912,2026-06-30,114.32,Credit Card,Completed
PAY007913,ORD007913,2026-04-25,115.68,Debit Card,Failed
PAY007914,ORD007914,2026-08-09,265.11,Apple Pay,Pending
PAY007915,ORD007915,2026-02-08,18.11,Google Pay,Pending
PAY007916,ORD007916,2026-03-25,42.67,PayPal,Pending
PAY007917,ORD007917,2026-08-09,195.84,PayPal,Completed
PAY007918,ORD007918,2026-05-26,63.02,Apple Pay,Completed
PAY007919,ORD007919,2026-05-30,111.48,Apple Pay,Completed
PAY007920,ORD007920,2026-06-13,11.79,PayPal,Completed
PAY007921,ORD007921,2026-04-15,39.01,Debit Card,Failed
PAY007922,ORD007922,2026-06-30,17.92,Credit Card,Completed
PAY007923,ORD007923,2026-04-22,39.91,Debit Card,Failed
PAY007924,ORD007924,2026-03-13,50.35,PayPal,Completed
PAY007925,ORD007925,2026-01-03,78.31,Google Pay,Completed
PAY007926,ORD007926,2026-07-09,159.62,Google Pay,Pending
PAY007927,ORD007927,2026-06-06,105.55,Credit Card,Completed
PAY007928,ORD007928,2026-03-14,98.62,Credit Card,Completed
PAY007929,ORD007929,2026-01-08,45.82,PayPal,Failed
PAY007930,ORD007930,2026-08-10,27.49,PayPal,Pending
PAY007931,ORD007931,2026-03-17,57.09,Credit Card,Pending
PAY007932,ORD007932,2026-06-23,34.97,Google Pay,Completed
PAY007933,ORD007933,2026-04-02,32.59,Apple Pay,Completed
PAY007934,ORD007934,2026-07-03,22.83,Apple Pay,Failed
PAY007935,ORD007935,2026-04-16,64.63,Apple Pay,Completed
PAY007936,ORD007936,2026-02-18,69.06,Google Pay,Completed
PAY007937,ORD007937,2026-02-12,145.85,Debit Card,Completed
PAY007938,ORD007938,2026-05-18,149.75,Debit Card,Failed
PAY007939,ORD007939,2026-05-21,96.64,Google Pay,Completed
PAY007940,ORD007940,2026-07-04,450.16,Debit Card,Completed
PAY007941,ORD007941,2026-01-02,40.21,Apple Pay,Pending
PAY007942,ORD007942,2026-03-06,48.58,Google Pay,Completed
PAY007943,ORD007943,2026-03-27,53.29,Credit Card,Completed
PAY007944,ORD007944,2026-04-07,51.3,Google Pay,Pending
PAY007945,ORD007945,2026-07-27,19.75,PayPal,Completed
PAY007946,ORD007946,2026-06-19,40.76,Apple Pay,Completed
PAY007947,ORD007947,2026-07-05,82.75,Apple Pay,Pending
PAY007948,ORD007948,2026-08-09,135.68,PayPal,Completed
PAY007949,ORD007949,2026-01-10,25.34,Apple Pay,Failed
PAY007950,ORD007950,2026-03-04,27.29,PayPal,Completed
PAY007951,ORD007951,2026-04-13,31.52,PayPal,Completed
PAY007952,ORD007952,2026-07-18,86.68,Apple Pay,Failed
PAY007953,ORD007953,2026-03-02,32.41,Google Pay,Pending
PAY007954,ORD007954,2026-01-01,23.79,PayPal,Pending
PAY007955,ORD007955,2026-06-03,23.36,Credit Card,Completed
PAY007956,ORD007956,2026-01-05,52.51,PayPal,Completed
PAY007957,ORD007957,2026-02-04,62.47,Credit Card,Failed
PAY007958,ORD007958,2026-05-05,110.8,Google Pay,Completed
PAY007959,ORD007959,2026-05-21,101.2,PayPal,Completed
PAY007960,ORD007960,2026-01-27,132.84,PayPal,Completed
PAY007961,ORD007961,2026-05-20,61.79,PayPal,Completed
PAY007962,ORD007962,2026-04-04,34.37,Credit Card,Pending
PAY007963,ORD007963,2026-02-19,76.28,Google Pay,Failed
PAY007964,ORD007964,2026-08-12,24.99,Apple Pay,Failed
PAY007965,ORD007965,2026-07-06,87.6,Debit Card,Failed
PAY007966,ORD007966,2026-06-08,81.94,PayPal,Completed
PAY007967,ORD007967,2026-03-10,147.78,PayPal,Completed
PAY007968,ORD007968,2026-06-14,122.8,PayPal,Failed
PAY007969,ORD007969,2026-01-02,90.99,Apple Pay,Completed
PAY007970,ORD007970,2026-04-12,18.64,Google Pay,Completed
PAY007971,ORD007971,2026-07-18,45.96,Credit Card,Pending
PAY007972,ORD007972,2026-07-12,97.59,Apple Pay,Completed
PAY007973,ORD007973,2026-01-03,175.21,Google Pay,Pending
PAY007974,ORD007974,2026-05-28,101.09,Debit Card,Failed
PAY007975,ORD007975,2026-05-10,24.63,Google Pay,Failed
PAY007976,ORD007976,2026-02-11,201.82,Google Pay,Completed
PAY007977,ORD007977,2026-02-12,66.73,Credit Card,Completed
PAY007978,ORD007978,2026-01-21,89.88,Google Pay,Completed
PAY007979,ORD007979,2026-02-14,95.39,Google Pay,Completed
PAY007980,ORD007980,2026-08-12,39.95,PayPal,Pending
PAY007981,ORD007981,2026-01-20,35.12,Credit Card,Completed
PAY007982,ORD007982,2026-06-20,74.89,Google Pay,Pending
PAY007983,ORD007983,2026-06-27,35.48,Google Pay,Completed
PAY007984,ORD007984,2026-08-11,42.75,PayPal,Completed
PAY007985,ORD007985,2026-02-12,50.05,Credit Card,Completed
PAY007986,ORD007986,2026-08-13,17.48,Debit Card,Failed
PAY007987,ORD007987,2026-01-24,100.68,Credit Card,Completed
PAY007988,ORD007988,2026-03-23,146.41,Apple Pay,Failed
PAY007989,ORD007989,2026-03-25,92.46,Google Pay,Pending
PAY007990,ORD007990,2026-03-01,15.52,Apple Pay,Completed
PAY007991,ORD007991,2026-02-01,83.26,Apple Pay,Completed
PAY007992,ORD007992,2026-05-02,136.54,Debit Card,Failed
PAY007993,ORD007993,2026-01-05,45.43,Google Pay,Completed
PAY007994,ORD007994,2026-05-10,77.68,Credit Card,Pending
PAY007995,ORD007995,2026-06-03,92.73,PayPal,Completed
PAY007996,ORD007996,2026-01-25,34.85,Google Pay,Completed
PAY007997,ORD007997,2026-06-27,34.02,Apple Pay,Completed
PAY007998,ORD007998,2026-03-27,15.49,Apple Pay,Failed
PAY007999,ORD007999,2026-06-16,41.85,Google Pay,Pending
PAY008000,ORD008000,2026-03-27,33.28,Debit Card,Completed
PAY008001,ORD008001,2026-03-16,51.24,Credit Card,Failed
PAY008002,ORD008002,2026-01-11,116.67,PayPal,Completed
PAY008003,ORD008003,2026-07-10,107.15,Debit Card,Completed
PAY008004,ORD008004,2026-03-09,27.17,Credit Card,Pending
PAY008005,ORD008005,2026-04-07,49.0,Google Pay,Completed
PAY008006,ORD008006,2026-05-26,66.19,Debit Card,Pending
PAY008007,ORD008007,2026-08-11,9.99,PayPal,Completed
PAY008008,ORD008008,2026-04-18,58.15,Credit Card,Failed
PAY008009,ORD008009,2026-05-02,51.13,Google Pay,Pending
PAY008010,ORD008010,2026-06-05,51.23,Credit Card,Pending
PAY008011,ORD008011,2026-02-11,76.05,PayPal,Pending
PAY008012,ORD008012,2026-03-01,27.41,Google Pay,Failed
PAY008013,ORD008013,2026-05-30,85.52,Apple Pay,Pending
PAY008014,ORD008014,2026-06-17,68.79,Apple Pay,Completed
PAY008015,ORD008015,2026-03-03,172.31,Debit Card,Failed
PAY008016,ORD008016,2026-05-11,60.86,Google Pay,Pending
PAY008017,ORD008017,2026-03-12,162.27,Google Pay,Completed
PAY008018,ORD008018,2026-07-10,174.04,Debit Card,Completed
PAY008019,ORD008019,2026-05-01,78.51,Credit Card,Completed
PAY008020,ORD008020,2026-01-20,56.81,Debit Card,Completed
PAY008021,ORD008021,2026-07-18,37.35,Google Pay,Completed
PAY008022,ORD008022,2026-03-12,74.19,Apple Pay,Completed
PAY008023,ORD008023,2026-08-09,213.22,Credit Card,Pending
PAY008024,ORD008024,2026-06-03,74.96,Google Pay,Failed
PAY008025,ORD008025,2026-06-18,78.12,PayPal,Completed
PAY008026,ORD008026,2026-05-11,178.86,Apple Pay,Completed
PAY008027,ORD008027,2026-06-20,219.22,Apple Pay,Completed
PAY008028,ORD008028,2026-05-25,60.57,Debit Card,Pending
PAY008029,ORD008029,2026-03-25,81.68,Google Pay,Completed
PAY008030,ORD008030,2026-04-08,33.27,Google Pay,Pending
PAY008031,ORD008031,2026-06-30,71.31,Debit Card,Completed
PAY008032,ORD008032,2026-06-29,88.52,Google Pay,Failed
PAY008033,ORD008033,2026-06-10,60.69,Google Pay,Pending
PAY008034,ORD008034,2026-07-27,38.97,Apple Pay,Completed
PAY008035,ORD008035,2026-03-01,34.68,Credit Card,Completed
PAY008036,ORD008036,2026-08-03,117.32,PayPal,Completed
PAY008037,ORD008037,2026-03-09,82.54,PayPal,Failed
PAY008038,ORD008038,2026-07-03,64.05,Credit Card,Failed
PAY008039,ORD008039,2026-04-15,23.88,PayPal,Pending
PAY008040,ORD008040,2026-07-11,58.88,Credit Card,Completed
PAY008041,ORD008041,2026-08-13,47.66,Google Pay,Completed
PAY008042,ORD008042,2026-05-16,22.83,Debit Card,Completed
PAY008043,ORD008043,2026-07-16,121.95,Google Pay,Completed
PAY008044,ORD008044,2026-06-10,102.36,Debit Card,Completed
PAY008045,ORD008045,2026-06-02,69.03,Credit Card,Completed
PAY008046,ORD008046,2026-07-18,20.98,Google Pay,Failed
PAY008047,ORD008047,2026-04-21,113.41,Credit Card,Completed
PAY008048,ORD008048,2026-05-15,69.9,Apple Pay,Failed
PAY008049,ORD008049,2026-02-28,67.49,Credit Card,Completed
PAY008050,ORD008050,2026-02-02,68.91,Google Pay,Pending
PAY008051,ORD008051,2026-02-10,35.84,Debit Card,Completed
PAY008052,ORD008052,2026-06-10,61.56,Apple Pay,Failed
PAY008053,ORD008053,2026-01-29,131.91,Google Pay,Completed
PAY008054,ORD008054,2026-06-16,20.83,Google Pay,Completed
PAY008055,ORD008055,2026-07-04,121.25,Google Pay,Failed
PAY008056,ORD008056,2026-04-15,79.45,Apple Pay,Completed
PAY008057,ORD008057,2026-08-12,92.21,Google Pay,Failed
PAY008058,ORD008058,2026-04-11,53.67,Debit Card,Pending
PAY008059,ORD008059,2026-08-09,54.26,Google Pay,Failed
PAY008060,ORD008060,2026-03-05,24.26,PayPal,Completed
PAY008061,ORD008061,2026-03-27,47.49,Credit Card,Pending
PAY008062,ORD008062,2026-03-07,75.44,PayPal,Completed
PAY008063,ORD008063,2026-04-24,172.05,Debit Card,Pending
PAY008064,ORD008064,2026-05-02,72.42,Debit Card,Completed
PAY008065,ORD008065,2026-01-09,23.5,Credit Card,Failed
PAY008066,ORD008066,2026-01-29,58.68,Debit Card,Pending
PAY008067,ORD008067,2026-04-07,40.11,Debit Card,Completed
PAY008068,ORD008068,2026-03-15,57.73,Google Pay,Completed
PAY008069,ORD008069,2026-05-04,64.86,Credit Card,Pending
PAY008070,ORD008070,2026-06-05,241.46,PayPal,Failed
PAY008071,ORD008071,2026-04-20,78.88,Google Pay,Pending
PAY008072,ORD008072,2026-02-22,78.34,Google Pay,Completed
PAY008073,ORD008073,2026-06-23,83.61,PayPal,Completed
PAY008074,ORD008074,2026-06-16,39.87,Debit Card,Pending
PAY008075,ORD008075,2026-03-17,174.65,Apple Pay,Completed
PAY008076,ORD008076,2026-02-27,79.05,Apple Pay,Completed
PAY008077,ORD008077,2026-08-02,51.08,Debit Card,Pending
PAY008078,ORD008078,2026-07-01,92.09,Google Pay,Failed
PAY008079,ORD008079,2026-05-14,161.4,PayPal,Failed
PAY008080,ORD008080,2026-02-14,76.91,Apple Pay,Completed
PAY008081,ORD008081,2026-06-17,60.87,Google Pay,Completed
PAY008082,ORD008082,2026-05-31,62.66,Apple Pay,Completed
PAY008083,ORD008083,2026-04-27,101.74,PayPal,Completed
PAY008084,ORD008084,2026-05-02,84.24,Google Pay,Completed
PAY008085,ORD008085,2026-08-14,71.67,Credit Card,Failed
PAY008086,ORD008086,2026-06-19,53.83,Google Pay,Pending
PAY008087,ORD008087,2026-06-15,74.98,Credit Card,Pending
PAY008088,ORD008088,2026-05-24,22.72,Debit Card,Completed
PAY008089,ORD008089,2026-03-15,147.43,PayPal,Completed
PAY008090,ORD008090,2026-06-24,64.18,Apple Pay,Failed
PAY008091,ORD008091,2026-05-29,28.91,Debit Card,Completed
PAY008092,ORD008092,2026-03-15,48.95,Debit Card,Pending
PAY008093,ORD008093,2026-07-22,105.76,Google Pay,Completed
PAY008094,ORD008094,2026-05-29,179.17,Google Pay,Failed
PAY008095,ORD008095,2026-01-25,87.36,Credit Card,Failed
PAY008096,ORD008096,2026-05-04,96.35,Credit Card,Completed
PAY008097,ORD008097,2026-03-02,46.98,Debit Card,Failed
PAY008098,ORD008098,2026-04-08,234.48,Debit Card,Completed
PAY008099,ORD008099,2026-02-23,53.82,Google Pay,Completed
PAY008100,ORD008100,2026-08-11,64.01,Google Pay,Failed
PAY008101,ORD008101,2026-08-07,64.89,Apple Pay,Completed
PAY008102,ORD008102,2026-08-05,188.56,PayPal,Completed
PAY008103,ORD008103,2026-03-01,78.42,Apple Pay,Completed
PAY008104,ORD008104,2026-06-19,110.29,PayPal,Failed
PAY008105,ORD008105,2026-07-08,42.19,Debit Card,Completed
PAY008106,ORD008106,2026-02-01,83.51,Google Pay,Completed
PAY008107,ORD008107,2026-02-22,42.87,Apple Pay,Failed
PAY008108,ORD008108,2026-06-21,40.98,PayPal,Completed
PAY008109,ORD008109,2026-05-19,96.86,Credit Card,Pending
PAY008110,ORD008110,2026-04-28,49.65,PayPal,Failed
PAY008111,ORD008111,2026-02-16,39.08,PayPal,Completed
PAY008112,ORD008112,2026-03-31,145.49,Google Pay,Completed
PAY008113,ORD008113,2026-03-01,34.82,Apple Pay,Pending
PAY008114,ORD008114,2026-02-05,233.4,Debit Card,Completed
PAY008115,ORD008115,2026-07-07,127.11,Apple Pay,Pending
PAY008116,ORD008116,2026-06-10,202.76,Debit Card,Completed
PAY008117,ORD008117,2026-08-13,37.4,Credit Card,Pending
PAY008118,ORD008118,2026-02-11,98.62,Google Pay,Failed
PAY008119,ORD008119,2026-01-13,70.55,PayPal,Completed
PAY008120,ORD008120,2026-05-22,116.32,Apple Pay,Failed
PAY008121,ORD008121,2026-07-05,41.12,Apple Pay,Pending
PAY008122,ORD008122,2026-04-25,130.38,Debit Card,Completed
PAY008123,ORD008123,2026-04-11,93.6,Apple Pay,Completed
PAY008124,ORD008124,2026-05-02,54.13,PayPal,Pending
PAY008125,ORD008125,2026-06-17,20.98,Debit Card,Completed
PAY008126,ORD008126,2026-03-06,122.34,PayPal,Failed
PAY008127,ORD008127,2026-05-13,55.21,Debit Card,Failed
PAY008128,ORD008128,2026-06-07,34.27,PayPal,Pending
PAY008129,ORD008129,2026-04-27,43.86,Debit Card,Completed
PAY008130,ORD008130,2026-07-29,94.43,Google Pay,Completed
PAY008131,ORD008131,2026-06-22,54.43,Apple Pay,Completed
PAY008132,ORD008132,2026-04-11,67.34,PayPal,Pending
PAY008133,ORD008133,2026-07-05,73.46,Credit Card,Completed
PAY008134,ORD008134,2026-02-08,30.31,Google Pay,Completed
PAY008135,ORD008135,2026-05-20,91.12,Google Pay,Pending
PAY008136,ORD008136,2026-06-11,94.47,PayPal,Completed
PAY008137,ORD008137,2026-04-19,266.22,PayPal,Completed
PAY008138,ORD008138,2026-01-14,96.23,Credit Card,Completed
PAY008139,ORD008139,2026-06-15,76.98,PayPal,Completed
PAY008140,ORD008140,2026-05-24,19.11,Credit Card,Pending
PAY008141,ORD008141,2026-04-16,96.61,PayPal,Failed
PAY008142,ORD008142,2026-07-08,220.63,Credit Card,Completed
PAY008143,ORD008143,2026-07-06,41.53,Debit Card,Pending
PAY008144,ORD008144,2026-03-16,21.37,Apple Pay,Completed
PAY008145,ORD008145,2026-08-13,36.85,Apple Pay,Completed
PAY008146,ORD008146,2026-03-20,102.53,PayPal,Pending
PAY008147,ORD008147,2026-04-22,45.94,PayPal,Failed
PAY008148,ORD008148,2026-07-21,35.68,Apple Pay,Completed
PAY008149,ORD008149,2026-03-08,74.08,Apple Pay,Completed
PAY008150,ORD008150,2026-05-19,70.65,Credit Card,Failed
PAY008151,ORD008151,2026-01-11,160.12,Credit Card,Completed
PAY008152,ORD008152,2026-01-16,44.83,Debit Card,Pending
PAY008153,ORD008153,2026-06-15,65.14,Debit Card,Failed
PAY008154,ORD008154,2026-06-07,14.01,Credit Card,Completed
PAY008155,ORD008155,2026-06-18,41.51,Debit Card,Completed
PAY008156,ORD008156,2026-01-01,74.04,Google Pay,Completed
PAY008157,ORD008157,2026-05-04,50.31,Credit Card,Completed
PAY008158,ORD008158,2026-02-07,12.69,Debit Card,Failed
PAY008159,ORD008159,2026-04-24,93.08,Debit Card,Pending
PAY008160,ORD008160,2026-04-08,87.11,PayPal,Completed
PAY008161,ORD008161,2026-03-01,31.87,PayPal,Completed
PAY008162,ORD008162,2026-01-19,98.73,PayPal,Completed
PAY008163,ORD008163,2026-05-04,24.62,Apple Pay,Completed
PAY008164,ORD008164,2026-08-14,36.25,Apple Pay,Completed
PAY008165,ORD008165,2026-07-06,160.34,Apple Pay,Failed
PAY008166,ORD008166,2026-04-10,149.89,Credit Card,Completed
PAY008167,ORD008167,2026-03-09,97.36,PayPal,Pending
PAY008168,ORD008168,2026-05-18,39.28,PayPal,Completed
PAY008169,ORD008169,2026-01-17,82.68,Credit Card,Completed
PAY008170,ORD008170,2026-03-21,85.88,Apple Pay,Completed
PAY008171,ORD008171,2026-03-26,17.83,Debit Card,Pending
PAY008172,ORD008172,2026-04-02,28.83,Google Pay,Pending
PAY008173,ORD008173,2026-07-19,128.88,PayPal,Completed
PAY008174,ORD008174,2026-01-29,9.9,Apple Pay,Pending
PAY008175,ORD008175,2026-05-14,63.95,Debit Card,Failed
PAY008176,ORD008176,2026-08-10,58.34,PayPal,Completed
PAY008177,ORD008177,2026-07-13,34.57,PayPal,Pending
PAY008178,ORD008178,2026-04-29,60.66,Google Pay,Completed
PAY008179,ORD008179,2026-05-02,60.15,Apple Pay,Failed
PAY008180,ORD008180,2026-04-21,66.68,Credit Card,Failed
PAY008181,ORD008181,2026-07-10,54.81,Debit Card,Completed
PAY008182,ORD008182,2026-06-08,89.24,Debit Card,Completed
PAY008183,ORD008183,2026-06-02,101.14,Apple Pay,Pending
PAY008184,ORD008184,2026-03-28,33.11,Debit Card,Pending
PAY008185,ORD008185,2026-05-29,121.07,Credit Card,Completed
PAY008186,ORD008186,2026-01-16,53.34,Debit Card,Completed
PAY008187,ORD008187,2026-05-12,14.33,Apple Pay,Completed
PAY008188,ORD008188,2026-04-17,44.0,Credit Card,Pending
PAY008189,ORD008189,2026-06-23,58.06,Google Pay,Completed
PAY008190,ORD008190,2026-01-08,21.81,Apple Pay,Pending
PAY008191,ORD008191,2026-05-14,55.42,Google Pay,Failed
PAY008192,ORD008192,2026-05-05,47.96,Debit Card,Pending
PAY008193,ORD008193,2026-05-08,76.28,Credit Card,Completed
PAY008194,ORD008194,2026-02-22,44.45,Debit Card,Failed
PAY008195,ORD008195,2026-04-29,55.05,Apple Pay,Completed
PAY008196,ORD008196,2026-07-11,118.78,Google Pay,Completed
PAY008197,ORD008197,2026-04-01,74.57,Google Pay,Failed
PAY008198,ORD008198,2026-06-28,73.74,Debit Card,Completed
PAY008199,ORD008199,2026-03-04,47.65,Apple Pay,Completed
PAY008200,ORD008200,2026-08-04,30.22,Debit Card,Completed
PAY008201,ORD008201,2026-05-14,89.27,PayPal,Failed
PAY008202,ORD008202,2026-07-09,29.42,Apple Pay,Completed
PAY008203,ORD008203,2026-04-17,182.4,Apple Pay,Failed
PAY008204,ORD008204,2026-06-10,28.71,Credit Card,Pending
PAY008205,ORD008205,2026-01-02,51.36,PayPal,Completed
PAY008206,ORD008206,2026-06-18,120.81,Google Pay,Completed
PAY008207,ORD008207,2026-01-16,57.24,Debit Card,Pending
PAY008208,ORD008208,2026-04-12,79.26,Google Pay,Pending
PAY008209,ORD008209,2026-04-29,67.08,Apple Pay,Completed
PAY008210,ORD008210,2026-02-28,21.43,Debit Card,Failed
PAY008211,ORD008211,2026-01-09,30.58,Google Pay,Pending
PAY008212,ORD008212,2026-07-16,50.25,Debit Card,Completed
PAY008213,ORD008213,2026-04-27,56.26,Google Pay,Completed
PAY008214,ORD008214,2026-01-10,100.41,Debit Card,Pending
PAY008215,ORD008215,2026-04-04,63.73,Google Pay,Failed
PAY008216,ORD008216,2026-01-07,54.67,Google Pay,Pending
PAY008217,ORD008217,2026-04-03,45.85,Debit Card,Completed
PAY008218,ORD008218,2026-07-13,106.88,Credit Card,Completed
PAY008219,ORD008219,2026-05-28,37.74,Debit Card,Failed
PAY008220,ORD008220,2026-05-03,27.1,Google Pay,Completed
PAY008221,ORD008221,2026-03-04,53.63,PayPal,Pending
PAY008222,ORD008222,2026-01-04,108.51,Apple Pay,Failed
PAY008223,ORD008223,2026-01-28,39.85,Credit Card,Completed
PAY008224,ORD008224,2026-03-13,70.13,Debit Card,Failed
PAY008225,ORD008225,2026-06-12,31.35,Apple Pay,Pending
PAY008226,ORD008226,2026-05-10,35.66,Credit Card,Completed
PAY008227,ORD008227,2026-06-18,165.54,PayPal,Completed
PAY008228,ORD008228,2026-06-05,14.14,Apple Pay,Completed
PAY008229,ORD008229,2026-03-16,35.85,Debit Card,Completed
PAY008230,ORD008230,2026-03-14,17.87,PayPal,Failed
PAY008231,ORD008231,2026-04-12,34.66,Debit Card,Pending
PAY008232,ORD008232,2026-05-09,106.61,Apple Pay,Completed
PAY008233,ORD008233,2026-06-04,172.7,Debit Card,Completed
PAY008234,ORD008234,2026-03-08,25.13,PayPal,Pending
PAY008235,ORD008235,2026-06-16,99.67,PayPal,Completed
PAY008236,ORD008236,2026-07-20,23.86,Apple Pay,Pending
PAY008237,ORD008237,2026-06-17,38.08,Apple Pay,Completed
PAY008238,ORD008238,2026-01-28,72.55,Google Pay,Failed
PAY008239,ORD008239,2026-08-01,17.42,PayPal,Completed
PAY008240,ORD008240,2026-04-02,37.35,Google Pay,Completed
PAY008241,ORD008241,2026-06-01,56.85,Debit Card,Completed
PAY008242,ORD008242,2026-03-23,14.08,Apple Pay,Pending
PAY008243,ORD008243,2026-02-20,33.77,Credit Card,Failed
PAY008244,ORD008244,2026-02-25,42.01,Debit Card,Completed
PAY008245,ORD008245,2026-03-14,36.1,Google Pay,Pending
PAY008246,ORD008246,2026-01-26,41.61,PayPal,Completed
PAY008247,ORD008247,2026-03-29,75.56,Apple Pay,Completed
PAY008248,ORD008248,2026-02-21,69.57,Apple Pay,Completed
PAY008249,ORD008249,2026-05-05,146.36,Debit Card,Completed
PAY008250,ORD008250,2026-01-06,50.41,Debit Card,Completed
PAY008251,ORD008251,2026-07-06,20.83,Apple Pay,Failed
PAY008252,ORD008252,2026-04-27,13.69,Google Pay,Failed
PAY008253,ORD008253,2026-01-12,153.29,PayPal,Pending
PAY008254,ORD008254,2026-03-04,57.78,Apple Pay,Pending
PAY008255,ORD008255,2026-02-05,74.44,Apple Pay,Pending
PAY008256,ORD008256,2026-01-09,106.86,Debit Card,Completed
PAY008257,ORD008257,2026-03-15,69.51,PayPal,Completed
PAY008258,ORD008258,2026-03-08,140.39,Apple Pay,Completed
PAY008259,ORD008259,2026-01-29,101.51,Debit Card,Pending
PAY008260,ORD008260,2026-03-12,120.44,Credit Card,Pending
PAY008261,ORD008261,2026-03-31,33.97,Apple Pay,Completed
PAY008262,ORD008262,2026-01-08,103.46,Credit Card,Failed
PAY008263,ORD008263,2026-02-12,81.33,PayPal,Pending
PAY008264,ORD008264,2026-07-24,30.71,PayPal,Failed
PAY008265,ORD008265,2026-02-04,183.55,Apple Pay,Failed
PAY008266,ORD008266,2026-07-30,56.15,Google Pay,Pending
PAY008267,ORD008267,2026-04-20,17.59,Debit Card,Failed
PAY008268,ORD008268,2026-01-22,99.82,Debit Card,Pending
PAY008269,ORD008269,2026-07-27,85.47,Google Pay,Completed
PAY008270,ORD008270,2026-07-26,49.65,Credit Card,Completed
PAY008271,ORD008271,2026-03-07,90.28,PayPal,Pending
PAY008272,ORD008272,2026-04-12,33.64,Apple Pay,Pending
PAY008273,ORD008273,2026-05-29,83.87,Debit Card,Pending
PAY008274,ORD008274,2026-04-04,102.2,Debit Card,Failed
PAY008275,ORD008275,2026-07-18,76.86,Apple Pay,Completed
PAY008276,ORD008276,2026-04-05,61.11,Apple Pay,Completed
PAY008277,ORD008277,2026-06-18,54.18,Debit Card,Completed
PAY008278,ORD008278,2026-02-10,163.71,Debit Card,Completed
PAY008279,ORD008279,2026-06-26,41.14,Debit Card,Completed
PAY008280,ORD008280,2026-01-04,64.73,Apple Pay,Completed
PAY008281,ORD008281,2026-04-08,56.25,Credit Card,Completed
PAY008282,ORD008282,2026-07-12,76.53,Debit Card,Completed
PAY008283,ORD008283,2026-01-10,145.62,Credit Card,Completed
PAY008284,ORD008284,2026-04-04,141.5,Debit Card,Completed
PAY008285,ORD008285,2026-08-12,96.05,Apple Pay,Completed
PAY008286,ORD008286,2026-03-08,71.96,Google Pay,Pending
PAY008287,ORD008287,2026-05-18,80.29,Credit Card,Completed
PAY008288,ORD008288,2026-03-14,162.92,Google Pay,Pending
PAY008289,ORD008289,2026-05-25,28.12,Debit Card,Completed
PAY008290,ORD008290,2026-07-14,48.91,Debit Card,Completed
PAY008291,ORD008291,2026-08-07,37.34,Apple Pay,Completed
PAY008292,ORD008292,2026-02-22,96.58,Google Pay,Failed
PAY008293,ORD008293,2026-06-12,51.24,Google Pay,Completed
PAY008294,ORD008294,2026-01-04,19.81,Debit Card,Completed
PAY008295,ORD008295,2026-03-09,39.1,PayPal,Completed
PAY008296,ORD008296,2026-04-23,67.35,PayPal,Completed
PAY008297,ORD008297,2026-04-06,83.76,Google Pay,Completed
PAY008298,ORD008298,2026-04-12,53.79,Google Pay,Completed
PAY008299,ORD008299,2026-05-19,31.17,Credit Card,Completed
PAY008300,ORD008300,2026-02-13,164.18,Debit Card,Completed
PAY008301,ORD008301,2026-04-29,86.35,PayPal,Pending
PAY008302,ORD008302,2026-07-07,82.27,Apple Pay,Completed
PAY008303,ORD008303,2026-07-17,73.3,Credit Card,Completed
PAY008304,ORD008304,2026-07-09,27.59,PayPal,Pending
PAY008305,ORD008305,2026-04-20,65.55,Debit Card,Pending
PAY008306,ORD008306,2026-06-09,12.1,Debit Card,Pending
PAY008307,ORD008307,2026-02-15,80.33,Debit Card,Completed
PAY008308,ORD008308,2026-01-23,5.96,PayPal,Failed
PAY008309,ORD008309,2026-04-16,35.25,Debit Card,Completed
PAY008310,ORD008310,2026-06-14,62.02,Apple Pay,Failed
PAY008311,ORD008311,2026-05-06,72.4,Debit Card,Completed
PAY008312,ORD008312,2026-03-31,24.85,Credit Card,Completed
PAY008313,ORD008313,2026-04-08,37.54,Apple Pay,Completed
PAY008314,ORD008314,2026-03-16,24.61,Credit Card,Pending
PAY008315,ORD008315,2026-04-24,135.62,Credit Card,Completed
PAY008316,ORD008316,2026-07-05,36.79,Google Pay,Completed
PAY008317,ORD008317,2026-04-30,57.65,Google Pay,Pending
PAY008318,ORD008318,2026-03-26,70.04,Debit Card,Pending
PAY008319,ORD008319,2026-02-12,96.34,Apple Pay,Completed
PAY008320,ORD008320,2026-03-29,86.0,PayPal,Failed
PAY008321,ORD008321,2026-05-23,90.91,Google Pay,Completed
PAY008322,ORD008322,2026-07-14,26.58,Apple Pay,Completed
PAY008323,ORD008323,2026-05-10,80.59,Google Pay,Pending
PAY008324,ORD008324,2026-07-18,22.93,Apple Pay,Completed
PAY008325,ORD008325,2026-05-13,79.8,Debit Card,Pending
PAY008326,ORD008326,2026-06-30,145.79,Credit Card,Completed
PAY008327,ORD008327,2026-06-22,28.02,Google Pay,Failed
PAY008328,ORD008328,2026-04-14,22.24,Credit Card,Completed
PAY008329,ORD008329,2026-04-03,193.09,Credit Card,Completed
PAY008330,ORD008330,2026-02-10,40.01,PayPal,Completed
PAY008331,ORD008331,2026-07-10,90.37,PayPal,Completed
PAY008332,ORD008332,2026-08-12,19.44,Debit Card,Completed
PAY008333,ORD008333,2026-08-10,114.46,Apple Pay,Completed
PAY008334,ORD008334,2026-07-19,127.38,Debit Card,Pending
PAY008335,ORD008335,2026-02-01,182.75,Apple Pay,Completed
PAY008336,ORD008336,2026-04-16,210.13,PayPal,Completed
PAY008337,ORD008337,2026-01-02,31.67,Debit Card,Completed
PAY008338,ORD008338,2026-01-10,143.58,Apple Pay,Completed
PAY008339,ORD008339,2026-06-20,85.91,PayPal,Failed
PAY008340,ORD008340,2026-04-29,58.11,Apple Pay,Completed
PAY008341,ORD008341,2026-06-20,71.56,Debit Card,Completed
PAY008342,ORD008342,2026-04-11,255.96,Google Pay,Completed
PAY008343,ORD008343,2026-04-20,31.92,Google Pay,Failed
PAY008344,ORD008344,2026-03-08,68.45,Debit Card,Pending
PAY008345,ORD008345,2026-01-23,135.67,Credit Card,Failed
PAY008346,ORD008346,2026-04-08,75.3,Google Pay,Completed
PAY008347,ORD008347,2026-07-29,24.05,Google Pay,Failed
PAY008348,ORD008348,2026-08-13,64.54,Google Pay,Completed
PAY008349,ORD008349,2026-04-07,18.02,Credit Card,Completed
PAY008350,ORD008350,2026-07-07,45.52,PayPal,Failed
PAY008351,ORD008351,2026-07-28,25.38,PayPal,Completed
PAY008352,ORD008352,2026-01-06,38.79,Credit Card,Completed
PAY008353,ORD008353,2026-01-13,122.34,Credit Card,Completed
PAY008354,ORD008354,2026-01-21,41.89,Debit Card,Completed
PAY008355,ORD008355,2026-08-11,57.87,Debit Card,Completed
PAY008356,ORD008356,2026-02-27,188.37,Debit Card,Pending
PAY008357,ORD008357,2026-04-30,74.01,PayPal,Completed
PAY008358,ORD008358,2026-08-01,57.98,Apple Pay,Completed
PAY008359,ORD008359,2026-08-13,48.83,Google Pay,Completed
PAY008360,ORD008360,2026-06-05,77.97,Debit Card,Failed
PAY008361,ORD008361,2026-04-30,152.53,Google Pay,Pending
PAY008362,ORD008362,2026-07-17,30.89,Credit Card,Completed
PAY008363,ORD008363,2026-05-16,78.46,PayPal,Completed
PAY008364,ORD008364,2026-03-18,24.71,Debit Card,Completed
PAY008365,ORD008365,2026-04-08,16.73,Apple Pay,Completed
PAY008366,ORD008366,2026-02-27,74.78,PayPal,Pending
PAY008367,ORD008367,2026-06-17,67.3,Credit Card,Pending
PAY008368,ORD008368,2026-03-27,15.88,Google Pay,Completed
PAY008369,ORD008369,2026-01-01,32.14,PayPal,Pending
PAY008370,ORD008370,2026-03-18,40.68,Google Pay,Pending
PAY008371,ORD008371,2026-07-12,81.49,Debit Card,Failed
PAY008372,ORD008372,2026-01-10,164.78,Credit Card,Completed
PAY008373,ORD008373,2026-07-07,24.47,Apple Pay,Completed
PAY008374,ORD008374,2026-03-10,50.57,PayPal,Completed
PAY008375,ORD008375,2026-05-28,201.64,Google Pay,Completed
PAY008376,ORD008376,2026-03-03,146.24,Credit Card,Completed
PAY008377,ORD008377,2026-01-13,12.06,Credit Card,Completed
PAY008378,ORD008378,2026-07-05,46.71,Debit Card,Completed
PAY008379,ORD008379,2026-06-14,80.14,PayPal,Completed
PAY008380,ORD008380,2026-01-10,100.37,Debit Card,Failed
PAY008381,ORD008381,2026-01-03,132.59,Debit Card,Completed
PAY008382,ORD008382,2026-06-11,17.88,Debit Card,Completed
PAY008383,ORD008383,2026-02-03,69.77,Credit Card,Pending
PAY008384,ORD008384,2026-06-07,71.37,Google Pay,Completed
PAY008385,ORD008385,2026-06-14,132.98,Google Pay,Completed
PAY008386,ORD008386,2026-07-15,85.96,Apple Pay,Failed
PAY008387,ORD008387,2026-02-03,84.1,Apple Pay,Completed
PAY008388,ORD008388,2026-06-09,78.16,Google Pay,Failed
PAY008389,ORD008389,2026-03-26,60.58,Debit Card,Completed
PAY008390,ORD008390,2026-02-27,138.41,Credit Card,Failed
PAY008391,ORD008391,2026-04-15,30.13,Debit Card,Completed
PAY008392,ORD008392,2026-06-01,143.48,Debit Card,Pending
PAY008393,ORD008393,2026-01-09,52.75,Debit Card,Pending
PAY008394,ORD008394,2026-02-10,41.22,PayPal,Completed
PAY008395,ORD008395,2026-06-01,52.25,PayPal,Completed
PAY008396,ORD008396,2026-01-25,52.99,Debit Card,Completed
PAY008397,ORD008397,2026-02-05,213.94,Apple Pay,Completed
PAY008398,ORD008398,2026-01-08,25.6,Apple Pay,Completed
PAY008399,ORD008399,2026-05-06,24.28,Google Pay,Pending
PAY008400,ORD008400,2026-04-24,28.62,Credit Card,Failed
PAY008401,ORD008401,2026-04-15,51.43,PayPal,Completed
PAY008402,ORD008402,2026-04-03,34.69,Debit Card,Completed
PAY008403,ORD008403,2026-03-30,11.25,PayPal,Pending
PAY008404,ORD008404,2026-07-06,37.29,Google Pay,Failed
PAY008405,ORD008405,2026-06-12,26.65,Apple Pay,Completed
PAY008406,ORD008406,2026-02-07,120.86,Apple Pay,Completed
PAY008407,ORD008407,2026-04-02,93.48,Credit Card,Pending
PAY008408,ORD008408,2026-04-29,77.25,Credit Card,Pending
PAY008409,ORD008409,2026-07-30,18.02,Google Pay,Completed
PAY008410,ORD008410,2026-06-09,162.44,Credit Card,Completed
PAY008411,ORD008411,2026-04-11,33.93,Google Pay,Failed
PAY008412,ORD008412,2026-04-23,106.88,PayPal,Completed
PAY008413,ORD008413,2026-06-28,92.35,Debit Card,Completed
PAY008414,ORD008414,2026-01-28,34.24,Apple Pay,Pending
PAY008415,ORD008415,2026-07-03,76.33,Debit Card,Completed
PAY008416,ORD008416,2026-04-09,64.4,PayPal,Completed
PAY008417,ORD008417,2026-05-16,127.21,Credit Card,Completed
PAY008418,ORD008418,2026-02-10,37.97,Apple Pay,Completed
PAY008419,ORD008419,2026-04-28,67.81,Credit Card,Completed
PAY008420,ORD008420,2026-01-23,29.74,Debit Card,Pending
PAY008421,ORD008421,2026-07-01,143.43,Credit Card,Completed
PAY008422,ORD008422,2026-01-23,55.42,Google Pay,Completed
PAY008423,ORD008423,2026-02-01,31.43,Debit Card,Pending
PAY008424,ORD008424,2026-05-18,92.78,Credit Card,Completed
PAY008425,ORD008425,2026-03-22,126.75,Debit Card,Pending
PAY008426,ORD008426,2026-06-12,43.34,Credit Card,Pending
PAY008427,ORD008427,2026-04-09,258.81,Credit Card,Completed
PAY008428,ORD008428,2026-03-04,174.32,Debit Card,Completed
PAY008429,ORD008429,2026-07-14,62.2,PayPal,Completed
PAY008430,ORD008430,2026-02-05,44.56,Debit Card,Completed
PAY008431,ORD008431,2026-04-03,24.12,Apple Pay,Failed
PAY008432,ORD008432,2026-06-26,28.43,Apple Pay,Completed
PAY008433,ORD008433,2026-02-15,16.14,PayPal,Completed
PAY008434,ORD008434,2026-01-27,91.38,Credit Card,Failed
PAY008435,ORD008435,2026-06-08,57.27,Debit Card,Pending
PAY008436,ORD008436,2026-06-11,41.43,Credit Card,Completed
PAY008437,ORD008437,2026-03-17,8.2,Credit Card,Failed
PAY008438,ORD008438,2026-04-11,87.51,Apple Pay,Completed
PAY008439,ORD008439,2026-07-06,58.44,Debit Card,Pending
PAY008440,ORD008440,2026-07-01,60.98,Google Pay,Completed
PAY008441,ORD008441,2026-08-05,60.36,Apple Pay,Failed
PAY008442,ORD008442,2026-07-13,123.44,Credit Card,Completed
PAY008443,ORD008443,2026-06-07,19.33,Credit Card,Completed
PAY008444,ORD008444,2026-07-20,311.42,Google Pay,Pending
PAY008445,ORD008445,2026-05-31,23.88,Credit Card,Failed
PAY008446,ORD008446,2026-01-09,51.21,PayPal,Completed
PAY008447,ORD008447,2026-07-31,9.02,Google Pay,Failed
PAY008448,ORD008448,2026-07-02,67.1,Credit Card,Completed
PAY008449,ORD008449,2026-05-09,48.19,Apple Pay,Pending
PAY008450,ORD008450,2026-02-25,59.46,Apple Pay,Failed
PAY008451,ORD008451,2026-06-16,77.82,PayPal,Completed
PAY008452,ORD008452,2026-03-28,42.23,Google Pay,Completed
PAY008453,ORD008453,2026-01-18,178.88,Google Pay,Failed
PAY008454,ORD008454,2026-02-11,42.02,Credit Card,Completed
PAY008455,ORD008455,2026-08-12,87.47,Credit Card,Completed
PAY008456,ORD008456,2026-04-21,32.59,Debit Card,Completed
PAY008457,ORD008457,2026-03-14,122.84,PayPal,Completed
PAY008458,ORD008458,2026-07-22,29.05,Google Pay,Completed
PAY008459,ORD008459,2026-03-06,50.52,Credit Card,Completed
PAY008460,ORD008460,2026-07-22,38.81,Google Pay,Completed
PAY008461,ORD008461,2026-06-10,74.49,PayPal,Pending
PAY008462,ORD008462,2026-06-07,32.51,Apple Pay,Failed
PAY008463,ORD008463,2026-05-13,36.99,PayPal,Failed
PAY008464,ORD008464,2026-06-27,53.33,Google Pay,Completed
PAY008465,ORD008465,2026-07-12,44.21,Credit Card,Pending
PAY008466,ORD008466,2026-01-10,61.39,Google Pay,Completed
PAY008467,ORD008467,2026-03-01,34.56,Debit Card,Pending
PAY008468,ORD008468,2026-07-24,35.6,PayPal,Completed
PAY008469,ORD008469,2026-06-04,58.73,Debit Card,Failed
PAY008470,ORD008470,2026-03-13,159.03,Google Pay,Pending
PAY008471,ORD008471,2026-06-05,48.42,Google Pay,Failed
PAY008472,ORD008472,2026-06-22,99.24,Debit Card,Pending
PAY008473,ORD008473,2026-02-21,79.48,Credit Card,Completed
PAY008474,ORD008474,2026-07-13,34.18,Credit Card,Completed
PAY008475,ORD008475,2026-03-03,99.95,PayPal,Completed
PAY008476,ORD008476,2026-04-27,56.31,Debit Card,Completed
PAY008477,ORD008477,2026-07-23,121.59,PayPal,Completed
PAY008478,ORD008478,2026-08-07,369.81,PayPal,Pending
PAY008479,ORD008479,2026-05-05,62.11,Apple Pay,Failed
PAY008480,ORD008480,2026-07-24,140.43,PayPal,Completed
PAY008481,ORD008481,2026-03-01,125.05,PayPal,Failed
PAY008482,ORD008482,2026-03-27,44.37,Apple Pay,Pending
PAY008483,ORD008483,2026-06-17,43.75,PayPal,Completed
PAY008484,ORD008484,2026-05-23,23.98,PayPal,Failed
PAY008485,ORD008485,2026-04-05,134.58,PayPal,Pending
PAY008486,ORD008486,2026-01-07,32.28,Debit Card,Pending
PAY008487,ORD008487,2026-02-08,39.92,Apple Pay,Completed
PAY008488,ORD008488,2026-06-28,228.32,Credit Card,Pending
PAY008489,ORD008489,2026-01-07,42.12,PayPal,Completed
PAY008490,ORD008490,2026-05-20,189.83,Debit Card,Failed
PAY008491,ORD008491,2026-01-14,236.23,Debit Card,Pending
PAY008492,ORD008492,2026-02-03,32.68,Debit Card,Completed
PAY008493,ORD008493,2026-05-02,101.2,Apple Pay,Pending
PAY008494,ORD008494,2026-06-16,84.12,Apple Pay,Completed
PAY008495,ORD008495,2026-03-14,105.06,Google Pay,Completed
PAY008496,ORD008496,2026-03-05,136.8,PayPal,Completed
PAY008497,ORD008497,2026-04-07,16.93,Credit Card,Pending
PAY008498,ORD008498,2026-01-12,90.67,Credit Card,Completed
PAY008499,ORD008499,2026-05-06,98.06,Google Pay,Completed
PAY008500,ORD008500,2026-02-03,43.03,Credit Card,Completed
PAY008501,ORD008501,2026-01-27,116.66,PayPal,Completed
PAY008502,ORD008502,2026-05-30,143.49,Credit Card,Failed
PAY008503,ORD008503,2026-01-18,42.97,PayPal,Failed
PAY008504,ORD008504,2026-06-23,24.26,Apple Pay,Completed
PAY008505,ORD008505,2026-06-21,221.59,Apple Pay,Completed
PAY008506,ORD008506,2026-05-26,33.9,PayPal,Completed
PAY008507,ORD008507,2026-02-06,23.72,PayPal,Completed
PAY008508,ORD008508,2026-05-15,69.32,Apple Pay,Failed
PAY008509,ORD008509,2026-03-09,12.35,PayPal,Pending
PAY008510,ORD008510,2026-03-21,63.85,Google Pay,Pending
PAY008511,ORD008511,2026-03-27,108.38,Apple Pay,Completed
PAY008512,ORD008512,2026-03-01,40.83,Credit Card,Completed
PAY008513,ORD008513,2026-02-17,87.42,Apple Pay,Pending
PAY008514,ORD008514,2026-06-28,84.44,Credit Card,Failed
PAY008515,ORD008515,2026-04-10,85.97,Credit Card,Completed
PAY008516,ORD008516,2026-03-25,45.49,Google Pay,Completed
PAY008517,ORD008517,2026-04-05,61.96,Apple Pay,Pending
PAY008518,ORD008518,2026-02-21,68.69,Apple Pay,Completed
PAY008519,ORD008519,2026-08-13,63.53,Google Pay,Completed
PAY008520,ORD008520,2026-03-18,53.77,Apple Pay,Pending
PAY008521,ORD008521,2026-06-29,213.65,Credit Card,Completed
PAY008522,ORD008522,2026-03-25,75.73,PayPal,Pending
PAY008523,ORD008523,2026-02-23,80.71,Google Pay,Pending
PAY008524,ORD008524,2026-06-18,25.61,Google Pay,Pending
PAY008525,ORD008525,2026-06-19,301.98,PayPal,Completed
PAY008526,ORD008526,2026-05-30,111.7,Credit Card,Failed
PAY008527,ORD008527,2026-02-08,76.23,PayPal,Pending
PAY008528,ORD008528,2026-01-23,201.2,Apple Pay,Failed
PAY008529,ORD008529,2026-02-17,26.45,PayPal,Completed
PAY008530,ORD008530,2026-04-23,27.95,Google Pay,Completed
PAY008531,ORD008531,2026-04-30,126.4,Debit Card,Completed
PAY008532,ORD008532,2026-06-10,145.52,Apple Pay,Completed
PAY008533,ORD008533,2026-05-07,16.48,PayPal,Completed
PAY008534,ORD008534,2026-02-10,30.23,PayPal,Completed
PAY008535,ORD008535,2026-06-07,20.91,Credit Card,Completed
PAY008536,ORD008536,2026-07-25,118.85,Apple Pay,Completed
PAY008537,ORD008537,2026-02-16,64.52,Credit Card,Completed
PAY008538,ORD008538,2026-07-04,83.24,Google Pay,Failed
PAY008539,ORD008539,2026-03-13,29.15,Google Pay,Completed
PAY008540,ORD008540,2026-02-26,72.53,Credit Card,Completed
PAY008541,ORD008541,2026-03-03,20.49,Apple Pay,Pending
PAY008542,ORD008542,2026-03-27,107.51,Credit Card,Pending
PAY008543,ORD008543,2026-02-26,212.59,Credit Card,Completed
PAY008544,ORD008544,2026-07-15,12.33,Apple Pay,Completed
PAY008545,ORD008545,2026-03-13,158.37,Google Pay,Completed
PAY008546,ORD008546,2026-08-14,56.33,Debit Card,Completed
PAY008547,ORD008547,2026-05-04,77.36,Credit Card,Failed
PAY008548,ORD008548,2026-08-02,46.11,Credit Card,Completed
PAY008549,ORD008549,2026-06-02,28.59,PayPal,Pending
PAY008550,ORD008550,2026-08-05,194.8,Apple Pay,Completed
PAY008551,ORD008551,2026-06-17,38.94,PayPal,Completed
PAY008552,ORD008552,2026-01-17,177.58,Google Pay,Completed
PAY008553,ORD008553,2026-03-21,105.61,PayPal,Failed
PAY008554,ORD008554,2026-06-25,51.33,Apple Pay,Completed
PAY008555,ORD008555,2026-02-08,200.28,Credit Card,Completed
PAY008556,ORD008556,2026-05-23,58.72,Credit Card,Failed
PAY008557,ORD008557,2026-01-17,152.25,Debit Card,Completed
PAY008558,ORD008558,2026-02-04,145.45,Google Pay,Completed
PAY008559,ORD008559,2026-02-02,24.96,Credit Card,Completed
PAY008560,ORD008560,2026-05-26,35.24,PayPal,Completed
PAY008561,ORD008561,2026-06-07,52.73,Debit Card,Completed
PAY008562,ORD008562,2026-08-03,53.51,Debit Card,Pending
PAY008563,ORD008563,2026-06-14,83.39,Google Pay,Failed
PAY008564,ORD008564,2026-04-21,18.27,Debit Card,Pending
PAY008565,ORD008565,2026-05-15,58.59,Apple Pay,Completed
PAY008566,ORD008566,2026-03-15,89.08,PayPal,Completed
PAY008567,ORD008567,2026-07-27,110.79,Debit Card,Completed
PAY008568,ORD008568,2026-06-05,40.25,Credit Card,Completed
PAY008569,ORD008569,2026-08-03,29.61,PayPal,Failed
PAY008570,ORD008570,2026-04-08,48.09,Google Pay,Completed
PAY008571,ORD008571,2026-01-18,88.56,Debit Card,Completed
PAY008572,ORD008572,2026-06-24,26.12,PayPal,Completed
PAY008573,ORD008573,2026-01-23,49.76,Credit Card,Completed
PAY008574,ORD008574,2026-05-28,44.08,Debit Card,Completed
PAY008575,ORD008575,2026-01-31,20.62,Google Pay,Completed
PAY008576,ORD008576,2026-01-14,19.96,Google Pay,Pending
PAY008577,ORD008577,2026-01-23,171.34,Google Pay,Failed
PAY008578,ORD008578,2026-01-02,106.63,Debit Card,Completed
PAY008579,ORD008579,2026-06-06,122.56,Debit Card,Failed
PAY008580,ORD008580,2026-06-27,47.59,Debit Card,Pending
PAY008581,ORD008581,2026-03-14,66.92,Credit Card,Completed
PAY008582,ORD008582,2026-02-28,90.22,Google Pay,Failed
PAY008583,ORD008583,2026-02-02,181.94,PayPal,Completed
PAY008584,ORD008584,2026-06-25,79.4,PayPal,Completed
PAY008585,ORD008585,2026-06-21,37.79,Debit Card,Completed
PAY008586,ORD008586,2026-05-20,95.95,Google Pay,Failed
PAY008587,ORD008587,2026-03-24,8.29,Google Pay,Completed
PAY008588,ORD008588,2026-06-19,32.45,Debit Card,Completed
PAY008589,ORD008589,2026-07-31,64.97,Credit Card,Pending
PAY008590,ORD008590,2026-08-11,94.77,PayPal,Completed
PAY008591,ORD008591,2026-02-04,98.16,PayPal,Pending
PAY008592,ORD008592,2026-02-10,45.64,Apple Pay,Completed
PAY008593,ORD008593,2026-08-01,55.02,Debit Card,Completed
PAY008594,ORD008594,2026-07-02,47.98,PayPal,Failed
PAY008595,ORD008595,2026-04-20,97.77,PayPal,Completed
PAY008596,ORD008596,2026-05-21,87.53,Credit Card,Completed
PAY008597,ORD008597,2026-02-08,56.48,Debit Card,Pending
PAY008598,ORD008598,2026-08-07,38.71,Debit Card,Completed
PAY008599,ORD008599,2026-08-05,79.23,PayPal,Completed
PAY008600,ORD008600,2026-07-13,64.54,PayPal,Completed
PAY008601,ORD008601,2026-06-12,173.41,Google Pay,Completed
PAY008602,ORD008602,2026-04-26,58.36,Apple Pay,Completed
PAY008603,ORD008603,2026-03-13,51.9,PayPal,Failed
PAY008604,ORD008604,2026-06-10,33.75,Debit Card,Completed
PAY008605,ORD008605,2026-03-30,175.77,Google Pay,Completed
PAY008606,ORD008606,2026-08-01,63.94,Credit Card,Failed
PAY008607,ORD008607,2026-06-13,71.39,Debit Card,Completed
PAY008608,ORD008608,2026-05-21,199.83,Google Pay,Completed
PAY008609,ORD008609,2026-02-25,136.1,Debit Card,Failed
PAY008610,ORD008610,2026-06-23,22.9,Debit Card,Completed
PAY008611,ORD008611,2026-07-20,139.84,Debit Card,Pending
PAY008612,ORD008612,2026-04-09,135.89,PayPal,Pending
PAY008613,ORD008613,2026-02-15,17.77,PayPal,Completed
PAY008614,ORD008614,2026-04-10,173.96,Apple Pay,Pending
PAY008615,ORD008615,2026-04-23,40.25,Credit Card,Completed
PAY008616,ORD008616,2026-04-21,102.56,Credit Card,Pending
PAY008617,ORD008617,2026-06-21,42.12,PayPal,Failed
PAY008618,ORD008618,2026-06-23,296.35,Debit Card,Failed
PAY008619,ORD008619,2026-03-15,69.82,Debit Card,Pending
PAY008620,ORD008620,2026-03-10,113.64,Google Pay,Pending
PAY008621,ORD008621,2026-01-31,67.28,Google Pay,Completed
PAY008622,ORD008622,2026-05-05,28.91,Google Pay,Pending
PAY008623,ORD008623,2026-01-24,56.81,Credit Card,Completed
PAY008624,ORD008624,2026-02-01,22.57,Credit Card,Completed
PAY008625,ORD008625,2026-04-23,74.28,Google Pay,Completed
PAY008626,ORD008626,2026-07-14,52.19,Google Pay,Pending
PAY008627,ORD008627,2026-01-16,22.83,Google Pay,Pending
PAY008628,ORD008628,2026-07-04,43.94,Credit Card,Pending
PAY008629,ORD008629,2026-07-31,28.26,PayPal,Pending
PAY008630,ORD008630,2026-04-18,43.8,Debit Card,Completed
PAY008631,ORD008631,2026-01-24,54.29,PayPal,Completed
PAY008632,ORD008632,2026-02-03,100.3,Credit Card,Completed
PAY008633,ORD008633,2026-05-08,32.64,Credit Card,Completed
PAY008634,ORD008634,2026-02-21,33.91,Google Pay,Pending
PAY008635,ORD008635,2026-02-17,76.58,PayPal,Completed
PAY008636,ORD008636,2026-03-28,62.97,Credit Card,Failed
PAY008637,ORD008637,2026-04-29,102.09,Apple Pay,Completed
PAY008638,ORD008638,2026-06-30,52.26,PayPal,Completed
PAY008639,ORD008639,2026-07-02,88.74,PayPal,Pending
PAY008640,ORD008640,2026-02-07,7.92,Credit Card,Failed
PAY008641,ORD008641,2026-05-10,36.1,Debit Card,Completed
PAY008642,ORD008642,2026-03-10,61.77,Credit Card,Failed
PAY008643,ORD008643,2026-03-23,55.9,PayPal,Completed
PAY008644,ORD008644,2026-04-28,66.8,Apple Pay,Failed
PAY008645,ORD008645,2026-02-22,111.74,PayPal,Completed
PAY008646,ORD008646,2026-02-19,41.73,Credit Card,Completed
PAY008647,ORD008647,2026-06-06,74.47,Google Pay,Failed
PAY008648,ORD008648,2026-03-15,51.24,Debit Card,Completed
PAY008649,ORD008649,2026-07-02,83.58,PayPal,Completed
PAY008650,ORD008650,2026-04-16,84.98,Apple Pay,Completed
PAY008651,ORD008651,2026-07-08,27.92,Apple Pay,Pending
PAY008652,ORD008652,2026-02-19,76.76,Apple Pay,Failed
PAY008653,ORD008653,2026-01-16,91.38,Debit Card,Failed
PAY008654,ORD008654,2026-03-28,66.85,PayPal,Failed
PAY008655,ORD008655,2026-04-04,78.48,Google Pay,Completed
PAY008656,ORD008656,2026-03-11,67.78,Credit Card,Completed
PAY008657,ORD008657,2026-06-21,34.95,PayPal,Completed
PAY008658,ORD008658,2026-04-10,43.53,PayPal,Failed
PAY008659,ORD008659,2026-07-31,67.95,Google Pay,Pending
PAY008660,ORD008660,2026-05-24,57.08,Debit Card,Completed
PAY008661,ORD008661,2026-01-28,38.02,Credit Card,Pending
PAY008662,ORD008662,2026-07-04,37.24,Credit Card,Pending
PAY008663,ORD008663,2026-06-03,57.5,Credit Card,Failed
PAY008664,ORD008664,2026-03-27,22.76,PayPal,Completed
PAY008665,ORD008665,2026-04-28,42.63,Google Pay,Completed
PAY008666,ORD008666,2026-01-11,144.26,Google Pay,Failed
PAY008667,ORD008667,2026-05-09,72.96,Debit Card,Completed
PAY008668,ORD008668,2026-03-10,43.98,Google Pay,Completed
PAY008669,ORD008669,2026-06-20,43.83,Google Pay,Completed
PAY008670,ORD008670,2026-06-23,324.87,Credit Card,Pending
PAY008671,ORD008671,2026-04-15,58.91,Debit Card,Completed
PAY008672,ORD008672,2026-02-05,87.9,Google Pay,Completed
PAY008673,ORD008673,2026-03-07,36.4,Google Pay,Pending
PAY008674,ORD008674,2026-07-04,85.13,Google Pay,Completed
PAY008675,ORD008675,2026-05-14,23.05,Google Pay,Completed
PAY008676,ORD008676,2026-07-09,45.64,Credit Card,Pending
PAY008677,ORD008677,2026-06-04,49.32,PayPal,Failed
PAY008678,ORD008678,2026-05-05,13.34,Debit Card,Completed
PAY008679,ORD008679,2026-06-03,83.64,PayPal,Completed
PAY008680,ORD008680,2026-05-21,42.49,Credit Card,Completed
PAY008681,ORD008681,2026-03-17,107.22,PayPal,Completed
PAY008682,ORD008682,2026-05-26,50.41,Google Pay,Pending
PAY008683,ORD008683,2026-02-07,30.47,Debit Card,Completed
PAY008684,ORD008684,2026-01-06,87.28,Google Pay,Completed
PAY008685,ORD008685,2026-05-06,54.81,Debit Card,Completed
PAY008686,ORD008686,2026-04-02,62.09,PayPal,Failed
PAY008687,ORD008687,2026-01-28,86.75,Google Pay,Pending
PAY008688,ORD008688,2026-03-30,70.2,Credit Card,Pending
PAY008689,ORD008689,2026-01-05,38.71,Google Pay,Completed
PAY008690,ORD008690,2026-07-06,18.32,Apple Pay,Pending
PAY008691,ORD008691,2026-07-26,30.99,Credit Card,Failed
PAY008692,ORD008692,2026-04-21,53.01,Debit Card,Completed
PAY008693,ORD008693,2026-04-18,59.33,Apple Pay,Failed
PAY008694,ORD008694,2026-07-20,165.99,Google Pay,Completed
PAY008695,ORD008695,2026-02-14,258.99,Google Pay,Completed
PAY008696,ORD008696,2026-04-22,55.55,Google Pay,Completed
PAY008697,ORD008697,2026-06-30,81.82,Google Pay,Completed
PAY008698,ORD008698,2026-01-02,43.68,Apple Pay,Completed
PAY008699,ORD008699,2026-06-26,37.65,Credit Card,Pending
PAY008700,ORD008700,2026-07-20,51.91,Apple Pay,Completed
PAY008701,ORD008701,2026-03-31,39.6,Credit Card,Completed
PAY008702,ORD008702,2026-08-03,35.59,PayPal,Completed
PAY008703,ORD008703,2026-04-25,41.11,PayPal,Completed
PAY008704,ORD008704,2026-03-04,37.36,Credit Card,Completed
PAY008705,ORD008705,2026-04-02,60.82,Credit Card,Completed
PAY008706,ORD008706,2026-03-11,66.89,Credit Card,Pending
PAY008707,ORD008707,2026-07-05,27.09,PayPal,Failed
PAY008708,ORD008708,2026-01-04,77.23,Credit Card,Failed
PAY008709,ORD008709,2026-06-07,56.84,Credit Card,Completed
PAY008710,ORD008710,2026-02-26,52.26,Apple Pay,Pending
PAY008711,ORD008711,2026-02-16,75.92,Debit Card,Completed
PAY008712,ORD008712,2026-05-26,173.12,Google Pay,Completed
PAY008713,ORD008713,2026-08-10,54.7,Google Pay,Failed
PAY008714,ORD008714,2026-08-07,31.43,Apple Pay,Completed
PAY008715,ORD008715,2026-04-18,86.6,Credit Card,Completed
PAY008716,ORD008716,2026-04-05,88.28,Debit Card,Completed
PAY008717,ORD008717,2026-02-13,72.52,Apple Pay,Pending
PAY008718,ORD008718,2026-06-29,59.1,Debit Card,Completed
PAY008719,ORD008719,2026-06-26,27.95,PayPal,Pending
PAY008720,ORD008720,2026-06-07,27.05,Debit Card,Pending
PAY008721,ORD008721,2026-06-29,46.15,Apple Pay,Completed
PAY008722,ORD008722,2026-02-06,29.5,Google Pay,Completed
PAY008723,ORD008723,2026-03-04,106.18,PayPal,Completed
PAY008724,ORD008724,2026-01-12,20.06,Debit Card,Completed
PAY008725,ORD008725,2026-01-17,57.86,Google Pay,Completed
PAY008726,ORD008726,2026-02-03,54.5,Debit Card,Pending
PAY008727,ORD008727,2026-06-05,89.34,Debit Card,Completed
PAY008728,ORD008728,2026-05-12,99.8,Credit Card,Failed
PAY008729,ORD008729,2026-04-08,35.15,Google Pay,Pending
PAY008730,ORD008730,2026-02-15,148.6,PayPal,Failed
PAY008731,ORD008731,2026-01-14,28.86,PayPal,Completed
PAY008732,ORD008732,2026-01-13,110.33,PayPal,Completed
PAY008733,ORD008733,2026-07-05,91.54,Debit Card,Failed
PAY008734,ORD008734,2026-02-18,16.92,Google Pay,Pending
PAY008735,ORD008735,2026-06-27,28.72,PayPal,Completed
PAY008736,ORD008736,2026-03-08,113.58,PayPal,Completed
PAY008737,ORD008737,2026-01-21,67.8,Debit Card,Completed
PAY008738,ORD008738,2026-07-27,63.13,Apple Pay,Failed
PAY008739,ORD008739,2026-02-20,9.86,PayPal,Failed
PAY008740,ORD008740,2026-02-07,53.51,Google Pay,Completed
PAY008741,ORD008741,2026-04-29,37.78,PayPal,Failed
PAY008742,ORD008742,2026-01-26,25.27,Debit Card,Pending
PAY008743,ORD008743,2026-01-06,97.2,Apple Pay,Completed
PAY008744,ORD008744,2026-01-18,62.24,Apple Pay,Failed
PAY008745,ORD008745,2026-04-24,33.12,Google Pay,Failed
PAY008746,ORD008746,2026-05-14,35.36,Apple Pay,Completed
PAY008747,ORD008747,2026-06-18,65.0,PayPal,Failed
PAY008748,ORD008748,2026-02-26,83.43,Credit Card,Failed
PAY008749,ORD008749,2026-06-27,101.8,Debit Card,Completed
PAY008750,ORD008750,2026-01-25,87.64,PayPal,Completed
PAY008751,ORD008751,2026-02-17,59.06,PayPal,Pending
PAY008752,ORD008752,2026-01-24,33.44,Debit Card,Completed
PAY008753,ORD008753,2026-06-07,76.6,Debit Card,Failed
PAY008754,ORD008754,2026-03-28,30.24,PayPal,Completed
PAY008755,ORD008755,2026-02-14,64.8,Apple Pay,Completed
PAY008756,ORD008756,2026-02-12,53.89,Google Pay,Completed
PAY008757,ORD008757,2026-03-13,105.54,PayPal,Completed
PAY008758,ORD008758,2026-07-03,100.03,Credit Card,Completed
PAY008759,ORD008759,2026-07-20,90.83,PayPal,Completed
PAY008760,ORD008760,2026-03-11,84.38,Credit Card,Completed
PAY008761,ORD008761,2026-02-02,56.52,PayPal,Pending
PAY008762,ORD008762,2026-04-07,178.73,PayPal,Pending
PAY008763,ORD008763,2026-02-14,91.21,Credit Card,Completed
PAY008764,ORD008764,2026-01-07,170.56,Google Pay,Completed
PAY008765,ORD008765,2026-04-16,126.39,Credit Card,Completed
PAY008766,ORD008766,2026-05-26,45.01,Google Pay,Failed
PAY008767,ORD008767,2026-03-11,40.83,Google Pay,Pending
PAY008768,ORD008768,2026-02-14,85.16,Credit Card,Completed
PAY008769,ORD008769,2026-02-06,26.18,Debit Card,Failed
PAY008770,ORD008770,2026-05-29,47.14,Credit Card,Completed
PAY008771,ORD008771,2026-08-06,37.4,Debit Card,Failed
PAY008772,ORD008772,2026-07-26,59.29,PayPal,Completed
PAY008773,ORD008773,2026-06-21,13.65,Debit Card,Completed
PAY008774,ORD008774,2026-06-07,269.79,Apple Pay,Pending
PAY008775,ORD008775,2026-05-19,98.55,PayPal,Completed
PAY008776,ORD008776,2026-01-08,124.53,PayPal,Completed
PAY008777,ORD008777,2026-05-13,67.24,Debit Card,Completed
PAY008778,ORD008778,2026-01-08,139.75,Debit Card,Pending
PAY008779,ORD008779,2026-01-05,89.35,Apple Pay,Completed
PAY008780,ORD008780,2026-01-10,107.51,PayPal,Completed
PAY008781,ORD008781,2026-01-15,84.97,Debit Card,Failed
PAY008782,ORD008782,2026-02-25,156.08,Credit Card,Pending
PAY008783,ORD008783,2026-04-24,36.99,Google Pay,Pending
PAY008784,ORD008784,2026-02-24,180.0,Google Pay,Pending
PAY008785,ORD008785,2026-05-11,53.92,Debit Card,Completed
PAY008786,ORD008786,2026-02-10,34.47,Apple Pay,Pending
PAY008787,ORD008787,2026-05-18,81.97,Debit Card,Completed
PAY008788,ORD008788,2026-05-15,27.85,Apple Pay,Completed
PAY008789,ORD008789,2026-07-10,42.95,PayPal,Completed
PAY008790,ORD008790,2026-04-25,49.72,Credit Card,Failed
PAY008791,ORD008791,2026-03-04,51.78,PayPal,Failed
PAY008792,ORD008792,2026-03-29,119.15,Credit Card,Pending
PAY008793,ORD008793,2026-06-03,107.64,Apple Pay,Completed
PAY008794,ORD008794,2026-02-03,48.59,Debit Card,Failed
PAY008795,ORD008795,2026-05-02,82.22,Debit Card,Completed
PAY008796,ORD008796,2026-07-19,263.9,Debit Card,Completed
PAY008797,ORD008797,2026-06-16,25.94,Debit Card,Completed
PAY008798,ORD008798,2026-07-07,29.87,PayPal,Pending
PAY008799,ORD008799,2026-07-16,62.38,PayPal,Completed
PAY008800,ORD008800,2026-04-10,402.63,Apple Pay,Completed
PAY008801,ORD008801,2026-04-17,33.88,Credit Card,Completed
PAY008802,ORD008802,2026-06-03,40.08,Credit Card,Completed
PAY008803,ORD008803,2026-03-03,89.28,Credit Card,Completed
PAY008804,ORD008804,2026-05-18,117.17,Debit Card,Pending
PAY008805,ORD008805,2026-08-13,60.65,PayPal,Completed
PAY008806,ORD008806,2026-04-10,70.77,Google Pay,Completed
PAY008807,ORD008807,2026-02-23,59.74,Google Pay,Completed
PAY008808,ORD008808,2026-06-08,68.45,Debit Card,Pending
PAY008809,ORD008809,2026-02-07,21.84,Google Pay,Completed
PAY008810,ORD008810,2026-04-24,68.18,Credit Card,Completed
PAY008811,ORD008811,2026-01-25,61.88,Credit Card,Failed
PAY008812,ORD008812,2026-07-24,77.85,Apple Pay,Completed
PAY008813,ORD008813,2026-03-06,41.34,Debit Card,Completed
PAY008814,ORD008814,2026-04-10,85.67,Apple Pay,Completed
PAY008815,ORD008815,2026-06-27,106.58,Credit Card,Completed
PAY008816,ORD008816,2026-06-01,353.28,PayPal,Pending
PAY008817,ORD008817,2026-06-04,43.49,Debit Card,Completed
PAY008818,ORD008818,2026-07-29,30.41,Apple Pay,Failed
PAY008819,ORD008819,2026-06-27,68.26,Apple Pay,Completed
PAY008820,ORD008820,2026-06-27,86.79,Credit Card,Completed
PAY008821,ORD008821,2026-05-23,65.58,Apple Pay,Failed
PAY008822,ORD008822,2026-01-17,65.98,Credit Card,Failed
PAY008823,ORD008823,2026-01-29,40.93,PayPal,Completed
PAY008824,ORD008824,2026-01-05,20.25,Apple Pay,Completed
PAY008825,ORD008825,2026-01-11,144.28,Credit Card,Pending
PAY008826,ORD008826,2026-07-27,186.7,Credit Card,Completed
PAY008827,ORD008827,2026-06-29,36.09,PayPal,Failed
PAY008828,ORD008828,2026-06-11,39.46,Apple Pay,Completed
PAY008829,ORD008829,2026-03-22,19.94,PayPal,Completed
PAY008830,ORD008830,2026-02-02,45.7,PayPal,Completed
PAY008831,ORD008831,2026-02-18,76.66,PayPal,Failed
PAY008832,ORD008832,2026-05-01,38.43,Apple Pay,Completed
PAY008833,ORD008833,2026-06-08,102.15,Google Pay,Completed
PAY008834,ORD008834,2026-01-18,31.25,Credit Card,Completed
PAY008835,ORD008835,2026-04-25,93.68,Credit Card,Completed
PAY008836,ORD008836,2026-08-05,74.93,PayPal,Failed
PAY008837,ORD008837,2026-01-05,47.46,PayPal,Pending
PAY008838,ORD008838,2026-06-07,50.54,Google Pay,Completed
PAY008839,ORD008839,2026-02-14,99.28,Debit Card,Completed
PAY008840,ORD008840,2026-04-30,405.76,Credit Card,Completed
PAY008841,ORD008841,2026-08-03,55.24,Debit Card,Completed
PAY008842,ORD008842,2026-05-08,121.07,PayPal,Completed
PAY008843,ORD008843,2026-02-07,188.93,Credit Card,Completed
PAY008844,ORD008844,2026-04-19,38.05,Credit Card,Completed
PAY008845,ORD008845,2026-07-29,32.47,PayPal,Failed
PAY008846,ORD008846,2026-04-06,60.79,Debit Card,Completed
PAY008847,ORD008847,2026-04-04,68.32,Debit Card,Failed
PAY008848,ORD008848,2026-01-29,85.93,Apple Pay,Pending
PAY008849,ORD008849,2026-06-13,34.54,Apple Pay,Completed
PAY008850,ORD008850,2026-05-17,101.68,Google Pay,Pending
PAY008851,ORD008851,2026-01-23,27.63,Google Pay,Completed
PAY008852,ORD008852,2026-05-11,59.58,Debit Card,Pending
PAY008853,ORD008853,2026-03-27,75.24,PayPal,Completed
PAY008854,ORD008854,2026-07-03,23.09,Debit Card,Completed
PAY008855,ORD008855,2026-06-17,81.39,Credit Card,Completed
PAY008856,ORD008856,2026-07-03,51.53,Apple Pay,Completed
PAY008857,ORD008857,2026-02-27,43.89,Apple Pay,Completed
PAY008858,ORD008858,2026-06-08,74.77,Debit Card,Completed
PAY008859,ORD008859,2026-08-02,21.7,Credit Card,Completed
PAY008860,ORD008860,2026-01-11,79.93,Debit Card,Pending
PAY008861,ORD008861,2026-02-11,26.02,Debit Card,Completed
PAY008862,ORD008862,2026-05-11,77.3,Debit Card,Completed
PAY008863,ORD008863,2026-07-04,65.08,Credit Card,Pending
PAY008864,ORD008864,2026-01-14,172.8,Apple Pay,Failed
PAY008865,ORD008865,2026-02-15,172.96,PayPal,Pending
PAY008866,ORD008866,2026-05-27,103.45,Google Pay,Completed
PAY008867,ORD008867,2026-05-04,57.35,Credit Card,Completed
PAY008868,ORD008868,2026-03-01,59.82,Apple Pay,Completed
PAY008869,ORD008869,2026-06-08,27.12,Debit Card,Completed
PAY008870,ORD008870,2026-02-05,17.15,PayPal,Completed
PAY008871,ORD008871,2026-06-09,128.32,Google Pay,Completed
PAY008872,ORD008872,2026-07-10,44.55,Google Pay,Completed
PAY008873,ORD008873,2026-01-26,32.48,Credit Card,Completed
PAY008874,ORD008874,2026-03-06,17.44,Debit Card,Completed
PAY008875,ORD008875,2026-05-10,66.17,Debit Card,Failed
PAY008876,ORD008876,2026-03-11,50.08,PayPal,Completed
PAY008877,ORD008877,2026-05-06,37.4,Google Pay,Completed
PAY008878,ORD008878,2026-06-22,36.1,Credit Card,Completed
PAY008879,ORD008879,2026-07-25,72.43,Debit Card,Pending
PAY008880,ORD008880,2026-08-08,62.35,Google Pay,Completed
PAY008881,ORD008881,2026-08-13,18.07,Google Pay,Completed
PAY008882,ORD008882,2026-06-02,32.23,Apple Pay,Completed
PAY008883,ORD008883,2026-02-09,110.08,PayPal,Completed
PAY008884,ORD008884,2026-05-26,35.38,Debit Card,Completed
PAY008885,ORD008885,2026-04-20,114.28,Apple Pay,Failed
PAY008886,ORD008886,2026-04-08,60.17,PayPal,Completed
PAY008887,ORD008887,2026-01-12,42.76,Apple Pay,Completed
PAY008888,ORD008888,2026-08-07,45.24,Debit Card,Pending
PAY008889,ORD008889,2026-01-24,90.04,Credit Card,Pending
PAY008890,ORD008890,2026-08-13,31.09,Apple Pay,Pending
PAY008891,ORD008891,2026-07-26,23.49,Apple Pay,Failed
PAY008892,ORD008892,2026-06-20,36.13,Google Pay,Completed
PAY008893,ORD008893,2026-02-01,24.86,Debit Card,Completed
PAY008894,ORD008894,2026-04-24,28.4,Apple Pay,Completed
PAY008895,ORD008895,2026-07-28,28.07,Credit Card,Completed
PAY008896,ORD008896,2026-02-16,66.11,Apple Pay,Completed
PAY008897,ORD008897,2026-06-22,15.16,PayPal,Failed
PAY008898,ORD008898,2026-02-04,64.33,Credit Card,Completed
PAY008899,ORD008899,2026-07-24,55.19,Credit Card,Pending
PAY008900,ORD008900,2026-05-02,98.9,Apple Pay,Completed
PAY008901,ORD008901,2026-05-08,74.35,Apple Pay,Completed
PAY008902,ORD008902,2026-05-17,72.43,Google Pay,Failed
PAY008903,ORD008903,2026-01-10,29.73,Debit Card,Completed
PAY008904,ORD008904,2026-03-06,44.7,Google Pay,Completed
PAY008905,ORD008905,2026-07-06,20.6,PayPal,Failed
PAY008906,ORD008906,2026-04-08,135.94,Debit Card,Completed
PAY008907,ORD008907,2026-07-04,153.84,Google Pay,Completed
PAY008908,ORD008908,2026-08-05,82.36,Google Pay,Completed
PAY008909,ORD008909,2026-08-02,25.45,Apple Pay,Completed
PAY008910,ORD008910,2026-01-10,93.47,Google Pay,Pending
PAY008911,ORD008911,2026-08-06,43.13,Apple Pay,Pending
PAY008912,ORD008912,2026-05-27,18.6,Credit Card,Completed
PAY008913,ORD008913,2026-04-19,46.04,Debit Card,Failed
PAY008914,ORD008914,2026-06-27,122.46,Apple Pay,Completed
PAY008915,ORD008915,2026-03-09,51.38,Google Pay,Completed
PAY008916,ORD008916,2026-04-14,64.49,Apple Pay,Completed
PAY008917,ORD008917,2026-01-05,25.79,Credit Card,Completed
PAY008918,ORD008918,2026-06-06,50.47,PayPal,Completed
PAY008919,ORD008919,2026-04-26,49.53,PayPal,Failed
PAY008920,ORD008920,2026-01-05,29.17,Credit Card,Completed
PAY008921,ORD008921,2026-03-01,67.85,Google Pay,Completed
PAY008922,ORD008922,2026-03-06,49.42,Debit Card,Completed
PAY008923,ORD008923,2026-05-07,87.49,Debit Card,Completed
PAY008924,ORD008924,2026-01-28,41.4,Apple Pay,Failed
PAY008925,ORD008925,2026-03-24,66.04,PayPal,Failed
PAY008926,ORD008926,2026-05-09,35.63,Credit Card,Completed
PAY008927,ORD008927,2026-01-29,19.52,Google Pay,Failed
PAY008928,ORD008928,2026-06-28,126.1,Credit Card,Completed
PAY008929,ORD008929,2026-06-13,42.86,PayPal,Pending
PAY008930,ORD008930,2026-06-09,31.44,Credit Card,Completed
PAY008931,ORD008931,2026-03-05,85.92,Credit Card,Completed
PAY008932,ORD008932,2026-05-22,60.14,Credit Card,Completed
PAY008933,ORD008933,2026-02-01,23.63,Apple Pay,Failed
PAY008934,ORD008934,2026-01-09,51.41,Google Pay,Completed
PAY008935,ORD008935,2026-07-30,18.65,Debit Card,Pending
PAY008936,ORD008936,2026-05-19,37.34,Google Pay,Pending
PAY008937,ORD008937,2026-06-25,153.85,PayPal,Completed
PAY008938,ORD008938,2026-06-28,28.42,Debit Card,Pending
PAY008939,ORD008939,2026-05-12,36.26,Apple Pay,Completed
PAY008940,ORD008940,2026-02-10,68.91,Debit Card,Completed
PAY008941,ORD008941,2026-01-25,28.21,Debit Card,Completed
PAY008942,ORD008942,2026-05-25,36.13,Debit Card,Completed
PAY008943,ORD008943,2026-06-24,123.32,Credit Card,Completed
PAY008944,ORD008944,2026-01-08,31.3,PayPal,Failed
PAY008945,ORD008945,2026-02-27,50.16,Apple Pay,Completed
PAY008946,ORD008946,2026-04-19,36.36,PayPal,Pending
PAY008947,ORD008947,2026-05-09,41.79,Credit Card,Completed
PAY008948,ORD008948,2026-01-02,66.09,Apple Pay,Completed
PAY008949,ORD008949,2026-01-10,60.26,Credit Card,Failed
PAY008950,ORD008950,2026-04-01,39.39,Apple Pay,Completed
PAY008951,ORD008951,2026-04-27,55.22,Apple Pay,Failed
PAY008952,ORD008952,2026-06-04,114.63,Google Pay,Completed
PAY008953,ORD008953,2026-05-21,56.19,Credit Card,Completed
PAY008954,ORD008954,2026-03-04,59.53,PayPal,Completed
PAY008955,ORD008955,2026-01-11,35.98,Credit Card,Failed
PAY008956,ORD008956,2026-05-22,86.32,Credit Card,Completed
PAY008957,ORD008957,2026-04-06,29.73,Credit Card,Completed
PAY008958,ORD008958,2026-07-27,152.53,Google Pay,Pending
PAY008959,ORD008959,2026-05-04,55.59,Google Pay,Completed
PAY008960,ORD008960,2026-04-03,48.58,Google Pay,Failed
PAY008961,ORD008961,2026-04-12,137.8,Google Pay,Pending
PAY008962,ORD008962,2026-04-08,98.6,Credit Card,Completed
PAY008963,ORD008963,2026-01-26,160.51,PayPal,Completed
PAY008964,ORD008964,2026-07-16,113.11,Debit Card,Failed
PAY008965,ORD008965,2026-07-30,39.47,Credit Card,Completed
PAY008966,ORD008966,2026-02-08,42.47,PayPal,Failed
PAY008967,ORD008967,2026-04-02,70.86,Debit Card,Failed
PAY008968,ORD008968,2026-06-05,47.85,Debit Card,Completed
PAY008969,ORD008969,2026-05-25,118.1,Google Pay,Pending
PAY008970,ORD008970,2026-06-14,31.16,Debit Card,Completed
PAY008971,ORD008971,2026-04-18,54.79,PayPal,Failed
PAY008972,ORD008972,2026-07-30,46.39,Google Pay,Pending
PAY008973,ORD008973,2026-06-04,45.72,Credit Card,Completed
PAY008974,ORD008974,2026-03-17,59.12,Credit Card,Pending
PAY008975,ORD008975,2026-03-08,45.09,Google Pay,Completed
PAY008976,ORD008976,2026-05-02,45.57,Google Pay,Failed
PAY008977,ORD008977,2026-07-15,27.76,Debit Card,Failed
PAY008978,ORD008978,2026-06-24,58.01,Debit Card,Completed
PAY008979,ORD008979,2026-04-21,36.53,PayPal,Completed
PAY008980,ORD008980,2026-07-22,35.85,Google Pay,Pending
PAY008981,ORD008981,2026-06-11,55.69,Credit Card,Completed
PAY008982,ORD008982,2026-01-18,72.17,PayPal,Failed
PAY008983,ORD008983,2026-02-04,200.34,Credit Card,Completed
PAY008984,ORD008984,2026-01-18,38.21,Credit Card,Completed
PAY008985,ORD008985,2026-07-17,99.54,PayPal,Pending
PAY008986,ORD008986,2026-06-11,49.7,Credit Card,Completed
PAY008987,ORD008987,2026-06-10,169.57,Google Pay,Completed
PAY008988,ORD008988,2026-05-08,237.06,Google Pay,Failed
PAY008989,ORD008989,2026-07-19,30.42,PayPal,Completed
PAY008990,ORD008990,2026-05-07,66.41,Credit Card,Failed
PAY008991,ORD008991,2026-03-25,76.84,Credit Card,Pending
PAY008992,ORD008992,2026-07-31,159.73,Debit Card,Completed
PAY008993,ORD008993,2026-02-12,31.46,Apple Pay,Completed
PAY008994,ORD008994,2026-03-23,122.49,PayPal,Completed
PAY008995,ORD008995,2026-01-27,62.08,Credit Card,Completed
PAY008996,ORD008996,2026-02-17,16.62,PayPal,Completed
PAY008997,ORD008997,2026-03-10,56.99,Debit Card,Completed
PAY008998,ORD008998,2026-07-18,96.86,PayPal,Failed
PAY008999,ORD008999,2026-05-30,156.81,Google Pay,Failed
PAY009000,ORD009000,2026-06-11,67.54,Credit Card,Completed
PAY009001,ORD009001,2026-06-20,57.58,Debit Card,Completed
PAY009002,ORD009002,2026-07-24,17.14,Google Pay,Pending
PAY009003,ORD009003,2026-04-26,76.26,Apple Pay,Failed
PAY009004,ORD009004,2026-08-12,38.44,Apple Pay,Completed
PAY009005,ORD009005,2026-08-04,49.24,PayPal,Completed
PAY009006,ORD009006,2026-05-04,112.12,Credit Card,Failed
PAY009007,ORD009007,2026-01-16,87.84,Apple Pay,Pending
PAY009008,ORD009008,2026-05-06,84.0,Debit Card,Completed
PAY009009,ORD009009,2026-01-14,32.35,Credit Card,Completed
PAY009010,ORD009010,2026-02-08,22.44,Debit Card,Completed
PAY009011,ORD009011,2026-07-18,36.89,Debit Card,Pending
PAY009012,ORD009012,2026-04-18,25.05,Debit Card,Completed
PAY009013,ORD009013,2026-01-12,129.01,Apple Pay,Completed
PAY009014,ORD009014,2026-07-31,68.66,PayPal,Completed
PAY009015,ORD009015,2026-04-07,220.33,Apple Pay,Completed
PAY009016,ORD009016,2026-02-24,82.33,Apple Pay,Completed
PAY009017,ORD009017,2026-05-14,163.25,PayPal,Completed
PAY009018,ORD009018,2026-02-09,81.46,Google Pay,Pending
PAY009019,ORD009019,2026-04-01,130.95,Debit Card,Completed
PAY009020,ORD009020,2026-01-13,60.9,Google Pay,Failed
PAY009021,ORD009021,2026-03-10,145.21,Debit Card,Failed
PAY009022,ORD009022,2026-06-01,110.69,Google Pay,Pending
PAY009023,ORD009023,2026-07-21,22.86,Debit Card,Failed
PAY009024,ORD009024,2026-07-06,113.02,PayPal,Pending
PAY009025,ORD009025,2026-06-23,97.14,PayPal,Completed
PAY009026,ORD009026,2026-04-06,15.63,PayPal,Pending
PAY009027,ORD009027,2026-07-20,54.95,Credit Card,Completed
PAY009028,ORD009028,2026-06-21,126.19,Debit Card,Completed
PAY009029,ORD009029,2026-07-23,13.18,PayPal,Failed
PAY009030,ORD009030,2026-01-11,96.69,Google Pay,Completed
PAY009031,ORD009031,2026-04-28,78.23,Credit Card,Pending
PAY009032,ORD009032,2026-03-02,62.54,Credit Card,Failed
PAY009033,ORD009033,2026-02-05,553.31,PayPal,Failed
PAY009034,ORD009034,2026-07-19,100.0,Apple Pay,Pending
PAY009035,ORD009035,2026-05-18,41.5,PayPal,Pending
PAY009036,ORD009036,2026-07-25,49.23,Apple Pay,Completed
PAY009037,ORD009037,2026-08-10,113.55,PayPal,Failed
PAY009038,ORD009038,2026-05-09,92.35,Debit Card,Failed
PAY009039,ORD009039,2026-03-04,50.29,Google Pay,Completed
PAY009040,ORD009040,2026-05-20,121.94,Apple Pay,Completed
PAY009041,ORD009041,2026-01-05,29.13,Apple Pay,Pending
PAY009042,ORD009042,2026-03-19,112.68,Credit Card,Completed
PAY009043,ORD009043,2026-02-05,43.8,Apple Pay,Completed
PAY009044,ORD009044,2026-05-25,95.51,Debit Card,Completed
PAY009045,ORD009045,2026-07-05,214.37,Google Pay,Completed
PAY009046,ORD009046,2026-05-30,16.45,Apple Pay,Completed
PAY009047,ORD009047,2026-06-08,47.12,Credit Card,Pending
PAY009048,ORD009048,2026-06-03,13.1,Google Pay,Completed
PAY009049,ORD009049,2026-01-13,94.12,Apple Pay,Failed
PAY009050,ORD009050,2026-07-10,136.18,Debit Card,Completed
PAY009051,ORD009051,2026-07-14,37.91,Debit Card,Completed
PAY009052,ORD009052,2026-03-04,82.16,Google Pay,Failed
PAY009053,ORD009053,2026-01-11,75.94,Credit Card,Completed
PAY009054,ORD009054,2026-03-10,77.17,Debit Card,Completed
PAY009055,ORD009055,2026-07-11,95.31,PayPal,Completed
PAY009056,ORD009056,2026-04-12,88.82,PayPal,Completed
PAY009057,ORD009057,2026-07-15,43.95,Apple Pay,Completed
PAY009058,ORD009058,2026-02-01,46.88,Debit Card,Failed
PAY009059,ORD009059,2026-07-21,21.27,PayPal,Completed
PAY009060,ORD009060,2026-01-10,13.6,Apple Pay,Completed
PAY009061,ORD009061,2026-04-18,58.86,Apple Pay,Completed
PAY009062,ORD009062,2026-02-23,199.47,Apple Pay,Failed
PAY009063,ORD009063,2026-07-02,30.49,Credit Card,Completed
PAY009064,ORD009064,2026-03-23,40.02,Apple Pay,Failed
PAY009065,ORD009065,2026-07-09,63.03,Credit Card,Completed
PAY009066,ORD009066,2026-07-02,47.58,PayPal,Completed
PAY009067,ORD009067,2026-03-28,59.06,Apple Pay,Completed
PAY009068,ORD009068,2026-03-23,77.15,PayPal,Completed
PAY009069,ORD009069,2026-02-04,69.74,Debit Card,Failed
PAY009070,ORD009070,2026-03-08,30.86,Credit Card,Failed
PAY009071,ORD009071,2026-03-06,28.8,PayPal,Completed
PAY009072,ORD009072,2026-01-17,70.04,Apple Pay,Completed
PAY009073,ORD009073,2026-02-11,23.35,PayPal,Pending
PAY009074,ORD009074,2026-07-06,128.81,Apple Pay,Pending
PAY009075,ORD009075,2026-07-17,73.76,Google Pay,Completed
PAY009076,ORD009076,2026-05-01,132.83,Credit Card,Completed
PAY009077,ORD009077,2026-05-01,86.1,Debit Card,Completed
PAY009078,ORD009078,2026-05-19,57.31,PayPal,Completed
PAY009079,ORD009079,2026-03-19,122.37,PayPal,Completed
PAY009080,ORD009080,2026-01-28,59.38,Google Pay,Completed
PAY009081,ORD009081,2026-02-08,45.36,Apple Pay,Failed
PAY009082,ORD009082,2026-07-01,19.01,Debit Card,Completed
PAY009083,ORD009083,2026-04-10,54.36,Apple Pay,Completed
PAY009084,ORD009084,2026-01-11,34.4,Apple Pay,Failed
PAY009085,ORD009085,2026-04-25,35.86,PayPal,Completed
PAY009086,ORD009086,2026-07-05,42.49,PayPal,Completed
PAY009087,ORD009087,2026-04-27,86.72,PayPal,Pending
PAY009088,ORD009088,2026-06-17,29.36,Credit Card,Completed
PAY009089,ORD009089,2026-05-12,24.13,Credit Card,Pending
PAY009090,ORD009090,2026-03-05,17.2,PayPal,Completed
PAY009091,ORD009091,2026-06-25,81.32,Apple Pay,Failed
PAY009092,ORD009092,2026-07-17,97.0,Debit Card,Pending
PAY009093,ORD009093,2026-03-24,41.33,Debit Card,Pending
PAY009094,ORD009094,2026-06-08,43.18,Apple Pay,Completed
PAY009095,ORD009095,2026-01-02,110.84,Google Pay,Pending
PAY009096,ORD009096,2026-02-12,54.31,Apple Pay,Completed
PAY009097,ORD009097,2026-08-05,78.35,Debit Card,Completed
PAY009098,ORD009098,2026-02-10,70.93,Google Pay,Pending
PAY009099,ORD009099,2026-03-01,29.97,Google Pay,Failed
PAY009100,ORD009100,2026-04-22,81.13,Debit Card,Failed
PAY009101,ORD009101,2026-07-22,67.74,Google Pay,Completed
PAY009102,ORD009102,2026-06-23,40.44,Credit Card,Pending
PAY009103,ORD009103,2026-02-09,47.52,PayPal,Completed
PAY009104,ORD009104,2026-02-28,23.04,Google Pay,Failed
PAY009105,ORD009105,2026-02-14,105.52,Google Pay,Completed
PAY009106,ORD009106,2026-02-11,68.88,Credit Card,Pending
PAY009107,ORD009107,2026-04-29,66.07,Credit Card,Completed
PAY009108,ORD009108,2026-05-29,63.87,Apple Pay,Pending
PAY009109,ORD009109,2026-05-11,79.13,Debit Card,Failed
PAY009110,ORD009110,2026-07-13,21.1,Apple Pay,Failed
PAY009111,ORD009111,2026-05-19,412.87,Debit Card,Completed
PAY009112,ORD009112,2026-01-24,99.69,Credit Card,Pending
PAY009113,ORD009113,2026-02-19,77.76,PayPal,Pending
PAY009114,ORD009114,2026-03-29,220.12,Debit Card,Failed
PAY009115,ORD009115,2026-01-21,77.14,Debit Card,Completed
PAY009116,ORD009116,2026-06-02,232.29,Credit Card,Pending
PAY009117,ORD009117,2026-05-12,266.24,Google Pay,Completed
PAY009118,ORD009118,2026-05-05,156.73,Apple Pay,Completed
PAY009119,ORD009119,2026-02-12,60.16,PayPal,Completed
PAY009120,ORD009120,2026-06-24,57.53,Debit Card,Completed
PAY009121,ORD009121,2026-01-23,46.84,Google Pay,Pending
PAY009122,ORD009122,2026-07-07,106.39,Credit Card,Pending
PAY009123,ORD009123,2026-08-04,29.36,Debit Card,Completed
PAY009124,ORD009124,2026-01-21,54.32,Google Pay,Completed
PAY009125,ORD009125,2026-07-13,13.07,Apple Pay,Completed
PAY009126,ORD009126,2026-08-03,29.07,Credit Card,Pending
PAY009127,ORD009127,2026-06-28,64.69,Google Pay,Completed
PAY009128,ORD009128,2026-05-23,90.99,Google Pay,Completed
PAY009129,ORD009129,2026-02-27,122.16,Debit Card,Failed
PAY009130,ORD009130,2026-01-26,63.7,Apple Pay,Completed
PAY009131,ORD009131,2026-08-06,40.91,Credit Card,Completed
PAY009132,ORD009132,2026-08-08,39.94,Credit Card,Completed
PAY009133,ORD009133,2026-02-28,38.19,Apple Pay,Completed
PAY009134,ORD009134,2026-03-31,250.6,PayPal,Pending
PAY009135,ORD009135,2026-02-14,44.69,Debit Card,Completed
PAY009136,ORD009136,2026-07-13,79.08,Google Pay,Completed
PAY009137,ORD009137,2026-06-12,51.25,Debit Card,Pending
PAY009138,ORD009138,2026-08-12,91.54,Apple Pay,Completed
PAY009139,ORD009139,2026-04-04,30.5,Google Pay,Pending
PAY009140,ORD009140,2026-04-20,41.47,PayPal,Completed
PAY009141,ORD009141,2026-03-05,82.86,Apple Pay,Failed
PAY009142,ORD009142,2026-03-25,37.78,Debit Card,Completed
PAY009143,ORD009143,2026-03-18,96.69,Google Pay,Completed
PAY009144,ORD009144,2026-01-27,87.27,Credit Card,Completed
PAY009145,ORD009145,2026-03-28,60.48,Google Pay,Completed
PAY009146,ORD009146,2026-07-27,51.91,Google Pay,Completed
PAY009147,ORD009147,2026-06-08,53.03,Apple Pay,Failed
PAY009148,ORD009148,2026-01-12,107.04,PayPal,Completed
PAY009149,ORD009149,2026-08-13,86.72,Google Pay,Pending
PAY009150,ORD009150,2026-04-12,181.22,Google Pay,Failed
PAY009151,ORD009151,2026-02-14,25.23,PayPal,Completed
PAY009152,ORD009152,2026-05-08,22.05,PayPal,Pending
PAY009153,ORD009153,2026-02-01,47.09,Google Pay,Failed
PAY009154,ORD009154,2026-02-23,51.49,Credit Card,Completed
PAY009155,ORD009155,2026-07-13,57.01,Credit Card,Pending
PAY009156,ORD009156,2026-04-23,174.99,Credit Card,Completed
PAY009157,ORD009157,2026-04-25,76.35,Apple Pay,Failed
PAY009158,ORD009158,2026-08-03,70.38,Apple Pay,Completed
PAY009159,ORD009159,2026-02-01,41.0,Credit Card,Completed
PAY009160,ORD009160,2026-05-23,54.48,Credit Card,Completed
PAY009161,ORD009161,2026-04-14,66.73,Credit Card,Failed
PAY009162,ORD009162,2026-02-24,54.53,PayPal,Completed
PAY009163,ORD009163,2026-02-10,67.8,Debit Card,Failed
PAY009164,ORD009164,2026-05-07,80.72,Apple Pay,Completed
PAY009165,ORD009165,2026-02-09,114.8,Apple Pay,Completed
PAY009166,ORD009166,2026-03-13,114.91,Apple Pay,Completed
PAY009167,ORD009167,2026-04-24,78.1,Debit Card,Pending
PAY009168,ORD009168,2026-06-26,145.85,Google Pay,Failed
PAY009169,ORD009169,2026-08-02,75.62,Apple Pay,Completed
PAY009170,ORD009170,2026-02-07,34.89,Google Pay,Completed
PAY009171,ORD009171,2026-02-25,19.61,PayPal,Completed
PAY009172,ORD009172,2026-02-03,158.51,Credit Card,Completed
PAY009173,ORD009173,2026-05-09,40.57,Credit Card,Completed
PAY009174,ORD009174,2026-01-10,115.07,PayPal,Completed
PAY009175,ORD009175,2026-06-17,171.37,Credit Card,Pending
PAY009176,ORD009176,2026-01-16,31.56,PayPal,Completed
PAY009177,ORD009177,2026-08-04,33.66,Credit Card,Completed
PAY009178,ORD009178,2026-06-23,115.54,PayPal,Completed
PAY009179,ORD009179,2026-06-01,81.86,PayPal,Failed
PAY009180,ORD009180,2026-01-14,50.49,Credit Card,Completed
PAY009181,ORD009181,2026-03-31,74.67,Google Pay,Pending
PAY009182,ORD009182,2026-06-16,101.69,Apple Pay,Failed
PAY009183,ORD009183,2026-01-18,109.72,Apple Pay,Completed
PAY009184,ORD009184,2026-03-25,169.4,Debit Card,Failed
PAY009185,ORD009185,2026-06-18,38.65,Debit Card,Completed
PAY009186,ORD009186,2026-02-25,139.19,Credit Card,Completed
PAY009187,ORD009187,2026-06-13,238.96,Apple Pay,Completed
PAY009188,ORD009188,2026-06-01,87.94,Debit Card,Completed
PAY009189,ORD009189,2026-03-31,177.14,Apple Pay,Completed
PAY009190,ORD009190,2026-01-29,53.27,PayPal,Completed
PAY009191,ORD009191,2026-01-22,69.29,Google Pay,Failed
PAY009192,ORD009192,2026-01-11,86.94,PayPal,Completed
PAY009193,ORD009193,2026-02-10,68.46,Debit Card,Completed
PAY009194,ORD009194,2026-06-26,37.07,Debit Card,Completed
PAY009195,ORD009195,2026-05-19,28.22,Credit Card,Completed
PAY009196,ORD009196,2026-02-21,120.1,Google Pay,Failed
PAY009197,ORD009197,2026-03-08,113.14,Google Pay,Completed
PAY009198,ORD009198,2026-03-26,18.64,Apple Pay,Completed
PAY009199,ORD009199,2026-03-16,98.69,Credit Card,Completed
PAY009200,ORD009200,2026-05-16,79.39,Google Pay,Pending
PAY009201,ORD009201,2026-06-08,41.78,Debit Card,Pending
PAY009202,ORD009202,2026-05-03,78.54,PayPal,Failed
PAY009203,ORD009203,2026-07-21,31.05,PayPal,Completed
PAY009204,ORD009204,2026-01-06,45.27,Google Pay,Pending
PAY009205,ORD009205,2026-03-22,34.17,PayPal,Failed
PAY009206,ORD009206,2026-07-18,112.8,Debit Card,Pending
PAY009207,ORD009207,2026-08-12,48.49,Apple Pay,Failed
PAY009208,ORD009208,2026-01-13,43.23,Debit Card,Completed
PAY009209,ORD009209,2026-01-06,37.11,Google Pay,Pending
PAY009210,ORD009210,2026-07-14,101.84,Debit Card,Pending
PAY009211,ORD009211,2026-06-04,93.49,Debit Card,Completed
PAY009212,ORD009212,2026-05-01,46.92,PayPal,Failed
PAY009213,ORD009213,2026-02-14,82.3,Apple Pay,Completed
PAY009214,ORD009214,2026-04-16,7.94,Credit Card,Failed
PAY009215,ORD009215,2026-01-26,33.68,Google Pay,Failed
PAY009216,ORD009216,2026-01-04,140.13,Google Pay,Pending
PAY009217,ORD009217,2026-02-06,51.35,Debit Card,Pending
PAY009218,ORD009218,2026-01-21,27.27,PayPal,Failed
PAY009219,ORD009219,2026-01-28,207.49,PayPal,Failed
PAY009220,ORD009220,2026-07-29,19.32,Google Pay,Failed
PAY009221,ORD009221,2026-02-01,25.63,Credit Card,Completed
PAY009222,ORD009222,2026-04-13,32.75,Credit Card,Pending
PAY009223,ORD009223,2026-06-30,36.28,Apple Pay,Completed
PAY009224,ORD009224,2026-06-10,155.99,Debit Card,Completed
PAY009225,ORD009225,2026-01-26,52.71,Google Pay,Completed
PAY009226,ORD009226,2026-05-25,307.12,Credit Card,Completed
PAY009227,ORD009227,2026-07-03,15.51,Credit Card,Completed
PAY009228,ORD009228,2026-04-26,122.04,PayPal,Completed
PAY009229,ORD009229,2026-04-03,45.73,Apple Pay,Completed
PAY009230,ORD009230,2026-07-31,45.77,Google Pay,Completed
PAY009231,ORD009231,2026-01-30,43.55,Apple Pay,Completed
PAY009232,ORD009232,2026-05-01,49.31,Credit Card,Completed
PAY009233,ORD009233,2026-01-05,112.59,Apple Pay,Completed
PAY009234,ORD009234,2026-04-28,38.12,Credit Card,Completed
PAY009235,ORD009235,2026-01-06,60.48,PayPal,Completed
PAY009236,ORD009236,2026-04-16,129.74,Debit Card,Pending
PAY009237,ORD009237,2026-05-04,13.79,Google Pay,Completed
PAY009238,ORD009238,2026-07-09,253.21,Debit Card,Completed
PAY009239,ORD009239,2026-05-18,142.45,Apple Pay,Completed
PAY009240,ORD009240,2026-03-11,85.55,Credit Card,Completed
PAY009241,ORD009241,2026-05-18,80.43,Debit Card,Completed
PAY009242,ORD009242,2026-04-16,72.17,PayPal,Failed
PAY009243,ORD009243,2026-08-01,39.9,Apple Pay,Completed
PAY009244,ORD009244,2026-02-13,111.13,Apple Pay,Completed
PAY009245,ORD009245,2026-02-25,53.28,Debit Card,Completed
PAY009246,ORD009246,2026-05-12,30.3,Apple Pay,Completed
PAY009247,ORD009247,2026-01-13,148.97,Google Pay,Completed
PAY009248,ORD009248,2026-05-02,33.12,Debit Card,Completed
PAY009249,ORD009249,2026-07-21,113.94,Debit Card,Pending
PAY009250,ORD009250,2026-07-27,54.32,PayPal,Failed
PAY009251,ORD009251,2026-01-19,90.7,Apple Pay,Completed
PAY009252,ORD009252,2026-07-17,31.09,PayPal,Completed
PAY009253,ORD009253,2026-03-31,30.53,Apple Pay,Failed
PAY009254,ORD009254,2026-07-09,103.56,Debit Card,Failed
PAY009255,ORD009255,2026-01-09,178.34,Apple Pay,Completed
PAY009256,ORD009256,2026-02-15,141.0,PayPal,Completed
PAY009257,ORD009257,2026-02-25,76.18,Debit Card,Completed
PAY009258,ORD009258,2026-03-15,27.89,Apple Pay,Completed
PAY009259,ORD009259,2026-02-09,13.29,PayPal,Pending
PAY009260,ORD009260,2026-03-08,227.92,Apple Pay,Pending
PAY009261,ORD009261,2026-04-23,41.43,PayPal,Failed
PAY009262,ORD009262,2026-03-24,153.27,Google Pay,Failed
PAY009263,ORD009263,2026-03-03,90.99,PayPal,Failed
PAY009264,ORD009264,2026-06-23,13.88,Credit Card,Completed
PAY009265,ORD009265,2026-05-14,53.85,Apple Pay,Failed
PAY009266,ORD009266,2026-01-29,83.48,Credit Card,Pending
PAY009267,ORD009267,2026-01-19,18.77,Google Pay,Completed
PAY009268,ORD009268,2026-04-24,45.91,PayPal,Completed
PAY009269,ORD009269,2026-04-18,28.38,Debit Card,Completed
PAY009270,ORD009270,2026-05-23,163.52,Debit Card,Pending
PAY009271,ORD009271,2026-02-26,34.12,PayPal,Completed
PAY009272,ORD009272,2026-02-07,82.28,Google Pay,Completed
PAY009273,ORD009273,2026-01-21,33.79,PayPal,Completed
PAY009274,ORD009274,2026-02-20,37.85,Debit Card,Completed
PAY009275,ORD009275,2026-06-16,53.96,Debit Card,Completed
PAY009276,ORD009276,2026-08-03,65.07,Debit Card,Completed
PAY009277,ORD009277,2026-01-20,62.48,PayPal,Completed
PAY009278,ORD009278,2026-01-02,18.7,Google Pay,Completed
PAY009279,ORD009279,2026-02-01,114.87,Google Pay,Pending
PAY009280,ORD009280,2026-04-21,178.3,Google Pay,Completed
PAY009281,ORD009281,2026-04-02,68.7,Debit Card,Pending
PAY009282,ORD009282,2026-05-12,55.17,Apple Pay,Pending
PAY009283,ORD009283,2026-01-07,130.86,PayPal,Completed
PAY009284,ORD009284,2026-01-03,88.91,Debit Card,Pending
PAY009285,ORD009285,2026-01-25,60.23,Google Pay,Pending
PAY009286,ORD009286,2026-04-22,44.63,PayPal,Pending
PAY009287,ORD009287,2026-01-09,61.85,Google Pay,Completed
PAY009288,ORD009288,2026-08-03,17.47,Credit Card,Failed
PAY009289,ORD009289,2026-08-03,73.68,Debit Card,Completed
PAY009290,ORD009290,2026-01-26,172.51,Google Pay,Pending
PAY009291,ORD009291,2026-03-05,14.27,Credit Card,Completed
PAY009292,ORD009292,2026-01-18,12.2,Google Pay,Completed
PAY009293,ORD009293,2026-08-04,109.73,Debit Card,Completed
PAY009294,ORD009294,2026-04-01,280.38,Apple Pay,Failed
PAY009295,ORD009295,2026-01-02,246.57,Google Pay,Failed
PAY009296,ORD009296,2026-01-01,52.48,Google Pay,Failed
PAY009297,ORD009297,2026-02-17,96.87,Credit Card,Failed
PAY009298,ORD009298,2026-07-27,145.11,Debit Card,Completed
PAY009299,ORD009299,2026-07-10,22.58,Google Pay,Failed
PAY009300,ORD009300,2026-04-17,17.36,PayPal,Pending
PAY009301,ORD009301,2026-08-04,53.01,Debit Card,Pending
PAY009302,ORD009302,2026-06-13,32.84,Credit Card,Completed
PAY009303,ORD009303,2026-07-10,77.06,Credit Card,Completed
PAY009304,ORD009304,2026-03-16,47.87,Credit Card,Completed
PAY009305,ORD009305,2026-01-26,221.49,Debit Card,Completed
PAY009306,ORD009306,2026-01-06,101.1,Debit Card,Pending
PAY009307,ORD009307,2026-01-26,55.21,Google Pay,Completed
PAY009308,ORD009308,2026-08-09,14.63,Credit Card,Completed
PAY009309,ORD009309,2026-02-12,84.79,Credit Card,Pending
PAY009310,ORD009310,2026-05-02,76.45,Debit Card,Pending
PAY009311,ORD009311,2026-05-09,52.58,Debit Card,Failed
PAY009312,ORD009312,2026-01-09,41.26,PayPal,Completed
PAY009313,ORD009313,2026-01-27,42.42,Credit Card,Pending
PAY009314,ORD009314,2026-03-12,175.68,Debit Card,Completed
PAY009315,ORD009315,2026-04-27,159.89,Debit Card,Completed
PAY009316,ORD009316,2026-04-28,48.88,Google Pay,Pending
PAY009317,ORD009317,2026-01-03,83.19,Credit Card,Pending
PAY009318,ORD009318,2026-07-08,87.13,PayPal,Failed
PAY009319,ORD009319,2026-07-20,25.58,Debit Card,Pending
PAY009320,ORD009320,2026-05-10,38.14,Google Pay,Pending
PAY009321,ORD009321,2026-05-04,158.43,Google Pay,Completed
PAY009322,ORD009322,2026-03-15,30.66,Apple Pay,Completed
PAY009323,ORD009323,2026-03-22,42.01,Credit Card,Completed
PAY009324,ORD009324,2026-06-08,54.04,Google Pay,Completed
PAY009325,ORD009325,2026-03-06,53.16,PayPal,Failed
PAY009326,ORD009326,2026-05-02,32.4,Credit Card,Completed
PAY009327,ORD009327,2026-05-26,48.19,PayPal,Pending
PAY009328,ORD009328,2026-05-14,15.95,Google Pay,Pending
PAY009329,ORD009329,2026-04-12,96.25,Credit Card,Failed
PAY009330,ORD009330,2026-02-11,57.24,Google Pay,Completed
PAY009331,ORD009331,2026-04-21,22.53,Google Pay,Pending
PAY009332,ORD009332,2026-07-15,40.62,Google Pay,Completed
PAY009333,ORD009333,2026-04-14,13.62,Debit Card,Completed
PAY009334,ORD009334,2026-01-04,27.44,Debit Card,Pending
PAY009335,ORD009335,2026-04-09,18.37,PayPal,Failed
PAY009336,ORD009336,2026-05-12,304.57,Debit Card,Completed
PAY009337,ORD009337,2026-03-06,74.14,PayPal,Completed
PAY009338,ORD009338,2026-02-10,62.82,Debit Card,Completed
PAY009339,ORD009339,2026-06-20,31.89,Google Pay,Completed
PAY009340,ORD009340,2026-08-11,74.52,Debit Card,Completed
PAY009341,ORD009341,2026-07-02,68.27,Apple Pay,Completed
PAY009342,ORD009342,2026-05-27,105.73,Google Pay,Pending
PAY009343,ORD009343,2026-05-29,43.71,Apple Pay,Failed
PAY009344,ORD009344,2026-07-05,40.08,Google Pay,Completed
PAY009345,ORD009345,2026-06-07,39.37,Debit Card,Pending
PAY009346,ORD009346,2026-04-26,51.14,Credit Card,Pending
PAY009347,ORD009347,2026-05-15,68.2,PayPal,Completed
PAY009348,ORD009348,2026-07-16,152.49,Google Pay,Completed
PAY009349,ORD009349,2026-03-05,146.05,Credit Card,Completed
PAY009350,ORD009350,2026-01-02,53.01,Credit Card,Completed
PAY009351,ORD009351,2026-04-25,349.24,Debit Card,Completed
PAY009352,ORD009352,2026-07-14,86.14,Google Pay,Completed
PAY009353,ORD009353,2026-05-08,91.1,Credit Card,Completed
PAY009354,ORD009354,2026-03-20,108.63,PayPal,Completed
PAY009355,ORD009355,2026-04-11,147.86,Apple Pay,Failed
PAY009356,ORD009356,2026-04-29,121.3,Debit Card,Completed
PAY009357,ORD009357,2026-03-15,41.04,Debit Card,Completed
PAY009358,ORD009358,2026-01-09,47.53,Debit Card,Completed
PAY009359,ORD009359,2026-01-23,24.33,PayPal,Completed
PAY009360,ORD009360,2026-01-14,90.35,Debit Card,Completed
PAY009361,ORD009361,2026-02-23,119.16,PayPal,Completed
PAY009362,ORD009362,2026-05-04,123.86,Credit Card,Failed
PAY009363,ORD009363,2026-02-14,73.7,Google Pay,Completed
PAY009364,ORD009364,2026-08-13,95.62,Credit Card,Pending
PAY009365,ORD009365,2026-01-16,19.29,Google Pay,Completed
PAY009366,ORD009366,2026-07-31,45.29,Debit Card,Completed
PAY009367,ORD009367,2026-07-19,42.47,Credit Card,Completed
PAY009368,ORD009368,2026-04-12,169.18,PayPal,Pending
PAY009369,ORD009369,2026-08-14,77.34,Debit Card,Failed
PAY009370,ORD009370,2026-04-05,75.39,Credit Card,Failed
PAY009371,ORD009371,2026-04-19,23.78,Credit Card,Completed
PAY009372,ORD009372,2026-07-04,24.91,PayPal,Pending
PAY009373,ORD009373,2026-05-16,52.73,PayPal,Failed
PAY009374,ORD009374,2026-01-25,103.85,Credit Card,Completed
PAY009375,ORD009375,2026-06-18,32.79,PayPal,Completed
PAY009376,ORD009376,2026-03-03,169.36,Apple Pay,Completed
PAY009377,ORD009377,2026-03-18,35.18,Apple Pay,Completed
PAY009378,ORD009378,2026-05-26,88.44,PayPal,Completed
PAY009379,ORD009379,2026-02-19,37.81,Credit Card,Completed
PAY009380,ORD009380,2026-06-18,145.73,PayPal,Failed
PAY009381,ORD009381,2026-02-03,233.13,PayPal,Completed
PAY009382,ORD009382,2026-04-10,93.69,Google Pay,Completed
PAY009383,ORD009383,2026-04-24,39.2,Apple Pay,Failed
PAY009384,ORD009384,2026-03-22,32.79,Debit Card,Failed
PAY009385,ORD009385,2026-01-12,36.88,Debit Card,Completed
PAY009386,ORD009386,2026-07-27,43.9,Debit Card,Completed
PAY009387,ORD009387,2026-03-18,40.69,PayPal,Pending
PAY009388,ORD009388,2026-03-16,149.44,Debit Card,Pending
PAY009389,ORD009389,2026-07-25,65.86,Google Pay,Completed
PAY009390,ORD009390,2026-06-19,89.55,PayPal,Completed
PAY009391,ORD009391,2026-02-24,25.43,Credit Card,Failed
PAY009392,ORD009392,2026-04-02,48.04,Credit Card,Failed
PAY009393,ORD009393,2026-07-06,93.64,PayPal,Completed
PAY009394,ORD009394,2026-06-28,44.66,Apple Pay,Pending
PAY009395,ORD009395,2026-03-29,75.77,Apple Pay,Completed
PAY009396,ORD009396,2026-06-30,45.84,Credit Card,Completed
PAY009397,ORD009397,2026-07-28,140.33,Debit Card,Completed
PAY009398,ORD009398,2026-01-09,61.38,Google Pay,Completed
PAY009399,ORD009399,2026-08-10,39.65,PayPal,Completed
PAY009400,ORD009400,2026-01-03,75.42,Google Pay,Pending
PAY009401,ORD009401,2026-04-28,75.55,Google Pay,Pending
PAY009402,ORD009402,2026-05-16,118.88,Google Pay,Completed
PAY009403,ORD009403,2026-07-29,25.78,PayPal,Completed
PAY009404,ORD009404,2026-07-06,31.65,Debit Card,Pending
PAY009405,ORD009405,2026-01-30,71.48,PayPal,Completed
PAY009406,ORD009406,2026-03-08,41.3,Credit Card,Failed
PAY009407,ORD009407,2026-02-24,67.07,Debit Card,Pending
PAY009408,ORD009408,2026-06-11,71.64,Credit Card,Pending
PAY009409,ORD009409,2026-05-03,32.05,Google Pay,Failed
PAY009410,ORD009410,2026-02-12,73.56,Debit Card,Failed
PAY009411,ORD009411,2026-06-05,41.65,Google Pay,Completed
PAY009412,ORD009412,2026-06-14,20.0,Credit Card,Completed
PAY009413,ORD009413,2026-08-05,59.86,PayPal,Completed
PAY009414,ORD009414,2026-06-07,45.3,Debit Card,Completed
PAY009415,ORD009415,2026-03-12,38.74,Google Pay,Completed
PAY009416,ORD009416,2026-03-03,65.12,Apple Pay,Completed
PAY009417,ORD009417,2026-04-20,85.37,Google Pay,Pending
PAY009418,ORD009418,2026-01-29,40.98,Credit Card,Failed
PAY009419,ORD009419,2026-04-25,109.64,Credit Card,Completed
PAY009420,ORD009420,2026-01-02,31.26,PayPal,Failed
PAY009421,ORD009421,2026-03-31,40.94,Debit Card,Completed
PAY009422,ORD009422,2026-04-15,171.2,Apple Pay,Completed
PAY009423,ORD009423,2026-02-26,34.83,Credit Card,Completed
PAY009424,ORD009424,2026-07-04,59.76,Debit Card,Completed
PAY009425,ORD009425,2026-02-11,35.39,Apple Pay,Completed
PAY009426,ORD009426,2026-02-18,166.32,PayPal,Completed
PAY009427,ORD009427,2026-07-04,33.38,Debit Card,Failed
PAY009428,ORD009428,2026-07-18,196.73,Google Pay,Completed
PAY009429,ORD009429,2026-01-18,128.84,Apple Pay,Pending
PAY009430,ORD009430,2026-07-17,80.83,Google Pay,Pending
PAY009431,ORD009431,2026-01-27,110.43,Google Pay,Completed
PAY009432,ORD009432,2026-04-28,237.74,Apple Pay,Completed
PAY009433,ORD009433,2026-02-23,41.57,Google Pay,Completed
PAY009434,ORD009434,2026-06-01,67.73,Apple Pay,Completed
PAY009435,ORD009435,2026-08-13,60.11,Google Pay,Pending
PAY009436,ORD009436,2026-08-11,35.05,PayPal,Completed
PAY009437,ORD009437,2026-06-11,45.39,PayPal,Completed
PAY009438,ORD009438,2026-05-30,73.91,Debit Card,Failed
PAY009439,ORD009439,2026-08-04,293.11,Google Pay,Pending
PAY009440,ORD009440,2026-03-04,28.56,PayPal,Completed
PAY009441,ORD009441,2026-06-13,59.58,PayPal,Completed
PAY009442,ORD009442,2026-04-02,46.65,PayPal,Failed
PAY009443,ORD009443,2026-03-25,89.82,Credit Card,Completed
PAY009444,ORD009444,2026-03-02,90.72,Google Pay,Completed
PAY009445,ORD009445,2026-03-23,23.91,Debit Card,Pending
PAY009446,ORD009446,2026-02-11,68.16,PayPal,Completed
PAY009447,ORD009447,2026-04-06,14.1,Apple Pay,Completed
PAY009448,ORD009448,2026-06-10,133.24,Credit Card,Completed
PAY009449,ORD009449,2026-03-15,18.11,Google Pay,Completed
PAY009450,ORD009450,2026-05-17,31.87,Debit Card,Completed
PAY009451,ORD009451,2026-04-29,82.06,PayPal,Completed
PAY009452,ORD009452,2026-01-25,38.14,Apple Pay,Pending
PAY009453,ORD009453,2026-05-21,78.29,Credit Card,Completed
PAY009454,ORD009454,2026-02-16,214.29,Apple Pay,Failed
PAY009455,ORD009455,2026-05-02,127.83,Apple Pay,Completed
PAY009456,ORD009456,2026-06-22,43.04,Credit Card,Completed
PAY009457,ORD009457,2026-05-13,51.4,Apple Pay,Completed
PAY009458,ORD009458,2026-01-31,26.23,PayPal,Completed
PAY009459,ORD009459,2026-06-08,125.9,Credit Card,Completed
PAY009460,ORD009460,2026-04-08,85.73,Google Pay,Completed
PAY009461,ORD009461,2026-08-06,33.82,Credit Card,Failed
PAY009462,ORD009462,2026-07-18,75.68,Debit Card,Pending
PAY009463,ORD009463,2026-06-18,20.29,PayPal,Completed
PAY009464,ORD009464,2026-04-25,77.81,Google Pay,Pending
PAY009465,ORD009465,2026-06-23,148.51,PayPal,Completed
PAY009466,ORD009466,2026-02-21,99.87,PayPal,Completed
PAY009467,ORD009467,2026-07-31,73.53,Credit Card,Pending
PAY009468,ORD009468,2026-04-17,126.64,Google Pay,Completed
PAY009469,ORD009469,2026-03-27,44.41,Credit Card,Failed
PAY009470,ORD009470,2026-05-13,13.32,Debit Card,Completed
PAY009471,ORD009471,2026-01-12,159.84,Debit Card,Pending
PAY009472,ORD009472,2026-01-21,112.47,Debit Card,Completed
PAY009473,ORD009473,2026-01-09,76.73,Credit Card,Completed
PAY009474,ORD009474,2026-04-03,65.06,Credit Card,Failed
PAY009475,ORD009475,2026-04-01,107.97,Debit Card,Completed
PAY009476,ORD009476,2026-05-25,107.87,Credit Card,Completed
PAY009477,ORD009477,2026-04-14,53.83,Apple Pay,Completed
PAY009478,ORD009478,2026-06-01,151.54,Apple Pay,Failed
PAY009479,ORD009479,2026-06-04,104.15,Apple Pay,Completed
PAY009480,ORD009480,2026-05-16,40.15,PayPal,Completed
PAY009481,ORD009481,2026-06-21,304.68,Google Pay,Failed
PAY009482,ORD009482,2026-03-03,35.12,Google Pay,Failed
PAY009483,ORD009483,2026-01-29,15.45,Google Pay,Completed
PAY009484,ORD009484,2026-03-24,23.97,Debit Card,Pending
PAY009485,ORD009485,2026-03-15,139.45,Apple Pay,Completed
PAY009486,ORD009486,2026-06-01,143.69,Apple Pay,Completed
PAY009487,ORD009487,2026-02-03,30.9,Credit Card,Failed
PAY009488,ORD009488,2026-03-01,40.0,PayPal,Pending
PAY009489,ORD009489,2026-04-14,40.3,PayPal,Completed
PAY009490,ORD009490,2026-06-08,109.92,Apple Pay,Pending
PAY009491,ORD009491,2026-04-25,26.51,Credit Card,Completed
PAY009492,ORD009492,2026-05-12,120.38,Apple Pay,Completed
PAY009493,ORD009493,2026-08-11,69.0,Debit Card,Completed
PAY009494,ORD009494,2026-05-17,41.32,Debit Card,Pending
PAY009495,ORD009495,2026-03-31,44.4,Google Pay,Completed
PAY009496,ORD009496,2026-03-18,51.42,Google Pay,Failed
PAY009497,ORD009497,2026-05-01,52.16,Apple Pay,Failed
PAY009498,ORD009498,2026-08-06,37.41,Google Pay,Completed
PAY009499,ORD009499,2026-07-01,262.31,Apple Pay,Failed
PAY009500,ORD009500,2026-01-01,90.48,PayPal,Completed
PAY009501,ORD009501,2026-07-08,114.28,Debit Card,Completed
PAY009502,ORD009502,2026-03-14,67.25,Credit Card,Completed
PAY009503,ORD009503,2026-06-08,74.11,Credit Card,Completed
PAY009504,ORD009504,2026-03-29,48.6,PayPal,Completed
PAY009505,ORD009505,2026-02-14,133.53,Apple Pay,Completed
PAY009506,ORD009506,2026-03-01,64.21,Debit Card,Completed
PAY009507,ORD009507,2026-03-27,37.96,Apple Pay,Completed
PAY009508,ORD009508,2026-07-20,9.32,Apple Pay,Completed
PAY009509,ORD009509,2026-04-13,32.82,PayPal,Failed
PAY009510,ORD009510,2026-03-28,53.67,PayPal,Completed
PAY009511,ORD009511,2026-07-31,62.82,Google Pay,Completed
PAY009512,ORD009512,2026-04-29,26.66,PayPal,Completed
PAY009513,ORD009513,2026-02-11,13.41,Google Pay,Completed
PAY009514,ORD009514,2026-08-01,284.48,Credit Card,Failed
PAY009515,ORD009515,2026-06-04,60.5,Google Pay,Completed
PAY009516,ORD009516,2026-07-05,48.16,Google Pay,Completed
PAY009517,ORD009517,2026-07-16,69.1,Credit Card,Pending
PAY009518,ORD009518,2026-03-22,28.55,Debit Card,Completed
PAY009519,ORD009519,2026-08-14,129.63,Apple Pay,Completed
PAY009520,ORD009520,2026-07-20,43.14,Apple Pay,Completed
PAY009521,ORD009521,2026-06-11,36.33,PayPal,Completed
PAY009522,ORD009522,2026-01-10,39.81,PayPal,Failed
PAY009523,ORD009523,2026-05-03,37.65,Debit Card,Completed
PAY009524,ORD009524,2026-07-13,27.43,PayPal,Completed
PAY009525,ORD009525,2026-04-21,82.17,Apple Pay,Pending
PAY009526,ORD009526,2026-01-25,90.75,Google Pay,Pending
PAY009527,ORD009527,2026-01-03,24.03,Google Pay,Pending
PAY009528,ORD009528,2026-06-11,49.87,PayPal,Failed
PAY009529,ORD009529,2026-03-12,66.26,Apple Pay,Completed
PAY009530,ORD009530,2026-01-28,42.27,Credit Card,Completed
PAY009531,ORD009531,2026-05-17,105.6,Credit Card,Pending
PAY009532,ORD009532,2026-01-11,179.49,Google Pay,Completed
PAY009533,ORD009533,2026-04-03,83.99,Apple Pay,Pending
PAY009534,ORD009534,2026-04-28,60.39,Google Pay,Completed
PAY009535,ORD009535,2026-05-04,35.3,Apple Pay,Completed
PAY009536,ORD009536,2026-07-27,21.63,Credit Card,Completed
PAY009537,ORD009537,2026-06-16,34.49,PayPal,Pending
PAY009538,ORD009538,2026-04-03,101.25,Debit Card,Completed
PAY009539,ORD009539,2026-05-21,30.31,PayPal,Completed
PAY009540,ORD009540,2026-04-09,143.02,Apple Pay,Failed
PAY009541,ORD009541,2026-01-11,46.0,Google Pay,Pending
PAY009542,ORD009542,2026-02-04,27.21,Google Pay,Pending
PAY009543,ORD009543,2026-01-08,70.4,Credit Card,Failed
PAY009544,ORD009544,2026-01-07,32.72,Credit Card,Pending
PAY009545,ORD009545,2026-03-10,110.25,PayPal,Pending
PAY009546,ORD009546,2026-03-11,34.09,PayPal,Completed
PAY009547,ORD009547,2026-07-04,14.56,Debit Card,Completed
PAY009548,ORD009548,2026-04-25,41.76,Apple Pay,Pending
PAY009549,ORD009549,2026-05-04,19.91,PayPal,Completed
PAY009550,ORD009550,2026-06-12,104.02,PayPal,Pending
PAY009551,ORD009551,2026-08-10,124.93,Credit Card,Completed
PAY009552,ORD009552,2026-01-11,40.17,Apple Pay,Completed
PAY009553,ORD009553,2026-06-15,179.72,Credit Card,Completed
PAY009554,ORD009554,2026-04-01,33.45,Debit Card,Pending
PAY009555,ORD009555,2026-03-26,48.43,PayPal,Completed
PAY009556,ORD009556,2026-07-25,28.25,PayPal,Pending
PAY009557,ORD009557,2026-02-18,18.62,PayPal,Completed
PAY009558,ORD009558,2026-02-04,78.44,Google Pay,Pending
PAY009559,ORD009559,2026-06-06,172.04,Apple Pay,Completed
PAY009560,ORD009560,2026-03-29,43.99,Credit Card,Completed
PAY009561,ORD009561,2026-06-18,60.46,Credit Card,Completed
PAY009562,ORD009562,2026-04-19,25.17,Credit Card,Completed
PAY009563,ORD009563,2026-08-12,40.22,Debit Card,Completed
PAY009564,ORD009564,2026-05-14,20.57,Google Pay,Completed
PAY009565,ORD009565,2026-01-10,172.05,Debit Card,Completed
PAY009566,ORD009566,2026-03-25,26.04,Apple Pay,Pending
PAY009567,ORD009567,2026-07-31,60.27,Credit Card,Completed
PAY009568,ORD009568,2026-08-06,182.79,Credit Card,Completed
PAY009569,ORD009569,2026-03-26,65.37,Credit Card,Completed
PAY009570,ORD009570,2026-05-31,56.13,PayPal,Completed
PAY009571,ORD009571,2026-06-23,75.5,PayPal,Completed
PAY009572,ORD009572,2026-05-20,24.62,Credit Card,Failed
PAY009573,ORD009573,2026-02-24,16.85,Credit Card,Completed
PAY009574,ORD009574,2026-05-21,71.04,PayPal,Completed
PAY009575,ORD009575,2026-03-15,65.7,Debit Card,Completed
PAY009576,ORD009576,2026-05-15,75.07,Google Pay,Pending
PAY009577,ORD009577,2026-05-20,10.25,Debit Card,Completed
PAY009578,ORD009578,2026-03-02,23.53,Google Pay,Failed
PAY009579,ORD009579,2026-06-02,65.42,PayPal,Failed
PAY009580,ORD009580,2026-05-10,53.66,Credit Card,Completed
PAY009581,ORD009581,2026-01-26,113.79,Credit Card,Failed
PAY009582,ORD009582,2026-06-28,74.5,Credit Card,Pending
PAY009583,ORD009583,2026-03-10,139.1,Debit Card,Pending
PAY009584,ORD009584,2026-03-03,132.99,Credit Card,Completed
PAY009585,ORD009585,2026-07-19,92.6,Google Pay,Completed
PAY009586,ORD009586,2026-07-20,55.77,Credit Card,Completed
PAY009587,ORD009587,2026-06-16,75.8,PayPal,Pending
PAY009588,ORD009588,2026-07-31,81.4,Credit Card,Completed
PAY009589,ORD009589,2026-04-26,139.71,Debit Card,Failed
PAY009590,ORD009590,2026-04-25,47.05,Debit Card,Completed
PAY009591,ORD009591,2026-05-19,81.11,PayPal,Completed
PAY009592,ORD009592,2026-07-11,22.74,Apple Pay,Completed
PAY009593,ORD009593,2026-08-02,46.26,Debit Card,Completed
PAY009594,ORD009594,2026-07-27,70.84,Apple Pay,Pending
PAY009595,ORD009595,2026-04-12,78.65,PayPal,Completed
PAY009596,ORD009596,2026-02-11,93.33,Credit Card,Failed
PAY009597,ORD009597,2026-01-10,36.45,Apple Pay,Failed
PAY009598,ORD009598,2026-08-05,62.7,PayPal,Completed
PAY009599,ORD009599,2026-05-03,42.55,Apple Pay,Failed
PAY009600,ORD009600,2026-01-19,218.76,Apple Pay,Completed
PAY009601,ORD009601,2026-01-04,21.02,Credit Card,Completed
PAY009602,ORD009602,2026-07-30,267.18,Debit Card,Completed
PAY009603,ORD009603,2026-01-03,96.81,Apple Pay,Failed
PAY009604,ORD009604,2026-07-28,9.13,Google Pay,Completed
PAY009605,ORD009605,2026-05-22,42.57,Credit Card,Pending
PAY009606,ORD009606,2026-01-10,71.66,Google Pay,Pending
PAY009607,ORD009607,2026-01-06,58.32,Credit Card,Completed
PAY009608,ORD009608,2026-01-31,19.49,Credit Card,Completed
PAY009609,ORD009609,2026-01-31,26.8,Debit Card,Failed
PAY009610,ORD009610,2026-06-25,65.6,Google Pay,Failed
PAY009611,ORD009611,2026-01-09,22.81,Apple Pay,Completed
PAY009612,ORD009612,2026-07-23,108.28,Credit Card,Pending
PAY009613,ORD009613,2026-04-18,50.07,Google Pay,Completed
PAY009614,ORD009614,2026-05-04,91.31,Google Pay,Pending
PAY009615,ORD009615,2026-06-03,27.88,Debit Card,Completed
PAY009616,ORD009616,2026-05-10,23.36,Google Pay,Completed
PAY009617,ORD009617,2026-01-04,124.35,Apple Pay,Failed
PAY009618,ORD009618,2026-08-12,57.64,Google Pay,Completed
PAY009619,ORD009619,2026-08-08,18.97,Debit Card,Failed
PAY009620,ORD009620,2026-01-06,33.66,Credit Card,Failed
PAY009621,ORD009621,2026-01-30,69.4,Google Pay,Pending
PAY009622,ORD009622,2026-07-02,21.45,Google Pay,Completed
PAY009623,ORD009623,2026-06-05,8.24,PayPal,Completed
PAY009624,ORD009624,2026-03-02,21.01,Apple Pay,Completed
PAY009625,ORD009625,2026-03-18,103.94,Apple Pay,Completed
PAY009626,ORD009626,2026-07-02,17.81,Apple Pay,Completed
PAY009627,ORD009627,2026-04-20,117.83,Google Pay,Pending
PAY009628,ORD009628,2026-02-05,73.15,Apple Pay,Completed
PAY009629,ORD009629,2026-07-21,35.71,Apple Pay,Completed
PAY009630,ORD009630,2026-07-21,135.12,PayPal,Completed
PAY009631,ORD009631,2026-05-13,23.41,Debit Card,Completed
PAY009632,ORD009632,2026-06-06,38.95,Debit Card,Pending
PAY009633,ORD009633,2026-04-10,56.98,Credit Card,Failed
PAY009634,ORD009634,2026-05-20,43.63,PayPal,Completed
PAY009635,ORD009635,2026-05-02,62.37,Google Pay,Pending
PAY009636,ORD009636,2026-05-30,89.95,Credit Card,Completed
PAY009637,ORD009637,2026-02-28,38.99,Apple Pay,Completed
PAY009638,ORD009638,2026-04-20,169.72,Credit Card,Completed
PAY009639,ORD009639,2026-06-16,31.21,Debit Card,Pending
PAY009640,ORD009640,2026-05-10,49.24,Credit Card,Failed
PAY009641,ORD009641,2026-01-14,81.32,Credit Card,Failed
PAY009642,ORD009642,2026-05-18,52.49,PayPal,Completed
PAY009643,ORD009643,2026-06-25,21.9,Apple Pay,Pending
PAY009644,ORD009644,2026-03-05,58.35,Google Pay,Completed
PAY009645,ORD009645,2026-05-11,30.26,Google Pay,Pending
PAY009646,ORD009646,2026-03-13,199.45,PayPal,Pending
PAY009647,ORD009647,2026-07-07,162.63,PayPal,Completed
PAY009648,ORD009648,2026-07-28,64.83,Google Pay,Completed
PAY009649,ORD009649,2026-07-15,48.56,Credit Card,Completed
PAY009650,ORD009650,2026-01-21,126.68,Apple Pay,Pending
PAY009651,ORD009651,2026-04-04,137.87,Google Pay,Completed
PAY009652,ORD009652,2026-05-27,83.37,Credit Card,Completed
PAY009653,ORD009653,2026-03-20,159.42,Credit Card,Completed
PAY009654,ORD009654,2026-01-20,77.24,Debit Card,Pending
PAY009655,ORD009655,2026-02-27,66.1,PayPal,Completed
PAY009656,ORD009656,2026-02-11,72.96,Google Pay,Completed
PAY009657,ORD009657,2026-04-04,39.77,Google Pay,Completed
PAY009658,ORD009658,2026-05-18,103.37,Apple Pay,Completed
PAY009659,ORD009659,2026-05-31,51.18,Google Pay,Pending
PAY009660,ORD009660,2026-03-29,73.94,Credit Card,Completed
PAY009661,ORD009661,2026-05-20,48.69,Credit Card,Completed
PAY009662,ORD009662,2026-01-09,81.94,Apple Pay,Pending
PAY009663,ORD009663,2026-03-20,70.7,Credit Card,Pending
PAY009664,ORD009664,2026-06-06,119.71,Credit Card,Pending
PAY009665,ORD009665,2026-03-23,40.31,Google Pay,Failed
PAY009666,ORD009666,2026-05-28,39.25,PayPal,Failed
PAY009667,ORD009667,2026-07-12,97.31,Google Pay,Pending
PAY009668,ORD009668,2026-01-03,195.18,Debit Card,Completed
PAY009669,ORD009669,2026-05-16,49.27,Apple Pay,Pending
PAY009670,ORD009670,2026-02-08,92.14,Credit Card,Failed
PAY009671,ORD009671,2026-03-05,32.41,Google Pay,Completed
PAY009672,ORD009672,2026-01-31,42.77,Google Pay,Completed
PAY009673,ORD009673,2026-04-21,62.03,Credit Card,Pending
PAY009674,ORD009674,2026-07-19,74.61,Apple Pay,Completed
PAY009675,ORD009675,2026-07-26,71.08,Google Pay,Completed
PAY009676,ORD009676,2026-05-03,50.84,PayPal,Completed
PAY009677,ORD009677,2026-05-30,21.77,Credit Card,Completed
PAY009678,ORD009678,2026-04-06,24.44,Apple Pay,Pending
PAY009679,ORD009679,2026-01-05,150.3,Debit Card,Completed
PAY009680,ORD009680,2026-02-27,45.28,Credit Card,Pending
PAY009681,ORD009681,2026-07-20,58.73,Debit Card,Failed
PAY009682,ORD009682,2026-04-15,68.72,Credit Card,Completed
PAY009683,ORD009683,2026-07-26,304.68,Google Pay,Completed
PAY009684,ORD009684,2026-03-04,49.95,Apple Pay,Pending
PAY009685,ORD009685,2026-03-02,121.5,PayPal,Completed
PAY009686,ORD009686,2026-02-21,30.36,Debit Card,Pending
PAY009687,ORD009687,2026-04-18,42.12,Debit Card,Completed
PAY009688,ORD009688,2026-04-11,84.34,Credit Card,Completed
PAY009689,ORD009689,2026-02-02,93.12,Debit Card,Completed
PAY009690,ORD009690,2026-01-22,79.08,Credit Card,Completed
PAY009691,ORD009691,2026-02-20,61.89,Credit Card,Completed
PAY009692,ORD009692,2026-01-11,57.07,Debit Card,Failed
PAY009693,ORD009693,2026-05-07,146.37,Debit Card,Completed
PAY009694,ORD009694,2026-07-05,171.75,Google Pay,Completed
PAY009695,ORD009695,2026-02-19,56.04,Google Pay,Completed
PAY009696,ORD009696,2026-07-17,58.37,Google Pay,Pending
PAY009697,ORD009697,2026-01-17,49.62,Apple Pay,Pending
PAY009698,ORD009698,2026-06-23,42.69,PayPal,Completed
PAY009699,ORD009699,2026-02-13,103.2,Google Pay,Completed
PAY009700,ORD009700,2026-07-04,53.49,Google Pay,Failed
PAY009701,ORD009701,2026-05-13,70.12,Credit Card,Completed
PAY009702,ORD009702,2026-02-08,80.34,PayPal,Failed
PAY009703,ORD009703,2026-07-05,6.64,Debit Card,Completed
PAY009704,ORD009704,2026-05-17,38.74,Apple Pay,Failed
PAY009705,ORD009705,2026-08-09,64.03,Debit Card,Completed
PAY009706,ORD009706,2026-01-23,100.93,Credit Card,Completed
PAY009707,ORD009707,2026-06-24,178.33,Apple Pay,Completed
PAY009708,ORD009708,2026-06-13,61.0,Google Pay,Completed
PAY009709,ORD009709,2026-01-31,21.39,PayPal,Completed
PAY009710,ORD009710,2026-03-25,88.63,PayPal,Completed
PAY009711,ORD009711,2026-01-23,55.79,Google Pay,Completed
PAY009712,ORD009712,2026-07-03,244.64,Debit Card,Pending
PAY009713,ORD009713,2026-07-18,142.46,Debit Card,Completed
PAY009714,ORD009714,2026-06-23,24.56,Google Pay,Failed
PAY009715,ORD009715,2026-02-27,38.15,Google Pay,Pending
PAY009716,ORD009716,2026-06-13,169.9,PayPal,Completed
PAY009717,ORD009717,2026-07-15,64.93,Debit Card,Completed
PAY009718,ORD009718,2026-03-29,90.3,Apple Pay,Completed
PAY009719,ORD009719,2026-07-07,50.33,Apple Pay,Pending
PAY009720,ORD009720,2026-05-22,212.79,Credit Card,Pending
PAY009721,ORD009721,2026-01-25,66.8,Credit Card,Pending
PAY009722,ORD009722,2026-07-18,106.07,Credit Card,Completed
PAY009723,ORD009723,2026-07-26,21.97,Debit Card,Failed
PAY009724,ORD009724,2026-06-21,25.75,Apple Pay,Completed
PAY009725,ORD009725,2026-02-15,257.55,Debit Card,Pending
PAY009726,ORD009726,2026-05-21,26.94,Google Pay,Completed
PAY009727,ORD009727,2026-03-03,92.91,PayPal,Pending
PAY009728,ORD009728,2026-01-19,115.66,Credit Card,Pending
PAY009729,ORD009729,2026-05-20,73.81,Google Pay,Completed
PAY009730,ORD009730,2026-04-22,119.78,Google Pay,Completed
PAY009731,ORD009731,2026-03-31,16.73,PayPal,Failed
PAY009732,ORD009732,2026-02-17,141.44,Apple Pay,Completed
PAY009733,ORD009733,2026-06-10,11.53,Apple Pay,Completed
PAY009734,ORD009734,2026-07-26,110.31,Google Pay,Failed
PAY009735,ORD009735,2026-06-14,399.16,PayPal,Completed
PAY009736,ORD009736,2026-05-14,146.26,Apple Pay,Pending
PAY009737,ORD009737,2026-05-03,63.91,Credit Card,Failed
PAY009738,ORD009738,2026-08-05,51.59,Debit Card,Pending
PAY009739,ORD009739,2026-04-27,59.68,PayPal,Completed
PAY009740,ORD009740,2026-03-22,28.4,Google Pay,Completed
PAY009741,ORD009741,2026-06-20,53.1,Debit Card,Failed
PAY009742,ORD009742,2026-04-10,21.63,Apple Pay,Completed
PAY009743,ORD009743,2026-06-27,32.91,Apple Pay,Completed
PAY009744,ORD009744,2026-06-23,113.39,PayPal,Completed
PAY009745,ORD009745,2026-03-14,106.18,Debit Card,Failed
PAY009746,ORD009746,2026-01-28,80.51,Apple Pay,Pending
PAY009747,ORD009747,2026-07-14,67.91,PayPal,Completed
PAY009748,ORD009748,2026-01-11,17.75,Debit Card,Completed
PAY009749,ORD009749,2026-05-28,46.08,Google Pay,Completed
PAY009750,ORD009750,2026-03-28,57.3,Google Pay,Pending
PAY009751,ORD009751,2026-06-07,19.88,Apple Pay,Completed
PAY009752,ORD009752,2026-04-11,22.7,PayPal,Completed
PAY009753,ORD009753,2026-02-05,118.53,Credit Card,Failed
PAY009754,ORD009754,2026-07-23,75.54,Apple Pay,Pending
PAY009755,ORD009755,2026-04-10,26.94,Credit Card,Completed
PAY009756,ORD009756,2026-04-29,157.32,Debit Card,Completed
PAY009757,ORD009757,2026-04-08,120.3,PayPal,Completed
PAY009758,ORD009758,2026-07-15,55.09,Apple Pay,Completed
PAY009759,ORD009759,2026-03-29,24.9,Google Pay,Completed
PAY009760,ORD009760,2026-02-05,184.39,Debit Card,Completed
PAY009761,ORD009761,2026-02-27,195.64,Debit Card,Failed
PAY009762,ORD009762,2026-01-28,136.5,Debit Card,Pending
PAY009763,ORD009763,2026-02-08,131.85,Credit Card,Completed
PAY009764,ORD009764,2026-03-07,58.1,Credit Card,Completed
PAY009765,ORD009765,2026-06-20,65.0,Debit Card,Completed
PAY009766,ORD009766,2026-01-05,156.5,Apple Pay,Completed
PAY009767,ORD009767,2026-08-08,71.86,Credit Card,Completed
PAY009768,ORD009768,2026-05-21,33.71,PayPal,Pending
PAY009769,ORD009769,2026-01-09,31.48,Google Pay,Pending
PAY009770,ORD009770,2026-04-13,129.95,Apple Pay,Completed
PAY009771,ORD009771,2026-08-10,264.54,PayPal,Failed
PAY009772,ORD009772,2026-02-26,87.94,Credit Card,Completed
PAY009773,ORD009773,2026-01-27,285.76,Google Pay,Completed
PAY009774,ORD009774,2026-07-08,15.21,Debit Card,Completed
PAY009775,ORD009775,2026-07-24,25.31,Google Pay,Pending
PAY009776,ORD009776,2026-04-13,42.2,Debit Card,Failed
PAY009777,ORD009777,2026-06-27,14.99,PayPal,Completed
PAY009778,ORD009778,2026-08-08,51.81,PayPal,Completed
PAY009779,ORD009779,2026-03-23,137.78,Apple Pay,Completed
PAY009780,ORD009780,2026-06-11,14.52,PayPal,Failed
PAY009781,ORD009781,2026-03-26,115.13,Credit Card,Completed
PAY009782,ORD009782,2026-03-06,25.54,Credit Card,Failed
PAY009783,ORD009783,2026-06-22,34.08,Google Pay,Completed
PAY009784,ORD009784,2026-03-28,54.94,Debit Card,Completed
PAY009785,ORD009785,2026-02-03,57.9,Google Pay,Failed
PAY009786,ORD009786,2026-04-10,122.16,Apple Pay,Completed
PAY009787,ORD009787,2026-07-20,52.64,Apple Pay,Pending
PAY009788,ORD009788,2026-05-16,97.91,Credit Card,Completed
PAY009789,ORD009789,2026-04-04,126.8,Apple Pay,Pending
PAY009790,ORD009790,2026-02-17,65.68,Credit Card,Pending
PAY009791,ORD009791,2026-06-13,277.67,Debit Card,Completed
PAY009792,ORD009792,2026-04-10,39.13,Google Pay,Completed
PAY009793,ORD009793,2026-03-23,34.22,Apple Pay,Pending
PAY009794,ORD009794,2026-07-13,34.89,Debit Card,Pending
PAY009795,ORD009795,2026-04-27,287.35,Apple Pay,Completed
PAY009796,ORD009796,2026-01-11,108.64,PayPal,Failed
PAY009797,ORD009797,2026-02-21,139.19,Apple Pay,Completed
PAY009798,ORD009798,2026-06-13,97.97,Debit Card,Completed
PAY009799,ORD009799,2026-08-11,56.54,Apple Pay,Completed
PAY009800,ORD009800,2026-01-31,67.07,PayPal,Completed
PAY009801,ORD009801,2026-01-24,30.15,Apple Pay,Completed
PAY009802,ORD009802,2026-05-29,259.17,Debit Card,Failed
PAY009803,ORD009803,2026-04-06,56.34,Credit Card,Pending
PAY009804,ORD009804,2026-06-07,32.89,Debit Card,Completed
PAY009805,ORD009805,2026-05-01,21.69,Credit Card,Completed
PAY009806,ORD009806,2026-03-13,202.01,Credit Card,Failed
PAY009807,ORD009807,2026-04-07,125.79,Google Pay,Completed
PAY009808,ORD009808,2026-04-25,85.81,Debit Card,Pending
PAY009809,ORD009809,2026-03-05,16.29,Google Pay,Completed
PAY009810,ORD009810,2026-05-07,79.69,Credit Card,Completed
PAY009811,ORD009811,2026-04-27,50.27,Apple Pay,Completed
PAY009812,ORD009812,2026-02-08,42.35,Credit Card,Failed
PAY009813,ORD009813,2026-05-09,160.65,Debit Card,Failed
PAY009814,ORD009814,2026-04-07,23.61,Debit Card,Completed
PAY009815,ORD009815,2026-06-19,21.88,Debit Card,Completed
PAY009816,ORD009816,2026-03-18,18.84,Debit Card,Completed
PAY009817,ORD009817,2026-08-02,31.89,Apple Pay,Completed
PAY009818,ORD009818,2026-01-05,22.78,Google Pay,Failed
PAY009819,ORD009819,2026-05-20,113.98,PayPal,Completed
PAY009820,ORD009820,2026-06-06,31.96,Google Pay,Failed
PAY009821,ORD009821,2026-01-03,69.4,Credit Card,Completed
PAY009822,ORD009822,2026-03-02,38.49,Debit Card,Completed
PAY009823,ORD009823,2026-06-28,120.4,Debit Card,Completed
PAY009824,ORD009824,2026-06-13,99.85,PayPal,Completed
PAY009825,ORD009825,2026-04-21,62.54,Google Pay,Failed
PAY009826,ORD009826,2026-03-16,185.34,Credit Card,Completed
PAY009827,ORD009827,2026-08-06,40.67,Debit Card,Failed
PAY009828,ORD009828,2026-05-10,47.13,PayPal,Completed
PAY009829,ORD009829,2026-01-29,67.35,PayPal,Failed
PAY009830,ORD009830,2026-02-10,94.07,Credit Card,Failed
PAY009831,ORD009831,2026-01-29,15.82,PayPal,Completed
PAY009832,ORD009832,2026-04-10,135.0,PayPal,Completed
PAY009833,ORD009833,2026-03-05,39.3,Google Pay,Completed
PAY009834,ORD009834,2026-02-27,95.33,Debit Card,Completed
PAY009835,ORD009835,2026-07-30,35.13,Google Pay,Completed
PAY009836,ORD009836,2026-05-18,154.24,PayPal,Failed
PAY009837,ORD009837,2026-01-11,124.17,Apple Pay,Completed
PAY009838,ORD009838,2026-05-15,124.76,Credit Card,Pending
PAY009839,ORD009839,2026-03-18,82.26,PayPal,Completed
PAY009840,ORD009840,2026-04-18,52.89,PayPal,Completed
PAY009841,ORD009841,2026-07-08,18.34,Google Pay,Completed
PAY009842,ORD009842,2026-07-13,62.66,Credit Card,Pending
PAY009843,ORD009843,2026-04-04,135.45,Debit Card,Failed
PAY009844,ORD009844,2026-03-27,105.66,Credit Card,Failed
PAY009845,ORD009845,2026-06-30,35.93,PayPal,Failed
PAY009846,ORD009846,2026-03-06,518.81,Google Pay,Pending
PAY009847,ORD009847,2026-01-27,126.61,Apple Pay,Completed
PAY009848,ORD009848,2026-05-15,35.69,PayPal,Completed
PAY009849,ORD009849,2026-03-06,40.09,Credit Card,Completed
PAY009850,ORD009850,2026-02-27,29.2,Credit Card,Completed
PAY009851,ORD009851,2026-01-25,54.91,Apple Pay,Pending
PAY009852,ORD009852,2026-02-17,182.08,Credit Card,Completed
PAY009853,ORD009853,2026-01-04,82.71,Credit Card,Failed
PAY009854,ORD009854,2026-08-10,192.5,Google Pay,Completed
PAY009855,ORD009855,2026-05-16,182.71,Credit Card,Pending
PAY009856,ORD009856,2026-08-01,157.81,Debit Card,Failed
PAY009857,ORD009857,2026-04-25,197.02,Apple Pay,Pending
PAY009858,ORD009858,2026-07-15,60.13,PayPal,Completed
PAY009859,ORD009859,2026-07-07,68.13,Apple Pay,Failed
PAY009860,ORD009860,2026-01-04,22.99,PayPal,Completed
PAY009861,ORD009861,2026-05-16,91.25,Google Pay,Failed
PAY009862,ORD009862,2026-03-31,71.36,Credit Card,Completed
PAY009863,ORD009863,2026-08-09,244.5,PayPal,Completed
PAY009864,ORD009864,2026-01-16,47.03,PayPal,Completed
PAY009865,ORD009865,2026-05-27,29.36,Google Pay,Failed
PAY009866,ORD009866,2026-05-09,21.85,Apple Pay,Pending
PAY009867,ORD009867,2026-04-11,159.07,Apple Pay,Completed
PAY009868,ORD009868,2026-06-11,68.46,Apple Pay,Completed
PAY009869,ORD009869,2026-08-09,48.89,Credit Card,Completed
PAY009870,ORD009870,2026-08-07,71.16,Google Pay,Completed
PAY009871,ORD009871,2026-04-22,24.85,PayPal,Completed
PAY009872,ORD009872,2026-02-14,24.11,Apple Pay,Pending
PAY009873,ORD009873,2026-03-04,202.53,Apple Pay,Completed
PAY009874,ORD009874,2026-04-04,69.13,Apple Pay,Completed
PAY009875,ORD009875,2026-05-14,80.61,Debit Card,Pending
PAY009876,ORD009876,2026-02-05,60.7,Credit Card,Completed
PAY009877,ORD009877,2026-05-01,38.78,Apple Pay,Completed
PAY009878,ORD009878,2026-04-13,38.76,Debit Card,Completed
PAY009879,ORD009879,2026-03-07,29.27,Google Pay,Completed
PAY009880,ORD009880,2026-04-29,134.01,PayPal,Failed
PAY009881,ORD009881,2026-07-25,84.24,Apple Pay,Failed
PAY009882,ORD009882,2026-01-08,41.48,Credit Card,Completed
PAY009883,ORD009883,2026-07-14,101.16,Apple Pay,Failed
PAY009884,ORD009884,2026-01-27,34.18,Credit Card,Failed
PAY009885,ORD009885,2026-02-03,123.39,Debit Card,Completed
PAY009886,ORD009886,2026-01-28,33.55,Credit Card,Failed
PAY009887,ORD009887,2026-06-08,67.23,Google Pay,Pending
PAY009888,ORD009888,2026-05-25,37.53,Credit Card,Pending
PAY009889,ORD009889,2026-07-30,169.78,PayPal,Pending
PAY009890,ORD009890,2026-04-18,166.02,Debit Card,Failed
PAY009891,ORD009891,2026-05-03,100.64,Credit Card,Pending
PAY009892,ORD009892,2026-07-02,57.31,Apple Pay,Completed
PAY009893,ORD009893,2026-07-22,43.26,Google Pay,Pending
PAY009894,ORD009894,2026-01-09,70.12,PayPal,Completed
PAY009895,ORD009895,2026-08-10,36.94,Credit Card,Completed
PAY009896,ORD009896,2026-02-26,112.49,Credit Card,Failed
PAY009897,ORD009897,2026-02-14,52.6,PayPal,Completed
PAY009898,ORD009898,2026-05-14,64.68,PayPal,Failed
PAY009899,ORD009899,2026-05-22,71.8,Credit Card,Completed
PAY009900,ORD009900,2026-06-08,178.53,Apple Pay,Completed
PAY009901,ORD009901,2026-07-01,58.39,Apple Pay,Completed
PAY009902,ORD009902,2026-01-11,213.83,Apple Pay,Pending
PAY009903,ORD009903,2026-03-10,110.74,Credit Card,Failed
PAY009904,ORD009904,2026-04-05,110.28,Debit Card,Pending
PAY009905,ORD009905,2026-05-10,39.27,Credit Card,Completed
PAY009906,ORD009906,2026-04-13,26.15,Debit Card,Completed
PAY009907,ORD009907,2026-01-17,64.35,Apple Pay,Completed
PAY009908,ORD009908,2026-04-20,28.69,Credit Card,Completed
PAY009909,ORD009909,2026-02-05,17.21,Apple Pay,Pending
PAY009910,ORD009910,2026-05-11,43.53,Credit Card,Failed
PAY009911,ORD009911,2026-07-10,19.4,Apple Pay,Failed
PAY009912,ORD009912,2026-02-12,119.51,PayPal,Completed
PAY009913,ORD009913,2026-04-03,27.36,Credit Card,Completed
PAY009914,ORD009914,2026-02-02,19.08,Debit Card,Completed
PAY009915,ORD009915,2026-07-25,41.14,Apple Pay,Completed
PAY009916,ORD009916,2026-04-12,91.13,Google Pay,Completed
PAY009917,ORD009917,2026-01-29,44.54,Debit Card,Completed
PAY009918,ORD009918,2026-05-31,107.09,Google Pay,Completed
PAY009919,ORD009919,2026-07-06,94.07,Apple Pay,Failed
PAY009920,ORD009920,2026-03-22,75.28,Credit Card,Completed
PAY009921,ORD009921,2026-06-26,39.0,Credit Card,Failed
PAY009922,ORD009922,2026-07-02,81.72,Credit Card,Completed
PAY009923,ORD009923,2026-03-16,11.17,Google Pay,Failed
PAY009924,ORD009924,2026-06-05,55.83,Apple Pay,Completed
PAY009925,ORD009925,2026-07-18,136.94,PayPal,Completed
PAY009926,ORD009926,2026-04-19,38.91,Credit Card,Failed
PAY009927,ORD009927,2026-04-14,75.93,Apple Pay,Completed
PAY009928,ORD009928,2026-03-13,16.86,PayPal,Pending
PAY009929,ORD009929,2026-08-09,101.22,PayPal,Completed
PAY009930,ORD009930,2026-01-25,48.68,Apple Pay,Failed
PAY009931,ORD009931,2026-05-15,48.25,Credit Card,Pending
PAY009932,ORD009932,2026-05-01,47.57,Credit Card,Completed
PAY009933,ORD009933,2026-08-02,73.98,Debit Card,Completed
PAY009934,ORD009934,2026-07-20,44.37,Apple Pay,Completed
PAY009935,ORD009935,2026-03-16,65.67,PayPal,Completed
PAY009936,ORD009936,2026-06-11,25.41,Google Pay,Completed
PAY009937,ORD009937,2026-08-07,44.88,Google Pay,Completed
PAY009938,ORD009938,2026-05-30,74.1,Credit Card,Failed
PAY009939,ORD009939,2026-03-08,53.44,Debit Card,Completed
PAY009940,ORD009940,2026-06-27,76.88,Google Pay,Pending
PAY009941,ORD009941,2026-06-25,92.78,Credit Card,Completed
PAY009942,ORD009942,2026-04-14,92.61,Debit Card,Failed
PAY009943,ORD009943,2026-04-29,96.83,Google Pay,Pending
PAY009944,ORD009944,2026-07-19,14.61,PayPal,Failed
PAY009945,ORD009945,2026-03-11,26.58,Google Pay,Completed
PAY009946,ORD009946,2026-02-26,214.96,Google Pay,Failed
PAY009947,ORD009947,2026-06-02,119.22,Google Pay,Failed
PAY009948,ORD009948,2026-03-07,45.84,Google Pay,Completed
PAY009949,ORD009949,2026-05-24,91.2,Credit Card,Failed
PAY009950,ORD009950,2026-02-27,39.75,Apple Pay,Completed
PAY009951,ORD009951,2026-04-27,94.99,PayPal,Completed
PAY009952,ORD009952,2026-06-18,30.82,Apple Pay,Pending
PAY009953,ORD009953,2026-02-20,79.1,Credit Card,Pending
PAY009954,ORD009954,2026-01-21,52.75,Google Pay,Completed
PAY009955,ORD009955,2026-03-20,101.62,Debit Card,Completed
PAY009956,ORD009956,2026-02-25,310.69,Debit Card,Completed
PAY009957,ORD009957,2026-04-08,63.81,Apple Pay,Failed
PAY009958,ORD009958,2026-02-16,16.11,Debit Card,Completed
PAY009959,ORD009959,2026-04-28,69.56,Apple Pay,Failed
PAY009960,ORD009960,2026-06-20,56.55,PayPal,Pending
PAY009961,ORD009961,2026-03-25,11.4,Debit Card,Pending
PAY009962,ORD009962,2026-04-18,35.25,Google Pay,Pending
PAY009963,ORD009963,2026-01-31,100.93,Credit Card,Failed
PAY009964,ORD009964,2026-01-15,124.45,PayPal,Failed
PAY009965,ORD009965,2026-06-25,125.96,Debit Card,Failed
PAY009966,ORD009966,2026-03-03,188.97,Debit Card,Failed
PAY009967,ORD009967,2026-08-08,49.3,Apple Pay,Pending
PAY009968,ORD009968,2026-03-11,30.47,PayPal,Completed
PAY009969,ORD009969,2026-05-11,20.29,Credit Card,Completed
PAY009970,ORD009970,2026-06-15,60.18,Credit Card,Completed
PAY009971,ORD009971,2026-03-28,39.7,Apple Pay,Failed
PAY009972,ORD009972,2026-02-27,32.98,Apple Pay,Failed
PAY009973,ORD009973,2026-07-14,19.0,Apple Pay,Failed
PAY009974,ORD009974,2026-02-14,46.1,Debit Card,Completed
PAY009975,ORD009975,2026-06-21,33.86,PayPal,Pending
PAY009976,ORD009976,2026-01-08,36.38,Credit Card,Pending
PAY009977,ORD009977,2026-05-07,204.87,Google Pay,Pending
PAY009978,ORD009978,2026-03-07,59.29,Credit Card,Completed
PAY009979,ORD009979,2026-03-12,53.91,PayPal,Failed
PAY009980,ORD009980,2026-07-08,106.14,Apple Pay,Failed
PAY009981,ORD009981,2026-01-17,42.9,Debit Card,Completed
PAY009982,ORD009982,2026-03-12,84.64,Credit Card,Completed
PAY009983,ORD009983,2026-04-07,97.22,Google Pay,Pending
PAY009984,ORD009984,2026-02-05,30.48,Debit Card,Completed
PAY009985,ORD009985,2026-03-09,50.56,Credit Card,Failed
PAY009986,ORD009986,2026-04-18,21.62,PayPal,Completed
PAY009987,ORD009987,2026-07-27,27.79,Credit Card,Completed
PAY009988,ORD009988,2026-01-21,36.01,Google Pay,Completed
PAY009989,ORD009989,2026-07-29,77.0,Debit Card,Pending
PAY009990,ORD009990,2026-02-15,28.42,Credit Card,Completed
PAY009991,ORD009991,2026-06-23,66.1,Google Pay,Failed
PAY009992,ORD009992,2026-04-02,49.41,Credit Card,Pending
PAY009993,ORD009993,2026-04-17,48.98,Credit Card,Completed
PAY009994,ORD009994,2026-05-04,102.11,Apple Pay,Completed
PAY009995,ORD009995,2026-01-16,198.1,Google Pay,Completed
PAY009996,ORD009996,2026-05-30,19.32,Credit Card,Completed
PAY009997,ORD009997,2026-05-14,87.9,Debit Card,Failed
PAY009998,ORD009998,2026-08-10,243.65,PayPal,Failed
PAY009999,ORD009999,2026-07-03,118.58,Apple Pay,Failed
PAY010000,ORD010000,2026-02-14,91.54,Apple Pay,Completed
PAY010001,ORD010001,2026-07-05,16.98,Apple Pay,Completed
PAY010002,ORD010002,2026-06-05,143.63,PayPal,Completed
PAY010003,ORD010003,2026-05-25,192.68,Google Pay,Failed
PAY010004,ORD010004,2026-06-13,95.53,Debit Card,Failed
PAY010005,ORD010005,2026-01-12,115.74,PayPal,Failed
PAY010006,ORD010006,2026-02-19,125.6,Debit Card,Failed
PAY010007,ORD010007,2026-02-28,97.32,Debit Card,Failed
PAY010008,ORD010008,2026-04-14,106.05,Apple Pay,Completed
PAY010009,ORD010009,2026-01-12,19.41,Credit Card,Pending
PAY010010,ORD010010,2026-07-09,345.53,Debit Card,Completed
PAY010011,ORD010011,2026-02-09,118.91,Debit Card,Completed
PAY010012,ORD010012,2026-04-03,114.8,Debit Card,Completed
PAY010013,ORD010013,2026-05-10,77.79,Debit Card,Failed
PAY010014,ORD010014,2026-04-03,15.52,Apple Pay,Completed
PAY010015,ORD010015,2026-08-10,11.94,Debit Card,Failed
PAY010016,ORD010016,2026-04-18,85.81,Credit Card,Failed
PAY010017,ORD010017,2026-06-02,58.62,Google Pay,Pending
PAY010018,ORD010018,2026-03-26,102.55,Google Pay,Completed
PAY010019,ORD010019,2026-08-02,48.84,Debit Card,Completed
PAY010020,ORD010020,2026-03-15,47.04,Apple Pay,Pending
PAY010021,ORD010021,2026-05-07,50.32,Credit Card,Pending
PAY010022,ORD010022,2026-01-31,43.91,Credit Card,Completed
PAY010023,ORD010023,2026-06-24,28.76,Debit Card,Failed
PAY010024,ORD010024,2026-07-07,25.21,Apple Pay,Pending
PAY010025,ORD010025,2026-07-20,84.88,Google Pay,Failed
PAY010026,ORD010026,2026-04-15,92.95,PayPal,Pending
PAY010027,ORD010027,2026-04-08,7.63,Debit Card,Completed
PAY010028,ORD010028,2026-04-13,52.22,Debit Card,Completed
PAY010029,ORD010029,2026-02-10,51.5,Debit Card,Failed
PAY010030,ORD010030,2026-06-27,83.01,Apple Pay,Completed
PAY010031,ORD010031,2026-05-31,84.84,PayPal,Completed
PAY010032,ORD010032,2026-01-12,97.88,Apple Pay,Failed
PAY010033,ORD010033,2026-03-12,47.47,Debit Card,Completed
PAY010034,ORD010034,2026-04-06,36.78,PayPal,Pending
PAY010035,ORD010035,2026-07-30,18.13,Credit Card,Failed
PAY010036,ORD010036,2026-01-22,55.84,Credit Card,Failed
PAY010037,ORD010037,2026-02-25,20.12,PayPal,Completed
PAY010038,ORD010038,2026-01-16,36.81,Debit Card,Completed
PAY010039,ORD010039,2026-07-05,22.77,Apple Pay,Pending
PAY010040,ORD010040,2026-07-19,155.89,Debit Card,Completed
PAY010041,ORD010041,2026-08-10,24.6,PayPal,Failed
PAY010042,ORD010042,2026-06-28,32.99,Debit Card,Pending
PAY010043,ORD010043,2026-05-14,88.76,Debit Card,Pending
PAY010044,ORD010044,2026-01-02,133.96,Credit Card,Completed
PAY010045,ORD010045,2026-03-03,36.17,Google Pay,Failed
PAY010046,ORD010046,2026-08-14,175.12,Apple Pay,Failed
PAY010047,ORD010047,2026-08-09,49.39,Debit Card,Failed
PAY010048,ORD010048,2026-05-03,136.06,Credit Card,Failed
PAY010049,ORD010049,2026-02-11,62.2,Google Pay,Failed
PAY010050,ORD010050,2026-04-27,23.98,Credit Card,Completed
PAY010051,ORD010051,2026-04-27,32.77,Debit Card,Completed
PAY010052,ORD010052,2026-02-12,55.57,Apple Pay,Completed
PAY010053,ORD010053,2026-02-21,125.95,Google Pay,Completed
PAY010054,ORD010054,2026-05-03,88.56,Debit Card,Completed
PAY010055,ORD010055,2026-07-05,146.21,PayPal,Failed
PAY010056,ORD010056,2026-05-28,36.92,Debit Card,Completed
PAY010057,ORD010057,2026-02-25,19.82,Credit Card,Completed
PAY010058,ORD010058,2026-03-08,91.93,Debit Card,Pending
PAY010059,ORD010059,2026-02-28,82.57,PayPal,Completed
PAY010060,ORD010060,2026-02-17,54.07,PayPal,Completed
PAY010061,ORD010061,2026-02-04,42.34,Debit Card,Completed
PAY010062,ORD010062,2026-05-16,45.18,PayPal,Completed
PAY010063,ORD010063,2026-03-17,35.43,Credit Card,Completed
PAY010064,ORD010064,2026-02-01,76.64,PayPal,Completed
PAY010065,ORD010065,2026-08-09,94.13,PayPal,Completed
PAY010066,ORD010066,2026-02-14,150.32,Apple Pay,Completed
PAY010067,ORD010067,2026-03-26,60.67,Credit Card,Completed
PAY010068,ORD010068,2026-05-03,76.16,PayPal,Completed
PAY010069,ORD010069,2026-07-14,18.94,Debit Card,Failed
PAY010070,ORD010070,2026-04-12,65.1,PayPal,Completed
PAY010071,ORD010071,2026-01-27,92.42,Google Pay,Completed
PAY010072,ORD010072,2026-04-29,34.32,Google Pay,Completed
PAY010073,ORD010073,2026-01-03,162.46,Credit Card,Completed
PAY010074,ORD010074,2026-02-26,34.4,Google Pay,Pending
PAY010075,ORD010075,2026-07-12,72.37,Google Pay,Completed
PAY010076,ORD010076,2026-05-28,68.29,PayPal,Completed
PAY010077,ORD010077,2026-07-18,32.74,Credit Card,Pending
PAY010078,ORD010078,2026-05-01,54.07,Apple Pay,Failed
PAY010079,ORD010079,2026-06-18,62.74,PayPal,Completed
PAY010080,ORD010080,2026-01-01,64.58,Apple Pay,Failed
PAY010081,ORD010081,2026-03-15,20.47,Debit Card,Pending
PAY010082,ORD010082,2026-04-19,77.14,Google Pay,Completed
PAY010083,ORD010083,2026-07-23,121.19,PayPal,Completed
PAY010084,ORD010084,2026-05-12,111.75,Credit Card,Pending
PAY010085,ORD010085,2026-03-12,102.54,Google Pay,Completed
PAY010086,ORD010086,2026-01-10,30.36,Debit Card,Completed
PAY010087,ORD010087,2026-08-02,97.44,Google Pay,Failed
PAY010088,ORD010088,2026-05-07,21.0,Google Pay,Failed
PAY010089,ORD010089,2026-08-05,53.08,Apple Pay,Pending
PAY010090,ORD010090,2026-06-06,27.34,Debit Card,Failed
PAY010091,ORD010091,2026-01-15,119.72,Credit Card,Pending
PAY010092,ORD010092,2026-01-19,64.7,Google Pay,Completed
PAY010093,ORD010093,2026-07-05,15.34,Google Pay,Completed
PAY010094,ORD010094,2026-04-20,47.46,Credit Card,Completed
PAY010095,ORD010095,2026-06-30,21.97,Credit Card,Pending
PAY010096,ORD010096,2026-02-15,40.8,PayPal,Failed
PAY010097,ORD010097,2026-01-18,47.38,PayPal,Completed
PAY010098,ORD010098,2026-04-16,95.23,Google Pay,Completed
PAY010099,ORD010099,2026-01-03,113.41,PayPal,Failed
PAY010100,ORD010100,2026-03-11,22.28,Google Pay,Pending
PAY010101,ORD010101,2026-01-22,49.07,Credit Card,Pending
PAY010102,ORD010102,2026-02-24,45.7,PayPal,Completed
PAY010103,ORD010103,2026-04-28,24.6,Debit Card,Failed
PAY010104,ORD010104,2026-07-11,49.49,Debit Card,Failed
PAY010105,ORD010105,2026-02-10,110.64,Credit Card,Completed
PAY010106,ORD010106,2026-04-20,28.91,Google Pay,Pending
PAY010107,ORD010107,2026-04-27,109.93,Debit Card,Failed
PAY010108,ORD010108,2026-08-11,23.05,PayPal,Pending
PAY010109,ORD010109,2026-08-01,182.43,Apple Pay,Failed
PAY010110,ORD010110,2026-05-16,58.96,Google Pay,Completed
PAY010111,ORD010111,2026-03-06,35.54,PayPal,Completed
PAY010112,ORD010112,2026-05-11,93.57,Google Pay,Failed
PAY010113,ORD010113,2026-06-06,342.15,PayPal,Completed
PAY010114,ORD010114,2026-03-11,155.57,Credit Card,Completed
PAY010115,ORD010115,2026-08-13,57.77,Credit Card,Completed
PAY010116,ORD010116,2026-01-18,149.0,Credit Card,Completed
PAY010117,ORD010117,2026-07-05,297.16,Credit Card,Pending
PAY010118,ORD010118,2026-04-27,46.37,PayPal,Completed
PAY010119,ORD010119,2026-01-01,67.66,Debit Card,Completed
PAY010120,ORD010120,2026-01-22,33.99,PayPal,Completed
PAY010121,ORD010121,2026-04-05,46.03,PayPal,Completed
PAY010122,ORD010122,2026-05-31,49.65,Apple Pay,Pending
PAY010123,ORD010123,2026-05-16,44.31,Apple Pay,Completed
PAY010124,ORD010124,2026-06-06,137.55,PayPal,Completed
PAY010125,ORD010125,2026-06-21,16.18,Credit Card,Failed
PAY010126,ORD010126,2026-04-25,61.43,Apple Pay,Completed
PAY010127,ORD010127,2026-03-03,57.95,Apple Pay,Completed
PAY010128,ORD010128,2026-01-19,43.39,PayPal,Completed
PAY010129,ORD010129,2026-02-28,107.46,Google Pay,Pending
PAY010130,ORD010130,2026-05-04,105.54,Apple Pay,Failed
PAY010131,ORD010131,2026-03-21,62.34,Credit Card,Completed
PAY010132,ORD010132,2026-05-27,75.13,PayPal,Pending
PAY010133,ORD010133,2026-01-22,58.29,Google Pay,Completed
PAY010134,ORD010134,2026-03-24,93.34,Debit Card,Completed
PAY010135,ORD010135,2026-03-09,181.68,Credit Card,Completed
PAY010136,ORD010136,2026-01-05,127.28,Credit Card,Completed
PAY010137,ORD010137,2026-01-05,288.75,PayPal,Completed
PAY010138,ORD010138,2026-06-02,108.74,Debit Card,Pending
PAY010139,ORD010139,2026-01-24,16.68,Credit Card,Failed
PAY010140,ORD010140,2026-05-09,94.68,Credit Card,Pending
PAY010141,ORD010141,2026-04-24,35.98,PayPal,Completed
PAY010142,ORD010142,2026-01-28,151.17,Credit Card,Completed
PAY010143,ORD010143,2026-02-16,49.83,Google Pay,Completed
PAY010144,ORD010144,2026-03-26,23.86,Debit Card,Failed
PAY010145,ORD010145,2026-07-07,76.46,Apple Pay,Completed
PAY010146,ORD010146,2026-01-19,49.71,Apple Pay,Completed
PAY010147,ORD010147,2026-03-28,81.2,Debit Card,Pending
PAY010148,ORD010148,2026-05-22,77.16,Google Pay,Completed
PAY010149,ORD010149,2026-03-11,77.74,PayPal,Completed
PAY010150,ORD010150,2026-08-12,78.41,PayPal,Completed
PAY010151,ORD010151,2026-04-24,111.14,Apple Pay,Completed
PAY010152,ORD010152,2026-08-12,68.29,Credit Card,Failed
PAY010153,ORD010153,2026-01-08,55.34,Debit Card,Completed
PAY010154,ORD010154,2026-02-06,50.5,Google Pay,Completed
PAY010155,ORD010155,2026-03-27,47.02,PayPal,Completed
PAY010156,ORD010156,2026-03-13,49.94,Debit Card,Completed
PAY010157,ORD010157,2026-05-05,110.24,Credit Card,Pending
PAY010158,ORD010158,2026-01-10,153.2,Apple Pay,Failed
PAY010159,ORD010159,2026-03-08,105.4,Credit Card,Completed
PAY010160,ORD010160,2026-05-21,74.97,Google Pay,Completed
PAY010161,ORD010161,2026-02-08,64.49,Apple Pay,Completed
PAY010162,ORD010162,2026-03-05,71.4,Credit Card,Completed
PAY010163,ORD010163,2026-01-30,71.94,Google Pay,Completed
PAY010164,ORD010164,2026-05-12,39.92,Google Pay,Completed
PAY010165,ORD010165,2026-02-14,36.57,Google Pay,Completed
PAY010166,ORD010166,2026-05-14,64.26,Debit Card,Completed
PAY010167,ORD010167,2026-01-16,33.28,Google Pay,Completed
PAY010168,ORD010168,2026-01-22,34.78,PayPal,Failed
PAY010169,ORD010169,2026-08-07,37.65,Google Pay,Completed
PAY010170,ORD010170,2026-01-21,138.58,Credit Card,Failed
PAY010171,ORD010171,2026-08-09,171.96,PayPal,Completed
PAY010172,ORD010172,2026-07-12,60.49,Apple Pay,Completed
PAY010173,ORD010173,2026-06-07,63.08,PayPal,Failed
PAY010174,ORD010174,2026-01-24,100.15,Credit Card,Failed
PAY010175,ORD010175,2026-03-05,32.27,Apple Pay,Completed
PAY010176,ORD010176,2026-05-21,65.74,Credit Card,Completed
PAY010177,ORD010177,2026-08-10,242.12,Credit Card,Completed
PAY010178,ORD010178,2026-01-26,57.84,Debit Card,Completed
PAY010179,ORD010179,2026-04-08,56.12,Debit Card,Completed
PAY010180,ORD010180,2026-01-20,56.94,Credit Card,Completed
PAY010181,ORD010181,2026-03-02,51.19,Google Pay,Pending
PAY010182,ORD010182,2026-05-04,81.45,Debit Card,Completed
PAY010183,ORD010183,2026-05-14,74.83,Credit Card,Completed
PAY010184,ORD010184,2026-06-20,14.44,PayPal,Pending
PAY010185,ORD010185,2026-06-26,90.67,Credit Card,Failed
PAY010186,ORD010186,2026-01-09,30.76,Credit Card,Completed
PAY010187,ORD010187,2026-05-08,96.46,Apple Pay,Completed
PAY010188,ORD010188,2026-04-11,61.88,Debit Card,Completed
PAY010189,ORD010189,2026-06-14,66.61,Apple Pay,Pending
PAY010190,ORD010190,2026-01-16,70.16,Google Pay,Completed
PAY010191,ORD010191,2026-01-04,41.37,Credit Card,Pending
PAY010192,ORD010192,2026-02-01,39.82,Debit Card,Pending
PAY010193,ORD010193,2026-03-25,101.85,Debit Card,Completed
PAY010194,ORD010194,2026-04-03,41.98,Debit Card,Completed
PAY010195,ORD010195,2026-08-11,28.77,Credit Card,Failed
PAY010196,ORD010196,2026-05-08,84.59,Credit Card,Completed
PAY010197,ORD010197,2026-01-17,81.81,PayPal,Completed
PAY010198,ORD010198,2026-02-10,58.75,Apple Pay,Completed
PAY010199,ORD010199,2026-08-05,70.24,Apple Pay,Failed
PAY010200,ORD010200,2026-02-14,65.45,Credit Card,Completed
PAY010201,ORD010201,2026-01-16,92.53,Google Pay,Completed
PAY010202,ORD010202,2026-01-20,108.49,Debit Card,Completed
PAY010203,ORD010203,2026-02-11,87.02,Credit Card,Failed
PAY010204,ORD010204,2026-01-10,112.99,Credit Card,Failed
PAY010205,ORD010205,2026-02-21,187.91,Credit Card,Pending
PAY010206,ORD010206,2026-07-07,83.46,Debit Card,Completed
PAY010207,ORD010207,2026-06-25,58.03,Debit Card,Failed
PAY010208,ORD010208,2026-05-31,20.17,Credit Card,Completed
PAY010209,ORD010209,2026-02-02,24.26,PayPal,Completed
PAY010210,ORD010210,2026-05-07,78.37,Apple Pay,Failed
PAY010211,ORD010211,2026-07-24,50.46,PayPal,Pending
PAY010212,ORD010212,2026-06-02,42.8,PayPal,Completed
PAY010213,ORD010213,2026-02-19,90.04,Credit Card,Pending
PAY010214,ORD010214,2026-04-11,99.41,Debit Card,Failed
PAY010215,ORD010215,2026-04-10,76.33,Apple Pay,Completed
PAY010216,ORD010216,2026-03-29,45.83,PayPal,Pending
PAY010217,ORD010217,2026-07-17,240.44,Google Pay,Completed
PAY010218,ORD010218,2026-03-20,57.06,Debit Card,Pending
PAY010219,ORD010219,2026-07-02,114.67,Debit Card,Failed
PAY010220,ORD010220,2026-04-08,51.73,Apple Pay,Completed
PAY010221,ORD010221,2026-03-09,28.94,Apple Pay,Completed
PAY010222,ORD010222,2026-03-19,63.86,Apple Pay,Completed
PAY010223,ORD010223,2026-05-12,345.46,Credit Card,Completed
PAY010224,ORD010224,2026-01-28,119.79,Debit Card,Completed
PAY010225,ORD010225,2026-01-29,56.36,Credit Card,Completed
PAY010226,ORD010226,2026-03-23,89.74,Credit Card,Completed
PAY010227,ORD010227,2026-05-02,48.31,Credit Card,Pending
PAY010228,ORD010228,2026-07-31,98.05,Debit Card,Completed
PAY010229,ORD010229,2026-06-25,234.94,Google Pay,Completed
PAY010230,ORD010230,2026-04-15,41.68,PayPal,Completed
PAY010231,ORD010231,2026-08-12,73.04,Debit Card,Failed
PAY010232,ORD010232,2026-03-13,78.94,Debit Card,Pending
PAY010233,ORD010233,2026-04-20,46.29,Apple Pay,Completed
PAY010234,ORD010234,2026-04-23,44.78,PayPal,Failed
PAY010235,ORD010235,2026-05-21,68.37,Apple Pay,Pending
PAY010236,ORD010236,2026-02-12,38.7,Google Pay,Completed
PAY010237,ORD010237,2026-01-09,124.27,Credit Card,Completed
PAY010238,ORD010238,2026-02-09,53.8,Apple Pay,Failed
PAY010239,ORD010239,2026-02-15,55.32,Google Pay,Completed
PAY010240,ORD010240,2026-02-27,31.38,PayPal,Completed
PAY010241,ORD010241,2026-08-13,34.02,Credit Card,Completed
PAY010242,ORD010242,2026-07-03,43.03,Google Pay,Completed
PAY010243,ORD010243,2026-05-20,43.11,Apple Pay,Pending
PAY010244,ORD010244,2026-04-11,29.46,Google Pay,Completed
PAY010245,ORD010245,2026-01-25,109.27,Google Pay,Completed
PAY010246,ORD010246,2026-03-30,165.35,Credit Card,Completed
PAY010247,ORD010247,2026-05-24,54.26,Debit Card,Pending
PAY010248,ORD010248,2026-06-28,32.18,Google Pay,Failed
PAY010249,ORD010249,2026-05-04,33.85,Credit Card,Completed
PAY010250,ORD010250,2026-07-27,70.44,Credit Card,Failed
PAY010251,ORD010251,2026-04-09,65.04,PayPal,Completed
PAY010252,ORD010252,2026-08-03,20.39,PayPal,Completed
PAY010253,ORD010253,2026-07-19,13.89,Debit Card,Completed
PAY010254,ORD010254,2026-06-30,64.59,Apple Pay,Pending
PAY010255,ORD010255,2026-06-29,100.88,Google Pay,Completed
PAY010256,ORD010256,2026-07-14,140.19,Google Pay,Failed
PAY010257,ORD010257,2026-05-04,39.24,Credit Card,Completed
PAY010258,ORD010258,2026-01-24,134.17,Credit Card,Completed
PAY010259,ORD010259,2026-04-17,50.92,Credit Card,Completed
PAY010260,ORD010260,2026-08-02,26.73,PayPal,Completed
PAY010261,ORD010261,2026-01-14,215.42,Credit Card,Completed
PAY010262,ORD010262,2026-01-22,19.49,Debit Card,Completed
PAY010263,ORD010263,2026-08-14,53.72,Credit Card,Completed
PAY010264,ORD010264,2026-05-08,38.58,Apple Pay,Pending
PAY010265,ORD010265,2026-01-31,79.17,Credit Card,Completed
PAY010266,ORD010266,2026-03-26,118.01,Google Pay,Completed
PAY010267,ORD010267,2026-02-27,17.03,Google Pay,Completed
PAY010268,ORD010268,2026-03-10,39.04,Credit Card,Failed
PAY010269,ORD010269,2026-05-27,117.97,Google Pay,Completed
PAY010270,ORD010270,2026-04-16,33.3,Credit Card,Failed
PAY010271,ORD010271,2026-06-30,20.52,Credit Card,Pending
PAY010272,ORD010272,2026-03-26,44.56,PayPal,Completed
PAY010273,ORD010273,2026-01-02,39.77,PayPal,Pending
PAY010274,ORD010274,2026-06-30,105.22,Google Pay,Failed
PAY010275,ORD010275,2026-07-14,63.8,Google Pay,Completed
PAY010276,ORD010276,2026-02-16,36.4,Debit Card,Completed
PAY010277,ORD010277,2026-04-25,119.27,Debit Card,Completed
PAY010278,ORD010278,2026-02-22,60.5,Credit Card,Completed
PAY010279,ORD010279,2026-07-04,23.11,Debit Card,Completed
PAY010280,ORD010280,2026-08-10,38.09,Apple Pay,Completed
PAY010281,ORD010281,2026-08-14,42.49,PayPal,Completed
PAY010282,ORD010282,2026-01-25,241.69,Google Pay,Completed
PAY010283,ORD010283,2026-02-04,53.55,Debit Card,Pending
PAY010284,ORD010284,2026-06-06,24.68,Apple Pay,Failed
PAY010285,ORD010285,2026-07-23,54.55,Debit Card,Failed
PAY010286,ORD010286,2026-03-28,98.29,Google Pay,Failed
PAY010287,ORD010287,2026-08-08,57.36,Debit Card,Failed
PAY010288,ORD010288,2026-04-20,129.36,PayPal,Completed
PAY010289,ORD010289,2026-05-25,102.73,Debit Card,Completed
PAY010290,ORD010290,2026-03-21,97.48,Apple Pay,Completed
PAY010291,ORD010291,2026-06-26,97.19,Debit Card,Pending
PAY010292,ORD010292,2026-07-03,148.03,Google Pay,Failed
PAY010293,ORD010293,2026-07-20,128.45,Debit Card,Completed
PAY010294,ORD010294,2026-05-11,28.07,Apple Pay,Completed
PAY010295,ORD010295,2026-01-22,28.33,Debit Card,Pending
PAY010296,ORD010296,2026-08-11,91.43,Credit Card,Failed
PAY010297,ORD010297,2026-05-22,32.32,Google Pay,Completed
PAY010298,ORD010298,2026-05-11,27.8,Credit Card,Completed
PAY010299,ORD010299,2026-02-07,112.46,Credit Card,Failed
PAY010300,ORD010300,2026-03-28,44.88,Google Pay,Pending
PAY010301,ORD010301,2026-01-21,99.88,Google Pay,Completed
PAY010302,ORD010302,2026-06-28,91.97,Apple Pay,Completed
PAY010303,ORD010303,2026-01-24,61.63,Apple Pay,Completed
PAY010304,ORD010304,2026-04-06,111.13,Apple Pay,Completed
PAY010305,ORD010305,2026-02-14,86.01,Credit Card,Completed
PAY010306,ORD010306,2026-07-16,110.91,Debit Card,Completed
PAY010307,ORD010307,2026-08-13,22.93,PayPal,Pending
PAY010308,ORD010308,2026-06-21,53.99,Debit Card,Completed
PAY010309,ORD010309,2026-02-16,22.91,PayPal,Completed
PAY010310,ORD010310,2026-07-04,47.94,PayPal,Pending
PAY010311,ORD010311,2026-05-27,29.81,PayPal,Completed
PAY010312,ORD010312,2026-06-11,30.17,PayPal,Completed
PAY010313,ORD010313,2026-05-11,62.41,Google Pay,Failed
PAY010314,ORD010314,2026-02-08,186.38,Apple Pay,Completed
PAY010315,ORD010315,2026-04-02,76.34,Google Pay,Completed
PAY010316,ORD010316,2026-03-16,72.43,Credit Card,Completed
PAY010317,ORD010317,2026-07-07,22.31,Google Pay,Completed
PAY010318,ORD010318,2026-05-18,199.81,Apple Pay,Completed
PAY010319,ORD010319,2026-06-17,69.91,Debit Card,Pending
PAY010320,ORD010320,2026-01-02,131.37,Apple Pay,Completed
PAY010321,ORD010321,2026-02-14,44.47,Debit Card,Pending
PAY010322,ORD010322,2026-06-04,96.0,Credit Card,Pending
PAY010323,ORD010323,2026-02-22,22.44,PayPal,Completed
PAY010324,ORD010324,2026-05-17,75.62,Google Pay,Pending
PAY010325,ORD010325,2026-04-13,100.87,PayPal,Completed
PAY010326,ORD010326,2026-05-09,195.01,Credit Card,Completed
PAY010327,ORD010327,2026-06-10,250.94,Credit Card,Failed
PAY010328,ORD010328,2026-02-07,107.1,Debit Card,Failed
PAY010329,ORD010329,2026-02-26,26.32,Debit Card,Failed
PAY010330,ORD010330,2026-06-10,43.14,Credit Card,Completed
PAY010331,ORD010331,2026-06-25,43.75,Apple Pay,Completed
PAY010332,ORD010332,2026-01-03,141.46,PayPal,Pending
PAY010333,ORD010333,2026-02-01,59.86,Google Pay,Completed
PAY010334,ORD010334,2026-07-24,74.12,Credit Card,Pending
PAY010335,ORD010335,2026-05-29,249.68,Google Pay,Completed
PAY010336,ORD010336,2026-03-09,55.71,Credit Card,Completed
PAY010337,ORD010337,2026-05-25,29.66,Debit Card,Completed
PAY010338,ORD010338,2026-06-19,87.42,Debit Card,Completed
PAY010339,ORD010339,2026-03-09,32.06,Credit Card,Completed
PAY010340,ORD010340,2026-03-25,35.29,Google Pay,Pending
PAY010341,ORD010341,2026-01-12,59.43,PayPal,Completed
PAY010342,ORD010342,2026-08-06,286.45,Credit Card,Failed
PAY010343,ORD010343,2026-02-14,48.35,Credit Card,Failed
PAY010344,ORD010344,2026-06-13,93.57,Apple Pay,Completed
PAY010345,ORD010345,2026-03-21,51.38,Credit Card,Completed
PAY010346,ORD010346,2026-06-28,67.79,Debit Card,Failed
PAY010347,ORD010347,2026-05-15,159.58,Apple Pay,Pending
PAY010348,ORD010348,2026-06-10,101.99,Apple Pay,Completed
PAY010349,ORD010349,2026-02-17,61.9,Debit Card,Failed
PAY010350,ORD010350,2026-07-13,50.29,Debit Card,Completed
PAY010351,ORD010351,2026-02-02,175.45,Debit Card,Failed
PAY010352,ORD010352,2026-07-25,206.7,Google Pay,Pending
PAY010353,ORD010353,2026-03-25,64.29,Apple Pay,Failed
PAY010354,ORD010354,2026-04-11,112.28,PayPal,Completed
PAY010355,ORD010355,2026-06-04,130.59,PayPal,Failed
PAY010356,ORD010356,2026-02-16,36.5,Google Pay,Completed
PAY010357,ORD010357,2026-03-26,53.61,PayPal,Pending
PAY010358,ORD010358,2026-07-13,101.53,Apple Pay,Completed
PAY010359,ORD010359,2026-02-12,74.12,Debit Card,Completed
PAY010360,ORD010360,2026-03-21,39.29,Apple Pay,Completed
PAY010361,ORD010361,2026-05-27,39.84,Google Pay,Completed
PAY010362,ORD010362,2026-07-15,105.79,Google Pay,Completed
PAY010363,ORD010363,2026-05-18,31.49,Credit Card,Completed
PAY010364,ORD010364,2026-01-22,46.82,Google Pay,Completed
PAY010365,ORD010365,2026-07-23,33.89,Google Pay,Completed
PAY010366,ORD010366,2026-07-13,87.46,Apple Pay,Completed
PAY010367,ORD010367,2026-05-10,136.37,Apple Pay,Failed
PAY010368,ORD010368,2026-04-18,10.52,Google Pay,Completed
PAY010369,ORD010369,2026-04-08,29.08,Apple Pay,Completed
PAY010370,ORD010370,2026-01-18,47.24,Apple Pay,Pending
PAY010371,ORD010371,2026-05-08,112.73,Google Pay,Completed
PAY010372,ORD010372,2026-07-27,22.43,Debit Card,Completed
PAY010373,ORD010373,2026-01-19,101.44,Google Pay,Completed
PAY010374,ORD010374,2026-08-05,168.65,PayPal,Completed
PAY010375,ORD010375,2026-06-07,64.59,Apple Pay,Completed
PAY010376,ORD010376,2026-05-14,79.75,Credit Card,Failed
PAY010377,ORD010377,2026-01-27,58.25,Google Pay,Completed
PAY010378,ORD010378,2026-01-15,20.44,Debit Card,Pending
PAY010379,ORD010379,2026-06-08,42.97,Debit Card,Completed
PAY010380,ORD010380,2026-06-21,116.2,Apple Pay,Completed
PAY010381,ORD010381,2026-08-02,108.7,Google Pay,Completed
PAY010382,ORD010382,2026-07-23,98.42,Google Pay,Completed
PAY010383,ORD010383,2026-05-18,54.27,PayPal,Completed
PAY010384,ORD010384,2026-05-29,96.13,Google Pay,Completed
PAY010385,ORD010385,2026-06-24,62.77,PayPal,Completed
PAY010386,ORD010386,2026-07-02,18.24,Debit Card,Completed
PAY010387,ORD010387,2026-05-03,32.49,Google Pay,Pending
PAY010388,ORD010388,2026-04-05,38.82,Apple Pay,Pending
PAY010389,ORD010389,2026-06-13,24.93,PayPal,Completed
PAY010390,ORD010390,2026-05-07,56.77,PayPal,Completed
PAY010391,ORD010391,2026-03-15,101.57,Apple Pay,Completed
PAY010392,ORD010392,2026-02-27,218.34,Credit Card,Pending
PAY010393,ORD010393,2026-05-27,38.66,Apple Pay,Completed
PAY010394,ORD010394,2026-08-03,39.18,PayPal,Completed
PAY010395,ORD010395,2026-07-11,115.13,Apple Pay,Completed
PAY010396,ORD010396,2026-04-20,38.38,PayPal,Completed
PAY010397,ORD010397,2026-05-18,132.3,Credit Card,Completed
PAY010398,ORD010398,2026-02-18,61.39,Google Pay,Completed
PAY010399,ORD010399,2026-07-01,48.09,Debit Card,Failed
PAY010400,ORD010400,2026-03-02,51.47,Credit Card,Failed
PAY010401,ORD010401,2026-07-06,205.4,Google Pay,Failed
PAY010402,ORD010402,2026-08-07,57.75,Apple Pay,Completed
PAY010403,ORD010403,2026-05-10,24.81,PayPal,Completed
PAY010404,ORD010404,2026-03-16,218.14,Credit Card,Completed
PAY010405,ORD010405,2026-01-08,104.7,Apple Pay,Completed
PAY010406,ORD010406,2026-05-27,70.39,Google Pay,Completed
PAY010407,ORD010407,2026-07-27,7.92,Debit Card,Failed
PAY010408,ORD010408,2026-07-15,38.5,Credit Card,Pending
PAY010409,ORD010409,2026-05-22,57.24,Debit Card,Completed
PAY010410,ORD010410,2026-01-22,24.02,Apple Pay,Completed
PAY010411,ORD010411,2026-01-17,43.24,Google Pay,Failed
PAY010412,ORD010412,2026-04-17,29.29,Credit Card,Pending
PAY010413,ORD010413,2026-03-04,75.06,Google Pay,Completed
PAY010414,ORD010414,2026-05-02,108.28,PayPal,Failed
PAY010415,ORD010415,2026-01-26,103.29,Google Pay,Completed
PAY010416,ORD010416,2026-06-13,102.87,Google Pay,Pending
PAY010417,ORD010417,2026-04-27,37.95,Google Pay,Completed
PAY010418,ORD010418,2026-02-14,201.3,Credit Card,Completed
PAY010419,ORD010419,2026-01-30,72.77,Credit Card,Completed
PAY010420,ORD010420,2026-04-26,15.23,Credit Card,Pending
PAY010421,ORD010421,2026-05-29,89.52,Debit Card,Completed
PAY010422,ORD010422,2026-05-28,34.1,Apple Pay,Failed
PAY010423,ORD010423,2026-06-19,50.91,Apple Pay,Failed
PAY010424,ORD010424,2026-03-31,72.59,Google Pay,Completed
PAY010425,ORD010425,2026-04-29,79.82,Debit Card,Failed
PAY010426,ORD010426,2026-07-03,127.09,Apple Pay,Completed
PAY010427,ORD010427,2026-05-20,69.32,Credit Card,Pending
PAY010428,ORD010428,2026-01-08,152.73,PayPal,Failed
PAY010429,ORD010429,2026-04-03,45.26,PayPal,Completed
PAY010430,ORD010430,2026-04-27,128.13,Apple Pay,Completed
PAY010431,ORD010431,2026-07-10,24.46,Debit Card,Pending
PAY010432,ORD010432,2026-02-25,24.27,Apple Pay,Completed
PAY010433,ORD010433,2026-05-15,85.43,Credit Card,Failed
PAY010434,ORD010434,2026-03-03,25.77,Debit Card,Completed
PAY010435,ORD010435,2026-05-01,112.47,PayPal,Completed
PAY010436,ORD010436,2026-03-02,79.8,Google Pay,Completed
PAY010437,ORD010437,2026-05-18,122.93,Credit Card,Failed
PAY010438,ORD010438,2026-02-19,98.93,Debit Card,Failed
PAY010439,ORD010439,2026-05-28,132.49,Google Pay,Pending
PAY010440,ORD010440,2026-01-28,128.22,Credit Card,Completed
PAY010441,ORD010441,2026-05-22,71.08,PayPal,Failed
PAY010442,ORD010442,2026-03-17,57.05,Debit Card,Failed
PAY010443,ORD010443,2026-01-08,132.45,Apple Pay,Completed
PAY010444,ORD010444,2026-05-15,211.09,Debit Card,Completed
PAY010445,ORD010445,2026-01-05,50.35,Debit Card,Completed
PAY010446,ORD010446,2026-01-01,133.65,Credit Card,Completed
PAY010447,ORD010447,2026-04-21,51.81,Apple Pay,Completed
PAY010448,ORD010448,2026-03-14,47.62,PayPal,Completed
PAY010449,ORD010449,2026-07-29,92.68,Google Pay,Completed
PAY010450,ORD010450,2026-04-16,106.73,PayPal,Completed
PAY010451,ORD010451,2026-01-10,91.19,Apple Pay,Completed
PAY010452,ORD010452,2026-07-05,67.68,Google Pay,Completed
PAY010453,ORD010453,2026-03-06,69.07,Debit Card,Completed
PAY010454,ORD010454,2026-07-07,24.62,Google Pay,Completed
PAY010455,ORD010455,2026-05-28,65.87,Debit Card,Completed
PAY010456,ORD010456,2026-02-27,156.52,Apple Pay,Failed
PAY010457,ORD010457,2026-06-20,136.11,PayPal,Completed
PAY010458,ORD010458,2026-06-06,39.78,Credit Card,Completed
PAY010459,ORD010459,2026-01-02,92.59,Google Pay,Completed
PAY010460,ORD010460,2026-06-03,85.75,Credit Card,Pending
PAY010461,ORD010461,2026-07-22,198.08,Credit Card,Failed
PAY010462,ORD010462,2026-08-05,116.81,Google Pay,Completed
PAY010463,ORD010463,2026-08-14,77.02,Credit Card,Pending
PAY010464,ORD010464,2026-02-28,98.55,Credit Card,Failed
PAY010465,ORD010465,2026-04-15,37.69,Credit Card,Completed
PAY010466,ORD010466,2026-01-01,75.04,PayPal,Failed
PAY010467,ORD010467,2026-01-31,254.65,Debit Card,Completed
PAY010468,ORD010468,2026-02-07,63.87,PayPal,Completed
PAY010469,ORD010469,2026-01-22,46.77,PayPal,Pending
PAY010470,ORD010470,2026-07-13,148.75,Debit Card,Pending
PAY010471,ORD010471,2026-06-24,48.31,Debit Card,Pending
PAY010472,ORD010472,2026-01-01,32.33,Credit Card,Completed
PAY010473,ORD010473,2026-03-29,179.13,PayPal,Completed
PAY010474,ORD010474,2026-06-27,44.5,Google Pay,Failed
PAY010475,ORD010475,2026-06-13,58.16,Google Pay,Completed
PAY010476,ORD010476,2026-06-22,51.7,Credit Card,Completed
PAY010477,ORD010477,2026-06-13,232.62,PayPal,Pending
PAY010478,ORD010478,2026-06-11,14.83,Credit Card,Completed
PAY010479,ORD010479,2026-01-09,92.08,PayPal,Completed
PAY010480,ORD010480,2026-07-23,25.08,Credit Card,Pending
PAY010481,ORD010481,2026-04-20,128.71,Debit Card,Pending
PAY010482,ORD010482,2026-03-25,41.5,Google Pay,Completed
PAY010483,ORD010483,2026-05-12,50.23,Credit Card,Failed
PAY010484,ORD010484,2026-07-26,50.92,PayPal,Completed
PAY010485,ORD010485,2026-03-04,64.86,Google Pay,Completed
PAY010486,ORD010486,2026-05-12,31.39,Credit Card,Failed
PAY010487,ORD010487,2026-05-13,128.01,Apple Pay,Completed
PAY010488,ORD010488,2026-05-18,39.54,Google Pay,Completed
PAY010489,ORD010489,2026-04-18,45.13,Apple Pay,Completed
PAY010490,ORD010490,2026-06-21,29.87,PayPal,Completed
PAY010491,ORD010491,2026-02-09,123.72,Debit Card,Completed
PAY010492,ORD010492,2026-02-05,53.37,Debit Card,Pending
PAY010493,ORD010493,2026-02-04,178.23,PayPal,Failed
PAY010494,ORD010494,2026-02-28,7.09,Apple Pay,Completed
PAY010495,ORD010495,2026-07-12,106.78,Debit Card,Pending
PAY010496,ORD010496,2026-07-29,26.28,Debit Card,Completed
PAY010497,ORD010497,2026-04-26,36.29,Apple Pay,Failed
PAY010498,ORD010498,2026-01-31,60.21,Credit Card,Completed
PAY010499,ORD010499,2026-06-23,96.29,Debit Card,Completed
PAY010500,ORD010500,2026-02-18,436.03,Debit Card,Pending
PAY010501,ORD010501,2026-05-14,35.82,Credit Card,Completed
PAY010502,ORD010502,2026-07-17,37.93,Apple Pay,Completed
PAY010503,ORD010503,2026-04-16,38.77,Apple Pay,Completed
PAY010504,ORD010504,2026-01-19,45.88,Credit Card,Completed
PAY010505,ORD010505,2026-04-06,125.22,Debit Card,Completed
PAY010506,ORD010506,2026-06-19,64.11,Credit Card,Pending
PAY010507,ORD010507,2026-01-30,192.44,PayPal,Pending
PAY010508,ORD010508,2026-01-26,157.24,Credit Card,Completed
PAY010509,ORD010509,2026-05-11,98.51,Google Pay,Pending
PAY010510,ORD010510,2026-06-10,47.42,Apple Pay,Pending
PAY010511,ORD010511,2026-02-19,17.06,Debit Card,Pending
PAY010512,ORD010512,2026-06-08,56.38,Debit Card,Completed
PAY010513,ORD010513,2026-04-21,35.51,PayPal,Completed
PAY010514,ORD010514,2026-07-31,57.78,Debit Card,Completed
PAY010515,ORD010515,2026-07-15,48.35,PayPal,Failed
PAY010516,ORD010516,2026-04-06,46.4,PayPal,Completed
PAY010517,ORD010517,2026-03-23,59.81,Apple Pay,Completed
PAY010518,ORD010518,2026-05-18,17.76,PayPal,Failed
PAY010519,ORD010519,2026-01-22,42.47,Apple Pay,Completed
PAY010520,ORD010520,2026-07-10,146.71,PayPal,Pending
PAY010521,ORD010521,2026-02-23,122.24,Credit Card,Completed
PAY010522,ORD010522,2026-06-28,59.51,Apple Pay,Completed
PAY010523,ORD010523,2026-03-22,18.89,Google Pay,Completed
PAY010524,ORD010524,2026-05-12,48.91,Credit Card,Completed
PAY010525,ORD010525,2026-02-06,41.25,PayPal,Completed
PAY010526,ORD010526,2026-07-18,68.27,Google Pay,Failed
PAY010527,ORD010527,2026-03-04,67.25,Apple Pay,Completed
PAY010528,ORD010528,2026-02-20,85.29,Google Pay,Failed
PAY010529,ORD010529,2026-05-16,22.74,Google Pay,Pending
PAY010530,ORD010530,2026-01-01,16.17,PayPal,Completed
PAY010531,ORD010531,2026-01-08,44.45,Credit Card,Completed
PAY010532,ORD010532,2026-07-30,29.05,Google Pay,Completed
PAY010533,ORD010533,2026-03-22,69.02,Credit Card,Pending
PAY010534,ORD010534,2026-04-15,63.21,Google Pay,Completed
PAY010535,ORD010535,2026-07-02,25.18,Apple Pay,Completed
PAY010536,ORD010536,2026-04-22,73.57,PayPal,Completed
PAY010537,ORD010537,2026-05-17,97.92,Google Pay,Completed
PAY010538,ORD010538,2026-06-28,185.89,PayPal,Pending
PAY010539,ORD010539,2026-05-24,27.27,Credit Card,Pending
PAY010540,ORD010540,2026-06-30,52.31,Google Pay,Completed
PAY010541,ORD010541,2026-02-28,39.73,Apple Pay,Failed
PAY010542,ORD010542,2026-02-14,227.47,Debit Card,Completed
PAY010543,ORD010543,2026-06-14,17.62,Credit Card,Completed
PAY010544,ORD010544,2026-04-01,101.93,PayPal,Pending
PAY010545,ORD010545,2026-03-07,45.27,Credit Card,Completed
PAY010546,ORD010546,2026-07-11,29.78,Apple Pay,Completed
PAY010547,ORD010547,2026-02-05,52.46,PayPal,Completed
PAY010548,ORD010548,2026-03-17,69.74,PayPal,Completed
PAY010549,ORD010549,2026-02-19,16.27,PayPal,Pending
PAY010550,ORD010550,2026-04-09,50.08,Debit Card,Completed
PAY010551,ORD010551,2026-04-05,48.41,Debit Card,Failed
PAY010552,ORD010552,2026-06-30,19.85,PayPal,Completed
PAY010553,ORD010553,2026-07-04,107.62,Debit Card,Pending
PAY010554,ORD010554,2026-05-27,29.73,PayPal,Completed
PAY010555,ORD010555,2026-06-03,145.81,Apple Pay,Failed
PAY010556,ORD010556,2026-04-28,40.22,PayPal,Completed
PAY010557,ORD010557,2026-04-10,13.4,Debit Card,Failed
PAY010558,ORD010558,2026-03-09,173.16,Apple Pay,Completed
PAY010559,ORD010559,2026-04-22,25.2,Apple Pay,Failed
PAY010560,ORD010560,2026-06-20,39.47,Debit Card,Pending
PAY010561,ORD010561,2026-05-07,36.47,PayPal,Failed
PAY010562,ORD010562,2026-04-05,41.06,Debit Card,Pending
PAY010563,ORD010563,2026-05-02,67.45,Credit Card,Pending
PAY010564,ORD010564,2026-07-05,135.85,Debit Card,Failed
PAY010565,ORD010565,2026-07-24,14.67,Apple Pay,Completed
PAY010566,ORD010566,2026-05-07,52.66,PayPal,Pending
PAY010567,ORD010567,2026-04-13,124.26,Google Pay,Completed
PAY010568,ORD010568,2026-02-28,62.29,PayPal,Completed
PAY010569,ORD010569,2026-02-15,74.16,Apple Pay,Completed
PAY010570,ORD010570,2026-07-15,126.64,PayPal,Failed
PAY010571,ORD010571,2026-02-09,20.63,Apple Pay,Completed
PAY010572,ORD010572,2026-05-21,67.85,Google Pay,Completed
PAY010573,ORD010573,2026-05-01,106.92,Debit Card,Failed
PAY010574,ORD010574,2026-04-15,82.47,Credit Card,Completed
PAY010575,ORD010575,2026-01-09,39.78,PayPal,Completed
PAY010576,ORD010576,2026-03-07,17.19,Google Pay,Completed
PAY010577,ORD010577,2026-02-22,73.93,PayPal,Pending
PAY010578,ORD010578,2026-07-23,40.45,Credit Card,Completed
PAY010579,ORD010579,2026-03-22,91.48,Credit Card,Completed
PAY010580,ORD010580,2026-01-04,34.55,Credit Card,Failed
PAY010581,ORD010581,2026-05-06,158.46,Google Pay,Completed
PAY010582,ORD010582,2026-05-22,124.4,Credit Card,Failed
PAY010583,ORD010583,2026-08-01,25.05,Credit Card,Completed
PAY010584,ORD010584,2026-04-15,191.56,Credit Card,Completed
PAY010585,ORD010585,2026-05-16,23.63,Credit Card,Completed
PAY010586,ORD010586,2026-04-07,92.26,Google Pay,Pending
PAY010587,ORD010587,2026-07-09,50.63,PayPal,Completed
PAY010588,ORD010588,2026-06-22,55.08,Google Pay,Failed
PAY010589,ORD010589,2026-04-02,129.67,Google Pay,Completed
PAY010590,ORD010590,2026-07-14,77.73,Credit Card,Completed
PAY010591,ORD010591,2026-07-09,25.12,Debit Card,Completed
PAY010592,ORD010592,2026-03-19,41.86,PayPal,Completed
PAY010593,ORD010593,2026-03-24,84.24,PayPal,Completed
PAY010594,ORD010594,2026-03-11,127.74,Debit Card,Completed
PAY010595,ORD010595,2026-02-05,109.34,PayPal,Completed
PAY010596,ORD010596,2026-03-25,52.12,Credit Card,Completed
PAY010597,ORD010597,2026-05-09,47.06,Credit Card,Failed
PAY010598,ORD010598,2026-07-07,244.79,Credit Card,Completed
PAY010599,ORD010599,2026-07-21,113.38,Credit Card,Completed
PAY010600,ORD010600,2026-05-21,52.65,Apple Pay,Pending
PAY010601,ORD010601,2026-05-20,61.8,Credit Card,Failed
PAY010602,ORD010602,2026-03-16,28.9,Apple Pay,Pending
PAY010603,ORD010603,2026-04-10,47.56,PayPal,Completed
PAY010604,ORD010604,2026-05-25,40.16,PayPal,Completed
PAY010605,ORD010605,2026-06-24,46.29,Apple Pay,Pending
PAY010606,ORD010606,2026-02-22,131.6,PayPal,Pending
PAY010607,ORD010607,2026-08-09,24.68,Google Pay,Failed
PAY010608,ORD010608,2026-03-08,52.74,Debit Card,Failed
PAY010609,ORD010609,2026-08-09,31.11,Google Pay,Completed
PAY010610,ORD010610,2026-01-10,72.13,Apple Pay,Completed
PAY010611,ORD010611,2026-02-15,155.36,Debit Card,Completed
PAY010612,ORD010612,2026-03-24,99.4,Apple Pay,Completed
PAY010613,ORD010613,2026-04-27,70.53,Credit Card,Completed
PAY010614,ORD010614,2026-01-04,122.39,Debit Card,Completed
PAY010615,ORD010615,2026-02-26,113.34,Apple Pay,Completed
PAY010616,ORD010616,2026-02-07,44.65,Credit Card,Completed
PAY010617,ORD010617,2026-05-20,18.24,PayPal,Failed
PAY010618,ORD010618,2026-01-31,136.31,Apple Pay,Pending
PAY010619,ORD010619,2026-05-10,26.49,Debit Card,Completed
PAY010620,ORD010620,2026-05-09,26.73,PayPal,Completed
PAY010621,ORD010621,2026-03-22,50.07,Apple Pay,Completed
PAY010622,ORD010622,2026-01-25,40.13,Apple Pay,Completed
PAY010623,ORD010623,2026-01-05,26.51,PayPal,Pending
PAY010624,ORD010624,2026-02-17,56.78,Credit Card,Completed
PAY010625,ORD010625,2026-05-22,49.14,Debit Card,Completed
PAY010626,ORD010626,2026-02-21,84.66,Credit Card,Completed
PAY010627,ORD010627,2026-03-15,60.94,Debit Card,Completed
PAY010628,ORD010628,2026-05-29,75.57,PayPal,Completed
PAY010629,ORD010629,2026-06-02,54.28,Credit Card,Completed
PAY010630,ORD010630,2026-04-09,76.14,Google Pay,Pending
PAY010631,ORD010631,2026-03-08,45.13,Google Pay,Completed
PAY010632,ORD010632,2026-07-29,55.18,Apple Pay,Completed
PAY010633,ORD010633,2026-04-29,33.24,Credit Card,Completed
PAY010634,ORD010634,2026-06-27,32.75,Apple Pay,Pending
PAY010635,ORD010635,2026-04-13,62.44,Credit Card,Failed
PAY010636,ORD010636,2026-02-02,217.45,Debit Card,Completed
PAY010637,ORD010637,2026-05-25,81.4,Debit Card,Failed
PAY010638,ORD010638,2026-07-17,42.81,PayPal,Completed
PAY010639,ORD010639,2026-02-03,21.56,Google Pay,Completed
PAY010640,ORD010640,2026-06-03,99.05,Google Pay,Completed
PAY010641,ORD010641,2026-06-19,134.88,PayPal,Failed
PAY010642,ORD010642,2026-06-08,86.37,PayPal,Failed
PAY010643,ORD010643,2026-04-23,83.05,PayPal,Completed
PAY010644,ORD010644,2026-02-20,22.47,PayPal,Completed
PAY010645,ORD010645,2026-08-08,65.87,Credit Card,Failed
PAY010646,ORD010646,2026-02-05,39.91,PayPal,Failed
PAY010647,ORD010647,2026-01-13,92.64,Apple Pay,Failed
PAY010648,ORD010648,2026-03-26,28.46,PayPal,Failed
PAY010649,ORD010649,2026-08-06,57.39,Credit Card,Pending
PAY010650,ORD010650,2026-08-11,101.97,Google Pay,Completed
PAY010651,ORD010651,2026-07-27,36.42,Google Pay,Pending
PAY010652,ORD010652,2026-08-11,46.49,Google Pay,Completed
PAY010653,ORD010653,2026-01-13,110.94,Credit Card,Completed
PAY010654,ORD010654,2026-08-10,207.3,PayPal,Completed
PAY010655,ORD010655,2026-02-01,100.05,Debit Card,Failed
PAY010656,ORD010656,2026-05-13,63.54,Google Pay,Completed
PAY010657,ORD010657,2026-01-12,39.13,Google Pay,Failed
PAY010658,ORD010658,2026-07-06,51.44,Debit Card,Pending
PAY010659,ORD010659,2026-06-18,95.67,PayPal,Pending
PAY010660,ORD010660,2026-02-06,42.05,Google Pay,Completed
PAY010661,ORD010661,2026-03-09,43.88,PayPal,Completed
PAY010662,ORD010662,2026-04-16,24.55,Apple Pay,Pending
PAY010663,ORD010663,2026-06-25,247.97,Debit Card,Completed
PAY010664,ORD010664,2026-06-20,118.8,Credit Card,Pending
PAY010665,ORD010665,2026-04-03,45.68,PayPal,Completed
PAY010666,ORD010666,2026-02-10,155.96,Debit Card,Completed
PAY010667,ORD010667,2026-02-25,79.29,Debit Card,Failed
PAY010668,ORD010668,2026-03-10,31.7,Debit Card,Completed
PAY010669,ORD010669,2026-01-11,41.28,Credit Card,Completed
PAY010670,ORD010670,2026-08-10,29.8,Google Pay,Pending
PAY010671,ORD010671,2026-05-17,76.63,Apple Pay,Failed
PAY010672,ORD010672,2026-04-23,272.64,Google Pay,Completed
PAY010673,ORD010673,2026-01-28,60.07,PayPal,Completed
PAY010674,ORD010674,2026-01-22,38.94,Debit Card,Completed
PAY010675,ORD010675,2026-07-22,53.67,Google Pay,Completed
PAY010676,ORD010676,2026-03-26,198.35,Credit Card,Failed
PAY010677,ORD010677,2026-01-06,102.16,Credit Card,Completed
PAY010678,ORD010678,2026-01-26,67.78,Apple Pay,Pending
PAY010679,ORD010679,2026-05-24,20.12,Google Pay,Completed
PAY010680,ORD010680,2026-01-14,71.25,Credit Card,Completed
PAY010681,ORD010681,2026-02-04,36.24,Credit Card,Failed
PAY010682,ORD010682,2026-02-11,160.23,Apple Pay,Completed
PAY010683,ORD010683,2026-02-22,30.45,PayPal,Failed
PAY010684,ORD010684,2026-04-10,33.64,Google Pay,Completed
PAY010685,ORD010685,2026-05-30,90.29,PayPal,Completed
PAY010686,ORD010686,2026-06-30,63.82,Debit Card,Completed
PAY010687,ORD010687,2026-07-13,34.28,PayPal,Completed
PAY010688,ORD010688,2026-01-13,27.83,Credit Card,Failed
PAY010689,ORD010689,2026-01-11,217.0,Credit Card,Pending
PAY010690,ORD010690,2026-05-20,56.81,PayPal,Completed
PAY010691,ORD010691,2026-04-07,64.95,PayPal,Completed
PAY010692,ORD010692,2026-03-27,65.19,Debit Card,Completed
PAY010693,ORD010693,2026-02-22,16.6,Debit Card,Completed
PAY010694,ORD010694,2026-01-09,109.54,Google Pay,Pending
PAY010695,ORD010695,2026-03-12,38.87,Credit Card,Completed
PAY010696,ORD010696,2026-01-17,38.64,Google Pay,Pending
PAY010697,ORD010697,2026-07-08,62.56,Google Pay,Completed
PAY010698,ORD010698,2026-01-10,13.67,PayPal,Completed
PAY010699,ORD010699,2026-06-15,17.66,Credit Card,Pending
PAY010700,ORD010700,2026-05-03,108.7,Google Pay,Failed
PAY010701,ORD010701,2026-02-08,95.87,PayPal,Completed
PAY010702,ORD010702,2026-04-20,34.47,Apple Pay,Completed
PAY010703,ORD010703,2026-03-30,131.64,Debit Card,Completed
PAY010704,ORD010704,2026-08-07,155.76,PayPal,Completed
PAY010705,ORD010705,2026-04-04,23.42,PayPal,Failed
PAY010706,ORD010706,2026-06-07,76.54,Google Pay,Completed
PAY010707,ORD010707,2026-04-17,41.78,PayPal,Completed
PAY010708,ORD010708,2026-02-03,10.88,PayPal,Pending
PAY010709,ORD010709,2026-02-02,23.92,Google Pay,Completed
PAY010710,ORD010710,2026-06-09,77.71,PayPal,Completed
PAY010711,ORD010711,2026-01-12,31.67,Debit Card,Failed
PAY010712,ORD010712,2026-03-28,130.66,Credit Card,Pending
PAY010713,ORD010713,2026-04-03,68.69,Google Pay,Completed
PAY010714,ORD010714,2026-04-17,266.5,Apple Pay,Completed
PAY010715,ORD010715,2026-07-12,19.6,Apple Pay,Completed
PAY010716,ORD010716,2026-07-31,199.17,Credit Card,Failed
PAY010717,ORD010717,2026-01-10,128.01,Debit Card,Completed
PAY010718,ORD010718,2026-05-05,53.94,PayPal,Completed
PAY010719,ORD010719,2026-01-19,166.32,Apple Pay,Completed
PAY010720,ORD010720,2026-01-23,55.52,PayPal,Completed
PAY010721,ORD010721,2026-05-08,182.04,Debit Card,Completed
PAY010722,ORD010722,2026-03-26,33.85,Google Pay,Completed
PAY010723,ORD010723,2026-07-04,67.73,Credit Card,Pending
PAY010724,ORD010724,2026-04-17,56.04,Debit Card,Completed
PAY010725,ORD010725,2026-04-09,24.47,Apple Pay,Failed
PAY010726,ORD010726,2026-02-28,32.45,Apple Pay,Completed
PAY010727,ORD010727,2026-08-12,70.28,Credit Card,Completed
PAY010728,ORD010728,2026-07-01,52.99,Google Pay,Completed
PAY010729,ORD010729,2026-03-15,75.34,Debit Card,Pending
PAY010730,ORD010730,2026-01-02,33.29,Apple Pay,Completed
PAY010731,ORD010731,2026-02-17,29.32,Apple Pay,Failed
PAY010732,ORD010732,2026-01-06,40.86,Google Pay,Completed
PAY010733,ORD010733,2026-02-12,71.74,Apple Pay,Completed
PAY010734,ORD010734,2026-05-25,52.08,Apple Pay,Pending
PAY010735,ORD010735,2026-05-07,44.7,PayPal,Failed
PAY010736,ORD010736,2026-03-20,96.88,Credit Card,Completed
PAY010737,ORD010737,2026-06-13,82.46,PayPal,Completed
PAY010738,ORD010738,2026-06-01,82.84,Apple Pay,Completed
PAY010739,ORD010739,2026-05-01,57.21,Google Pay,Pending
PAY010740,ORD010740,2026-04-30,36.6,Credit Card,Completed
PAY010741,ORD010741,2026-07-08,25.02,Debit Card,Completed
PAY010742,ORD010742,2026-01-29,48.11,Debit Card,Completed
PAY010743,ORD010743,2026-03-19,65.24,Google Pay,Completed
PAY010744,ORD010744,2026-02-27,111.0,Debit Card,Completed
PAY010745,ORD010745,2026-07-13,49.35,PayPal,Completed
PAY010746,ORD010746,2026-08-02,26.37,Apple Pay,Completed
PAY010747,ORD010747,2026-06-30,23.36,Debit Card,Completed
PAY010748,ORD010748,2026-03-11,69.68,PayPal,Failed
PAY010749,ORD010749,2026-01-09,105.55,Credit Card,Completed
PAY010750,ORD010750,2026-07-23,23.89,Google Pay,Pending
PAY010751,ORD010751,2026-06-19,135.52,Credit Card,Failed
PAY010752,ORD010752,2026-02-08,26.95,Credit Card,Failed
PAY010753,ORD010753,2026-07-16,36.66,PayPal,Pending
PAY010754,ORD010754,2026-05-02,123.61,Debit Card,Completed
PAY010755,ORD010755,2026-06-17,43.04,PayPal,Completed
PAY010756,ORD010756,2026-02-28,54.59,Debit Card,Pending
PAY010757,ORD010757,2026-02-13,79.59,Apple Pay,Failed
PAY010758,ORD010758,2026-03-06,139.05,Google Pay,Completed
PAY010759,ORD010759,2026-07-21,56.73,Apple Pay,Failed
PAY010760,ORD010760,2026-01-11,65.18,Debit Card,Completed
PAY010761,ORD010761,2026-04-01,53.57,Debit Card,Completed
PAY010762,ORD010762,2026-08-03,22.76,Credit Card,Completed
PAY010763,ORD010763,2026-03-25,148.28,Debit Card,Completed
PAY010764,ORD010764,2026-01-05,7.77,Credit Card,Completed
PAY010765,ORD010765,2026-07-24,74.56,Credit Card,Completed
PAY010766,ORD010766,2026-04-24,134.68,Google Pay,Failed
PAY010767,ORD010767,2026-07-21,149.83,Debit Card,Failed
PAY010768,ORD010768,2026-06-26,33.75,Apple Pay,Completed
PAY010769,ORD010769,2026-06-28,79.78,PayPal,Failed
PAY010770,ORD010770,2026-06-13,32.87,Credit Card,Completed
PAY010771,ORD010771,2026-04-15,37.29,PayPal,Completed
PAY010772,ORD010772,2026-01-16,134.29,Credit Card,Pending
PAY010773,ORD010773,2026-01-07,63.73,Apple Pay,Completed
PAY010774,ORD010774,2026-08-12,72.44,Credit Card,Failed
PAY010775,ORD010775,2026-08-05,109.94,Google Pay,Completed
PAY010776,ORD010776,2026-02-13,127.51,Credit Card,Failed
PAY010777,ORD010777,2026-01-26,53.16,Debit Card,Failed
PAY010778,ORD010778,2026-02-05,18.83,Google Pay,Failed
PAY010779,ORD010779,2026-06-30,49.05,Credit Card,Failed
PAY010780,ORD010780,2026-04-02,93.03,Credit Card,Pending
PAY010781,ORD010781,2026-06-21,20.18,PayPal,Completed
PAY010782,ORD010782,2026-01-12,42.72,Credit Card,Completed
PAY010783,ORD010783,2026-03-31,45.32,Google Pay,Pending
PAY010784,ORD010784,2026-03-09,71.21,Credit Card,Failed
PAY010785,ORD010785,2026-04-18,38.59,PayPal,Completed
PAY010786,ORD010786,2026-05-31,62.25,Apple Pay,Failed
PAY010787,ORD010787,2026-04-14,27.01,PayPal,Completed
PAY010788,ORD010788,2026-03-29,84.29,PayPal,Completed
PAY010789,ORD010789,2026-04-05,81.33,Credit Card,Completed
PAY010790,ORD010790,2026-05-06,635.19,Apple Pay,Failed
PAY010791,ORD010791,2026-01-30,29.82,Google Pay,Completed
PAY010792,ORD010792,2026-03-04,45.16,Google Pay,Completed
PAY010793,ORD010793,2026-01-03,151.1,Debit Card,Pending
PAY010794,ORD010794,2026-07-27,19.73,PayPal,Failed
PAY010795,ORD010795,2026-06-11,413.06,PayPal,Pending
PAY010796,ORD010796,2026-04-12,42.63,Debit Card,Completed
PAY010797,ORD010797,2026-04-02,20.64,Credit Card,Pending
PAY010798,ORD010798,2026-06-26,81.66,Google Pay,Pending
PAY010799,ORD010799,2026-06-21,62.74,Google Pay,Completed
PAY010800,ORD010800,2026-06-18,30.02,Debit Card,Completed
PAY010801,ORD010801,2026-02-17,37.96,Debit Card,Completed
PAY010802,ORD010802,2026-07-18,97.03,Debit Card,Failed
PAY010803,ORD010803,2026-01-08,24.07,Apple Pay,Completed
PAY010804,ORD010804,2026-05-15,95.46,PayPal,Completed
PAY010805,ORD010805,2026-02-06,37.86,Google Pay,Completed
PAY010806,ORD010806,2026-07-02,381.73,Credit Card,Completed
PAY010807,ORD010807,2026-03-12,176.26,Apple Pay,Completed
PAY010808,ORD010808,2026-06-27,24.62,PayPal,Completed
PAY010809,ORD010809,2026-03-23,45.41,Apple Pay,Completed
PAY010810,ORD010810,2026-04-22,112.82,PayPal,Pending
PAY010811,ORD010811,2026-04-13,7.67,Debit Card,Completed
PAY010812,ORD010812,2026-01-21,31.76,Credit Card,Failed
PAY010813,ORD010813,2026-02-03,43.08,Debit Card,Failed
PAY010814,ORD010814,2026-06-26,20.68,Google Pay,Failed
PAY010815,ORD010815,2026-01-27,60.99,Google Pay,Completed
PAY010816,ORD010816,2026-01-08,45.07,Google Pay,Pending
PAY010817,ORD010817,2026-06-11,33.56,Google Pay,Completed
PAY010818,ORD010818,2026-01-18,160.5,Apple Pay,Completed
PAY010819,ORD010819,2026-06-28,109.09,Credit Card,Completed
PAY010820,ORD010820,2026-05-20,108.05,Credit Card,Pending
PAY010821,ORD010821,2026-08-02,61.69,Google Pay,Pending
PAY010822,ORD010822,2026-02-20,76.13,PayPal,Failed
PAY010823,ORD010823,2026-07-10,200.42,Debit Card,Completed
PAY010824,ORD010824,2026-06-17,26.43,Google Pay,Pending
PAY010825,ORD010825,2026-05-30,29.43,PayPal,Pending
PAY010826,ORD010826,2026-05-16,130.45,Credit Card,Failed
PAY010827,ORD010827,2026-06-05,87.96,Debit Card,Completed
PAY010828,ORD010828,2026-06-27,40.35,Credit Card,Failed
PAY010829,ORD010829,2026-02-16,82.74,Credit Card,Failed
PAY010830,ORD010830,2026-02-25,27.29,Apple Pay,Failed
PAY010831,ORD010831,2026-06-09,80.05,Debit Card,Failed
PAY010832,ORD010832,2026-05-19,37.52,Apple Pay,Completed
PAY010833,ORD010833,2026-05-29,176.03,Google Pay,Completed
PAY010834,ORD010834,2026-06-03,75.37,Debit Card,Failed
PAY010835,ORD010835,2026-05-22,60.95,PayPal,Completed
PAY010836,ORD010836,2026-03-20,49.47,Credit Card,Completed
PAY010837,ORD010837,2026-01-14,74.78,Credit Card,Pending
PAY010838,ORD010838,2026-07-23,109.82,Apple Pay,Pending
PAY010839,ORD010839,2026-04-10,49.76,Apple Pay,Completed
PAY010840,ORD010840,2026-01-03,239.95,Apple Pay,Completed
PAY010841,ORD010841,2026-07-04,54.09,Debit Card,Completed
PAY010842,ORD010842,2026-05-02,88.79,Credit Card,Completed
PAY010843,ORD010843,2026-01-07,76.8,PayPal,Pending
PAY010844,ORD010844,2026-02-08,11.66,Debit Card,Completed
PAY010845,ORD010845,2026-07-04,124.38,Credit Card,Completed
PAY010846,ORD010846,2026-04-25,317.6,Google Pay,Completed
PAY010847,ORD010847,2026-04-20,80.24,Google Pay,Pending
PAY010848,ORD010848,2026-03-06,79.17,Apple Pay,Pending
PAY010849,ORD010849,2026-01-25,72.58,Apple Pay,Failed
PAY010850,ORD010850,2026-01-31,29.75,Apple Pay,Completed
PAY010851,ORD010851,2026-03-27,62.23,Credit Card,Completed
PAY010852,ORD010852,2026-05-18,70.1,Apple Pay,Completed
PAY010853,ORD010853,2026-07-29,105.84,PayPal,Pending
PAY010854,ORD010854,2026-03-18,80.85,PayPal,Completed
PAY010855,ORD010855,2026-07-19,88.38,Google Pay,Completed
PAY010856,ORD010856,2026-05-17,45.88,Debit Card,Completed
PAY010857,ORD010857,2026-05-02,134.43,Credit Card,Completed
PAY010858,ORD010858,2026-07-26,166.72,Debit Card,Failed
PAY010859,ORD010859,2026-01-08,74.79,Apple Pay,Completed
PAY010860,ORD010860,2026-04-07,77.64,Credit Card,Failed
PAY010861,ORD010861,2026-01-19,38.42,Apple Pay,Completed
PAY010862,ORD010862,2026-01-30,92.26,Debit Card,Pending
PAY010863,ORD010863,2026-01-09,60.01,Google Pay,Pending
PAY010864,ORD010864,2026-03-24,43.68,PayPal,Completed
PAY010865,ORD010865,2026-02-16,48.33,PayPal,Pending
PAY010866,ORD010866,2026-06-23,66.53,PayPal,Pending
PAY010867,ORD010867,2026-03-31,65.17,Credit Card,Completed
PAY010868,ORD010868,2026-01-01,161.3,Apple Pay,Completed
PAY010869,ORD010869,2026-05-11,40.66,PayPal,Completed
PAY010870,ORD010870,2026-06-11,84.91,Apple Pay,Failed
PAY010871,ORD010871,2026-06-02,29.84,PayPal,Pending
PAY010872,ORD010872,2026-06-07,28.99,Debit Card,Completed
PAY010873,ORD010873,2026-01-01,16.29,Google Pay,Completed
PAY010874,ORD010874,2026-05-03,128.5,Apple Pay,Completed
PAY010875,ORD010875,2026-05-26,117.95,Credit Card,Completed
PAY010876,ORD010876,2026-06-10,9.17,PayPal,Completed
PAY010877,ORD010877,2026-05-17,67.62,Debit Card,Pending
PAY010878,ORD010878,2026-05-15,44.45,PayPal,Failed
PAY010879,ORD010879,2026-01-30,74.15,Google Pay,Completed
PAY010880,ORD010880,2026-03-18,64.47,PayPal,Failed
PAY010881,ORD010881,2026-03-22,51.66,Google Pay,Completed
PAY010882,ORD010882,2026-01-13,28.93,Apple Pay,Completed
PAY010883,ORD010883,2026-01-13,38.16,Google Pay,Completed
PAY010884,ORD010884,2026-02-11,38.02,Debit Card,Pending
PAY010885,ORD010885,2026-05-04,46.08,Debit Card,Failed
PAY010886,ORD010886,2026-04-11,106.22,Apple Pay,Pending
PAY010887,ORD010887,2026-07-21,203.23,Credit Card,Completed
PAY010888,ORD010888,2026-03-19,34.86,Debit Card,Completed
PAY010889,ORD010889,2026-07-10,96.43,Apple Pay,Completed
PAY010890,ORD010890,2026-04-17,15.17,Apple Pay,Pending
PAY010891,ORD010891,2026-07-16,18.26,Debit Card,Completed
PAY010892,ORD010892,2026-02-05,67.67,Apple Pay,Pending
PAY010893,ORD010893,2026-02-04,105.57,Apple Pay,Completed
PAY010894,ORD010894,2026-06-23,86.79,PayPal,Completed
PAY010895,ORD010895,2026-06-22,42.77,Apple Pay,Completed
PAY010896,ORD010896,2026-02-25,153.23,Debit Card,Pending
PAY010897,ORD010897,2026-03-28,39.81,Debit Card,Pending
PAY010898,ORD010898,2026-01-05,46.62,Debit Card,Pending
PAY010899,ORD010899,2026-06-21,73.91,PayPal,Completed
PAY010900,ORD010900,2026-05-01,83.62,Debit Card,Pending
PAY010901,ORD010901,2026-06-05,27.51,Apple Pay,Completed
PAY010902,ORD010902,2026-03-28,28.2,Google Pay,Completed
PAY010903,ORD010903,2026-06-19,108.23,PayPal,Completed
PAY010904,ORD010904,2026-04-08,45.26,Google Pay,Completed
PAY010905,ORD010905,2026-06-08,99.71,Credit Card,Completed
PAY010906,ORD010906,2026-05-15,25.44,Google Pay,Completed
PAY010907,ORD010907,2026-01-07,46.35,Apple Pay,Completed
PAY010908,ORD010908,2026-01-04,132.04,PayPal,Completed
PAY010909,ORD010909,2026-04-18,136.14,Debit Card,Completed
PAY010910,ORD010910,2026-05-08,41.44,Debit Card,Pending
PAY010911,ORD010911,2026-02-01,13.87,Google Pay,Completed
PAY010912,ORD010912,2026-01-28,96.92,Google Pay,Pending
PAY010913,ORD010913,2026-07-03,70.5,Google Pay,Failed
PAY010914,ORD010914,2026-01-04,76.16,Apple Pay,Pending
PAY010915,ORD010915,2026-04-19,26.47,Debit Card,Failed
PAY010916,ORD010916,2026-01-08,55.84,Credit Card,Pending
PAY010917,ORD010917,2026-05-22,64.77,Apple Pay,Completed
PAY010918,ORD010918,2026-01-30,179.61,Debit Card,Completed
PAY010919,ORD010919,2026-05-11,140.63,Debit Card,Completed
PAY010920,ORD010920,2026-05-10,128.16,Debit Card,Pending
PAY010921,ORD010921,2026-01-10,71.03,Debit Card,Pending
PAY010922,ORD010922,2026-03-11,32.84,PayPal,Completed
PAY010923,ORD010923,2026-04-29,51.47,Debit Card,Failed
PAY010924,ORD010924,2026-03-12,24.99,Google Pay,Failed
PAY010925,ORD010925,2026-05-24,55.99,Debit Card,Completed
PAY010926,ORD010926,2026-03-11,33.31,Credit Card,Completed
PAY010927,ORD010927,2026-07-27,59.95,PayPal,Failed
PAY010928,ORD010928,2026-04-01,56.97,Credit Card,Completed
PAY010929,ORD010929,2026-04-30,31.03,Credit Card,Completed
PAY010930,ORD010930,2026-07-23,89.47,Credit Card,Failed
PAY010931,ORD010931,2026-08-02,24.75,Apple Pay,Completed
PAY010932,ORD010932,2026-07-26,381.33,Debit Card,Completed
PAY010933,ORD010933,2026-05-30,143.84,Debit Card,Failed
PAY010934,ORD010934,2026-02-04,26.07,Credit Card,Completed
PAY010935,ORD010935,2026-05-04,72.94,Debit Card,Completed
PAY010936,ORD010936,2026-04-22,54.09,Apple Pay,Failed
PAY010937,ORD010937,2026-07-26,54.75,Debit Card,Completed
PAY010938,ORD010938,2026-08-03,43.6,Debit Card,Completed
PAY010939,ORD010939,2026-04-12,115.16,Credit Card,Pending
PAY010940,ORD010940,2026-06-26,34.86,PayPal,Completed
PAY010941,ORD010941,2026-05-10,131.84,PayPal,Pending
PAY010942,ORD010942,2026-07-13,182.11,Debit Card,Completed
PAY010943,ORD010943,2026-05-27,32.95,Credit Card,Completed
PAY010944,ORD010944,2026-07-16,109.65,PayPal,Completed
PAY010945,ORD010945,2026-05-12,100.2,PayPal,Pending
PAY010946,ORD010946,2026-08-08,15.59,Google Pay,Completed
PAY010947,ORD010947,2026-03-23,198.11,PayPal,Completed
PAY010948,ORD010948,2026-04-14,43.52,Apple Pay,Completed
PAY010949,ORD010949,2026-02-10,66.17,Google Pay,Completed
PAY010950,ORD010950,2026-02-25,162.39,Credit Card,Completed
PAY010951,ORD010951,2026-02-24,104.11,Google Pay,Failed
PAY010952,ORD010952,2026-06-08,52.43,PayPal,Failed
PAY010953,ORD010953,2026-05-07,105.92,Google Pay,Pending
PAY010954,ORD010954,2026-05-30,135.84,Credit Card,Completed
PAY010955,ORD010955,2026-03-16,62.2,Debit Card,Pending
PAY010956,ORD010956,2026-06-25,37.21,Apple Pay,Pending
PAY010957,ORD010957,2026-03-21,76.85,Debit Card,Completed
PAY010958,ORD010958,2026-05-08,34.12,Credit Card,Pending
PAY010959,ORD010959,2026-05-12,126.14,Debit Card,Completed
PAY010960,ORD010960,2026-05-29,32.48,Apple Pay,Completed
PAY010961,ORD010961,2026-06-18,36.51,Credit Card,Completed
PAY010962,ORD010962,2026-02-14,121.52,Debit Card,Pending
PAY010963,ORD010963,2026-08-05,60.99,Apple Pay,Completed
PAY010964,ORD010964,2026-03-25,81.99,Google Pay,Completed
PAY010965,ORD010965,2026-01-08,97.21,Debit Card,Pending
PAY010966,ORD010966,2026-04-17,37.01,Google Pay,Completed
PAY010967,ORD010967,2026-04-27,42.95,PayPal,Completed
PAY010968,ORD010968,2026-01-09,168.87,Google Pay,Completed
PAY010969,ORD010969,2026-05-26,95.47,Google Pay,Completed
PAY010970,ORD010970,2026-01-31,46.94,PayPal,Failed
PAY010971,ORD010971,2026-02-04,73.43,Credit Card,Completed
PAY010972,ORD010972,2026-06-07,53.0,PayPal,Completed
PAY010973,ORD010973,2026-01-18,110.93,Google Pay,Completed
PAY010974,ORD010974,2026-07-30,68.08,Credit Card,Completed
PAY010975,ORD010975,2026-06-18,56.01,Debit Card,Completed
PAY010976,ORD010976,2026-01-24,28.18,Apple Pay,Failed
PAY010977,ORD010977,2026-03-27,95.01,Credit Card,Completed
PAY010978,ORD010978,2026-02-17,47.52,Google Pay,Pending
PAY010979,ORD010979,2026-05-22,119.95,Debit Card,Failed
PAY010980,ORD010980,2026-05-27,17.63,Credit Card,Failed
PAY010981,ORD010981,2026-03-01,42.13,Apple Pay,Failed
PAY010982,ORD010982,2026-04-03,93.16,Google Pay,Completed
PAY010983,ORD010983,2026-01-22,60.0,PayPal,Failed
PAY010984,ORD010984,2026-01-30,39.12,Apple Pay,Completed
PAY010985,ORD010985,2026-05-23,134.57,Apple Pay,Pending
PAY010986,ORD010986,2026-01-21,118.14,Apple Pay,Completed
PAY010987,ORD010987,2026-06-03,35.31,Apple Pay,Completed
PAY010988,ORD010988,2026-04-10,54.31,Debit Card,Failed
PAY010989,ORD010989,2026-01-12,30.72,Credit Card,Completed
PAY010990,ORD010990,2026-05-15,50.75,Apple Pay,Failed
PAY010991,ORD010991,2026-07-22,52.28,Apple Pay,Completed
PAY010992,ORD010992,2026-04-13,44.16,Google Pay,Pending
PAY010993,ORD010993,2026-07-31,99.06,PayPal,Completed
PAY010994,ORD010994,2026-02-04,100.7,Google Pay,Completed
PAY010995,ORD010995,2026-03-09,136.16,Credit Card,Completed
PAY010996,ORD010996,2026-05-10,79.0,Debit Card,Completed
PAY010997,ORD010997,2026-01-20,19.23,PayPal,Completed
PAY010998,ORD010998,2026-02-16,60.56,Google Pay,Completed
PAY010999,ORD010999,2026-03-25,103.6,Google Pay,Failed
PAY011000,ORD011000,2026-01-12,65.98,Debit Card,Completed
PAY011001,ORD011001,2026-02-22,109.11,Debit Card,Pending
PAY011002,ORD011002,2026-01-17,131.24,PayPal,Failed
PAY011003,ORD011003,2026-01-18,22.16,Apple Pay,Completed
PAY011004,ORD011004,2026-04-14,96.6,Debit Card,Completed
PAY011005,ORD011005,2026-06-01,79.59,Google Pay,Failed
PAY011006,ORD011006,2026-03-13,191.68,Google Pay,Pending
PAY011007,ORD011007,2026-06-14,39.63,Apple Pay,Completed
PAY011008,ORD011008,2026-04-15,137.11,Apple Pay,Completed
PAY011009,ORD011009,2026-06-07,56.89,Debit Card,Completed
PAY011010,ORD011010,2026-03-25,69.65,Apple Pay,Completed
PAY011011,ORD011011,2026-02-21,61.52,Google Pay,Completed
PAY011012,ORD011012,2026-05-31,201.55,Debit Card,Completed
PAY011013,ORD011013,2026-02-06,32.25,PayPal,Completed
PAY011014,ORD011014,2026-05-03,73.01,Credit Card,Pending
PAY011015,ORD011015,2026-07-21,136.09,Debit Card,Completed
PAY011016,ORD011016,2026-04-07,249.33,PayPal,Completed
PAY011017,ORD011017,2026-06-01,30.41,Google Pay,Completed
PAY011018,ORD011018,2026-04-10,122.33,Debit Card,Completed
PAY011019,ORD011019,2026-04-30,50.21,Debit Card,Completed
PAY011020,ORD011020,2026-07-27,115.14,Debit Card,Completed
PAY011021,ORD011021,2026-02-19,37.88,Apple Pay,Completed
PAY011022,ORD011022,2026-08-08,149.08,Apple Pay,Completed
PAY011023,ORD011023,2026-07-23,47.77,Google Pay,Completed
PAY011024,ORD011024,2026-05-28,119.18,PayPal,Completed
PAY011025,ORD011025,2026-02-16,58.37,Debit Card,Failed
PAY011026,ORD011026,2026-01-18,23.25,Credit Card,Failed
PAY011027,ORD011027,2026-05-02,71.8,Credit Card,Failed
PAY011028,ORD011028,2026-01-26,29.08,Credit Card,Completed
PAY011029,ORD011029,2026-04-30,48.03,Apple Pay,Completed
PAY011030,ORD011030,2026-03-12,403.62,Google Pay,Completed
PAY011031,ORD011031,2026-02-12,75.66,Debit Card,Completed
PAY011032,ORD011032,2026-02-16,63.39,Google Pay,Completed
PAY011033,ORD011033,2026-03-26,25.24,Apple Pay,Completed
PAY011034,ORD011034,2026-02-12,16.16,Debit Card,Completed
PAY011035,ORD011035,2026-05-08,34.03,Debit Card,Completed
PAY011036,ORD011036,2026-06-09,40.03,Google Pay,Completed
PAY011037,ORD011037,2026-01-07,31.29,Credit Card,Completed
PAY011038,ORD011038,2026-08-03,37.27,Credit Card,Pending
PAY011039,ORD011039,2026-07-31,21.14,PayPal,Completed
PAY011040,ORD011040,2026-07-31,46.26,PayPal,Completed
PAY011041,ORD011041,2026-02-01,16.71,Google Pay,Pending
PAY011042,ORD011042,2026-08-06,66.97,Debit Card,Completed
PAY011043,ORD011043,2026-03-29,29.24,Apple Pay,Completed
PAY011044,ORD011044,2026-03-06,52.08,Apple Pay,Completed
PAY011045,ORD011045,2026-02-27,78.54,PayPal,Completed
PAY011046,ORD011046,2026-06-30,27.77,PayPal,Completed
PAY011047,ORD011047,2026-04-02,25.32,Apple Pay,Pending
PAY011048,ORD011048,2026-08-06,71.7,Credit Card,Failed
PAY011049,ORD011049,2026-02-03,30.45,Google Pay,Completed
PAY011050,ORD011050,2026-03-31,36.45,PayPal,Pending
PAY011051,ORD011051,2026-07-16,41.35,PayPal,Pending
PAY011052,ORD011052,2026-07-03,138.57,Apple Pay,Failed
PAY011053,ORD011053,2026-03-07,199.7,Credit Card,Failed
PAY011054,ORD011054,2026-06-09,30.49,Apple Pay,Completed
PAY011055,ORD011055,2026-04-08,28.73,PayPal,Completed
PAY011056,ORD011056,2026-02-19,20.92,Apple Pay,Failed
PAY011057,ORD011057,2026-08-10,91.29,Google Pay,Failed
PAY011058,ORD011058,2026-01-24,91.72,PayPal,Completed
PAY011059,ORD011059,2026-08-08,137.2,PayPal,Completed
PAY011060,ORD011060,2026-06-23,258.92,PayPal,Completed
PAY011061,ORD011061,2026-05-11,55.79,PayPal,Pending
PAY011062,ORD011062,2026-04-24,23.77,PayPal,Completed
PAY011063,ORD011063,2026-01-10,117.04,Debit Card,Failed
PAY011064,ORD011064,2026-05-14,31.48,Debit Card,Completed
PAY011065,ORD011065,2026-04-08,22.51,Apple Pay,Completed
PAY011066,ORD011066,2026-08-11,169.21,Debit Card,Failed
PAY011067,ORD011067,2026-02-21,11.08,PayPal,Pending
PAY011068,ORD011068,2026-02-19,128.22,PayPal,Completed
PAY011069,ORD011069,2026-04-20,79.69,PayPal,Completed
PAY011070,ORD011070,2026-02-27,42.51,Debit Card,Completed
PAY011071,ORD011071,2026-06-29,89.69,Debit Card,Completed
PAY011072,ORD011072,2026-01-13,86.18,Credit Card,Completed
PAY011073,ORD011073,2026-05-05,35.13,PayPal,Failed
PAY011074,ORD011074,2026-02-28,44.98,Credit Card,Completed
PAY011075,ORD011075,2026-06-16,383.61,Credit Card,Completed
PAY011076,ORD011076,2026-02-22,107.28,Credit Card,Completed
PAY011077,ORD011077,2026-07-05,274.17,PayPal,Completed
PAY011078,ORD011078,2026-01-20,51.91,Debit Card,Completed
PAY011079,ORD011079,2026-07-10,36.65,PayPal,Pending
PAY011080,ORD011080,2026-04-06,80.99,Debit Card,Pending
PAY011081,ORD011081,2026-01-10,40.94,PayPal,Failed
PAY011082,ORD011082,2026-06-03,66.8,Google Pay,Pending
PAY011083,ORD011083,2026-05-27,31.69,Google Pay,Completed
PAY011084,ORD011084,2026-08-09,55.56,PayPal,Completed
PAY011085,ORD011085,2026-03-02,24.61,PayPal,Pending
PAY011086,ORD011086,2026-03-18,52.5,PayPal,Completed
PAY011087,ORD011087,2026-04-28,84.23,Google Pay,Failed
PAY011088,ORD011088,2026-06-11,73.38,PayPal,Completed
PAY011089,ORD011089,2026-03-25,87.44,Apple Pay,Completed
PAY011090,ORD011090,2026-06-21,35.94,Apple Pay,Completed
PAY011091,ORD011091,2026-01-18,52.05,Apple Pay,Failed
PAY011092,ORD011092,2026-05-01,27.42,PayPal,Pending
PAY011093,ORD011093,2026-08-14,96.18,Credit Card,Failed
PAY011094,ORD011094,2026-04-22,284.67,Credit Card,Pending
PAY011095,ORD011095,2026-03-13,53.84,Debit Card,Completed
PAY011096,ORD011096,2026-05-24,41.79,Apple Pay,Completed
PAY011097,ORD011097,2026-04-14,11.61,Google Pay,Failed
PAY011098,ORD011098,2026-08-03,38.37,Apple Pay,Completed
PAY011099,ORD011099,2026-08-12,102.56,Apple Pay,Completed
PAY011100,ORD011100,2026-03-18,75.65,Debit Card,Completed
PAY011101,ORD011101,2026-01-26,115.66,Apple Pay,Failed
PAY011102,ORD011102,2026-07-12,202.87,Credit Card,Failed
PAY011103,ORD011103,2026-07-13,45.28,Google Pay,Failed
PAY011104,ORD011104,2026-04-13,30.98,Credit Card,Failed
PAY011105,ORD011105,2026-07-24,100.67,Apple Pay,Failed
PAY011106,ORD011106,2026-06-04,63.88,PayPal,Completed
PAY011107,ORD011107,2026-01-04,28.89,Google Pay,Completed
PAY011108,ORD011108,2026-02-20,24.85,Google Pay,Failed
PAY011109,ORD011109,2026-07-31,111.06,Debit Card,Completed
PAY011110,ORD011110,2026-05-11,69.18,Debit Card,Pending
PAY011111,ORD011111,2026-03-28,24.54,Google Pay,Pending
PAY011112,ORD011112,2026-03-07,67.99,Google Pay,Completed
PAY011113,ORD011113,2026-05-24,27.68,Credit Card,Completed
PAY011114,ORD011114,2026-07-21,96.92,Apple Pay,Pending
PAY011115,ORD011115,2026-01-28,117.64,Google Pay,Pending
PAY011116,ORD011116,2026-02-13,119.41,PayPal,Failed
PAY011117,ORD011117,2026-05-26,77.3,Apple Pay,Completed
PAY011118,ORD011118,2026-01-02,71.66,Google Pay,Completed
PAY011119,ORD011119,2026-07-25,54.76,Debit Card,Completed
PAY011120,ORD011120,2026-06-21,33.1,Debit Card,Pending
PAY011121,ORD011121,2026-05-28,139.35,Debit Card,Completed
PAY011122,ORD011122,2026-02-25,95.33,PayPal,Completed
PAY011123,ORD011123,2026-04-30,33.98,Credit Card,Failed
PAY011124,ORD011124,2026-04-14,19.88,Apple Pay,Failed
PAY011125,ORD011125,2026-05-31,41.32,Credit Card,Completed
PAY011126,ORD011126,2026-04-28,153.56,Credit Card,Failed
PAY011127,ORD011127,2026-03-01,85.54,Credit Card,Pending
PAY011128,ORD011128,2026-07-18,71.21,Debit Card,Failed
PAY011129,ORD011129,2026-06-22,152.38,Apple Pay,Completed
PAY011130,ORD011130,2026-02-16,14.28,Debit Card,Failed
PAY011131,ORD011131,2026-03-19,57.04,Credit Card,Pending
PAY011132,ORD011132,2026-06-14,142.64,Google Pay,Failed
PAY011133,ORD011133,2026-05-16,29.88,PayPal,Failed
PAY011134,ORD011134,2026-05-13,32.69,PayPal,Completed
PAY011135,ORD011135,2026-01-23,52.04,Credit Card,Failed
PAY011136,ORD011136,2026-04-15,41.54,Debit Card,Completed
PAY011137,ORD011137,2026-01-10,46.1,Apple Pay,Pending
PAY011138,ORD011138,2026-04-23,67.58,Debit Card,Completed
PAY011139,ORD011139,2026-01-27,40.6,Apple Pay,Completed
PAY011140,ORD011140,2026-04-09,47.93,Google Pay,Completed
PAY011141,ORD011141,2026-01-01,33.85,Apple Pay,Completed
PAY011142,ORD011142,2026-03-12,52.68,Apple Pay,Completed
PAY011143,ORD011143,2026-04-25,69.17,Google Pay,Completed
PAY011144,ORD011144,2026-05-16,65.27,PayPal,Pending
PAY011145,ORD011145,2026-05-19,39.43,Apple Pay,Failed
PAY011146,ORD011146,2026-08-14,35.7,Google Pay,Completed
PAY011147,ORD011147,2026-05-07,46.18,Apple Pay,Completed
PAY011148,ORD011148,2026-04-26,45.12,Debit Card,Completed
PAY011149,ORD011149,2026-06-05,27.49,Google Pay,Completed
PAY011150,ORD011150,2026-02-03,30.67,Credit Card,Completed
PAY011151,ORD011151,2026-06-20,86.28,Apple Pay,Completed
PAY011152,ORD011152,2026-07-31,11.63,Apple Pay,Completed
PAY011153,ORD011153,2026-06-05,90.4,Debit Card,Pending
PAY011154,ORD011154,2026-06-26,76.65,Debit Card,Completed
PAY011155,ORD011155,2026-07-08,111.82,Credit Card,Completed
PAY011156,ORD011156,2026-06-14,56.75,Google Pay,Completed
PAY011157,ORD011157,2026-05-11,135.63,Credit Card,Failed
PAY011158,ORD011158,2026-01-09,113.98,Credit Card,Completed
PAY011159,ORD011159,2026-08-02,322.05,PayPal,Completed
PAY011160,ORD011160,2026-03-30,300.15,Credit Card,Completed
PAY011161,ORD011161,2026-05-10,34.4,Apple Pay,Completed
PAY011162,ORD011162,2026-01-23,566.34,Credit Card,Failed
PAY011163,ORD011163,2026-06-28,174.51,Debit Card,Pending
PAY011164,ORD011164,2026-05-25,51.47,Debit Card,Pending
PAY011165,ORD011165,2026-06-02,24.74,Apple Pay,Completed
PAY011166,ORD011166,2026-07-23,42.88,PayPal,Completed
PAY011167,ORD011167,2026-06-04,45.71,Credit Card,Completed
PAY011168,ORD011168,2026-01-20,89.39,Google Pay,Completed
PAY011169,ORD011169,2026-03-14,32.0,Debit Card,Failed
PAY011170,ORD011170,2026-08-03,58.67,Apple Pay,Completed
PAY011171,ORD011171,2026-06-13,98.14,Google Pay,Completed
PAY011172,ORD011172,2026-06-05,30.58,Credit Card,Completed
PAY011173,ORD011173,2026-01-29,55.16,Credit Card,Completed
PAY011174,ORD011174,2026-04-30,34.42,Credit Card,Completed
PAY011175,ORD011175,2026-06-19,210.8,Google Pay,Failed
PAY011176,ORD011176,2026-02-27,37.04,Credit Card,Completed
PAY011177,ORD011177,2026-04-28,75.31,PayPal,Completed
PAY011178,ORD011178,2026-02-01,27.76,Google Pay,Completed
PAY011179,ORD011179,2026-05-20,33.76,Debit Card,Completed
PAY011180,ORD011180,2026-06-07,45.97,PayPal,Completed
PAY011181,ORD011181,2026-03-01,24.85,Apple Pay,Failed
PAY011182,ORD011182,2026-05-19,66.98,Credit Card,Completed
PAY011183,ORD011183,2026-04-11,20.88,Apple Pay,Completed
PAY011184,ORD011184,2026-07-31,62.76,Debit Card,Completed
PAY011185,ORD011185,2026-05-19,63.27,Apple Pay,Failed
PAY011186,ORD011186,2026-04-22,66.78,Debit Card,Pending
PAY011187,ORD011187,2026-04-21,106.76,Apple Pay,Pending
PAY011188,ORD011188,2026-03-21,122.64,Debit Card,Completed
PAY011189,ORD011189,2026-04-09,32.87,Google Pay,Completed
PAY011190,ORD011190,2026-06-27,79.71,Google Pay,Completed
PAY011191,ORD011191,2026-01-01,60.73,Apple Pay,Completed
PAY011192,ORD011192,2026-03-30,118.03,PayPal,Completed
PAY011193,ORD011193,2026-04-23,42.35,PayPal,Failed
PAY011194,ORD011194,2026-01-27,18.05,Google Pay,Completed
PAY011195,ORD011195,2026-04-26,52.19,Credit Card,Failed
PAY011196,ORD011196,2026-02-01,58.54,Credit Card,Failed
PAY011197,ORD011197,2026-01-06,136.83,PayPal,Completed
PAY011198,ORD011198,2026-02-10,110.24,Apple Pay,Failed
PAY011199,ORD011199,2026-06-13,25.15,PayPal,Completed
PAY011200,ORD011200,2026-06-16,135.38,Google Pay,Pending
PAY011201,ORD011201,2026-03-28,31.55,Apple Pay,Completed
PAY011202,ORD011202,2026-08-09,33.33,Google Pay,Completed
PAY011203,ORD011203,2026-06-07,67.05,PayPal,Pending
PAY011204,ORD011204,2026-08-02,68.87,PayPal,Failed
PAY011205,ORD011205,2026-02-26,54.43,Google Pay,Completed
PAY011206,ORD011206,2026-05-19,54.7,Apple Pay,Completed
PAY011207,ORD011207,2026-03-31,24.36,Apple Pay,Pending
PAY011208,ORD011208,2026-08-03,56.16,Debit Card,Failed
PAY011209,ORD011209,2026-05-11,141.03,Google Pay,Pending
PAY011210,ORD011210,2026-02-17,56.86,PayPal,Failed
PAY011211,ORD011211,2026-05-14,211.23,Google Pay,Pending
PAY011212,ORD011212,2026-01-07,60.31,Google Pay,Completed
PAY011213,ORD011213,2026-02-13,33.49,Credit Card,Pending
PAY011214,ORD011214,2026-03-02,32.19,Debit Card,Pending
PAY011215,ORD011215,2026-07-01,129.02,Apple Pay,Completed
PAY011216,ORD011216,2026-06-28,73.86,Credit Card,Pending
PAY011217,ORD011217,2026-03-27,22.54,Debit Card,Completed
PAY011218,ORD011218,2026-02-17,66.79,Credit Card,Failed
PAY011219,ORD011219,2026-03-02,87.92,Debit Card,Completed
PAY011220,ORD011220,2026-04-07,24.34,Debit Card,Completed
PAY011221,ORD011221,2026-06-17,51.34,Google Pay,Completed
PAY011222,ORD011222,2026-05-11,33.24,Debit Card,Completed
PAY011223,ORD011223,2026-06-07,44.08,PayPal,Failed
PAY011224,ORD011224,2026-06-01,30.06,PayPal,Completed
PAY011225,ORD011225,2026-07-14,15.51,PayPal,Failed
PAY011226,ORD011226,2026-01-02,22.79,PayPal,Pending
PAY011227,ORD011227,2026-02-13,120.74,Credit Card,Completed
PAY011228,ORD011228,2026-06-17,40.4,Apple Pay,Completed
PAY011229,ORD011229,2026-01-19,214.24,Apple Pay,Completed
PAY011230,ORD011230,2026-07-10,28.89,Debit Card,Completed
PAY011231,ORD011231,2026-06-01,71.9,Apple Pay,Completed
PAY011232,ORD011232,2026-02-19,71.15,Credit Card,Completed
PAY011233,ORD011233,2026-01-20,59.61,PayPal,Completed
PAY011234,ORD011234,2026-02-26,135.95,PayPal,Failed
PAY011235,ORD011235,2026-04-23,24.78,PayPal,Completed
PAY011236,ORD011236,2026-02-19,130.95,Apple Pay,Completed
PAY011237,ORD011237,2026-04-05,47.2,Apple Pay,Pending
PAY011238,ORD011238,2026-04-15,82.27,Google Pay,Failed
PAY011239,ORD011239,2026-07-05,54.15,Google Pay,Completed
PAY011240,ORD011240,2026-06-08,169.01,Apple Pay,Completed
PAY011241,ORD011241,2026-06-14,32.29,PayPal,Failed
PAY011242,ORD011242,2026-04-17,21.21,Apple Pay,Completed
PAY011243,ORD011243,2026-04-03,98.98,Credit Card,Failed
PAY011244,ORD011244,2026-01-04,66.79,Google Pay,Completed
PAY011245,ORD011245,2026-07-05,76.92,PayPal,Failed
PAY011246,ORD011246,2026-05-18,145.11,Google Pay,Pending
PAY011247,ORD011247,2026-03-04,71.02,Debit Card,Completed
PAY011248,ORD011248,2026-06-13,49.76,Debit Card,Failed
PAY011249,ORD011249,2026-07-02,59.18,Debit Card,Pending
PAY011250,ORD011250,2026-02-26,238.54,Apple Pay,Pending
PAY011251,ORD011251,2026-08-01,75.95,Google Pay,Completed
PAY011252,ORD011252,2026-06-20,103.52,Credit Card,Pending
PAY011253,ORD011253,2026-04-15,34.51,Google Pay,Pending
PAY011254,ORD011254,2026-03-06,109.13,PayPal,Completed
PAY011255,ORD011255,2026-05-20,45.64,Apple Pay,Completed
PAY011256,ORD011256,2026-03-03,17.83,Google Pay,Completed
PAY011257,ORD011257,2026-06-01,70.0,Apple Pay,Completed
PAY011258,ORD011258,2026-05-10,65.86,Apple Pay,Completed
PAY011259,ORD011259,2026-06-24,77.48,Credit Card,Completed
PAY011260,ORD011260,2026-05-06,50.11,PayPal,Completed
PAY011261,ORD011261,2026-07-03,125.86,Credit Card,Failed
PAY011262,ORD011262,2026-07-31,74.87,Credit Card,Completed
PAY011263,ORD011263,2026-05-24,47.82,Apple Pay,Failed
PAY011264,ORD011264,2026-06-11,128.01,Apple Pay,Completed
PAY011265,ORD011265,2026-07-24,78.04,Credit Card,Pending
PAY011266,ORD011266,2026-05-26,66.86,Debit Card,Completed
PAY011267,ORD011267,2026-01-29,43.11,Debit Card,Failed
PAY011268,ORD011268,2026-07-01,241.04,Credit Card,Pending
PAY011269,ORD011269,2026-02-20,30.15,Apple Pay,Completed
PAY011270,ORD011270,2026-01-14,47.04,Apple Pay,Completed
PAY011271,ORD011271,2026-04-04,47.17,PayPal,Completed
PAY011272,ORD011272,2026-02-27,53.02,Apple Pay,Failed
PAY011273,ORD011273,2026-06-12,91.8,Google Pay,Failed
PAY011274,ORD011274,2026-05-17,81.46,Google Pay,Failed
PAY011275,ORD011275,2026-05-08,89.12,Apple Pay,Pending
PAY011276,ORD011276,2026-02-06,56.73,Credit Card,Pending
PAY011277,ORD011277,2026-04-13,135.52,Google Pay,Pending
PAY011278,ORD011278,2026-01-12,35.09,Apple Pay,Completed
PAY011279,ORD011279,2026-03-26,33.4,Apple Pay,Completed
PAY011280,ORD011280,2026-07-29,25.68,Google Pay,Pending
PAY011281,ORD011281,2026-05-19,44.34,Apple Pay,Completed
PAY011282,ORD011282,2026-01-27,64.72,Credit Card,Completed
PAY011283,ORD011283,2026-03-29,40.74,Debit Card,Completed
PAY011284,ORD011284,2026-06-20,42.48,Google Pay,Completed
PAY011285,ORD011285,2026-06-27,131.22,Google Pay,Pending
PAY011286,ORD011286,2026-04-08,37.28,Apple Pay,Pending
PAY011287,ORD011287,2026-01-20,48.35,Credit Card,Completed
PAY011288,ORD011288,2026-05-21,78.7,Google Pay,Failed
PAY011289,ORD011289,2026-02-16,18.77,Apple Pay,Pending
PAY011290,ORD011290,2026-01-08,26.07,Apple Pay,Completed
PAY011291,ORD011291,2026-07-16,102.67,Apple Pay,Completed
PAY011292,ORD011292,2026-03-12,16.56,PayPal,Failed
PAY011293,ORD011293,2026-03-05,21.45,PayPal,Failed
PAY011294,ORD011294,2026-02-13,18.88,Credit Card,Completed
PAY011295,ORD011295,2026-01-12,47.18,Debit Card,Pending
PAY011296,ORD011296,2026-04-15,24.67,PayPal,Failed
PAY011297,ORD011297,2026-01-04,33.32,Credit Card,Pending
PAY011298,ORD011298,2026-02-09,135.54,Apple Pay,Completed
PAY011299,ORD011299,2026-05-27,52.27,Apple Pay,Completed
PAY011300,ORD011300,2026-07-01,70.35,Debit Card,Completed
PAY011301,ORD011301,2026-01-01,77.35,Google Pay,Completed
PAY011302,ORD011302,2026-04-29,126.91,PayPal,Completed
PAY011303,ORD011303,2026-05-21,43.04,PayPal,Completed
PAY011304,ORD011304,2026-02-19,57.09,Apple Pay,Completed
PAY011305,ORD011305,2026-06-30,51.33,Credit Card,Completed
PAY011306,ORD011306,2026-06-19,29.84,Debit Card,Completed
PAY011307,ORD011307,2026-04-19,53.95,Debit Card,Completed
PAY011308,ORD011308,2026-06-02,74.66,Google Pay,Completed
PAY011309,ORD011309,2026-02-13,110.63,Google Pay,Completed
PAY011310,ORD011310,2026-04-19,32.58,Credit Card,Completed
PAY011311,ORD011311,2026-04-08,129.08,Credit Card,Completed
PAY011312,ORD011312,2026-07-08,45.75,Debit Card,Completed
PAY011313,ORD011313,2026-03-22,142.74,Apple Pay,Pending
PAY011314,ORD011314,2026-08-06,59.14,Credit Card,Completed
PAY011315,ORD011315,2026-05-29,73.23,Credit Card,Pending
PAY011316,ORD011316,2026-06-28,46.16,Google Pay,Failed
PAY011317,ORD011317,2026-03-17,180.17,Google Pay,Completed
PAY011318,ORD011318,2026-03-21,32.28,Google Pay,Pending
PAY011319,ORD011319,2026-02-21,123.99,Apple Pay,Failed
PAY011320,ORD011320,2026-03-04,27.76,Debit Card,Completed
PAY011321,ORD011321,2026-03-25,37.59,Apple Pay,Pending
PAY011322,ORD011322,2026-07-01,197.54,Google Pay,Completed
PAY011323,ORD011323,2026-05-18,93.94,PayPal,Completed
PAY011324,ORD011324,2026-03-28,72.87,PayPal,Pending
PAY011325,ORD011325,2026-04-21,69.47,Debit Card,Completed
PAY011326,ORD011326,2026-08-10,131.44,Google Pay,Failed
PAY011327,ORD011327,2026-02-28,78.04,Google Pay,Completed
PAY011328,ORD011328,2026-01-08,61.76,Apple Pay,Completed
PAY011329,ORD011329,2026-02-20,83.39,Debit Card,Completed
PAY011330,ORD011330,2026-05-13,52.54,Apple Pay,Failed
PAY011331,ORD011331,2026-03-17,45.66,Google Pay,Pending
PAY011332,ORD011332,2026-06-19,36.56,Credit Card,Pending
PAY011333,ORD011333,2026-03-19,28.88,PayPal,Completed
PAY011334,ORD011334,2026-05-04,83.3,Google Pay,Completed
PAY011335,ORD011335,2026-01-12,53.85,Credit Card,Completed
PAY011336,ORD011336,2026-01-24,19.3,PayPal,Completed
PAY011337,ORD011337,2026-02-14,45.73,Credit Card,Completed
PAY011338,ORD011338,2026-02-22,73.95,Debit Card,Completed
PAY011339,ORD011339,2026-06-30,37.15,Credit Card,Completed
PAY011340,ORD011340,2026-05-25,73.9,Credit Card,Completed
PAY011341,ORD011341,2026-07-12,12.61,Debit Card,Completed
PAY011342,ORD011342,2026-04-28,179.62,Credit Card,Completed
PAY011343,ORD011343,2026-07-05,72.93,PayPal,Pending
PAY011344,ORD011344,2026-02-06,15.69,Credit Card,Completed
PAY011345,ORD011345,2026-03-16,5.48,Credit Card,Pending
PAY011346,ORD011346,2026-06-19,71.5,Debit Card,Completed
PAY011347,ORD011347,2026-07-17,31.22,PayPal,Failed
PAY011348,ORD011348,2026-03-20,74.6,Debit Card,Pending
PAY011349,ORD011349,2026-06-17,108.7,Credit Card,Completed
PAY011350,ORD011350,2026-01-23,35.02,Debit Card,Pending
PAY011351,ORD011351,2026-05-31,100.91,Debit Card,Completed
PAY011352,ORD011352,2026-02-18,113.26,Credit Card,Completed
PAY011353,ORD011353,2026-05-08,82.56,Credit Card,Completed
PAY011354,ORD011354,2026-07-23,152.54,Google Pay,Completed
PAY011355,ORD011355,2026-05-15,31.74,Credit Card,Completed
PAY011356,ORD011356,2026-02-06,23.25,Credit Card,Completed
PAY011357,ORD011357,2026-05-24,19.09,Google Pay,Pending
PAY011358,ORD011358,2026-02-07,63.03,PayPal,Completed
PAY011359,ORD011359,2026-04-09,82.18,Google Pay,Completed
PAY011360,ORD011360,2026-06-17,93.87,Debit Card,Completed
PAY011361,ORD011361,2026-01-29,58.04,Google Pay,Completed
PAY011362,ORD011362,2026-04-13,75.19,Google Pay,Failed
PAY011363,ORD011363,2026-05-25,75.94,PayPal,Completed
PAY011364,ORD011364,2026-08-06,81.89,Apple Pay,Failed
PAY011365,ORD011365,2026-05-28,86.4,PayPal,Completed
PAY011366,ORD011366,2026-04-20,113.67,Google Pay,Pending
PAY011367,ORD011367,2026-06-02,25.29,Debit Card,Completed
PAY011368,ORD011368,2026-03-01,36.14,Debit Card,Completed
PAY011369,ORD011369,2026-06-15,84.87,Apple Pay,Completed
PAY011370,ORD011370,2026-03-04,18.93,Credit Card,Completed
PAY011371,ORD011371,2026-02-08,54.81,Google Pay,Failed
PAY011372,ORD011372,2026-05-06,123.5,Credit Card,Completed
PAY011373,ORD011373,2026-07-11,174.46,Debit Card,Completed
PAY011374,ORD011374,2026-03-24,94.53,Credit Card,Failed
PAY011375,ORD011375,2026-01-21,79.51,PayPal,Completed
PAY011376,ORD011376,2026-02-01,116.77,PayPal,Pending
PAY011377,ORD011377,2026-01-28,80.8,Apple Pay,Pending
PAY011378,ORD011378,2026-04-13,94.94,Credit Card,Failed
PAY011379,ORD011379,2026-01-12,225.7,Apple Pay,Pending
PAY011380,ORD011380,2026-05-01,62.6,PayPal,Failed
PAY011381,ORD011381,2026-04-21,51.17,PayPal,Failed
PAY011382,ORD011382,2026-03-20,152.34,Apple Pay,Completed
PAY011383,ORD011383,2026-04-02,55.29,PayPal,Completed
PAY011384,ORD011384,2026-04-30,84.56,Credit Card,Pending
PAY011385,ORD011385,2026-03-26,104.12,Google Pay,Pending
PAY011386,ORD011386,2026-03-21,27.34,Google Pay,Completed
PAY011387,ORD011387,2026-05-31,59.16,PayPal,Failed
PAY011388,ORD011388,2026-08-06,42.01,Google Pay,Failed
PAY011389,ORD011389,2026-01-15,46.15,Google Pay,Completed
PAY011390,ORD011390,2026-04-11,108.93,Google Pay,Completed
PAY011391,ORD011391,2026-01-12,26.96,PayPal,Completed
PAY011392,ORD011392,2026-05-12,49.93,Google Pay,Completed
PAY011393,ORD011393,2026-02-04,72.75,Apple Pay,Failed
PAY011394,ORD011394,2026-04-05,56.72,Apple Pay,Completed
PAY011395,ORD011395,2026-07-08,77.59,Google Pay,Completed
PAY011396,ORD011396,2026-01-27,89.61,Debit Card,Completed
PAY011397,ORD011397,2026-05-05,95.13,Debit Card,Pending
PAY011398,ORD011398,2026-08-12,130.24,Apple Pay,Completed
PAY011399,ORD011399,2026-06-10,311.84,Apple Pay,Pending
PAY011400,ORD011400,2026-01-13,114.42,Google Pay,Completed
PAY011401,ORD011401,2026-06-14,58.38,PayPal,Completed
PAY011402,ORD011402,2026-06-21,83.07,Apple Pay,Completed
PAY011403,ORD011403,2026-01-02,48.1,Google Pay,Completed
PAY011404,ORD011404,2026-06-15,130.74,Apple Pay,Completed
PAY011405,ORD011405,2026-02-06,73.8,Apple Pay,Failed
PAY011406,ORD011406,2026-07-06,185.41,Google Pay,Failed
PAY011407,ORD011407,2026-04-24,47.75,Google Pay,Completed
PAY011408,ORD011408,2026-04-30,49.88,Credit Card,Completed
PAY011409,ORD011409,2026-03-10,52.25,PayPal,Completed
PAY011410,ORD011410,2026-01-18,42.23,Credit Card,Pending
PAY011411,ORD011411,2026-02-17,89.28,Credit Card,Failed
PAY011412,ORD011412,2026-03-22,72.15,Credit Card,Pending
PAY011413,ORD011413,2026-03-07,76.67,Credit Card,Failed
PAY011414,ORD011414,2026-06-26,15.09,Credit Card,Completed
PAY011415,ORD011415,2026-04-16,30.36,Apple Pay,Completed
PAY011416,ORD011416,2026-02-27,57.13,Credit Card,Pending
PAY011417,ORD011417,2026-06-12,65.61,Google Pay,Completed
PAY011418,ORD011418,2026-03-19,185.99,PayPal,Completed
PAY011419,ORD011419,2026-07-23,30.99,Debit Card,Completed
PAY011420,ORD011420,2026-07-05,27.43,Debit Card,Pending
PAY011421,ORD011421,2026-08-13,28.75,Apple Pay,Pending
PAY011422,ORD011422,2026-01-07,64.92,Credit Card,Completed
PAY011423,ORD011423,2026-04-13,99.9,Google Pay,Completed
PAY011424,ORD011424,2026-04-19,40.82,Debit Card,Completed
PAY011425,ORD011425,2026-01-09,67.38,Credit Card,Completed
PAY011426,ORD011426,2026-03-10,26.35,Debit Card,Completed
PAY011427,ORD011427,2026-05-12,24.78,Debit Card,Completed
PAY011428,ORD011428,2026-06-09,44.01,Credit Card,Pending
PAY011429,ORD011429,2026-05-13,109.79,PayPal,Completed
PAY011430,ORD011430,2026-02-25,36.98,PayPal,Completed
PAY011431,ORD011431,2026-02-25,53.18,Apple Pay,Failed
PAY011432,ORD011432,2026-02-13,31.44,Google Pay,Completed
PAY011433,ORD011433,2026-03-13,28.47,Credit Card,Failed
PAY011434,ORD011434,2026-05-21,82.69,Debit Card,Pending
PAY011435,ORD011435,2026-05-12,40.34,PayPal,Completed
PAY011436,ORD011436,2026-06-29,22.66,Google Pay,Completed
PAY011437,ORD011437,2026-07-22,21.87,Google Pay,Completed
PAY011438,ORD011438,2026-01-15,121.65,Credit Card,Completed
PAY011439,ORD011439,2026-04-30,18.76,Credit Card,Completed
PAY011440,ORD011440,2026-04-20,132.5,Credit Card,Pending
PAY011441,ORD011441,2026-03-23,94.63,PayPal,Completed
PAY011442,ORD011442,2026-03-25,44.39,Apple Pay,Completed
PAY011443,ORD011443,2026-01-01,100.03,Apple Pay,Completed
PAY011444,ORD011444,2026-07-12,52.38,Apple Pay,Pending
PAY011445,ORD011445,2026-05-19,80.58,Google Pay,Completed
PAY011446,ORD011446,2026-08-09,16.25,Google Pay,Completed
PAY011447,ORD011447,2026-07-08,66.82,PayPal,Pending
PAY011448,ORD011448,2026-04-03,46.87,Credit Card,Completed
PAY011449,ORD011449,2026-03-29,42.62,Credit Card,Pending
PAY011450,ORD011450,2026-03-25,112.66,Debit Card,Failed
PAY011451,ORD011451,2026-08-10,264.0,Debit Card,Completed
PAY011452,ORD011452,2026-07-10,149.8,Debit Card,Completed
PAY011453,ORD011453,2026-06-15,136.25,Google Pay,Failed
PAY011454,ORD011454,2026-07-16,33.77,Apple Pay,Pending
PAY011455,ORD011455,2026-02-14,96.27,PayPal,Completed
PAY011456,ORD011456,2026-03-15,46.16,Apple Pay,Failed
PAY011457,ORD011457,2026-07-17,43.33,Credit Card,Completed
PAY011458,ORD011458,2026-03-09,272.28,Debit Card,Completed
PAY011459,ORD011459,2026-01-04,14.87,Apple Pay,Completed
PAY011460,ORD011460,2026-07-18,84.52,Credit Card,Completed
PAY011461,ORD011461,2026-02-17,80.62,Debit Card,Completed
PAY011462,ORD011462,2026-04-07,108.43,Apple Pay,Completed
PAY011463,ORD011463,2026-05-17,106.62,Apple Pay,Pending
PAY011464,ORD011464,2026-03-31,86.37,Apple Pay,Completed
PAY011465,ORD011465,2026-06-24,80.62,Debit Card,Failed
PAY011466,ORD011466,2026-08-01,35.16,Google Pay,Completed
PAY011467,ORD011467,2026-03-01,63.06,Debit Card,Pending
PAY011468,ORD011468,2026-02-21,108.91,PayPal,Completed
PAY011469,ORD011469,2026-05-04,37.72,Debit Card,Completed
PAY011470,ORD011470,2026-03-27,78.54,Apple Pay,Pending
PAY011471,ORD011471,2026-06-10,109.81,Credit Card,Pending
PAY011472,ORD011472,2026-07-05,48.11,Credit Card,Pending
PAY011473,ORD011473,2026-04-07,180.27,Apple Pay,Failed
PAY011474,ORD011474,2026-02-17,90.18,Google Pay,Completed
PAY011475,ORD011475,2026-05-13,19.98,Google Pay,Completed
PAY011476,ORD011476,2026-08-01,64.49,Debit Card,Completed
PAY011477,ORD011477,2026-01-27,34.97,Debit Card,Pending
PAY011478,ORD011478,2026-06-18,29.53,Credit Card,Failed
PAY011479,ORD011479,2026-01-01,30.91,Apple Pay,Completed
PAY011480,ORD011480,2026-02-20,230.0,Apple Pay,Completed
PAY011481,ORD011481,2026-05-24,34.55,Debit Card,Completed
PAY011482,ORD011482,2026-04-09,54.47,PayPal,Failed
PAY011483,ORD011483,2026-04-10,75.88,Debit Card,Failed
PAY011484,ORD011484,2026-06-09,36.88,Debit Card,Completed
PAY011485,ORD011485,2026-08-09,33.89,Google Pay,Completed
PAY011486,ORD011486,2026-04-13,39.03,Debit Card,Completed
PAY011487,ORD011487,2026-02-16,40.17,Debit Card,Completed
PAY011488,ORD011488,2026-05-31,87.49,PayPal,Completed
PAY011489,ORD011489,2026-01-15,33.21,Credit Card,Completed
PAY011490,ORD011490,2026-06-03,176.72,Credit Card,Completed
PAY011491,ORD011491,2026-02-06,51.94,Debit Card,Completed
PAY011492,ORD011492,2026-08-05,187.8,Apple Pay,Completed
PAY011493,ORD011493,2026-07-02,57.77,Debit Card,Completed
PAY011494,ORD011494,2026-05-10,21.32,Google Pay,Failed
PAY011495,ORD011495,2026-03-17,38.76,PayPal,Pending
PAY011496,ORD011496,2026-05-27,87.73,Debit Card,Completed
PAY011497,ORD011497,2026-02-01,29.09,Credit Card,Pending
PAY011498,ORD011498,2026-08-03,58.69,Debit Card,Completed
PAY011499,ORD011499,2026-07-16,77.1,PayPal,Completed
PAY011500,ORD011500,2026-02-24,78.52,PayPal,Completed
PAY011501,ORD011501,2026-08-05,90.02,Apple Pay,Pending
PAY011502,ORD011502,2026-04-09,71.18,Apple Pay,Failed
PAY011503,ORD011503,2026-02-25,29.87,Apple Pay,Pending
PAY011504,ORD011504,2026-01-29,49.84,Debit Card,Pending
PAY011505,ORD011505,2026-04-19,60.86,Credit Card,Pending
PAY011506,ORD011506,2026-03-25,82.4,Google Pay,Completed
PAY011507,ORD011507,2026-06-13,36.12,Credit Card,Failed
PAY011508,ORD011508,2026-04-26,58.63,PayPal,Completed
PAY011509,ORD011509,2026-03-12,230.56,Credit Card,Completed
PAY011510,ORD011510,2026-08-02,115.79,Debit Card,Pending
PAY011511,ORD011511,2026-03-23,111.88,Apple Pay,Pending
PAY011512,ORD011512,2026-02-22,57.95,Credit Card,Completed
PAY011513,ORD011513,2026-03-26,68.89,PayPal,Completed
PAY011514,ORD011514,2026-03-27,61.03,PayPal,Pending
PAY011515,ORD011515,2026-06-16,84.54,Google Pay,Completed
PAY011516,ORD011516,2026-03-17,25.43,Credit Card,Failed
PAY011517,ORD011517,2026-01-11,34.54,Debit Card,Pending
PAY011518,ORD011518,2026-03-17,22.57,PayPal,Completed
PAY011519,ORD011519,2026-08-06,101.82,Google Pay,Completed
PAY011520,ORD011520,2026-01-30,100.42,PayPal,Completed
PAY011521,ORD011521,2026-03-20,38.32,Google Pay,Completed
PAY011522,ORD011522,2026-07-19,36.86,PayPal,Failed
PAY011523,ORD011523,2026-04-17,100.83,Debit Card,Failed
PAY011524,ORD011524,2026-06-30,99.17,Debit Card,Pending
PAY011525,ORD011525,2026-03-23,188.13,PayPal,Completed
PAY011526,ORD011526,2026-07-21,33.92,Apple Pay,Completed
PAY011527,ORD011527,2026-05-16,55.71,Debit Card,Failed
PAY011528,ORD011528,2026-01-20,65.86,Debit Card,Failed
PAY011529,ORD011529,2026-01-12,89.67,Google Pay,Completed
PAY011530,ORD011530,2026-03-08,118.76,Google Pay,Completed
PAY011531,ORD011531,2026-07-31,55.53,Credit Card,Completed
PAY011532,ORD011532,2026-06-27,70.37,Credit Card,Completed
PAY011533,ORD011533,2026-05-06,48.43,Debit Card,Completed
PAY011534,ORD011534,2026-05-20,22.02,Debit Card,Completed
PAY011535,ORD011535,2026-02-23,33.37,PayPal,Completed
PAY011536,ORD011536,2026-08-04,43.48,Apple Pay,Failed
PAY011537,ORD011537,2026-03-21,89.31,PayPal,Failed
PAY011538,ORD011538,2026-05-04,13.82,Debit Card,Completed
PAY011539,ORD011539,2026-07-01,90.34,Google Pay,Completed
PAY011540,ORD011540,2026-03-15,90.69,Credit Card,Completed
PAY011541,ORD011541,2026-05-27,43.82,Apple Pay,Pending
PAY011542,ORD011542,2026-05-22,228.79,Google Pay,Failed
PAY011543,ORD011543,2026-06-29,72.07,Debit Card,Pending
PAY011544,ORD011544,2026-07-25,71.41,Apple Pay,Failed
PAY011545,ORD011545,2026-05-30,53.86,Apple Pay,Completed
PAY011546,ORD011546,2026-05-12,16.78,Credit Card,Failed
PAY011547,ORD011547,2026-04-26,38.26,Apple Pay,Completed
PAY011548,ORD011548,2026-02-28,34.67,Debit Card,Completed
PAY011549,ORD011549,2026-06-11,95.76,Credit Card,Completed
PAY011550,ORD011550,2026-03-05,41.73,Debit Card,Failed
PAY011551,ORD011551,2026-05-08,74.51,Apple Pay,Completed
PAY011552,ORD011552,2026-01-18,19.4,Debit Card,Completed
PAY011553,ORD011553,2026-08-14,156.82,Google Pay,Completed
PAY011554,ORD011554,2026-03-23,99.54,Apple Pay,Completed
PAY011555,ORD011555,2026-01-31,59.3,PayPal,Pending
PAY011556,ORD011556,2026-03-25,43.03,PayPal,Completed
PAY011557,ORD011557,2026-02-11,108.12,Google Pay,Completed
PAY011558,ORD011558,2026-07-21,42.01,PayPal,Completed
PAY011559,ORD011559,2026-05-11,41.78,PayPal,Pending
PAY011560,ORD011560,2026-03-26,51.4,Credit Card,Completed
PAY011561,ORD011561,2026-07-02,168.07,Debit Card,Failed
PAY011562,ORD011562,2026-01-10,38.88,Apple Pay,Pending
PAY011563,ORD011563,2026-03-12,97.16,PayPal,Pending
PAY011564,ORD011564,2026-01-22,35.21,Apple Pay,Completed
PAY011565,ORD011565,2026-05-31,13.77,Google Pay,Pending
PAY011566,ORD011566,2026-03-17,79.52,PayPal,Completed
PAY011567,ORD011567,2026-01-13,32.91,Credit Card,Completed
PAY011568,ORD011568,2026-06-17,49.04,Apple Pay,Completed
PAY011569,ORD011569,2026-05-03,108.69,Google Pay,Completed
PAY011570,ORD011570,2026-05-21,31.92,Credit Card,Completed
PAY011571,ORD011571,2026-04-07,45.12,Debit Card,Pending
PAY011572,ORD011572,2026-04-05,94.63,Google Pay,Completed
PAY011573,ORD011573,2026-02-20,43.82,Credit Card,Pending
PAY011574,ORD011574,2026-07-11,64.13,Apple Pay,Completed
PAY011575,ORD011575,2026-08-08,54.47,Credit Card,Completed
PAY011576,ORD011576,2026-03-24,54.56,Google Pay,Completed
PAY011577,ORD011577,2026-08-01,52.16,Debit Card,Completed
PAY011578,ORD011578,2026-04-06,82.5,Debit Card,Failed
PAY011579,ORD011579,2026-03-31,15.86,Google Pay,Pending
PAY011580,ORD011580,2026-05-06,50.06,Apple Pay,Completed
PAY011581,ORD011581,2026-01-13,34.78,Debit Card,Completed
PAY011582,ORD011582,2026-06-06,97.07,PayPal,Failed
PAY011583,ORD011583,2026-07-18,138.97,PayPal,Completed
PAY011584,ORD011584,2026-06-24,59.5,Debit Card,Completed
PAY011585,ORD011585,2026-06-03,53.71,Apple Pay,Failed
PAY011586,ORD011586,2026-07-17,85.61,Apple Pay,Completed
PAY011587,ORD011587,2026-08-12,65.94,Apple Pay,Pending
PAY011588,ORD011588,2026-04-28,54.02,Apple Pay,Completed
PAY011589,ORD011589,2026-05-31,71.43,Apple Pay,Pending
PAY011590,ORD011590,2026-03-16,47.7,Credit Card,Completed
PAY011591,ORD011591,2026-07-03,99.77,Debit Card,Completed
PAY011592,ORD011592,2026-08-01,205.48,Google Pay,Completed
PAY011593,ORD011593,2026-01-19,53.45,PayPal,Completed
PAY011594,ORD011594,2026-04-08,81.44,Debit Card,Completed
PAY011595,ORD011595,2026-04-21,15.2,PayPal,Pending
PAY011596,ORD011596,2026-06-27,17.84,Debit Card,Completed
PAY011597,ORD011597,2026-04-18,70.39,Debit Card,Completed
PAY011598,ORD011598,2026-02-04,46.54,PayPal,Failed
PAY011599,ORD011599,2026-06-26,36.4,Apple Pay,Failed
PAY011600,ORD011600,2026-08-11,82.56,PayPal,Pending
PAY011601,ORD011601,2026-06-23,49.22,PayPal,Completed
PAY011602,ORD011602,2026-04-03,82.33,PayPal,Completed
PAY011603,ORD011603,2026-07-17,65.85,Apple Pay,Pending
PAY011604,ORD011604,2026-04-10,101.91,Debit Card,Completed
PAY011605,ORD011605,2026-06-30,55.03,Google Pay,Completed
PAY011606,ORD011606,2026-06-08,59.5,Google Pay,Failed
PAY011607,ORD011607,2026-04-06,49.28,Debit Card,Failed
PAY011608,ORD011608,2026-03-25,43.49,PayPal,Completed
PAY011609,ORD011609,2026-05-30,82.34,Debit Card,Completed
PAY011610,ORD011610,2026-03-08,31.33,Credit Card,Pending
PAY011611,ORD011611,2026-05-16,126.14,Debit Card,Pending
PAY011612,ORD011612,2026-01-19,30.4,Credit Card,Completed
PAY011613,ORD011613,2026-01-31,47.92,Google Pay,Pending
PAY011614,ORD011614,2026-02-01,45.2,Google Pay,Completed
PAY011615,ORD011615,2026-07-26,89.95,Google Pay,Failed
PAY011616,ORD011616,2026-02-24,142.02,PayPal,Failed
PAY011617,ORD011617,2026-04-13,75.0,Credit Card,Completed
PAY011618,ORD011618,2026-06-08,178.53,Credit Card,Completed
PAY011619,ORD011619,2026-07-14,37.13,Credit Card,Completed
PAY011620,ORD011620,2026-02-20,50.0,Debit Card,Completed
PAY011621,ORD011621,2026-05-02,22.84,PayPal,Completed
PAY011622,ORD011622,2026-08-12,27.71,Google Pay,Failed
PAY011623,ORD011623,2026-07-21,115.73,Debit Card,Completed
PAY011624,ORD011624,2026-04-02,52.38,PayPal,Failed
PAY011625,ORD011625,2026-06-04,43.28,Google Pay,Failed
PAY011626,ORD011626,2026-06-25,32.36,Credit Card,Completed
PAY011627,ORD011627,2026-04-20,97.17,Credit Card,Completed
PAY011628,ORD011628,2026-02-12,45.23,Credit Card,Failed
PAY011629,ORD011629,2026-08-11,26.89,Apple Pay,Failed
PAY011630,ORD011630,2026-06-28,61.4,Credit Card,Completed
PAY011631,ORD011631,2026-08-14,86.15,Google Pay,Failed
PAY011632,ORD011632,2026-07-16,53.81,Debit Card,Completed
PAY011633,ORD011633,2026-03-16,41.74,Debit Card,Failed
PAY011634,ORD011634,2026-03-12,62.86,Apple Pay,Completed
PAY011635,ORD011635,2026-03-13,23.19,Apple Pay,Pending
PAY011636,ORD011636,2026-07-28,95.14,Google Pay,Failed
PAY011637,ORD011637,2026-06-27,78.45,PayPal,Pending
PAY011638,ORD011638,2026-07-08,122.73,Apple Pay,Completed
PAY011639,ORD011639,2026-04-13,33.56,Apple Pay,Pending
PAY011640,ORD011640,2026-02-10,20.04,Google Pay,Failed
PAY011641,ORD011641,2026-06-28,21.28,Debit Card,Completed
PAY011642,ORD011642,2026-03-19,29.98,Google Pay,Completed
PAY011643,ORD011643,2026-01-24,26.01,Credit Card,Completed
PAY011644,ORD011644,2026-01-30,87.04,PayPal,Completed
PAY011645,ORD011645,2026-02-21,42.85,Apple Pay,Completed
PAY011646,ORD011646,2026-06-27,50.82,PayPal,Completed
PAY011647,ORD011647,2026-02-26,39.51,Google Pay,Completed
PAY011648,ORD011648,2026-07-09,53.49,Debit Card,Pending
PAY011649,ORD011649,2026-03-20,95.95,PayPal,Completed
PAY011650,ORD011650,2026-04-27,178.11,Apple Pay,Pending
PAY011651,ORD011651,2026-06-30,112.75,Credit Card,Failed
PAY011652,ORD011652,2026-07-15,61.64,PayPal,Completed
PAY011653,ORD011653,2026-07-24,48.98,Google Pay,Completed
PAY011654,ORD011654,2026-07-16,140.6,Google Pay,Completed
PAY011655,ORD011655,2026-01-31,31.23,PayPal,Completed
PAY011656,ORD011656,2026-03-17,59.65,Google Pay,Completed
PAY011657,ORD011657,2026-01-30,26.7,PayPal,Completed
PAY011658,ORD011658,2026-04-23,136.78,PayPal,Completed
PAY011659,ORD011659,2026-05-18,159.57,Debit Card,Completed
PAY011660,ORD011660,2026-08-10,24.36,Google Pay,Completed
PAY011661,ORD011661,2026-08-06,23.15,Debit Card,Pending
PAY011662,ORD011662,2026-06-21,42.35,Google Pay,Pending
PAY011663,ORD011663,2026-05-14,89.19,Debit Card,Failed
PAY011664,ORD011664,2026-06-04,34.34,Credit Card,Completed
PAY011665,ORD011665,2026-01-20,35.62,Google Pay,Failed
PAY011666,ORD011666,2026-08-08,93.13,Debit Card,Completed
PAY011667,ORD011667,2026-01-20,71.79,Credit Card,Failed
PAY011668,ORD011668,2026-01-12,56.33,Credit Card,Completed
PAY011669,ORD011669,2026-03-26,62.27,Credit Card,Completed
PAY011670,ORD011670,2026-08-10,72.13,Debit Card,Pending
PAY011671,ORD011671,2026-02-18,106.05,Credit Card,Completed
PAY011672,ORD011672,2026-06-29,108.17,Apple Pay,Pending
PAY011673,ORD011673,2026-01-10,41.45,Google Pay,Completed
PAY011674,ORD011674,2026-01-05,55.32,Apple Pay,Completed
PAY011675,ORD011675,2026-03-05,39.25,Apple Pay,Failed
PAY011676,ORD011676,2026-07-05,80.18,Google Pay,Completed
PAY011677,ORD011677,2026-05-16,29.77,Apple Pay,Completed
PAY011678,ORD011678,2026-06-07,27.05,Credit Card,Failed
PAY011679,ORD011679,2026-01-17,43.11,PayPal,Failed
PAY011680,ORD011680,2026-03-08,13.76,Apple Pay,Failed
PAY011681,ORD011681,2026-01-21,4.61,Google Pay,Completed
PAY011682,ORD011682,2026-01-16,77.59,Debit Card,Failed
PAY011683,ORD011683,2026-08-12,82.45,Debit Card,Pending
PAY011684,ORD011684,2026-01-27,29.74,Credit Card,Completed
PAY011685,ORD011685,2026-04-25,52.78,Apple Pay,Pending
PAY011686,ORD011686,2026-01-06,166.59,PayPal,Completed
PAY011687,ORD011687,2026-02-11,52.47,Debit Card,Completed
PAY011688,ORD011688,2026-05-24,140.95,PayPal,Completed
PAY011689,ORD011689,2026-06-22,36.15,Credit Card,Completed
PAY011690,ORD011690,2026-01-03,65.45,Google Pay,Pending
PAY011691,ORD011691,2026-02-09,80.98,Google Pay,Failed
PAY011692,ORD011692,2026-01-20,40.91,Credit Card,Completed
PAY011693,ORD011693,2026-01-07,46.71,PayPal,Completed
PAY011694,ORD011694,2026-02-28,51.52,PayPal,Failed
PAY011695,ORD011695,2026-05-19,32.78,PayPal,Completed
PAY011696,ORD011696,2026-04-03,66.86,Credit Card,Completed
PAY011697,ORD011697,2026-02-21,134.56,Debit Card,Pending
PAY011698,ORD011698,2026-05-11,131.68,Debit Card,Failed
PAY011699,ORD011699,2026-01-21,228.0,Apple Pay,Pending
PAY011700,ORD011700,2026-06-30,43.12,Google Pay,Completed
PAY011701,ORD011701,2026-08-12,40.46,Google Pay,Completed
PAY011702,ORD011702,2026-06-07,89.64,Apple Pay,Completed
PAY011703,ORD011703,2026-01-11,154.03,PayPal,Pending
PAY011704,ORD011704,2026-07-28,125.03,Credit Card,Pending
PAY011705,ORD011705,2026-06-02,93.32,Google Pay,Failed
PAY011706,ORD011706,2026-02-19,33.54,PayPal,Completed
PAY011707,ORD011707,2026-08-05,35.35,Debit Card,Completed
PAY011708,ORD011708,2026-01-09,84.99,PayPal,Completed
PAY011709,ORD011709,2026-02-14,79.68,Apple Pay,Pending
PAY011710,ORD011710,2026-01-29,53.78,Credit Card,Completed
PAY011711,ORD011711,2026-03-03,82.34,Google Pay,Completed
PAY011712,ORD011712,2026-01-15,63.58,Apple Pay,Completed
PAY011713,ORD011713,2026-01-19,102.24,Debit Card,Pending
PAY011714,ORD011714,2026-05-23,40.28,Debit Card,Pending
PAY011715,ORD011715,2026-06-16,22.18,Credit Card,Completed
PAY011716,ORD011716,2026-02-04,24.53,Google Pay,Pending
PAY011717,ORD011717,2026-05-21,36.27,Debit Card,Completed
PAY011718,ORD011718,2026-05-24,40.16,Apple Pay,Completed
PAY011719,ORD011719,2026-03-08,58.86,Debit Card,Failed
PAY011720,ORD011720,2026-04-05,33.16,Google Pay,Completed
PAY011721,ORD011721,2026-02-24,27.81,PayPal,Completed
PAY011722,ORD011722,2026-07-12,20.58,Debit Card,Pending
PAY011723,ORD011723,2026-02-04,68.52,Debit Card,Completed
PAY011724,ORD011724,2026-01-16,59.28,Debit Card,Failed
PAY011725,ORD011725,2026-05-09,68.9,PayPal,Completed
PAY011726,ORD011726,2026-06-27,43.22,Google Pay,Completed
PAY011727,ORD011727,2026-01-14,210.65,Apple Pay,Failed
PAY011728,ORD011728,2026-03-03,26.4,Google Pay,Completed
PAY011729,ORD011729,2026-05-15,62.81,Credit Card,Completed
PAY011730,ORD011730,2026-05-31,12.84,Apple Pay,Failed
PAY011731,ORD011731,2026-04-09,79.85,PayPal,Completed
PAY011732,ORD011732,2026-07-10,35.12,Credit Card,Completed
PAY011733,ORD011733,2026-01-29,23.57,Debit Card,Pending
PAY011734,ORD011734,2026-05-30,82.51,Debit Card,Completed
PAY011735,ORD011735,2026-07-27,25.72,Google Pay,Pending
PAY011736,ORD011736,2026-04-03,33.54,PayPal,Completed
PAY011737,ORD011737,2026-01-06,118.97,PayPal,Completed
PAY011738,ORD011738,2026-07-29,67.02,Debit Card,Completed
PAY011739,ORD011739,2026-06-06,45.93,Debit Card,Completed
PAY011740,ORD011740,2026-03-30,66.37,PayPal,Completed
PAY011741,ORD011741,2026-01-02,45.2,PayPal,Completed
PAY011742,ORD011742,2026-07-11,94.35,Google Pay,Failed
PAY011743,ORD011743,2026-04-06,53.75,Debit Card,Completed
PAY011744,ORD011744,2026-02-05,30.94,PayPal,Completed
PAY011745,ORD011745,2026-04-06,21.23,Credit Card,Completed
PAY011746,ORD011746,2026-05-28,132.13,Credit Card,Failed
PAY011747,ORD011747,2026-07-02,22.39,Credit Card,Completed
PAY011748,ORD011748,2026-02-06,101.49,Apple Pay,Completed
PAY011749,ORD011749,2026-04-12,32.68,Credit Card,Completed
PAY011750,ORD011750,2026-08-13,37.89,PayPal,Completed
PAY011751,ORD011751,2026-06-29,143.51,Apple Pay,Failed
PAY011752,ORD011752,2026-03-10,37.43,Debit Card,Completed
PAY011753,ORD011753,2026-03-11,49.61,PayPal,Completed
PAY011754,ORD011754,2026-05-30,135.56,Credit Card,Pending
PAY011755,ORD011755,2026-08-01,92.06,Debit Card,Completed
PAY011756,ORD011756,2026-07-30,95.59,Credit Card,Completed
PAY011757,ORD011757,2026-04-17,33.76,Google Pay,Pending
PAY011758,ORD011758,2026-01-15,32.56,Apple Pay,Completed
PAY011759,ORD011759,2026-04-08,88.73,Debit Card,Completed
PAY011760,ORD011760,2026-02-16,60.29,Credit Card,Failed
PAY011761,ORD011761,2026-07-18,58.18,Google Pay,Completed
PAY011762,ORD011762,2026-07-28,25.43,Apple Pay,Completed
PAY011763,ORD011763,2026-04-18,36.91,Credit Card,Completed
PAY011764,ORD011764,2026-04-18,18.16,PayPal,Pending
PAY011765,ORD011765,2026-03-10,65.7,Google Pay,Failed
PAY011766,ORD011766,2026-02-21,81.1,Debit Card,Completed
PAY011767,ORD011767,2026-06-16,114.76,Credit Card,Pending
PAY011768,ORD011768,2026-01-02,21.9,Debit Card,Failed
PAY011769,ORD011769,2026-08-07,96.63,PayPal,Completed
PAY011770,ORD011770,2026-02-14,57.35,Debit Card,Completed
PAY011771,ORD011771,2026-06-01,124.53,Google Pay,Completed
PAY011772,ORD011772,2026-07-08,17.08,Apple Pay,Completed
PAY011773,ORD011773,2026-04-21,181.04,Credit Card,Completed
PAY011774,ORD011774,2026-04-02,51.91,Apple Pay,Failed
PAY011775,ORD011775,2026-05-02,69.08,Credit Card,Completed
PAY011776,ORD011776,2026-03-06,33.63,Debit Card,Pending
PAY011777,ORD011777,2026-06-30,30.18,Debit Card,Pending
PAY011778,ORD011778,2026-04-26,85.56,Google Pay,Completed
PAY011779,ORD011779,2026-05-29,47.56,Debit Card,Failed
PAY011780,ORD011780,2026-05-07,187.05,PayPal,Completed
PAY011781,ORD011781,2026-08-08,49.08,Google Pay,Completed
PAY011782,ORD011782,2026-03-08,107.95,Credit Card,Completed
PAY011783,ORD011783,2026-04-04,51.6,Debit Card,Completed
PAY011784,ORD011784,2026-05-09,8.22,Credit Card,Failed
PAY011785,ORD011785,2026-02-28,44.76,Debit Card,Completed
PAY011786,ORD011786,2026-04-25,101.37,Google Pay,Completed
PAY011787,ORD011787,2026-04-26,66.77,PayPal,Completed
PAY011788,ORD011788,2026-02-16,42.23,Credit Card,Failed
PAY011789,ORD011789,2026-04-19,70.34,Apple Pay,Completed
PAY011790,ORD011790,2026-01-18,146.58,Debit Card,Failed
PAY011791,ORD011791,2026-04-23,126.7,Google Pay,Completed
PAY011792,ORD011792,2026-02-02,21.74,Credit Card,Completed
PAY011793,ORD011793,2026-05-23,61.4,Google Pay,Pending
PAY011794,ORD011794,2026-01-24,67.7,Credit Card,Completed
PAY011795,ORD011795,2026-02-05,27.96,PayPal,Completed
PAY011796,ORD011796,2026-03-01,34.66,Debit Card,Completed
PAY011797,ORD011797,2026-06-11,30.71,Credit Card,Pending
PAY011798,ORD011798,2026-03-31,32.23,Apple Pay,Pending
PAY011799,ORD011799,2026-02-20,20.61,Debit Card,Failed
PAY011800,ORD011800,2026-06-17,52.69,Debit Card,Completed
PAY011801,ORD011801,2026-05-30,98.1,Google Pay,Completed
PAY011802,ORD011802,2026-05-24,38.83,Debit Card,Pending
PAY011803,ORD011803,2026-04-14,189.34,Credit Card,Completed
PAY011804,ORD011804,2026-06-19,148.1,PayPal,Pending
PAY011805,ORD011805,2026-01-16,48.41,Credit Card,Failed
PAY011806,ORD011806,2026-05-13,50.29,Debit Card,Completed
PAY011807,ORD011807,2026-05-14,146.03,Apple Pay,Completed
PAY011808,ORD011808,2026-06-19,36.72,Apple Pay,Pending
PAY011809,ORD011809,2026-08-04,71.31,Credit Card,Completed
PAY011810,ORD011810,2026-01-30,115.78,Credit Card,Failed
PAY011811,ORD011811,2026-06-09,42.18,Credit Card,Failed
PAY011812,ORD011812,2026-06-30,56.89,Credit Card,Completed
PAY011813,ORD011813,2026-05-27,24.98,Google Pay,Completed
PAY011814,ORD011814,2026-02-20,26.97,Credit Card,Failed
PAY011815,ORD011815,2026-06-05,173.91,Google Pay,Failed
PAY011816,ORD011816,2026-06-24,78.73,Debit Card,Completed
PAY011817,ORD011817,2026-03-13,98.19,Credit Card,Completed
PAY011818,ORD011818,2026-05-08,79.67,Credit Card,Failed
PAY011819,ORD011819,2026-04-17,65.69,Apple Pay,Completed
PAY011820,ORD011820,2026-05-07,41.82,Debit Card,Completed
PAY011821,ORD011821,2026-05-09,205.64,Debit Card,Completed
PAY011822,ORD011822,2026-07-15,24.54,Credit Card,Failed
PAY011823,ORD011823,2026-07-04,26.16,Debit Card,Pending
PAY011824,ORD011824,2026-05-30,38.74,PayPal,Completed
PAY011825,ORD011825,2026-08-02,79.41,Apple Pay,Pending
PAY011826,ORD011826,2026-04-04,67.86,Debit Card,Completed
PAY011827,ORD011827,2026-02-27,34.04,PayPal,Completed
PAY011828,ORD011828,2026-08-07,47.5,Credit Card,Completed
PAY011829,ORD011829,2026-08-07,43.98,Apple Pay,Completed
PAY011830,ORD011830,2026-01-13,70.92,Apple Pay,Pending
PAY011831,ORD011831,2026-06-16,43.44,Apple Pay,Completed
PAY011832,ORD011832,2026-01-27,193.55,PayPal,Failed
PAY011833,ORD011833,2026-06-16,49.17,Google Pay,Completed
PAY011834,ORD011834,2026-05-01,49.39,Apple Pay,Pending
PAY011835,ORD011835,2026-07-19,98.77,PayPal,Failed
PAY011836,ORD011836,2026-05-20,87.58,Google Pay,Completed
PAY011837,ORD011837,2026-06-01,133.59,PayPal,Failed
PAY011838,ORD011838,2026-01-18,117.68,PayPal,Completed
PAY011839,ORD011839,2026-04-29,51.19,PayPal,Completed
PAY011840,ORD011840,2026-01-15,134.46,Apple Pay,Completed
PAY011841,ORD011841,2026-07-07,45.39,Credit Card,Pending
PAY011842,ORD011842,2026-05-24,27.91,Apple Pay,Completed
PAY011843,ORD011843,2026-04-07,58.64,Apple Pay,Completed
PAY011844,ORD011844,2026-03-15,78.74,Apple Pay,Failed
PAY011845,ORD011845,2026-02-16,70.15,Apple Pay,Failed
PAY011846,ORD011846,2026-06-01,82.67,Google Pay,Completed
PAY011847,ORD011847,2026-06-22,34.74,Google Pay,Failed
PAY011848,ORD011848,2026-01-19,92.18,PayPal,Pending
PAY011849,ORD011849,2026-04-01,158.51,Debit Card,Completed
PAY011850,ORD011850,2026-06-18,34.97,Debit Card,Completed
PAY011851,ORD011851,2026-01-31,112.86,Credit Card,Pending
PAY011852,ORD011852,2026-08-01,78.93,PayPal,Failed
PAY011853,ORD011853,2026-01-16,96.82,Credit Card,Pending
PAY011854,ORD011854,2026-05-31,34.73,Google Pay,Completed
PAY011855,ORD011855,2026-03-19,66.44,Apple Pay,Completed
PAY011856,ORD011856,2026-01-23,61.94,Credit Card,Completed
PAY011857,ORD011857,2026-02-10,59.13,Credit Card,Pending
PAY011858,ORD011858,2026-05-26,71.04,Google Pay,Completed
PAY011859,ORD011859,2026-06-13,87.78,PayPal,Failed
PAY011860,ORD011860,2026-01-12,161.91,Apple Pay,Completed
PAY011861,ORD011861,2026-03-16,123.15,Apple Pay,Completed
PAY011862,ORD011862,2026-07-16,114.79,PayPal,Failed
PAY011863,ORD011863,2026-06-28,153.39,Google Pay,Pending
PAY011864,ORD011864,2026-03-26,69.45,Google Pay,Completed
PAY011865,ORD011865,2026-06-09,32.56,Credit Card,Completed
PAY011866,ORD011866,2026-08-09,68.75,Debit Card,Failed
PAY011867,ORD011867,2026-03-12,82.38,Debit Card,Completed
PAY011868,ORD011868,2026-06-13,107.77,Google Pay,Completed
PAY011869,ORD011869,2026-06-17,88.26,PayPal,Completed
PAY011870,ORD011870,2026-05-06,53.29,PayPal,Failed
PAY011871,ORD011871,2026-08-07,140.16,Debit Card,Failed
PAY011872,ORD011872,2026-03-11,74.63,PayPal,Completed
PAY011873,ORD011873,2026-06-15,52.14,PayPal,Failed
PAY011874,ORD011874,2026-07-01,17.9,Apple Pay,Completed
PAY011875,ORD011875,2026-01-04,83.3,PayPal,Completed
PAY011876,ORD011876,2026-06-23,26.73,Apple Pay,Completed
PAY011877,ORD011877,2026-03-04,29.9,Apple Pay,Completed
PAY011878,ORD011878,2026-07-21,83.02,Debit Card,Completed
PAY011879,ORD011879,2026-02-19,84.29,Apple Pay,Completed
PAY011880,ORD011880,2026-01-30,27.57,Google Pay,Completed
PAY011881,ORD011881,2026-07-20,45.79,Credit Card,Pending
PAY011882,ORD011882,2026-01-16,57.64,Apple Pay,Failed
PAY011883,ORD011883,2026-06-29,106.95,Google Pay,Completed
PAY011884,ORD011884,2026-01-04,40.25,Google Pay,Completed
PAY011885,ORD011885,2026-01-26,103.85,PayPal,Pending
PAY011886,ORD011886,2026-06-06,33.28,Google Pay,Failed
PAY011887,ORD011887,2026-08-08,24.89,PayPal,Failed
PAY011888,ORD011888,2026-05-19,129.04,Google Pay,Completed
PAY011889,ORD011889,2026-04-02,165.27,Debit Card,Failed
PAY011890,ORD011890,2026-04-18,136.34,Debit Card,Completed
PAY011891,ORD011891,2026-08-12,98.87,Debit Card,Completed
PAY011892,ORD011892,2026-06-01,64.93,Debit Card,Pending
PAY011893,ORD011893,2026-02-20,89.49,Debit Card,Completed
PAY011894,ORD011894,2026-02-11,87.03,Google Pay,Completed
PAY011895,ORD011895,2026-06-16,210.37,Apple Pay,Completed
PAY011896,ORD011896,2026-05-15,36.48,Apple Pay,Completed
PAY011897,ORD011897,2026-01-18,40.3,Apple Pay,Completed
PAY011898,ORD011898,2026-01-03,32.26,Debit Card,Completed
PAY011899,ORD011899,2026-07-10,155.63,Debit Card,Completed
PAY011900,ORD011900,2026-01-20,60.78,Google Pay,Completed
PAY011901,ORD011901,2026-04-08,36.66,Apple Pay,Completed
PAY011902,ORD011902,2026-08-10,15.64,PayPal,Completed
PAY011903,ORD011903,2026-03-14,34.0,Debit Card,Completed
PAY011904,ORD011904,2026-03-15,71.49,Credit Card,Completed
PAY011905,ORD011905,2026-05-03,17.87,Credit Card,Completed
PAY011906,ORD011906,2026-03-11,32.05,Credit Card,Failed
PAY011907,ORD011907,2026-05-25,61.92,Google Pay,Completed
PAY011908,ORD011908,2026-03-20,52.08,PayPal,Completed
PAY011909,ORD011909,2026-08-13,26.38,Debit Card,Failed
PAY011910,ORD011910,2026-07-06,34.41,Google Pay,Completed
PAY011911,ORD011911,2026-07-01,50.73,Apple Pay,Completed
PAY011912,ORD011912,2026-05-21,77.63,Apple Pay,Completed
PAY011913,ORD011913,2026-02-11,89.96,Debit Card,Completed
PAY011914,ORD011914,2026-02-13,55.48,Debit Card,Completed
PAY011915,ORD011915,2026-08-02,148.82,Credit Card,Completed
PAY011916,ORD011916,2026-03-21,42.92,PayPal,Pending
PAY011917,ORD011917,2026-08-14,28.75,Credit Card,Completed
PAY011918,ORD011918,2026-03-08,17.03,PayPal,Completed
PAY011919,ORD011919,2026-07-19,94.14,Google Pay,Failed
PAY011920,ORD011920,2026-01-20,56.72,Google Pay,Completed
PAY011921,ORD011921,2026-02-16,21.64,PayPal,Failed
PAY011922,ORD011922,2026-01-24,72.38,Google Pay,Completed
PAY011923,ORD011923,2026-06-28,111.88,PayPal,Completed
PAY011924,ORD011924,2026-05-26,72.01,Google Pay,Completed
PAY011925,ORD011925,2026-01-23,38.53,Apple Pay,Pending
PAY011926,ORD011926,2026-05-09,27.43,Debit Card,Pending
PAY011927,ORD011927,2026-05-03,71.57,Google Pay,Pending
PAY011928,ORD011928,2026-04-25,61.87,Google Pay,Failed
PAY011929,ORD011929,2026-03-07,326.81,Apple Pay,Failed
PAY011930,ORD011930,2026-05-13,30.15,Credit Card,Completed
PAY011931,ORD011931,2026-01-18,79.14,Apple Pay,Pending
PAY011932,ORD011932,2026-07-27,41.13,Google Pay,Failed
PAY011933,ORD011933,2026-07-21,37.54,Apple Pay,Completed
PAY011934,ORD011934,2026-04-27,27.87,Apple Pay,Completed
PAY011935,ORD011935,2026-08-09,123.48,Apple Pay,Failed
PAY011936,ORD011936,2026-02-04,122.19,PayPal,Completed
PAY011937,ORD011937,2026-06-02,110.57,Apple Pay,Failed
PAY011938,ORD011938,2026-04-16,44.11,Apple Pay,Failed
PAY011939,ORD011939,2026-06-01,85.29,Google Pay,Pending
PAY011940,ORD011940,2026-05-21,145.58,PayPal,Completed
PAY011941,ORD011941,2026-05-29,12.16,Credit Card,Completed
PAY011942,ORD011942,2026-02-08,86.09,PayPal,Completed
PAY011943,ORD011943,2026-06-11,113.75,PayPal,Completed
PAY011944,ORD011944,2026-05-27,96.8,PayPal,Completed
PAY011945,ORD011945,2026-06-05,33.88,Google Pay,Completed
PAY011946,ORD011946,2026-04-01,32.91,Debit Card,Completed
PAY011947,ORD011947,2026-04-24,74.8,Google Pay,Pending
PAY011948,ORD011948,2026-08-06,62.23,Google Pay,Completed
PAY011949,ORD011949,2026-05-19,110.41,Credit Card,Failed
PAY011950,ORD011950,2026-06-26,109.66,Credit Card,Completed
PAY011951,ORD011951,2026-02-04,42.07,Credit Card,Completed
PAY011952,ORD011952,2026-03-25,20.3,Debit Card,Pending
PAY011953,ORD011953,2026-03-17,24.42,PayPal,Completed
PAY011954,ORD011954,2026-02-26,29.36,Debit Card,Completed
PAY011955,ORD011955,2026-01-28,42.93,PayPal,Completed
PAY011956,ORD011956,2026-03-07,73.45,Debit Card,Completed
PAY011957,ORD011957,2026-03-06,48.64,Google Pay,Pending
PAY011958,ORD011958,2026-07-20,26.52,Google Pay,Completed
PAY011959,ORD011959,2026-05-30,91.14,PayPal,Completed
PAY011960,ORD011960,2026-02-20,49.32,PayPal,Completed
PAY011961,ORD011961,2026-04-01,38.62,PayPal,Completed
PAY011962,ORD011962,2026-05-17,35.44,Apple Pay,Pending
PAY011963,ORD011963,2026-07-18,73.78,Credit Card,Pending
PAY011964,ORD011964,2026-06-13,50.37,Apple Pay,Pending
PAY011965,ORD011965,2026-07-01,40.55,Apple Pay,Failed
PAY011966,ORD011966,2026-06-15,27.1,Google Pay,Completed
PAY011967,ORD011967,2026-03-07,40.49,Google Pay,Failed
PAY011968,ORD011968,2026-06-20,70.8,PayPal,Completed
PAY011969,ORD011969,2026-05-13,90.41,Google Pay,Failed
PAY011970,ORD011970,2026-03-22,112.25,PayPal,Completed
PAY011971,ORD011971,2026-06-14,37.95,Apple Pay,Completed
PAY011972,ORD011972,2026-07-05,21.67,Credit Card,Completed
PAY011973,ORD011973,2026-03-04,88.1,Google Pay,Failed
PAY011974,ORD011974,2026-04-09,66.8,Apple Pay,Completed
PAY011975,ORD011975,2026-02-20,23.38,PayPal,Completed
PAY011976,ORD011976,2026-03-13,99.11,Google Pay,Pending
PAY011977,ORD011977,2026-02-12,8.34,Credit Card,Failed
PAY011978,ORD011978,2026-03-08,30.35,Google Pay,Completed
PAY011979,ORD011979,2026-07-14,187.73,PayPal,Pending
PAY011980,ORD011980,2026-03-06,421.12,Apple Pay,Completed
PAY011981,ORD011981,2026-03-03,113.9,Apple Pay,Completed
PAY011982,ORD011982,2026-08-04,47.83,Credit Card,Failed
PAY011983,ORD011983,2026-07-10,77.54,Credit Card,Pending
PAY011984,ORD011984,2026-06-07,14.55,Apple Pay,Completed
PAY011985,ORD011985,2026-03-31,44.32,Debit Card,Failed
PAY011986,ORD011986,2026-06-15,19.46,Apple Pay,Failed
PAY011987,ORD011987,2026-04-14,131.32,PayPal,Completed
PAY011988,ORD011988,2026-02-20,104.27,Google Pay,Completed
PAY011989,ORD011989,2026-04-17,93.06,Debit Card,Completed
PAY011990,ORD011990,2026-02-07,105.66,Apple Pay,Completed
PAY011991,ORD011991,2026-03-08,41.13,Google Pay,Completed
PAY011992,ORD011992,2026-03-18,58.7,Credit Card,Pending
PAY011993,ORD011993,2026-04-10,37.53,Apple Pay,Completed
PAY011994,ORD011994,2026-04-15,61.94,Debit Card,Failed
PAY011995,ORD011995,2026-02-17,56.4,PayPal,Completed
PAY011996,ORD011996,2026-05-20,78.12,Google Pay,Pending
PAY011997,ORD011997,2026-01-20,28.03,Google Pay,Completed
PAY011998,ORD011998,2026-04-13,60.8,Apple Pay,Failed
PAY011999,ORD011999,2026-03-13,60.22,PayPal,Failed
PAY012000,ORD012000,2026-04-27,68.64,PayPal,Failed
PAY012001,ORD012001,2026-04-21,31.51,Credit Card,Pending
PAY012002,ORD012002,2026-05-10,39.37,Apple Pay,Pending
PAY012003,ORD012003,2026-07-22,33.79,Google Pay,Pending
PAY012004,ORD012004,2026-04-30,236.17,Credit Card,Completed
PAY012005,ORD012005,2026-08-01,139.31,Google Pay,Completed
PAY012006,ORD012006,2026-07-02,57.59,Credit Card,Completed
PAY012007,ORD012007,2026-05-14,82.38,Apple Pay,Completed
PAY012008,ORD012008,2026-03-24,176.76,Credit Card,Completed
PAY012009,ORD012009,2026-08-10,185.3,Credit Card,Completed
PAY012010,ORD012010,2026-05-08,79.75,PayPal,Completed
PAY012011,ORD012011,2026-04-18,33.78,PayPal,Failed
PAY012012,ORD012012,2026-07-09,140.51,Google Pay,Completed
PAY012013,ORD012013,2026-06-26,71.06,PayPal,Completed
PAY012014,ORD012014,2026-03-25,47.59,Apple Pay,Failed
PAY012015,ORD012015,2026-07-01,96.96,Apple Pay,Completed
PAY012016,ORD012016,2026-05-18,38.44,Credit Card,Completed
PAY012017,ORD012017,2026-06-01,20.61,Google Pay,Completed
PAY012018,ORD012018,2026-08-13,147.4,Apple Pay,Pending
PAY012019,ORD012019,2026-06-06,82.6,Credit Card,Failed
PAY012020,ORD012020,2026-04-29,107.62,Google Pay,Completed
PAY012021,ORD012021,2026-04-04,16.57,Apple Pay,Completed
PAY012022,ORD012022,2026-04-19,80.86,Debit Card,Completed
PAY012023,ORD012023,2026-05-14,73.94,Credit Card,Failed
PAY012024,ORD012024,2026-07-05,47.4,Apple Pay,Completed
PAY012025,ORD012025,2026-03-19,47.69,Debit Card,Completed
PAY012026,ORD012026,2026-07-04,42.34,Credit Card,Completed
PAY012027,ORD012027,2026-05-11,181.73,Apple Pay,Completed
PAY012028,ORD012028,2026-01-24,108.52,Credit Card,Pending
PAY012029,ORD012029,2026-05-27,50.22,PayPal,Completed
PAY012030,ORD012030,2026-08-14,38.49,Debit Card,Pending
PAY012031,ORD012031,2026-01-09,59.42,Google Pay,Failed
PAY012032,ORD012032,2026-06-07,59.99,Google Pay,Pending
PAY012033,ORD012033,2026-04-06,29.07,Credit Card,Completed
PAY012034,ORD012034,2026-03-18,130.89,Credit Card,Completed
PAY012035,ORD012035,2026-03-23,50.4,PayPal,Pending
PAY012036,ORD012036,2026-06-21,63.48,Debit Card,Completed
PAY012037,ORD012037,2026-06-30,106.33,Credit Card,Completed
PAY012038,ORD012038,2026-03-27,181.89,Google Pay,Pending
PAY012039,ORD012039,2026-07-15,65.23,Debit Card,Completed
PAY012040,ORD012040,2026-03-01,22.25,Debit Card,Failed
PAY012041,ORD012041,2026-05-31,91.44,PayPal,Completed
PAY012042,ORD012042,2026-03-02,67.55,Credit Card,Failed
PAY012043,ORD012043,2026-05-15,41.55,Debit Card,Pending
PAY012044,ORD012044,2026-06-21,78.95,PayPal,Pending
PAY012045,ORD012045,2026-07-02,38.38,Google Pay,Pending
PAY012046,ORD012046,2026-03-16,20.55,PayPal,Completed
PAY012047,ORD012047,2026-02-08,66.19,PayPal,Completed
PAY012048,ORD012048,2026-05-02,31.18,PayPal,Completed
PAY012049,ORD012049,2026-07-06,49.72,Credit Card,Failed
PAY012050,ORD012050,2026-04-16,90.64,PayPal,Completed
PAY012051,ORD012051,2026-04-08,13.82,Google Pay,Completed
PAY012052,ORD012052,2026-05-13,46.5,Debit Card,Failed
PAY012053,ORD012053,2026-06-19,30.96,Apple Pay,Completed
PAY012054,ORD012054,2026-08-05,21.15,Credit Card,Pending
PAY012055,ORD012055,2026-04-02,61.83,Apple Pay,Completed
PAY012056,ORD012056,2026-01-14,42.3,PayPal,Completed
PAY012057,ORD012057,2026-06-04,92.71,Credit Card,Pending
PAY012058,ORD012058,2026-01-16,80.24,Google Pay,Completed
PAY012059,ORD012059,2026-08-07,88.89,Apple Pay,Pending
PAY012060,ORD012060,2026-05-10,15.64,Debit Card,Pending
PAY012061,ORD012061,2026-05-27,66.15,Google Pay,Completed
PAY012062,ORD012062,2026-05-31,68.06,Google Pay,Completed
PAY012063,ORD012063,2026-06-18,25.18,Apple Pay,Completed
PAY012064,ORD012064,2026-01-14,54.94,Debit Card,Pending
PAY012065,ORD012065,2026-06-24,71.04,Credit Card,Completed
PAY012066,ORD012066,2026-03-04,61.52,Google Pay,Completed
PAY012067,ORD012067,2026-08-06,92.49,Credit Card,Completed
PAY012068,ORD012068,2026-01-08,82.77,Google Pay,Failed
PAY012069,ORD012069,2026-01-27,93.9,PayPal,Completed
PAY012070,ORD012070,2026-04-21,23.57,Google Pay,Completed
PAY012071,ORD012071,2026-02-09,36.21,Credit Card,Completed
PAY012072,ORD012072,2026-06-05,45.16,Debit Card,Completed
PAY012073,ORD012073,2026-03-09,53.38,Apple Pay,Completed
PAY012074,ORD012074,2026-05-03,19.21,Debit Card,Failed
PAY012075,ORD012075,2026-03-02,52.74,Google Pay,Pending
PAY012076,ORD012076,2026-06-15,100.37,Credit Card,Completed
PAY012077,ORD012077,2026-07-22,23.03,PayPal,Completed
PAY012078,ORD012078,2026-05-08,20.65,Debit Card,Pending
PAY012079,ORD012079,2026-04-18,141.16,PayPal,Completed
PAY012080,ORD012080,2026-06-01,78.55,Apple Pay,Pending
PAY012081,ORD012081,2026-06-05,232.33,PayPal,Completed
PAY012082,ORD012082,2026-06-18,65.98,Apple Pay,Completed
PAY012083,ORD012083,2026-05-26,55.32,PayPal,Failed
PAY012084,ORD012084,2026-02-18,35.5,Google Pay,Pending
PAY012085,ORD012085,2026-08-01,309.82,PayPal,Completed
PAY012086,ORD012086,2026-06-03,138.53,Debit Card,Completed
PAY012087,ORD012087,2026-01-03,83.75,Debit Card,Failed
PAY012088,ORD012088,2026-03-18,73.44,Debit Card,Completed
PAY012089,ORD012089,2026-06-15,26.74,Apple Pay,Completed
PAY012090,ORD012090,2026-08-08,60.36,Apple Pay,Pending
PAY012091,ORD012091,2026-05-22,27.68,Google Pay,Completed
PAY012092,ORD012092,2026-05-09,48.5,Apple Pay,Completed
PAY012093,ORD012093,2026-04-02,64.79,Google Pay,Completed
PAY012094,ORD012094,2026-05-03,68.35,PayPal,Completed
PAY012095,ORD012095,2026-04-28,29.41,Credit Card,Failed
PAY012096,ORD012096,2026-01-11,86.33,Debit Card,Completed
PAY012097,ORD012097,2026-06-17,56.27,Debit Card,Completed
PAY012098,ORD012098,2026-01-04,102.19,Google Pay,Pending
PAY012099,ORD012099,2026-06-11,90.74,Apple Pay,Completed
PAY012100,ORD012100,2026-07-12,141.9,PayPal,Failed
PAY012101,ORD012101,2026-07-03,34.6,Google Pay,Completed
PAY012102,ORD012102,2026-01-10,240.12,Debit Card,Completed
PAY012103,ORD012103,2026-03-22,27.51,Google Pay,Completed
PAY012104,ORD012104,2026-03-12,47.27,Credit Card,Completed
PAY012105,ORD012105,2026-04-13,68.46,Credit Card,Completed
PAY012106,ORD012106,2026-07-11,89.12,Credit Card,Completed
PAY012107,ORD012107,2026-05-21,48.76,PayPal,Completed
PAY012108,ORD012108,2026-01-22,57.38,Credit Card,Completed
PAY012109,ORD012109,2026-02-25,242.53,PayPal,Completed
PAY012110,ORD012110,2026-05-02,38.17,Google Pay,Failed
PAY012111,ORD012111,2026-07-12,29.58,PayPal,Pending
PAY012112,ORD012112,2026-04-02,24.45,Debit Card,Completed
PAY012113,ORD012113,2026-04-07,39.29,Apple Pay,Completed
PAY012114,ORD012114,2026-05-21,5.84,Credit Card,Pending
PAY012115,ORD012115,2026-01-01,60.27,Apple Pay,Completed
PAY012116,ORD012116,2026-02-07,198.28,Google Pay,Completed
PAY012117,ORD012117,2026-07-05,57.84,PayPal,Pending
PAY012118,ORD012118,2026-06-02,141.09,PayPal,Failed
PAY012119,ORD012119,2026-02-11,46.03,Apple Pay,Completed
PAY012120,ORD012120,2026-03-26,205.83,Google Pay,Completed
PAY012121,ORD012121,2026-06-10,80.24,Apple Pay,Failed
PAY012122,ORD012122,2026-07-04,58.96,Debit Card,Failed
PAY012123,ORD012123,2026-02-06,30.35,Credit Card,Failed
PAY012124,ORD012124,2026-07-04,68.59,Credit Card,Completed
PAY012125,ORD012125,2026-04-08,209.41,PayPal,Completed
PAY012126,ORD012126,2026-03-03,15.73,Google Pay,Completed
PAY012127,ORD012127,2026-05-11,55.96,Google Pay,Pending
PAY012128,ORD012128,2026-01-30,46.63,PayPal,Pending
PAY012129,ORD012129,2026-07-14,22.92,Google Pay,Completed
PAY012130,ORD012130,2026-07-10,35.87,Google Pay,Completed
PAY012131,ORD012131,2026-03-23,106.87,Credit Card,Completed
PAY012132,ORD012132,2026-01-23,41.37,Debit Card,Failed
PAY012133,ORD012133,2026-07-19,131.78,Debit Card,Completed
PAY012134,ORD012134,2026-07-20,48.24,PayPal,Completed
PAY012135,ORD012135,2026-03-07,57.15,Debit Card,Completed
PAY012136,ORD012136,2026-07-08,112.18,Debit Card,Failed
PAY012137,ORD012137,2026-01-02,55.21,Credit Card,Completed
PAY012138,ORD012138,2026-06-04,73.54,Debit Card,Failed
PAY012139,ORD012139,2026-06-25,42.78,Debit Card,Completed
PAY012140,ORD012140,2026-03-04,48.9,Debit Card,Completed
PAY012141,ORD012141,2026-01-05,105.1,Apple Pay,Completed
PAY012142,ORD012142,2026-05-09,35.97,Debit Card,Completed
PAY012143,ORD012143,2026-05-30,28.26,Apple Pay,Completed
PAY012144,ORD012144,2026-03-15,49.04,Credit Card,Completed
PAY012145,ORD012145,2026-04-19,59.32,Debit Card,Completed
PAY012146,ORD012146,2026-01-24,30.37,Google Pay,Completed
PAY012147,ORD012147,2026-02-28,164.18,Apple Pay,Failed
PAY012148,ORD012148,2026-07-26,68.97,Debit Card,Failed
PAY012149,ORD012149,2026-08-13,34.21,Google Pay,Completed
PAY012150,ORD012150,2026-06-27,87.03,PayPal,Pending
PAY012151,ORD012151,2026-01-23,117.42,Apple Pay,Completed
PAY012152,ORD012152,2026-07-25,28.03,Credit Card,Completed
PAY012153,ORD012153,2026-05-26,85.05,PayPal,Pending
PAY012154,ORD012154,2026-03-30,42.03,Google Pay,Pending
PAY012155,ORD012155,2026-01-22,84.34,Apple Pay,Pending
PAY012156,ORD012156,2026-02-13,257.27,Apple Pay,Completed
PAY012157,ORD012157,2026-02-13,35.55,Debit Card,Completed
PAY012158,ORD012158,2026-02-06,73.02,PayPal,Completed
PAY012159,ORD012159,2026-01-07,14.79,Debit Card,Completed
PAY012160,ORD012160,2026-08-06,241.39,Credit Card,Completed
PAY012161,ORD012161,2026-01-24,13.76,PayPal,Completed
PAY012162,ORD012162,2026-07-24,67.9,Apple Pay,Pending
PAY012163,ORD012163,2026-06-18,123.32,Google Pay,Completed
PAY012164,ORD012164,2026-03-11,56.86,Credit Card,Completed
PAY012165,ORD012165,2026-08-01,46.42,Debit Card,Failed
PAY012166,ORD012166,2026-03-12,55.18,Debit Card,Completed
PAY012167,ORD012167,2026-05-26,48.61,Credit Card,Failed
PAY012168,ORD012168,2026-07-26,19.05,PayPal,Failed
PAY012169,ORD012169,2026-03-13,10.79,Credit Card,Completed
PAY012170,ORD012170,2026-03-01,133.1,PayPal,Completed
PAY012171,ORD012171,2026-06-29,34.23,Credit Card,Failed
PAY012172,ORD012172,2026-07-27,59.29,Credit Card,Completed
PAY012173,ORD012173,2026-06-26,25.0,Apple Pay,Failed
PAY012174,ORD012174,2026-07-14,48.5,PayPal,Completed
PAY012175,ORD012175,2026-02-14,105.99,Credit Card,Completed
PAY012176,ORD012176,2026-05-17,41.83,Debit Card,Completed
PAY012177,ORD012177,2026-04-26,147.78,Debit Card,Completed
PAY012178,ORD012178,2026-06-03,66.43,PayPal,Completed
PAY012179,ORD012179,2026-06-03,61.59,Credit Card,Completed
PAY012180,ORD012180,2026-01-30,75.17,PayPal,Completed
PAY012181,ORD012181,2026-01-27,72.41,Credit Card,Pending
PAY012182,ORD012182,2026-07-27,90.89,Apple Pay,Completed
PAY012183,ORD012183,2026-05-12,53.06,Google Pay,Failed
PAY012184,ORD012184,2026-06-28,32.34,Debit Card,Completed
PAY012185,ORD012185,2026-03-24,147.85,PayPal,Failed
PAY012186,ORD012186,2026-04-08,120.78,Debit Card,Completed
PAY012187,ORD012187,2026-03-11,77.75,Credit Card,Pending
PAY012188,ORD012188,2026-03-20,117.43,Debit Card,Completed
PAY012189,ORD012189,2026-05-18,25.82,Credit Card,Pending
PAY012190,ORD012190,2026-04-28,29.74,PayPal,Pending
PAY012191,ORD012191,2026-04-16,88.75,Google Pay,Completed
PAY012192,ORD012192,2026-02-05,24.15,Apple Pay,Pending
PAY012193,ORD012193,2026-02-15,212.72,Apple Pay,Failed
PAY012194,ORD012194,2026-04-14,37.38,Debit Card,Pending
PAY012195,ORD012195,2026-05-14,21.44,PayPal,Completed
PAY012196,ORD012196,2026-04-18,35.96,PayPal,Completed
PAY012197,ORD012197,2026-04-14,32.06,Apple Pay,Completed
PAY012198,ORD012198,2026-03-11,65.31,Credit Card,Completed
PAY012199,ORD012199,2026-07-26,74.22,Apple Pay,Completed
PAY012200,ORD012200,2026-08-09,31.85,Debit Card,Failed
PAY012201,ORD012201,2026-03-30,60.84,Apple Pay,Completed
PAY012202,ORD012202,2026-07-30,34.4,Credit Card,Failed
PAY012203,ORD012203,2026-07-25,123.44,Debit Card,Completed
PAY012204,ORD012204,2026-01-03,28.63,Credit Card,Completed
PAY012205,ORD012205,2026-06-27,171.53,Google Pay,Failed
PAY012206,ORD012206,2026-02-11,57.56,Debit Card,Completed
PAY012207,ORD012207,2026-04-20,97.6,Credit Card,Completed
PAY012208,ORD012208,2026-07-25,26.26,Apple Pay,Failed
PAY012209,ORD012209,2026-07-01,51.21,Google Pay,Completed
PAY012210,ORD012210,2026-06-16,237.56,Credit Card,Completed
PAY012211,ORD012211,2026-08-01,41.55,Apple Pay,Failed
PAY012212,ORD012212,2026-04-28,78.42,Google Pay,Completed
PAY012213,ORD012213,2026-02-24,45.47,PayPal,Completed
PAY012214,ORD012214,2026-05-19,43.59,PayPal,Completed
PAY012215,ORD012215,2026-04-24,140.54,Google Pay,Failed
PAY012216,ORD012216,2026-07-21,160.72,Credit Card,Failed
PAY012217,ORD012217,2026-07-26,16.28,Credit Card,Failed
PAY012218,ORD012218,2026-01-30,41.17,Debit Card,Completed
PAY012219,ORD012219,2026-04-18,29.32,Credit Card,Pending
PAY012220,ORD012220,2026-03-22,75.85,Credit Card,Failed
PAY012221,ORD012221,2026-07-03,82.37,PayPal,Completed
PAY012222,ORD012222,2026-06-06,35.44,PayPal,Pending
PAY012223,ORD012223,2026-01-17,40.95,Credit Card,Completed
PAY012224,ORD012224,2026-02-02,68.22,Apple Pay,Failed
PAY012225,ORD012225,2026-04-12,50.02,PayPal,Completed
PAY012226,ORD012226,2026-01-21,116.34,Credit Card,Failed
PAY012227,ORD012227,2026-04-21,36.14,PayPal,Completed
PAY012228,ORD012228,2026-07-25,88.05,Credit Card,Failed
PAY012229,ORD012229,2026-01-10,51.99,Google Pay,Completed
PAY012230,ORD012230,2026-08-03,129.01,PayPal,Completed
PAY012231,ORD012231,2026-04-13,76.83,Credit Card,Completed
PAY012232,ORD012232,2026-02-08,22.85,PayPal,Failed
PAY012233,ORD012233,2026-03-19,29.71,Apple Pay,Completed
PAY012234,ORD012234,2026-06-24,29.82,Google Pay,Completed
PAY012235,ORD012235,2026-03-27,50.99,Credit Card,Completed
PAY012236,ORD012236,2026-02-21,48.09,Google Pay,Failed
PAY012237,ORD012237,2026-02-10,65.32,Credit Card,Failed
PAY012238,ORD012238,2026-08-08,164.25,Google Pay,Failed
PAY012239,ORD012239,2026-06-24,91.44,Google Pay,Failed
PAY012240,ORD012240,2026-07-20,52.43,Debit Card,Pending
PAY012241,ORD012241,2026-03-28,38.68,Credit Card,Completed
PAY012242,ORD012242,2026-07-18,121.16,PayPal,Failed
PAY012243,ORD012243,2026-03-29,96.68,PayPal,Completed
PAY012244,ORD012244,2026-06-20,223.46,PayPal,Completed
PAY012245,ORD012245,2026-02-06,105.86,Google Pay,Completed
PAY012246,ORD012246,2026-05-03,54.52,Apple Pay,Failed
PAY012247,ORD012247,2026-07-20,116.79,PayPal,Completed
PAY012248,ORD012248,2026-03-05,211.87,Google Pay,Pending
PAY012249,ORD012249,2026-07-18,41.72,PayPal,Completed
PAY012250,ORD012250,2026-07-07,35.45,Debit Card,Completed
PAY012251,ORD012251,2026-08-03,28.81,Google Pay,Completed
PAY012252,ORD012252,2026-06-02,54.98,Credit Card,Failed
PAY012253,ORD012253,2026-04-29,42.05,Google Pay,Completed
PAY012254,ORD012254,2026-05-30,56.83,Debit Card,Completed
PAY012255,ORD012255,2026-06-20,51.6,Credit Card,Failed
PAY012256,ORD012256,2026-05-04,87.64,PayPal,Failed
PAY012257,ORD012257,2026-07-18,114.77,Google Pay,Completed
PAY012258,ORD012258,2026-07-17,76.11,Debit Card,Pending
PAY012259,ORD012259,2026-02-05,69.84,Credit Card,Failed
PAY012260,ORD012260,2026-02-15,68.35,Apple Pay,Failed
PAY012261,ORD012261,2026-01-22,33.01,Google Pay,Pending
PAY012262,ORD012262,2026-02-04,93.12,Google Pay,Completed
PAY012263,ORD012263,2026-04-23,69.7,PayPal,Completed
PAY012264,ORD012264,2026-06-24,12.18,Apple Pay,Pending
PAY012265,ORD012265,2026-02-02,76.79,PayPal,Completed
PAY012266,ORD012266,2026-08-01,55.35,Apple Pay,Pending
PAY012267,ORD012267,2026-07-22,88.6,Credit Card,Failed
PAY012268,ORD012268,2026-05-21,89.5,Credit Card,Completed
PAY012269,ORD012269,2026-02-25,149.4,Google Pay,Completed
PAY012270,ORD012270,2026-03-08,36.81,Google Pay,Failed
PAY012271,ORD012271,2026-01-13,20.57,Credit Card,Completed
PAY012272,ORD012272,2026-02-19,161.35,Apple Pay,Completed
PAY012273,ORD012273,2026-07-04,122.23,PayPal,Completed
PAY012274,ORD012274,2026-08-14,37.77,Credit Card,Completed
PAY012275,ORD012275,2026-01-28,43.69,Credit Card,Pending
PAY012276,ORD012276,2026-04-14,64.55,Debit Card,Failed
PAY012277,ORD012277,2026-04-08,62.13,Google Pay,Pending
PAY012278,ORD012278,2026-04-06,32.44,Apple Pay,Completed
PAY012279,ORD012279,2026-03-28,102.14,PayPal,Completed
PAY012280,ORD012280,2026-03-29,69.23,Debit Card,Pending
PAY012281,ORD012281,2026-07-12,22.67,Debit Card,Completed
PAY012282,ORD012282,2026-06-01,63.21,Credit Card,Failed
PAY012283,ORD012283,2026-07-14,93.49,Google Pay,Completed
PAY012284,ORD012284,2026-05-05,41.01,Credit Card,Failed
PAY012285,ORD012285,2026-03-22,51.23,Debit Card,Completed
PAY012286,ORD012286,2026-01-07,66.73,Debit Card,Completed
PAY012287,ORD012287,2026-03-15,15.86,PayPal,Completed
PAY012288,ORD012288,2026-03-24,52.59,Credit Card,Pending
PAY012289,ORD012289,2026-01-24,76.07,Credit Card,Failed
PAY012290,ORD012290,2026-05-17,65.06,Apple Pay,Completed
PAY012291,ORD012291,2026-04-24,155.42,PayPal,Completed
PAY012292,ORD012292,2026-01-15,99.81,Google Pay,Completed
PAY012293,ORD012293,2026-04-23,45.23,Credit Card,Completed
PAY012294,ORD012294,2026-07-03,56.67,Credit Card,Completed
PAY012295,ORD012295,2026-05-02,77.13,Google Pay,Completed
PAY012296,ORD012296,2026-03-27,9.37,PayPal,Completed
PAY012297,ORD012297,2026-05-25,19.89,Credit Card,Pending
PAY012298,ORD012298,2026-01-19,58.53,Google Pay,Completed
PAY012299,ORD012299,2026-01-09,213.21,Apple Pay,Pending
PAY012300,ORD012300,2026-03-05,52.21,Credit Card,Completed
PAY012301,ORD012301,2026-07-04,123.0,Google Pay,Pending
PAY012302,ORD012302,2026-02-07,22.16,Debit Card,Pending
PAY012303,ORD012303,2026-07-30,43.26,Credit Card,Completed
PAY012304,ORD012304,2026-05-16,35.88,Apple Pay,Pending
PAY012305,ORD012305,2026-05-14,73.86,Google Pay,Completed
PAY012306,ORD012306,2026-06-26,111.38,Google Pay,Failed
PAY012307,ORD012307,2026-04-12,51.82,Credit Card,Pending
PAY012308,ORD012308,2026-06-22,46.16,Debit Card,Completed
PAY012309,ORD012309,2026-05-29,157.08,Google Pay,Completed
PAY012310,ORD012310,2026-04-03,278.63,Google Pay,Pending
PAY012311,ORD012311,2026-02-03,44.62,Debit Card,Completed
PAY012312,ORD012312,2026-05-20,56.65,Apple Pay,Completed
PAY012313,ORD012313,2026-02-08,72.64,Credit Card,Pending
PAY012314,ORD012314,2026-04-06,79.66,Credit Card,Completed
PAY012315,ORD012315,2026-01-06,71.07,Credit Card,Pending
PAY012316,ORD012316,2026-03-22,14.68,PayPal,Pending
PAY012317,ORD012317,2026-02-01,81.24,Credit Card,Completed
PAY012318,ORD012318,2026-07-07,234.94,Debit Card,Completed
PAY012319,ORD012319,2026-05-16,19.37,Credit Card,Completed
PAY012320,ORD012320,2026-06-15,19.68,Apple Pay,Completed
PAY012321,ORD012321,2026-08-09,24.55,PayPal,Completed
PAY012322,ORD012322,2026-08-11,93.73,Debit Card,Pending
PAY012323,ORD012323,2026-05-27,17.2,Debit Card,Pending
PAY012324,ORD012324,2026-07-02,134.45,Apple Pay,Failed
PAY012325,ORD012325,2026-01-09,28.71,Credit Card,Completed
PAY012326,ORD012326,2026-06-29,107.15,PayPal,Completed
PAY012327,ORD012327,2026-06-05,40.15,PayPal,Completed
PAY012328,ORD012328,2026-03-03,36.16,PayPal,Completed
PAY012329,ORD012329,2026-06-25,85.32,Debit Card,Pending
PAY012330,ORD012330,2026-04-24,90.55,Apple Pay,Completed
PAY012331,ORD012331,2026-06-16,35.27,Debit Card,Completed
PAY012332,ORD012332,2026-06-30,72.46,Credit Card,Completed
PAY012333,ORD012333,2026-08-11,95.9,Google Pay,Completed
PAY012334,ORD012334,2026-07-10,16.23,PayPal,Completed
PAY012335,ORD012335,2026-01-19,57.49,PayPal,Completed
PAY012336,ORD012336,2026-02-02,56.76,PayPal,Completed
PAY012337,ORD012337,2026-03-05,16.65,Debit Card,Completed
PAY012338,ORD012338,2026-01-26,60.01,PayPal,Pending
PAY012339,ORD012339,2026-06-22,57.99,PayPal,Completed
PAY012340,ORD012340,2026-01-01,107.58,Google Pay,Completed
PAY012341,ORD012341,2026-07-22,83.67,Apple Pay,Failed
PAY012342,ORD012342,2026-07-13,161.5,Credit Card,Completed
PAY012343,ORD012343,2026-06-12,78.31,Debit Card,Completed
PAY012344,ORD012344,2026-03-18,30.47,Credit Card,Failed
PAY012345,ORD012345,2026-04-13,43.98,Apple Pay,Failed
PAY012346,ORD012346,2026-08-14,121.64,Credit Card,Failed
PAY012347,ORD012347,2026-08-14,107.11,Debit Card,Completed
PAY012348,ORD012348,2026-04-06,101.05,Google Pay,Completed
PAY012349,ORD012349,2026-06-22,108.48,Credit Card,Completed
PAY012350,ORD012350,2026-03-17,75.17,Apple Pay,Completed
PAY012351,ORD012351,2026-02-02,67.12,Debit Card,Completed
PAY012352,ORD012352,2026-03-23,54.05,Apple Pay,Completed
PAY012353,ORD012353,2026-03-10,124.62,Credit Card,Pending
PAY012354,ORD012354,2026-03-24,75.63,Debit Card,Completed
PAY012355,ORD012355,2026-06-08,14.75,Credit Card,Completed
PAY012356,ORD012356,2026-08-07,78.85,PayPal,Pending
PAY012357,ORD012357,2026-07-11,114.09,Debit Card,Pending
PAY012358,ORD012358,2026-04-16,32.91,Credit Card,Pending
PAY012359,ORD012359,2026-04-12,41.24,Debit Card,Failed
PAY012360,ORD012360,2026-04-24,60.91,Google Pay,Completed
PAY012361,ORD012361,2026-05-23,160.99,PayPal,Completed
PAY012362,ORD012362,2026-02-15,48.25,Apple Pay,Completed
PAY012363,ORD012363,2026-04-30,48.68,Credit Card,Pending
PAY012364,ORD012364,2026-02-17,84.86,Apple Pay,Completed
PAY012365,ORD012365,2026-03-09,69.69,Credit Card,Pending
PAY012366,ORD012366,2026-03-24,37.84,Debit Card,Completed
PAY012367,ORD012367,2026-03-26,62.42,Apple Pay,Completed
PAY012368,ORD012368,2026-05-06,62.71,PayPal,Completed
PAY012369,ORD012369,2026-06-17,146.26,Credit Card,Completed
PAY012370,ORD012370,2026-05-01,31.11,Apple Pay,Failed
PAY012371,ORD012371,2026-05-09,63.92,Credit Card,Pending
PAY012372,ORD012372,2026-01-20,89.07,Google Pay,Completed
PAY012373,ORD012373,2026-05-30,127.93,Google Pay,Failed
PAY012374,ORD012374,2026-07-01,39.69,Apple Pay,Completed
PAY012375,ORD012375,2026-07-24,222.11,Google Pay,Completed
PAY012376,ORD012376,2026-03-06,18.66,PayPal,Completed
PAY012377,ORD012377,2026-05-23,21.4,Apple Pay,Completed
PAY012378,ORD012378,2026-03-02,70.19,Debit Card,Failed
PAY012379,ORD012379,2026-03-20,19.18,Apple Pay,Failed
PAY012380,ORD012380,2026-01-14,38.82,Debit Card,Completed
PAY012381,ORD012381,2026-03-10,85.52,Google Pay,Completed
PAY012382,ORD012382,2026-05-02,164.37,Apple Pay,Failed
PAY012383,ORD012383,2026-02-18,73.4,PayPal,Completed
PAY012384,ORD012384,2026-05-14,78.66,Google Pay,Failed
PAY012385,ORD012385,2026-06-18,96.65,Google Pay,Completed
PAY012386,ORD012386,2026-06-08,19.8,Google Pay,Pending
PAY012387,ORD012387,2026-04-26,92.71,Debit Card,Failed
PAY012388,ORD012388,2026-03-31,60.49,Debit Card,Pending
PAY012389,ORD012389,2026-07-11,34.52,PayPal,Failed
PAY012390,ORD012390,2026-03-30,30.79,Debit Card,Pending
PAY012391,ORD012391,2026-06-28,56.98,Credit Card,Completed
PAY012392,ORD012392,2026-07-06,106.86,Credit Card,Completed
PAY012393,ORD012393,2026-07-02,129.12,Apple Pay,Completed
PAY012394,ORD012394,2026-04-27,55.24,Google Pay,Failed
PAY012395,ORD012395,2026-05-02,125.52,Credit Card,Completed
PAY012396,ORD012396,2026-06-26,28.26,Debit Card,Failed
PAY012397,ORD012397,2026-06-17,44.19,PayPal,Failed
PAY012398,ORD012398,2026-01-15,199.88,Debit Card,Completed
PAY012399,ORD012399,2026-07-17,139.39,Google Pay,Completed
PAY012400,ORD012400,2026-07-12,34.34,Google Pay,Completed
PAY012401,ORD012401,2026-01-07,101.47,Credit Card,Failed
PAY012402,ORD012402,2026-07-09,40.56,Credit Card,Pending
PAY012403,ORD012403,2026-02-23,49.04,Debit Card,Failed
PAY012404,ORD012404,2026-06-29,58.21,Apple Pay,Pending
PAY012405,ORD012405,2026-06-28,23.73,Debit Card,Pending
PAY012406,ORD012406,2026-01-04,74.56,Credit Card,Completed
PAY012407,ORD012407,2026-01-01,157.88,Apple Pay,Completed
PAY012408,ORD012408,2026-04-15,54.36,Apple Pay,Completed
PAY012409,ORD012409,2026-03-07,41.07,Credit Card,Completed
PAY012410,ORD012410,2026-08-14,40.1,Debit Card,Pending
PAY012411,ORD012411,2026-06-12,13.14,PayPal,Pending
PAY012412,ORD012412,2026-07-24,11.06,Credit Card,Completed
PAY012413,ORD012413,2026-03-22,222.27,Debit Card,Completed
PAY012414,ORD012414,2026-05-18,44.23,PayPal,Completed
PAY012415,ORD012415,2026-07-14,31.71,Google Pay,Completed
PAY012416,ORD012416,2026-03-09,32.45,Google Pay,Pending
PAY012417,ORD012417,2026-08-05,57.83,Google Pay,Completed
PAY012418,ORD012418,2026-04-12,50.81,PayPal,Completed
PAY012419,ORD012419,2026-08-09,79.19,Apple Pay,Failed
PAY012420,ORD012420,2026-07-12,24.47,Google Pay,Completed
PAY012421,ORD012421,2026-02-20,82.05,Google Pay,Failed
PAY012422,ORD012422,2026-01-30,90.42,Apple Pay,Failed
PAY012423,ORD012423,2026-02-08,49.28,PayPal,Completed
PAY012424,ORD012424,2026-05-18,106.98,PayPal,Failed
PAY012425,ORD012425,2026-08-09,151.34,Apple Pay,Completed
PAY012426,ORD012426,2026-06-21,49.54,Credit Card,Completed
PAY012427,ORD012427,2026-06-09,57.94,Apple Pay,Completed
PAY012428,ORD012428,2026-06-21,76.09,Debit Card,Failed
PAY012429,ORD012429,2026-03-04,94.59,Debit Card,Pending
PAY012430,ORD012430,2026-03-02,103.15,Credit Card,Completed
PAY012431,ORD012431,2026-03-06,97.0,Credit Card,Completed
PAY012432,ORD012432,2026-06-18,100.8,Debit Card,Failed
PAY012433,ORD012433,2026-03-22,68.3,Apple Pay,Pending
PAY012434,ORD012434,2026-01-12,105.01,PayPal,Completed
PAY012435,ORD012435,2026-05-04,102.35,Debit Card,Pending
PAY012436,ORD012436,2026-01-02,55.0,Apple Pay,Completed
PAY012437,ORD012437,2026-03-14,151.33,Debit Card,Completed
PAY012438,ORD012438,2026-03-17,22.06,PayPal,Pending
PAY012439,ORD012439,2026-07-07,66.8,Debit Card,Completed
PAY012440,ORD012440,2026-01-25,80.32,Debit Card,Failed
PAY012441,ORD012441,2026-04-28,59.49,PayPal,Failed
PAY012442,ORD012442,2026-07-08,214.36,Google Pay,Completed
PAY012443,ORD012443,2026-04-18,56.45,Debit Card,Failed
PAY012444,ORD012444,2026-04-09,160.0,Debit Card,Completed
PAY012445,ORD012445,2026-01-22,41.85,Debit Card,Completed
PAY012446,ORD012446,2026-08-13,52.91,Credit Card,Completed
PAY012447,ORD012447,2026-02-25,72.21,Credit Card,Completed
PAY012448,ORD012448,2026-05-29,54.97,PayPal,Completed
PAY012449,ORD012449,2026-02-24,26.47,Apple Pay,Completed
PAY012450,ORD012450,2026-02-09,78.09,Credit Card,Pending
PAY012451,ORD012451,2026-06-28,63.88,PayPal,Completed
PAY012452,ORD012452,2026-05-30,40.17,Credit Card,Completed
PAY012453,ORD012453,2026-06-05,12.95,Apple Pay,Pending
PAY012454,ORD012454,2026-05-01,20.59,Credit Card,Completed
PAY012455,ORD012455,2026-01-04,21.27,Google Pay,Pending
PAY012456,ORD012456,2026-01-26,57.76,Apple Pay,Completed
PAY012457,ORD012457,2026-08-03,131.19,Apple Pay,Completed
PAY012458,ORD012458,2026-04-22,35.85,Credit Card,Pending
PAY012459,ORD012459,2026-04-23,91.88,Credit Card,Pending
PAY012460,ORD012460,2026-07-07,29.34,Debit Card,Completed
PAY012461,ORD012461,2026-01-23,50.96,Debit Card,Completed
PAY012462,ORD012462,2026-06-18,49.3,Apple Pay,Failed
PAY012463,ORD012463,2026-02-27,62.75,Debit Card,Completed
PAY012464,ORD012464,2026-01-08,52.3,Debit Card,Failed
PAY012465,ORD012465,2026-04-26,62.51,Debit Card,Completed
PAY012466,ORD012466,2026-08-12,106.35,Google Pay,Completed
PAY012467,ORD012467,2026-02-20,86.63,Debit Card,Pending
PAY012468,ORD012468,2026-07-08,70.33,Debit Card,Failed
PAY012469,ORD012469,2026-01-01,68.67,Google Pay,Completed
PAY012470,ORD012470,2026-04-30,34.85,Credit Card,Completed
PAY012471,ORD012471,2026-01-30,43.55,Apple Pay,Failed
PAY012472,ORD012472,2026-08-08,63.61,PayPal,Completed
PAY012473,ORD012473,2026-01-17,68.51,Credit Card,Completed
PAY012474,ORD012474,2026-05-31,26.21,Google Pay,Pending
PAY012475,ORD012475,2026-04-12,13.33,Google Pay,Completed
PAY012476,ORD012476,2026-05-02,59.0,Apple Pay,Pending
PAY012477,ORD012477,2026-06-01,30.32,Debit Card,Completed
PAY012478,ORD012478,2026-03-27,159.73,PayPal,Pending
PAY012479,ORD012479,2026-03-10,96.67,PayPal,Failed
PAY012480,ORD012480,2026-03-30,90.9,PayPal,Completed
PAY012481,ORD012481,2026-06-29,23.67,Credit Card,Completed
PAY012482,ORD012482,2026-03-12,111.31,Google Pay,Pending
PAY012483,ORD012483,2026-02-27,38.89,PayPal,Completed
PAY012484,ORD012484,2026-05-30,103.09,PayPal,Completed
PAY012485,ORD012485,2026-02-28,110.48,Debit Card,Pending
PAY012486,ORD012486,2026-06-21,20.19,Credit Card,Completed
PAY012487,ORD012487,2026-02-06,30.06,Google Pay,Completed
PAY012488,ORD012488,2026-06-11,167.92,Apple Pay,Pending
PAY012489,ORD012489,2026-04-10,21.35,Debit Card,Completed
PAY012490,ORD012490,2026-04-23,87.95,Debit Card,Completed
PAY012491,ORD012491,2026-07-04,28.68,Debit Card,Completed
PAY012492,ORD012492,2026-07-04,136.56,PayPal,Completed
PAY012493,ORD012493,2026-06-17,51.65,Apple Pay,Completed
PAY012494,ORD012494,2026-01-20,57.39,Credit Card,Completed
PAY012495,ORD012495,2026-01-17,134.43,Google Pay,Completed
PAY012496,ORD012496,2026-06-29,195.77,Credit Card,Failed
PAY012497,ORD012497,2026-01-04,55.74,Debit Card,Pending
PAY012498,ORD012498,2026-07-10,87.24,Apple Pay,Pending
PAY012499,ORD012499,2026-02-19,59.14,Credit Card,Failed
PAY012500,ORD012500,2026-03-23,209.56,Credit Card,Pending
PAY012501,ORD012501,2026-08-08,169.26,Debit Card,Completed
PAY012502,ORD012502,2026-02-19,65.25,Debit Card,Completed
PAY012503,ORD012503,2026-01-16,94.53,Credit Card,Pending
PAY012504,ORD012504,2026-03-13,128.52,Credit Card,Pending
PAY012505,ORD012505,2026-03-02,38.01,PayPal,Completed
PAY012506,ORD012506,2026-02-13,53.9,Apple Pay,Failed
PAY012507,ORD012507,2026-05-26,122.51,Debit Card,Failed
PAY012508,ORD012508,2026-02-19,23.84,Google Pay,Failed
PAY012509,ORD012509,2026-08-09,94.86,Google Pay,Pending
PAY012510,ORD012510,2026-03-21,88.8,Debit Card,Completed
PAY012511,ORD012511,2026-01-30,36.77,Apple Pay,Pending
PAY012512,ORD012512,2026-02-18,130.4,Google Pay,Pending
PAY012513,ORD012513,2026-04-08,80.64,PayPal,Completed
PAY012514,ORD012514,2026-08-10,38.26,Debit Card,Completed
PAY012515,ORD012515,2026-05-29,22.56,Google Pay,Completed
PAY012516,ORD012516,2026-05-30,43.72,Google Pay,Failed
PAY012517,ORD012517,2026-06-24,31.54,Debit Card,Pending
PAY012518,ORD012518,2026-01-25,42.52,Apple Pay,Failed
PAY012519,ORD012519,2026-08-02,44.79,Debit Card,Completed
PAY012520,ORD012520,2026-02-25,139.07,Credit Card,Completed
PAY012521,ORD012521,2026-07-11,24.02,Google Pay,Completed
PAY012522,ORD012522,2026-06-05,28.61,Credit Card,Completed
PAY012523,ORD012523,2026-06-10,44.76,Apple Pay,Completed
PAY012524,ORD012524,2026-07-13,368.67,Credit Card,Failed
PAY012525,ORD012525,2026-01-04,20.12,Apple Pay,Failed
PAY012526,ORD012526,2026-07-27,14.53,Debit Card,Completed
PAY012527,ORD012527,2026-01-12,147.64,PayPal,Completed
PAY012528,ORD012528,2026-05-25,42.21,PayPal,Failed
PAY012529,ORD012529,2026-02-05,34.1,Debit Card,Completed
PAY012530,ORD012530,2026-01-16,78.48,Google Pay,Completed
PAY012531,ORD012531,2026-05-31,98.1,Apple Pay,Failed
PAY012532,ORD012532,2026-07-19,107.81,Credit Card,Failed
PAY012533,ORD012533,2026-05-01,89.61,PayPal,Completed
PAY012534,ORD012534,2026-05-17,37.0,Credit Card,Completed
PAY012535,ORD012535,2026-03-19,95.73,Credit Card,Completed
PAY012536,ORD012536,2026-02-24,79.98,Credit Card,Completed
PAY012537,ORD012537,2026-03-14,154.2,Google Pay,Completed
PAY012538,ORD012538,2026-03-05,168.63,PayPal,Pending
PAY012539,ORD012539,2026-06-24,32.03,Credit Card,Completed
PAY012540,ORD012540,2026-03-31,197.55,Credit Card,Completed
PAY012541,ORD012541,2026-07-14,43.84,PayPal,Pending
PAY012542,ORD012542,2026-05-18,22.2,Credit Card,Completed
PAY012543,ORD012543,2026-03-30,193.4,Apple Pay,Completed
PAY012544,ORD012544,2026-01-04,106.96,PayPal,Failed
PAY012545,ORD012545,2026-01-30,15.05,Credit Card,Completed
PAY012546,ORD012546,2026-05-19,42.35,Google Pay,Failed
PAY012547,ORD012547,2026-02-20,36.58,Apple Pay,Completed
PAY012548,ORD012548,2026-05-27,40.45,Debit Card,Completed
PAY012549,ORD012549,2026-05-21,222.19,Google Pay,Failed
PAY012550,ORD012550,2026-07-04,51.97,Debit Card,Pending
PAY012551,ORD012551,2026-05-11,43.19,Debit Card,Completed
PAY012552,ORD012552,2026-04-22,123.12,Credit Card,Completed
PAY012553,ORD012553,2026-03-19,43.15,Apple Pay,Failed
PAY012554,ORD012554,2026-07-21,321.22,Credit Card,Failed
PAY012555,ORD012555,2026-06-15,69.5,Google Pay,Pending
PAY012556,ORD012556,2026-01-27,119.34,Debit Card,Pending
PAY012557,ORD012557,2026-03-29,235.81,Credit Card,Failed
PAY012558,ORD012558,2026-07-27,34.23,Google Pay,Completed
PAY012559,ORD012559,2026-05-18,104.05,Google Pay,Pending
PAY012560,ORD012560,2026-04-28,41.21,Debit Card,Completed
PAY012561,ORD012561,2026-06-30,69.72,Credit Card,Pending
PAY012562,ORD012562,2026-06-04,16.08,Apple Pay,Pending
PAY012563,ORD012563,2026-01-07,41.56,Google Pay,Completed
PAY012564,ORD012564,2026-04-25,156.9,Credit Card,Failed
PAY012565,ORD012565,2026-04-02,107.19,Apple Pay,Completed
PAY012566,ORD012566,2026-03-31,48.89,Debit Card,Completed
PAY012567,ORD012567,2026-03-23,65.21,Apple Pay,Failed
PAY012568,ORD012568,2026-01-13,102.11,Debit Card,Failed
PAY012569,ORD012569,2026-03-13,104.0,Google Pay,Completed
PAY012570,ORD012570,2026-04-01,81.06,PayPal,Failed
PAY012571,ORD012571,2026-07-07,122.52,PayPal,Completed
PAY012572,ORD012572,2026-05-22,53.49,Google Pay,Failed
PAY012573,ORD012573,2026-04-15,21.67,Apple Pay,Completed
PAY012574,ORD012574,2026-02-13,30.69,PayPal,Completed
PAY012575,ORD012575,2026-07-17,44.15,Debit Card,Pending
PAY012576,ORD012576,2026-03-25,15.49,Google Pay,Failed
PAY012577,ORD012577,2026-01-28,27.55,Credit Card,Completed
PAY012578,ORD012578,2026-01-23,30.55,PayPal,Completed
PAY012579,ORD012579,2026-01-12,24.21,Apple Pay,Completed
PAY012580,ORD012580,2026-06-01,18.94,Google Pay,Failed
PAY012581,ORD012581,2026-02-20,202.24,PayPal,Completed
PAY012582,ORD012582,2026-04-18,115.4,PayPal,Failed
PAY012583,ORD012583,2026-05-30,49.99,Google Pay,Completed
PAY012584,ORD012584,2026-03-03,67.96,Credit Card,Failed
PAY012585,ORD012585,2026-01-26,45.03,Google Pay,Pending
PAY012586,ORD012586,2026-08-02,44.6,Credit Card,Completed
PAY012587,ORD012587,2026-02-27,114.45,Google Pay,Failed
PAY012588,ORD012588,2026-07-18,70.37,Debit Card,Completed
PAY012589,ORD012589,2026-05-23,29.43,Debit Card,Pending
PAY012590,ORD012590,2026-08-10,134.25,Google Pay,Completed
PAY012591,ORD012591,2026-03-09,81.41,Credit Card,Failed
PAY012592,ORD012592,2026-01-06,112.49,PayPal,Completed
PAY012593,ORD012593,2026-04-21,69.0,Google Pay,Completed
PAY012594,ORD012594,2026-05-10,63.77,PayPal,Completed
PAY012595,ORD012595,2026-06-08,54.97,Google Pay,Completed
PAY012596,ORD012596,2026-01-24,87.13,Apple Pay,Completed
PAY012597,ORD012597,2026-02-04,26.35,Credit Card,Completed
PAY012598,ORD012598,2026-02-16,88.04,Apple Pay,Pending
PAY012599,ORD012599,2026-01-31,19.92,Apple Pay,Completed
PAY012600,ORD012600,2026-03-30,39.22,Credit Card,Completed
PAY012601,ORD012601,2026-07-19,166.01,Google Pay,Failed
PAY012602,ORD012602,2026-03-17,28.07,Credit Card,Completed
PAY012603,ORD012603,2026-04-28,40.51,Credit Card,Completed
PAY012604,ORD012604,2026-05-10,42.05,Debit Card,Completed
PAY012605,ORD012605,2026-07-26,34.42,Debit Card,Completed
PAY012606,ORD012606,2026-04-14,50.98,PayPal,Completed
PAY012607,ORD012607,2026-02-28,66.87,Credit Card,Completed
PAY012608,ORD012608,2026-04-06,161.67,Apple Pay,Completed
PAY012609,ORD012609,2026-03-04,124.15,Apple Pay,Pending
PAY012610,ORD012610,2026-07-22,91.02,Debit Card,Failed
PAY012611,ORD012611,2026-05-25,54.94,Credit Card,Completed
PAY012612,ORD012612,2026-02-23,36.81,Google Pay,Pending
PAY012613,ORD012613,2026-05-05,89.9,Debit Card,Completed
PAY012614,ORD012614,2026-05-29,80.51,Debit Card,Completed
PAY012615,ORD012615,2026-01-22,85.27,Apple Pay,Completed
PAY012616,ORD012616,2026-05-05,46.04,Google Pay,Completed
PAY012617,ORD012617,2026-04-07,66.74,Google Pay,Pending
PAY012618,ORD012618,2026-04-26,70.62,Apple Pay,Pending
PAY012619,ORD012619,2026-07-02,39.86,Apple Pay,Completed
PAY012620,ORD012620,2026-01-29,131.76,Apple Pay,Pending
PAY012621,ORD012621,2026-07-26,19.82,Google Pay,Completed
PAY012622,ORD012622,2026-05-29,37.9,Google Pay,Completed
PAY012623,ORD012623,2026-01-02,32.61,Debit Card,Pending
PAY012624,ORD012624,2026-02-11,46.16,PayPal,Completed
PAY012625,ORD012625,2026-02-21,40.75,Debit Card,Failed
PAY012626,ORD012626,2026-02-07,40.25,Credit Card,Completed
PAY012627,ORD012627,2026-05-11,106.28,PayPal,Completed
PAY012628,ORD012628,2026-06-02,70.9,Google Pay,Failed
PAY012629,ORD012629,2026-03-18,33.69,Debit Card,Completed
PAY012630,ORD012630,2026-08-04,87.06,Google Pay,Pending
PAY012631,ORD012631,2026-07-09,81.95,PayPal,Pending
PAY012632,ORD012632,2026-08-11,16.04,Google Pay,Completed
PAY012633,ORD012633,2026-05-23,43.36,Debit Card,Failed
PAY012634,ORD012634,2026-07-17,92.56,PayPal,Completed
PAY012635,ORD012635,2026-04-15,78.48,Debit Card,Failed
PAY012636,ORD012636,2026-01-10,91.7,Debit Card,Failed
PAY012637,ORD012637,2026-07-20,33.92,Google Pay,Pending
PAY012638,ORD012638,2026-04-30,79.31,PayPal,Completed
PAY012639,ORD012639,2026-05-07,17.49,Google Pay,Completed
PAY012640,ORD012640,2026-04-24,52.36,PayPal,Failed
PAY012641,ORD012641,2026-03-10,202.82,Credit Card,Completed
PAY012642,ORD012642,2026-04-19,111.67,Credit Card,Failed
PAY012643,ORD012643,2026-02-13,68.77,PayPal,Pending
PAY012644,ORD012644,2026-06-18,40.69,Google Pay,Completed
PAY012645,ORD012645,2026-07-30,144.56,Apple Pay,Completed
PAY012646,ORD012646,2026-01-20,60.05,PayPal,Completed
PAY012647,ORD012647,2026-08-13,45.64,Debit Card,Completed
PAY012648,ORD012648,2026-04-17,154.59,Credit Card,Pending
PAY012649,ORD012649,2026-06-14,63.13,PayPal,Completed
PAY012650,ORD012650,2026-08-11,77.31,PayPal,Completed
PAY012651,ORD012651,2026-06-16,22.17,PayPal,Completed
PAY012652,ORD012652,2026-07-24,42.62,Debit Card,Pending
PAY012653,ORD012653,2026-04-29,100.52,Google Pay,Failed
PAY012654,ORD012654,2026-04-19,57.95,Apple Pay,Pending
PAY012655,ORD012655,2026-07-17,55.63,Debit Card,Completed
PAY012656,ORD012656,2026-01-08,28.29,Apple Pay,Failed
PAY012657,ORD012657,2026-02-12,111.89,Credit Card,Completed
PAY012658,ORD012658,2026-05-18,46.64,Apple Pay,Pending
PAY012659,ORD012659,2026-02-10,71.12,Apple Pay,Failed
PAY012660,ORD012660,2026-05-12,157.41,Credit Card,Completed
PAY012661,ORD012661,2026-07-25,201.87,Debit Card,Pending
PAY012662,ORD012662,2026-05-12,34.57,Debit Card,Pending
PAY012663,ORD012663,2026-01-24,48.86,Credit Card,Completed
PAY012664,ORD012664,2026-01-21,90.83,Debit Card,Completed
PAY012665,ORD012665,2026-05-18,37.64,Google Pay,Completed
PAY012666,ORD012666,2026-02-15,121.16,Apple Pay,Completed
PAY012667,ORD012667,2026-08-05,95.74,Debit Card,Pending
PAY012668,ORD012668,2026-07-17,92.89,Apple Pay,Pending
PAY012669,ORD012669,2026-07-27,51.98,Debit Card,Completed
PAY012670,ORD012670,2026-05-01,63.86,Apple Pay,Failed
PAY012671,ORD012671,2026-02-13,86.36,Credit Card,Completed
PAY012672,ORD012672,2026-08-08,69.32,Credit Card,Failed
PAY012673,ORD012673,2026-04-10,21.09,Credit Card,Completed
PAY012674,ORD012674,2026-02-02,156.11,Google Pay,Completed
PAY012675,ORD012675,2026-04-04,66.94,Google Pay,Completed
PAY012676,ORD012676,2026-02-05,61.15,Credit Card,Completed
PAY012677,ORD012677,2026-06-02,142.29,Apple Pay,Completed
PAY012678,ORD012678,2026-01-13,56.32,Credit Card,Failed
PAY012679,ORD012679,2026-06-16,29.76,Credit Card,Pending
PAY012680,ORD012680,2026-07-26,48.7,PayPal,Failed
PAY012681,ORD012681,2026-06-15,141.61,Google Pay,Pending
PAY012682,ORD012682,2026-06-07,30.84,Google Pay,Completed
PAY012683,ORD012683,2026-01-14,15.98,Credit Card,Completed
PAY012684,ORD012684,2026-02-19,40.24,Credit Card,Completed
PAY012685,ORD012685,2026-03-09,82.87,PayPal,Failed
PAY012686,ORD012686,2026-01-01,137.2,PayPal,Completed
PAY012687,ORD012687,2026-07-08,69.94,Google Pay,Completed
PAY012688,ORD012688,2026-01-03,46.71,Google Pay,Failed
PAY012689,ORD012689,2026-06-27,22.31,Google Pay,Pending
PAY012690,ORD012690,2026-07-08,41.6,Google Pay,Completed
PAY012691,ORD012691,2026-06-13,15.97,Apple Pay,Pending
PAY012692,ORD012692,2026-05-12,128.54,Credit Card,Completed
PAY012693,ORD012693,2026-06-20,28.51,Apple Pay,Completed
PAY012694,ORD012694,2026-01-14,34.93,Debit Card,Completed
PAY012695,ORD012695,2026-03-30,24.9,Google Pay,Failed
PAY012696,ORD012696,2026-04-13,53.89,Google Pay,Completed
PAY012697,ORD012697,2026-05-05,73.64,Credit Card,Pending
PAY012698,ORD012698,2026-03-08,129.57,Google Pay,Pending
PAY012699,ORD012699,2026-01-07,57.44,Google Pay,Failed
PAY012700,ORD012700,2026-01-08,36.54,Apple Pay,Failed
PAY012701,ORD012701,2026-02-13,118.71,Debit Card,Failed
PAY012702,ORD012702,2026-07-11,76.9,Apple Pay,Completed
PAY012703,ORD012703,2026-05-15,58.74,PayPal,Pending
PAY012704,ORD012704,2026-02-17,45.05,Google Pay,Failed
PAY012705,ORD012705,2026-03-03,31.67,Apple Pay,Failed
PAY012706,ORD012706,2026-01-25,93.37,Credit Card,Completed
PAY012707,ORD012707,2026-07-28,58.0,Debit Card,Completed
PAY012708,ORD012708,2026-08-06,20.72,Debit Card,Failed
PAY012709,ORD012709,2026-04-28,50.84,Credit Card,Completed
PAY012710,ORD012710,2026-07-15,115.29,Credit Card,Failed
PAY012711,ORD012711,2026-07-11,294.2,Google Pay,Completed
PAY012712,ORD012712,2026-04-23,50.35,Debit Card,Failed
PAY012713,ORD012713,2026-05-26,103.97,Credit Card,Completed
PAY012714,ORD012714,2026-05-02,45.58,PayPal,Completed
PAY012715,ORD012715,2026-01-04,64.96,Debit Card,Completed
PAY012716,ORD012716,2026-05-25,75.7,Credit Card,Pending
PAY012717,ORD012717,2026-02-16,161.74,Apple Pay,Completed
PAY012718,ORD012718,2026-04-28,132.52,Credit Card,Failed
PAY012719,ORD012719,2026-07-28,93.15,Debit Card,Completed
PAY012720,ORD012720,2026-02-14,34.05,Google Pay,Completed
PAY012721,ORD012721,2026-03-30,85.71,PayPal,Completed
PAY012722,ORD012722,2026-07-05,173.53,Credit Card,Completed
PAY012723,ORD012723,2026-01-03,89.55,Debit Card,Completed
PAY012724,ORD012724,2026-05-20,98.43,Credit Card,Pending
PAY012725,ORD012725,2026-08-07,66.88,Credit Card,Failed
PAY012726,ORD012726,2026-05-25,48.46,Debit Card,Pending
PAY012727,ORD012727,2026-04-28,87.93,Apple Pay,Completed
PAY012728,ORD012728,2026-01-22,52.26,Debit Card,Completed
PAY012729,ORD012729,2026-02-08,20.14,Debit Card,Failed
PAY012730,ORD012730,2026-02-08,155.75,Google Pay,Pending
PAY012731,ORD012731,2026-04-17,96.41,Credit Card,Completed
PAY012732,ORD012732,2026-04-10,15.24,Credit Card,Completed
PAY012733,ORD012733,2026-01-16,10.8,Debit Card,Failed
PAY012734,ORD012734,2026-06-28,52.77,Apple Pay,Completed
PAY012735,ORD012735,2026-04-28,92.63,Google Pay,Pending
PAY012736,ORD012736,2026-01-29,39.59,Apple Pay,Completed
PAY012737,ORD012737,2026-07-25,32.2,Apple Pay,Completed
PAY012738,ORD012738,2026-03-12,54.37,Google Pay,Pending
PAY012739,ORD012739,2026-06-18,54.37,Google Pay,Completed
PAY012740,ORD012740,2026-07-04,51.16,Apple Pay,Completed
PAY012741,ORD012741,2026-06-05,26.91,Apple Pay,Completed
PAY012742,ORD012742,2026-03-18,68.02,Apple Pay,Completed
PAY012743,ORD012743,2026-07-27,60.72,Credit Card,Failed
PAY012744,ORD012744,2026-05-29,21.12,Credit Card,Completed
PAY012745,ORD012745,2026-05-12,84.27,Credit Card,Completed
PAY012746,ORD012746,2026-05-06,46.37,Credit Card,Completed
PAY012747,ORD012747,2026-04-09,34.6,Google Pay,Completed
PAY012748,ORD012748,2026-04-26,68.09,Debit Card,Completed
PAY012749,ORD012749,2026-01-15,48.53,Credit Card,Failed
PAY012750,ORD012750,2026-06-30,46.64,Apple Pay,Completed
PAY012751,ORD012751,2026-03-31,34.01,Debit Card,Completed
PAY012752,ORD012752,2026-06-23,72.88,Credit Card,Completed
PAY012753,ORD012753,2026-05-15,139.24,PayPal,Failed
PAY012754,ORD012754,2026-05-26,57.26,PayPal,Completed
PAY012755,ORD012755,2026-03-30,37.73,Google Pay,Completed
PAY012756,ORD012756,2026-05-29,110.73,PayPal,Completed
PAY012757,ORD012757,2026-04-26,63.53,Google Pay,Completed
PAY012758,ORD012758,2026-05-16,22.82,Google Pay,Failed
PAY012759,ORD012759,2026-07-06,70.14,Google Pay,Completed
PAY012760,ORD012760,2026-01-20,37.51,Debit Card,Pending
PAY012761,ORD012761,2026-03-23,103.56,Debit Card,Completed
PAY012762,ORD012762,2026-04-27,15.49,PayPal,Completed
PAY012763,ORD012763,2026-07-30,55.62,Debit Card,Completed
PAY012764,ORD012764,2026-03-08,131.81,Credit Card,Completed
PAY012765,ORD012765,2026-07-02,47.09,Google Pay,Completed
PAY012766,ORD012766,2026-03-03,54.94,Credit Card,Completed
PAY012767,ORD012767,2026-01-18,36.24,Debit Card,Pending
PAY012768,ORD012768,2026-04-01,53.08,Apple Pay,Completed
PAY012769,ORD012769,2026-07-26,22.49,Debit Card,Completed
PAY012770,ORD012770,2026-04-20,25.5,Google Pay,Completed
PAY012771,ORD012771,2026-02-25,24.42,Apple Pay,Failed
PAY012772,ORD012772,2026-03-26,163.03,Apple Pay,Failed
PAY012773,ORD012773,2026-05-30,21.21,Google Pay,Completed
PAY012774,ORD012774,2026-01-08,34.24,PayPal,Completed
PAY012775,ORD012775,2026-05-19,20.38,Debit Card,Completed
PAY012776,ORD012776,2026-04-17,174.05,Debit Card,Pending
PAY012777,ORD012777,2026-01-12,41.87,Apple Pay,Pending
PAY012778,ORD012778,2026-06-25,22.17,Apple Pay,Completed
PAY012779,ORD012779,2026-04-13,35.74,Google Pay,Failed
PAY012780,ORD012780,2026-03-04,31.06,Google Pay,Failed
PAY012781,ORD012781,2026-01-27,114.04,PayPal,Completed
PAY012782,ORD012782,2026-02-04,51.44,Apple Pay,Completed
PAY012783,ORD012783,2026-05-10,26.51,Debit Card,Completed
PAY012784,ORD012784,2026-08-11,163.67,Google Pay,Failed
PAY012785,ORD012785,2026-05-16,89.01,Credit Card,Completed
PAY012786,ORD012786,2026-01-20,32.43,Debit Card,Completed
PAY012787,ORD012787,2026-01-08,79.5,Apple Pay,Completed
PAY012788,ORD012788,2026-07-10,20.49,Google Pay,Completed
PAY012789,ORD012789,2026-03-09,17.67,Google Pay,Failed
PAY012790,ORD012790,2026-06-08,26.91,Credit Card,Completed
PAY012791,ORD012791,2026-06-09,102.94,PayPal,Completed
PAY012792,ORD012792,2026-05-21,170.98,Debit Card,Completed
PAY012793,ORD012793,2026-03-27,28.21,Google Pay,Completed
PAY012794,ORD012794,2026-01-26,62.07,PayPal,Completed
PAY012795,ORD012795,2026-03-22,198.07,Credit Card,Failed
PAY012796,ORD012796,2026-06-06,102.32,Credit Card,Pending
PAY012797,ORD012797,2026-08-07,40.18,Debit Card,Completed
PAY012798,ORD012798,2026-04-30,114.24,Debit Card,Failed
PAY012799,ORD012799,2026-08-02,112.69,Google Pay,Failed
PAY012800,ORD012800,2026-01-18,33.39,Google Pay,Completed
PAY012801,ORD012801,2026-03-10,11.24,Debit Card,Completed
PAY012802,ORD012802,2026-05-20,33.75,Debit Card,Pending
PAY012803,ORD012803,2026-05-10,51.32,Google Pay,Failed
PAY012804,ORD012804,2026-06-19,26.18,Google Pay,Completed
PAY012805,ORD012805,2026-05-15,46.41,Google Pay,Completed
PAY012806,ORD012806,2026-02-16,200.39,Credit Card,Completed
PAY012807,ORD012807,2026-05-03,80.9,Apple Pay,Completed
PAY012808,ORD012808,2026-08-06,26.61,Debit Card,Failed
PAY012809,ORD012809,2026-02-23,26.07,Credit Card,Failed
PAY012810,ORD012810,2026-01-15,114.82,Google Pay,Completed
PAY012811,ORD012811,2026-07-05,53.65,Apple Pay,Pending
PAY012812,ORD012812,2026-06-10,81.99,Apple Pay,Failed
PAY012813,ORD012813,2026-07-14,76.98,Credit Card,Completed
PAY012814,ORD012814,2026-07-10,57.66,PayPal,Completed
PAY012815,ORD012815,2026-06-25,320.61,PayPal,Completed
PAY012816,ORD012816,2026-03-07,44.35,Google Pay,Completed
PAY012817,ORD012817,2026-03-22,24.24,PayPal,Completed
PAY012818,ORD012818,2026-07-12,67.6,Google Pay,Failed
PAY012819,ORD012819,2026-02-05,59.36,PayPal,Pending
PAY012820,ORD012820,2026-01-17,77.28,Credit Card,Pending
PAY012821,ORD012821,2026-01-02,44.1,Apple Pay,Completed
PAY012822,ORD012822,2026-02-02,45.05,Debit Card,Completed
PAY012823,ORD012823,2026-04-03,149.24,Apple Pay,Failed
PAY012824,ORD012824,2026-05-04,117.72,PayPal,Failed
PAY012825,ORD012825,2026-05-14,51.21,Apple Pay,Completed
PAY012826,ORD012826,2026-06-20,77.35,PayPal,Completed
PAY012827,ORD012827,2026-04-10,82.11,Google Pay,Completed
PAY012828,ORD012828,2026-03-29,57.76,Debit Card,Failed
PAY012829,ORD012829,2026-01-11,24.05,Google Pay,Failed
PAY012830,ORD012830,2026-01-05,11.72,Debit Card,Completed
PAY012831,ORD012831,2026-01-30,97.83,Google Pay,Failed
PAY012832,ORD012832,2026-05-18,45.81,Google Pay,Completed
PAY012833,ORD012833,2026-04-01,160.08,Apple Pay,Pending
PAY012834,ORD012834,2026-04-01,22.94,Debit Card,Pending
PAY012835,ORD012835,2026-06-01,81.48,Apple Pay,Completed
PAY012836,ORD012836,2026-07-06,26.48,Google Pay,Completed
PAY012837,ORD012837,2026-05-02,68.77,Apple Pay,Failed
PAY012838,ORD012838,2026-04-28,39.56,PayPal,Failed
PAY012839,ORD012839,2026-07-14,15.49,Google Pay,Completed
PAY012840,ORD012840,2026-03-02,98.92,PayPal,Completed
PAY012841,ORD012841,2026-04-12,81.0,Google Pay,Completed
PAY012842,ORD012842,2026-01-26,85.28,PayPal,Completed
PAY012843,ORD012843,2026-04-19,147.57,PayPal,Completed
PAY012844,ORD012844,2026-04-22,103.98,Google Pay,Completed
PAY012845,ORD012845,2026-02-08,45.94,PayPal,Failed
PAY012846,ORD012846,2026-07-29,250.62,Debit Card,Failed
PAY012847,ORD012847,2026-01-03,91.42,PayPal,Pending
PAY012848,ORD012848,2026-02-07,30.04,Google Pay,Completed
PAY012849,ORD012849,2026-02-11,49.35,Debit Card,Pending
PAY012850,ORD012850,2026-02-17,38.48,Debit Card,Completed
PAY012851,ORD012851,2026-08-05,226.02,Debit Card,Completed
PAY012852,ORD012852,2026-01-13,117.56,Apple Pay,Completed
PAY012853,ORD012853,2026-03-30,72.99,Debit Card,Completed
PAY012854,ORD012854,2026-03-29,45.81,Apple Pay,Completed
PAY012855,ORD012855,2026-02-25,242.64,Credit Card,Completed
PAY012856,ORD012856,2026-07-06,142.78,PayPal,Completed
PAY012857,ORD012857,2026-03-04,44.17,Apple Pay,Pending
PAY012858,ORD012858,2026-03-21,64.69,Google Pay,Pending
PAY012859,ORD012859,2026-02-12,88.18,Debit Card,Pending
PAY012860,ORD012860,2026-03-16,34.97,Google Pay,Pending
PAY012861,ORD012861,2026-02-26,35.46,Debit Card,Pending
PAY012862,ORD012862,2026-05-29,248.61,Google Pay,Pending
PAY012863,ORD012863,2026-08-11,58.02,PayPal,Completed
PAY012864,ORD012864,2026-07-01,48.13,PayPal,Completed
PAY012865,ORD012865,2026-07-26,107.37,Credit Card,Pending
PAY012866,ORD012866,2026-06-30,28.89,Google Pay,Completed
PAY012867,ORD012867,2026-06-22,60.99,Credit Card,Completed
PAY012868,ORD012868,2026-06-13,151.38,Google Pay,Pending
PAY012869,ORD012869,2026-03-04,20.43,PayPal,Completed
PAY012870,ORD012870,2026-05-06,38.08,Credit Card,Failed
PAY012871,ORD012871,2026-05-05,51.07,Debit Card,Completed
PAY012872,ORD012872,2026-01-01,35.51,PayPal,Completed
PAY012873,ORD012873,2026-04-02,135.65,Apple Pay,Pending
PAY012874,ORD012874,2026-08-13,143.8,PayPal,Failed
PAY012875,ORD012875,2026-07-14,82.89,PayPal,Completed
PAY012876,ORD012876,2026-04-29,56.86,Apple Pay,Failed
PAY012877,ORD012877,2026-07-26,183.56,Google Pay,Completed
PAY012878,ORD012878,2026-06-10,45.16,Apple Pay,Completed
PAY012879,ORD012879,2026-02-01,66.31,Google Pay,Completed
PAY012880,ORD012880,2026-08-03,71.55,Credit Card,Completed
PAY012881,ORD012881,2026-07-05,43.71,Credit Card,Completed
PAY012882,ORD012882,2026-05-06,52.59,Credit Card,Completed
PAY012883,ORD012883,2026-01-26,28.11,Apple Pay,Completed
PAY012884,ORD012884,2026-03-02,134.45,Google Pay,Failed
PAY012885,ORD012885,2026-04-22,15.15,Debit Card,Failed
PAY012886,ORD012886,2026-05-25,63.26,PayPal,Completed
PAY012887,ORD012887,2026-07-20,36.43,Apple Pay,Failed
PAY012888,ORD012888,2026-03-10,54.01,Credit Card,Failed
PAY012889,ORD012889,2026-01-29,14.92,Debit Card,Pending
PAY012890,ORD012890,2026-03-04,128.69,Google Pay,Completed
PAY012891,ORD012891,2026-05-14,47.45,Google Pay,Failed
PAY012892,ORD012892,2026-04-15,91.08,Google Pay,Completed
PAY012893,ORD012893,2026-07-06,61.15,Apple Pay,Pending
PAY012894,ORD012894,2026-04-25,52.28,PayPal,Completed
PAY012895,ORD012895,2026-01-21,80.45,PayPal,Failed
PAY012896,ORD012896,2026-06-22,26.32,Debit Card,Completed
PAY012897,ORD012897,2026-06-22,60.71,Credit Card,Completed
PAY012898,ORD012898,2026-03-28,22.34,Credit Card,Completed
PAY012899,ORD012899,2026-02-04,29.4,Credit Card,Completed
PAY012900,ORD012900,2026-02-21,41.53,Credit Card,Completed
PAY012901,ORD012901,2026-02-15,35.79,Debit Card,Pending
PAY012902,ORD012902,2026-07-13,68.93,Debit Card,Completed
PAY012903,ORD012903,2026-02-26,22.95,Google Pay,Completed
PAY012904,ORD012904,2026-02-11,93.82,Apple Pay,Pending
PAY012905,ORD012905,2026-07-20,278.69,PayPal,Failed
PAY012906,ORD012906,2026-03-18,122.98,Debit Card,Pending
PAY012907,ORD012907,2026-04-08,81.91,PayPal,Failed
PAY012908,ORD012908,2026-01-16,40.61,Google Pay,Completed
PAY012909,ORD012909,2026-05-13,68.46,Google Pay,Completed
PAY012910,ORD012910,2026-01-01,89.42,Debit Card,Failed
PAY012911,ORD012911,2026-05-30,132.21,Credit Card,Failed
PAY012912,ORD012912,2026-02-17,198.32,Apple Pay,Completed
PAY012913,ORD012913,2026-05-02,39.32,PayPal,Pending
PAY012914,ORD012914,2026-01-26,20.42,PayPal,Pending
PAY012915,ORD012915,2026-02-03,84.53,Google Pay,Completed
PAY012916,ORD012916,2026-04-24,54.65,PayPal,Pending
PAY012917,ORD012917,2026-02-27,30.25,Credit Card,Completed
PAY012918,ORD012918,2026-08-01,39.74,Debit Card,Completed
PAY012919,ORD012919,2026-05-15,29.39,Apple Pay,Completed
PAY012920,ORD012920,2026-01-25,68.43,Apple Pay,Completed
PAY012921,ORD012921,2026-07-04,241.47,Credit Card,Completed
PAY012922,ORD012922,2026-05-20,63.97,PayPal,Completed
PAY012923,ORD012923,2026-06-08,47.42,Credit Card,Completed
PAY012924,ORD012924,2026-01-27,130.95,Apple Pay,Completed
PAY012925,ORD012925,2026-03-27,75.18,Credit Card,Completed
PAY012926,ORD012926,2026-06-11,90.0,Apple Pay,Completed
PAY012927,ORD012927,2026-04-28,237.15,PayPal,Completed
PAY012928,ORD012928,2026-03-22,17.31,Apple Pay,Completed
PAY012929,ORD012929,2026-03-16,23.39,Credit Card,Completed
PAY012930,ORD012930,2026-04-03,49.42,Google Pay,Failed
PAY012931,ORD012931,2026-02-03,156.4,Apple Pay,Completed
PAY012932,ORD012932,2026-04-25,51.95,Google Pay,Completed
PAY012933,ORD012933,2026-06-14,105.88,Google Pay,Completed
PAY012934,ORD012934,2026-07-05,23.68,Google Pay,Completed
PAY012935,ORD012935,2026-04-23,106.28,Credit Card,Completed
PAY012936,ORD012936,2026-04-22,64.83,Credit Card,Completed
PAY012937,ORD012937,2026-03-01,35.91,PayPal,Completed
PAY012938,ORD012938,2026-01-26,151.67,Apple Pay,Completed
PAY012939,ORD012939,2026-05-06,109.34,Debit Card,Completed
PAY012940,ORD012940,2026-06-22,65.97,Google Pay,Completed
PAY012941,ORD012941,2026-02-14,54.56,Apple Pay,Pending
PAY012942,ORD012942,2026-02-01,20.52,Google Pay,Completed
PAY012943,ORD012943,2026-07-16,45.12,PayPal,Completed
PAY012944,ORD012944,2026-07-31,22.39,Credit Card,Failed
PAY012945,ORD012945,2026-03-12,62.58,Debit Card,Completed
PAY012946,ORD012946,2026-01-23,78.07,Credit Card,Failed
PAY012947,ORD012947,2026-07-12,90.61,PayPal,Failed
PAY012948,ORD012948,2026-06-16,63.32,PayPal,Completed
PAY012949,ORD012949,2026-07-14,184.3,Google Pay,Pending
PAY012950,ORD012950,2026-06-22,22.55,Credit Card,Pending
PAY012951,ORD012951,2026-07-14,61.25,Credit Card,Failed
PAY012952,ORD012952,2026-03-04,145.21,Debit Card,Completed
PAY012953,ORD012953,2026-03-11,93.72,Apple Pay,Completed
PAY012954,ORD012954,2026-08-11,40.77,PayPal,Completed
PAY012955,ORD012955,2026-02-23,100.44,Google Pay,Completed
PAY012956,ORD012956,2026-01-27,42.98,Debit Card,Completed
PAY012957,ORD012957,2026-04-03,63.33,Credit Card,Pending
PAY012958,ORD012958,2026-03-20,96.18,Google Pay,Completed
PAY012959,ORD012959,2026-02-05,21.69,PayPal,Completed
PAY012960,ORD012960,2026-05-13,123.73,PayPal,Completed
PAY012961,ORD012961,2026-07-14,109.16,Apple Pay,Completed
PAY012962,ORD012962,2026-06-28,17.24,Credit Card,Completed
PAY012963,ORD012963,2026-08-05,5.63,PayPal,Completed
PAY012964,ORD012964,2026-02-01,13.99,Google Pay,Failed
PAY012965,ORD012965,2026-05-29,62.65,Google Pay,Completed
PAY012966,ORD012966,2026-01-17,219.21,Google Pay,Pending
PAY012967,ORD012967,2026-07-20,109.36,Credit Card,Pending
PAY012968,ORD012968,2026-06-03,134.47,Credit Card,Completed
PAY012969,ORD012969,2026-01-22,112.41,PayPal,Completed
PAY012970,ORD012970,2026-02-10,80.72,Apple Pay,Completed
PAY012971,ORD012971,2026-02-28,13.06,Apple Pay,Completed
PAY012972,ORD012972,2026-08-03,140.27,Apple Pay,Completed
PAY012973,ORD012973,2026-03-16,40.43,Debit Card,Failed
PAY012974,ORD012974,2026-05-02,27.84,Credit Card,Completed
PAY012975,ORD012975,2026-01-10,46.53,Credit Card,Completed
PAY012976,ORD012976,2026-03-28,109.03,PayPal,Failed
PAY012977,ORD012977,2026-01-05,61.71,Google Pay,Completed
PAY012978,ORD012978,2026-02-24,66.74,Credit Card,Completed
PAY012979,ORD012979,2026-01-26,59.12,Apple Pay,Completed
PAY012980,ORD012980,2026-01-04,156.22,Debit Card,Completed
PAY012981,ORD012981,2026-04-17,17.98,Google Pay,Completed
PAY012982,ORD012982,2026-01-27,60.42,Google Pay,Failed
PAY012983,ORD012983,2026-08-14,94.4,Debit Card,Completed
PAY012984,ORD012984,2026-05-06,70.8,Debit Card,Completed
PAY012985,ORD012985,2026-07-05,160.91,Credit Card,Completed
PAY012986,ORD012986,2026-01-03,69.82,Debit Card,Completed
PAY012987,ORD012987,2026-02-19,46.97,PayPal,Failed
PAY012988,ORD012988,2026-08-12,38.15,Google Pay,Completed
PAY012989,ORD012989,2026-05-05,19.58,Google Pay,Completed
PAY012990,ORD012990,2026-01-26,38.45,Apple Pay,Pending
PAY012991,ORD012991,2026-05-26,25.59,Credit Card,Completed
PAY012992,ORD012992,2026-05-15,55.74,Apple Pay,Pending
PAY012993,ORD012993,2026-04-27,15.92,Credit Card,Pending
PAY012994,ORD012994,2026-02-14,63.97,Credit Card,Pending
PAY012995,ORD012995,2026-05-21,44.98,Credit Card,Completed
PAY012996,ORD012996,2026-01-06,139.75,PayPal,Completed
PAY012997,ORD012997,2026-06-12,90.03,Debit Card,Completed
PAY012998,ORD012998,2026-08-11,137.87,Debit Card,Completed
PAY012999,ORD012999,2026-02-22,62.91,PayPal,Pending
PAY013000,ORD013000,2026-07-15,115.91,Apple Pay,Completed
PAY013001,ORD013001,2026-06-19,62.64,Credit Card,Failed
PAY013002,ORD013002,2026-01-04,33.19,PayPal,Failed
PAY013003,ORD013003,2026-03-01,42.69,Apple Pay,Completed
PAY013004,ORD013004,2026-06-22,89.3,Debit Card,Pending
PAY013005,ORD013005,2026-03-13,84.67,Google Pay,Completed
PAY013006,ORD013006,2026-03-16,71.55,Credit Card,Completed
PAY013007,ORD013007,2026-03-07,63.83,Credit Card,Failed
PAY013008,ORD013008,2026-07-29,70.95,Credit Card,Pending
PAY013009,ORD013009,2026-07-29,33.4,Debit Card,Completed
PAY013010,ORD013010,2026-01-22,67.17,Credit Card,Failed
PAY013011,ORD013011,2026-05-20,48.13,Credit Card,Completed
PAY013012,ORD013012,2026-07-28,53.56,Debit Card,Completed
PAY013013,ORD013013,2026-02-20,15.73,PayPal,Completed
PAY013014,ORD013014,2026-05-25,79.52,Apple Pay,Pending
PAY013015,ORD013015,2026-06-13,23.35,Google Pay,Failed
PAY013016,ORD013016,2026-04-03,23.94,Apple Pay,Completed
PAY013017,ORD013017,2026-02-18,79.99,Debit Card,Pending
PAY013018,ORD013018,2026-01-16,18.91,Debit Card,Failed
PAY013019,ORD013019,2026-07-22,103.93,Apple Pay,Completed
PAY013020,ORD013020,2026-02-13,35.07,Debit Card,Pending
PAY013021,ORD013021,2026-04-17,89.77,Google Pay,Pending
PAY013022,ORD013022,2026-05-30,23.6,Credit Card,Completed
PAY013023,ORD013023,2026-04-04,41.94,PayPal,Completed
PAY013024,ORD013024,2026-01-08,102.7,Google Pay,Completed
PAY013025,ORD013025,2026-04-20,50.94,Debit Card,Completed
PAY013026,ORD013026,2026-01-18,31.39,PayPal,Failed
PAY013027,ORD013027,2026-03-21,82.69,Apple Pay,Completed
PAY013028,ORD013028,2026-04-28,10.18,Credit Card,Completed
PAY013029,ORD013029,2026-07-31,133.2,Apple Pay,Failed
PAY013030,ORD013030,2026-03-13,27.5,PayPal,Pending
PAY013031,ORD013031,2026-04-04,172.64,Credit Card,Completed
PAY013032,ORD013032,2026-02-07,100.21,Apple Pay,Completed
PAY013033,ORD013033,2026-06-06,48.9,PayPal,Completed
PAY013034,ORD013034,2026-07-24,81.58,Credit Card,Failed
PAY013035,ORD013035,2026-03-22,16.87,Debit Card,Failed
PAY013036,ORD013036,2026-04-17,34.76,Credit Card,Completed
PAY013037,ORD013037,2026-07-28,42.63,PayPal,Completed
PAY013038,ORD013038,2026-07-20,77.33,Google Pay,Pending
PAY013039,ORD013039,2026-05-10,58.74,PayPal,Failed
PAY013040,ORD013040,2026-07-06,48.84,Google Pay,Pending
PAY013041,ORD013041,2026-02-11,43.45,Apple Pay,Completed
PAY013042,ORD013042,2026-04-28,52.75,Debit Card,Completed
PAY013043,ORD013043,2026-08-04,59.14,Credit Card,Completed
PAY013044,ORD013044,2026-01-21,99.49,PayPal,Completed
PAY013045,ORD013045,2026-05-10,78.63,Debit Card,Completed
PAY013046,ORD013046,2026-01-05,82.05,Google Pay,Failed
PAY013047,ORD013047,2026-01-17,175.86,Google Pay,Completed
PAY013048,ORD013048,2026-01-24,84.64,PayPal,Pending
PAY013049,ORD013049,2026-05-16,65.31,Google Pay,Failed
PAY013050,ORD013050,2026-06-07,100.86,Debit Card,Completed
PAY013051,ORD013051,2026-06-27,53.75,Debit Card,Completed
PAY013052,ORD013052,2026-05-30,60.5,Debit Card,Completed
PAY013053,ORD013053,2026-02-28,152.35,PayPal,Completed
PAY013054,ORD013054,2026-06-01,68.23,Google Pay,Completed
PAY013055,ORD013055,2026-01-26,98.15,Google Pay,Failed
PAY013056,ORD013056,2026-03-02,144.7,Apple Pay,Failed
PAY013057,ORD013057,2026-05-16,212.46,Credit Card,Completed
PAY013058,ORD013058,2026-01-12,17.33,Credit Card,Failed
PAY013059,ORD013059,2026-01-14,18.84,Google Pay,Failed
PAY013060,ORD013060,2026-01-30,27.45,Google Pay,Completed
PAY013061,ORD013061,2026-07-02,17.96,Debit Card,Completed
PAY013062,ORD013062,2026-04-09,680.0,PayPal,Completed
PAY013063,ORD013063,2026-07-08,134.0,Google Pay,Failed
PAY013064,ORD013064,2026-03-03,41.39,Apple Pay,Completed
PAY013065,ORD013065,2026-01-31,65.92,Apple Pay,Completed
PAY013066,ORD013066,2026-08-08,34.2,Google Pay,Completed
PAY013067,ORD013067,2026-01-27,25.68,Credit Card,Completed
PAY013068,ORD013068,2026-01-01,12.7,PayPal,Failed
PAY013069,ORD013069,2026-02-10,17.19,Apple Pay,Pending
PAY013070,ORD013070,2026-05-22,104.31,Google Pay,Completed
PAY013071,ORD013071,2026-03-15,40.53,Google Pay,Completed
PAY013072,ORD013072,2026-06-27,31.42,Debit Card,Completed
PAY013073,ORD013073,2026-02-11,219.49,Apple Pay,Pending
PAY013074,ORD013074,2026-07-18,79.55,Debit Card,Completed
PAY013075,ORD013075,2026-02-09,143.09,PayPal,Pending
PAY013076,ORD013076,2026-01-14,37.31,PayPal,Failed
PAY013077,ORD013077,2026-04-10,130.93,Apple Pay,Completed
PAY013078,ORD013078,2026-04-01,90.18,Debit Card,Completed
PAY013079,ORD013079,2026-05-19,22.62,Credit Card,Failed
PAY013080,ORD013080,2026-07-10,60.34,Debit Card,Failed
PAY013081,ORD013081,2026-04-16,15.37,Apple Pay,Failed
PAY013082,ORD013082,2026-02-18,50.57,Apple Pay,Pending
PAY013083,ORD013083,2026-06-14,35.02,Debit Card,Failed
PAY013084,ORD013084,2026-04-16,80.7,Google Pay,Completed
PAY013085,ORD013085,2026-05-18,46.67,Google Pay,Completed
PAY013086,ORD013086,2026-07-01,143.79,Credit Card,Pending
PAY013087,ORD013087,2026-01-07,50.43,Credit Card,Pending
PAY013088,ORD013088,2026-03-22,68.25,Credit Card,Completed
PAY013089,ORD013089,2026-05-20,80.03,Apple Pay,Completed
PAY013090,ORD013090,2026-04-11,47.15,Apple Pay,Pending
PAY013091,ORD013091,2026-02-24,144.42,Google Pay,Completed
PAY013092,ORD013092,2026-06-13,111.88,Debit Card,Completed
PAY013093,ORD013093,2026-01-07,78.16,PayPal,Pending
PAY013094,ORD013094,2026-06-01,42.26,Debit Card,Failed
PAY013095,ORD013095,2026-02-03,26.94,Google Pay,Pending
PAY013096,ORD013096,2026-05-06,61.0,Google Pay,Completed
PAY013097,ORD013097,2026-07-12,55.33,Google Pay,Completed
PAY013098,ORD013098,2026-01-29,33.26,Google Pay,Failed
PAY013099,ORD013099,2026-01-26,49.05,Apple Pay,Failed
PAY013100,ORD013100,2026-03-15,25.85,Credit Card,Completed
PAY013101,ORD013101,2026-07-12,186.62,Credit Card,Failed
PAY013102,ORD013102,2026-02-14,120.18,Debit Card,Completed
PAY013103,ORD013103,2026-01-17,24.74,Debit Card,Pending
PAY013104,ORD013104,2026-06-13,72.22,Google Pay,Completed
PAY013105,ORD013105,2026-07-20,14.9,Google Pay,Completed
PAY013106,ORD013106,2026-03-04,48.31,PayPal,Pending
PAY013107,ORD013107,2026-05-31,52.02,Credit Card,Completed
PAY013108,ORD013108,2026-04-03,35.11,Google Pay,Failed
PAY013109,ORD013109,2026-03-07,33.38,Debit Card,Completed
PAY013110,ORD013110,2026-07-29,70.95,Debit Card,Pending
PAY013111,ORD013111,2026-04-02,43.25,Debit Card,Completed
PAY013112,ORD013112,2026-04-27,91.81,PayPal,Completed
PAY013113,ORD013113,2026-02-11,153.37,Google Pay,Completed
PAY013114,ORD013114,2026-03-12,76.72,Google Pay,Failed
PAY013115,ORD013115,2026-03-16,155.81,Google Pay,Pending
PAY013116,ORD013116,2026-03-12,35.53,PayPal,Completed
PAY013117,ORD013117,2026-02-12,60.17,Google Pay,Pending
PAY013118,ORD013118,2026-08-04,130.69,Credit Card,Pending
PAY013119,ORD013119,2026-02-24,51.99,Google Pay,Completed
PAY013120,ORD013120,2026-02-25,73.65,Google Pay,Failed
PAY013121,ORD013121,2026-03-20,29.61,Debit Card,Completed
PAY013122,ORD013122,2026-06-08,194.92,Google Pay,Completed
PAY013123,ORD013123,2026-03-24,35.51,Apple Pay,Completed
PAY013124,ORD013124,2026-07-03,68.94,PayPal,Failed
PAY013125,ORD013125,2026-05-01,37.05,Debit Card,Completed
PAY013126,ORD013126,2026-07-21,25.43,PayPal,Completed
PAY013127,ORD013127,2026-06-25,81.02,Apple Pay,Pending
PAY013128,ORD013128,2026-06-29,203.71,Debit Card,Completed
PAY013129,ORD013129,2026-03-13,35.15,Debit Card,Completed
PAY013130,ORD013130,2026-01-01,28.83,Apple Pay,Pending
PAY013131,ORD013131,2026-05-10,39.95,Apple Pay,Completed
PAY013132,ORD013132,2026-04-03,46.86,Credit Card,Completed
PAY013133,ORD013133,2026-02-11,80.04,Debit Card,Completed
PAY013134,ORD013134,2026-03-15,15.76,PayPal,Completed
PAY013135,ORD013135,2026-01-09,132.67,Google Pay,Failed
PAY013136,ORD013136,2026-04-24,158.65,Apple Pay,Completed
PAY013137,ORD013137,2026-01-31,78.42,Credit Card,Completed
PAY013138,ORD013138,2026-04-06,27.89,Apple Pay,Completed
PAY013139,ORD013139,2026-01-02,129.05,PayPal,Completed
PAY013140,ORD013140,2026-01-24,43.18,Google Pay,Completed
PAY013141,ORD013141,2026-06-20,68.04,Google Pay,Completed
PAY013142,ORD013142,2026-07-17,58.28,Apple Pay,Completed
PAY013143,ORD013143,2026-07-19,25.98,Google Pay,Pending
PAY013144,ORD013144,2026-08-05,235.65,Google Pay,Completed
PAY013145,ORD013145,2026-02-12,24.0,PayPal,Completed
PAY013146,ORD013146,2026-02-20,60.88,Apple Pay,Completed
PAY013147,ORD013147,2026-08-05,66.91,Credit Card,Completed
PAY013148,ORD013148,2026-06-23,62.82,Credit Card,Failed
PAY013149,ORD013149,2026-03-16,71.6,Debit Card,Completed
PAY013150,ORD013150,2026-04-09,60.65,PayPal,Completed
PAY013151,ORD013151,2026-01-01,79.39,Apple Pay,Failed
PAY013152,ORD013152,2026-05-04,30.07,Google Pay,Failed
PAY013153,ORD013153,2026-04-27,26.44,PayPal,Pending
PAY013154,ORD013154,2026-03-28,131.6,Apple Pay,Completed
PAY013155,ORD013155,2026-07-14,84.18,Apple Pay,Failed
PAY013156,ORD013156,2026-05-09,54.0,PayPal,Failed
PAY013157,ORD013157,2026-04-28,151.53,PayPal,Pending
PAY013158,ORD013158,2026-03-04,87.02,PayPal,Pending
PAY013159,ORD013159,2026-03-17,100.6,Debit Card,Failed
PAY013160,ORD013160,2026-07-09,170.87,Google Pay,Completed
PAY013161,ORD013161,2026-07-08,66.32,PayPal,Completed
PAY013162,ORD013162,2026-06-17,46.4,Debit Card,Completed
PAY013163,ORD013163,2026-04-05,44.96,Credit Card,Completed
PAY013164,ORD013164,2026-06-06,13.83,Debit Card,Failed
PAY013165,ORD013165,2026-02-04,29.14,Google Pay,Completed
PAY013166,ORD013166,2026-04-02,102.27,Credit Card,Pending
PAY013167,ORD013167,2026-03-26,34.01,PayPal,Completed
PAY013168,ORD013168,2026-05-19,45.21,PayPal,Failed
PAY013169,ORD013169,2026-08-06,99.8,PayPal,Completed
PAY013170,ORD013170,2026-05-19,66.32,PayPal,Completed
PAY013171,ORD013171,2026-07-10,68.9,Credit Card,Pending
PAY013172,ORD013172,2026-07-16,155.35,Debit Card,Completed
PAY013173,ORD013173,2026-02-25,101.66,Debit Card,Completed
PAY013174,ORD013174,2026-01-07,14.07,Apple Pay,Completed
PAY013175,ORD013175,2026-02-20,186.44,Debit Card,Completed
PAY013176,ORD013176,2026-08-11,48.42,Debit Card,Completed
PAY013177,ORD013177,2026-02-08,94.18,Debit Card,Completed
PAY013178,ORD013178,2026-02-11,69.4,Debit Card,Completed
PAY013179,ORD013179,2026-03-13,33.99,Debit Card,Failed
PAY013180,ORD013180,2026-02-22,81.23,Credit Card,Completed
PAY013181,ORD013181,2026-04-01,39.64,Google Pay,Failed
PAY013182,ORD013182,2026-05-29,46.46,Google Pay,Failed
PAY013183,ORD013183,2026-01-30,100.21,Apple Pay,Completed
PAY013184,ORD013184,2026-07-25,35.77,Debit Card,Pending
PAY013185,ORD013185,2026-05-03,15.21,PayPal,Completed
PAY013186,ORD013186,2026-05-09,33.13,Google Pay,Completed
PAY013187,ORD013187,2026-01-24,146.15,PayPal,Pending
PAY013188,ORD013188,2026-05-05,117.85,Apple Pay,Completed
PAY013189,ORD013189,2026-05-14,85.59,PayPal,Failed
PAY013190,ORD013190,2026-01-06,78.54,Debit Card,Pending
PAY013191,ORD013191,2026-05-07,244.15,Debit Card,Completed
PAY013192,ORD013192,2026-04-27,146.38,Credit Card,Pending
PAY013193,ORD013193,2026-07-16,35.32,Debit Card,Completed
PAY013194,ORD013194,2026-07-09,83.26,Google Pay,Failed
PAY013195,ORD013195,2026-02-04,93.48,Debit Card,Completed
PAY013196,ORD013196,2026-05-08,36.72,Debit Card,Failed
PAY013197,ORD013197,2026-03-20,80.21,PayPal,Pending
PAY013198,ORD013198,2026-02-04,34.77,Apple Pay,Pending
PAY013199,ORD013199,2026-02-17,57.62,Debit Card,Completed
PAY013200,ORD013200,2026-04-24,52.85,Google Pay,Completed
PAY013201,ORD013201,2026-04-15,145.95,Apple Pay,Completed
PAY013202,ORD013202,2026-03-13,120.7,Debit Card,Completed
PAY013203,ORD013203,2026-02-12,31.74,Apple Pay,Completed
PAY013204,ORD013204,2026-02-04,252.19,Google Pay,Pending
PAY013205,ORD013205,2026-05-13,95.63,PayPal,Completed
PAY013206,ORD013206,2026-01-31,22.26,PayPal,Completed
PAY013207,ORD013207,2026-04-16,30.93,Credit Card,Completed
PAY013208,ORD013208,2026-06-08,24.35,Google Pay,Completed
PAY013209,ORD013209,2026-04-11,43.17,Debit Card,Completed
PAY013210,ORD013210,2026-01-08,204.06,Debit Card,Completed
PAY013211,ORD013211,2026-01-06,58.17,Credit Card,Failed
PAY013212,ORD013212,2026-03-28,73.77,Google Pay,Failed
PAY013213,ORD013213,2026-06-30,238.43,Apple Pay,Completed
PAY013214,ORD013214,2026-03-21,32.01,Apple Pay,Completed
PAY013215,ORD013215,2026-02-13,76.67,PayPal,Completed
PAY013216,ORD013216,2026-06-26,129.87,Apple Pay,Completed
PAY013217,ORD013217,2026-05-16,32.47,Apple Pay,Failed
PAY013218,ORD013218,2026-03-05,108.23,Google Pay,Completed
PAY013219,ORD013219,2026-05-12,71.71,Google Pay,Failed
PAY013220,ORD013220,2026-02-01,23.27,Credit Card,Failed
PAY013221,ORD013221,2026-02-22,113.52,Google Pay,Completed
PAY013222,ORD013222,2026-04-23,76.29,Credit Card,Completed
PAY013223,ORD013223,2026-07-14,64.57,Credit Card,Completed
PAY013224,ORD013224,2026-03-04,77.94,Debit Card,Failed
PAY013225,ORD013225,2026-04-24,186.76,Apple Pay,Failed
PAY013226,ORD013226,2026-07-27,61.26,Google Pay,Pending
PAY013227,ORD013227,2026-07-07,34.47,Credit Card,Completed
PAY013228,ORD013228,2026-08-14,24.41,Apple Pay,Completed
PAY013229,ORD013229,2026-03-18,35.25,Google Pay,Failed
PAY013230,ORD013230,2026-06-10,31.96,Apple Pay,Completed
PAY013231,ORD013231,2026-01-22,38.03,Credit Card,Completed
PAY013232,ORD013232,2026-05-07,53.22,Apple Pay,Completed
PAY013233,ORD013233,2026-01-31,102.89,PayPal,Completed
PAY013234,ORD013234,2026-01-24,31.05,Apple Pay,Pending
PAY013235,ORD013235,2026-01-03,32.42,PayPal,Pending
PAY013236,ORD013236,2026-02-02,53.55,Google Pay,Pending
PAY013237,ORD013237,2026-08-10,59.87,Credit Card,Completed
PAY013238,ORD013238,2026-06-03,104.73,Apple Pay,Completed
PAY013239,ORD013239,2026-08-14,70.53,Apple Pay,Pending
PAY013240,ORD013240,2026-02-20,82.56,Apple Pay,Completed
PAY013241,ORD013241,2026-08-02,67.11,Credit Card,Completed
PAY013242,ORD013242,2026-01-30,22.77,Apple Pay,Failed
PAY013243,ORD013243,2026-06-12,19.99,Google Pay,Pending
PAY013244,ORD013244,2026-01-25,13.26,Google Pay,Failed
PAY013245,ORD013245,2026-01-28,25.73,Google Pay,Completed
PAY013246,ORD013246,2026-04-07,48.06,Google Pay,Completed
PAY013247,ORD013247,2026-03-28,72.72,Debit Card,Completed
PAY013248,ORD013248,2026-01-26,10.92,Debit Card,Completed
PAY013249,ORD013249,2026-04-30,33.51,Google Pay,Pending
PAY013250,ORD013250,2026-07-20,40.85,Apple Pay,Completed
PAY013251,ORD013251,2026-05-16,41.01,Google Pay,Failed
PAY013252,ORD013252,2026-04-11,41.28,Debit Card,Completed
PAY013253,ORD013253,2026-04-07,22.24,Debit Card,Completed
PAY013254,ORD013254,2026-01-15,50.27,Credit Card,Pending
PAY013255,ORD013255,2026-02-18,31.25,Credit Card,Completed
PAY013256,ORD013256,2026-04-21,144.02,Apple Pay,Completed
PAY013257,ORD013257,2026-01-08,130.32,Credit Card,Completed
PAY013258,ORD013258,2026-07-02,32.66,PayPal,Pending
PAY013259,ORD013259,2026-03-26,35.61,PayPal,Completed
PAY013260,ORD013260,2026-05-08,205.95,Credit Card,Completed
PAY013261,ORD013261,2026-07-05,22.17,PayPal,Completed
PAY013262,ORD013262,2026-05-11,62.2,Debit Card,Completed
PAY013263,ORD013263,2026-05-17,168.34,Google Pay,Completed
PAY013264,ORD013264,2026-01-14,31.51,Google Pay,Completed
PAY013265,ORD013265,2026-04-01,19.55,PayPal,Completed
PAY013266,ORD013266,2026-05-28,40.84,Debit Card,Pending
PAY013267,ORD013267,2026-01-04,49.36,Debit Card,Failed
PAY013268,ORD013268,2026-06-01,66.82,Credit Card,Completed
PAY013269,ORD013269,2026-08-07,64.55,Debit Card,Failed
PAY013270,ORD013270,2026-03-17,78.29,Debit Card,Pending
PAY013271,ORD013271,2026-01-28,9.5,Debit Card,Completed
PAY013272,ORD013272,2026-04-09,61.98,Google Pay,Pending
PAY013273,ORD013273,2026-08-04,35.85,PayPal,Pending
PAY013274,ORD013274,2026-06-08,148.73,Credit Card,Completed
PAY013275,ORD013275,2026-03-08,100.52,Credit Card,Pending
PAY013276,ORD013276,2026-08-10,118.01,Credit Card,Pending
PAY013277,ORD013277,2026-07-11,119.64,Apple Pay,Completed
PAY013278,ORD013278,2026-08-07,66.05,PayPal,Completed
PAY013279,ORD013279,2026-04-27,43.0,Google Pay,Failed
PAY013280,ORD013280,2026-01-17,53.62,PayPal,Completed
PAY013281,ORD013281,2026-05-14,114.98,Credit Card,Pending
PAY013282,ORD013282,2026-04-17,48.78,Google Pay,Completed
PAY013283,ORD013283,2026-07-29,63.3,PayPal,Failed
PAY013284,ORD013284,2026-07-07,55.87,Debit Card,Completed
PAY013285,ORD013285,2026-08-07,49.75,PayPal,Failed
PAY013286,ORD013286,2026-03-22,144.17,Debit Card,Completed
PAY013287,ORD013287,2026-01-11,41.48,Credit Card,Pending
PAY013288,ORD013288,2026-06-15,27.33,Debit Card,Failed
PAY013289,ORD013289,2026-04-11,96.51,Apple Pay,Completed
PAY013290,ORD013290,2026-06-11,54.04,Google Pay,Completed
PAY013291,ORD013291,2026-06-24,40.04,Debit Card,Completed
PAY013292,ORD013292,2026-06-09,42.88,Google Pay,Failed
PAY013293,ORD013293,2026-04-17,46.94,Debit Card,Completed
PAY013294,ORD013294,2026-04-30,35.91,Credit Card,Completed
PAY013295,ORD013295,2026-07-04,179.15,PayPal,Failed
PAY013296,ORD013296,2026-06-23,129.36,Debit Card,Failed
PAY013297,ORD013297,2026-06-12,24.44,Credit Card,Pending
PAY013298,ORD013298,2026-08-08,38.99,Debit Card,Completed
PAY013299,ORD013299,2026-05-30,46.72,Apple Pay,Pending
PAY013300,ORD013300,2026-05-24,11.74,Google Pay,Completed
PAY013301,ORD013301,2026-04-16,37.58,Debit Card,Completed
PAY013302,ORD013302,2026-04-28,83.6,Credit Card,Pending
PAY013303,ORD013303,2026-03-17,51.75,Credit Card,Completed
PAY013304,ORD013304,2026-01-05,146.85,PayPal,Completed
PAY013305,ORD013305,2026-08-06,79.8,Google Pay,Pending
PAY013306,ORD013306,2026-01-26,160.81,PayPal,Completed
PAY013307,ORD013307,2026-03-18,95.82,Google Pay,Completed
PAY013308,ORD013308,2026-06-01,54.52,Google Pay,Pending
PAY013309,ORD013309,2026-03-08,29.35,Debit Card,Failed
PAY013310,ORD013310,2026-02-01,26.52,PayPal,Failed
PAY013311,ORD013311,2026-05-31,74.84,PayPal,Completed
PAY013312,ORD013312,2026-06-26,114.44,PayPal,Failed
PAY013313,ORD013313,2026-04-29,66.67,Credit Card,Completed
PAY013314,ORD013314,2026-07-09,82.28,Apple Pay,Completed
PAY013315,ORD013315,2026-04-12,97.27,Debit Card,Completed
PAY013316,ORD013316,2026-04-19,45.44,PayPal,Completed
PAY013317,ORD013317,2026-07-24,83.9,Google Pay,Completed
PAY013318,ORD013318,2026-03-20,87.85,Google Pay,Completed
PAY013319,ORD013319,2026-03-07,27.75,Debit Card,Pending
PAY013320,ORD013320,2026-05-19,67.71,Credit Card,Completed
PAY013321,ORD013321,2026-03-21,80.7,PayPal,Completed
PAY013322,ORD013322,2026-05-26,78.27,Apple Pay,Completed
PAY013323,ORD013323,2026-08-14,73.03,Credit Card,Completed
PAY013324,ORD013324,2026-01-10,104.46,Debit Card,Pending
PAY013325,ORD013325,2026-03-18,281.25,PayPal,Completed
PAY013326,ORD013326,2026-08-12,69.13,Debit Card,Pending
PAY013327,ORD013327,2026-03-01,182.59,Debit Card,Failed
PAY013328,ORD013328,2026-01-08,18.38,Debit Card,Completed
PAY013329,ORD013329,2026-07-18,66.68,Debit Card,Pending
PAY013330,ORD013330,2026-02-17,20.02,Apple Pay,Completed
PAY013331,ORD013331,2026-03-22,42.34,Debit Card,Completed
PAY013332,ORD013332,2026-02-10,196.74,Google Pay,Failed
PAY013333,ORD013333,2026-08-07,105.77,Debit Card,Completed
PAY013334,ORD013334,2026-05-03,65.11,Apple Pay,Completed
PAY013335,ORD013335,2026-01-08,134.29,Debit Card,Failed
PAY013336,ORD013336,2026-04-03,71.99,PayPal,Completed
PAY013337,ORD013337,2026-06-14,45.66,Credit Card,Completed
PAY013338,ORD013338,2026-04-01,18.36,Apple Pay,Failed
PAY013339,ORD013339,2026-06-14,81.22,PayPal,Failed
PAY013340,ORD013340,2026-03-05,30.71,Apple Pay,Pending
PAY013341,ORD013341,2026-07-06,59.85,Credit Card,Completed
PAY013342,ORD013342,2026-05-07,55.75,Google Pay,Completed
PAY013343,ORD013343,2026-03-29,46.29,Credit Card,Completed
PAY013344,ORD013344,2026-02-14,75.52,Google Pay,Pending
PAY013345,ORD013345,2026-05-24,213.34,Debit Card,Failed
PAY013346,ORD013346,2026-01-26,67.81,PayPal,Completed
PAY013347,ORD013347,2026-06-08,56.79,Apple Pay,Completed
PAY013348,ORD013348,2026-06-04,51.55,Google Pay,Completed
PAY013349,ORD013349,2026-08-06,61.23,Apple Pay,Completed
PAY013350,ORD013350,2026-06-20,126.77,Credit Card,Completed
PAY013351,ORD013351,2026-01-15,5.74,Debit Card,Completed
PAY013352,ORD013352,2026-02-27,50.29,Credit Card,Completed
PAY013353,ORD013353,2026-06-26,11.8,Google Pay,Completed
PAY013354,ORD013354,2026-03-20,43.2,PayPal,Completed
PAY013355,ORD013355,2026-08-03,62.71,Google Pay,Pending
PAY013356,ORD013356,2026-01-25,122.44,Google Pay,Failed
PAY013357,ORD013357,2026-03-09,103.58,Credit Card,Pending
PAY013358,ORD013358,2026-02-05,154.84,Google Pay,Pending
PAY013359,ORD013359,2026-04-27,47.19,PayPal,Failed
PAY013360,ORD013360,2026-03-21,31.73,Debit Card,Completed
PAY013361,ORD013361,2026-06-24,39.99,Credit Card,Completed
PAY013362,ORD013362,2026-02-28,94.71,Google Pay,Pending
PAY013363,ORD013363,2026-08-01,160.3,Apple Pay,Failed
PAY013364,ORD013364,2026-06-29,81.48,Debit Card,Completed
PAY013365,ORD013365,2026-02-09,42.84,Credit Card,Completed
PAY013366,ORD013366,2026-06-20,23.0,PayPal,Completed
PAY013367,ORD013367,2026-04-27,51.16,PayPal,Completed
PAY013368,ORD013368,2026-07-03,97.08,Debit Card,Failed
PAY013369,ORD013369,2026-03-22,24.95,PayPal,Completed
PAY013370,ORD013370,2026-05-11,244.24,Credit Card,Pending
PAY013371,ORD013371,2026-03-12,52.38,Credit Card,Completed
PAY013372,ORD013372,2026-05-20,121.89,Credit Card,Pending
PAY013373,ORD013373,2026-07-12,28.5,Google Pay,Pending
PAY013374,ORD013374,2026-06-20,43.68,PayPal,Completed
PAY013375,ORD013375,2026-04-11,152.94,Google Pay,Failed
PAY013376,ORD013376,2026-03-11,26.39,PayPal,Completed
PAY013377,ORD013377,2026-06-23,88.71,PayPal,Failed
PAY013378,ORD013378,2026-07-07,32.84,PayPal,Completed
PAY013379,ORD013379,2026-07-08,31.84,Apple Pay,Pending
PAY013380,ORD013380,2026-06-26,57.17,Google Pay,Failed
PAY013381,ORD013381,2026-08-03,37.98,Debit Card,Pending
PAY013382,ORD013382,2026-01-25,74.78,Google Pay,Failed
PAY013383,ORD013383,2026-03-30,51.13,PayPal,Completed
PAY013384,ORD013384,2026-05-11,36.08,Debit Card,Completed
PAY013385,ORD013385,2026-07-15,52.93,Debit Card,Completed
PAY013386,ORD013386,2026-03-04,174.9,Debit Card,Failed
PAY013387,ORD013387,2026-01-30,31.37,Apple Pay,Completed
PAY013388,ORD013388,2026-08-13,28.53,Credit Card,Completed
PAY013389,ORD013389,2026-04-03,30.16,PayPal,Failed
PAY013390,ORD013390,2026-05-12,30.67,PayPal,Failed
PAY013391,ORD013391,2026-03-19,31.76,Google Pay,Completed
PAY013392,ORD013392,2026-03-26,23.78,Debit Card,Completed
PAY013393,ORD013393,2026-03-12,111.76,Apple Pay,Pending
PAY013394,ORD013394,2026-05-29,68.18,Debit Card,Completed
PAY013395,ORD013395,2026-03-12,58.3,Google Pay,Completed
PAY013396,ORD013396,2026-05-09,323.98,Credit Card,Pending
PAY013397,ORD013397,2026-07-07,91.34,PayPal,Pending
PAY013398,ORD013398,2026-02-03,726.21,Debit Card,Failed
PAY013399,ORD013399,2026-03-28,149.21,PayPal,Completed
PAY013400,ORD013400,2026-05-11,25.79,Google Pay,Completed
PAY013401,ORD013401,2026-01-18,23.72,Credit Card,Completed
PAY013402,ORD013402,2026-02-12,42.07,Apple Pay,Completed
PAY013403,ORD013403,2026-03-17,47.12,Credit Card,Completed
PAY013404,ORD013404,2026-03-19,147.51,Apple Pay,Failed
PAY013405,ORD013405,2026-02-10,45.24,Debit Card,Completed
PAY013406,ORD013406,2026-08-08,55.83,Credit Card,Pending
PAY013407,ORD013407,2026-04-16,26.65,Debit Card,Completed
PAY013408,ORD013408,2026-04-19,95.86,Credit Card,Failed
PAY013409,ORD013409,2026-01-24,130.14,Debit Card,Completed
PAY013410,ORD013410,2026-01-24,103.77,Google Pay,Completed
PAY013411,ORD013411,2026-01-03,66.1,Google Pay,Failed
PAY013412,ORD013412,2026-07-06,123.67,Apple Pay,Completed
PAY013413,ORD013413,2026-07-05,87.7,Credit Card,Completed
PAY013414,ORD013414,2026-03-14,104.88,Credit Card,Failed
PAY013415,ORD013415,2026-01-24,34.91,Apple Pay,Pending
PAY013416,ORD013416,2026-07-13,49.19,Debit Card,Pending
PAY013417,ORD013417,2026-04-29,93.14,Credit Card,Failed
PAY013418,ORD013418,2026-02-09,43.61,Apple Pay,Failed
PAY013419,ORD013419,2026-08-08,251.43,Apple Pay,Completed
PAY013420,ORD013420,2026-03-12,81.18,Credit Card,Completed
PAY013421,ORD013421,2026-05-17,90.26,PayPal,Completed
PAY013422,ORD013422,2026-04-19,126.19,Debit Card,Pending
PAY013423,ORD013423,2026-04-13,72.89,PayPal,Completed
PAY013424,ORD013424,2026-07-07,83.93,PayPal,Completed
PAY013425,ORD013425,2026-06-16,40.29,Debit Card,Completed
PAY013426,ORD013426,2026-02-02,47.66,Google Pay,Completed
PAY013427,ORD013427,2026-06-11,60.2,Credit Card,Failed
PAY013428,ORD013428,2026-03-03,28.02,Apple Pay,Failed
PAY013429,ORD013429,2026-03-26,186.38,Credit Card,Failed
PAY013430,ORD013430,2026-03-02,27.18,PayPal,Completed
PAY013431,ORD013431,2026-04-03,28.45,Google Pay,Completed
PAY013432,ORD013432,2026-01-27,60.74,Google Pay,Completed
PAY013433,ORD013433,2026-05-06,82.85,Credit Card,Pending
PAY013434,ORD013434,2026-05-25,36.26,PayPal,Completed
PAY013435,ORD013435,2026-03-01,42.13,Debit Card,Completed
PAY013436,ORD013436,2026-06-19,49.91,Apple Pay,Pending
PAY013437,ORD013437,2026-02-16,61.75,Google Pay,Failed
PAY013438,ORD013438,2026-04-22,94.61,Apple Pay,Completed
PAY013439,ORD013439,2026-03-28,35.72,PayPal,Completed
PAY013440,ORD013440,2026-06-30,44.88,Credit Card,Completed
PAY013441,ORD013441,2026-04-19,78.82,PayPal,Completed
PAY013442,ORD013442,2026-05-29,137.84,Google Pay,Failed
PAY013443,ORD013443,2026-05-16,114.34,Credit Card,Completed
PAY013444,ORD013444,2026-03-14,78.89,Apple Pay,Pending
PAY013445,ORD013445,2026-05-02,14.29,Google Pay,Failed
PAY013446,ORD013446,2026-04-07,32.72,Credit Card,Pending
PAY013447,ORD013447,2026-07-05,34.85,Credit Card,Failed
PAY013448,ORD013448,2026-03-09,122.72,Apple Pay,Completed
PAY013449,ORD013449,2026-03-04,28.7,PayPal,Completed
PAY013450,ORD013450,2026-07-06,20.59,PayPal,Completed
PAY013451,ORD013451,2026-03-23,79.22,PayPal,Pending
PAY013452,ORD013452,2026-08-12,85.42,Google Pay,Pending
PAY013453,ORD013453,2026-01-30,35.57,Credit Card,Pending
PAY013454,ORD013454,2026-01-25,44.29,Debit Card,Completed
PAY013455,ORD013455,2026-05-01,184.8,Debit Card,Completed
PAY013456,ORD013456,2026-04-07,23.03,Apple Pay,Completed
PAY013457,ORD013457,2026-04-09,29.15,Credit Card,Failed
PAY013458,ORD013458,2026-04-16,92.58,Google Pay,Completed
PAY013459,ORD013459,2026-02-25,65.41,Credit Card,Completed
PAY013460,ORD013460,2026-06-11,57.57,Apple Pay,Completed
PAY013461,ORD013461,2026-06-27,20.42,Debit Card,Failed
PAY013462,ORD013462,2026-05-10,30.88,Google Pay,Pending
PAY013463,ORD013463,2026-07-24,48.52,Debit Card,Completed
PAY013464,ORD013464,2026-02-22,227.8,PayPal,Completed
PAY013465,ORD013465,2026-05-06,41.6,Apple Pay,Completed
PAY013466,ORD013466,2026-02-10,21.37,Debit Card,Pending
PAY013467,ORD013467,2026-01-23,44.22,Google Pay,Completed
PAY013468,ORD013468,2026-07-08,36.53,Credit Card,Pending
PAY013469,ORD013469,2026-08-03,90.34,Apple Pay,Completed
PAY013470,ORD013470,2026-01-31,9.69,Debit Card,Pending
PAY013471,ORD013471,2026-07-13,37.5,PayPal,Failed
PAY013472,ORD013472,2026-01-02,163.9,Debit Card,Pending
PAY013473,ORD013473,2026-07-16,93.32,Google Pay,Completed
PAY013474,ORD013474,2026-03-01,63.07,PayPal,Pending
PAY013475,ORD013475,2026-03-19,40.85,PayPal,Completed
PAY013476,ORD013476,2026-01-23,96.75,Apple Pay,Completed
PAY013477,ORD013477,2026-07-04,94.3,Google Pay,Pending
PAY013478,ORD013478,2026-02-04,27.49,Google Pay,Completed
PAY013479,ORD013479,2026-01-01,130.17,PayPal,Completed
PAY013480,ORD013480,2026-04-15,288.19,Credit Card,Completed
PAY013481,ORD013481,2026-06-25,45.56,Credit Card,Completed
PAY013482,ORD013482,2026-02-18,29.75,Apple Pay,Pending
PAY013483,ORD013483,2026-06-17,105.89,Apple Pay,Completed
PAY013484,ORD013484,2026-03-03,115.86,Apple Pay,Completed
PAY013485,ORD013485,2026-01-15,50.22,Apple Pay,Completed
PAY013486,ORD013486,2026-06-07,26.03,PayPal,Completed
PAY013487,ORD013487,2026-01-21,81.82,Apple Pay,Pending
PAY013488,ORD013488,2026-05-16,7.9,Credit Card,Completed
PAY013489,ORD013489,2026-05-15,66.6,Debit Card,Completed
PAY013490,ORD013490,2026-04-15,6.45,Credit Card,Completed
PAY013491,ORD013491,2026-02-03,44.79,Apple Pay,Pending
PAY013492,ORD013492,2026-05-01,140.41,PayPal,Completed
PAY013493,ORD013493,2026-07-11,272.84,Google Pay,Completed
PAY013494,ORD013494,2026-06-19,125.87,Debit Card,Pending
PAY013495,ORD013495,2026-06-30,67.88,Debit Card,Completed
PAY013496,ORD013496,2026-04-06,84.49,Apple Pay,Completed
PAY013497,ORD013497,2026-08-13,70.88,Apple Pay,Completed
PAY013498,ORD013498,2026-07-17,29.33,Debit Card,Completed
PAY013499,ORD013499,2026-01-10,81.14,PayPal,Completed
PAY013500,ORD013500,2026-03-31,47.24,Debit Card,Completed
PAY013501,ORD013501,2026-02-27,105.28,PayPal,Completed
PAY013502,ORD013502,2026-04-19,134.33,Credit Card,Completed
PAY013503,ORD013503,2026-08-06,44.22,Apple Pay,Pending
PAY013504,ORD013504,2026-07-30,57.29,PayPal,Completed
PAY013505,ORD013505,2026-04-09,71.59,Debit Card,Completed
PAY013506,ORD013506,2026-04-19,70.44,Credit Card,Completed
PAY013507,ORD013507,2026-05-12,281.77,Debit Card,Pending
PAY013508,ORD013508,2026-03-30,49.72,Credit Card,Completed
PAY013509,ORD013509,2026-05-16,16.22,Google Pay,Failed
PAY013510,ORD013510,2026-01-12,52.25,Credit Card,Completed
PAY013511,ORD013511,2026-04-28,229.59,PayPal,Completed
PAY013512,ORD013512,2026-03-29,80.28,Google Pay,Completed
PAY013513,ORD013513,2026-03-29,65.04,Credit Card,Completed
PAY013514,ORD013514,2026-07-28,25.96,Credit Card,Completed
PAY013515,ORD013515,2026-06-02,54.88,PayPal,Pending
PAY013516,ORD013516,2026-08-13,176.2,Apple Pay,Failed
PAY013517,ORD013517,2026-06-04,130.58,Apple Pay,Completed
PAY013518,ORD013518,2026-05-10,166.12,Apple Pay,Completed
PAY013519,ORD013519,2026-03-14,25.3,Google Pay,Completed
PAY013520,ORD013520,2026-07-02,101.21,Apple Pay,Completed
PAY013521,ORD013521,2026-07-05,14.35,Google Pay,Completed
PAY013522,ORD013522,2026-06-10,56.63,Apple Pay,Completed
PAY013523,ORD013523,2026-03-24,75.13,PayPal,Completed
PAY013524,ORD013524,2026-06-26,137.51,Google Pay,Completed
PAY013525,ORD013525,2026-01-05,115.86,Apple Pay,Completed
PAY013526,ORD013526,2026-02-16,146.1,Debit Card,Completed
PAY013527,ORD013527,2026-07-31,161.09,Apple Pay,Completed
PAY013528,ORD013528,2026-01-24,57.26,Debit Card,Completed
PAY013529,ORD013529,2026-05-01,23.76,Debit Card,Completed
PAY013530,ORD013530,2026-04-05,89.44,Credit Card,Pending
PAY013531,ORD013531,2026-06-21,109.21,Apple Pay,Failed
PAY013532,ORD013532,2026-07-15,41.28,Credit Card,Completed
PAY013533,ORD013533,2026-08-12,63.58,Credit Card,Completed
PAY013534,ORD013534,2026-05-22,97.56,Google Pay,Completed
PAY013535,ORD013535,2026-06-13,176.61,Debit Card,Failed
PAY013536,ORD013536,2026-02-20,22.57,Credit Card,Completed
PAY013537,ORD013537,2026-05-14,142.8,Apple Pay,Pending
PAY013538,ORD013538,2026-05-25,57.88,PayPal,Failed
PAY013539,ORD013539,2026-03-23,53.77,Apple Pay,Completed
PAY013540,ORD013540,2026-03-13,144.83,Debit Card,Pending
PAY013541,ORD013541,2026-02-20,41.32,Google Pay,Pending
PAY013542,ORD013542,2026-02-21,87.84,Apple Pay,Failed
PAY013543,ORD013543,2026-01-12,37.18,Apple Pay,Completed
PAY013544,ORD013544,2026-03-22,52.19,Credit Card,Completed
PAY013545,ORD013545,2026-04-05,169.49,Apple Pay,Completed
PAY013546,ORD013546,2026-04-25,81.25,Debit Card,Completed
PAY013547,ORD013547,2026-05-09,148.0,PayPal,Completed
PAY013548,ORD013548,2026-01-11,14.38,Credit Card,Pending
PAY013549,ORD013549,2026-01-16,151.94,Apple Pay,Pending
PAY013550,ORD013550,2026-04-11,29.49,PayPal,Completed
PAY013551,ORD013551,2026-04-23,38.87,Apple Pay,Pending
PAY013552,ORD013552,2026-04-02,43.73,Google Pay,Failed
PAY013553,ORD013553,2026-01-09,78.56,Debit Card,Failed
PAY013554,ORD013554,2026-04-29,79.43,Google Pay,Completed
PAY013555,ORD013555,2026-05-03,92.66,Credit Card,Completed
PAY013556,ORD013556,2026-01-08,78.47,PayPal,Completed
PAY013557,ORD013557,2026-01-25,79.27,Google Pay,Completed
PAY013558,ORD013558,2026-07-21,48.74,Apple Pay,Completed
PAY013559,ORD013559,2026-06-17,70.74,Google Pay,Failed
PAY013560,ORD013560,2026-07-14,82.07,PayPal,Completed
PAY013561,ORD013561,2026-04-29,22.39,Apple Pay,Failed
PAY013562,ORD013562,2026-05-31,87.64,Credit Card,Completed
PAY013563,ORD013563,2026-07-09,70.44,Google Pay,Completed
PAY013564,ORD013564,2026-01-23,126.2,Debit Card,Completed
PAY013565,ORD013565,2026-02-13,173.27,PayPal,Failed
PAY013566,ORD013566,2026-02-25,180.46,Debit Card,Completed
PAY013567,ORD013567,2026-07-15,6.39,Apple Pay,Failed
PAY013568,ORD013568,2026-05-03,32.95,Debit Card,Pending
PAY013569,ORD013569,2026-01-23,29.6,PayPal,Failed
PAY013570,ORD013570,2026-01-09,61.7,PayPal,Pending
PAY013571,ORD013571,2026-01-04,38.03,Debit Card,Failed
PAY013572,ORD013572,2026-06-11,119.48,Debit Card,Completed
PAY013573,ORD013573,2026-07-29,37.7,Apple Pay,Completed
PAY013574,ORD013574,2026-06-11,69.65,Debit Card,Completed
PAY013575,ORD013575,2026-05-01,34.86,PayPal,Completed
PAY013576,ORD013576,2026-04-08,66.26,Debit Card,Completed
PAY013577,ORD013577,2026-06-19,9.83,Credit Card,Pending
PAY013578,ORD013578,2026-05-11,37.97,PayPal,Completed
PAY013579,ORD013579,2026-03-24,17.66,PayPal,Completed
PAY013580,ORD013580,2026-02-03,131.22,Apple Pay,Completed
PAY013581,ORD013581,2026-08-06,65.35,Apple Pay,Completed
PAY013582,ORD013582,2026-04-15,55.49,Google Pay,Completed
PAY013583,ORD013583,2026-04-17,45.76,Apple Pay,Completed
PAY013584,ORD013584,2026-08-11,53.07,Credit Card,Pending
PAY013585,ORD013585,2026-02-12,126.67,Apple Pay,Pending
PAY013586,ORD013586,2026-08-07,60.41,Google Pay,Failed
PAY013587,ORD013587,2026-07-14,45.86,PayPal,Failed
PAY013588,ORD013588,2026-06-14,17.79,Apple Pay,Completed
PAY013589,ORD013589,2026-01-12,41.07,Google Pay,Pending
PAY013590,ORD013590,2026-08-03,55.53,Apple Pay,Completed
PAY013591,ORD013591,2026-07-28,78.31,Apple Pay,Completed
PAY013592,ORD013592,2026-01-16,87.44,PayPal,Completed
PAY013593,ORD013593,2026-03-03,99.28,Google Pay,Failed
PAY013594,ORD013594,2026-01-17,54.76,Apple Pay,Pending
PAY013595,ORD013595,2026-01-15,32.04,PayPal,Completed
PAY013596,ORD013596,2026-01-26,53.11,Google Pay,Completed
PAY013597,ORD013597,2026-02-14,31.17,Debit Card,Failed
PAY013598,ORD013598,2026-05-10,17.02,Google Pay,Pending
PAY013599,ORD013599,2026-05-25,80.66,Apple Pay,Pending
PAY013600,ORD013600,2026-03-06,15.56,Apple Pay,Completed
PAY013601,ORD013601,2026-04-04,28.03,Google Pay,Pending
PAY013602,ORD013602,2026-08-12,58.06,PayPal,Completed
PAY013603,ORD013603,2026-01-30,191.5,Google Pay,Failed
PAY013604,ORD013604,2026-03-09,37.3,Apple Pay,Completed
PAY013605,ORD013605,2026-04-16,14.11,Apple Pay,Completed
PAY013606,ORD013606,2026-02-13,54.02,Credit Card,Pending
PAY013607,ORD013607,2026-04-06,56.31,PayPal,Pending
PAY013608,ORD013608,2026-03-01,30.77,Credit Card,Pending
PAY013609,ORD013609,2026-01-01,50.65,Apple Pay,Completed
PAY013610,ORD013610,2026-01-19,34.96,PayPal,Completed
PAY013611,ORD013611,2026-02-02,76.71,PayPal,Completed
PAY013612,ORD013612,2026-07-30,35.77,PayPal,Completed
PAY013613,ORD013613,2026-06-13,36.01,Google Pay,Pending
PAY013614,ORD013614,2026-04-01,104.44,Google Pay,Completed
PAY013615,ORD013615,2026-07-24,51.9,Apple Pay,Completed
PAY013616,ORD013616,2026-08-07,39.7,PayPal,Pending
PAY013617,ORD013617,2026-07-25,173.62,PayPal,Completed
PAY013618,ORD013618,2026-01-24,76.61,PayPal,Pending
PAY013619,ORD013619,2026-03-24,18.32,Google Pay,Pending
PAY013620,ORD013620,2026-05-05,25.44,Apple Pay,Completed
PAY013621,ORD013621,2026-06-02,55.95,PayPal,Pending
PAY013622,ORD013622,2026-05-19,111.45,PayPal,Completed
PAY013623,ORD013623,2026-01-09,13.31,Debit Card,Completed
PAY013624,ORD013624,2026-01-06,24.86,Credit Card,Failed
PAY013625,ORD013625,2026-02-27,156.56,Google Pay,Completed
PAY013626,ORD013626,2026-04-10,34.1,Debit Card,Completed
PAY013627,ORD013627,2026-05-02,34.24,Apple Pay,Completed
PAY013628,ORD013628,2026-04-11,21.76,Credit Card,Completed
PAY013629,ORD013629,2026-06-06,88.28,Apple Pay,Completed
PAY013630,ORD013630,2026-07-20,18.58,Google Pay,Pending
PAY013631,ORD013631,2026-08-13,55.92,Apple Pay,Completed
PAY013632,ORD013632,2026-08-03,83.03,PayPal,Completed
PAY013633,ORD013633,2026-07-26,63.43,PayPal,Completed
PAY013634,ORD013634,2026-01-11,70.05,Apple Pay,Completed
PAY013635,ORD013635,2026-05-31,39.3,Apple Pay,Failed
PAY013636,ORD013636,2026-06-03,128.85,Apple Pay,Completed
PAY013637,ORD013637,2026-01-01,79.91,Apple Pay,Completed
PAY013638,ORD013638,2026-08-10,22.03,PayPal,Completed
PAY013639,ORD013639,2026-03-22,41.83,Debit Card,Completed
PAY013640,ORD013640,2026-06-24,229.04,Debit Card,Completed
PAY013641,ORD013641,2026-04-20,77.88,Apple Pay,Pending
PAY013642,ORD013642,2026-06-18,98.65,Apple Pay,Completed
PAY013643,ORD013643,2026-05-31,26.13,Credit Card,Completed
PAY013644,ORD013644,2026-04-10,122.17,Apple Pay,Failed
PAY013645,ORD013645,2026-04-15,13.88,Debit Card,Completed
PAY013646,ORD013646,2026-05-13,74.96,Google Pay,Completed
PAY013647,ORD013647,2026-04-09,48.4,Google Pay,Failed
PAY013648,ORD013648,2026-06-27,49.51,Apple Pay,Completed
PAY013649,ORD013649,2026-01-09,123.68,Apple Pay,Completed
PAY013650,ORD013650,2026-05-12,27.48,Google Pay,Completed
PAY013651,ORD013651,2026-07-18,71.21,Credit Card,Completed
PAY013652,ORD013652,2026-07-12,72.44,Debit Card,Completed
PAY013653,ORD013653,2026-07-27,72.01,Apple Pay,Failed
PAY013654,ORD013654,2026-02-26,162.45,Apple Pay,Completed
PAY013655,ORD013655,2026-05-04,58.7,Credit Card,Failed
PAY013656,ORD013656,2026-06-02,82.56,Debit Card,Pending
PAY013657,ORD013657,2026-07-05,124.61,Apple Pay,Completed
PAY013658,ORD013658,2026-01-06,35.6,Debit Card,Pending
PAY013659,ORD013659,2026-05-22,54.06,Debit Card,Completed
PAY013660,ORD013660,2026-03-04,24.76,Google Pay,Completed
PAY013661,ORD013661,2026-04-28,89.33,Apple Pay,Completed
PAY013662,ORD013662,2026-07-22,65.08,Google Pay,Completed
PAY013663,ORD013663,2026-03-06,100.98,Debit Card,Pending
PAY013664,ORD013664,2026-02-21,57.08,Apple Pay,Failed
PAY013665,ORD013665,2026-03-06,41.16,PayPal,Pending
PAY013666,ORD013666,2026-05-05,77.83,PayPal,Completed
PAY013667,ORD013667,2026-04-10,165.42,Credit Card,Pending
PAY013668,ORD013668,2026-05-16,90.68,Google Pay,Failed
PAY013669,ORD013669,2026-04-06,22.19,Debit Card,Completed
PAY013670,ORD013670,2026-08-13,68.86,PayPal,Completed
PAY013671,ORD013671,2026-01-08,267.29,Apple Pay,Completed
PAY013672,ORD013672,2026-01-14,38.01,Debit Card,Completed
PAY013673,ORD013673,2026-01-24,42.93,Credit Card,Completed
PAY013674,ORD013674,2026-07-11,15.32,Debit Card,Completed
PAY013675,ORD013675,2026-04-03,56.72,Credit Card,Completed
PAY013676,ORD013676,2026-01-25,43.92,Debit Card,Failed
PAY013677,ORD013677,2026-05-14,84.15,Apple Pay,Completed
PAY013678,ORD013678,2026-05-09,60.81,Google Pay,Completed
PAY013679,ORD013679,2026-03-28,68.74,PayPal,Failed
PAY013680,ORD013680,2026-02-02,88.9,Debit Card,Completed
PAY013681,ORD013681,2026-05-22,16.9,Debit Card,Completed
PAY013682,ORD013682,2026-07-10,134.49,Apple Pay,Completed
PAY013683,ORD013683,2026-02-25,80.67,Apple Pay,Pending
PAY013684,ORD013684,2026-07-09,119.23,PayPal,Pending
PAY013685,ORD013685,2026-01-28,80.81,Debit Card,Completed
PAY013686,ORD013686,2026-01-29,79.25,Apple Pay,Failed
PAY013687,ORD013687,2026-01-23,53.13,Google Pay,Completed
PAY013688,ORD013688,2026-06-21,42.85,Credit Card,Failed
PAY013689,ORD013689,2026-02-07,111.04,Credit Card,Pending
PAY013690,ORD013690,2026-06-26,81.78,Apple Pay,Pending
PAY013691,ORD013691,2026-02-12,47.42,PayPal,Pending
PAY013692,ORD013692,2026-01-10,153.4,Apple Pay,Completed
PAY013693,ORD013693,2026-01-27,52.96,Apple Pay,Pending
PAY013694,ORD013694,2026-05-16,80.07,Credit Card,Completed
PAY013695,ORD013695,2026-07-15,27.0,Apple Pay,Completed
PAY013696,ORD013696,2026-08-01,44.1,PayPal,Failed
PAY013697,ORD013697,2026-03-26,27.78,Credit Card,Pending
PAY013698,ORD013698,2026-06-07,27.99,Credit Card,Completed
PAY013699,ORD013699,2026-01-13,52.58,Credit Card,Completed
PAY013700,ORD013700,2026-02-27,41.54,Google Pay,Pending
PAY013701,ORD013701,2026-01-03,118.07,Debit Card,Completed
PAY013702,ORD013702,2026-07-31,38.64,Apple Pay,Failed
PAY013703,ORD013703,2026-04-10,84.76,Google Pay,Pending
PAY013704,ORD013704,2026-04-14,35.91,Apple Pay,Completed
PAY013705,ORD013705,2026-01-05,59.87,PayPal,Pending
PAY013706,ORD013706,2026-01-22,27.99,Debit Card,Completed
PAY013707,ORD013707,2026-07-05,96.15,Apple Pay,Completed
PAY013708,ORD013708,2026-03-07,169.79,Apple Pay,Pending
PAY013709,ORD013709,2026-03-30,26.72,Debit Card,Completed
PAY013710,ORD013710,2026-02-09,90.44,PayPal,Completed
PAY013711,ORD013711,2026-03-29,184.33,PayPal,Completed
PAY013712,ORD013712,2026-05-02,33.97,Apple Pay,Completed
PAY013713,ORD013713,2026-01-05,167.64,Debit Card,Pending
PAY013714,ORD013714,2026-05-24,61.77,Credit Card,Completed
PAY013715,ORD013715,2026-04-27,55.71,Credit Card,Completed
PAY013716,ORD013716,2026-01-15,49.11,Google Pay,Completed
PAY013717,ORD013717,2026-07-24,49.65,Debit Card,Failed
PAY013718,ORD013718,2026-03-16,25.72,PayPal,Pending
PAY013719,ORD013719,2026-03-21,40.15,Google Pay,Pending
PAY013720,ORD013720,2026-01-18,269.43,PayPal,Completed
PAY013721,ORD013721,2026-08-05,22.22,Google Pay,Completed
PAY013722,ORD013722,2026-06-24,68.26,PayPal,Completed
PAY013723,ORD013723,2026-04-12,56.89,Apple Pay,Pending
PAY013724,ORD013724,2026-05-12,54.32,PayPal,Failed
PAY013725,ORD013725,2026-02-22,34.52,Debit Card,Completed
PAY013726,ORD013726,2026-02-27,17.94,Google Pay,Completed
PAY013727,ORD013727,2026-04-22,73.36,Credit Card,Pending
PAY013728,ORD013728,2026-03-26,38.26,Apple Pay,Failed
PAY013729,ORD013729,2026-03-16,64.07,PayPal,Completed
PAY013730,ORD013730,2026-02-27,35.77,Credit Card,Failed
PAY013731,ORD013731,2026-04-26,86.28,Google Pay,Completed
PAY013732,ORD013732,2026-02-28,57.74,Apple Pay,Failed
PAY013733,ORD013733,2026-06-11,68.67,Apple Pay,Completed
PAY013734,ORD013734,2026-01-30,85.84,Apple Pay,Completed
PAY013735,ORD013735,2026-07-01,60.59,Credit Card,Completed
PAY013736,ORD013736,2026-03-09,34.76,Google Pay,Completed
PAY013737,ORD013737,2026-07-25,109.89,PayPal,Completed
PAY013738,ORD013738,2026-03-16,220.94,Google Pay,Pending
PAY013739,ORD013739,2026-03-09,78.23,Apple Pay,Completed
PAY013740,ORD013740,2026-06-03,8.79,Google Pay,Completed
PAY013741,ORD013741,2026-05-11,33.27,PayPal,Completed
PAY013742,ORD013742,2026-02-26,52.03,Google Pay,Completed
PAY013743,ORD013743,2026-06-14,46.0,Apple Pay,Pending
PAY013744,ORD013744,2026-06-15,20.19,Apple Pay,Completed
PAY013745,ORD013745,2026-02-10,35.42,PayPal,Completed
PAY013746,ORD013746,2026-01-04,58.86,Debit Card,Pending
PAY013747,ORD013747,2026-06-03,69.73,Google Pay,Pending
PAY013748,ORD013748,2026-02-08,59.49,Apple Pay,Completed
PAY013749,ORD013749,2026-04-19,32.46,Google Pay,Failed
PAY013750,ORD013750,2026-04-16,25.36,PayPal,Completed
PAY013751,ORD013751,2026-04-18,42.29,Credit Card,Completed
PAY013752,ORD013752,2026-06-19,42.5,Credit Card,Completed
PAY013753,ORD013753,2026-01-11,81.6,Apple Pay,Completed
PAY013754,ORD013754,2026-01-11,25.84,PayPal,Failed
PAY013755,ORD013755,2026-02-23,67.22,PayPal,Failed
PAY013756,ORD013756,2026-06-15,57.44,Google Pay,Pending
PAY013757,ORD013757,2026-01-20,45.58,Apple Pay,Completed
PAY013758,ORD013758,2026-06-03,78.43,Credit Card,Completed
PAY013759,ORD013759,2026-05-08,43.59,PayPal,Completed
PAY013760,ORD013760,2026-03-17,121.98,PayPal,Completed
PAY013761,ORD013761,2026-04-29,99.18,Credit Card,Completed
PAY013762,ORD013762,2026-08-09,37.35,Google Pay,Completed
PAY013763,ORD013763,2026-01-14,178.99,Google Pay,Completed
PAY013764,ORD013764,2026-06-27,14.93,Google Pay,Completed
PAY013765,ORD013765,2026-05-03,176.91,Google Pay,Completed
PAY013766,ORD013766,2026-01-25,158.84,Apple Pay,Completed
PAY013767,ORD013767,2026-07-02,27.98,Google Pay,Pending
PAY013768,ORD013768,2026-06-28,48.6,Google Pay,Completed
PAY013769,ORD013769,2026-04-16,27.56,Apple Pay,Completed
PAY013770,ORD013770,2026-04-16,43.49,PayPal,Pending
PAY013771,ORD013771,2026-04-13,157.33,Debit Card,Completed
PAY013772,ORD013772,2026-08-06,53.83,Google Pay,Completed
PAY013773,ORD013773,2026-01-10,14.44,Debit Card,Completed
PAY013774,ORD013774,2026-01-14,100.66,Credit Card,Completed
PAY013775,ORD013775,2026-05-13,70.14,Debit Card,Completed
PAY013776,ORD013776,2026-07-04,26.25,Credit Card,Pending
PAY013777,ORD013777,2026-01-22,179.52,Debit Card,Completed
PAY013778,ORD013778,2026-03-16,98.1,Google Pay,Failed
PAY013779,ORD013779,2026-01-29,48.13,Debit Card,Pending
PAY013780,ORD013780,2026-05-15,71.66,PayPal,Completed
PAY013781,ORD013781,2026-05-26,146.01,Debit Card,Pending
PAY013782,ORD013782,2026-06-08,90.17,Credit Card,Completed
PAY013783,ORD013783,2026-06-20,21.25,PayPal,Completed
PAY013784,ORD013784,2026-07-31,36.01,Debit Card,Failed
PAY013785,ORD013785,2026-02-04,15.4,Credit Card,Completed
PAY013786,ORD013786,2026-03-12,52.13,Credit Card,Completed
PAY013787,ORD013787,2026-04-04,15.35,Google Pay,Completed
PAY013788,ORD013788,2026-01-04,64.74,Credit Card,Pending
PAY013789,ORD013789,2026-02-20,106.24,PayPal,Completed
PAY013790,ORD013790,2026-04-04,54.31,Apple Pay,Completed
PAY013791,ORD013791,2026-01-30,24.67,Credit Card,Failed
PAY013792,ORD013792,2026-04-04,58.13,PayPal,Completed
PAY013793,ORD013793,2026-06-30,70.74,Apple Pay,Failed
PAY013794,ORD013794,2026-07-29,114.26,Debit Card,Completed
PAY013795,ORD013795,2026-04-20,37.5,Credit Card,Pending
PAY013796,ORD013796,2026-03-15,85.57,Google Pay,Failed
PAY013797,ORD013797,2026-05-22,26.82,Debit Card,Completed
PAY013798,ORD013798,2026-06-13,31.49,Google Pay,Pending
PAY013799,ORD013799,2026-03-28,144.66,PayPal,Pending
PAY013800,ORD013800,2026-05-20,232.34,PayPal,Completed
PAY013801,ORD013801,2026-03-17,35.42,Apple Pay,Pending
PAY013802,ORD013802,2026-06-11,135.12,Google Pay,Completed
PAY013803,ORD013803,2026-01-26,97.2,PayPal,Failed
PAY013804,ORD013804,2026-05-14,42.6,Google Pay,Completed
PAY013805,ORD013805,2026-04-11,56.75,PayPal,Completed
PAY013806,ORD013806,2026-04-25,86.44,Google Pay,Completed
PAY013807,ORD013807,2026-06-30,92.83,Apple Pay,Completed
PAY013808,ORD013808,2026-05-23,154.8,Debit Card,Completed
PAY013809,ORD013809,2026-04-16,31.38,Credit Card,Completed
PAY013810,ORD013810,2026-04-13,110.96,PayPal,Pending
PAY013811,ORD013811,2026-05-27,101.71,Google Pay,Pending
PAY013812,ORD013812,2026-04-14,169.9,PayPal,Pending
PAY013813,ORD013813,2026-06-24,47.82,PayPal,Completed
PAY013814,ORD013814,2026-08-03,132.35,Credit Card,Failed
PAY013815,ORD013815,2026-03-18,166.92,Apple Pay,Completed
PAY013816,ORD013816,2026-04-05,73.65,Credit Card,Completed
PAY013817,ORD013817,2026-07-08,70.94,Debit Card,Failed
PAY013818,ORD013818,2026-08-06,60.27,Debit Card,Pending
PAY013819,ORD013819,2026-04-17,109.32,Debit Card,Completed
PAY013820,ORD013820,2026-04-22,132.62,Debit Card,Completed
PAY013821,ORD013821,2026-02-21,92.13,Debit Card,Completed
PAY013822,ORD013822,2026-01-18,95.61,Google Pay,Pending
PAY013823,ORD013823,2026-07-07,37.82,PayPal,Completed
PAY013824,ORD013824,2026-06-24,38.4,Google Pay,Failed
PAY013825,ORD013825,2026-02-26,25.69,Google Pay,Completed
PAY013826,ORD013826,2026-02-02,248.72,Credit Card,Failed
PAY013827,ORD013827,2026-04-14,45.88,Credit Card,Completed
PAY013828,ORD013828,2026-06-09,98.01,Google Pay,Pending
PAY013829,ORD013829,2026-05-12,30.8,Debit Card,Failed
PAY013830,ORD013830,2026-06-18,42.91,Apple Pay,Completed
PAY013831,ORD013831,2026-01-19,26.5,PayPal,Completed
PAY013832,ORD013832,2026-01-07,33.31,Debit Card,Completed
PAY013833,ORD013833,2026-01-26,63.68,Credit Card,Failed
PAY013834,ORD013834,2026-03-28,75.57,Google Pay,Completed
PAY013835,ORD013835,2026-04-08,62.38,Credit Card,Completed
PAY013836,ORD013836,2026-06-28,34.54,PayPal,Completed
PAY013837,ORD013837,2026-07-03,52.88,Google Pay,Completed
PAY013838,ORD013838,2026-07-18,112.79,Apple Pay,Completed
PAY013839,ORD013839,2026-07-22,134.27,Google Pay,Pending
PAY013840,ORD013840,2026-06-28,98.14,Credit Card,Failed
PAY013841,ORD013841,2026-05-16,76.52,Debit Card,Pending
PAY013842,ORD013842,2026-05-21,48.89,Credit Card,Completed
PAY013843,ORD013843,2026-02-01,37.75,PayPal,Completed
PAY013844,ORD013844,2026-02-03,57.16,Apple Pay,Completed
PAY013845,ORD013845,2026-05-26,68.05,PayPal,Failed
PAY013846,ORD013846,2026-07-26,122.48,PayPal,Failed
PAY013847,ORD013847,2026-02-24,39.32,Debit Card,Completed
PAY013848,ORD013848,2026-02-12,29.73,Credit Card,Failed
PAY013849,ORD013849,2026-06-01,15.35,Debit Card,Completed
PAY013850,ORD013850,2026-05-29,128.36,Debit Card,Failed
PAY013851,ORD013851,2026-05-26,55.39,Google Pay,Completed
PAY013852,ORD013852,2026-05-22,20.0,Credit Card,Completed
PAY013853,ORD013853,2026-06-30,40.28,Google Pay,Failed
PAY013854,ORD013854,2026-01-19,36.61,Credit Card,Completed
PAY013855,ORD013855,2026-07-24,42.05,Debit Card,Completed
PAY013856,ORD013856,2026-02-26,93.2,Apple Pay,Pending
PAY013857,ORD013857,2026-07-11,28.66,Google Pay,Failed
PAY013858,ORD013858,2026-03-21,108.07,Credit Card,Completed
PAY013859,ORD013859,2026-01-02,37.37,Google Pay,Failed
PAY013860,ORD013860,2026-07-04,34.68,Credit Card,Pending
PAY013861,ORD013861,2026-06-11,26.69,Google Pay,Completed
PAY013862,ORD013862,2026-02-18,56.09,Apple Pay,Pending
PAY013863,ORD013863,2026-03-31,73.05,Credit Card,Failed
PAY013864,ORD013864,2026-07-01,45.02,Apple Pay,Completed
PAY013865,ORD013865,2026-01-22,57.64,Apple Pay,Completed
PAY013866,ORD013866,2026-07-31,49.85,Apple Pay,Completed
PAY013867,ORD013867,2026-08-09,111.68,Google Pay,Pending
PAY013868,ORD013868,2026-07-29,51.27,PayPal,Completed
PAY013869,ORD013869,2026-08-09,62.94,Debit Card,Completed
PAY013870,ORD013870,2026-06-21,178.15,PayPal,Completed
PAY013871,ORD013871,2026-04-01,397.66,PayPal,Failed
PAY013872,ORD013872,2026-06-12,33.78,Google Pay,Completed
PAY013873,ORD013873,2026-01-29,157.94,PayPal,Failed
PAY013874,ORD013874,2026-01-06,30.53,PayPal,Pending
PAY013875,ORD013875,2026-06-14,99.32,Google Pay,Completed
PAY013876,ORD013876,2026-05-03,208.95,Debit Card,Completed
PAY013877,ORD013877,2026-08-05,92.46,Debit Card,Pending
PAY013878,ORD013878,2026-03-26,59.09,PayPal,Completed
PAY013879,ORD013879,2026-07-05,16.33,Debit Card,Completed
PAY013880,ORD013880,2026-07-11,40.23,Google Pay,Pending
PAY013881,ORD013881,2026-06-08,38.94,Apple Pay,Completed
PAY013882,ORD013882,2026-05-03,36.98,Credit Card,Completed
PAY013883,ORD013883,2026-04-14,61.04,Google Pay,Pending
PAY013884,ORD013884,2026-06-27,72.65,Debit Card,Failed
PAY013885,ORD013885,2026-07-27,12.35,PayPal,Pending
PAY013886,ORD013886,2026-07-07,18.97,Debit Card,Pending
PAY013887,ORD013887,2026-01-14,140.3,PayPal,Pending
PAY013888,ORD013888,2026-03-11,47.17,Credit Card,Failed
PAY013889,ORD013889,2026-05-19,39.0,Apple Pay,Completed
PAY013890,ORD013890,2026-06-04,75.63,Apple Pay,Completed
PAY013891,ORD013891,2026-04-12,140.03,Google Pay,Completed
PAY013892,ORD013892,2026-03-10,18.25,Credit Card,Completed
PAY013893,ORD013893,2026-03-20,24.92,Google Pay,Pending
PAY013894,ORD013894,2026-02-07,42.26,Credit Card,Completed
PAY013895,ORD013895,2026-03-03,151.81,Credit Card,Pending
PAY013896,ORD013896,2026-06-30,191.62,Apple Pay,Completed
PAY013897,ORD013897,2026-03-21,62.64,Credit Card,Completed
PAY013898,ORD013898,2026-05-26,80.72,Credit Card,Failed
PAY013899,ORD013899,2026-04-27,38.83,Debit Card,Pending
PAY013900,ORD013900,2026-08-13,56.58,Credit Card,Completed
PAY013901,ORD013901,2026-05-06,60.89,Apple Pay,Pending
PAY013902,ORD013902,2026-06-29,26.73,Apple Pay,Completed
PAY013903,ORD013903,2026-01-24,74.47,Apple Pay,Completed
PAY013904,ORD013904,2026-04-09,103.17,PayPal,Completed
PAY013905,ORD013905,2026-05-15,94.48,Google Pay,Completed
PAY013906,ORD013906,2026-01-14,31.01,Credit Card,Completed
PAY013907,ORD013907,2026-06-27,39.22,PayPal,Completed
PAY013908,ORD013908,2026-04-04,43.84,Apple Pay,Failed
PAY013909,ORD013909,2026-01-24,74.16,Apple Pay,Pending
PAY013910,ORD013910,2026-07-26,70.08,Apple Pay,Completed
PAY013911,ORD013911,2026-01-13,136.72,Credit Card,Pending
PAY013912,ORD013912,2026-05-27,68.59,PayPal,Completed
PAY013913,ORD013913,2026-01-29,147.22,PayPal,Completed
PAY013914,ORD013914,2026-01-22,147.41,Debit Card,Completed
PAY013915,ORD013915,2026-01-02,39.91,Google Pay,Completed
PAY013916,ORD013916,2026-04-13,64.93,Apple Pay,Pending
PAY013917,ORD013917,2026-07-24,53.17,Debit Card,Completed
PAY013918,ORD013918,2026-02-05,88.51,Credit Card,Completed
PAY013919,ORD013919,2026-02-07,88.19,Debit Card,Failed
PAY013920,ORD013920,2026-01-18,87.39,Apple Pay,Pending
PAY013921,ORD013921,2026-02-20,58.08,Debit Card,Failed
PAY013922,ORD013922,2026-05-23,66.85,Apple Pay,Pending
PAY013923,ORD013923,2026-05-08,213.26,Debit Card,Completed
PAY013924,ORD013924,2026-06-29,44.8,Apple Pay,Completed
PAY013925,ORD013925,2026-01-17,43.16,PayPal,Completed
PAY013926,ORD013926,2026-04-22,36.78,Debit Card,Pending
PAY013927,ORD013927,2026-03-18,95.12,PayPal,Completed
PAY013928,ORD013928,2026-01-22,80.84,Google Pay,Completed
PAY013929,ORD013929,2026-05-03,63.96,Google Pay,Pending
PAY013930,ORD013930,2026-07-01,42.52,Google Pay,Completed
PAY013931,ORD013931,2026-06-29,72.12,Debit Card,Completed
PAY013932,ORD013932,2026-05-08,90.46,Google Pay,Completed
PAY013933,ORD013933,2026-08-01,29.02,PayPal,Pending
PAY013934,ORD013934,2026-03-31,93.22,PayPal,Pending
PAY013935,ORD013935,2026-06-23,25.39,Google Pay,Failed
PAY013936,ORD013936,2026-05-12,231.56,Google Pay,Completed
PAY013937,ORD013937,2026-01-07,54.7,Credit Card,Pending
PAY013938,ORD013938,2026-05-18,149.87,Credit Card,Failed
PAY013939,ORD013939,2026-01-15,57.79,Debit Card,Failed
PAY013940,ORD013940,2026-06-03,152.1,Credit Card,Pending
PAY013941,ORD013941,2026-07-27,176.97,PayPal,Completed
PAY013942,ORD013942,2026-02-09,85.3,PayPal,Completed
PAY013943,ORD013943,2026-08-14,32.33,Debit Card,Pending
PAY013944,ORD013944,2026-07-08,33.81,Debit Card,Failed
PAY013945,ORD013945,2026-07-28,76.49,Apple Pay,Completed
PAY013946,ORD013946,2026-04-12,65.87,Credit Card,Completed
PAY013947,ORD013947,2026-05-24,115.42,Apple Pay,Completed
PAY013948,ORD013948,2026-04-08,55.26,Google Pay,Completed
PAY013949,ORD013949,2026-04-30,83.22,PayPal,Failed
PAY013950,ORD013950,2026-08-09,61.09,Debit Card,Pending
PAY013951,ORD013951,2026-01-18,81.48,Google Pay,Completed
PAY013952,ORD013952,2026-07-22,77.01,Apple Pay,Pending
PAY013953,ORD013953,2026-07-23,105.73,Google Pay,Completed
PAY013954,ORD013954,2026-01-02,79.31,Google Pay,Completed
PAY013955,ORD013955,2026-07-01,163.66,Debit Card,Pending
PAY013956,ORD013956,2026-04-30,238.67,Credit Card,Completed
PAY013957,ORD013957,2026-05-26,129.62,Debit Card,Failed
PAY013958,ORD013958,2026-02-23,57.75,Debit Card,Pending
PAY013959,ORD013959,2026-06-15,110.1,Credit Card,Failed
PAY013960,ORD013960,2026-04-07,104.73,Credit Card,Completed
PAY013961,ORD013961,2026-03-14,39.03,Debit Card,Completed
PAY013962,ORD013962,2026-05-23,238.03,Credit Card,Failed
PAY013963,ORD013963,2026-07-11,142.49,PayPal,Completed
PAY013964,ORD013964,2026-04-02,54.66,Google Pay,Completed
PAY013965,ORD013965,2026-01-08,63.35,Google Pay,Completed
PAY013966,ORD013966,2026-06-23,27.23,Apple Pay,Failed
PAY013967,ORD013967,2026-04-10,62.35,Debit Card,Completed
PAY013968,ORD013968,2026-02-08,85.63,Google Pay,Completed
PAY013969,ORD013969,2026-06-29,54.03,Google Pay,Completed
PAY013970,ORD013970,2026-05-16,27.74,Google Pay,Completed
PAY013971,ORD013971,2026-04-16,92.46,Credit Card,Completed
PAY013972,ORD013972,2026-06-27,50.2,Credit Card,Failed
PAY013973,ORD013973,2026-02-19,35.13,Google Pay,Pending
PAY013974,ORD013974,2026-03-24,79.41,PayPal,Failed
PAY013975,ORD013975,2026-07-15,27.84,Credit Card,Completed
PAY013976,ORD013976,2026-01-27,65.18,Google Pay,Failed
PAY013977,ORD013977,2026-03-18,142.55,Apple Pay,Completed
PAY013978,ORD013978,2026-02-07,112.74,Google Pay,Completed
PAY013979,ORD013979,2026-01-21,85.17,Debit Card,Pending
PAY013980,ORD013980,2026-08-06,63.18,Google Pay,Pending
PAY013981,ORD013981,2026-02-14,14.16,Debit Card,Pending
PAY013982,ORD013982,2026-07-05,48.73,Apple Pay,Completed
PAY013983,ORD013983,2026-05-31,60.36,Apple Pay,Failed
PAY013984,ORD013984,2026-07-01,103.68,PayPal,Completed
PAY013985,ORD013985,2026-01-30,32.96,Google Pay,Pending
PAY013986,ORD013986,2026-08-11,87.74,Credit Card,Completed
PAY013987,ORD013987,2026-04-05,94.2,PayPal,Completed
PAY013988,ORD013988,2026-05-24,63.44,PayPal,Failed
PAY013989,ORD013989,2026-02-21,112.7,Debit Card,Completed
PAY013990,ORD013990,2026-04-16,25.56,PayPal,Completed
PAY013991,ORD013991,2026-02-10,32.07,PayPal,Completed
PAY013992,ORD013992,2026-07-18,65.03,PayPal,Completed
PAY013993,ORD013993,2026-03-22,36.24,Debit Card,Completed
PAY013994,ORD013994,2026-01-24,56.38,Apple Pay,Completed
PAY013995,ORD013995,2026-05-28,134.52,PayPal,Completed
PAY013996,ORD013996,2026-04-13,6.69,Apple Pay,Completed
PAY013997,ORD013997,2026-06-04,312.51,Apple Pay,Completed
PAY013998,ORD013998,2026-01-02,95.0,Debit Card,Completed
PAY013999,ORD013999,2026-03-01,64.18,Apple Pay,Pending
PAY014000,ORD014000,2026-02-20,46.55,Debit Card,Pending
PAY014001,ORD014001,2026-05-09,80.95,PayPal,Failed
PAY014002,ORD014002,2026-08-14,45.54,Credit Card,Completed
PAY014003,ORD014003,2026-04-01,66.98,Debit Card,Completed
PAY014004,ORD014004,2026-04-11,62.03,Credit Card,Failed
PAY014005,ORD014005,2026-04-24,44.17,PayPal,Failed
PAY014006,ORD014006,2026-01-06,71.79,Credit Card,Completed
PAY014007,ORD014007,2026-06-15,40.29,Google Pay,Completed
PAY014008,ORD014008,2026-02-23,78.34,Google Pay,Completed
PAY014009,ORD014009,2026-07-07,95.8,PayPal,Completed
PAY014010,ORD014010,2026-01-27,236.67,Apple Pay,Failed
PAY014011,ORD014011,2026-03-21,66.98,Apple Pay,Completed
PAY014012,ORD014012,2026-07-09,300.38,Debit Card,Completed
PAY014013,ORD014013,2026-03-04,89.62,Google Pay,Completed
PAY014014,ORD014014,2026-04-09,70.78,Debit Card,Pending
PAY014015,ORD014015,2026-04-01,32.98,PayPal,Completed
PAY014016,ORD014016,2026-02-04,51.94,Credit Card,Completed
PAY014017,ORD014017,2026-02-27,128.04,Google Pay,Pending
PAY014018,ORD014018,2026-07-08,27.56,Apple Pay,Completed
PAY014019,ORD014019,2026-02-05,35.92,Debit Card,Completed
PAY014020,ORD014020,2026-04-12,59.41,Credit Card,Completed
PAY014021,ORD014021,2026-04-02,57.33,Apple Pay,Completed
PAY014022,ORD014022,2026-02-25,132.4,Apple Pay,Completed
PAY014023,ORD014023,2026-03-08,141.66,PayPal,Failed
PAY014024,ORD014024,2026-02-26,26.59,Apple Pay,Failed
PAY014025,ORD014025,2026-06-18,106.58,Apple Pay,Completed
PAY014026,ORD014026,2026-01-31,42.79,Apple Pay,Completed
PAY014027,ORD014027,2026-05-11,74.67,Credit Card,Failed
PAY014028,ORD014028,2026-06-15,56.64,Credit Card,Failed
PAY014029,ORD014029,2026-06-30,105.6,Apple Pay,Completed
PAY014030,ORD014030,2026-02-21,14.6,PayPal,Completed
PAY014031,ORD014031,2026-06-01,47.43,Apple Pay,Completed
PAY014032,ORD014032,2026-06-03,172.65,Google Pay,Completed
PAY014033,ORD014033,2026-04-15,57.02,Google Pay,Completed
PAY014034,ORD014034,2026-04-21,11.75,Debit Card,Failed
PAY014035,ORD014035,2026-04-02,36.93,Google Pay,Completed
PAY014036,ORD014036,2026-07-20,125.27,Debit Card,Failed
PAY014037,ORD014037,2026-02-06,27.95,Debit Card,Completed
PAY014038,ORD014038,2026-04-27,41.71,Debit Card,Completed
PAY014039,ORD014039,2026-08-07,91.51,Debit Card,Completed
PAY014040,ORD014040,2026-06-25,74.46,Apple Pay,Failed
PAY014041,ORD014041,2026-03-08,23.81,Credit Card,Completed
PAY014042,ORD014042,2026-06-18,17.66,Google Pay,Completed
PAY014043,ORD014043,2026-02-18,37.53,Google Pay,Pending
PAY014044,ORD014044,2026-01-28,71.32,Google Pay,Pending
PAY014045,ORD014045,2026-02-01,73.88,Debit Card,Completed
PAY014046,ORD014046,2026-04-09,145.44,PayPal,Completed
PAY014047,ORD014047,2026-07-18,15.82,Credit Card,Failed
PAY014048,ORD014048,2026-03-12,84.36,PayPal,Completed
PAY014049,ORD014049,2026-08-01,41.96,PayPal,Pending
PAY014050,ORD014050,2026-02-01,54.05,Google Pay,Pending
PAY014051,ORD014051,2026-06-15,91.25,PayPal,Pending
PAY014052,ORD014052,2026-05-28,164.36,Apple Pay,Completed
PAY014053,ORD014053,2026-05-16,58.96,PayPal,Pending
PAY014054,ORD014054,2026-03-09,65.05,PayPal,Completed
PAY014055,ORD014055,2026-06-03,91.54,Google Pay,Pending
PAY014056,ORD014056,2026-07-26,71.17,PayPal,Pending
PAY014057,ORD014057,2026-03-11,100.8,Debit Card,Failed
PAY014058,ORD014058,2026-02-17,269.02,Credit Card,Failed
PAY014059,ORD014059,2026-04-06,491.15,Apple Pay,Completed
PAY014060,ORD014060,2026-07-16,58.72,Credit Card,Failed
PAY014061,ORD014061,2026-04-18,227.61,Debit Card,Pending
PAY014062,ORD014062,2026-02-15,45.93,PayPal,Pending
PAY014063,ORD014063,2026-07-05,35.87,Google Pay,Completed
PAY014064,ORD014064,2026-07-17,13.75,Credit Card,Completed
PAY014065,ORD014065,2026-03-08,69.22,PayPal,Completed
PAY014066,ORD014066,2026-01-29,51.5,Credit Card,Failed
PAY014067,ORD014067,2026-03-24,63.45,PayPal,Completed
PAY014068,ORD014068,2026-05-18,65.75,Google Pay,Completed
PAY014069,ORD014069,2026-03-12,65.5,Debit Card,Completed
PAY014070,ORD014070,2026-07-12,69.73,Credit Card,Completed
PAY014071,ORD014071,2026-03-06,14.07,Apple Pay,Completed
PAY014072,ORD014072,2026-05-25,27.03,Debit Card,Completed
PAY014073,ORD014073,2026-01-22,68.07,Google Pay,Pending
PAY014074,ORD014074,2026-04-10,21.08,Apple Pay,Completed
PAY014075,ORD014075,2026-01-14,89.5,PayPal,Completed
PAY014076,ORD014076,2026-01-06,43.26,Credit Card,Failed
PAY014077,ORD014077,2026-06-07,48.83,Apple Pay,Completed
PAY014078,ORD014078,2026-02-16,72.82,Debit Card,Failed
PAY014079,ORD014079,2026-08-13,109.43,Apple Pay,Completed
PAY014080,ORD014080,2026-05-28,88.86,Google Pay,Completed
PAY014081,ORD014081,2026-05-24,52.42,Apple Pay,Completed
PAY014082,ORD014082,2026-07-15,83.12,Credit Card,Completed
PAY014083,ORD014083,2026-02-03,37.9,Credit Card,Completed
PAY014084,ORD014084,2026-01-01,21.02,PayPal,Failed
PAY014085,ORD014085,2026-07-24,20.19,Apple Pay,Completed
PAY014086,ORD014086,2026-06-25,52.25,Apple Pay,Completed
PAY014087,ORD014087,2026-01-08,71.74,Google Pay,Completed
PAY014088,ORD014088,2026-01-22,38.19,Credit Card,Completed
PAY014089,ORD014089,2026-03-09,32.13,Debit Card,Completed
PAY014090,ORD014090,2026-02-03,38.76,PayPal,Failed
PAY014091,ORD014091,2026-07-07,39.13,Apple Pay,Pending
PAY014092,ORD014092,2026-06-22,32.17,PayPal,Completed
PAY014093,ORD014093,2026-02-06,72.29,Apple Pay,Completed
PAY014094,ORD014094,2026-05-01,62.95,Apple Pay,Completed
PAY014095,ORD014095,2026-01-23,349.36,Google Pay,Completed
PAY014096,ORD014096,2026-03-25,47.37,Apple Pay,Completed
PAY014097,ORD014097,2026-04-27,43.87,PayPal,Failed
PAY014098,ORD014098,2026-01-24,116.5,PayPal,Completed
PAY014099,ORD014099,2026-08-07,50.14,Google Pay,Completed
PAY014100,ORD014100,2026-05-21,24.69,Google Pay,Completed
PAY014101,ORD014101,2026-03-10,106.04,PayPal,Completed
PAY014102,ORD014102,2026-03-21,45.64,PayPal,Pending
PAY014103,ORD014103,2026-03-01,149.87,Apple Pay,Pending
PAY014104,ORD014104,2026-02-07,115.93,Credit Card,Completed
PAY014105,ORD014105,2026-06-25,288.16,PayPal,Completed
PAY014106,ORD014106,2026-08-09,40.75,Debit Card,Pending
PAY014107,ORD014107,2026-06-03,59.84,Credit Card,Failed
PAY014108,ORD014108,2026-08-02,34.86,Debit Card,Completed
PAY014109,ORD014109,2026-08-04,45.47,Credit Card,Pending
PAY014110,ORD014110,2026-03-18,54.26,PayPal,Failed
PAY014111,ORD014111,2026-03-26,13.79,Google Pay,Completed
PAY014112,ORD014112,2026-05-09,96.83,Google Pay,Failed
PAY014113,ORD014113,2026-01-04,78.46,PayPal,Pending
PAY014114,ORD014114,2026-07-14,366.89,Credit Card,Failed
PAY014115,ORD014115,2026-04-24,75.08,PayPal,Failed
PAY014116,ORD014116,2026-08-03,17.75,Credit Card,Pending
PAY014117,ORD014117,2026-03-21,98.36,PayPal,Completed
PAY014118,ORD014118,2026-04-19,52.42,Debit Card,Completed
PAY014119,ORD014119,2026-05-21,44.82,PayPal,Completed
PAY014120,ORD014120,2026-06-16,55.68,Credit Card,Completed
PAY014121,ORD014121,2026-01-31,126.33,Apple Pay,Completed
PAY014122,ORD014122,2026-06-01,77.42,Google Pay,Completed
PAY014123,ORD014123,2026-05-08,301.03,Apple Pay,Completed
PAY014124,ORD014124,2026-03-20,42.29,PayPal,Completed
PAY014125,ORD014125,2026-01-05,80.13,Credit Card,Completed
PAY014126,ORD014126,2026-05-07,67.1,Google Pay,Completed
PAY014127,ORD014127,2026-06-26,27.75,PayPal,Completed
PAY014128,ORD014128,2026-03-27,34.85,Apple Pay,Pending
PAY014129,ORD014129,2026-03-27,109.76,Google Pay,Pending
PAY014130,ORD014130,2026-05-19,48.95,PayPal,Completed
PAY014131,ORD014131,2026-01-24,93.39,Google Pay,Completed
PAY014132,ORD014132,2026-02-14,58.03,Debit Card,Completed
PAY014133,ORD014133,2026-07-21,35.2,Google Pay,Completed
PAY014134,ORD014134,2026-04-21,36.71,Debit Card,Pending
PAY014135,ORD014135,2026-02-03,26.47,Google Pay,Completed
PAY014136,ORD014136,2026-05-19,122.19,Google Pay,Pending
PAY014137,ORD014137,2026-07-04,48.41,Google Pay,Completed
PAY014138,ORD014138,2026-06-06,31.24,Debit Card,Failed
PAY014139,ORD014139,2026-05-30,40.16,PayPal,Failed
PAY014140,ORD014140,2026-06-10,20.21,Apple Pay,Failed
PAY014141,ORD014141,2026-07-19,83.2,Google Pay,Completed
PAY014142,ORD014142,2026-05-02,80.18,Apple Pay,Failed
PAY014143,ORD014143,2026-06-26,103.78,Apple Pay,Completed
PAY014144,ORD014144,2026-08-12,44.37,Google Pay,Completed
PAY014145,ORD014145,2026-04-19,39.12,Debit Card,Failed
PAY014146,ORD014146,2026-01-23,65.94,Credit Card,Failed
PAY014147,ORD014147,2026-07-16,53.08,Credit Card,Completed
PAY014148,ORD014148,2026-08-11,26.49,Credit Card,Completed
PAY014149,ORD014149,2026-01-29,148.29,Google Pay,Completed
PAY014150,ORD014150,2026-01-06,43.67,Apple Pay,Completed
PAY014151,ORD014151,2026-02-21,169.0,Credit Card,Completed
PAY014152,ORD014152,2026-03-30,23.43,Google Pay,Completed
PAY014153,ORD014153,2026-03-30,121.71,Google Pay,Completed
PAY014154,ORD014154,2026-08-11,60.02,Google Pay,Failed
PAY014155,ORD014155,2026-05-02,66.25,Debit Card,Pending
PAY014156,ORD014156,2026-05-22,422.06,PayPal,Completed
PAY014157,ORD014157,2026-01-17,37.54,Debit Card,Completed
PAY014158,ORD014158,2026-07-27,92.02,Apple Pay,Completed
PAY014159,ORD014159,2026-01-28,128.28,Google Pay,Failed
PAY014160,ORD014160,2026-01-09,111.76,Debit Card,Completed
PAY014161,ORD014161,2026-04-25,57.83,Credit Card,Failed
PAY014162,ORD014162,2026-05-04,45.04,PayPal,Completed
PAY014163,ORD014163,2026-07-13,70.14,Google Pay,Pending
PAY014164,ORD014164,2026-01-04,117.42,Debit Card,Failed
PAY014165,ORD014165,2026-05-28,108.67,Credit Card,Failed
PAY014166,ORD014166,2026-06-18,42.26,Credit Card,Completed
PAY014167,ORD014167,2026-02-05,51.74,Debit Card,Failed
PAY014168,ORD014168,2026-05-14,60.18,Debit Card,Failed
PAY014169,ORD014169,2026-03-06,84.76,Apple Pay,Failed
PAY014170,ORD014170,2026-06-27,85.03,Google Pay,Completed
PAY014171,ORD014171,2026-07-11,51.05,Credit Card,Completed
PAY014172,ORD014172,2026-01-03,141.25,Apple Pay,Failed
PAY014173,ORD014173,2026-02-06,40.99,Credit Card,Pending
PAY014174,ORD014174,2026-04-19,141.07,Debit Card,Completed
PAY014175,ORD014175,2026-01-03,77.39,Credit Card,Completed
PAY014176,ORD014176,2026-06-10,125.81,Credit Card,Failed
PAY014177,ORD014177,2026-07-06,150.45,Google Pay,Completed
PAY014178,ORD014178,2026-05-23,35.62,Debit Card,Completed
PAY014179,ORD014179,2026-02-25,29.84,Credit Card,Completed
PAY014180,ORD014180,2026-03-02,195.25,PayPal,Pending
PAY014181,ORD014181,2026-03-09,193.11,Apple Pay,Completed
PAY014182,ORD014182,2026-03-20,77.35,Credit Card,Failed
PAY014183,ORD014183,2026-03-12,61.3,Credit Card,Completed
PAY014184,ORD014184,2026-04-21,21.55,Apple Pay,Completed
PAY014185,ORD014185,2026-07-15,49.33,Credit Card,Completed
PAY014186,ORD014186,2026-07-09,43.31,Debit Card,Completed
PAY014187,ORD014187,2026-07-14,104.0,Credit Card,Completed
PAY014188,ORD014188,2026-01-23,81.12,Debit Card,Pending
PAY014189,ORD014189,2026-01-14,204.2,Debit Card,Completed
PAY014190,ORD014190,2026-05-14,14.68,Debit Card,Pending
PAY014191,ORD014191,2026-02-02,92.73,Apple Pay,Completed
PAY014192,ORD014192,2026-01-09,39.12,Debit Card,Completed
PAY014193,ORD014193,2026-05-20,58.79,Credit Card,Failed
PAY014194,ORD014194,2026-04-27,121.79,Google Pay,Completed
PAY014195,ORD014195,2026-04-05,52.1,Debit Card,Failed
PAY014196,ORD014196,2026-06-28,578.43,Credit Card,Completed
PAY014197,ORD014197,2026-01-03,46.88,Credit Card,Completed
PAY014198,ORD014198,2026-07-03,45.02,PayPal,Pending
PAY014199,ORD014199,2026-02-15,17.5,Credit Card,Completed
PAY014200,ORD014200,2026-02-05,79.12,PayPal,Failed
PAY014201,ORD014201,2026-05-21,63.42,Credit Card,Failed
PAY014202,ORD014202,2026-01-13,21.83,Debit Card,Failed
PAY014203,ORD014203,2026-07-05,44.84,PayPal,Completed
PAY014204,ORD014204,2026-08-14,96.56,PayPal,Failed
PAY014205,ORD014205,2026-03-26,26.19,PayPal,Failed
PAY014206,ORD014206,2026-06-11,35.23,Debit Card,Completed
PAY014207,ORD014207,2026-02-12,69.74,Google Pay,Completed
PAY014208,ORD014208,2026-05-08,90.47,Debit Card,Completed
PAY014209,ORD014209,2026-06-05,152.19,Google Pay,Completed
PAY014210,ORD014210,2026-07-03,589.01,Debit Card,Pending
PAY014211,ORD014211,2026-02-16,52.22,Credit Card,Pending
PAY014212,ORD014212,2026-06-12,16.53,Debit Card,Completed
PAY014213,ORD014213,2026-07-25,18.38,Google Pay,Completed
PAY014214,ORD014214,2026-07-29,533.31,Apple Pay,Failed
PAY014215,ORD014215,2026-01-19,53.56,Credit Card,Completed
PAY014216,ORD014216,2026-03-24,193.8,PayPal,Pending
PAY014217,ORD014217,2026-04-07,104.94,Debit Card,Completed
PAY014218,ORD014218,2026-06-28,23.25,Credit Card,Completed
PAY014219,ORD014219,2026-04-09,35.86,Google Pay,Completed
PAY014220,ORD014220,2026-05-28,298.47,PayPal,Failed
PAY014221,ORD014221,2026-01-29,38.0,Google Pay,Completed
PAY014222,ORD014222,2026-05-08,79.22,Credit Card,Completed
PAY014223,ORD014223,2026-03-13,61.08,Credit Card,Failed
PAY014224,ORD014224,2026-08-05,12.23,Credit Card,Completed
PAY014225,ORD014225,2026-07-28,271.51,Credit Card,Completed
PAY014226,ORD014226,2026-03-06,23.1,Google Pay,Completed
PAY014227,ORD014227,2026-02-07,60.72,Apple Pay,Pending
PAY014228,ORD014228,2026-06-26,30.95,Credit Card,Failed
PAY014229,ORD014229,2026-05-04,122.57,PayPal,Completed
PAY014230,ORD014230,2026-04-04,66.81,Google Pay,Failed
PAY014231,ORD014231,2026-06-05,169.21,Debit Card,Failed
PAY014232,ORD014232,2026-02-02,284.17,Debit Card,Completed
PAY014233,ORD014233,2026-01-13,130.33,Google Pay,Completed
PAY014234,ORD014234,2026-08-04,86.96,Google Pay,Completed
PAY014235,ORD014235,2026-06-21,39.06,Credit Card,Completed
PAY014236,ORD014236,2026-04-11,43.96,Google Pay,Failed
PAY014237,ORD014237,2026-08-02,110.76,PayPal,Completed
PAY014238,ORD014238,2026-06-29,61.35,Debit Card,Completed
PAY014239,ORD014239,2026-05-07,180.86,PayPal,Pending
PAY014240,ORD014240,2026-03-18,182.63,PayPal,Completed
PAY014241,ORD014241,2026-07-23,77.35,Credit Card,Failed
PAY014242,ORD014242,2026-05-01,34.37,Google Pay,Failed
PAY014243,ORD014243,2026-06-18,53.42,Debit Card,Completed
PAY014244,ORD014244,2026-02-18,117.9,Debit Card,Completed
PAY014245,ORD014245,2026-04-20,26.78,Debit Card,Completed
PAY014246,ORD014246,2026-05-15,123.98,PayPal,Pending
PAY014247,ORD014247,2026-02-05,34.44,Debit Card,Pending
PAY014248,ORD014248,2026-04-03,39.98,Debit Card,Completed
PAY014249,ORD014249,2026-08-09,36.03,PayPal,Completed
PAY014250,ORD014250,2026-06-03,25.85,Credit Card,Failed
PAY014251,ORD014251,2026-06-04,165.69,PayPal,Failed
PAY014252,ORD014252,2026-01-24,76.72,PayPal,Pending
PAY014253,ORD014253,2026-08-11,33.78,Credit Card,Completed
PAY014254,ORD014254,2026-07-18,41.77,Apple Pay,Pending
PAY014255,ORD014255,2026-03-22,164.96,Apple Pay,Completed
PAY014256,ORD014256,2026-06-10,50.68,Google Pay,Failed
PAY014257,ORD014257,2026-04-08,102.92,Google Pay,Pending
PAY014258,ORD014258,2026-05-26,52.3,PayPal,Pending
PAY014259,ORD014259,2026-04-15,106.91,Google Pay,Completed
PAY014260,ORD014260,2026-01-05,34.53,Apple Pay,Failed
PAY014261,ORD014261,2026-05-09,30.56,Google Pay,Completed
PAY014262,ORD014262,2026-03-12,57.06,Apple Pay,Completed
PAY014263,ORD014263,2026-05-02,99.42,Apple Pay,Pending
PAY014264,ORD014264,2026-08-14,44.47,PayPal,Completed
PAY014265,ORD014265,2026-01-03,52.33,Google Pay,Pending
PAY014266,ORD014266,2026-02-05,67.81,Google Pay,Pending
PAY014267,ORD014267,2026-06-12,41.07,Credit Card,Completed
PAY014268,ORD014268,2026-06-28,37.4,Credit Card,Failed
PAY014269,ORD014269,2026-05-01,68.99,Apple Pay,Failed
PAY014270,ORD014270,2026-05-20,151.35,PayPal,Pending
PAY014271,ORD014271,2026-01-15,36.69,Debit Card,Completed
PAY014272,ORD014272,2026-05-12,49.74,Google Pay,Failed
PAY014273,ORD014273,2026-07-03,82.8,Google Pay,Completed
PAY014274,ORD014274,2026-08-13,70.26,Apple Pay,Failed
PAY014275,ORD014275,2026-01-16,161.13,Apple Pay,Pending
PAY014276,ORD014276,2026-08-09,59.51,Google Pay,Pending
PAY014277,ORD014277,2026-05-14,23.28,Apple Pay,Pending
PAY014278,ORD014278,2026-03-04,26.45,PayPal,Completed
PAY014279,ORD014279,2026-01-23,147.74,Google Pay,Failed
PAY014280,ORD014280,2026-03-18,25.77,Google Pay,Completed
PAY014281,ORD014281,2026-06-21,54.41,Credit Card,Completed
PAY014282,ORD014282,2026-01-01,28.29,Apple Pay,Completed
PAY014283,ORD014283,2026-07-04,61.65,Credit Card,Completed
PAY014284,ORD014284,2026-03-17,73.16,Apple Pay,Completed
PAY014285,ORD014285,2026-01-27,75.74,Debit Card,Completed
PAY014286,ORD014286,2026-01-25,55.9,Google Pay,Failed
PAY014287,ORD014287,2026-03-27,23.17,Credit Card,Completed
PAY014288,ORD014288,2026-03-03,40.76,Google Pay,Completed
PAY014289,ORD014289,2026-08-14,39.39,Credit Card,Completed
PAY014290,ORD014290,2026-05-26,120.99,Credit Card,Failed
PAY014291,ORD014291,2026-07-27,40.02,Debit Card,Pending
PAY014292,ORD014292,2026-04-03,15.98,Google Pay,Failed
PAY014293,ORD014293,2026-01-30,109.94,PayPal,Failed
PAY014294,ORD014294,2026-06-07,84.66,Apple Pay,Failed
PAY014295,ORD014295,2026-03-25,38.88,Google Pay,Completed
PAY014296,ORD014296,2026-06-24,25.14,Apple Pay,Completed
PAY014297,ORD014297,2026-05-30,43.78,PayPal,Completed
PAY014298,ORD014298,2026-05-05,60.18,PayPal,Pending
PAY014299,ORD014299,2026-06-19,91.5,Apple Pay,Completed
PAY014300,ORD014300,2026-02-03,209.32,Apple Pay,Completed
PAY014301,ORD014301,2026-07-10,75.09,Apple Pay,Pending
PAY014302,ORD014302,2026-01-04,96.69,PayPal,Completed
PAY014303,ORD014303,2026-01-31,19.85,PayPal,Completed
PAY014304,ORD014304,2026-02-20,27.98,PayPal,Completed
PAY014305,ORD014305,2026-02-19,130.91,Google Pay,Completed
PAY014306,ORD014306,2026-01-14,24.12,Apple Pay,Pending
PAY014307,ORD014307,2026-01-08,35.43,Google Pay,Completed
PAY014308,ORD014308,2026-04-11,78.82,Debit Card,Completed
PAY014309,ORD014309,2026-03-10,78.49,PayPal,Completed
PAY014310,ORD014310,2026-05-16,31.76,Google Pay,Completed
PAY014311,ORD014311,2026-05-19,179.09,PayPal,Completed
PAY014312,ORD014312,2026-01-29,27.26,Credit Card,Pending
PAY014313,ORD014313,2026-07-02,74.42,Apple Pay,Completed
PAY014314,ORD014314,2026-08-01,206.6,PayPal,Failed
PAY014315,ORD014315,2026-06-16,76.75,Apple Pay,Completed
PAY014316,ORD014316,2026-05-21,19.21,Google Pay,Pending
PAY014317,ORD014317,2026-03-05,116.21,Credit Card,Failed
PAY014318,ORD014318,2026-02-18,52.92,Apple Pay,Pending
PAY014319,ORD014319,2026-01-19,98.56,Debit Card,Pending
PAY014320,ORD014320,2026-05-07,162.47,PayPal,Failed
PAY014321,ORD014321,2026-07-14,19.61,Apple Pay,Pending
PAY014322,ORD014322,2026-08-14,82.19,Debit Card,Completed
PAY014323,ORD014323,2026-03-24,143.26,Apple Pay,Pending
PAY014324,ORD014324,2026-04-06,77.4,Google Pay,Pending
PAY014325,ORD014325,2026-04-25,173.69,PayPal,Failed
PAY014326,ORD014326,2026-04-13,69.91,PayPal,Completed
PAY014327,ORD014327,2026-06-29,197.31,Debit Card,Pending
PAY014328,ORD014328,2026-04-27,19.2,Credit Card,Completed
PAY014329,ORD014329,2026-03-19,113.58,Credit Card,Completed
PAY014330,ORD014330,2026-03-12,10.29,Debit Card,Completed
PAY014331,ORD014331,2026-01-20,76.77,Apple Pay,Completed
PAY014332,ORD014332,2026-04-06,26.79,Credit Card,Completed
PAY014333,ORD014333,2026-04-20,107.01,PayPal,Failed
PAY014334,ORD014334,2026-07-01,45.45,Debit Card,Completed
PAY014335,ORD014335,2026-04-05,64.76,Debit Card,Pending
PAY014336,ORD014336,2026-03-27,39.03,PayPal,Completed
PAY014337,ORD014337,2026-05-13,215.82,Credit Card,Pending
PAY014338,ORD014338,2026-04-05,52.29,Google Pay,Pending
PAY014339,ORD014339,2026-03-20,33.04,Debit Card,Failed
PAY014340,ORD014340,2026-07-09,21.31,Apple Pay,Completed
PAY014341,ORD014341,2026-05-25,32.15,Debit Card,Pending
PAY014342,ORD014342,2026-06-30,29.51,Google Pay,Failed
PAY014343,ORD014343,2026-02-06,60.59,PayPal,Pending
PAY014344,ORD014344,2026-01-19,49.88,Credit Card,Completed
PAY014345,ORD014345,2026-05-18,13.14,PayPal,Failed
PAY014346,ORD014346,2026-02-13,45.42,PayPal,Completed
PAY014347,ORD014347,2026-08-14,12.32,Credit Card,Failed
PAY014348,ORD014348,2026-06-26,108.85,PayPal,Completed
PAY014349,ORD014349,2026-03-30,52.45,PayPal,Completed
PAY014350,ORD014350,2026-02-06,23.9,Debit Card,Completed
PAY014351,ORD014351,2026-02-27,50.77,Apple Pay,Completed
PAY014352,ORD014352,2026-08-08,120.19,Credit Card,Pending
PAY014353,ORD014353,2026-05-08,50.27,Debit Card,Completed
PAY014354,ORD014354,2026-05-23,63.37,Google Pay,Completed
PAY014355,ORD014355,2026-05-28,109.6,Debit Card,Completed
PAY014356,ORD014356,2026-07-02,40.19,Debit Card,Completed
PAY014357,ORD014357,2026-05-21,32.15,PayPal,Completed
PAY014358,ORD014358,2026-05-28,32.73,Apple Pay,Completed
PAY014359,ORD014359,2026-02-12,107.88,Debit Card,Completed
PAY014360,ORD014360,2026-08-11,69.99,Google Pay,Completed
PAY014361,ORD014361,2026-07-29,87.82,PayPal,Pending
PAY014362,ORD014362,2026-06-18,24.79,Debit Card,Failed
PAY014363,ORD014363,2026-02-17,194.68,Google Pay,Completed
PAY014364,ORD014364,2026-02-25,125.92,Credit Card,Completed
PAY014365,ORD014365,2026-08-08,28.72,Debit Card,Completed
PAY014366,ORD014366,2026-04-21,86.56,Credit Card,Completed
PAY014367,ORD014367,2026-07-15,31.37,Credit Card,Failed
PAY014368,ORD014368,2026-08-04,20.01,Google Pay,Completed
PAY014369,ORD014369,2026-06-21,79.89,PayPal,Pending
PAY014370,ORD014370,2026-07-20,70.73,Apple Pay,Completed
PAY014371,ORD014371,2026-06-24,90.25,Apple Pay,Pending
PAY014372,ORD014372,2026-06-27,115.72,Debit Card,Completed
PAY014373,ORD014373,2026-02-01,106.2,Google Pay,Pending
PAY014374,ORD014374,2026-08-12,64.54,Credit Card,Failed
PAY014375,ORD014375,2026-02-23,57.36,Debit Card,Completed
PAY014376,ORD014376,2026-06-16,152.04,PayPal,Completed
PAY014377,ORD014377,2026-08-01,47.45,Apple Pay,Completed
PAY014378,ORD014378,2026-07-05,128.84,Apple Pay,Completed
PAY014379,ORD014379,2026-03-02,15.18,Credit Card,Completed
PAY014380,ORD014380,2026-04-20,40.62,Debit Card,Completed
PAY014381,ORD014381,2026-08-07,58.3,Debit Card,Failed
PAY014382,ORD014382,2026-04-21,93.97,Apple Pay,Failed
PAY014383,ORD014383,2026-04-10,106.31,PayPal,Pending
PAY014384,ORD014384,2026-07-19,126.15,Google Pay,Pending
PAY014385,ORD014385,2026-07-30,70.42,Credit Card,Completed
PAY014386,ORD014386,2026-08-09,54.66,Apple Pay,Pending
PAY014387,ORD014387,2026-05-27,134.41,Apple Pay,Failed
PAY014388,ORD014388,2026-03-10,66.72,Debit Card,Completed
PAY014389,ORD014389,2026-05-30,146.3,Credit Card,Completed
PAY014390,ORD014390,2026-06-12,87.1,Apple Pay,Completed
PAY014391,ORD014391,2026-05-18,60.94,Apple Pay,Completed
PAY014392,ORD014392,2026-05-23,114.06,Apple Pay,Completed
PAY014393,ORD014393,2026-01-02,73.13,Credit Card,Completed
PAY014394,ORD014394,2026-05-30,72.09,Apple Pay,Failed
PAY014395,ORD014395,2026-04-22,33.95,Apple Pay,Completed
PAY014396,ORD014396,2026-04-09,52.95,Debit Card,Completed
PAY014397,ORD014397,2026-04-13,42.8,PayPal,Completed
PAY014398,ORD014398,2026-07-30,72.31,Google Pay,Completed
PAY014399,ORD014399,2026-01-12,68.96,Credit Card,Completed
PAY014400,ORD014400,2026-05-05,53.5,Google Pay,Completed
PAY014401,ORD014401,2026-08-14,54.97,Apple Pay,Completed
PAY014402,ORD014402,2026-07-09,82.51,PayPal,Failed
PAY014403,ORD014403,2026-02-14,17.64,Debit Card,Completed
PAY014404,ORD014404,2026-07-05,21.75,Debit Card,Pending
PAY014405,ORD014405,2026-05-28,53.48,Credit Card,Failed
PAY014406,ORD014406,2026-06-28,143.41,PayPal,Completed
PAY014407,ORD014407,2026-01-07,164.69,Credit Card,Completed
PAY014408,ORD014408,2026-06-01,21.59,Debit Card,Completed
PAY014409,ORD014409,2026-03-08,544.41,Apple Pay,Completed
PAY014410,ORD014410,2026-03-11,32.36,Credit Card,Completed
PAY014411,ORD014411,2026-04-07,30.2,PayPal,Completed
PAY014412,ORD014412,2026-02-22,11.83,Credit Card,Failed
PAY014413,ORD014413,2026-06-11,38.27,Debit Card,Completed
PAY014414,ORD014414,2026-06-10,47.61,Credit Card,Completed
PAY014415,ORD014415,2026-04-03,177.18,Apple Pay,Completed
PAY014416,ORD014416,2026-05-31,106.8,Debit Card,Pending
PAY014417,ORD014417,2026-02-27,130.75,Credit Card,Completed
PAY014418,ORD014418,2026-07-15,226.64,Google Pay,Completed
PAY014419,ORD014419,2026-03-10,287.77,Google Pay,Failed
PAY014420,ORD014420,2026-08-14,239.08,Debit Card,Failed
PAY014421,ORD014421,2026-07-27,78.14,Apple Pay,Pending
PAY014422,ORD014422,2026-06-17,45.45,PayPal,Failed
PAY014423,ORD014423,2026-02-16,123.46,Apple Pay,Completed
PAY014424,ORD014424,2026-02-12,35.9,Credit Card,Completed
PAY014425,ORD014425,2026-07-08,92.62,Debit Card,Completed
PAY014426,ORD014426,2026-06-19,52.02,Google Pay,Completed
PAY014427,ORD014427,2026-03-03,40.83,PayPal,Pending
PAY014428,ORD014428,2026-07-14,18.76,Debit Card,Completed
PAY014429,ORD014429,2026-02-24,83.3,Debit Card,Failed
PAY014430,ORD014430,2026-04-17,31.19,Debit Card,Pending
PAY014431,ORD014431,2026-02-18,93.27,Credit Card,Failed
PAY014432,ORD014432,2026-04-16,54.82,Google Pay,Completed
PAY014433,ORD014433,2026-06-26,58.91,Google Pay,Failed
PAY014434,ORD014434,2026-03-19,54.39,Google Pay,Completed
PAY014435,ORD014435,2026-04-29,22.53,PayPal,Failed
PAY014436,ORD014436,2026-06-10,37.05,Credit Card,Failed
PAY014437,ORD014437,2026-01-28,33.01,Apple Pay,Completed
PAY014438,ORD014438,2026-02-26,32.64,Google Pay,Pending
PAY014439,ORD014439,2026-06-18,31.86,Apple Pay,Failed
PAY014440,ORD014440,2026-04-30,30.39,Debit Card,Completed
PAY014441,ORD014441,2026-04-30,34.61,Debit Card,Completed
PAY014442,ORD014442,2026-07-26,36.14,Debit Card,Failed
PAY014443,ORD014443,2026-01-04,87.97,Google Pay,Completed
PAY014444,ORD014444,2026-01-20,68.72,Debit Card,Pending
PAY014445,ORD014445,2026-04-27,30.95,Credit Card,Completed
PAY014446,ORD014446,2026-03-30,45.24,Debit Card,Pending
PAY014447,ORD014447,2026-06-12,16.52,Google Pay,Failed
PAY014448,ORD014448,2026-02-22,67.28,Credit Card,Failed
PAY014449,ORD014449,2026-02-08,50.35,Google Pay,Pending
PAY014450,ORD014450,2026-02-22,31.45,Debit Card,Completed
PAY014451,ORD014451,2026-05-01,262.37,Credit Card,Pending
PAY014452,ORD014452,2026-03-27,50.22,Debit Card,Failed
PAY014453,ORD014453,2026-04-09,82.55,Credit Card,Pending
PAY014454,ORD014454,2026-04-28,47.6,Apple Pay,Failed
PAY014455,ORD014455,2026-04-02,27.12,Credit Card,Completed
PAY014456,ORD014456,2026-05-18,68.64,Apple Pay,Completed
PAY014457,ORD014457,2026-07-27,42.2,Debit Card,Pending
PAY014458,ORD014458,2026-04-23,98.07,Credit Card,Pending
PAY014459,ORD014459,2026-08-03,48.69,Google Pay,Completed
PAY014460,ORD014460,2026-03-24,50.25,Credit Card,Completed
PAY014461,ORD014461,2026-03-06,123.64,Credit Card,Completed
PAY014462,ORD014462,2026-01-01,66.44,Credit Card,Completed
PAY014463,ORD014463,2026-06-30,68.1,PayPal,Failed
PAY014464,ORD014464,2026-06-23,71.4,Google Pay,Completed
PAY014465,ORD014465,2026-06-03,114.23,Credit Card,Completed
PAY014466,ORD014466,2026-08-14,343.58,Credit Card,Completed
PAY014467,ORD014467,2026-05-10,43.93,Debit Card,Pending
PAY014468,ORD014468,2026-01-28,55.26,Google Pay,Completed
PAY014469,ORD014469,2026-03-25,37.11,Credit Card,Completed
PAY014470,ORD014470,2026-06-04,49.28,Credit Card,Completed
PAY014471,ORD014471,2026-01-28,77.23,Credit Card,Failed
PAY014472,ORD014472,2026-05-04,85.43,Apple Pay,Completed
PAY014473,ORD014473,2026-01-31,133.05,PayPal,Pending
PAY014474,ORD014474,2026-06-24,46.53,Google Pay,Pending
PAY014475,ORD014475,2026-05-15,78.81,Apple Pay,Completed
PAY014476,ORD014476,2026-03-13,31.86,Credit Card,Completed
PAY014477,ORD014477,2026-08-12,34.55,Google Pay,Completed
PAY014478,ORD014478,2026-07-22,112.5,Apple Pay,Completed
PAY014479,ORD014479,2026-02-17,48.82,PayPal,Failed
PAY014480,ORD014480,2026-01-26,37.32,Apple Pay,Completed
PAY014481,ORD014481,2026-07-02,20.59,Debit Card,Completed
PAY014482,ORD014482,2026-03-30,120.01,Credit Card,Failed
PAY014483,ORD014483,2026-05-15,18.03,Apple Pay,Failed
PAY014484,ORD014484,2026-07-31,20.32,PayPal,Completed
PAY014485,ORD014485,2026-04-15,90.45,Credit Card,Failed
PAY014486,ORD014486,2026-02-26,51.58,Debit Card,Failed
PAY014487,ORD014487,2026-04-25,78.42,Debit Card,Failed
PAY014488,ORD014488,2026-07-05,49.18,Apple Pay,Failed
PAY014489,ORD014489,2026-08-10,111.36,Credit Card,Completed
PAY014490,ORD014490,2026-04-30,140.24,Apple Pay,Completed
PAY014491,ORD014491,2026-01-01,151.04,Debit Card,Completed
PAY014492,ORD014492,2026-03-23,51.5,Google Pay,Completed
PAY014493,ORD014493,2026-07-19,27.47,Apple Pay,Completed
PAY014494,ORD014494,2026-01-29,59.34,Google Pay,Completed
PAY014495,ORD014495,2026-05-30,33.59,Credit Card,Completed
PAY014496,ORD014496,2026-08-12,40.25,Debit Card,Completed
PAY014497,ORD014497,2026-06-17,227.25,Apple Pay,Completed
PAY014498,ORD014498,2026-07-09,109.29,Apple Pay,Failed
PAY014499,ORD014499,2026-01-14,49.49,Apple Pay,Pending
PAY014500,ORD014500,2026-05-10,56.23,Credit Card,Pending
PAY014501,ORD014501,2026-06-12,42.53,Credit Card,Completed
PAY014502,ORD014502,2026-03-12,68.49,PayPal,Completed
PAY014503,ORD014503,2026-07-14,44.58,Apple Pay,Completed
PAY014504,ORD014504,2026-05-05,128.54,Credit Card,Completed
PAY014505,ORD014505,2026-03-20,59.84,Debit Card,Pending
PAY014506,ORD014506,2026-04-17,32.39,Credit Card,Completed
PAY014507,ORD014507,2026-04-08,165.95,Credit Card,Completed
PAY014508,ORD014508,2026-05-30,83.83,Apple Pay,Completed
PAY014509,ORD014509,2026-01-18,79.14,Google Pay,Completed
PAY014510,ORD014510,2026-02-15,16.65,Debit Card,Completed
PAY014511,ORD014511,2026-03-23,58.34,Google Pay,Failed
PAY014512,ORD014512,2026-07-10,36.36,PayPal,Completed
PAY014513,ORD014513,2026-05-03,8.3,Apple Pay,Completed
PAY014514,ORD014514,2026-04-08,56.73,Google Pay,Completed
PAY014515,ORD014515,2026-06-13,54.67,Credit Card,Pending
PAY014516,ORD014516,2026-02-15,144.91,Credit Card,Completed
PAY014517,ORD014517,2026-04-13,40.46,PayPal,Completed
PAY014518,ORD014518,2026-02-06,34.09,PayPal,Pending
PAY014519,ORD014519,2026-01-18,37.43,Debit Card,Completed
PAY014520,ORD014520,2026-06-20,71.77,Debit Card,Completed
PAY014521,ORD014521,2026-04-14,135.05,Apple Pay,Pending
PAY014522,ORD014522,2026-06-06,60.28,PayPal,Pending
PAY014523,ORD014523,2026-07-23,40.25,Apple Pay,Completed
PAY014524,ORD014524,2026-05-26,53.07,Google Pay,Completed
PAY014525,ORD014525,2026-08-11,95.3,Debit Card,Completed
PAY014526,ORD014526,2026-05-23,136.09,Apple Pay,Pending
PAY014527,ORD014527,2026-07-06,138.08,PayPal,Pending
PAY014528,ORD014528,2026-05-02,55.8,Google Pay,Failed
PAY014529,ORD014529,2026-04-04,83.37,Debit Card,Completed
PAY014530,ORD014530,2026-04-10,105.91,Apple Pay,Failed
PAY014531,ORD014531,2026-01-28,57.42,PayPal,Completed
PAY014532,ORD014532,2026-06-30,97.19,Apple Pay,Pending
PAY014533,ORD014533,2026-01-15,103.24,Debit Card,Completed
PAY014534,ORD014534,2026-05-08,87.51,Google Pay,Completed
PAY014535,ORD014535,2026-02-12,106.39,Credit Card,Completed
PAY014536,ORD014536,2026-02-02,256.68,Google Pay,Completed
PAY014537,ORD014537,2026-05-10,33.88,Apple Pay,Completed
PAY014538,ORD014538,2026-07-06,151.45,Apple Pay,Pending
PAY014539,ORD014539,2026-01-08,69.09,Credit Card,Completed
PAY014540,ORD014540,2026-04-22,58.09,Apple Pay,Failed
PAY014541,ORD014541,2026-02-02,40.95,Google Pay,Completed
PAY014542,ORD014542,2026-06-12,73.28,Debit Card,Failed
PAY014543,ORD014543,2026-05-26,41.9,Google Pay,Completed
PAY014544,ORD014544,2026-03-31,53.87,Google Pay,Completed
PAY014545,ORD014545,2026-05-29,21.84,Google Pay,Completed
PAY014546,ORD014546,2026-07-11,64.94,Debit Card,Completed
PAY014547,ORD014547,2026-06-05,32.09,Apple Pay,Completed
PAY014548,ORD014548,2026-07-31,53.69,Google Pay,Pending
PAY014549,ORD014549,2026-04-26,60.74,Debit Card,Completed
PAY014550,ORD014550,2026-06-22,31.62,Apple Pay,Failed
PAY014551,ORD014551,2026-01-20,31.3,Debit Card,Failed
PAY014552,ORD014552,2026-05-03,44.14,Debit Card,Completed
PAY014553,ORD014553,2026-05-12,37.73,Google Pay,Failed
PAY014554,ORD014554,2026-02-05,65.77,Credit Card,Pending
PAY014555,ORD014555,2026-04-08,54.71,Google Pay,Failed
PAY014556,ORD014556,2026-03-18,115.3,Debit Card,Completed
PAY014557,ORD014557,2026-08-11,63.94,Debit Card,Pending
PAY014558,ORD014558,2026-06-29,75.93,Debit Card,Completed
PAY014559,ORD014559,2026-05-06,56.33,PayPal,Failed
PAY014560,ORD014560,2026-02-08,20.33,Google Pay,Completed
PAY014561,ORD014561,2026-03-12,55.76,Credit Card,Failed
PAY014562,ORD014562,2026-07-28,14.85,Apple Pay,Pending
PAY014563,ORD014563,2026-04-16,43.43,Credit Card,Completed
PAY014564,ORD014564,2026-05-20,89.93,Credit Card,Completed
PAY014565,ORD014565,2026-02-24,27.08,PayPal,Completed
PAY014566,ORD014566,2026-04-28,13.47,Debit Card,Completed
PAY014567,ORD014567,2026-04-04,35.6,Credit Card,Pending
PAY014568,ORD014568,2026-06-25,67.28,Debit Card,Completed
PAY014569,ORD014569,2026-04-08,43.89,Google Pay,Completed
PAY014570,ORD014570,2026-08-02,24.21,Debit Card,Completed
PAY014571,ORD014571,2026-08-01,42.29,Debit Card,Failed
PAY014572,ORD014572,2026-01-09,85.73,Google Pay,Completed
PAY014573,ORD014573,2026-05-20,47.65,Google Pay,Completed
PAY014574,ORD014574,2026-07-28,105.67,Credit Card,Failed
PAY014575,ORD014575,2026-07-27,40.92,PayPal,Completed
PAY014576,ORD014576,2026-03-10,21.01,Apple Pay,Failed
PAY014577,ORD014577,2026-03-24,194.18,Google Pay,Completed
PAY014578,ORD014578,2026-07-04,78.91,Google Pay,Completed
PAY014579,ORD014579,2026-01-28,153.95,Apple Pay,Completed
PAY014580,ORD014580,2026-01-17,56.38,Debit Card,Completed
PAY014581,ORD014581,2026-01-22,49.67,Google Pay,Failed
PAY014582,ORD014582,2026-06-12,162.55,Apple Pay,Completed
PAY014583,ORD014583,2026-04-23,177.46,Credit Card,Completed
PAY014584,ORD014584,2026-07-06,23.82,PayPal,Completed
PAY014585,ORD014585,2026-07-26,39.13,Google Pay,Pending
PAY014586,ORD014586,2026-05-27,32.09,Apple Pay,Completed
PAY014587,ORD014587,2026-06-27,94.69,Google Pay,Completed
PAY014588,ORD014588,2026-06-03,35.36,Debit Card,Failed
PAY014589,ORD014589,2026-04-18,85.96,Google Pay,Pending
PAY014590,ORD014590,2026-03-01,106.85,Google Pay,Pending
PAY014591,ORD014591,2026-02-13,223.26,Debit Card,Pending
PAY014592,ORD014592,2026-07-03,27.95,Google Pay,Failed
PAY014593,ORD014593,2026-02-12,136.71,Debit Card,Failed
PAY014594,ORD014594,2026-05-31,51.31,Apple Pay,Completed
PAY014595,ORD014595,2026-07-21,231.14,PayPal,Completed
PAY014596,ORD014596,2026-05-30,125.87,PayPal,Failed
PAY014597,ORD014597,2026-06-24,117.47,Apple Pay,Failed
PAY014598,ORD014598,2026-02-24,35.79,Credit Card,Pending
PAY014599,ORD014599,2026-01-11,52.62,Credit Card,Failed
PAY014600,ORD014600,2026-02-24,80.34,PayPal,Completed
PAY014601,ORD014601,2026-06-03,40.72,Apple Pay,Pending
PAY014602,ORD014602,2026-05-09,97.13,Google Pay,Pending
PAY014603,ORD014603,2026-07-09,213.08,Apple Pay,Pending
PAY014604,ORD014604,2026-05-29,38.95,Debit Card,Completed
PAY014605,ORD014605,2026-01-08,36.65,Apple Pay,Completed
PAY014606,ORD014606,2026-05-28,40.09,Credit Card,Completed
PAY014607,ORD014607,2026-06-22,170.45,Google Pay,Completed
PAY014608,ORD014608,2026-03-22,52.6,Google Pay,Completed
PAY014609,ORD014609,2026-03-20,187.93,PayPal,Completed
PAY014610,ORD014610,2026-08-01,103.67,Debit Card,Completed
PAY014611,ORD014611,2026-03-06,82.38,Google Pay,Completed
PAY014612,ORD014612,2026-03-01,226.89,PayPal,Failed
PAY014613,ORD014613,2026-07-14,35.76,Google Pay,Completed
PAY014614,ORD014614,2026-04-05,17.59,Credit Card,Completed
PAY014615,ORD014615,2026-02-25,36.89,Google Pay,Completed
PAY014616,ORD014616,2026-05-08,52.48,Credit Card,Completed
PAY014617,ORD014617,2026-05-02,73.12,Apple Pay,Completed
PAY014618,ORD014618,2026-01-31,103.49,Credit Card,Completed
PAY014619,ORD014619,2026-03-26,79.33,Credit Card,Failed
PAY014620,ORD014620,2026-03-28,85.98,Credit Card,Completed
PAY014621,ORD014621,2026-05-06,58.13,Google Pay,Failed
PAY014622,ORD014622,2026-03-22,93.83,Debit Card,Completed
PAY014623,ORD014623,2026-01-22,75.13,Credit Card,Completed
PAY014624,ORD014624,2026-07-09,149.31,PayPal,Completed
PAY014625,ORD014625,2026-02-25,89.03,Google Pay,Completed
PAY014626,ORD014626,2026-03-27,103.17,Debit Card,Pending
PAY014627,ORD014627,2026-05-03,383.34,Debit Card,Completed
PAY014628,ORD014628,2026-07-19,49.1,Google Pay,Failed
PAY014629,ORD014629,2026-04-21,121.96,PayPal,Completed
PAY014630,ORD014630,2026-01-08,64.97,Apple Pay,Pending
PAY014631,ORD014631,2026-03-03,50.72,Google Pay,Completed
PAY014632,ORD014632,2026-03-19,55.3,Debit Card,Completed
PAY014633,ORD014633,2026-06-01,105.47,Apple Pay,Pending
PAY014634,ORD014634,2026-01-22,54.82,Debit Card,Failed
PAY014635,ORD014635,2026-01-15,18.39,Credit Card,Completed
PAY014636,ORD014636,2026-07-31,43.63,Apple Pay,Completed
PAY014637,ORD014637,2026-08-07,163.5,Google Pay,Pending
PAY014638,ORD014638,2026-06-05,99.21,Google Pay,Pending
PAY014639,ORD014639,2026-05-30,12.54,PayPal,Pending
PAY014640,ORD014640,2026-01-31,37.05,Apple Pay,Completed
PAY014641,ORD014641,2026-07-20,28.29,PayPal,Failed
PAY014642,ORD014642,2026-07-09,16.38,Google Pay,Failed
PAY014643,ORD014643,2026-03-28,57.76,PayPal,Completed
PAY014644,ORD014644,2026-03-10,142.3,Apple Pay,Completed
PAY014645,ORD014645,2026-04-19,30.9,Google Pay,Failed
PAY014646,ORD014646,2026-06-16,40.81,Debit Card,Completed
PAY014647,ORD014647,2026-03-22,48.71,Google Pay,Pending
PAY014648,ORD014648,2026-02-09,17.32,PayPal,Completed
PAY014649,ORD014649,2026-03-10,273.03,PayPal,Completed
PAY014650,ORD014650,2026-07-02,109.3,Google Pay,Completed
PAY014651,ORD014651,2026-03-12,68.3,Credit Card,Pending
PAY014652,ORD014652,2026-03-05,37.73,Credit Card,Completed
PAY014653,ORD014653,2026-01-08,24.59,Credit Card,Completed
PAY014654,ORD014654,2026-03-12,34.93,Debit Card,Completed
PAY014655,ORD014655,2026-03-27,130.78,Debit Card,Failed
PAY014656,ORD014656,2026-02-13,38.12,Debit Card,Completed
PAY014657,ORD014657,2026-02-07,57.4,Google Pay,Completed
PAY014658,ORD014658,2026-04-27,62.69,Google Pay,Completed
PAY014659,ORD014659,2026-05-29,608.64,Apple Pay,Failed
PAY014660,ORD014660,2026-01-04,39.75,Credit Card,Completed
PAY014661,ORD014661,2026-06-09,27.35,Apple Pay,Pending
PAY014662,ORD014662,2026-02-24,16.69,Credit Card,Completed
PAY014663,ORD014663,2026-04-03,38.0,PayPal,Completed
PAY014664,ORD014664,2026-07-07,310.13,Apple Pay,Failed
PAY014665,ORD014665,2026-02-28,90.13,Google Pay,Completed
PAY014666,ORD014666,2026-04-04,170.35,PayPal,Pending
PAY014667,ORD014667,2026-03-08,83.24,Apple Pay,Completed
PAY014668,ORD014668,2026-01-05,47.56,PayPal,Pending
PAY014669,ORD014669,2026-03-24,98.61,PayPal,Failed
PAY014670,ORD014670,2026-03-13,31.38,PayPal,Completed
PAY014671,ORD014671,2026-05-07,95.32,Google Pay,Completed
PAY014672,ORD014672,2026-02-06,122.68,PayPal,Completed
PAY014673,ORD014673,2026-08-11,121.21,Google Pay,Failed
PAY014674,ORD014674,2026-01-27,52.23,Debit Card,Completed
PAY014675,ORD014675,2026-01-13,140.7,PayPal,Completed
PAY014676,ORD014676,2026-05-14,27.67,Credit Card,Completed
PAY014677,ORD014677,2026-03-06,100.68,Google Pay,Completed
PAY014678,ORD014678,2026-06-07,73.32,Debit Card,Completed
PAY014679,ORD014679,2026-07-22,37.0,Google Pay,Failed
PAY014680,ORD014680,2026-06-29,27.93,PayPal,Failed
PAY014681,ORD014681,2026-02-10,57.16,Google Pay,Completed
PAY014682,ORD014682,2026-08-11,63.38,Apple Pay,Pending
PAY014683,ORD014683,2026-07-27,38.89,Apple Pay,Completed
PAY014684,ORD014684,2026-01-15,24.3,Credit Card,Completed
PAY014685,ORD014685,2026-05-13,108.8,Google Pay,Completed
PAY014686,ORD014686,2026-01-15,118.75,PayPal,Completed
PAY014687,ORD014687,2026-01-01,262.13,PayPal,Completed
PAY014688,ORD014688,2026-01-15,37.77,Apple Pay,Pending
PAY014689,ORD014689,2026-07-07,63.15,Google Pay,Completed
PAY014690,ORD014690,2026-02-17,118.13,PayPal,Completed
PAY014691,ORD014691,2026-07-01,126.1,Debit Card,Failed
PAY014692,ORD014692,2026-07-02,78.46,PayPal,Completed
PAY014693,ORD014693,2026-03-13,99.96,Google Pay,Completed
PAY014694,ORD014694,2026-04-27,37.84,Apple Pay,Completed
PAY014695,ORD014695,2026-08-02,65.35,Debit Card,Failed
PAY014696,ORD014696,2026-01-27,32.75,PayPal,Completed
PAY014697,ORD014697,2026-08-14,96.64,Credit Card,Completed
PAY014698,ORD014698,2026-06-07,128.59,Credit Card,Failed
PAY014699,ORD014699,2026-07-23,685.02,Apple Pay,Failed
PAY014700,ORD014700,2026-03-01,169.87,Debit Card,Completed
PAY014701,ORD014701,2026-03-07,18.16,Credit Card,Pending
PAY014702,ORD014702,2026-06-23,29.37,Credit Card,Completed
PAY014703,ORD014703,2026-02-21,171.12,PayPal,Completed
PAY014704,ORD014704,2026-08-02,89.4,Google Pay,Completed
PAY014705,ORD014705,2026-03-22,65.08,PayPal,Failed
PAY014706,ORD014706,2026-02-04,58.13,PayPal,Pending
PAY014707,ORD014707,2026-05-01,30.77,Apple Pay,Completed
PAY014708,ORD014708,2026-02-11,15.2,PayPal,Completed
PAY014709,ORD014709,2026-07-03,31.52,Debit Card,Completed
PAY014710,ORD014710,2026-02-14,52.01,Debit Card,Completed
PAY014711,ORD014711,2026-02-21,70.22,Google Pay,Completed
PAY014712,ORD014712,2026-05-31,49.54,Credit Card,Completed
PAY014713,ORD014713,2026-06-06,24.54,Credit Card,Completed
PAY014714,ORD014714,2026-01-29,41.43,Google Pay,Completed
PAY014715,ORD014715,2026-02-26,65.87,Google Pay,Failed
PAY014716,ORD014716,2026-01-19,71.63,PayPal,Completed
PAY014717,ORD014717,2026-07-28,45.24,Apple Pay,Completed
PAY014718,ORD014718,2026-01-08,46.67,Credit Card,Completed
PAY014719,ORD014719,2026-06-27,105.76,Credit Card,Failed
PAY014720,ORD014720,2026-05-15,71.6,Google Pay,Failed
PAY014721,ORD014721,2026-05-19,46.2,Google Pay,Completed
PAY014722,ORD014722,2026-07-14,76.94,Credit Card,Completed
PAY014723,ORD014723,2026-03-07,14.76,Credit Card,Pending
PAY014724,ORD014724,2026-03-24,49.04,PayPal,Completed
PAY014725,ORD014725,2026-06-05,54.07,Credit Card,Pending
PAY014726,ORD014726,2026-07-03,59.35,Google Pay,Failed
PAY014727,ORD014727,2026-01-28,32.74,Debit Card,Completed
PAY014728,ORD014728,2026-03-30,94.8,Debit Card,Failed
PAY014729,ORD014729,2026-03-16,25.02,Debit Card,Completed
PAY014730,ORD014730,2026-02-09,18.4,PayPal,Completed
PAY014731,ORD014731,2026-05-10,53.06,Debit Card,Completed
PAY014732,ORD014732,2026-03-17,39.85,Apple Pay,Failed
PAY014733,ORD014733,2026-07-08,23.97,Apple Pay,Completed
PAY014734,ORD014734,2026-03-17,80.95,PayPal,Completed
PAY014735,ORD014735,2026-04-24,58.64,Debit Card,Pending
PAY014736,ORD014736,2026-06-02,117.31,Google Pay,Failed
PAY014737,ORD014737,2026-04-05,75.44,PayPal,Completed
PAY014738,ORD014738,2026-02-23,55.38,Credit Card,Failed
PAY014739,ORD014739,2026-05-25,26.98,PayPal,Failed
PAY014740,ORD014740,2026-06-25,26.64,Apple Pay,Pending
PAY014741,ORD014741,2026-05-20,47.3,Google Pay,Completed
PAY014742,ORD014742,2026-07-08,43.75,Debit Card,Completed
PAY014743,ORD014743,2026-08-10,104.34,Apple Pay,Failed
PAY014744,ORD014744,2026-01-02,104.5,Debit Card,Completed
PAY014745,ORD014745,2026-03-21,19.99,Debit Card,Completed
PAY014746,ORD014746,2026-03-06,26.27,PayPal,Failed
PAY014747,ORD014747,2026-02-21,18.37,PayPal,Pending
PAY014748,ORD014748,2026-02-03,37.06,Apple Pay,Completed
PAY014749,ORD014749,2026-02-14,132.33,Debit Card,Completed
PAY014750,ORD014750,2026-05-09,77.6,PayPal,Completed
PAY014751,ORD014751,2026-04-10,68.01,Apple Pay,Completed
PAY014752,ORD014752,2026-02-21,55.9,Debit Card,Completed
PAY014753,ORD014753,2026-03-08,37.18,Credit Card,Completed
PAY014754,ORD014754,2026-04-08,110.25,Credit Card,Pending
PAY014755,ORD014755,2026-03-17,87.98,Apple Pay,Completed
PAY014756,ORD014756,2026-02-25,118.5,Credit Card,Completed
PAY014757,ORD014757,2026-07-05,31.13,Google Pay,Completed
PAY014758,ORD014758,2026-04-19,48.9,Apple Pay,Completed
PAY014759,ORD014759,2026-08-07,24.62,Apple Pay,Failed
PAY014760,ORD014760,2026-02-19,33.36,Debit Card,Failed
PAY014761,ORD014761,2026-04-11,35.49,Google Pay,Completed
PAY014762,ORD014762,2026-04-29,85.42,Apple Pay,Pending
PAY014763,ORD014763,2026-06-02,80.56,PayPal,Completed
PAY014764,ORD014764,2026-05-20,137.68,Apple Pay,Completed
PAY014765,ORD014765,2026-04-25,12.63,Google Pay,Completed
PAY014766,ORD014766,2026-08-13,49.65,Apple Pay,Pending
PAY014767,ORD014767,2026-03-14,532.8,Credit Card,Pending
PAY014768,ORD014768,2026-07-12,90.61,Google Pay,Completed
PAY014769,ORD014769,2026-02-25,52.11,PayPal,Failed
PAY014770,ORD014770,2026-02-19,104.57,Google Pay,Failed
PAY014771,ORD014771,2026-08-03,33.38,Apple Pay,Completed
PAY014772,ORD014772,2026-06-05,28.37,PayPal,Failed
PAY014773,ORD014773,2026-01-03,58.0,PayPal,Completed
PAY014774,ORD014774,2026-06-15,74.01,PayPal,Pending
PAY014775,ORD014775,2026-03-05,99.62,Credit Card,Failed
PAY014776,ORD014776,2026-02-23,102.45,Google Pay,Completed
PAY014777,ORD014777,2026-02-05,33.55,Apple Pay,Completed
PAY014778,ORD014778,2026-06-21,76.24,Credit Card,Pending
PAY014779,ORD014779,2026-02-13,121.45,PayPal,Pending
PAY014780,ORD014780,2026-07-16,108.13,Apple Pay,Completed
PAY014781,ORD014781,2026-04-29,96.21,Debit Card,Completed
PAY014782,ORD014782,2026-04-03,87.53,Apple Pay,Completed
PAY014783,ORD014783,2026-06-30,82.46,Debit Card,Completed
PAY014784,ORD014784,2026-05-21,59.25,Debit Card,Completed
PAY014785,ORD014785,2026-06-21,208.08,PayPal,Completed
PAY014786,ORD014786,2026-05-12,108.9,Debit Card,Pending
PAY014787,ORD014787,2026-03-11,48.99,Credit Card,Pending
PAY014788,ORD014788,2026-06-28,18.51,PayPal,Completed
PAY014789,ORD014789,2026-04-12,275.31,Debit Card,Completed
PAY014790,ORD014790,2026-07-17,34.39,Google Pay,Completed
PAY014791,ORD014791,2026-01-11,22.06,Credit Card,Completed
PAY014792,ORD014792,2026-08-07,120.01,Google Pay,Pending
PAY014793,ORD014793,2026-07-01,60.36,Apple Pay,Completed
PAY014794,ORD014794,2026-04-20,89.06,Credit Card,Completed
PAY014795,ORD014795,2026-07-09,25.08,Google Pay,Failed
PAY014796,ORD014796,2026-07-06,107.42,Google Pay,Pending
PAY014797,ORD014797,2026-03-02,171.57,PayPal,Completed
PAY014798,ORD014798,2026-06-17,59.38,Apple Pay,Completed
PAY014799,ORD014799,2026-05-12,39.94,Credit Card,Completed
PAY014800,ORD014800,2026-06-04,32.94,Credit Card,Failed
PAY014801,ORD014801,2026-01-16,103.89,Credit Card,Failed
PAY014802,ORD014802,2026-07-29,133.4,Debit Card,Completed
PAY014803,ORD014803,2026-01-07,46.64,Credit Card,Completed
PAY014804,ORD014804,2026-01-11,41.58,Debit Card,Completed
PAY014805,ORD014805,2026-07-19,62.21,PayPal,Completed
PAY014806,ORD014806,2026-03-05,50.3,Debit Card,Completed
PAY014807,ORD014807,2026-06-29,22.76,Apple Pay,Completed
PAY014808,ORD014808,2026-05-08,16.28,Debit Card,Failed
PAY014809,ORD014809,2026-01-06,49.45,Apple Pay,Pending
PAY014810,ORD014810,2026-04-30,35.34,Apple Pay,Pending
PAY014811,ORD014811,2026-02-17,95.04,Apple Pay,Pending
PAY014812,ORD014812,2026-03-10,31.29,Apple Pay,Completed
PAY014813,ORD014813,2026-05-01,10.36,Credit Card,Completed
PAY014814,ORD014814,2026-01-06,48.76,Apple Pay,Failed
PAY014815,ORD014815,2026-07-08,97.24,Google Pay,Failed
PAY014816,ORD014816,2026-07-13,211.73,PayPal,Completed
PAY014817,ORD014817,2026-08-11,244.98,Google Pay,Completed
PAY014818,ORD014818,2026-08-12,41.57,Credit Card,Completed
PAY014819,ORD014819,2026-07-20,30.82,Apple Pay,Pending
PAY014820,ORD014820,2026-07-26,60.63,Debit Card,Pending
PAY014821,ORD014821,2026-03-26,80.85,Credit Card,Pending
PAY014822,ORD014822,2026-04-20,39.65,PayPal,Completed
PAY014823,ORD014823,2026-06-30,41.68,Debit Card,Completed
PAY014824,ORD014824,2026-01-28,136.94,Debit Card,Failed
PAY014825,ORD014825,2026-04-19,27.59,Apple Pay,Failed
PAY014826,ORD014826,2026-08-07,59.96,PayPal,Completed
PAY014827,ORD014827,2026-05-13,123.24,PayPal,Completed
PAY014828,ORD014828,2026-03-22,125.75,Debit Card,Completed
PAY014829,ORD014829,2026-04-11,121.99,PayPal,Pending
PAY014830,ORD014830,2026-02-27,286.69,Google Pay,Completed
PAY014831,ORD014831,2026-01-24,86.45,Apple Pay,Pending
PAY014832,ORD014832,2026-06-08,54.9,Apple Pay,Completed
PAY014833,ORD014833,2026-06-18,29.39,Google Pay,Failed
PAY014834,ORD014834,2026-03-09,39.1,Google Pay,Completed
PAY014835,ORD014835,2026-07-31,13.17,PayPal,Completed
PAY014836,ORD014836,2026-04-17,72.1,Debit Card,Completed
PAY014837,ORD014837,2026-07-28,75.66,PayPal,Completed
PAY014838,ORD014838,2026-06-23,48.63,Google Pay,Completed
PAY014839,ORD014839,2026-01-10,30.09,Apple Pay,Failed
PAY014840,ORD014840,2026-06-14,61.2,Apple Pay,Pending
PAY014841,ORD014841,2026-05-29,52.87,Apple Pay,Completed
PAY014842,ORD014842,2026-01-21,37.31,PayPal,Completed
PAY014843,ORD014843,2026-05-04,61.09,Google Pay,Pending
PAY014844,ORD014844,2026-04-23,113.4,Debit Card,Completed
PAY014845,ORD014845,2026-07-27,45.37,PayPal,Pending
PAY014846,ORD014846,2026-04-07,40.19,Apple Pay,Completed
PAY014847,ORD014847,2026-05-18,45.97,Google Pay,Pending
PAY014848,ORD014848,2026-03-23,46.04,Debit Card,Completed
PAY014849,ORD014849,2026-04-07,83.02,Credit Card,Pending
PAY014850,ORD014850,2026-04-03,80.29,PayPal,Completed
PAY014851,ORD014851,2026-04-05,81.82,Credit Card,Completed
PAY014852,ORD014852,2026-01-24,57.26,Google Pay,Pending
PAY014853,ORD014853,2026-05-04,68.3,Credit Card,Failed
PAY014854,ORD014854,2026-05-20,18.42,Apple Pay,Pending
PAY014855,ORD014855,2026-05-28,30.22,PayPal,Completed
PAY014856,ORD014856,2026-07-17,58.99,Debit Card,Completed
PAY014857,ORD014857,2026-05-16,64.46,Apple Pay,Completed
PAY014858,ORD014858,2026-03-19,113.68,Google Pay,Failed
PAY014859,ORD014859,2026-05-13,43.27,PayPal,Completed
PAY014860,ORD014860,2026-02-23,16.34,Google Pay,Completed
PAY014861,ORD014861,2026-02-05,85.91,Google Pay,Completed
PAY014862,ORD014862,2026-04-22,16.31,Google Pay,Completed
PAY014863,ORD014863,2026-06-15,45.48,PayPal,Failed
PAY014864,ORD014864,2026-05-11,18.38,Apple Pay,Failed
PAY014865,ORD014865,2026-06-13,231.04,Google Pay,Failed
PAY014866,ORD014866,2026-01-22,25.71,Debit Card,Pending
PAY014867,ORD014867,2026-01-08,61.91,Apple Pay,Completed
PAY014868,ORD014868,2026-07-08,53.17,Google Pay,Completed
PAY014869,ORD014869,2026-05-06,18.41,PayPal,Completed
PAY014870,ORD014870,2026-03-19,168.37,Google Pay,Completed
PAY014871,ORD014871,2026-01-07,95.4,Google Pay,Completed
PAY014872,ORD014872,2026-03-09,42.87,Credit Card,Completed
PAY014873,ORD014873,2026-03-03,24.17,Credit Card,Completed
PAY014874,ORD014874,2026-05-27,28.38,Apple Pay,Completed
PAY014875,ORD014875,2026-04-17,17.57,Credit Card,Pending
PAY014876,ORD014876,2026-06-24,49.17,PayPal,Pending
PAY014877,ORD014877,2026-01-24,71.48,Credit Card,Completed
PAY014878,ORD014878,2026-07-27,142.97,PayPal,Completed
PAY014879,ORD014879,2026-05-14,106.96,Google Pay,Completed
PAY014880,ORD014880,2026-05-16,109.23,Apple Pay,Completed
PAY014881,ORD014881,2026-06-02,80.0,Credit Card,Completed
PAY014882,ORD014882,2026-08-12,75.2,Credit Card,Completed
PAY014883,ORD014883,2026-03-30,52.49,Apple Pay,Completed
PAY014884,ORD014884,2026-07-21,99.7,PayPal,Failed
PAY014885,ORD014885,2026-04-17,39.08,PayPal,Pending
PAY014886,ORD014886,2026-02-10,57.15,Credit Card,Completed
PAY014887,ORD014887,2026-07-05,67.03,PayPal,Pending
PAY014888,ORD014888,2026-07-28,100.87,PayPal,Failed
PAY014889,ORD014889,2026-07-07,41.92,Credit Card,Failed
PAY014890,ORD014890,2026-04-20,202.08,Credit Card,Failed
PAY014891,ORD014891,2026-05-11,369.93,Credit Card,Completed
PAY014892,ORD014892,2026-01-09,20.12,Debit Card,Failed
PAY014893,ORD014893,2026-06-29,84.65,Credit Card,Failed
PAY014894,ORD014894,2026-07-05,146.22,Debit Card,Completed
PAY014895,ORD014895,2026-07-07,40.8,Google Pay,Completed
PAY014896,ORD014896,2026-03-23,92.74,PayPal,Completed
PAY014897,ORD014897,2026-06-26,39.42,Debit Card,Failed
PAY014898,ORD014898,2026-04-04,39.36,Google Pay,Failed
PAY014899,ORD014899,2026-05-13,55.34,PayPal,Completed
PAY014900,ORD014900,2026-07-09,29.55,PayPal,Completed
PAY014901,ORD014901,2026-04-26,51.43,PayPal,Pending
PAY014902,ORD014902,2026-06-09,29.72,Apple Pay,Completed
PAY014903,ORD014903,2026-01-27,60.36,Apple Pay,Completed
PAY014904,ORD014904,2026-08-01,63.03,Debit Card,Pending
PAY014905,ORD014905,2026-06-01,70.04,Debit Card,Completed
PAY014906,ORD014906,2026-06-15,82.55,PayPal,Completed
PAY014907,ORD014907,2026-07-14,72.59,Google Pay,Completed
PAY014908,ORD014908,2026-05-24,107.79,Debit Card,Pending
PAY014909,ORD014909,2026-05-23,39.77,Credit Card,Completed
PAY014910,ORD014910,2026-01-25,116.23,Credit Card,Completed
PAY014911,ORD014911,2026-07-19,80.46,Debit Card,Failed
PAY014912,ORD014912,2026-01-04,55.7,Google Pay,Failed
PAY014913,ORD014913,2026-02-01,41.33,Credit Card,Pending
PAY014914,ORD014914,2026-06-22,19.71,PayPal,Completed
PAY014915,ORD014915,2026-07-03,26.89,PayPal,Completed
PAY014916,ORD014916,2026-02-04,187.84,Apple Pay,Pending
PAY014917,ORD014917,2026-06-30,26.95,Apple Pay,Failed
PAY014918,ORD014918,2026-01-30,37.1,Apple Pay,Pending
PAY014919,ORD014919,2026-04-13,50.29,Google Pay,Completed
PAY014920,ORD014920,2026-04-22,60.46,PayPal,Failed
PAY014921,ORD014921,2026-02-18,45.33,Google Pay,Failed
PAY014922,ORD014922,2026-04-04,93.34,Credit Card,Completed
PAY014923,ORD014923,2026-07-28,70.78,PayPal,Pending
PAY014924,ORD014924,2026-03-24,88.18,Apple Pay,Pending
PAY014925,ORD014925,2026-06-29,156.91,Apple Pay,Completed
PAY014926,ORD014926,2026-08-11,70.23,Credit Card,Completed
PAY014927,ORD014927,2026-07-28,51.1,PayPal,Failed
PAY014928,ORD014928,2026-05-10,12.86,Google Pay,Completed
PAY014929,ORD014929,2026-07-06,297.97,Google Pay,Completed
PAY014930,ORD014930,2026-06-14,198.38,Credit Card,Completed
PAY014931,ORD014931,2026-01-29,146.42,PayPal,Completed
PAY014932,ORD014932,2026-06-07,68.87,Google Pay,Completed
PAY014933,ORD014933,2026-04-28,55.62,Apple Pay,Pending
PAY014934,ORD014934,2026-01-22,59.39,Apple Pay,Completed
PAY014935,ORD014935,2026-04-12,77.36,Google Pay,Completed
PAY014936,ORD014936,2026-07-22,107.26,PayPal,Failed
PAY014937,ORD014937,2026-08-13,35.48,Google Pay,Failed
PAY014938,ORD014938,2026-01-19,46.51,Credit Card,Completed
PAY014939,ORD014939,2026-03-08,48.88,PayPal,Failed
PAY014940,ORD014940,2026-03-27,87.9,Google Pay,Pending
PAY014941,ORD014941,2026-01-18,120.42,Apple Pay,Completed
PAY014942,ORD014942,2026-04-19,148.34,PayPal,Completed
PAY014943,ORD014943,2026-08-10,72.12,Debit Card,Completed
PAY014944,ORD014944,2026-07-12,214.84,PayPal,Completed
PAY014945,ORD014945,2026-07-31,64.49,Apple Pay,Completed
PAY014946,ORD014946,2026-04-23,206.82,PayPal,Completed
PAY014947,ORD014947,2026-05-13,121.29,Credit Card,Completed
PAY014948,ORD014948,2026-07-23,47.54,Apple Pay,Completed
PAY014949,ORD014949,2026-05-19,305.73,Apple Pay,Completed
PAY014950,ORD014950,2026-08-04,22.55,Credit Card,Completed
PAY014951,ORD014951,2026-02-27,175.04,Debit Card,Pending
PAY014952,ORD014952,2026-01-18,52.71,PayPal,Pending
PAY014953,ORD014953,2026-03-13,17.08,Credit Card,Completed
PAY014954,ORD014954,2026-04-03,335.85,PayPal,Completed
PAY014955,ORD014955,2026-07-03,78.17,PayPal,Failed
PAY014956,ORD014956,2026-05-30,51.81,Debit Card,Completed
PAY014957,ORD014957,2026-02-25,52.32,PayPal,Completed
PAY014958,ORD014958,2026-07-13,128.55,Credit Card,Failed
PAY014959,ORD014959,2026-01-23,65.09,PayPal,Failed
PAY014960,ORD014960,2026-01-16,268.49,PayPal,Completed
PAY014961,ORD014961,2026-02-13,44.57,Debit Card,Completed
PAY014962,ORD014962,2026-03-13,27.36,PayPal,Completed
PAY014963,ORD014963,2026-07-15,77.81,Apple Pay,Completed
PAY014964,ORD014964,2026-01-14,81.62,Google Pay,Completed
PAY014965,ORD014965,2026-05-17,30.61,Apple Pay,Completed
PAY014966,ORD014966,2026-03-16,23.89,Debit Card,Completed
PAY014967,ORD014967,2026-04-18,33.81,PayPal,Completed
PAY014968,ORD014968,2026-05-24,46.76,Credit Card,Pending
PAY014969,ORD014969,2026-05-21,36.47,PayPal,Failed
PAY014970,ORD014970,2026-02-05,155.96,PayPal,Failed
PAY014971,ORD014971,2026-02-13,50.6,Debit Card,Failed
PAY014972,ORD014972,2026-04-10,165.21,PayPal,Failed
PAY014973,ORD014973,2026-03-22,13.09,Credit Card,Pending
PAY014974,ORD014974,2026-01-14,84.53,Credit Card,Completed
PAY014975,ORD014975,2026-04-03,71.3,Google Pay,Completed
PAY014976,ORD014976,2026-01-17,144.0,Google Pay,Completed
PAY014977,ORD014977,2026-07-12,58.27,PayPal,Failed
PAY014978,ORD014978,2026-07-31,31.38,Credit Card,Failed
PAY014979,ORD014979,2026-04-07,72.32,PayPal,Failed
PAY014980,ORD014980,2026-05-06,70.85,Apple Pay,Pending
PAY014981,ORD014981,2026-02-23,38.68,Debit Card,Completed
PAY014982,ORD014982,2026-05-06,53.75,Debit Card,Failed
PAY014983,ORD014983,2026-05-10,45.75,Credit Card,Completed
PAY014984,ORD014984,2026-05-25,199.12,Apple Pay,Completed
PAY014985,ORD014985,2026-01-23,57.55,Credit Card,Completed
PAY014986,ORD014986,2026-08-02,58.21,Apple Pay,Completed
PAY014987,ORD014987,2026-05-09,52.05,Credit Card,Completed
PAY014988,ORD014988,2026-01-12,48.25,Google Pay,Completed
PAY014989,ORD014989,2026-05-21,72.38,PayPal,Completed
PAY014990,ORD014990,2026-07-25,36.19,Debit Card,Completed
PAY014991,ORD014991,2026-07-21,55.97,Debit Card,Completed
PAY014992,ORD014992,2026-01-12,21.01,Apple Pay,Completed
PAY014993,ORD014993,2026-02-26,71.05,Google Pay,Completed
PAY014994,ORD014994,2026-03-27,72.33,Apple Pay,Completed
PAY014995,ORD014995,2026-01-18,27.76,Google Pay,Completed
PAY014996,ORD014996,2026-04-13,93.71,Apple Pay,Failed
PAY014997,ORD014997,2026-03-24,47.7,Credit Card,Failed
PAY014998,ORD014998,2026-04-04,165.61,Credit Card,Pending
PAY014999,ORD014999,2026-05-23,52.33,Debit Card,Completed
PAY015000,ORD015000,2026-06-16,154.3,Apple Pay,Pending
